uni_id,name,url,country,region,predicted_score,grade,global_rank,regional_rank,country_rank,percentile,quality_score,has_expert_label,trackA_consensus,a01_logo,a02_primary_nav,a03_nav_item_count,a04_search_bar,a05_language_toggle,a06_breadcrumb,a07_qs_badge,a09_national_rank,a11_accreditation,a12_accred_count,a13_achievements,a15_stat_item_count,a20_news_events,a21_calendar_link,a22_admission_notice,a25_event_images,a26_event_captions,a27_event_datetime,a28_contests,a29_video_content,a30_image_gallery,a31_social_feed_embed,a32_vision_mission,a33_about_blurb,a34_department_links,a35_faculty_link,a36_research_highlight,a37_programs_listing,a38_scholarship,a39_library_link,a40_career_link,a41_alumni_link,a42_faq_link,a43_contact_link,a44_student_portal,a45_prospectus,a46_admissions_policy,a47_footer_contact,a48_footer_sitemap,a49_copyright_line,a50_social_links,a51_quick_links,a53_contrast_ratio,a54_banner_carousel,a57_logo_prominence,a58_live_chat,a59_feedback_form,a60_trust_seal,a61_testimonials,a63_mobile_score,a65_https,a66_broken_links,a67_gzip,a69_title_meta,a70_favicon,a71_sitemap_robots,a72_alt_text_pct,a73_accessible_design,a74_a11y_toggle,a75_bookmark,notice_recency_days,notice_evidence,event_evidence,load_time_z_region,broken_links_log,broken_links_present,mobile_ordinal,nav_quality,a18_missing,a72_missing,a53_missing,content_completeness_B5,footer_completeness_B6,a11y_completeness_B11,seo_completeness_B10,nav_completeness_B1,events_completeness_B4,service_completeness_B8
1059,Texas A&M University,https://www.tamu.edu,United States,North America,93.92902322872563,A+,1,1,1.0,100.0,,0,79.62356077522006,1,1,3,1,0,0,0,1,1,1,1,0,1,1,1,1,1,0,0,1,1,0,1,1,1,1,1,1,1,1,0,0,1,1,1,0,1,1,0,1,1,1,21.0,1,1,0,0,0,1,75,1,0,1,1,1,1,100.0,1,1,0,0.0,3,2,-0.1814840313542036,0.0,0,9,0.6,0,0,0,0.8,0.8,0.6666666666666666,1.0,0.6,0.625,0.25
5139,Southern Cross University,https://www.scu.edu.au,Australia,South & Central Asia + Oceania,93.48282789227449,A+,2,1,1.0,99.9,,0,85.81204302184749,1,1,6,1,1,0,1,1,1,1,1,0,1,1,1,1,1,0,0,0,1,0,1,1,1,1,1,1,1,1,1,1,1,1,1,0,1,1,1,1,1,1,16.04,1,1,1,0,0,0,100,1,0,1,1,1,1,83.0,1,0,0,0.0,3,2,-0.5290066475871222,0.0,0,13,1.0,0,0,0,0.9333333333333332,1.0,0.3333333333333333,1.0,0.8,0.5,0.25
5128,University of Tasmania,https://www.utas.edu.au,Australia,South & Central Asia + Oceania,93.3244252421478,A+,3,2,2.0,99.8,,0,78.32670348979659,1,1,6,1,0,0,0,1,0,0,1,0,1,0,1,0,0,0,0,1,1,0,1,1,1,1,1,1,1,1,1,1,1,1,1,0,1,1,0,1,1,1,21.0,1,1,0,0,0,1,75,1,0,1,1,1,1,83.3,1,1,0,0.0,3,1,-0.0293137334113487,0.0,0,9,1.0,0,0,0,0.9333333333333332,0.8,0.6666666666666666,1.0,0.6,0.375,0.25
2302,University of Lausanne,https://www.unil.ch,Switzerland/Austria,Western & Northern Europe,92.88320739693063,A+,4,1,,99.8,83.14768593927815,1,83.1333195613523,1,1,7,1,1,1,0,0,0,0,1,0,1,1,1,1,1,0,0,0,1,0,1,1,1,1,1,1,1,1,1,1,1,1,1,0,0,1,1,1,1,1,21.0,1,1,0,0,0,0,90,1,0,1,1,1,1,100.0,1,1,0,0.0,3,2,0.1619990432997148,0.0,0,12,1.0,0,0,0,0.8666666666666667,1.0,0.6666666666666666,1.0,1.0,0.5,0.0
5150,University of Otago,https://www.otago.ac.nz,New Zealand,South & Central Asia + Oceania,92.80440034069073,A+,5,3,,99.7,92.60432884888817,1,82.36922565128205,1,1,7,1,0,0,0,1,0,0,1,0,1,1,1,1,1,0,0,0,1,0,1,1,1,1,1,1,1,1,1,1,1,1,1,0,1,1,0,1,1,1,15.42,1,1,0,0,0,0,100,1,0,1,1,1,1,82.6,1,1,0,0.0,3,2,0.2561082421162209,0.0,0,13,1.0,0,0,0,0.9333333333333332,0.8,0.6666666666666666,1.0,0.6,0.5,0.0
5073,COMSATS University Islamabad,https://www.comsats.edu.pk,Pakistan,South & Central Asia + Oceania,92.07270390141743,A+,6,4,1.0,99.6,,0,80.57328747758365,1,1,6,0,0,0,0,1,0,0,1,10,1,1,1,1,1,1,1,1,1,0,1,1,1,1,1,1,1,1,0,1,1,1,1,1,1,1,0,1,1,1,15.43,1,1,0,0,0,1,75,1,14,1,1,1,1,100.0,1,0,0,13.0,3,3,0.7577639435162529,2.3978952727983707,1,9,1.0,0,0,0,0.9333333333333332,0.8,0.3333333333333333,1.0,0.4,0.875,0.25
1300,Kansas State University,https://www.k-state.edu,United States,North America,91.86984507090635,A+,7,2,2.0,99.5,,0,84.34052887385276,1,1,2,1,0,0,0,1,0,0,0,4,1,1,1,1,1,1,1,0,1,0,1,1,1,1,1,1,1,1,1,1,1,1,1,0,1,1,0,1,1,1,21.0,1,1,0,0,0,1,90,1,1,1,1,0,1,100.0,1,1,0,0.0,3,3,-0.4484020466921204,0.6931471805599453,1,12,0.35,0,0,0,0.9333333333333332,0.8,0.6666666666666666,0.6666666666666666,0.6,0.75,0.25
6337,Sokoine University of Agriculture,https://www.sua.ac.tz,Sub-Saharan Africa,Latin America & Africa,91.07560378845079,A+,8,1,,99.4,,0,79.95331359171806,1,1,6,1,0,0,0,0,1,1,1,0,1,0,1,1,1,1,0,0,1,0,1,1,1,1,1,1,1,1,1,1,1,1,1,1,0,0,1,1,1,1,16.67,1,1,0,0,0,0,75,1,0,1,1,1,1,100.0,1,0,0,0.0,3,3,-1.2898553236727766,0.0,0,9,1.0,0,0,0,0.9333333333333332,0.8,0.3333333333333333,1.0,0.6,0.625,0.0
1008,University of Pennsylvania,https://www.upenn.edu,United States,North America,91.0068254607194,A+,9,3,3.0,99.3,,0,79.34020830326043,1,1,6,1,0,0,0,0,0,0,1,3,1,0,1,1,1,1,0,0,1,0,1,1,1,1,1,1,1,1,1,1,1,1,1,0,0,1,0,1,1,1,21.0,1,0,0,0,0,0,100,1,0,1,1,1,1,100.0,1,1,0,0.0,3,3,-0.3690988052312853,0.0,0,13,1.0,0,0,0,0.8666666666666667,0.8,0.6666666666666666,1.0,0.6,0.625,0.0
2046,RWTH Aachen University,https://www.rwth-aachen.de,Germany,Western & Northern Europe,90.41600375532816,A+,10,2,1.0,99.3,,0,86.02530557242308,1,1,6,1,1,0,0,1,0,0,1,0,1,1,1,0,0,1,1,0,1,0,1,1,1,1,1,1,1,1,1,1,1,1,1,0,1,0,1,1,1,1,16.98,1,1,0,0,0,0,90,1,0,1,1,1,0,91.7,1,1,0,0.0,3,3,0.5385293305023364,0.0,0,12,1.0,0,0,0,0.9333333333333332,0.8,0.6666666666666666,0.6666666666666666,0.8,0.5,0.0
2040,University of Kent,https://www.kent.ac.uk,United Kingdom,Western & Northern Europe,89.93872732515078,A+,11,3,1.0,99.2,,0,84.03933750923127,1,1,20,1,0,1,0,1,1,1,1,10,1,1,1,1,1,1,0,1,1,0,1,1,1,1,1,1,1,1,1,1,1,1,1,0,1,1,0,1,1,1,21.0,1,0,1,0,1,1,90,1,0,1,1,1,1,98.3,1,1,0,,1,1,0.2548554472450998,0.0,0,12,0.45,1,0,0,0.9333333333333332,0.8,0.6666666666666666,1.0,0.8,0.75,0.75
5116,Monash University,https://www.monash.edu,Australia,South & Central Asia + Oceania,89.22807598131531,A+,12,5,3.0,99.1,91.75940494034072,1,80.2198319873129,1,1,2,1,0,0,1,1,1,1,1,0,1,0,1,1,1,0,1,1,1,0,0,1,1,1,1,1,1,1,1,1,1,1,1,0,1,1,1,1,1,1,11.03,1,1,0,0,0,1,90,1,0,1,1,1,1,90.9,1,1,0,4.0,3,2,-0.884925397585971,0.0,0,12,0.35,0,0,0,0.8666666666666667,1.0,0.6666666666666666,1.0,0.6,0.75,0.25
2038,"City, University of London",https://www.city.ac.uk,United Kingdom,Western & Northern Europe,89.1078454899529,A+,13,4,2.0,99.0,,0,86.34255833995022,1,1,2,1,0,1,0,1,1,2,1,8,1,1,1,1,1,1,0,0,1,0,1,1,1,1,1,1,1,1,1,1,1,1,0,1,1,0,0,1,1,1,16.67,1,1,0,0,1,0,100,1,0,1,1,1,1,87.9,1,1,0,0.0,3,3,-1.014020020280843,0.0,0,13,0.35,0,0,0,0.9333333333333332,0.6,0.6666666666666666,1.0,0.8,0.625,0.25
5312,Sharda University,https://www.sharda.ac.in,India,South & Central Asia + Oceania,89.01645231062322,A+,14,6,1.0,98.9,,0,80.03241530593648,1,1,8,0,0,0,0,1,1,1,1,10,1,1,1,1,1,0,1,0,1,0,1,1,1,1,1,1,1,1,1,1,1,1,1,1,1,1,0,1,1,1,11.29,1,1,0,0,1,1,75,1,2,1,1,1,1,82.1,1,0,0,4.0,3,2,-0.4882788126837613,1.0986122886681098,1,9,1.0,0,0,0,1.0,0.8,0.3333333333333333,1.0,0.4,0.625,0.5
5156,Auckland University of Technology,https://www.aut.ac.nz,New Zealand,South & Central Asia + Oceania,88.31391356404437,A+,15,7,,98.9,,0,76.55792523722027,1,1,4,1,0,0,0,1,0,0,1,7,1,0,1,1,0,0,1,0,1,0,1,1,1,1,1,1,1,1,1,1,1,1,1,0,1,1,1,1,1,1,20.37,1,0,0,0,1,0,90,1,0,1,1,1,1,94.3,1,0,0,,0,2,-0.9606562713219392,0.0,0,12,0.85,1,0,0,0.9333333333333332,1.0,0.3333333333333333,1.0,0.6,0.5,0.25
5311,Symbiosis International University,https://www.siu.edu.in,India,South & Central Asia + Oceania,88.30889877634961,A+,16,8,2.0,98.8,,0,82.2001628382886,1,1,7,1,0,0,0,0,1,1,1,10,1,1,1,1,1,1,0,1,1,0,1,1,1,1,1,1,1,1,1,1,1,1,1,1,0,0,1,1,1,1,15.95,1,1,1,0,0,1,100,1,1,0,1,1,1,98.1,1,0,0,0.0,3,3,-0.0616997226116114,0.6931471805599453,1,13,1.0,0,0,0,0.9333333333333332,0.8,0.3333333333333333,1.0,0.6,0.75,0.5
6353,Technical University of Kenya,https://www.tukenya.ac.ke,Sub-Saharan Africa,Latin America & Africa,88.00865428300546,A+,17,2,,98.7,93.93050842047883,1,76.71793171264281,1,1,8,0,0,0,0,0,1,1,1,0,1,1,1,1,1,1,1,0,1,0,1,1,1,1,1,1,1,1,1,1,0,1,0,1,0,1,0,1,1,1,21.0,1,1,0,0,1,0,75,1,0,1,1,1,1,100.0,1,0,0,0.0,3,3,-0.7915222344240608,0.0,0,9,1.0,0,0,0,0.8,0.8,0.3333333333333333,1.0,0.4,0.75,0.25
3102,University of Porto,https://www.up.pt,Portugal,Eastern & Southern Europe,87.99839866221575,A+,18,1,,98.6,,0,89.43146326821329,0,1,5,1,1,0,1,1,1,1,1,1,1,1,1,1,1,1,1,0,1,0,1,1,1,1,1,1,1,1,1,1,1,1,0,1,1,1,0,1,1,1,15.43,1,0,0,0,1,0,75,1,0,1,1,1,1,100.0,1,1,0,6.0,3,3,-0.4801031521596234,0.0,0,9,1.0,0,0,0,0.9333333333333332,0.8,0.6666666666666666,1.0,0.6,0.75,0.25
5016,Jawaharlal Nehru University,https://www.jnu.ac.in,India,South & Central Asia + Oceania,87.91157266206861,A+,19,9,3.0,98.5,,0,79.87826208209204,1,1,10,1,0,0,1,1,1,1,1,0,1,1,1,0,0,1,0,0,1,0,1,1,1,1,1,1,1,1,1,1,1,1,1,1,0,1,1,1,1,1,15.43,1,1,0,0,0,0,75,1,0,0,0,1,1,100.0,1,0,0,0.0,3,3,-0.1722700695781656,0.0,0,9,0.9266666666666666,0,0,0,0.9333333333333332,1.0,0.3333333333333333,0.6666666666666666,0.6,0.375,0.0
1093,University of Houston,https://www.uh.edu,United States,North America,87.58147148611305,A+,20,4,4.0,98.5,85.39518571314032,1,78.9384759344029,1,1,4,1,0,0,0,1,0,1,1,10,1,1,1,0,0,0,0,1,1,0,1,1,1,1,1,1,1,1,1,1,1,1,0,0,1,1,0,1,1,1,18.88,1,1,0,0,0,0,75,1,0,1,1,0,1,77.8,1,1,0,0.0,3,2,1.163123296888328,0.0,0,9,0.85,0,0,0,0.8666666666666667,0.8,0.6666666666666666,0.6666666666666666,0.6,0.375,0.0
5309,Lovely Professional University,https://www.lpu.in,India,South & Central Asia + Oceania,87.10313725349758,A+,21,10,4.0,98.4,,0,81.01206544801352,1,1,3,1,1,0,0,1,1,1,1,7,1,1,1,1,0,0,1,0,1,0,1,1,1,1,1,1,1,1,1,1,1,1,1,1,1,1,0,1,1,1,20.62,1,1,0,0,0,1,90,1,0,1,1,1,1,91.4,1,0,0,,0,1,-1.1162071588444142,0.0,0,12,0.6,1,0,0,1.0,0.8,0.3333333333333333,1.0,0.8,0.5,0.25
5136,Murdoch University,https://www.murdoch.edu.au,Australia,South & Central Asia + Oceania,87.01114670370954,A+,22,11,4.0,98.3,,0,80.05519505733533,1,1,4,1,0,0,0,1,0,1,1,0,1,0,1,1,1,1,1,1,1,0,1,1,1,1,1,1,1,1,1,1,1,1,0,0,1,1,0,1,1,1,21.0,1,1,1,0,0,0,75,1,0,1,1,0,1,88.5,1,0,0,4.0,3,3,0.153061912842657,0.0,0,9,0.85,0,0,0,0.8666666666666667,0.8,0.3333333333333333,0.6666666666666666,0.6,0.875,0.25
4144,Lingnan University,https://www.ln.edu.hk,Hong Kong,Asia (East & Southeast),86.72148379216742,A+,23,1,,98.2,,0,76.95735419377073,1,1,8,1,1,0,1,1,1,1,1,5,1,0,1,1,1,0,0,0,1,0,1,1,1,1,1,1,1,1,1,1,0,1,1,0,0,0,1,1,1,1,17.4,1,1,0,0,0,0,100,1,0,1,1,1,1,93.1,1,1,0,0.0,3,2,1.4961845909051097,0.0,0,13,1.0,0,0,0,0.8,0.8,0.6666666666666666,1.0,0.8,0.5,0.0
5003,Indian Institute of Technology Madras,https://www.iitm.ac.in,India,South & Central Asia + Oceania,86.59934496785435,A+,24,12,5.0,98.1,,0,87.86928146991667,1,1,9,1,1,1,0,1,1,0,1,8,1,1,1,1,1,1,1,1,1,0,1,1,1,1,1,1,1,1,1,1,1,1,0,0,0,1,1,1,1,1,21.0,1,1,0,0,0,0,75,1,0,1,1,1,1,85.1,1,1,0,1.0,3,3,-0.9411919646813772,0.0,0,9,1.0,0,0,0,0.8,1.0,0.6666666666666666,1.0,1.0,0.875,0.0
4140,Hong Kong University of Science and Technology,https://www.ust.hk,Hong Kong,Asia (East & Southeast),86.5516028682473,A+,25,2,,98.0,82.65710722420015,1,83.5100514979757,1,1,2,1,1,0,1,1,1,0,1,10,1,1,1,1,1,1,1,1,1,0,1,1,1,1,1,1,1,1,0,1,1,1,1,0,0,0,1,1,1,1,15.23,1,1,0,0,0,1,90,1,0,1,1,1,1,100.0,1,1,0,0.0,3,3,-0.4463009363823972,0.0,0,12,0.35,0,0,0,0.8,0.8,0.6666666666666666,1.0,0.8,0.875,0.25
5155,Lincoln University,https://www.lincoln.ac.nz,New Zealand,South & Central Asia + Oceania,85.73444765266554,A+,26,13,,98.0,,0,80.11084409827585,1,1,19,1,0,0,0,1,1,1,1,10,1,1,1,1,1,0,1,0,1,0,1,1,1,1,1,1,1,1,1,1,1,1,0,1,1,1,0,1,1,1,15.91,1,1,0,0,0,1,100,1,0,1,1,1,1,90.0,1,0,0,0.0,3,2,1.0368068605649825,0.0,0,13,0.48,0,0,0,0.9333333333333332,0.8,0.3333333333333333,1.0,0.6,0.625,0.25
5117,University of Western Australia,https://www.uwa.edu.au,Australia,South & Central Asia + Oceania,85.62227467196226,A+,27,14,5.0,97.9,89.54570817621136,1,70.93039334760462,1,1,6,0,0,0,1,1,0,0,1,4,1,0,1,1,1,0,1,0,1,0,1,1,1,1,1,1,1,1,1,1,1,1,1,0,1,1,0,0,1,1,19.8,1,1,0,0,0,0,75,1,0,1,0,1,1,100.0,1,1,0,,0,1,0.1640208081780995,0.0,0,9,1.0,1,0,0,0.9333333333333332,0.6,0.6666666666666666,0.6666666666666666,0.4,0.625,0.0
5122,Curtin University,https://www.curtin.edu.au,Australia,South & Central Asia + Oceania,85.52087970194037,A+,28,15,6.0,97.8,,0,85.99070487589914,0,1,4,1,0,0,1,1,1,1,1,5,1,1,1,1,1,1,1,1,1,1,1,1,1,1,1,1,1,1,1,1,1,1,1,0,1,1,0,1,1,1,8.72,1,0,0,0,0,0,90,1,0,1,1,1,0,93.2,1,1,0,0.0,3,3,-0.0792012420279153,0.0,0,12,0.85,0,0,0,0.9333333333333332,0.8,0.6666666666666666,0.6666666666666666,0.4,1.0,0.0
3133,Masaryk University,https://www.muni.cz,Czechia,Eastern & Southern Europe,85.51135490161828,A+,29,2,,97.7,91.15574840077493,1,79.67836474784998,1,1,2,1,1,1,0,0,1,1,1,0,1,1,1,1,0,0,0,0,1,0,1,1,1,1,1,1,1,1,1,1,1,1,0,0,1,1,0,1,1,1,20.12,1,1,0,0,0,0,90,1,0,1,1,1,1,100.0,1,1,0,,1,2,0.2872565358790842,0.0,0,12,0.35,1,0,0,0.8666666666666667,0.8,0.6666666666666666,1.0,1.0,0.375,0.0
5082,Mehran University of Engineering and Technology,https://www.muet.edu.pk,Pakistan,South & Central Asia + Oceania,85.35162070835085,A+,30,16,2.0,97.6,,0,73.93520056125234,1,1,5,0,0,0,0,0,1,1,1,6,1,1,1,1,0,1,0,1,1,0,1,1,1,1,1,1,1,1,1,1,0,1,1,0,0,1,0,1,1,1,21.0,1,1,0,0,1,0,75,1,0,1,0,1,1,87.5,1,0,0,2.0,3,3,0.144392935935516,0.0,0,9,1.0,0,0,0,0.8,0.8,0.3333333333333333,0.6666666666666666,0.4,0.625,0.25
6109,University of Pretoria,https://www.up.ac.za,South Africa,Latin America & Africa,85.23535630536513,A+,31,3,1.0,97.6,,0,77.41714411609625,1,1,4,1,0,0,0,0,0,1,1,2,1,1,1,1,1,0,0,1,1,0,0,1,1,1,1,1,1,1,1,1,1,1,1,1,0,1,0,1,1,1,12.63,1,1,0,0,0,0,100,1,0,1,1,1,1,92.9,1,0,0,0.0,3,2,-0.7579995449833614,0.0,0,13,0.85,0,0,0,0.8666666666666667,0.8,0.3333333333333333,1.0,0.6,0.625,0.0
3037,Scuola Normale Superiore di Pisa,https://www.sns.it,Italy,Eastern & Southern Europe,85.10323687230107,A+,32,3,1.0,97.5,88.75642778414684,1,73.30366312811307,1,1,4,1,1,0,0,0,0,0,1,0,1,0,1,0,0,0,1,0,1,0,1,1,1,1,1,1,1,1,0,1,1,1,1,0,1,0,1,1,1,0,14.0,1,1,0,0,0,0,75,1,0,0,0,1,0,100.0,1,1,0,0.0,3,2,-1.2119053353465488,0.0,0,9,0.85,0,0,0,0.8666666666666667,0.6,0.6666666666666666,0.3333333333333333,0.8,0.375,0.0
5420,Dibrugarh University,https://www.dibru.ac.in,India,South & Central Asia + Oceania,85.0470991168767,A+,33,17,6.0,97.4,,0,76.75650636509029,1,1,9,0,0,0,0,0,0,0,1,10,1,1,1,0,0,0,0,0,1,0,1,1,1,1,1,1,1,1,1,1,1,1,1,0,1,1,1,1,1,1,21.0,1,0,0,0,0,0,75,1,0,1,1,1,1,100.0,1,1,0,742.0,2,1,-0.1426646956122688,0.0,0,9,1.0,0,0,0,0.9333333333333332,1.0,0.6666666666666666,1.0,0.4,0.25,0.0
2311,Munster Technological University,https://www.mtu.ie,Belgium/Ireland/Iceland,Western & Northern Europe,85.00344635068369,A+,34,5,,97.3,,0,73.26437409184238,0,1,4,1,0,0,0,0,0,0,1,0,1,0,1,1,1,0,0,0,1,0,1,1,0,1,1,1,1,1,1,1,1,1,1,0,1,1,0,1,1,1,15.43,1,1,0,0,1,0,75,1,0,1,0,1,1,97.0,1,1,0,0.0,3,2,-0.593006167837369,0.0,0,9,0.85,0,0,0,0.8666666666666667,0.8,0.6666666666666666,0.6666666666666666,0.4,0.5,0.25
1167,California Polytechnic State University,https://www.calpoly.edu,Canada,North America,84.79500971453295,A+,35,5,1.0,97.2,,0,77.48759090838783,1,1,3,1,0,0,0,1,0,0,1,4,1,1,1,1,1,0,1,0,1,0,1,1,1,1,1,1,1,1,1,1,1,1,0,0,0,1,0,1,1,1,17.78,1,1,0,0,1,0,100,1,0,1,1,1,1,92.3,1,1,0,0.0,3,2,-1.1656789964313077,0.0,0,13,0.6,0,0,0,0.8,0.8,0.6666666666666666,1.0,0.6,0.625,0.25
5118,University of Adelaide,https://www.adelaide.edu.au,Australia,South & Central Asia + Oceania,84.34801744404014,A+,36,18,7.0,97.1,92.64975118938476,1,72.81594571382496,1,1,6,1,0,0,0,0,0,0,1,0,1,0,1,0,0,0,0,0,1,0,1,1,1,1,1,1,1,1,0,1,1,1,1,0,1,0,0,1,1,1,16.58,1,1,1,1,0,1,100,1,0,1,1,1,1,87.5,1,1,0,,0,1,0.3874514205395091,0.0,0,13,1.0,1,0,0,0.8666666666666667,0.6,0.6666666666666666,1.0,0.6,0.25,0.75
2020,Lancaster University,https://www.lancaster.ac.uk,United Kingdom,Western & Northern Europe,84.17273720124099,A+,37,6,3.0,97.1,,0,80.95922313257465,1,1,2,1,0,0,1,1,0,0,1,0,1,1,1,1,1,0,0,0,1,0,1,1,1,1,1,1,1,1,1,1,1,1,0,1,1,1,0,1,1,1,16.52,1,1,0,0,0,1,100,1,0,1,1,1,1,88.9,1,1,0,5.0,3,1,-1.1238919956298328,0.0,0,13,0.35,0,0,0,0.9333333333333332,0.8,0.6666666666666666,1.0,0.6,0.5,0.25
6151,University of Dar es Salaam,https://www.udsm.ac.tz,Sub-Saharan Africa,Latin America & Africa,84.13167536820379,A+,38,4,,97.0,,0,72.21506129293691,1,1,7,0,0,0,0,0,1,1,1,7,1,0,1,0,0,1,1,1,1,0,1,1,1,1,1,1,1,1,1,1,0,1,1,1,0,1,0,1,1,1,12.63,1,1,0,0,0,0,75,1,0,1,0,1,1,97.0,1,0,0,0.0,3,3,1.619857779125406,0.0,0,9,1.0,0,0,0,0.8666666666666667,0.8,0.3333333333333333,0.6666666666666666,0.4,0.625,0.0
5134,Charles Darwin University,https://www.cdu.edu.au,Australia,South & Central Asia + Oceania,83.61796765384052,A+,39,19,8.0,96.9,,0,77.31679619708342,0,1,5,1,0,0,0,1,0,0,0,2,1,0,1,1,1,1,0,0,1,0,1,1,1,1,1,1,1,1,1,1,0,1,0,0,1,1,0,1,1,1,18.69,1,0,1,0,0,0,100,1,0,1,1,1,1,90.9,1,0,0,5.0,3,3,0.9165861430791584,0.0,0,13,1.0,0,0,0,0.8,0.8,0.3333333333333333,1.0,0.4,0.625,0.25
5313,MNIT Jaipur,https://www.mnit.ac.in,India,South & Central Asia + Oceania,83.38356705313389,A+,40,20,7.0,96.8,,0,72.26479375381027,1,1,10,0,0,0,0,1,1,1,1,1,1,0,1,1,0,1,1,1,1,0,1,1,1,1,1,1,1,1,0,1,1,1,1,0,0,1,0,1,1,1,21.0,1,0,1,0,1,0,75,1,0,1,1,1,0,94.9,1,1,0,0.0,3,1,-0.7023861857299438,0.0,0,9,0.9266666666666666,0,0,0,0.8,0.8,0.6666666666666666,0.6666666666666666,0.4,0.75,0.5
2191,Vrije Universiteit Brussel,https://www.vub.be,Belgium/Ireland/Iceland,Western & Northern Europe,83.37925461839353,A+,41,7,,96.7,81.94290544428002,1,83.83259788723464,1,1,4,1,1,1,0,0,0,0,0,9,1,1,1,1,1,1,1,0,1,0,1,1,1,1,1,1,1,1,1,1,1,1,1,1,0,1,0,0,1,1,21.0,1,1,0,0,1,1,100,1,0,1,1,1,0,97.7,1,0,0,0.0,3,3,0.4152879776219432,0.0,0,13,0.85,0,0,0,0.9333333333333332,0.6,0.3333333333333333,0.6666666666666666,1.0,0.75,0.5
5424,Vidyasagar University,https://www.vidyasagar.ac.in,India,South & Central Asia + Oceania,83.28828412910663,A+,42,21,8.0,96.7,,0,80.94403958945517,1,1,9,0,0,0,0,1,1,1,1,8,1,1,1,1,0,1,1,1,1,0,1,1,1,1,1,1,1,1,1,1,0,1,1,1,0,1,1,1,1,1,12.0,1,1,0,0,0,1,75,1,0,1,1,1,0,96.1,1,1,0,0.0,3,3,-0.8198262879814022,0.0,0,9,1.0,0,0,0,0.8666666666666667,1.0,0.6666666666666666,0.6666666666666666,0.4,0.75,0.25
1186,Concordia University,https://www.concordia.ca,Canada,North America,83.28731443748015,A+,43,6,2.0,96.6,82.30368999300384,1,80.13078902946285,1,1,5,1,1,0,0,1,0,0,1,2,1,1,1,1,1,0,0,0,1,0,1,1,1,1,1,1,1,1,1,1,1,1,1,0,0,1,0,1,1,1,21.0,1,1,0,0,1,0,75,1,0,1,1,1,1,86.7,1,1,0,5.0,3,2,2.4307230038175747,0.0,0,9,1.0,0,0,0,0.8666666666666667,0.8,0.6666666666666666,1.0,0.8,0.5,0.25
3138,VSB - Technical University of Ostrava,https://www.vsb.cz,Czechia,Eastern & Southern Europe,83.11569382952058,A+,44,4,,96.5,,0,74.79658073055569,1,1,7,1,0,1,0,1,1,1,1,6,1,1,1,1,1,0,1,0,1,0,1,1,1,1,1,1,1,1,1,1,1,1,1,0,0,1,0,1,1,1,16.57,1,1,0,0,0,0,75,1,0,1,0,1,0,94.1,1,0,0,0.0,3,1,0.3880027996257996,0.0,0,9,1.0,0,0,0,0.8666666666666667,0.8,0.3333333333333333,0.3333333333333333,0.8,0.625,0.0
5308,KIIT University,https://www.kiit.ac.in,India,South & Central Asia + Oceania,83.09136808939864,A+,45,22,9.0,96.4,,0,82.3558959824481,1,1,14,1,0,0,1,1,1,2,1,10,1,1,1,1,1,1,1,1,1,0,1,1,1,1,1,1,1,1,1,1,1,1,1,1,0,1,0,1,1,1,9.74,1,0,0,0,0,1,90,1,5,1,1,1,1,82.6,1,0,0,0.0,3,3,-0.9457718015379802,1.791759469228055,1,12,0.66,0,0,0,0.9333333333333332,0.8,0.3333333333333333,1.0,0.6,0.875,0.25
5148,University of South Australia,https://www.unisa.edu.au,Australia,South & Central Asia + Oceania,82.90115612573305,A+,46,23,9.0,96.3,,0,72.24203784867848,1,1,6,1,0,0,0,0,0,0,1,0,1,0,1,0,0,0,0,0,1,0,1,1,1,1,1,1,1,1,0,1,1,1,1,0,1,0,0,1,1,1,16.58,1,1,1,1,0,1,100,1,1,1,1,1,1,87.5,1,1,0,,0,1,0.7513848850374132,0.6931471805599453,1,13,1.0,1,0,0,0.8666666666666667,0.6,0.6666666666666666,1.0,0.6,0.25,0.75
3167,Eotvos Lorand University,https://www.elte.hu,Hungary,Eastern & Southern Europe,82.83317741578226,A+,47,5,,96.2,,0,89.3959481621,1,1,5,1,1,0,1,1,1,1,1,10,1,1,1,1,1,1,1,0,1,0,1,1,1,1,1,1,1,1,1,1,1,1,0,1,1,1,0,1,1,1,19.44,1,1,1,0,0,0,100,1,1,1,1,1,0,86.2,1,1,0,5.0,3,3,-0.6331081730369877,0.6931471805599453,1,13,1.0,0,0,0,0.9333333333333332,0.8,0.6666666666666666,0.6666666666666666,0.8,0.75,0.25
1187,University of Victoria,https://www.uvic.ca,Canada,North America,82.79967565682479,A+,48,7,3.0,96.2,,0,78.03341235481437,1,1,6,1,0,0,0,1,0,0,0,1,1,1,1,1,1,0,0,0,1,0,1,1,1,1,1,1,0,1,1,1,0,1,1,0,1,0,0,1,1,1,15.43,1,1,1,0,0,0,100,1,0,1,1,1,1,100.0,1,1,0,0.0,3,1,-0.6328864294589058,0.0,0,13,1.0,0,0,0,0.8,0.6,0.6666666666666666,1.0,0.6,0.5,0.25
2057,University of Mannheim,https://www.uni-mannheim.de,Germany,Western & Northern Europe,82.76614410292181,A+,49,8,2.0,96.1,,0,87.32539926451804,1,1,6,1,1,1,0,1,0,0,1,4,1,1,1,1,1,1,1,0,1,0,1,1,1,1,1,1,1,1,1,1,1,1,1,0,0,0,1,0,1,1,13.01,1,1,0,0,1,0,90,1,0,1,1,1,1,88.6,1,1,1,0.0,3,3,-0.7585433696352938,0.0,0,12,1.0,0,0,0,0.8666666666666667,0.6,1.0,1.0,1.0,0.75,0.25
5013,Indian Institute of Technology Ropar,https://www.iitrpr.ac.in,India,South & Central Asia + Oceania,82.68580081150891,A+,50,24,10.0,96.0,,0,76.9280124344307,1,1,6,0,0,0,0,1,0,0,1,10,1,1,1,1,1,1,1,1,1,0,1,1,1,1,1,1,1,1,1,1,1,1,1,0,0,0,0,1,1,1,21.0,1,1,0,0,1,0,75,1,1,1,0,1,1,97.4,1,1,0,5.0,3,3,-0.1475716636729146,0.6931471805599453,1,9,1.0,0,0,0,0.8666666666666667,0.6,0.6666666666666666,0.6666666666666666,0.4,0.875,0.25
2058,University of Muenster,https://www.uni-muenster.de,Germany,Western & Northern Europe,82.59865454881084,A+,51,9,3.0,95.9,,0,81.54245886598547,1,1,2,1,1,0,0,1,0,0,1,1,1,1,1,1,1,1,1,0,1,0,1,0,1,1,1,1,1,1,1,1,1,1,1,0,0,1,1,1,1,1,21.0,1,1,0,0,0,0,100,1,0,1,1,1,0,94.1,1,1,0,1.0,3,3,-0.6024862719050917,0.0,0,13,0.35,0,0,0,0.8,1.0,0.6666666666666666,0.6666666666666666,0.8,0.75,0.0
6125,American University in Cairo,https://www.aucegypt.edu,Egypt & North Africa,Latin America & Africa,82.38427723099923,A+,52,5,,95.8,,0,84.75021269381145,1,1,9,1,1,0,0,0,1,1,1,3,1,1,1,1,1,1,0,1,1,0,1,1,1,1,1,1,1,1,1,1,1,1,1,0,0,1,1,1,1,1,12.52,1,1,0,0,0,0,75,1,0,1,1,1,1,82.9,1,0,0,7.0,3,3,-0.6094010686811018,0.0,0,9,1.0,0,0,0,0.8666666666666667,1.0,0.3333333333333333,1.0,0.8,0.75,0.0
5166,Sri Lanka Institute of Information Technology,https://www.sliit.lk,Sri Lanka,South & Central Asia + Oceania,82.32989262510605,A+,53,25,,95.8,92.58542153581247,1,77.759957105508,1,1,1,1,0,0,0,1,1,1,1,3,1,0,1,1,1,0,1,0,1,0,1,1,1,1,1,1,1,1,1,1,1,1,1,1,1,1,1,1,1,1,21.0,1,0,0,0,1,1,75,1,0,1,1,1,1,82.2,1,1,0,,0,1,-1.0264096433345944,0.0,0,9,0.15,1,0,0,1.0,1.0,0.6666666666666666,1.0,0.6,0.625,0.5
5130,James Cook University,https://www.jcu.edu.au,Australia,South & Central Asia + Oceania,82.31308957670443,A+,54,26,10.0,95.7,83.12199722819607,1,71.14246816212035,1,1,2,1,0,0,0,1,0,0,1,2,1,0,1,0,0,0,1,0,1,0,1,1,1,1,1,1,1,1,1,1,1,1,0,0,1,1,0,1,1,1,21.0,1,0,0,0,0,1,75,1,0,1,1,1,1,100.0,1,1,0,,0,1,0.0089606174616892,0.0,0,9,0.35,1,0,0,0.8666666666666667,0.8,0.6666666666666666,1.0,0.6,0.375,0.25
1036,Vanderbilt University,https://www.vanderbilt.edu,United States,North America,82.11900112362127,A+,55,8,5.0,95.6,84.20781128032897,1,72.31254967027694,0,1,4,1,0,0,0,0,1,1,1,0,1,0,1,1,1,0,0,1,1,0,1,1,1,1,1,1,1,1,1,1,0,1,1,0,0,1,0,1,1,1,15.38,1,0,0,0,0,0,75,1,0,1,1,1,1,100.0,1,1,0,5.0,3,1,-0.2395006132650254,0.0,0,9,0.85,0,0,0,0.8,0.8,0.6666666666666666,1.0,0.4,0.625,0.0
5106,Khulna University of Engineering and Technology,https://www.kuet.ac.bd,Bangladesh,South & Central Asia + Oceania,82.09992314993286,A+,56,27,1.0,95.5,,0,76.84490304470417,1,1,6,0,0,0,0,0,0,0,1,10,1,1,1,1,1,1,1,1,1,0,1,1,1,1,1,1,1,1,0,1,1,1,1,0,1,1,0,1,1,1,13.3,1,0,0,0,1,0,75,1,0,1,0,1,0,98.5,1,0,0,30.0,3,3,-0.0652981658560851,0.0,0,9,1.0,0,0,0,0.8666666666666667,0.8,0.3333333333333333,0.3333333333333333,0.4,0.875,0.25
6324,Tshwane University of Technology,https://www.tut.ac.za,South Africa,Latin America & Africa,82.05126201346835,A+,57,6,2.0,95.4,,0,78.16730307364473,1,1,4,1,0,0,0,0,1,1,0,0,1,1,1,1,1,0,0,0,1,0,1,1,1,1,1,1,1,1,1,1,1,1,1,0,1,1,0,1,1,1,8.2,1,1,0,0,0,0,90,1,0,1,1,1,0,100.0,1,0,0,0.0,3,1,-1.3794369643630489,0.0,0,12,0.85,0,0,0,0.9333333333333332,0.8,0.3333333333333333,0.6666666666666666,0.6,0.5,0.0
2164,Royal Danish Academy,https://royaldanishacademy.com,Denmark,Western & Northern Europe,82.02541401428113,A+,58,10,,95.4,,0,75.43760054981303,1,1,2,0,1,0,0,0,0,0,0,6,1,1,1,1,1,1,0,0,1,0,1,1,1,1,1,1,1,1,1,1,0,1,1,0,0,1,0,1,1,1,19.48,1,1,0,0,0,0,100,1,0,1,1,1,0,95.8,1,1,0,0.0,3,3,-0.637003573895261,0.0,0,13,0.35,0,0,0,0.8,0.8,0.6666666666666666,0.6666666666666666,0.6,0.625,0.0
5056,Bharathiar University,https://www.b-u.ac.in,India,South & Central Asia + Oceania,82.02246734461403,A+,59,28,11.0,95.3,,0,82.0874845901674,1,1,11,1,1,0,1,1,0,0,1,10,1,1,1,1,1,1,0,1,1,0,1,1,1,1,1,1,1,1,0,1,1,1,1,1,0,0,1,1,1,0,17.4,1,1,1,0,0,0,75,1,0,1,0,1,1,98.4,1,1,0,0.0,3,3,2.0968755272665174,0.0,0,9,0.8533333333333334,0,0,0,0.8666666666666667,0.6,0.6666666666666666,0.6666666666666666,0.8,0.75,0.25
2029,University of Leicester,https://www.le.ac.uk,United Kingdom,Western & Northern Europe,82.0099954786868,A+,60,11,4.0,95.2,73.06315167674,1,84.22188350940526,1,1,8,1,0,0,0,1,1,1,1,6,1,0,1,1,1,1,1,0,1,0,1,1,1,1,1,1,1,1,1,1,1,1,0,1,1,0,0,1,1,1,11.03,1,1,0,0,0,1,100,1,0,1,1,1,1,100.0,1,1,0,0.0,3,3,-0.0635788175937863,0.0,0,13,1.0,0,0,0,0.9333333333333332,0.6,0.6666666666666666,1.0,0.6,0.75,0.25
1041,University of Rochester,https://www.rochester.edu,United States,North America,81.97658712110764,A+,61,9,6.0,95.1,,0,78.57969534260067,1,1,6,1,0,0,0,1,0,0,1,0,1,1,1,1,1,0,0,1,1,0,1,1,1,1,1,1,1,1,1,1,1,1,0,0,1,1,0,1,1,1,21.0,1,1,1,0,0,0,75,1,0,1,1,1,1,86.4,1,1,0,,0,1,-0.8883263440590702,0.0,0,9,1.0,1,0,0,0.8666666666666667,0.8,0.6666666666666666,1.0,0.6,0.625,0.25
1163,Loyola Marymount University,https://www.lmu.edu,United States,North America,81.8004782849807,A+,62,10,7.0,95.0,75.785961040006,1,79.50432447487637,1,1,3,1,0,0,0,1,1,1,0,3,1,1,1,1,1,1,0,1,1,0,1,1,1,1,1,1,1,1,1,1,1,1,0,0,0,1,0,1,1,1,21.0,1,0,0,0,1,0,75,1,0,1,1,1,1,75.0,1,1,0,0.0,3,3,-0.0320600290227351,0.0,0,9,0.6,0,0,0,0.8,0.8,0.6666666666666666,1.0,0.6,0.75,0.25
6100,San Francisco de Quito University,https://www.usfq.edu.ec,Peru & Andes,Latin America & Africa,81.63975886019581,A+,63,7,,94.9,,0,81.66015171449769,1,1,5,1,1,0,0,1,0,0,1,0,1,1,1,1,1,1,1,1,1,0,1,1,1,1,1,1,1,1,1,1,1,1,0,0,0,1,0,1,1,1,15.43,1,0,0,0,0,0,100,1,0,1,1,1,1,95.9,1,0,0,0.0,3,3,-0.4743243494641661,0.0,0,13,1.0,0,0,0,0.8,0.8,0.3333333333333333,1.0,0.8,0.875,0.0
5173,Nazarbayev University,https://www.nu.edu.kz,Central Asia,South & Central Asia + Oceania,81.61642017404807,A+,64,29,,94.9,,0,82.42568889194216,1,1,7,1,1,0,0,1,1,1,1,10,1,1,1,1,0,1,1,1,1,0,1,1,1,1,1,1,1,1,1,1,1,1,1,0,1,0,0,1,1,0,11.9,1,0,0,0,0,1,90,1,0,1,0,1,1,84.6,1,0,0,0.0,3,3,1.3989411034406496,0.0,0,12,1.0,0,0,0,0.9333333333333332,0.4,0.3333333333333333,0.6666666666666666,0.8,0.75,0.25
5300,Indian Institute of Technology Patna,https://www.iitp.ac.in,India,South & Central Asia + Oceania,81.27546331527705,A+,65,30,12.0,94.8,,0,68.15036542641744,1,1,7,0,0,0,0,1,0,0,1,5,1,0,1,0,0,1,1,1,1,0,1,1,1,1,1,1,1,1,0,1,0,1,1,0,0,0,1,1,1,1,21.0,1,1,0,0,1,0,75,1,8,1,1,1,1,100.0,1,0,0,0.0,3,1,-0.0985019830664558,2.19722457733622,1,9,1.0,0,0,0,0.7333333333333333,0.8,0.3333333333333333,1.0,0.4,0.625,0.25
5099,Khulna University,https://www.ku.ac.bd,Bangladesh,South & Central Asia + Oceania,81.2502488256053,A+,66,31,2.0,94.7,,0,73.75077034668593,1,1,11,1,0,0,0,1,0,0,0,6,1,0,1,1,1,1,1,0,1,0,1,1,1,1,1,1,1,1,0,1,0,1,1,0,0,1,0,1,1,1,21.0,1,0,0,0,0,0,75,1,0,1,1,1,1,100.0,1,0,0,2.0,3,3,-0.009685861168765,0.0,0,9,0.8533333333333334,0,0,0,0.7333333333333333,0.8,0.3333333333333333,1.0,0.6,0.75,0.0
1067,University of Massachusetts Amherst,https://www.umass.edu,United States,North America,81.2447429601653,A+,67,11,8.0,94.6,100.0,1,72.64756240601457,1,1,3,1,0,0,0,1,0,0,1,5,1,1,1,1,1,0,0,1,1,0,1,1,1,1,1,1,1,1,1,1,1,1,0,0,0,0,0,1,1,1,18.26,1,1,0,0,0,0,90,1,1,1,0,1,1,100.0,1,1,0,0.0,3,2,0.2949614956328674,0.6931471805599453,1,12,0.6,0,0,0,0.8,0.6,0.6666666666666666,0.6666666666666666,0.6,0.625,0.0
2192,University of Liege,https://www.uliege.be,Belgium/Ireland/Iceland,Western & Northern Europe,80.8958283171608,A+,68,12,,94.5,,0,82.54930314491543,1,1,4,1,1,0,0,0,1,1,1,0,1,1,1,1,1,0,0,0,1,0,1,1,1,1,1,1,1,1,1,1,1,1,1,1,0,1,1,1,1,1,8.86,1,0,0,0,0,0,90,1,0,1,1,1,1,88.5,1,1,0,0.0,3,2,0.1853346840818011,0.0,0,12,0.85,0,0,0,0.9333333333333332,1.0,0.6666666666666666,1.0,0.8,0.5,0.0
2156,Roskilde University,https://ruc.dk,Denmark,Western & Northern Europe,80.83327396023353,A+,69,13,,94.5,87.66456430605476,1,71.96449354550442,1,1,7,1,1,0,0,0,0,0,0,0,1,0,1,0,0,1,0,0,1,0,0,1,1,1,1,1,0,1,0,1,1,1,1,0,1,1,0,1,1,1,14.74,1,0,0,0,1,0,75,1,0,1,1,1,0,100.0,1,0,0,2.0,3,0,0.58908988553019,0.0,0,9,1.0,0,0,0,0.7333333333333333,0.8,0.3333333333333333,0.6666666666666666,0.8,0.25,0.25
3173,Corvinus University of Budapest,https://www.uni-corvinus.hu,Hungary,Eastern & Southern Europe,80.35458392557736,A+,70,6,,94.4,,0,76.83933648386098,1,1,8,1,1,0,0,1,1,2,0,4,1,0,1,1,1,1,1,1,1,0,1,1,1,1,1,1,1,1,0,1,0,1,1,0,0,1,0,1,1,1,21.0,1,1,1,0,0,1,90,1,2,1,1,1,0,84.1,1,0,0,0.0,3,3,-0.1166264358969638,1.0986122886681098,1,12,1.0,0,0,0,0.7333333333333333,0.8,0.3333333333333333,0.6666666666666666,0.8,0.875,0.5
2017,Durham University,https://www.durham.ac.uk,United Kingdom,Western & Northern Europe,80.14671072826,A+,71,14,5.0,94.3,,0,76.40927415972112,1,1,6,1,0,0,1,1,0,0,1,0,1,0,1,1,1,0,0,1,1,0,0,1,1,1,1,1,1,1,1,1,1,1,0,0,1,0,0,1,1,1,15.43,1,1,1,0,1,1,100,1,0,1,1,1,1,90.0,1,1,0,0.0,3,1,0.3537888409774865,0.0,0,13,1.0,0,0,0,0.8,0.6,0.6666666666666666,1.0,0.6,0.625,0.75
6114,University of the Western Cape,https://www.uwc.ac.za,South Africa,Latin America & Africa,80.05065321492849,A+,72,8,3.0,94.2,,0,75.22832600257611,1,1,5,0,0,0,0,0,0,0,1,3,1,1,1,0,0,0,0,0,1,0,1,1,1,1,1,1,1,1,1,1,1,1,1,0,1,1,1,1,1,1,8.19,1,1,0,0,0,1,90,1,0,1,1,1,1,100.0,1,0,0,,1,1,-0.7519429246222268,0.0,0,12,1.0,1,0,0,0.9333333333333332,1.0,0.3333333333333333,1.0,0.4,0.25,0.25
5169,Pokhara University,https://www.pu.edu.np,Nepal,South & Central Asia + Oceania,79.87691048873756,A,73,32,,94.1,,0,69.95811148220044,1,1,5,1,0,0,0,0,0,0,1,10,1,0,1,0,0,0,0,0,1,0,1,1,1,1,1,1,1,1,0,1,1,1,1,0,0,1,0,1,1,1,12.63,1,1,0,0,1,0,75,1,0,1,0,1,1,91.7,1,0,0,3.0,3,2,-0.4043696588467165,0.0,0,9,1.0,0,0,0,0.8,0.8,0.3333333333333333,0.6666666666666666,0.6,0.25,0.25
3091,Lodz University of Technology,https://www.p.lodz.pl,Poland,Eastern & Southern Europe,79.67543133503712,A,74,7,1.0,94.0,,0,76.11273132904657,1,1,2,1,1,0,0,1,1,1,1,0,1,1,1,1,1,0,1,0,1,0,1,1,1,1,1,1,1,1,0,1,0,1,1,0,1,1,0,1,1,1,15.43,1,1,0,0,0,0,100,1,0,1,1,1,0,77.5,1,0,0,10.0,3,1,-0.3163231298120217,0.0,0,13,0.35,0,0,0,0.8,0.8,0.3333333333333333,0.6666666666666666,0.8,0.625,0.0
2111,Maastricht University,https://www.maastrichtuniversity.nl,Netherlands,Western & Northern Europe,79.5493003342878,A,75,15,1.0,94.0,77.0440743586129,1,76.73975374985216,1,1,4,0,1,0,0,1,1,1,1,4,1,1,1,1,1,1,1,0,1,0,1,1,1,1,1,1,1,1,1,1,1,1,1,0,0,1,0,0,1,1,17.02,1,0,0,0,0,0,100,1,0,1,0,1,0,100.0,1,1,0,7.0,3,3,1.713819155308454,0.0,0,13,0.85,0,0,0,0.8666666666666667,0.6,0.6666666666666666,0.3333333333333333,0.6,0.75,0.0
3095,SGH Warsaw School of Economics,https://www.sgh.waw.pl,Poland,Eastern & Southern Europe,79.38312437348984,A,76,8,2.0,93.9,,0,76.51901752383739,1,1,4,1,1,0,0,1,1,1,1,0,1,1,1,1,1,0,1,0,1,0,1,1,1,1,1,1,1,1,0,1,1,1,1,0,0,1,1,1,1,1,13.78,1,0,0,0,0,0,100,1,0,1,0,1,0,75.8,1,1,0,0.0,3,1,-0.2012101974383238,0.0,0,13,0.85,0,0,0,0.8,1.0,0.6666666666666666,0.3333333333333333,0.8,0.625,0.0
4216,Royal University of Phnom Penh,https://www.rupp.edu.kh,Other SE/E Asia,Asia (East & Southeast),79.3057256954352,A,77,3,,93.8,,0,71.35272705620463,1,1,9,1,0,0,0,0,0,0,1,0,1,0,1,1,1,0,1,0,1,0,1,1,1,1,1,1,1,1,1,1,1,1,0,0,0,1,0,1,1,1,19.08,1,1,0,0,0,0,75,1,0,1,1,1,1,97.1,1,0,0,0.0,3,1,-0.3082991683915905,0.0,0,9,1.0,0,0,0,0.8,0.8,0.3333333333333333,1.0,0.6,0.625,0.0
2094,ENS de Lyon,https://www.ens-lyon.fr,France,Western & Northern Europe,79.2457375391368,A,78,16,1.0,93.7,,0,77.69779933647162,1,1,20,1,1,0,0,1,1,2,1,10,1,1,1,0,0,0,1,1,1,0,1,1,1,1,1,1,1,1,1,1,1,1,1,1,0,1,1,1,1,1,21.0,1,1,0,0,0,0,75,1,0,1,0,1,0,91.4,1,1,0,0.0,3,1,1.927243036627952,0.0,0,9,0.45,0,0,0,0.9333333333333332,1.0,0.6666666666666666,0.3333333333333333,0.8,0.5,0.0
5138,Victoria University,https://www.vu.edu.au,Australia,South & Central Asia + Oceania,79.19685887732442,A,79,33,11.0,93.6,76.24503614019501,1,74.90878946304204,1,1,11,1,0,0,0,1,1,1,1,2,1,0,1,1,0,0,0,1,1,0,0,1,0,1,1,1,1,1,1,1,1,1,1,0,1,1,1,1,1,1,15.13,1,0,1,0,0,0,90,1,0,1,1,1,1,82.8,1,1,0,8.0,3,1,-0.1101151408099844,0.0,0,12,0.8533333333333334,0,0,0,0.8,1.0,0.6666666666666666,1.0,0.6,0.5,0.25
5164,Eastern University Sri Lanka,https://www.esn.ac.lk,Sri Lanka,South & Central Asia + Oceania,79.12502443845365,A,80,34,,93.6,82.48928827613743,1,74.82000330106834,1,1,8,1,0,0,0,0,0,0,1,1,1,0,1,1,1,1,0,0,1,0,1,1,1,1,1,1,1,1,1,1,0,1,1,0,0,1,0,1,1,1,8.23,1,1,0,0,0,0,75,1,0,1,0,1,1,100.0,1,0,0,11.0,3,3,-1.1521915912891507,0.0,0,9,1.0,0,0,0,0.8,0.8,0.3333333333333333,0.6666666666666666,0.6,0.625,0.0
1030,Georgia Institute of Technology,https://www.gatech.edu,United States,North America,79.06579369920478,A,81,12,9.0,93.5,,0,76.84238679719141,1,1,7,1,0,1,0,1,1,1,0,0,1,1,1,1,1,0,0,1,1,0,1,1,1,1,1,1,1,1,1,1,0,1,1,0,0,1,0,1,1,1,21.0,1,1,1,0,0,0,75,1,1,0,1,1,1,85.7,1,1,0,15.0,3,1,-0.2712219098493594,0.6931471805599453,1,9,1.0,0,0,0,0.8,0.8,0.6666666666666666,1.0,0.8,0.625,0.25
6344,Nnamdi Azikiwe University,https://www.unizik.edu.ng,Sub-Saharan Africa,Latin America & Africa,79.00459847400326,A,82,9,,93.4,,0,70.52576378692923,1,1,7,0,0,0,0,0,1,1,1,10,1,0,1,1,1,1,1,0,1,0,1,1,1,1,1,1,1,1,0,1,0,1,1,1,0,0,0,1,0,0,16.79,1,0,0,0,0,0,90,1,0,1,1,1,1,100.0,1,0,0,9.0,3,3,-1.5431065657499927,0.0,0,12,1.0,0,0,0,0.8,0.2,0.3333333333333333,1.0,0.4,0.75,0.0
1020,"University of California, Davis",https://www.ucdavis.edu,United States,North America,79.00452755889752,A,83,13,10.0,93.3,,0,75.80016121817881,1,1,6,1,0,0,0,1,0,0,0,0,1,1,1,1,1,0,1,1,1,0,1,1,1,1,1,1,1,1,1,1,1,1,0,0,1,0,0,1,1,0,21.0,1,0,0,0,0,0,100,1,0,1,0,1,1,100.0,1,1,0,8.0,3,1,0.0647734026557585,0.0,0,13,1.0,0,0,0,0.8666666666666667,0.4,0.6666666666666666,0.6666666666666666,0.6,0.75,0.0
2309,Maynooth University,https://www.maynoothuniversity.ie,Belgium/Ireland/Iceland,Western & Northern Europe,78.99181620841695,A,84,17,,93.2,,0,86.56739513680819,1,1,20,1,0,0,0,1,0,0,1,10,1,0,1,1,1,1,1,0,1,0,1,1,1,1,1,1,1,1,1,1,1,1,1,1,1,1,1,1,1,1,12.63,1,1,0,0,1,1,75,1,0,1,1,1,1,72.7,1,1,0,0.0,3,3,-1.0205831692508047,0.0,0,9,0.45,0,0,0,1.0,1.0,0.6666666666666666,1.0,0.6,0.75,0.5
1039,Georgetown University,https://www.georgetown.edu,United States,North America,78.9435080278132,A,85,14,11.0,93.1,,0,79.02696126346312,0,1,5,1,0,0,0,0,0,0,1,0,1,1,1,1,1,1,1,1,1,0,1,1,1,1,1,1,1,1,1,1,1,1,0,0,0,1,0,1,1,1,21.0,1,0,0,0,0,1,75,1,0,1,0,1,1,84.8,1,1,0,5.0,3,3,-0.208196702162064,0.0,0,9,1.0,0,0,0,0.8,0.8,0.6666666666666666,0.6666666666666666,0.4,0.875,0.25
5022,Aligarh Muslim University,https://www.amu.ac.in,India,South & Central Asia + Oceania,78.92596955734791,A,86,35,13.0,93.1,78.99293196672875,1,81.27730698168483,1,1,9,1,1,0,0,1,1,1,1,10,1,1,1,0,0,1,0,1,1,0,1,1,1,1,1,1,1,1,1,1,1,1,1,0,0,1,1,1,0,1,14.74,1,1,0,0,1,0,75,1,1,1,1,1,0,78.7,1,1,0,1.0,3,1,0.3930126510082413,0.6931471805599453,1,9,1.0,0,0,0,0.8666666666666667,0.8,0.6666666666666666,0.6666666666666666,0.8,0.5,0.25
5412,IIIT Gwalior,https://www.iiitm.ac.in,India,South & Central Asia + Oceania,78.87868774113915,A,87,36,14.0,93.0,,0,77.19670156402132,1,1,9,1,0,0,0,1,0,0,0,10,1,1,1,1,1,1,1,1,1,0,1,1,1,1,1,1,1,1,0,1,0,1,0,1,0,1,1,1,1,1,15.43,1,1,0,0,1,0,75,1,0,0,0,1,1,100.0,1,0,0,0.0,3,3,-0.0558113609388364,0.0,0,9,1.0,0,0,0,0.7333333333333333,1.0,0.3333333333333333,0.6666666666666666,0.6,0.875,0.25
2060,FAU Erlangen-Nuremberg,https://www.fau.de,Germany,Western & Northern Europe,78.74081984615198,A,88,18,4.0,92.9,,0,84.03409944686241,1,1,1,1,1,0,0,1,1,0,1,7,1,1,1,0,0,1,1,0,1,0,1,1,1,1,1,1,1,1,1,1,1,1,1,0,1,0,0,1,1,1,21.0,1,1,0,0,1,1,90,1,0,1,1,1,0,93.8,1,1,1,1.0,3,3,-0.7952483879487839,0.0,0,12,0.15,0,0,0,0.9333333333333332,0.6,1.0,0.6666666666666666,0.8,0.5,0.5
5115,University of Queensland,https://www.uq.edu.au,Australia,South & Central Asia + Oceania,78.59816671734082,A,89,37,12.0,92.8,74.18714047964987,1,80.51612243896469,1,1,4,1,0,0,1,1,1,1,0,0,1,1,1,1,1,0,1,0,1,0,1,1,1,1,1,1,1,1,1,1,1,1,1,0,1,1,0,1,1,1,11.53,1,1,0,0,0,1,100,1,1,1,1,1,1,94.4,1,1,0,,0,2,-0.3647867831575063,0.6931471805599453,1,13,0.85,1,0,0,0.9333333333333332,0.8,0.6666666666666666,1.0,0.6,0.625,0.25
1135,Williams College,https://www.williams.edu,United States,North America,78.18345114921203,A,90,15,12.0,92.7,,0,71.59378432058138,0,1,4,0,1,0,0,0,0,0,0,10,1,0,1,1,1,1,1,1,1,1,1,1,0,1,1,1,1,0,1,1,1,1,0,0,1,1,0,1,1,1,21.0,1,0,0,0,0,0,90,1,2,1,0,1,1,100.0,1,1,0,0.0,3,3,0.3581953960608494,1.0986122886681098,1,12,0.85,0,0,0,0.7333333333333333,0.8,0.6666666666666666,0.6666666666666666,0.4,1.0,0.0
5149,University of Auckland,https://www.auckland.ac.nz,New Zealand,South & Central Asia + Oceania,78.12083304251624,A,91,38,,92.7,,0,78.36584448694354,0,1,2,1,0,0,0,1,1,0,1,0,1,1,1,0,0,0,1,0,1,0,1,1,1,1,1,1,1,1,1,1,1,1,1,0,1,1,0,1,1,1,8.84,0,0,1,0,0,0,100,1,0,1,1,1,1,83.3,1,1,0,,1,2,-0.1544414189578188,0.0,0,13,0.35,1,0,0,0.9333333333333332,0.8,0.6666666666666666,1.0,0.4,0.375,0.25
5406,NIT Agartala,https://www.nita.ac.in,India,South & Central Asia + Oceania,78.01631469286991,A,92,39,15.0,92.6,,0,74.74511500983502,1,1,10,0,0,0,0,0,0,0,1,10,1,1,1,1,1,1,0,0,1,0,1,1,1,1,1,1,1,1,0,1,1,1,1,1,0,0,0,1,1,1,15.43,1,0,0,0,0,0,75,1,0,1,1,1,0,96.7,1,1,0,0.0,3,3,0.1000666577876813,0.0,0,9,0.9266666666666666,0,0,0,0.8666666666666667,0.6,0.6666666666666666,0.6666666666666666,0.4,0.625,0.0
4147,Nanyang Technological University,https://www.ntu.edu.sg,Singapore,Asia (East & Southeast),77.8652957172835,A,93,4,,92.5,,0,84.27226931135532,1,1,7,1,0,1,1,1,1,0,1,0,1,1,1,1,1,0,0,0,1,0,1,1,1,1,1,1,1,1,1,1,1,1,1,1,1,1,0,1,1,1,12.63,1,1,1,0,0,0,100,1,0,1,1,1,1,47.1,1,0,0,0.0,3,1,-0.6283586623761002,0.0,0,13,1.0,0,0,0,1.0,0.8,0.3333333333333333,1.0,0.8,0.5,0.25
6530,National University of Science and Technology Zimbabwe,https://www.nust.ac.zw,Sub-Saharan Africa,Latin America & Africa,77.83513514979691,A,94,10,,92.4,,0,72.46453287902179,1,1,9,1,0,0,0,0,0,0,1,0,1,1,1,1,0,0,1,0,1,0,1,1,1,1,1,1,0,1,1,1,1,1,1,0,1,0,0,1,0,0,21.0,1,1,0,0,0,0,90,1,0,1,1,1,1,90.9,1,0,0,,1,1,-0.4700988003750022,0.0,0,12,1.0,1,0,0,0.8666666666666667,0.2,0.3333333333333333,1.0,0.6,0.5,0.0
1062,Lehigh University,https://www1.lehigh.edu,United States,North America,77.8019819727041,A,95,16,13.0,92.3,,0,80.69104876105413,1,1,12,1,0,1,0,1,1,1,1,10,1,0,1,1,1,1,1,1,1,0,1,1,1,1,1,1,1,1,1,1,1,1,0,0,0,1,0,1,1,1,18.42,1,1,1,0,0,1,75,1,0,1,1,1,1,76.7,1,1,0,19.0,3,3,0.3819863684990998,0.0,0,9,0.78,0,0,0,0.8,0.8,0.6666666666666666,1.0,0.8,0.875,0.5
5323,University of Barisal,https://www.bu.ac.bd,Bangladesh,South & Central Asia + Oceania,77.79771528440284,A,96,40,3.0,92.3,79.57964192717392,1,69.84180805449,1,1,11,0,0,0,0,0,0,0,0,10,1,1,1,1,1,0,1,0,1,0,1,1,1,1,1,1,1,1,0,1,0,1,1,0,0,1,1,1,1,1,15.43,1,1,0,0,0,0,75,1,2,1,1,1,1,95.2,1,0,0,0.0,3,1,-1.0198670192537331,1.0986122886681098,1,9,0.8533333333333334,0,0,0,0.7333333333333333,1.0,0.3333333333333333,1.0,0.4,0.5,0.0
6117,University of South Africa,https://www.unisa.ac.za,South Africa,Latin America & Africa,77.64670955085879,A,97,11,4.0,92.2,,0,74.90875909837732,1,1,9,1,0,0,0,0,1,1,1,10,1,1,1,1,1,0,1,0,1,0,1,1,1,1,1,1,1,1,1,1,1,1,0,0,1,0,0,1,1,1,15.43,1,0,0,0,0,0,75,1,0,1,1,0,0,82.9,1,0,0,0.0,3,2,2.215519349061194,0.0,0,9,1.0,0,0,0,0.8666666666666667,0.6,0.3333333333333333,0.3333333333333333,0.6,0.625,0.0
3199,University of Tartu,https://www.ut.ee,Baltics,Eastern & Southern Europe,77.42041415217513,A,98,9,,92.1,,0,88.1331621532241,1,1,8,1,1,0,0,1,1,1,1,10,1,1,1,1,1,1,1,0,1,0,1,1,1,1,1,1,1,1,1,1,1,1,1,0,1,0,0,0,1,1,15.43,1,1,0,0,0,0,75,1,0,1,1,1,1,74.1,1,1,0,0.0,3,3,-1.2857140954176718,0.0,0,9,1.0,0,0,0,0.9333333333333332,0.4,0.6666666666666666,1.0,0.8,0.75,0.0
3210,Lithuanian University of Health Sciences,https://www.lsmuni.lt,Baltics,Eastern & Southern Europe,77.3431448849416,A,99,10,,92.0,,0,73.7681975806058,1,1,5,1,1,0,0,0,1,1,0,0,1,0,1,1,0,0,0,1,1,0,1,1,1,1,1,1,1,1,1,1,0,1,0,0,0,1,0,1,1,1,21.0,1,1,0,0,0,0,75,1,0,1,1,1,1,77.8,1,1,0,0.0,3,2,0.3204794570789812,0.0,0,9,1.0,0,0,0,0.7333333333333333,0.8,0.6666666666666666,1.0,0.8,0.5,0.0
1015,Northwestern University,https://www.northwestern.edu,United States,North America,77.30211030436001,A,100,17,14.0,91.9,,0,79.62859667371586,1,1,6,1,0,0,0,1,0,0,1,0,1,1,1,1,1,0,1,1,1,0,1,1,1,1,1,1,1,1,1,1,1,1,1,0,0,1,0,1,1,1,13.19,1,1,1,0,1,0,75,1,0,1,1,1,1,97.2,1,1,0,23.0,3,1,-0.3014823572488885,0.0,0,9,1.0,0,0,0,0.8666666666666667,0.8,0.6666666666666666,1.0,0.6,0.75,0.5
2008,London School of Economics,https://www.lse.ac.uk,United Kingdom,Western & Northern Europe,77.19064379993935,A,101,19,6.0,91.8,,0,80.04706020915071,1,1,3,1,0,0,0,1,0,0,1,1,1,1,1,1,1,0,1,0,1,0,1,1,1,1,1,1,1,1,1,1,1,1,0,0,1,1,0,1,1,1,12.63,1,1,0,0,1,1,75,1,1,1,1,1,1,94.1,1,1,0,11.0,3,2,0.3051729226814735,0.6931471805599453,1,9,0.6,0,0,0,0.8666666666666667,0.8,0.6666666666666666,1.0,0.6,0.625,0.5
5141,University of Canberra,https://www.canberra.edu.au,Australia,South & Central Asia + Oceania,77.1572390655139,A,102,41,13.0,91.8,,0,76.94152391089625,1,1,16,1,0,0,0,1,0,0,1,0,1,1,1,1,1,0,0,0,1,0,0,1,1,1,1,1,1,1,1,1,1,1,0,0,1,1,0,1,1,1,12.63,1,1,0,0,0,0,100,1,0,1,1,1,1,82.9,1,1,0,0.0,3,1,0.1044829290422628,0.0,0,13,0.57,0,0,0,0.8,0.8,0.6666666666666666,1.0,0.6,0.5,0.0
5009,Indian Institute of Technology Hyderabad,https://www.iith.ac.in,India,South & Central Asia + Oceania,77.01287837912444,A,103,42,16.0,91.7,,0,70.98852464040266,1,1,20,0,0,0,1,1,1,0,1,6,1,1,1,1,1,0,0,1,1,0,1,1,1,1,1,1,1,1,1,1,1,1,1,1,0,0,0,1,1,1,12.23,1,1,0,0,0,0,75,1,0,1,0,1,1,91.4,1,0,0,0.0,3,2,-0.0919593589855945,0.0,0,9,0.45,0,0,0,0.9333333333333332,0.6,0.3333333333333333,0.6666666666666666,0.4,0.625,0.0
2099,University of Poitiers,https://www.univ-poitiers.fr,France,Western & Northern Europe,76.88427540541953,A,104,20,2.0,91.6,82.90341530925558,1,74.3892865841691,1,1,9,1,1,0,0,0,0,0,1,0,1,1,1,0,0,0,1,1,1,1,0,1,1,1,1,1,1,1,1,1,1,1,1,0,0,0,1,0,1,0,13.55,1,0,0,0,0,0,90,1,0,1,1,1,0,90.9,1,1,0,0.0,3,1,-0.3786099681519512,0.0,0,12,1.0,0,0,0,0.8,0.4,0.6666666666666666,0.6666666666666666,0.8,0.625,0.0
2075,University of Bremen,https://www.uni-bremen.de,Germany,Western & Northern Europe,76.79102288465356,A,105,21,5.0,91.5,,0,85.3598365351491,1,1,3,1,1,0,0,1,1,1,1,10,1,1,1,1,1,1,1,0,1,0,1,1,1,1,1,1,1,1,1,1,1,1,1,0,0,1,1,1,1,1,16.1,1,1,0,0,1,1,90,1,0,1,1,1,0,89.1,1,1,0,12.0,3,3,-0.8900494286260094,0.0,0,12,0.6,0,0,0,0.8666666666666667,1.0,0.6666666666666666,0.6666666666666666,0.8,0.75,0.5
2307,Hasselt University,https://www.uhasselt.be,Belgium/Ireland/Iceland,Western & Northern Europe,76.54596269393102,A,106,22,,91.4,,0,66.9213684227991,1,1,5,1,1,0,0,1,0,0,0,8,0,0,1,1,0,0,1,0,1,0,1,1,1,1,1,1,0,1,1,1,1,1,1,0,1,0,0,1,1,0,21.0,1,0,0,0,0,1,90,1,0,0,1,1,1,97.3,1,0,0,,0,1,-0.4097241558613997,0.0,0,12,1.0,1,0,0,0.8666666666666667,0.4,0.3333333333333333,1.0,0.8,0.375,0.25
5419,Gauhati University,https://www.gauhati.ac.in,India,South & Central Asia + Oceania,76.53864317452414,A,107,43,17.0,91.4,,0,85.56119797759195,1,1,7,1,0,0,0,1,1,1,1,10,1,1,1,1,0,1,0,0,1,0,1,1,1,1,1,1,1,1,1,1,1,1,0,0,1,0,1,1,1,1,16.81,1,1,0,0,0,0,90,1,0,1,1,1,1,58.5,1,1,0,0.0,3,3,-1.264070463071877,0.0,0,12,1.0,0,0,0,0.8666666666666667,0.8,0.6666666666666666,1.0,0.6,0.5,0.0
1054,University of Colorado Boulder,https://www.colorado.edu,United States,North America,76.23156496744447,A,108,18,15.0,91.3,,0,79.41972466208014,1,1,6,1,1,0,0,1,0,0,1,0,1,1,1,1,1,1,1,0,1,0,1,1,1,1,1,1,1,1,1,1,1,0,0,0,1,0,0,1,1,1,18.88,1,0,0,0,0,1,90,1,0,1,0,1,0,92.3,1,1,0,0.0,3,3,-0.7219982297320023,0.0,0,12,1.0,0,0,0,0.8,0.6,0.6666666666666666,0.3333333333333333,0.8,0.75,0.25
1164,Pepperdine University,https://www.pepperdine.edu,United States,North America,76.10682016447907,A,109,19,16.0,91.2,,0,76.2095829276833,1,1,5,1,0,0,0,1,1,1,0,1,1,1,1,1,1,0,0,1,0,1,1,1,1,1,1,1,1,1,1,1,0,1,0,0,0,1,0,1,1,1,21.0,0,0,0,0,0,1,75,1,0,1,1,1,1,78.6,1,1,0,1.0,3,2,-0.0040952017707563,0.0,0,9,1.0,0,0,0,0.7333333333333333,0.8,0.6666666666666666,1.0,0.6,0.625,0.25
5038,NIT Calicut,https://www.nitc.ac.in,India,South & Central Asia + Oceania,75.95494864828446,A,110,44,18.0,91.1,,0,74.06180516796846,1,1,8,1,1,0,0,1,1,1,1,10,1,1,1,1,1,0,1,0,1,0,1,1,1,1,1,1,1,0,1,1,0,1,1,1,0,0,0,0,1,0,13.85,1,0,0,0,0,0,75,1,0,1,1,1,1,86.6,1,0,0,0.0,3,2,0.02400865284767,0.0,0,9,1.0,0,0,0,0.8,0.2,0.3333333333333333,1.0,0.8,0.625,0.0
5011,Indian Institute of Technology BHU Varanasi,https://www.iitbhu.ac.in,India,South & Central Asia + Oceania,75.94604514352197,A,111,45,19.0,91.0,,0,79.15678230351917,1,1,11,0,1,0,0,1,0,0,1,10,1,1,1,1,1,1,1,1,1,1,1,1,1,1,1,1,1,1,0,1,1,1,1,1,0,0,1,1,1,1,15.43,1,0,0,0,0,0,75,1,1,1,0,1,1,84.1,1,1,0,18.0,3,3,0.2912748465508498,0.6931471805599453,1,9,0.8533333333333334,0,0,0,0.8666666666666667,0.8,0.6666666666666666,0.6666666666666666,0.6,1.0,0.0
4124,National Taiwan University,https://www.ntu.edu.tw,Taiwan,Asia (East & Southeast),75.8364954835324,A,112,5,,90.9,,0,73.10209550042758,1,1,5,1,0,0,1,1,0,0,1,6,1,1,1,1,1,0,0,1,1,0,1,1,1,1,1,1,1,1,0,1,1,1,1,0,0,1,1,1,1,1,21.0,1,1,0,0,0,0,100,1,1,0,1,1,0,100.0,1,0,0,,1,2,-0.9116042736458608,0.6931471805599453,1,13,1.0,1,0,0,0.8,1.0,0.3333333333333333,0.6666666666666666,0.6,0.625,0.0
5004,Indian Institute of Technology Kanpur,https://www.iitk.ac.in,India,South & Central Asia + Oceania,75.76098975336205,A,113,46,20.0,90.9,,0,75.2266607252073,1,1,8,1,1,0,0,0,1,0,1,0,1,1,1,1,1,0,1,1,1,0,1,1,1,1,1,1,1,1,1,1,0,1,1,0,0,1,0,1,1,1,17.04,1,1,0,0,0,0,90,1,0,0,1,1,1,97.3,1,1,0,,1,1,1.0865308035795278,0.0,0,12,1.0,1,0,0,0.8,0.8,0.6666666666666666,1.0,0.8,0.75,0.0
3071,University of Vigo,https://www.uvigo.gal,Spain,Eastern & Southern Europe,75.47968050426887,A,114,11,1.0,90.8,,0,80.6336817300368,1,1,3,1,1,0,1,1,1,1,1,10,1,1,1,1,1,1,1,0,1,0,1,1,1,1,1,1,1,1,1,1,1,1,0,0,0,1,0,0,1,1,21.0,1,1,0,0,0,0,75,1,0,1,1,1,0,78.9,1,1,0,0.0,3,3,-0.0676001792073858,0.0,0,9,0.6,0,0,0,0.8,0.6,0.6666666666666666,0.6666666666666666,0.8,0.75,0.0
2102,Delft University of Technology,https://www.tudelft.nl,Netherlands,Western & Northern Europe,75.43913585767486,A,115,23,2.0,90.7,,0,76.51469911334263,1,1,2,1,1,0,0,0,0,0,1,10,1,0,1,1,1,1,1,0,1,0,1,1,1,1,1,1,1,1,1,1,1,1,1,0,0,0,0,0,1,1,14.85,1,1,0,0,1,1,100,1,0,1,1,1,1,87.0,1,1,0,0.0,3,1,0.0839704944346138,0.0,0,13,0.35,0,0,0,0.8666666666666667,0.4,0.6666666666666666,1.0,0.8,0.75,0.5
5085,Air University,https://www.au.edu.pk,Pakistan,South & Central Asia + Oceania,75.24115153494357,A,116,47,3.0,90.6,,0,77.2310360806784,1,1,9,0,0,0,0,1,1,1,1,10,1,1,1,1,1,1,1,0,1,0,1,1,1,1,1,1,1,1,1,1,1,1,1,0,1,1,0,1,1,1,6.38,1,1,0,0,1,0,75,1,0,1,0,1,1,75.9,1,0,0,270.0,2,1,0.1782510155539725,0.0,0,9,1.0,0,0,0,0.9333333333333332,0.8,0.3333333333333333,0.6666666666666666,0.4,0.625,0.25
5404,Indian Institute of Technology Tirupati,https://www.iittp.ac.in,India,South & Central Asia + Oceania,75.04218257446242,A,117,48,21.0,90.5,,0,78.61115718632576,1,1,10,0,0,0,0,0,1,1,1,6,1,1,1,1,1,1,1,0,1,0,1,1,1,1,1,1,1,1,1,1,1,1,1,1,0,1,0,1,1,1,18.24,1,1,0,0,0,0,75,1,0,1,1,1,1,100.0,1,0,0,101.0,2,3,-0.9127315499296312,0.0,0,9,0.9266666666666666,0,0,0,0.9333333333333332,0.8,0.3333333333333333,1.0,0.4,0.75,0.0
2064,Leipzig University,https://www.uni-leipzig.de,Germany,Western & Northern Europe,75.04031688658696,A,118,24,6.0,90.5,,0,80.00614366462422,1,1,5,1,1,0,0,1,1,1,1,10,1,0,1,1,1,1,0,1,1,0,1,1,1,1,1,1,1,1,1,1,1,1,1,0,0,0,1,1,1,0,12.64,1,1,0,0,1,0,100,1,0,1,1,1,0,100.0,1,1,0,0.0,3,3,0.7920613444160451,0.0,0,13,1.0,0,0,0,0.8666666666666667,0.6,0.6666666666666666,0.6666666666666666,0.8,0.75,0.25
2197,Dublin City University,https://www.dcu.ie,Belgium/Ireland/Iceland,Western & Northern Europe,75.03082811595007,A,119,25,,90.4,,0,82.01990273937427,1,1,6,1,0,0,0,1,1,1,1,6,1,1,1,1,1,1,1,0,1,0,1,1,1,1,1,1,1,1,1,1,1,1,1,0,0,1,0,0,1,1,15.29,1,1,1,0,1,0,75,1,0,1,1,1,0,99.2,1,1,0,11.0,3,3,0.5076582223843683,0.0,0,9,1.0,0,0,0,0.8666666666666667,0.6,0.6666666666666666,0.6666666666666666,0.6,0.75,0.5
4199,University of San Carlos,https://www.usc.edu.ph,Philippines,Asia (East & Southeast),74.90143705434795,A,120,6,,90.3,,0,75.34241057179274,1,1,6,1,0,0,0,1,1,1,1,0,1,0,1,0,0,1,1,0,1,0,1,1,1,1,1,1,1,1,0,1,1,1,0,0,0,1,0,1,1,1,17.58,1,1,0,0,1,0,75,1,0,1,1,1,1,86.0,1,1,0,3.0,3,1,-1.6386281650726473,0.0,0,9,1.0,0,0,0,0.7333333333333333,0.8,0.6666666666666666,1.0,0.6,0.5,0.25
4104,Gwangju Institute of Science and Technology,https://www.gist.ac.kr,South Korea,Asia (East & Southeast),74.89114585477688,A,121,7,1.0,90.2,,0,70.47357856438533,0,1,8,1,0,0,0,1,0,0,1,10,1,1,1,0,0,1,1,0,1,0,1,1,1,1,1,1,1,1,0,1,0,1,1,0,0,1,0,1,1,1,9.44,1,0,0,0,0,0,75,1,0,0,0,1,1,92.4,1,0,0,0.0,3,1,0.548679740705839,0.0,0,9,1.0,0,0,0,0.7333333333333333,0.8,0.3333333333333333,0.6666666666666666,0.4,0.5,0.0
1155,Reed College,https://www.reed.edu,United States,North America,74.80200705844463,A,122,20,17.0,90.1,,0,67.57732973746374,1,1,4,1,0,0,0,0,0,0,1,0,1,0,1,1,1,0,0,1,1,0,1,1,0,1,1,1,1,0,1,1,1,1,1,0,1,1,0,1,1,1,21.0,1,0,0,0,0,0,75,1,0,1,1,1,1,75.0,1,0,0,,0,2,0.1645285327038619,0.0,0,9,0.85,1,0,0,0.8,0.8,0.3333333333333333,1.0,0.6,0.625,0.0
1130,Colgate University,https://www.colgate.edu,United States,North America,74.8019112628737,A,123,21,18.0,90.0,,0,69.49441327960736,1,1,5,1,0,0,0,0,0,0,0,9,1,1,1,0,0,0,0,1,1,0,1,1,1,1,1,1,1,1,1,1,0,1,1,0,0,1,0,1,1,1,21.0,1,1,0,0,0,1,75,1,0,1,0,1,0,100.0,1,0,0,,1,2,-0.1608234500262491,0.0,0,9,1.0,1,0,0,0.8,0.8,0.3333333333333333,0.3333333333333333,0.6,0.375,0.25
5183,Samarkand State University,https://www.samdu.uz,Central Asia,South & Central Asia + Oceania,74.78693308528891,A,124,49,,90.0,,0,76.17413802248757,1,1,8,1,1,0,1,1,1,2,1,10,1,0,1,1,1,1,0,0,1,0,1,1,1,1,1,1,1,1,1,1,0,1,0,1,0,1,0,1,1,1,14.22,1,0,0,0,1,0,75,1,2,1,1,1,1,94.1,1,0,0,3.0,3,1,0.1376867462526333,1.0986122886681098,1,9,1.0,0,0,0,0.8,0.8,0.3333333333333333,1.0,0.8,0.625,0.25
4057,Kyoto University,https://www.kyoto-u.ac.jp,Japan,Asia (East & Southeast),74.7868848884895,A,125,8,1.0,89.9,,0,76.24077910222992,1,1,4,1,1,0,0,0,0,0,1,1,1,0,1,1,1,1,0,0,1,0,1,1,1,1,1,1,1,0,1,1,1,1,0,0,0,1,1,1,1,1,18.77,1,1,0,0,0,1,90,1,0,1,1,1,0,76.7,1,0,0,0.0,3,3,-1.8257151100164524,0.0,0,12,0.85,0,0,0,0.7333333333333333,1.0,0.3333333333333333,0.6666666666666666,0.8,0.625,0.25
5108,Chittagong University of Engineering and Technology,https://www.cuet.ac.bd,Bangladesh,South & Central Asia + Oceania,74.76076880531718,A,126,50,4.0,89.8,,0,71.96225316239398,1,1,10,0,0,0,0,0,0,0,1,0,1,1,1,1,1,0,0,0,1,0,1,1,1,1,1,1,1,1,0,1,0,1,1,0,1,1,0,1,1,1,5.33,1,1,0,0,0,0,75,1,0,1,1,1,0,100.0,1,0,0,0.0,3,2,-0.9480617199662816,0.0,0,9,0.9266666666666666,0,0,0,0.8,0.8,0.3333333333333333,0.6666666666666666,0.4,0.5,0.0
5107,Rajshahi University of Engineering and Technology,https://www.ruet.ac.bd,Bangladesh,South & Central Asia + Oceania,74.65220686502427,A,127,51,5.0,89.7,79.55683163033956,1,79.11494887915443,1,1,11,1,0,0,0,1,1,1,1,10,1,0,1,1,1,1,1,0,1,0,1,1,1,1,1,1,1,1,0,1,0,1,1,0,1,1,0,1,0,1,14.53,1,1,0,0,1,0,75,1,0,1,1,1,1,39.4,1,0,0,4.0,3,3,-1.2166364384856336,0.0,0,9,0.8533333333333334,0,0,0,0.8,0.6,0.3333333333333333,1.0,0.6,0.75,0.25
2144,BI Norwegian Business School,https://www.bi.edu,Norway,Western & Northern Europe,74.58125456270339,A,128,26,,89.6,,0,68.20840121012006,1,1,2,1,1,0,0,1,1,1,0,0,1,0,1,1,1,0,1,0,1,0,0,1,0,1,1,1,1,1,0,1,1,1,1,0,1,0,0,1,1,1,21.0,1,0,0,0,0,0,90,1,0,1,1,1,1,85.7,1,0,0,0.0,3,1,-0.1950848765845017,0.0,0,12,0.35,0,0,0,0.7333333333333333,0.6,0.3333333333333333,1.0,0.8,0.625,0.0
3204,Vilnius Gediminas Technical University,https://www.vilniustech.lt,Baltics,Eastern & Southern Europe,74.46391640245398,A,129,12,,89.6,,0,76.91674846588332,1,1,1,1,1,0,0,0,0,0,1,6,1,1,1,1,1,0,1,0,1,0,1,1,1,1,1,1,1,1,1,1,1,1,0,0,1,1,0,0,1,1,21.0,1,1,0,0,1,1,90,1,1,1,1,1,0,98.3,1,0,0,0.0,3,2,-0.4255098113770895,0.6931471805599453,1,12,0.15,0,0,0,0.8666666666666667,0.6,0.3333333333333333,0.6666666666666666,0.8,0.625,0.5
1003,Stanford University,https://www.stanford.edu,United States,North America,74.4524580830513,A,130,22,19.0,89.5,,0,74.72735527185012,0,1,4,1,0,0,0,0,1,1,1,0,1,0,1,1,1,1,1,1,1,0,1,1,1,1,1,1,1,1,1,1,1,1,0,0,0,0,0,1,1,0,18.88,1,0,0,0,0,0,100,1,0,1,1,1,1,100.0,1,1,0,5.0,3,3,-0.0341469564295992,0.0,0,13,0.85,0,0,0,0.8,0.4,0.6666666666666666,1.0,0.4,0.875,0.0
4092,Sophia University,https://www.sophia.ac.jp,Japan,Asia (East & Southeast),74.44671612504794,A,131,9,2.0,89.4,,0,82.41065667670159,1,1,5,1,1,0,0,0,0,0,1,7,1,0,1,1,1,1,1,1,1,0,1,1,1,1,1,1,1,1,1,1,1,1,0,1,1,0,1,1,1,1,13.46,1,1,0,0,0,1,100,1,1,0,1,1,1,41.6,1,0,0,0.0,3,3,0.0990675665666944,0.6931471805599453,1,13,1.0,0,0,0,0.9333333333333332,0.8,0.3333333333333333,1.0,0.8,0.875,0.25
5124,Queensland University of Technology,https://www.qut.edu.au,Australia,South & Central Asia + Oceania,74.39249155093796,A,132,52,14.0,89.3,,0,79.36174726056797,0,1,16,1,0,0,0,1,0,0,1,0,1,1,1,1,1,0,1,0,1,0,1,1,1,1,1,1,1,1,1,1,1,1,1,1,1,1,0,1,1,1,11.46,1,0,1,0,0,1,75,1,0,1,1,1,1,20.0,1,0,0,0.0,3,2,0.1203487924383511,0.0,0,9,0.57,0,0,0,1.0,0.8,0.3333333333333333,1.0,0.4,0.625,0.5
1024,Carnegie Mellon University,https://www.cmu.edu,United States,North America,74.31695804931354,A,133,23,20.0,89.2,,0,73.71254920799615,1,1,4,1,0,0,0,1,0,0,1,10,1,1,1,1,1,0,1,1,1,0,1,1,1,1,1,1,1,1,1,1,1,0,0,0,0,1,0,1,1,1,21.0,1,1,0,0,0,0,90,1,0,1,1,1,1,100.0,1,1,0,0.0,3,2,0.6791648312365461,0.0,0,12,0.85,0,0,0,0.7333333333333333,0.8,0.6666666666666666,1.0,0.6,0.75,0.0
1019,"University of California, San Diego",https://www.ucsd.edu,United States,North America,74.14016535465868,A,134,24,21.0,89.2,,0,72.7083376462235,1,1,7,1,0,0,0,1,1,1,1,2,1,0,1,1,1,0,1,1,1,0,1,1,1,1,1,1,1,1,1,1,1,1,0,0,0,1,0,1,1,1,14.18,1,0,0,0,0,0,75,1,0,0,1,1,1,89.3,1,1,0,5.0,3,2,2.657989398425074,0.0,0,9,1.0,0,0,0,0.8,0.8,0.6666666666666666,1.0,0.6,0.75,0.0
5310,Chandigarh University,https://www.cuchd.in,India,South & Central Asia + Oceania,74.09333857598762,A,135,53,22.0,89.1,,0,75.96020414864577,1,1,8,1,0,0,1,1,1,2,1,10,1,1,1,1,1,0,1,0,1,0,1,1,1,1,1,1,1,1,0,1,1,1,0,0,1,1,0,1,1,1,15.43,1,1,0,0,1,0,100,1,0,1,1,1,1,86.8,1,0,0,,0,1,0.0199195127971317,0.0,0,13,1.0,1,0,0,0.8,0.8,0.3333333333333333,1.0,0.6,0.625,0.25
2084,University of Strasbourg,https://www.unistra.fr,France,Western & Northern Europe,74.08374591280412,A,136,27,3.0,89.0,,0,87.13810278375009,1,1,6,1,0,0,0,0,1,0,1,0,1,1,1,1,1,1,1,0,1,0,1,1,1,1,1,1,1,1,1,1,1,1,1,1,1,0,1,1,1,1,18.88,0,1,0,0,0,0,75,1,0,1,1,1,0,26.5,1,1,0,0.0,3,3,-1.1394490894845568,0.0,0,9,1.0,0,0,0,1.0,0.8,0.6666666666666666,0.6666666666666666,0.6,0.75,0.0
2016,University of Nottingham,https://www.nottingham.ac.uk,United Kingdom,Western & Northern Europe,73.99484579316305,A,137,28,7.0,88.9,71.36700434350409,1,76.87971932455629,1,1,6,1,0,0,1,1,0,0,1,2,1,1,1,1,1,0,0,0,1,0,0,1,1,1,1,1,1,1,1,1,1,1,0,0,1,1,0,1,1,1,15.41,1,1,0,0,0,0,75,1,0,1,1,0,1,100.0,1,1,0,,0,2,-0.6243634351382976,0.0,0,9,1.0,1,0,0,0.8,0.8,0.6666666666666666,0.6666666666666666,0.6,0.5,0.0
2011,University of Glasgow,https://www.gla.ac.uk,United Kingdom,Western & Northern Europe,73.96380831960107,A,138,29,8.0,88.8,64.56849283039783,1,68.77347968112925,1,1,4,1,0,0,0,1,0,0,1,0,1,0,0,0,0,0,0,0,1,0,1,1,1,1,1,1,1,1,1,1,1,1,0,0,0,1,0,1,1,1,12.29,1,0,0,0,0,1,90,1,0,1,1,1,1,96.9,1,1,0,0.0,3,2,-1.0152354182382433,0.0,0,12,0.85,0,0,0,0.8,0.8,0.6666666666666666,1.0,0.6,0.25,0.25
1138,Swarthmore College,https://www.swarthmore.edu,United States,North America,73.95883662918558,A,139,25,22.0,88.7,,0,76.68193454513968,1,1,5,1,0,0,0,0,0,0,0,4,1,1,1,1,1,1,0,1,1,0,1,1,0,1,1,1,1,1,1,1,1,1,0,0,0,1,0,1,1,1,21.0,1,1,0,0,0,0,75,1,0,1,1,1,1,91.7,1,1,0,0.0,3,3,-0.0746333481227623,0.0,0,9,1.0,0,0,0,0.7333333333333333,0.8,0.6666666666666666,1.0,0.6,0.75,0.0
5417,Central University of Tamil Nadu,https://www.cutn.ac.in,India,South & Central Asia + Oceania,73.94934444657514,A,140,54,23.0,88.7,,0,72.18773858082264,1,1,4,0,0,0,0,1,0,0,1,10,1,1,1,1,1,1,0,1,1,0,1,1,1,1,1,1,1,1,1,1,1,1,1,0,0,0,0,1,1,0,13.77,1,1,0,0,0,0,75,1,0,0,0,1,1,97.7,1,1,0,4.0,3,3,2.08428097591086,0.0,0,9,0.85,0,0,0,0.8666666666666667,0.4,0.6666666666666666,0.6666666666666666,0.4,0.75,0.0
3209,Estonian University of Life Sciences,https://www.emu.ee,Baltics,Eastern & Southern Europe,73.91807956926587,A,141,13,,88.6,81.96578414949384,1,81.03392009663156,1,1,4,1,1,0,0,0,0,0,1,4,1,1,1,1,1,1,1,1,1,0,1,1,1,1,1,1,1,1,1,1,0,1,0,0,0,1,1,0,1,1,15.43,1,1,0,0,0,0,75,1,0,1,0,1,1,82.4,1,1,0,11.0,3,3,-0.3001606276066664,0.0,0,9,0.85,0,0,0,0.7333333333333333,0.8,0.6666666666666666,0.6666666666666666,0.8,0.875,0.0
3021,Bocconi University,https://www.unibocconi.it,Italy,Eastern & Southern Europe,73.77258495471351,A,142,14,2.0,88.5,,0,74.19068487869117,1,1,2,1,1,0,0,1,0,0,0,1,1,1,1,1,1,0,0,1,1,0,1,1,1,1,1,1,1,1,1,1,0,1,1,0,0,1,0,1,1,1,19.32,1,0,0,0,1,0,100,1,0,1,1,1,1,75.0,1,1,0,,1,1,-0.4079106423090357,0.0,0,13,0.35,1,0,0,0.8,0.8,0.6666666666666666,1.0,0.8,0.625,0.25
2198,University of Limerick,https://www.ul.ie,Belgium/Ireland/Iceland,Western & Northern Europe,73.73211817672046,A,143,30,,88.4,,0,74.69676565149402,1,1,5,1,0,0,0,0,0,0,1,7,1,1,1,1,1,1,1,1,1,0,1,1,1,1,1,1,1,1,0,1,1,1,1,0,0,0,0,1,1,0,10.44,1,0,1,0,1,0,90,1,0,0,0,1,1,100.0,1,1,0,4.0,3,1,-0.5545995923835189,0.0,0,12,1.0,0,0,0,0.8,0.4,0.6666666666666666,0.6666666666666666,0.6,0.875,0.5
1165,San Diego State University,https://www.sdsu.edu,United States,North America,73.72467771076451,A,144,26,23.0,88.3,,0,75.82537825765829,1,1,4,1,0,0,0,1,1,1,0,7,1,0,1,1,1,1,0,1,1,0,1,1,1,1,1,1,1,1,1,1,1,1,0,0,0,1,0,1,1,1,21.0,1,1,0,0,0,0,75,1,0,1,1,1,1,100.0,1,1,0,,1,3,0.5566621924536242,0.0,0,9,0.85,1,0,0,0.8,0.8,0.6666666666666666,1.0,0.6,0.75,0.0
2036,University of Surrey,https://www.surrey.ac.uk,United Kingdom,Western & Northern Europe,73.69839728626266,A,145,31,9.0,88.3,,0,79.46105156604442,1,1,4,1,0,0,0,1,0,0,1,0,1,1,1,1,1,0,0,0,1,0,0,1,1,1,1,1,1,1,1,1,1,1,0,1,1,1,0,1,1,1,10.76,1,1,1,0,0,0,100,1,0,0,1,1,1,42.1,1,1,0,0.0,3,2,-0.466604780267735,0.0,0,13,0.85,0,0,0,0.8666666666666667,0.8,0.6666666666666666,1.0,0.6,0.5,0.25
3024,University of Parma,https://www.unipr.it,Italy,Eastern & Southern Europe,73.60380837450585,A,146,15,3.0,88.2,76.73080447879656,1,83.87492326450646,1,1,4,1,1,0,0,0,0,0,0,10,1,1,1,1,1,1,1,0,1,0,1,1,1,1,1,1,1,1,1,1,0,1,0,1,0,1,0,1,1,1,17.4,1,1,1,0,1,0,100,1,0,1,1,1,1,43.4,1,1,0,0.0,3,3,-1.4805620386711231,0.0,0,13,0.85,0,0,0,0.8,0.8,0.6666666666666666,1.0,0.8,0.75,0.5
3201,Tallinn University,https://www.tlu.ee,Baltics,Eastern & Southern Europe,73.53099336227153,A,147,16,,88.1,,0,79.50352561105777,1,1,2,1,1,0,0,0,1,1,1,10,1,1,1,1,1,1,1,0,1,0,1,1,1,1,1,1,1,1,1,1,1,1,0,0,1,1,0,0,1,1,9.98,1,1,0,0,0,0,75,1,0,0,1,1,0,98.1,1,0,0,0.0,3,3,0.0895352589002362,0.0,0,9,0.35,0,0,0,0.8666666666666667,0.6,0.3333333333333333,0.6666666666666666,0.8,0.75,0.0
3110,University of Algarve,https://www.ualg.pt,Portugal,Eastern & Southern Europe,73.26195162234843,A,148,17,,88.0,67.45596555420941,1,74.57814905524802,1,1,3,0,1,0,1,1,1,1,1,0,1,1,1,1,0,1,1,1,1,0,1,1,1,1,1,1,1,1,1,1,1,1,1,0,0,1,0,1,1,1,21.0,1,0,0,0,0,0,75,1,0,1,0,1,0,92.1,1,0,0,21.0,3,3,-0.006721420900547,0.0,0,9,0.6,0,0,0,0.8666666666666667,0.8,0.3333333333333333,0.3333333333333333,0.6,0.75,0.0
2158,IT University of Copenhagen,https://en.itu.dk,Denmark,Western & Northern Europe,73.19092991595555,A,149,32,,87.9,,0,77.06157635194155,1,1,5,1,1,1,0,1,0,0,1,3,1,0,1,1,1,1,0,1,1,0,1,1,0,1,1,1,0,1,1,1,1,1,1,0,1,1,0,0,1,1,12.63,1,1,0,0,1,0,75,1,0,0,1,0,1,85.7,1,1,0,2.0,3,1,1.725000816516537,0.0,0,9,1.0,0,0,0,0.8,0.6,0.6666666666666666,0.6666666666666666,1.0,0.75,0.25
1132,Union College,https://www.union.edu,United States,North America,73.07723334627897,A,150,27,24.0,87.8,,0,72.05187613502898,0,1,3,1,0,0,0,1,0,0,0,0,1,1,1,1,1,0,0,1,1,0,1,1,1,1,1,1,1,1,1,1,0,0,1,0,1,1,0,1,1,1,15.28,1,0,0,0,0,0,90,1,0,1,1,1,1,100.0,1,1,0,,0,1,-1.25270386929754,0.0,0,12,0.6,1,0,0,0.8,0.8,0.6666666666666666,1.0,0.4,0.625,0.0
1018,Dartmouth College,https://www.dartmouth.edu,United States,North America,73.01008993185337,A,151,28,25.0,87.8,,0,76.14796822006052,1,1,6,1,0,1,0,0,0,0,1,4,1,1,1,1,1,0,1,1,1,0,1,1,1,1,1,1,1,1,1,1,1,1,0,0,0,0,0,1,1,1,17.22,1,1,1,0,0,1,100,1,0,1,1,1,1,100.0,1,1,0,,0,2,0.064356017174386,0.0,0,13,1.0,1,0,0,0.8,0.6,0.6666666666666666,1.0,0.8,0.75,0.5
3206,University of Latvia,https://www.lu.lv,Baltics,Eastern & Southern Europe,72.95071432593241,A,152,18,,87.7,,0,72.94297732054437,1,1,5,0,1,0,1,1,0,0,1,10,1,1,1,0,0,1,0,0,1,0,1,1,1,1,1,1,1,1,1,1,1,1,0,0,0,0,0,1,1,1,17.22,1,1,0,1,1,0,50,1,0,1,0,0,1,96.7,1,0,0,7.0,3,3,1.038274138354599,0.0,0,5,1.0,0,0,0,0.8,0.6,0.3333333333333333,0.3333333333333333,0.6,0.375,0.5
2178,University of Zurich,https://www.uzh.ch,Switzerland/Austria,Western & Northern Europe,72.93413602066524,A,153,33,,87.6,74.5747012600983,1,78.38309242188936,1,1,3,0,1,0,0,1,1,1,1,7,1,1,1,1,1,1,0,1,1,0,1,1,1,1,1,1,1,1,1,1,1,1,1,0,0,0,0,1,1,1,18.73,1,0,0,0,1,1,75,1,0,1,1,1,1,67.9,1,1,0,0.0,3,3,0.6466997487109657,0.0,0,9,0.6,0,0,0,0.8666666666666667,0.6,0.6666666666666666,1.0,0.6,0.75,0.5
5104,Daffodil International University,https://www.daffodilvarsity.edu.bd,Bangladesh,South & Central Asia + Oceania,72.90142589347688,A,154,55,6.0,87.5,,0,71.27810642288757,1,1,6,0,0,0,1,1,1,1,1,2,1,0,1,0,0,1,1,1,1,0,1,1,1,1,1,1,1,0,1,1,1,1,0,1,0,1,1,1,1,1,21.0,1,0,1,0,0,0,90,1,0,1,1,1,0,93.0,1,0,0,3.0,3,1,-0.1739057255983808,0.0,0,12,1.0,0,0,0,0.8,1.0,0.3333333333333333,0.6666666666666666,0.4,0.625,0.25
5127,University of Wollongong,https://www.uow.edu.au,Australia,South & Central Asia + Oceania,72.8982008799994,A,155,56,15.0,87.4,,0,83.39320234466791,1,1,7,1,0,0,0,1,0,0,1,0,1,1,1,0,1,1,0,0,1,0,1,1,1,1,1,1,1,1,1,1,1,1,0,0,1,1,0,1,1,1,17.63,1,1,0,0,0,1,100,1,0,1,1,0,1,35.0,1,1,0,0.0,3,3,-0.0322579142477361,0.0,0,13,1.0,0,0,0,0.8666666666666667,0.8,0.6666666666666666,0.6666666666666666,0.6,0.5,0.25
2177,EPFL,https://www.epfl.ch,Switzerland/Austria,Western & Northern Europe,72.7424104948029,A,156,34,,87.4,,0,78.43489529624881,1,1,4,1,1,0,0,0,0,0,1,10,1,1,1,1,1,1,0,0,1,0,1,1,1,1,1,1,1,1,0,1,1,1,0,0,0,1,0,1,1,1,16.1,1,1,0,0,0,0,100,1,0,1,1,1,1,85.0,1,1,0,0.0,3,1,0.9644047747754116,0.0,0,13,0.85,0,0,0,0.7333333333333333,0.8,0.6666666666666666,1.0,0.8,0.5,0.0
5135,Central Queensland University,https://www.cqu.edu.au,Australia,South & Central Asia + Oceania,72.51696863242597,A,157,57,16.0,87.3,,0,71.5449844646168,1,1,4,1,0,1,0,0,0,0,0,0,1,0,1,1,1,0,0,1,1,0,0,1,1,1,1,1,0,1,1,1,1,1,0,0,1,0,1,1,1,0,21.0,0,0,0,0,0,1,75,1,0,1,1,1,1,91.1,1,1,0,,1,1,0.0109234046859476,0.0,0,9,0.85,1,0,0,0.7333333333333333,0.6,0.6666666666666666,1.0,0.8,0.625,0.25
3043,Autonomous University of Barcelona,https://www.uab.cat,Spain,Eastern & Southern Europe,72.47314231545921,A,158,19,2.0,87.2,,0,69.54933306501042,1,1,5,1,0,0,1,1,0,0,1,8,1,0,1,0,0,0,1,0,1,0,1,1,1,1,1,1,1,1,0,1,1,1,1,0,0,1,1,0,1,1,18.73,1,0,0,0,1,0,75,1,0,1,1,1,0,100.0,1,1,0,,1,0,-0.0173168390129468,0.0,0,9,1.0,1,0,0,0.8,0.8,0.6666666666666666,0.6666666666666666,0.6,0.25,0.25
2113,Tilburg University,https://www.tilburguniversity.edu,Netherlands,Western & Northern Europe,72.40218466162267,A,159,35,3.0,87.1,,0,72.79127768324564,0,1,10,1,1,1,0,1,0,0,1,1,1,1,1,1,1,0,0,0,1,0,1,1,1,1,1,1,0,1,1,1,1,1,1,1,0,0,0,1,1,1,21.0,1,0,0,0,0,0,100,1,0,1,0,1,0,100.0,1,1,0,,0,1,-0.1970295133163422,0.0,0,13,0.9266666666666666,1,0,0,0.8666666666666667,0.6,0.6666666666666666,0.3333333333333333,0.8,0.5,0.0
2174,LUT University,https://www.lut.fi,Finland,Western & Northern Europe,72.32880063639556,A,160,36,,87.0,,0,74.49293633227401,1,1,5,1,1,0,0,1,0,0,1,10,1,1,1,1,1,1,0,1,1,0,1,1,1,0,1,1,0,1,1,1,1,1,1,0,0,1,0,0,1,1,21.0,1,1,0,0,0,0,100,1,0,1,1,1,1,78.6,1,0,0,0.0,3,1,0.5142213713543299,0.0,0,13,1.0,0,0,0,0.7333333333333333,0.6,0.3333333333333333,1.0,0.8,0.625,0.0
5137,Edith Cowan University,https://www.ecu.edu.au,Australia,South & Central Asia + Oceania,72.3199749897785,A,161,58,17.0,86.9,,0,82.40354600145622,1,1,5,1,0,1,0,1,0,0,1,3,1,0,1,1,1,1,1,0,1,1,1,1,0,1,1,1,1,1,1,1,1,1,0,0,1,1,1,1,1,1,21.0,1,1,1,0,0,1,100,1,0,1,1,1,1,19.4,1,1,0,0.0,3,3,-0.5535414878903516,0.0,0,13,1.0,0,0,0,0.8,1.0,0.6666666666666666,1.0,0.8,0.875,0.5
1058,Rutgers University,https://www.rutgers.edu,United States,North America,72.02251382876764,A,162,29,26.0,86.9,,0,76.78786074856214,0,1,4,1,0,0,0,1,1,1,1,10,1,1,1,1,1,1,1,0,1,0,1,1,1,1,1,1,1,1,1,1,0,1,0,0,0,1,0,1,1,1,9.74,1,0,0,0,0,0,90,1,0,0,1,1,1,100.0,1,1,0,0.0,3,3,3.606915290326174,0.0,0,12,0.85,0,0,0,0.7333333333333333,0.8,0.6666666666666666,1.0,0.4,0.75,0.0
2005,University of Edinburgh,https://www.ed.ac.uk,United Kingdom,Western & Northern Europe,71.9912672812681,A,163,37,10.0,86.8,,0,77.01413172936057,1,1,10,1,0,0,0,1,1,1,1,0,1,0,1,1,1,1,0,0,1,0,1,1,1,1,1,1,0,1,1,1,0,1,1,0,0,1,0,1,0,1,9.28,1,1,0,0,0,0,100,1,0,1,1,1,1,100.0,1,1,0,1.0,3,3,-1.7187077559815531,0.0,0,13,0.9266666666666666,0,0,0,0.7333333333333333,0.6,0.6666666666666666,1.0,0.6,0.625,0.0
3036,Marche Polytechnic University,https://www.univpm.it,Italy,Eastern & Southern Europe,71.81074159516439,A,164,20,4.0,86.7,81.54629525968059,1,65.66094745973582,1,1,1,1,1,0,0,0,0,0,0,6,1,0,1,0,0,0,0,0,1,0,1,1,1,1,1,1,1,1,0,1,1,1,0,0,0,1,1,0,1,1,16.39,1,1,0,0,0,0,75,1,0,1,0,1,0,92.3,1,0,0,0.0,3,2,-0.0510785102863557,0.0,0,9,0.15,0,0,0,0.7333333333333333,0.8,0.3333333333333333,0.3333333333333333,0.8,0.25,0.0
1166,San Jose State University,https://www.sjsu.edu,United States,North America,71.75572869546022,A,165,30,27.0,86.6,,0,72.80859360717109,1,1,5,1,0,0,0,1,1,1,0,2,1,1,1,1,1,0,0,0,1,0,1,1,1,1,1,1,1,1,1,1,1,1,0,0,0,1,0,0,1,1,19.8,1,1,0,0,0,0,75,1,0,1,0,0,1,87.5,1,1,0,0.0,3,1,1.1862881911045189,0.0,0,9,1.0,0,0,0,0.8,0.6,0.6666666666666666,0.3333333333333333,0.6,0.5,0.0
5014,Indian Institute of Technology Gandhinagar,https://www.iitgn.ac.in,India,South & Central Asia + Oceania,71.68655936915626,A,166,59,24.0,86.5,72.30927755744791,1,73.78148000034696,1,1,5,1,1,0,0,0,0,0,1,1,1,1,1,0,0,0,1,1,1,0,1,1,1,1,1,1,1,1,1,1,0,1,1,0,0,0,0,1,1,1,8.06,1,0,1,0,0,0,75,1,1,1,1,1,1,81.5,1,0,0,0.0,3,1,-0.2470195497020048,0.6931471805599453,1,9,1.0,0,0,0,0.8,0.6,0.3333333333333333,1.0,0.8,0.5,0.25
2181,University of Basel,https://www.unibas.ch,Switzerland/Austria,Western & Northern Europe,71.6034536345036,A,167,38,,86.5,,0,75.46198603065561,1,1,5,1,1,0,0,1,1,3,1,0,1,1,1,1,1,0,0,1,1,0,1,1,1,1,1,1,1,1,1,1,1,1,1,0,0,0,1,1,1,1,15.91,1,0,0,0,1,1,75,1,0,1,1,1,1,95.8,1,0,0,,0,1,0.7594886791577162,0.0,0,9,1.0,1,0,0,0.8666666666666667,0.8,0.3333333333333333,1.0,0.8,0.625,0.5
3090,University of Gdansk,https://www.ug.edu.pl,Poland,Eastern & Southern Europe,71.59765068954431,A,168,21,3.0,86.4,64.59630645937315,1,69.54488988858178,1,1,8,0,0,0,0,0,0,0,1,8,1,1,0,1,1,1,1,0,1,0,1,1,1,1,1,1,1,1,1,1,1,1,0,1,0,1,0,0,1,1,18.42,1,1,1,0,0,0,75,1,0,1,0,1,0,97.4,1,1,0,1.0,3,1,0.8391161945130525,0.0,0,9,1.0,0,0,0,0.8666666666666667,0.6,0.6666666666666666,0.3333333333333333,0.4,0.625,0.25
1009,California Institute of Technology,https://www.caltech.edu,Canada,North America,71.58257640319913,A,169,31,4.0,86.3,,0,75.52120339071232,1,1,8,1,0,0,0,1,0,0,1,0,1,1,1,1,1,0,1,0,1,0,1,1,1,1,1,1,1,1,1,1,1,1,0,0,0,0,0,1,1,0,12.63,1,1,0,0,0,0,100,1,0,1,1,1,1,90.5,1,1,0,0.0,3,2,-1.4874832025697495,0.0,0,13,1.0,0,0,0,0.8,0.4,0.6666666666666666,1.0,0.6,0.625,0.0
1051,Michigan State University,https://msu.edu,United States,North America,71.57563066100161,A,170,32,28.0,86.2,,0,73.60315284727888,1,1,3,1,0,0,0,0,0,0,1,0,1,1,1,0,0,0,1,0,1,0,1,1,1,1,1,1,1,1,1,1,1,1,1,0,0,1,1,1,1,1,15.43,1,1,0,0,0,0,75,1,0,0,0,1,1,78.3,1,1,0,13.0,3,1,-0.4029070292224833,0.0,0,9,0.6,0,0,0,0.8666666666666667,1.0,0.6666666666666666,0.6666666666666666,0.6,0.375,0.0
5153,Massey University,https://www.massey.ac.nz,New Zealand,South & Central Asia + Oceania,71.50604408988409,A,171,60,,86.1,,0,77.42362719281513,1,1,19,1,0,0,0,1,0,0,1,0,1,1,1,1,1,0,1,0,1,0,1,1,1,1,1,1,1,1,1,1,1,1,1,0,1,1,0,1,0,1,16.29,1,0,0,0,0,0,90,1,0,1,1,1,1,57.1,1,0,0,0.0,3,1,-1.038349932282166,0.0,0,12,0.48,0,0,0,0.9333333333333332,0.6,0.3333333333333333,1.0,0.6,0.625,0.0
5059,University of Lucknow,https://www.lkouniv.ac.in,India,South & Central Asia + Oceania,71.49643963153439,A,172,61,25.0,86.1,,0,81.23268369258092,1,1,13,1,1,1,0,1,1,1,1,0,1,1,1,0,0,1,1,0,1,0,1,1,1,1,1,1,1,1,1,1,1,1,1,1,0,1,0,1,1,1,12.63,1,1,0,0,0,0,75,1,0,1,0,0,1,100.0,1,0,0,453.0,2,3,0.0287520553062943,0.0,0,9,0.72,0,0,0,0.9333333333333332,0.8,0.3333333333333333,0.3333333333333333,1.0,0.5,0.0
1177,University of Ottawa,https://www.uottawa.ca,Canada,North America,71.4800062137203,A,173,33,5.0,86.0,,0,70.58845839877546,1,1,4,0,1,0,0,0,0,0,1,3,1,0,1,1,1,0,1,0,1,0,1,1,1,1,1,1,0,1,1,1,1,1,1,0,0,1,0,0,1,1,13.79,1,1,0,0,0,0,100,1,0,1,1,1,1,88.9,1,1,0,0.0,3,1,0.0896078387974411,0.0,0,13,0.85,0,0,0,0.8,0.6,0.6666666666666666,1.0,0.6,0.625,0.0
2048,Technical University of Berlin,https://www.tu.berlin,Germany,Western & Northern Europe,71.31994377033791,A,174,39,7.0,85.9,,0,78.7609357964752,1,1,3,1,1,0,0,1,0,0,1,9,1,1,1,0,0,1,0,0,1,0,1,1,1,1,1,1,1,1,1,1,1,1,1,0,0,0,0,1,1,0,21.0,1,1,0,0,1,0,100,1,0,1,1,1,0,82.4,1,1,0,4.0,3,3,-0.9705087734059112,0.0,0,13,0.6,0,0,0,0.8666666666666667,0.4,0.6666666666666666,0.6666666666666666,0.8,0.375,0.25
1157,Claremont McKenna College,https://www.cmc.edu,United States,North America,71.29766102907394,A,175,34,29.0,85.8,,0,74.15729807394942,1,1,9,1,0,0,0,0,1,1,1,0,1,1,1,1,0,0,0,1,1,0,1,1,1,1,1,1,1,1,1,1,1,0,0,0,1,1,0,1,1,1,16.3,1,1,0,0,0,0,75,1,0,1,1,1,1,100.0,1,1,0,,0,1,-1.1525313537680637,0.0,0,9,1.0,1,0,0,0.8,0.8,0.6666666666666666,1.0,0.6,0.5,0.0
3307,Miguel Hernandez University,https://www.umh.es,Spain,Eastern & Southern Europe,71.29694015217966,A,176,22,3.0,85.7,,0,81.46735893382736,1,1,3,1,1,0,0,1,1,1,1,8,1,1,1,0,0,1,0,0,1,0,1,1,1,1,1,1,1,1,1,1,1,1,0,0,0,1,0,1,1,1,16.48,1,1,0,0,0,0,100,1,0,1,1,1,1,64.7,1,1,0,0.0,3,3,-0.9136173779788228,0.0,0,13,0.6,0,0,0,0.8,0.8,0.6666666666666666,1.0,0.8,0.375,0.0
2100,University of Burgundy,https://www.u-bourgogne.fr,France,Western & Northern Europe,71.24166894454841,A,177,40,4.0,85.6,,0,80.94533127163729,1,1,10,1,1,0,0,1,0,0,1,10,1,1,1,1,1,1,1,0,1,0,1,1,1,1,1,1,1,1,1,1,0,1,1,1,0,1,0,0,1,1,21.0,1,1,0,0,0,1,75,1,0,1,1,1,0,76.9,1,1,0,25.0,3,1,0.581311338602828,0.0,0,9,0.9266666666666666,0,0,0,0.8666666666666667,0.6,0.6666666666666666,0.6666666666666666,0.8,0.625,0.25
2004,University College London,https://www.ucl.ac.uk,United Kingdom,Western & Northern Europe,71.10532565178478,A,178,41,11.0,85.6,69.85942236949923,1,45.0,1,0,0,1,0,0,1,1,0,0,1,0,1,0,1,1,1,0,1,0,1,0,1,1,1,1,1,1,1,1,1,1,1,1,1,0,0,1,0,1,1,1,17.4,1,1,0,0,1,0,100,1,0,1,1,1,1,100.0,1,1,0,0.0,3,1,-1.3487406177488932,0.0,0,13,0.0,0,0,0,0.8666666666666667,0.8,0.6666666666666666,1.0,0.4,0.625,0.25
2078,Sorbonne University,https://www.sorbonne-universite.fr,France,Western & Northern Europe,71.08901720854529,A,179,42,5.0,85.5,,0,87.20545237219304,1,1,5,1,1,0,0,0,1,0,1,10,1,1,1,1,1,1,1,0,1,0,1,1,1,1,1,1,1,1,1,1,1,1,0,0,1,1,1,1,1,1,12.63,1,0,0,0,0,0,90,1,0,1,0,1,1,34.6,1,1,1,0.0,3,3,-1.2388686423999036,0.0,0,12,1.0,0,0,0,0.8666666666666667,1.0,1.0,0.6666666666666666,0.8,0.75,0.0
2180,University of Bern,https://www.unibe.ch,Switzerland/Austria,Western & Northern Europe,70.91275431249409,A,180,43,,85.4,,0,81.21315059564297,1,1,7,1,1,0,0,1,1,0,1,2,1,1,1,1,1,1,1,0,1,0,1,1,1,1,1,1,1,1,1,1,1,1,1,0,0,1,0,1,1,1,5.74,1,1,0,0,1,1,75,1,0,0,1,1,1,79.2,1,0,0,0.0,3,3,4.605493975555315,0.0,0,9,1.0,0,0,0,0.8666666666666667,0.8,0.3333333333333333,1.0,0.8,0.75,0.5
1199,Seattle University,https://www.seattleu.edu,United States,North America,70.8190570038482,A,181,35,30.0,85.3,,0,78.68080030007476,0,1,8,1,0,0,0,0,0,0,0,2,1,1,1,1,1,1,1,0,1,0,1,1,1,1,1,1,1,1,1,1,1,1,0,0,0,1,0,1,1,1,21.0,1,0,0,0,0,1,90,1,0,1,1,1,1,95.8,1,1,0,,1,3,-0.8937523553169168,0.0,0,12,1.0,1,0,0,0.8,0.8,0.6666666666666666,1.0,0.4,0.75,0.25
3052,Charles III University of Madrid,https://www.uc3m.es,Spain,Eastern & Southern Europe,70.39008250327392,A,182,23,4.0,85.2,,0,75.07152305976601,1,1,5,1,0,0,0,1,1,1,1,5,1,0,1,1,1,1,0,1,1,0,1,1,0,1,1,1,1,0,0,1,1,1,1,0,1,0,0,1,1,1,11.37,1,1,0,0,0,0,100,1,0,1,1,1,0,98.3,1,1,0,0.0,3,3,-0.1329685214601567,0.0,0,13,1.0,0,0,0,0.7333333333333333,0.6,0.6666666666666666,0.6666666666666666,0.6,0.75,0.0
6522,Central University of Technology Free State,https://www.cut.ac.za,South Africa,Latin America & Africa,70.38681410959515,A,183,12,5.0,85.2,,0,75.01942298523083,1,1,8,1,0,0,0,0,1,1,1,10,1,1,1,1,1,0,1,0,1,0,1,1,1,1,1,1,1,1,1,1,1,1,1,1,0,1,0,1,1,1,12.63,1,1,0,0,1,0,75,1,0,0,1,1,0,98.3,1,0,0,,1,2,-0.8561731354882666,0.0,0,9,1.0,1,0,0,0.9333333333333332,0.8,0.3333333333333333,0.6666666666666666,0.6,0.625,0.25
1078,University of Kansas,https://ku.edu,United States,North America,70.24415097122673,A,184,36,31.0,85.1,73.83899005759473,1,71.74183572608884,1,1,7,1,0,0,0,1,0,0,0,9,1,1,1,0,0,0,0,0,1,0,1,1,1,1,1,1,1,1,1,1,1,1,1,0,0,1,0,1,1,1,12.63,1,0,0,0,0,0,100,1,0,1,1,1,1,100.0,1,1,0,,0,0,1.2486873205697555,0.0,0,13,1.0,1,0,0,0.8666666666666667,0.8,0.6666666666666666,1.0,0.6,0.125,0.0
2308,University of Namur,https://www.unamur.be,Belgium/Ireland/Iceland,Western & Northern Europe,70.20701997181796,A,185,44,,85.0,70.08648791281293,1,72.78790221838504,1,1,6,1,1,1,0,0,0,0,0,10,1,1,0,1,1,1,0,1,1,0,1,1,1,1,1,1,0,1,1,1,1,1,1,0,0,0,0,0,1,1,10.35,1,0,1,0,0,0,100,1,0,0,1,1,0,100.0,1,0,0,0.0,3,3,0.8377603076142972,0.0,0,13,1.0,0,0,0,0.8,0.4,0.3333333333333333,0.6666666666666666,1.0,0.75,0.25
5145,University of New England,https://www.une.edu.au,Australia,South & Central Asia + Oceania,70.1772883520755,A,186,62,18.0,84.9,,0,89.15576289216793,1,1,6,1,0,1,0,1,1,1,1,0,1,1,1,1,1,1,1,0,1,0,1,1,1,1,1,1,1,1,1,1,1,1,0,1,1,1,1,1,1,1,15.91,1,1,0,0,0,1,90,1,0,1,1,1,1,13.8,1,1,0,1.0,3,3,0.2160346696209459,0.0,0,12,1.0,0,0,0,0.9333333333333332,1.0,0.6666666666666666,1.0,0.8,0.75,0.25
2098,University of Caen Normandy,https://www.unicaen.fr,France,Western & Northern Europe,70.10878256431825,A,187,45,6.0,84.8,,0,85.98377049256922,1,1,5,1,1,1,0,1,1,2,1,0,1,1,1,1,0,1,1,0,1,0,1,1,1,1,1,1,1,1,1,1,1,1,1,0,0,1,1,0,1,1,21.0,1,0,0,0,1,1,75,1,0,1,1,1,0,52.6,1,1,0,0.0,3,3,-1.2600165668586691,0.0,0,9,1.0,0,0,0,0.8666666666666667,0.8,0.6666666666666666,0.6666666666666666,1.0,0.625,0.5
1046,Ohio State University,https://www.osu.edu,United States,North America,70.05304276317385,A,188,37,32.0,84.7,,0,74.3821658492762,1,1,9,1,0,0,0,1,0,0,0,0,1,1,1,1,1,0,1,0,1,0,1,1,1,1,1,1,1,1,1,1,1,1,1,0,0,1,0,1,1,1,15.77,1,1,0,0,0,1,90,1,0,1,1,1,1,94.2,1,0,0,410.0,2,0,-0.1854491934272454,0.0,0,12,1.0,0,0,0,0.8666666666666667,0.8,0.3333333333333333,1.0,0.6,0.5,0.25
1114,Villanova University,https://www1.villanova.edu,United States,North America,69.9228186446539,A,189,38,33.0,84.7,,0,77.51099956347788,1,1,8,1,0,0,0,0,0,0,1,10,1,1,1,1,1,1,1,1,1,0,1,1,1,1,1,1,1,1,0,1,1,1,1,0,0,1,0,1,1,1,14.94,1,1,1,0,1,0,75,1,1,0,1,1,0,100.0,1,1,0,460.0,2,3,2.405053796713146,0.6931471805599453,1,9,1.0,0,0,0,0.8,0.8,0.6666666666666666,0.6666666666666666,0.6,0.875,0.5
2027,Newcastle University,https://www.ncl.ac.uk,United Kingdom,Western & Northern Europe,69.86489098063994,A,190,46,12.0,84.6,,0,45.0,1,0,0,1,0,0,0,1,0,0,1,10,1,1,1,1,1,1,1,0,1,0,1,1,1,1,1,1,1,1,1,1,1,1,1,1,1,1,0,1,1,1,8.59,1,1,1,0,1,1,75,1,0,1,1,0,1,98.5,1,1,0,1.0,3,1,-0.0995545971328359,0.0,0,9,0.0,0,0,0,1.0,0.8,0.6666666666666666,0.6666666666666666,0.4,0.75,0.75
5414,Central University of Kerala,https://www.cukerala.ac.in,India,South & Central Asia + Oceania,69.74778113738013,A,191,63,26.0,84.5,,0,81.41512494693612,1,1,11,0,0,0,0,0,0,0,1,9,1,1,1,1,1,1,0,1,1,1,1,1,1,1,1,1,1,1,1,1,1,1,1,1,0,1,1,1,1,1,15.43,1,1,0,0,0,0,75,1,1,1,1,1,1,59.2,1,1,0,0.0,3,3,-0.0908143997714438,0.6931471805599453,1,9,0.8533333333333334,0,0,0,0.9333333333333332,1.0,0.6666666666666666,1.0,0.4,0.875,0.0
2025,University of Liverpool,https://www.liverpool.ac.uk,United Kingdom,Western & Northern Europe,69.65663569449099,A,192,47,13.0,84.4,,0,74.23073152170579,1,1,4,1,0,0,1,1,0,0,1,0,1,1,1,1,1,0,1,0,1,0,1,1,1,1,1,1,1,1,1,1,1,1,0,0,0,0,0,1,1,0,14.6,1,0,1,0,0,1,100,1,0,1,1,1,1,83.3,1,1,0,0.0,3,1,-0.7332630921213672,0.0,0,13,0.85,0,0,0,0.8,0.4,0.6666666666666666,1.0,0.6,0.625,0.5
5114,University of New South Wales,https://www.unsw.edu.au,Australia,South & Central Asia + Oceania,69.61593294065796,A,193,64,19.0,84.3,,0,82.62568082816135,1,1,5,1,0,1,1,1,0,0,1,3,1,1,1,1,1,0,0,0,1,0,1,1,1,1,1,1,1,1,1,1,1,1,1,0,1,1,0,1,1,1,17.9,1,1,1,1,1,0,100,1,0,1,1,1,1,44.1,1,1,0,,0,1,-1.109664534763553,0.0,0,13,1.0,1,0,0,0.9333333333333332,0.8,0.6666666666666666,1.0,0.8,0.5,0.75
1099,West Virginia University,https://www.wvu.edu,United States,North America,69.55935847858703,A,194,39,34.0,84.3,,0,77.98766406202358,1,1,8,1,0,0,0,1,1,1,1,5,1,1,1,0,0,0,0,0,1,0,1,1,1,1,1,1,1,1,1,1,1,1,1,0,1,1,0,1,1,1,13.33,1,1,0,0,0,0,75,1,0,1,1,1,1,44.4,1,0,0,5.0,3,1,0.6599650990933964,0.0,0,9,1.0,0,0,0,0.9333333333333332,0.8,0.3333333333333333,1.0,0.6,0.25,0.0
1056,University of Iowa,https://uiowa.edu,United States,North America,69.45623408216603,A,195,40,35.0,84.2,,0,75.7144951668965,0,1,3,1,0,0,0,0,0,0,1,4,1,1,1,1,1,1,0,1,1,0,1,1,1,1,1,1,0,1,1,1,1,1,1,0,0,0,0,1,1,0,21.0,1,0,1,0,0,0,90,1,0,1,1,1,1,83.3,1,1,0,3.0,3,3,0.3164568479235674,0.0,0,12,0.6,0,0,0,0.8,0.4,0.6666666666666666,1.0,0.4,0.75,0.25
1126,Stony Brook University,https://www.stonybrook.edu,United States,North America,69.4265630242185,A,196,41,36.0,84.1,69.15956177710817,1,73.85559620579048,1,1,4,1,0,0,0,1,0,0,0,9,1,1,1,1,1,0,1,1,1,0,1,1,1,1,1,1,1,1,1,1,0,1,1,0,0,1,0,1,1,1,8.72,1,1,0,0,0,0,75,1,0,1,1,1,1,85.7,1,1,0,,0,2,1.4315021614110492,0.0,0,9,0.85,1,0,0,0.8,0.8,0.6666666666666666,1.0,0.6,0.75,0.0
5021,Jamia Millia Islamia,https://www.jmi.ac.in,India,South & Central Asia + Oceania,69.42596937595602,A,197,65,27.0,84.0,,0,80.88809189468995,1,1,5,1,1,0,0,1,1,1,0,0,1,1,1,1,1,0,0,1,1,0,1,1,1,1,1,1,1,1,1,1,1,1,0,1,0,1,1,1,1,1,21.0,1,1,0,0,0,0,75,1,0,1,1,1,0,100.0,1,1,0,82.0,3,2,0.1133154715514252,0.0,0,9,1.0,0,0,0,0.8666666666666667,1.0,0.6666666666666666,0.6666666666666666,0.8,0.625,0.0
2090,Universite Cote d'Azur,https://univ-cotedazur.fr,France,Western & Northern Europe,69.35602518629744,A,198,48,7.0,83.9,,0,74.80174297106012,1,1,8,1,1,0,0,1,1,0,0,2,1,1,1,1,1,0,1,0,1,0,1,1,1,1,1,1,1,1,1,1,1,1,1,1,0,0,1,1,1,1,16.1,0,1,0,0,0,0,75,1,0,0,1,1,0,86.0,1,0,0,,1,1,1.1362620459518178,0.0,0,9,1.0,1,0,0,0.9333333333333332,0.8,0.3333333333333333,0.6666666666666666,0.8,0.625,0.0
1110,Iowa State University,https://www.iastate.edu,United States,North America,69.30286273420816,A,199,42,37.0,83.8,,0,74.89300127468354,1,1,9,1,0,0,0,0,0,0,1,1,1,1,1,1,1,0,0,1,1,0,1,1,1,1,1,1,1,1,1,0,0,1,0,0,1,1,0,1,1,1,8.86,1,1,0,0,0,0,75,1,0,1,1,1,1,81.2,1,1,0,,0,2,0.3692561113172288,0.0,0,9,1.0,1,0,0,0.7333333333333333,0.8,0.6666666666666666,1.0,0.6,0.625,0.0
5054,University of Kerala,https://www.keralauniversity.ac.in,India,South & Central Asia + Oceania,69.24248458460873,A,200,66,28.0,83.8,,0,74.38857903848313,0,1,13,1,0,0,1,1,1,1,1,3,1,1,1,1,1,1,0,0,1,0,1,1,1,1,1,1,1,1,0,1,1,1,1,1,0,0,1,1,0,1,12.63,1,0,0,0,0,0,75,1,2,1,0,0,0,95.9,1,0,0,4.0,3,3,0.0030722557889141,1.0986122886681098,1,9,0.72,0,0,0,0.8666666666666667,0.6,0.3333333333333333,0.0,0.4,0.625,0.0
1017,Brown University,https://www.brown.edu,United States,North America,69.12243901384274,A,201,43,38.0,83.7,69.76450581716136,1,77.04917245114423,0,1,4,1,0,0,0,0,0,0,0,1,1,0,1,1,1,1,1,1,1,0,1,1,1,1,1,1,1,1,1,1,1,1,0,0,0,1,0,1,1,1,21.0,0,0,0,0,0,0,75,1,0,1,1,1,1,64.8,1,1,0,5.0,3,3,-0.3169256200596831,0.0,0,9,0.85,0,0,0,0.8,0.8,0.6666666666666666,1.0,0.4,0.875,0.0
1081,University of Arizona,https://www.arizona.edu,United States,North America,69.11778235521594,A,202,44,39.0,83.6,,0,83.32573610236945,1,1,3,1,0,0,0,1,0,0,1,1,1,1,1,1,1,1,1,0,1,0,1,1,1,1,1,1,1,1,1,1,1,1,0,0,1,1,0,1,1,1,15.43,1,1,0,0,0,0,90,1,0,1,1,1,1,66.7,1,1,0,6.0,3,3,0.460246146256503,0.0,0,12,0.6,0,0,0,0.8666666666666667,0.8,0.6666666666666666,1.0,0.6,0.75,0.0
4143,Hong Kong Baptist University,https://www.hkbu.edu.hk,Hong Kong,Asia (East & Southeast),69.10701862318584,A,203,10,,83.5,,0,71.1782552667031,1,1,8,0,0,0,0,0,1,1,1,0,1,1,1,0,0,0,0,0,1,0,1,1,1,1,1,1,1,1,0,1,1,1,0,0,0,1,1,1,1,1,9.28,1,0,0,0,0,0,100,1,0,1,1,1,1,81.0,1,1,0,0.0,3,1,-0.395002903091354,0.0,0,13,1.0,0,0,0,0.7333333333333333,1.0,0.6666666666666666,1.0,0.4,0.25,0.0
2077,PSL University,https://psl.eu,France,Western & Northern Europe,69.10222907526611,A,204,49,8.0,83.4,,0,79.17449624020773,1,1,6,1,1,0,0,1,1,0,1,7,1,1,1,1,1,1,0,0,1,0,1,1,1,1,1,1,1,1,0,1,1,1,0,0,0,0,1,1,1,1,21.0,1,1,0,0,0,1,75,1,0,1,0,1,0,95.3,1,1,0,13.0,3,3,-0.2108850500307061,0.0,0,9,1.0,0,0,0,0.7333333333333333,0.8,0.6666666666666666,0.3333333333333333,0.8,0.625,0.25
2097,Clermont Auvergne University,https://www.uca.fr,France,Western & Northern Europe,69.08350681325769,A,205,50,9.0,83.4,,0,70.29380761828261,1,1,2,1,1,0,0,1,0,0,1,2,1,0,1,1,1,0,0,0,1,0,1,1,1,1,1,1,1,1,1,0,1,0,1,0,0,1,1,1,1,1,19.6,1,1,0,0,0,0,100,1,1,1,1,1,0,87.5,1,1,0,0.0,3,2,-0.7077397350159602,0.6931471805599453,1,13,0.35,0,0,0,0.7333333333333333,1.0,0.6666666666666666,0.6666666666666666,0.8,0.5,0.0
1162,University of San Francisco,https://www.usfca.edu,United States,North America,69.03275769125878,A,206,45,40.0,83.3,,0,77.36960644313929,1,1,6,1,0,0,0,1,0,0,1,8,1,1,1,1,1,0,1,0,1,1,1,1,1,1,1,1,1,1,1,1,1,1,0,0,0,1,0,1,1,1,21.0,1,0,0,0,0,0,90,1,0,1,1,1,1,71.9,1,1,0,0.0,3,2,0.0998337830910754,0.0,0,12,1.0,0,0,0,0.8,0.8,0.6666666666666666,1.0,0.6,0.75,0.0
1042,Tufts University,https://www.tufts.edu,United States,North America,68.91993809355381,A,207,46,41.0,83.2,,0,73.86171219976524,1,1,4,1,0,1,0,1,0,0,1,8,1,1,1,1,1,0,1,1,1,0,1,1,1,1,1,1,1,1,1,1,1,1,0,0,0,0,0,1,1,1,21.0,1,1,1,0,0,1,100,1,0,1,1,1,0,89.7,1,1,0,,0,1,-0.3021084354709478,0.0,0,13,0.85,1,0,0,0.8,0.6,0.6666666666666666,0.6666666666666666,0.8,0.75,0.5
3128,Agricultural University of Athens,https://www.aua.gr,Greece,Eastern & Southern Europe,68.82681871231068,A,208,24,,83.1,,0,67.18426634241747,1,1,3,1,0,0,0,1,0,0,1,10,1,1,1,0,0,0,1,1,1,0,1,1,1,0,1,1,1,1,1,1,0,1,1,0,0,0,0,0,1,1,12.63,1,1,0,0,0,0,75,1,0,1,0,1,1,81.0,1,1,0,4.0,3,2,2.551084344775865,0.0,0,9,0.6,0,0,0,0.7333333333333333,0.4,0.6666666666666666,0.6666666666666666,0.6,0.5,0.0
6119,Ain Shams University,https://www.asu.edu.eg,Egypt & North Africa,Latin America & Africa,68.75918154370738,A,209,13,,83.0,,0,72.62008337477846,1,1,17,1,0,0,0,1,1,2,1,10,1,0,1,1,1,0,1,1,1,0,1,1,1,1,1,1,1,0,1,1,1,1,0,0,0,1,1,1,1,1,8.06,1,1,1,1,0,0,75,1,0,1,1,1,1,100.0,1,0,0,0.0,3,2,0.4772693054155183,0.0,0,9,0.54,0,0,0,0.7333333333333333,1.0,0.3333333333333333,1.0,0.6,0.75,0.5
3010,Polytechnic University of Turin,https://www.polito.it,Italy,Eastern & Southern Europe,68.73359669233713,A,210,25,5.0,83.0,,0,70.2300978035406,1,1,1,1,1,0,1,1,0,0,1,1,1,0,1,1,1,0,1,0,1,0,1,1,1,1,1,1,1,1,1,1,0,1,1,0,0,1,0,0,1,1,14.95,1,1,0,0,0,0,90,1,0,1,1,1,0,100.0,1,0,0,0.0,3,2,-0.1687056096697758,0.0,0,12,0.15,0,0,0,0.8,0.6,0.3333333333333333,0.6666666666666666,0.8,0.625,0.0
2022,Cardiff University,https://www.cardiff.ac.uk,United Kingdom,Western & Northern Europe,68.73091034996683,A,211,51,14.0,82.9,,0,75.32770702275943,1,1,6,1,1,0,0,1,1,1,1,3,1,0,0,0,1,0,1,0,1,0,1,1,1,1,1,1,1,1,1,1,1,1,1,1,0,1,0,1,1,1,18.73,1,0,1,0,0,0,90,1,0,1,1,1,1,60.0,1,1,0,0.0,3,1,-1.0230139651656052,0.0,0,12,1.0,0,0,0,0.9333333333333332,0.8,0.6666666666666666,1.0,0.8,0.5,0.25
1023,University of Southern California,https://www.usc.edu,United States,North America,68.71692835065521,A,212,47,42.0,82.8,,0,74.47921990886894,1,1,5,1,0,0,0,0,0,0,1,0,1,1,1,1,1,0,0,0,1,1,1,1,1,1,1,1,1,1,1,1,1,0,0,0,0,1,0,1,1,1,21.0,1,1,0,0,1,1,90,1,0,1,1,1,1,95.0,1,1,0,5.0,3,2,-0.3190125474665471,0.0,0,12,1.0,0,0,0,0.7333333333333333,0.8,0.6666666666666666,1.0,0.6,0.625,0.5
1129,Clarkson University,https://www.clarkson.edu,United States,North America,68.61151255449558,A,213,48,43.0,82.7,,0,74.1732769943291,1,1,5,1,0,0,0,1,1,1,1,0,1,1,1,0,0,0,1,1,1,0,1,1,1,1,1,1,1,1,0,1,1,1,1,0,0,1,0,1,1,1,9.68,1,1,1,0,0,0,75,1,0,1,1,1,1,88.9,1,1,0,,0,1,-0.1543539750649704,0.0,0,9,1.0,1,0,0,0.8,0.8,0.6666666666666666,1.0,0.6,0.5,0.25
2012,University of Southampton,https://www.southampton.ac.uk,United Kingdom,Western & Northern Europe,68.54915692502901,A,214,52,15.0,82.6,,0,72.86711653898848,1,1,0,1,1,0,0,1,0,0,1,1,1,0,1,1,1,0,0,0,1,0,1,1,1,1,1,1,1,0,1,1,0,1,0,1,1,1,1,1,1,1,21.0,1,1,0,0,1,1,100,1,0,1,0,1,1,91.7,1,1,0,,1,1,0.3717767307470113,0.0,0,13,0.0,1,0,0,0.8,1.0,0.6666666666666666,0.6666666666666666,0.8,0.5,0.5
6149,University of Cape Coast,https://www.ucc.edu.gh,Sub-Saharan Africa,Latin America & Africa,68.33080813807554,A,215,14,,82.5,76.56358878788828,1,76.41062657121884,1,1,7,1,0,1,0,1,1,1,1,10,1,0,1,1,1,1,0,0,1,0,1,1,0,1,1,1,1,1,1,1,0,1,0,0,0,1,0,1,1,1,21.0,0,1,0,0,1,0,90,1,0,1,1,1,1,95.7,1,1,0,3.0,3,3,-0.8406794554946662,0.0,0,12,1.0,0,0,0,0.6666666666666666,0.8,0.6666666666666666,1.0,0.8,0.625,0.25
1119,Clark University,https://www.clarku.edu,United States,North America,68.2857135852772,A,216,49,44.0,82.5,,0,75.37868629885172,1,1,5,1,0,1,0,1,1,1,1,3,1,1,1,1,1,0,1,0,1,0,1,1,1,1,1,1,1,1,1,1,1,1,0,0,0,1,0,1,1,1,16.81,1,0,0,0,0,0,90,1,0,1,1,1,1,83.3,1,1,1,,0,1,0.1845630358097571,0.0,0,12,1.0,1,0,0,0.8,0.8,1.0,1.0,0.8,0.625,0.0
3305,University of Jaen,https://www.ujaen.es,Spain,Eastern & Southern Europe,67.9775086615539,A,217,26,5.0,82.4,,0,76.62204196100663,1,1,5,1,1,0,0,0,0,0,0,9,1,1,1,1,1,1,0,0,1,0,1,1,1,1,1,1,1,1,1,1,0,1,1,0,0,1,1,0,1,1,9.56,1,1,0,0,0,0,100,1,0,0,0,1,0,100.0,1,0,0,46.0,3,3,0.4763578116817423,0.0,0,13,1.0,0,0,0,0.8,0.8,0.3333333333333333,0.3333333333333333,0.8,0.625,0.0
1006,Columbia University,https://www.columbia.edu,United States,North America,67.83427248496879,A,218,50,45.0,82.3,,0,77.76273357320721,1,1,7,1,0,0,0,0,0,0,1,6,1,1,1,1,1,1,0,1,1,0,1,1,1,1,1,1,1,1,1,1,1,1,0,0,0,0,0,1,1,1,7.02,1,1,1,0,0,0,75,1,0,1,0,1,0,98.2,1,1,0,0.0,3,3,-1.1984437567190735,0.0,0,9,1.0,0,0,0,0.8,0.6,0.6666666666666666,0.3333333333333333,0.6,0.75,0.25
3081,University of Wroclaw,https://www.uwr.edu.pl,Poland,Eastern & Southern Europe,67.68421059658546,A,219,27,4.0,82.2,,0,67.39486764721748,1,1,2,1,1,0,0,1,0,0,0,0,1,0,1,1,0,0,1,0,1,0,1,1,1,1,1,1,1,1,0,1,1,1,1,0,0,1,1,0,1,1,21.0,1,1,0,0,0,0,90,1,6,1,0,1,0,75.0,1,1,0,23.0,3,0,1.3633200160400798,1.9459101490553128,1,12,0.35,0,0,0,0.8,0.8,0.6666666666666666,0.3333333333333333,0.8,0.375,0.0
5119,University of Technology Sydney,https://www.uts.edu.au,Australia,South & Central Asia + Oceania,67.50293138760782,A,220,67,20.0,82.1,,0,76.31103716412076,1,1,3,1,0,0,1,1,0,0,1,0,1,0,1,1,1,0,0,1,1,0,1,1,1,1,1,1,1,1,1,1,1,1,1,0,1,1,0,1,1,1,21.0,1,1,0,0,0,0,100,1,0,1,1,1,1,72.4,1,1,0,,1,1,-0.0481237776438247,0.0,0,13,0.6,1,0,0,0.9333333333333332,0.8,0.6666666666666666,1.0,0.6,0.625,0.0
1100,University of Cincinnati,https://www.uc.edu,United States,North America,67.49858352756543,A,221,51,46.0,82.1,,0,77.78418203818566,0,1,4,1,0,0,0,1,1,3,1,6,1,1,1,1,1,0,1,1,1,0,1,1,1,1,1,1,1,1,1,1,1,1,1,0,0,1,0,1,1,1,12.63,1,0,0,0,1,1,75,1,0,1,0,1,1,69.2,1,1,0,4.0,3,2,-0.1472584218816327,0.0,0,9,0.85,0,0,0,0.8666666666666667,0.8,0.6666666666666666,0.6666666666666666,0.4,0.75,0.5
1190,University of Saskatchewan,https://www.usask.ca,Canada,North America,67.46421257024649,A,222,52,6.0,82.0,,0,77.96550576891592,1,1,6,1,1,0,0,1,0,0,0,0,1,0,1,0,0,1,1,0,1,0,1,1,1,1,1,1,1,1,1,1,1,1,0,0,0,0,0,1,1,1,17.4,1,1,0,0,0,0,75,1,0,1,1,1,1,100.0,1,1,0,42.0,3,3,-0.8607789022884641,0.0,0,9,1.0,0,0,0,0.8,0.6,0.6666666666666666,1.0,0.8,0.5,0.0
5180,Westminster International University in Tashkent,https://www.wiut.uz,Central Asia,South & Central Asia + Oceania,67.31552544293528,A,223,68,,81.9,,0,75.82376367320495,1,1,9,0,0,0,0,1,1,1,1,10,1,0,1,1,1,1,1,1,1,0,1,1,1,1,1,1,1,0,1,1,1,1,1,1,1,0,0,1,1,0,12.63,1,1,0,1,0,0,90,1,0,1,1,1,1,32.4,1,0,0,0.0,3,3,2.2236388688332025,0.0,0,12,1.0,0,0,0,0.9333333333333332,0.4,0.3333333333333333,1.0,0.4,0.875,0.25
3084,Nicolaus Copernicus University,https://www.umk.pl,Poland,Eastern & Southern Europe,67.31206899749962,A,224,28,5.0,81.8,,0,74.52968634278591,1,1,11,0,0,0,0,1,1,1,1,6,1,1,1,1,1,1,1,0,1,0,1,1,1,1,1,1,1,1,0,1,1,1,0,0,0,1,1,1,1,1,16.67,1,1,0,0,0,1,90,1,0,1,1,1,0,97.9,1,0,0,15.0,3,3,0.1848940219118332,0.0,0,12,0.8533333333333334,0,0,0,0.7333333333333333,1.0,0.3333333333333333,0.6666666666666666,0.4,0.75,0.25
3059,University of Alicante,https://www.ua.es,Spain,Eastern & Southern Europe,67.24446367688888,A,225,29,6.0,81.7,,0,75.1858302253364,1,1,1,1,1,0,0,0,0,0,1,2,1,0,1,1,1,1,0,0,0,0,1,1,1,1,1,1,1,1,0,1,0,1,1,0,0,1,1,1,1,1,15.43,0,1,1,0,1,0,75,1,0,1,1,1,0,78.6,1,1,0,11.0,3,3,1.521353370936888,0.0,0,9,0.15,0,0,0,0.7333333333333333,1.0,0.6666666666666666,0.6666666666666666,0.8,0.5,0.5
4066,University of Tsukuba,https://www.tsukuba.ac.jp,Japan,Asia (East & Southeast),67.10971604204299,A,226,11,3.0,81.6,,0,81.26360182138038,1,1,12,1,0,0,0,0,0,0,1,1,1,1,1,0,1,1,1,0,1,0,1,1,1,1,1,1,1,1,1,1,1,1,1,0,0,1,1,1,1,1,10.5,1,1,0,0,0,1,75,1,0,1,1,1,0,38.5,1,1,0,0.0,3,3,-1.5261748293483604,0.0,0,9,0.78,0,0,0,0.8666666666666667,1.0,0.6666666666666666,0.6666666666666666,0.6,0.625,0.25
1088,"University of Nevada, Reno",https://www.unr.edu,United States,North America,66.98541974563383,A,227,53,47.0,81.6,,0,73.05004613709625,1,1,5,1,0,0,0,1,0,0,0,0,1,1,1,0,1,0,1,1,1,0,1,1,1,1,1,1,1,1,1,1,1,1,1,0,0,1,0,0,1,1,11.2,1,1,0,0,0,0,75,1,0,0,1,1,1,78.6,1,1,0,,0,1,-0.8833177182825964,0.0,0,9,1.0,1,0,0,0.8666666666666667,0.6,0.6666666666666666,1.0,0.6,0.625,0.0
5402,Indian Institute of Technology Goa,https://www.iitgoa.ac.in,India,South & Central Asia + Oceania,66.97739135680172,A,228,69,29.0,81.5,,0,72.49227033441336,1,1,4,1,0,0,0,0,0,0,1,0,1,1,1,0,0,1,1,1,1,0,1,1,1,1,1,1,1,1,1,1,0,1,1,1,0,0,0,1,1,1,12.63,1,1,0,0,0,1,90,1,1,0,0,1,1,95.2,1,0,0,22.0,3,1,4.012882989346718,0.6931471805599453,1,12,0.85,0,0,0,0.8666666666666667,0.6,0.3333333333333333,0.6666666666666666,0.6,0.625,0.25
5036,NIT Warangal,https://www.nitw.ac.in,India,South & Central Asia + Oceania,66.90635942115144,A,229,70,30.0,81.4,,0,80.34555343222615,1,1,9,1,0,0,0,1,1,2,1,10,1,1,1,1,1,1,1,0,1,0,1,1,1,1,1,1,1,1,1,1,1,1,1,1,0,1,0,1,1,1,8.06,1,1,0,0,1,0,75,1,0,1,0,1,1,19.1,1,0,0,0.0,3,3,0.7415709489161213,0.0,0,9,1.0,0,0,0,0.9333333333333332,0.8,0.3333333333333333,0.6666666666666666,0.6,0.75,0.25
2126,Chalmers University of Technology,https://www.chalmers.se,Sweden,Western & Northern Europe,66.85378051002779,A,230,53,,81.3,,0,76.27123374246095,1,1,3,0,1,0,0,0,1,1,1,7,1,1,1,1,0,1,0,0,1,0,1,1,1,1,1,1,0,1,0,1,1,1,1,0,1,1,0,0,1,1,21.0,1,0,0,0,0,0,90,1,0,1,1,1,1,41.4,1,1,0,0.0,3,1,-0.052397156385703,0.0,0,12,0.6,0,0,0,0.8,0.6,0.6666666666666666,1.0,0.6,0.375,0.0
5151,Victoria University of Wellington,https://www.wgtn.ac.nz,New Zealand,South & Central Asia + Oceania,66.85045995814441,A,231,71,,81.2,,0,73.30592344104578,1,1,5,1,0,0,0,1,0,0,0,0,1,1,1,1,1,0,0,0,1,0,0,1,1,1,1,1,1,1,1,1,1,1,1,0,0,1,1,1,0,1,10.05,1,1,0,0,0,0,100,1,0,1,1,1,1,95.5,1,0,0,,1,1,-0.5574670623388683,0.0,0,13,1.0,1,0,0,0.8,0.8,0.3333333333333333,1.0,0.6,0.5,0.0
1195,Baylor College of Medicine,https://www.bcm.edu,United States,North America,66.84531702908703,A,232,54,48.0,81.2,67.22628632920144,1,68.2623988387625,1,1,5,1,0,1,0,0,1,1,1,0,1,1,1,0,0,0,0,0,1,0,1,1,1,1,1,1,1,0,1,1,1,1,1,0,0,1,0,1,1,1,12.63,1,1,0,0,0,0,100,1,0,0,1,1,0,100.0,1,0,0,,0,1,0.4773589509927887,0.0,0,13,1.0,1,0,0,0.8,0.8,0.3333333333333333,0.6666666666666666,0.8,0.25,0.0
5158,University of Peradeniya,https://www.pdn.ac.lk,Sri Lanka,South & Central Asia + Oceania,66.78015773525172,A,233,72,,81.1,,0,45.0,1,0,0,0,1,0,0,1,1,1,1,10,1,0,1,0,0,0,1,1,1,0,1,1,0,1,1,1,1,1,1,1,1,1,1,0,0,1,0,1,1,1,21.0,0,0,0,0,0,0,75,1,0,1,0,1,1,97.1,1,0,0,5.0,3,2,3.856677839416156,0.0,0,9,0.0,0,0,0,0.8,0.8,0.3333333333333333,0.6666666666666666,0.4,0.5,0.0
1014,Duke University,https://www.duke.edu,United States,North America,66.7659905573192,A,234,55,49.0,81.0,,0,70.17763895046065,1,1,3,1,0,0,0,0,0,1,0,1,1,1,1,1,1,0,1,1,1,0,1,1,1,1,1,1,1,1,1,1,1,1,0,0,0,1,0,0,1,1,21.0,1,1,0,0,0,0,90,1,0,1,1,1,1,97.2,1,1,0,,0,0,1.4323369323737951,0.0,0,12,0.6,1,0,0,0.8,0.6,0.6666666666666666,1.0,0.6,0.625,0.0
5027,Manipal Academy of Higher Education,https://www.manipal.edu,India,South & Central Asia + Oceania,66.67854315363046,A,235,73,31.0,80.9,,0,74.71108974293256,1,1,5,1,0,0,1,1,0,0,1,0,1,0,1,1,1,0,1,0,1,0,1,1,1,1,1,1,1,1,1,1,1,1,1,1,0,0,0,1,1,1,12.63,1,1,1,0,1,0,100,1,0,1,1,1,1,43.9,1,0,0,0.0,3,2,0.8513234678725677,0.0,0,13,1.0,0,0,0,0.9333333333333332,0.6,0.3333333333333333,1.0,0.6,0.625,0.5
1111,University of St. Thomas,https://www.stthomas.edu,United States,North America,66.67086739949836,A,236,56,50.0,80.8,65.49541582476584,1,71.21370182306762,0,1,1,1,0,0,0,1,1,1,1,10,1,1,1,1,1,0,0,1,1,0,1,1,1,1,1,1,1,1,1,1,1,1,0,0,0,1,0,1,1,1,21.0,1,0,0,0,0,0,75,1,0,1,1,1,1,86.4,1,1,0,4.0,3,0,1.7725060996926414,0.0,0,9,0.15,0,0,0,0.8,0.8,0.6666666666666666,1.0,0.4,0.5,0.0
2196,University of Galway,https://www.universityofgalway.ie,Belgium/Ireland/Iceland,Western & Northern Europe,66.59852870422196,A,237,54,,80.8,,0,73.08539933995151,0,1,8,1,0,1,1,1,1,1,1,8,1,0,1,1,0,0,1,0,1,0,0,1,1,1,1,1,1,1,1,1,1,1,0,0,1,0,0,1,1,0,6.03,0,0,0,0,0,1,75,1,0,1,1,1,0,78.0,1,1,0,7.0,3,1,0.3955985307120579,0.0,0,9,1.0,0,0,0,0.8,0.4,0.6666666666666666,0.6666666666666666,0.6,0.5,0.25
1102,Kent State University,https://www.kent.edu,United States,North America,66.58616763643663,A,238,57,51.0,80.7,,0,68.29103071451723,1,1,2,0,0,0,0,1,1,1,1,4,1,1,1,1,1,0,0,1,1,0,1,1,1,1,1,1,1,1,1,1,1,1,1,0,0,0,0,1,1,0,19.63,1,1,1,0,0,0,75,1,0,1,1,1,1,79.2,1,1,0,,0,2,-0.1126154269276887,0.0,0,9,0.35,1,0,0,0.8666666666666667,0.4,0.6666666666666666,1.0,0.4,0.625,0.25
2049,University of Tuebingen,https://uni-tuebingen.de,Germany,Western & Northern Europe,66.53177473254229,A,239,55,8.0,80.6,,0,84.29914330293778,1,1,4,1,1,0,0,1,0,0,1,4,1,1,1,1,1,1,0,0,1,0,1,1,1,1,1,1,1,1,1,1,1,1,1,0,0,1,0,1,1,1,8.49,1,1,1,0,1,1,100,1,0,1,1,1,0,61.5,1,1,0,0.0,3,3,-1.1375044527527165,0.0,0,13,0.85,0,0,0,0.8666666666666667,0.8,0.6666666666666666,0.6666666666666666,0.8,0.625,0.75
6328,University of Fort Hare,https://www.ufh.ac.za,South Africa,Latin America & Africa,66.45569379486767,A,240,15,6.0,80.5,,0,80.95668995498781,1,1,4,1,0,0,0,0,1,1,1,8,1,1,1,0,0,1,1,0,1,0,1,1,1,1,1,1,1,1,1,1,1,1,0,1,0,0,0,1,1,1,12.63,1,1,0,0,0,0,90,1,0,1,1,1,1,65.0,1,1,0,0.0,3,3,-1.347322791285404,0.0,0,12,0.85,0,0,0,0.8666666666666667,0.6,0.6666666666666666,1.0,0.6,0.5,0.0
4096,Seoul National University,https://www.snu.ac.kr,South Korea,Asia (East & Southeast),66.42780933482739,A,241,12,2.0,80.4,,0,74.5317686026605,1,1,20,1,0,0,0,0,0,0,1,7,1,1,1,1,1,1,0,1,1,0,1,1,1,1,1,1,1,1,1,0,1,1,0,1,0,1,1,1,1,1,15.43,1,1,0,0,0,0,75,1,0,0,0,1,1,52.9,1,0,0,0.0,3,3,1.5066453663213222,0.0,0,9,0.45,0,0,0,0.8,1.0,0.3333333333333333,0.6666666666666666,0.6,0.75,0.0
3141,University of Ostrava,https://www.osu.cz,Czechia,Eastern & Southern Europe,66.35746073896914,A,242,30,,80.3,,0,72.27201749215583,1,1,9,1,1,0,0,0,1,1,1,1,1,1,1,0,0,0,0,0,1,1,1,1,1,1,1,1,1,1,0,0,1,1,0,0,1,1,1,1,1,1,8.06,1,1,0,0,0,1,75,1,0,0,1,1,0,99.3,1,0,0,,0,1,0.2680411165904948,0.0,0,9,1.0,1,0,0,0.7333333333333333,1.0,0.3333333333333333,0.6666666666666666,0.8,0.375,0.25
5040,Panjab University,https://www.puchd.ac.in,India,South & Central Asia + Oceania,66.27649429115243,A,243,74,32.0,80.3,,0,65.08286630804555,1,1,1,0,0,0,1,1,1,1,0,0,1,0,1,0,1,0,1,0,1,0,1,1,1,1,1,1,1,1,1,1,0,1,1,0,0,1,1,1,1,1,15.43,1,0,0,0,0,0,75,1,0,1,1,0,1,100.0,1,0,0,7.0,3,1,-0.0437075063892432,0.0,0,9,0.15,0,0,0,0.8,1.0,0.3333333333333333,0.6666666666666666,0.4,0.5,0.0
5143,Australian Catholic University,https://www.acu.edu.au,Australia,South & Central Asia + Oceania,66.21409308625155,A,244,75,21.0,80.2,,0,84.06715717269563,1,1,7,1,0,0,0,1,0,0,0,10,1,0,1,1,1,1,1,0,1,0,1,1,1,1,1,1,1,1,1,1,1,1,1,0,1,1,0,1,1,1,4.86,1,1,1,0,1,1,75,1,0,1,1,1,1,64.4,1,1,0,0.0,3,3,0.1785781467580157,0.0,0,9,1.0,0,0,0,0.9333333333333332,0.8,0.6666666666666666,1.0,0.6,0.75,0.75
5302,Indian Institute of Technology Bhubaneswar,https://www.iitbbs.ac.in,India,South & Central Asia + Oceania,66.09908945296398,A,245,76,33.0,80.1,,0,75.35913740037952,1,1,9,1,1,0,0,1,0,0,0,0,1,1,1,1,1,0,0,0,1,0,1,1,1,1,1,1,0,1,1,1,1,1,1,0,0,1,0,1,1,1,14.35,1,0,0,0,0,0,90,1,0,1,0,1,1,69.6,1,1,0,0.0,3,2,3.924721129857113,0.0,0,12,1.0,0,0,0,0.8,0.8,0.6666666666666666,0.6666666666666666,0.8,0.5,0.0
3005,Polytechnic University of Milan,https://www.polimi.it,Italy,Eastern & Southern Europe,65.93715816805,A,246,31,6.0,80.0,,0,82.61717045745294,1,1,8,0,1,0,0,1,0,0,1,10,1,1,1,1,1,1,1,1,1,0,1,1,1,1,1,1,1,1,1,1,1,1,1,0,1,1,0,0,1,1,13.93,1,1,0,0,1,0,100,1,0,1,1,1,0,8.3,1,1,0,0.0,3,3,0.3605265458766953,0.0,0,13,1.0,0,0,0,0.9333333333333332,0.6,0.6666666666666666,0.6666666666666666,0.6,0.875,0.25
3134,Brno University of Technology,https://www.vutbr.cz,Czechia,Eastern & Southern Europe,65.89165254051454,A,247,32,,79.9,,0,77.49793778496834,1,1,2,1,0,1,0,0,0,0,1,2,1,1,1,1,1,1,1,0,1,0,1,1,1,1,1,1,1,1,0,1,1,1,1,0,0,1,0,1,1,1,17.39,1,0,0,0,1,0,75,1,1,1,1,1,1,38.5,1,1,0,0.0,3,1,-1.2402795058848397,0.6931471805599453,1,9,0.35,0,0,0,0.8,0.8,0.6666666666666666,1.0,0.8,0.625,0.25
5017,University of Hyderabad,https://www.uohyd.ac.in,India,South & Central Asia + Oceania,65.79404813543923,A,248,77,34.0,79.9,61.15605378795748,1,69.8301652915004,1,1,12,1,0,0,1,1,0,0,1,0,1,0,1,1,1,0,0,1,1,0,1,1,1,1,1,1,1,1,1,1,0,1,1,0,0,1,0,1,1,1,21.0,1,1,0,0,0,0,90,1,0,1,0,1,1,22.2,1,0,0,3.0,3,2,-0.4573649139016921,0.0,0,12,0.78,0,0,0,0.8,0.8,0.3333333333333333,0.6666666666666666,0.6,0.625,0.0
3020,Vita-Salute San Raffaele University,https://www.unisr.it,Italy,Eastern & Southern Europe,65.76345662594413,A,249,33,7.0,79.8,,0,79.76876257738172,1,1,6,1,0,0,0,1,1,1,1,0,1,0,1,1,1,0,0,0,1,0,1,1,1,1,1,1,1,1,1,1,1,1,1,0,1,1,0,1,1,1,12.63,1,1,1,0,0,0,100,1,0,1,1,1,1,53.1,1,1,0,28.0,3,1,-0.3883360563047719,0.0,0,13,1.0,0,0,0,0.9333333333333332,0.8,0.6666666666666666,1.0,0.6,0.5,0.25
1172,McMaster University,https://www.mcmaster.ca,Canada,North America,65.76258204311526,A,250,58,7.0,79.7,59.834038558655045,1,66.3139432922803,0,1,4,0,0,0,0,0,0,0,1,0,1,1,1,1,0,0,0,0,1,0,1,1,1,1,1,1,0,1,1,1,0,1,0,0,1,1,0,0,0,1,15.43,1,0,0,0,0,0,75,1,0,1,1,0,1,98.4,1,0,0,1.0,3,1,0.6996167198238139,0.0,0,9,0.85,0,0,0,0.7333333333333333,0.4,0.3333333333333333,0.6666666666666666,0.2,0.375,0.0
2305,University of Salzburg,https://www.plus.ac.at,Switzerland/Austria,Western & Northern Europe,65.49457241071005,A,251,56,,79.6,,0,76.60216978127296,1,1,4,1,1,1,0,0,1,1,1,5,1,0,1,1,1,1,0,0,1,0,1,1,1,1,1,1,1,1,1,1,1,1,1,0,0,0,0,1,1,0,9.07,1,1,0,0,1,0,90,1,0,1,1,1,0,84.2,1,0,0,12.0,3,3,0.2485353778666181,0.0,0,12,0.85,0,0,0,0.8666666666666667,0.4,0.3333333333333333,0.6666666666666666,1.0,0.625,0.25
1113,Temple University,https://www.temple.edu,United States,North America,65.4432609388303,A,252,59,52.0,79.5,52.88988014166266,1,72.10843762271134,1,1,1,1,0,1,0,1,1,0,1,2,1,0,1,1,1,0,0,1,1,0,1,1,1,1,1,1,1,1,1,1,1,1,0,0,0,1,0,1,1,1,21.0,1,1,0,0,0,0,90,1,0,1,1,1,1,91.3,1,1,0,11.0,3,1,0.8283801408273284,0.0,0,12,0.15,0,0,0,0.8,0.8,0.6666666666666666,1.0,0.8,0.625,0.0
1112,Drexel University,https://drexel.edu,United States,North America,65.41452521735168,A,253,60,53.0,79.4,,0,71.05685134691899,0,1,4,1,0,0,0,1,1,1,1,10,1,0,1,1,1,0,1,1,1,1,1,1,1,1,1,1,1,1,1,1,0,1,0,0,0,1,0,1,1,1,12.63,1,0,0,0,0,1,100,1,0,1,1,1,1,66.7,1,0,0,0.0,3,2,1.087576524759848,0.0,0,13,0.85,0,0,0,0.7333333333333333,0.8,0.3333333333333333,1.0,0.4,0.875,0.25
5093,BRAC University,https://www.bracu.ac.bd,Bangladesh,South & Central Asia + Oceania,65.39974082412141,A,254,78,7.0,79.4,,0,72.88829435688884,1,1,7,1,0,0,0,0,0,0,0,10,1,0,1,1,1,0,1,1,1,0,1,1,1,1,1,1,1,1,1,1,1,1,0,1,0,1,0,1,1,1,14.8,1,1,0,0,0,0,75,1,0,1,1,1,1,52.0,1,0,0,1.0,3,1,-0.0742942739672692,0.0,0,9,1.0,0,0,0,0.8666666666666667,0.8,0.3333333333333333,1.0,0.6,0.625,0.0
4164,Universiti Tunku Abdul Rahman,https://www.utar.edu.my,Malaysia,Asia (East & Southeast),65.39599281006745,A,255,13,,79.3,68.42113481110954,1,68.51664509367437,1,1,11,1,0,1,0,0,0,0,1,1,1,1,1,0,0,0,0,0,1,0,1,1,1,1,1,1,1,1,1,1,0,1,1,0,1,0,0,1,1,0,21.0,1,0,1,0,0,0,75,1,0,1,0,1,0,40.9,1,0,0,,1,0,-0.5478911591744635,0.0,0,9,0.8533333333333334,1,0,0,0.8666666666666667,0.4,0.3333333333333333,0.3333333333333333,0.8,0.125,0.25
6342,University of Mauritius,https://www.uom.ac.mu,Sub-Saharan Africa,Latin America & Africa,65.36812669296333,A,256,16,,79.2,,0,65.03855945730882,1,1,8,1,0,0,0,0,1,1,1,0,1,1,1,0,0,0,0,0,1,0,1,1,1,1,1,1,1,1,1,1,1,1,1,0,0,1,0,1,1,0,15.43,1,1,0,0,0,0,75,1,44,0,0,1,1,82.4,1,0,0,,0,1,0.3597990407367651,2.3978952727983707,1,9,1.0,1,0,0,0.8666666666666667,0.6,0.3333333333333333,0.6666666666666666,0.6,0.25,0.0
2033,University of Strathclyde,https://www.strath.ac.uk,United Kingdom,Western & Northern Europe,65.31385421215468,A,257,57,16.0,79.1,,0,72.71068565973722,1,1,3,1,0,0,0,0,0,0,1,7,1,0,1,1,1,1,0,1,1,0,1,1,1,1,1,1,1,1,1,1,1,1,0,0,0,0,0,0,1,1,21.0,1,1,1,0,1,1,75,1,0,1,1,1,1,84.2,1,1,0,,1,1,-0.9746411264610724,0.0,0,9,0.6,1,0,0,0.8,0.4,0.6666666666666666,1.0,0.6,0.75,0.75
1007,University of Chicago,https://www.uchicago.edu,United States,North America,65.26683440107043,A,258,61,54.0,79.0,,0,74.47917383828619,1,1,4,1,0,0,0,0,1,1,0,0,1,1,1,0,0,0,1,1,1,0,1,1,1,1,1,1,1,0,1,1,0,1,0,0,1,1,0,1,1,1,8.45,1,1,1,0,0,0,75,1,0,1,1,1,1,100.0,1,1,0,,0,2,7.865304297176274e-05,0.0,0,9,0.85,1,0,0,0.7333333333333333,0.8,0.6666666666666666,1.0,0.6,0.5,0.25
2076,Paris-Saclay University,https://www.universite-paris-saclay.fr,France,Western & Northern Europe,65.2479966923038,A,259,58,10.0,79.0,,0,72.66259463697818,1,1,4,1,1,0,0,1,1,1,1,10,1,1,1,1,1,0,0,0,1,0,1,1,1,0,1,1,1,1,1,1,1,1,0,0,0,1,1,0,1,1,6.58,1,1,0,0,0,0,90,1,0,1,0,1,0,81.8,1,1,0,0.0,3,2,-0.1688322807046547,0.0,0,12,0.85,0,0,0,0.7333333333333333,0.8,0.6666666666666666,0.3333333333333333,0.8,0.5,0.0
4195,Ateneo de Manila University,https://www.ateneo.edu,Philippines,Asia (East & Southeast),65.22192469377408,A,260,14,,78.9,,0,73.29669518025835,1,1,8,1,0,0,0,0,0,0,1,0,1,0,1,1,1,1,1,0,1,0,1,1,1,1,1,1,1,1,1,1,0,1,0,0,0,1,0,1,1,1,17.04,1,0,0,0,0,0,75,1,0,1,1,1,1,24.8,1,0,0,0.0,3,3,-1.1789575530332983,0.0,0,9,1.0,0,0,0,0.7333333333333333,0.8,0.3333333333333333,1.0,0.6,0.75,0.0
5083,NED University of Engineering and Technology,https://www.neduet.edu.pk,Pakistan,South & Central Asia + Oceania,65.12498081602209,A,261,79,4.0,78.8,,0,72.61176053601892,1,1,8,1,0,0,0,1,1,0,0,4,1,1,1,0,0,0,1,1,1,0,1,1,1,1,1,1,1,1,1,1,1,1,1,0,0,0,0,1,1,1,12.63,1,1,0,0,1,0,75,1,0,1,0,1,1,37.1,1,0,0,0.0,3,2,0.6444129813153324,0.0,0,9,1.0,0,0,0,0.8666666666666667,0.6,0.3333333333333333,0.6666666666666666,0.6,0.5,0.25
5067,National University of Sciences and Technology,https://www.nust.edu.pk,Pakistan,South & Central Asia + Oceania,65.04776860454726,A,262,80,5.0,78.7,,0,78.75991540652907,1,1,8,1,1,0,0,1,1,1,1,10,1,0,1,1,1,1,1,1,1,0,1,1,1,1,1,1,1,1,1,1,1,1,0,0,0,1,0,1,1,1,15.43,1,1,0,0,1,0,75,1,0,1,1,1,1,84.2,1,0,0,150.0,2,3,0.0290791865103375,0.0,0,9,1.0,0,0,0,0.8,0.8,0.3333333333333333,1.0,0.8,0.875,0.25
1116,Stevens Institute of Technology,https://www.stevens.edu,United States,North America,64.94328323304315,B,263,62,55.0,78.6,,0,45.0,0,0,0,0,0,0,0,1,1,1,1,3,1,0,1,1,1,0,1,1,1,1,1,1,1,1,1,1,1,1,1,1,1,1,0,0,1,0,1,1,1,1,21.0,1,0,0,0,0,1,90,1,0,1,1,1,1,78.3,1,0,0,32.0,3,2,-0.4018635655190511,0.0,0,12,0.0,0,0,0,0.8666666666666667,0.8,0.3333333333333333,1.0,0.0,0.875,0.25
3153,University of Craiova,https://www.ucv.ro,Romania,Eastern & Southern Europe,64.88461357804182,B,264,34,,78.5,,0,72.47993944367107,1,1,8,1,0,0,0,0,0,0,0,1,1,0,1,0,0,1,1,0,1,0,1,1,1,1,1,1,1,1,0,1,0,1,0,1,0,1,1,1,1,1,15.43,1,0,0,0,0,0,75,1,1,1,1,1,1,77.8,1,0,0,26.0,3,1,-1.332944518528877,0.6931471805599453,1,9,1.0,0,0,0,0.7333333333333333,1.0,0.3333333333333333,1.0,0.6,0.5,0.0
2042,Technical University of Munich,https://www.tum.de,Germany,Western & Northern Europe,64.71740263874636,B,265,59,9.0,78.5,,0,82.74774252396135,1,1,7,1,1,0,0,1,1,0,1,2,1,1,1,1,1,1,1,1,1,0,1,1,1,1,1,1,1,1,1,1,1,1,1,0,0,1,0,0,1,1,16.15,0,0,0,0,1,0,100,1,0,1,1,1,0,20.8,1,1,0,0.0,3,3,0.7492793363155535,0.0,0,13,1.0,0,0,0,0.8666666666666667,0.6,0.6666666666666666,0.6666666666666666,0.8,0.875,0.25
4149,Singapore University of Technology and Design,https://www.sutd.edu.sg,Singapore,Asia (East & Southeast),64.69302537056815,B,266,15,,78.4,,0,45.0,1,0,0,1,0,0,1,1,1,1,1,1,1,1,1,1,0,0,1,1,1,0,1,1,0,1,1,1,1,1,1,1,1,1,1,0,0,1,0,1,1,1,21.0,1,1,0,0,0,1,90,1,0,1,1,1,0,80.0,1,0,0,0.0,3,1,-0.3197657875978237,0.0,0,12,0.0,0,0,0,0.8,0.8,0.3333333333333333,0.6666666666666666,0.4,0.625,0.25
2015,University of Sheffield,https://www.sheffield.ac.uk,United Kingdom,Western & Northern Europe,64.58893787950495,B,267,60,17.0,78.3,,0,80.49635182067254,1,1,2,1,0,0,1,1,0,0,1,0,1,0,1,1,1,1,1,0,1,0,1,1,1,1,1,1,1,1,1,1,1,1,0,0,1,1,0,1,1,1,11.77,1,1,0,0,0,1,100,1,0,1,1,1,1,32.3,1,1,0,15.0,3,3,-0.7634049614648952,0.0,0,13,0.35,0,0,0,0.8666666666666667,0.8,0.6666666666666666,1.0,0.6,0.75,0.25
5080,International Islamic University Islamabad,https://www.iiu.edu.pk,Pakistan,South & Central Asia + Oceania,64.53439960079058,B,268,81,6.0,78.2,71.94387304607868,1,66.33148848589585,1,1,7,0,0,0,0,1,1,1,0,0,1,0,1,1,1,0,0,0,1,0,1,1,1,1,1,1,1,1,1,1,1,1,1,0,0,1,0,1,1,1,12.63,1,1,0,0,0,0,90,1,0,1,0,0,1,22.2,1,0,0,1.0,3,1,-0.7159621306977308,0.0,0,12,1.0,0,0,0,0.8666666666666667,0.8,0.3333333333333333,0.3333333333333333,0.4,0.5,0.0
4084,Ehime University,https://www.ehime-u.ac.jp,Japan,Asia (East & Southeast),64.52678636130419,B,269,16,4.0,78.1,,0,72.70149230512607,1,1,5,1,1,0,0,0,1,1,1,10,1,0,1,1,1,0,1,0,1,0,1,1,1,1,1,1,1,1,1,1,0,1,0,0,0,0,1,1,1,1,21.0,1,1,0,1,0,0,50,1,0,1,1,1,0,82.9,1,1,0,,1,2,-1.1719166465031552,0.0,0,5,1.0,1,0,0,0.7333333333333333,0.8,0.6666666666666666,0.6666666666666666,0.8,0.625,0.25
2190,Universite libre de Bruxelles,https://www.ulb.be,Belgium/Ireland/Iceland,Western & Northern Europe,64.23674769028504,B,270,61,,78.1,,0,75.81117421948966,1,1,7,1,0,1,0,0,0,0,1,2,1,1,1,1,1,0,0,0,1,0,1,1,1,1,1,1,0,1,1,1,1,1,1,1,0,0,0,1,0,1,20.5,1,1,0,0,0,0,75,1,0,1,1,1,0,46.4,1,1,0,0.0,3,2,-0.5001497638919841,0.0,0,9,1.0,0,0,0,0.8666666666666667,0.4,0.6666666666666666,0.6666666666666666,0.8,0.5,0.0
6307,Federal University of Grande Dourados,https://www.ufgd.edu.br,Brazil,Latin America & Africa,64.20230092309754,B,271,17,1.0,78.0,,0,78.78490838076387,1,1,7,1,1,0,0,0,0,0,1,10,1,1,1,1,0,1,1,0,1,1,1,1,1,1,1,1,0,1,0,0,1,1,1,0,0,1,1,0,1,1,12.63,1,1,0,0,0,0,75,1,3,1,0,1,1,93.1,1,1,0,0.0,3,3,-0.5002410505443705,1.3862943611198906,1,9,1.0,0,0,0,0.6666666666666666,0.8,0.6666666666666666,0.6666666666666666,0.8,0.75,0.0
2195,University College Cork,https://www.ucc.ie,Belgium/Ireland/Iceland,Western & Northern Europe,64.18406087700085,B,272,62,,77.9,,0,73.45774043230186,1,1,3,1,0,0,0,1,0,0,1,8,1,0,1,1,1,1,0,0,1,0,1,1,1,1,1,1,0,1,1,1,1,1,0,0,0,1,1,1,1,1,21.0,1,1,0,0,1,0,100,1,0,1,1,1,0,81.1,1,1,0,5.0,3,1,-0.0973668808095152,0.0,0,13,0.6,0,0,0,0.7333333333333333,1.0,0.6666666666666666,0.6666666666666666,0.6,0.625,0.25
2030,Loughborough University,https://www.lboro.ac.uk,United Kingdom,Western & Northern Europe,64.13966941168964,B,273,63,18.0,77.8,,0,77.9172837676173,0,1,4,1,0,1,0,0,0,0,0,1,1,0,1,0,0,0,1,0,1,0,1,1,1,1,1,1,1,1,1,1,1,1,0,1,1,1,0,1,1,1,6.66,1,0,0,0,1,0,75,1,1,1,1,1,1,,1,1,0,0.0,3,1,-1.395898058496026,0.6931471805599453,1,9,0.85,0,1,0,0.9333333333333332,0.8,0.6666666666666666,1.0,0.6,0.375,0.25
1057,University of Connecticut,https://uconn.edu,United States,North America,64.07822798098928,B,274,63,56.0,77.7,,0,68.54430053317483,0,1,8,0,0,0,0,0,0,0,0,0,1,0,1,1,1,1,1,0,1,0,1,1,1,1,1,1,0,0,1,1,1,1,1,0,0,1,0,1,1,1,19.02,1,0,0,0,0,0,75,1,0,1,1,1,1,100.0,1,1,0,,1,3,0.4368725592996252,0.0,0,9,1.0,1,0,0,0.7333333333333333,0.8,0.6666666666666666,1.0,0.2,0.75,0.0
6349,University of Education Winneba,https://www.uew.edu.gh,Sub-Saharan Africa,Latin America & Africa,64.00841907875282,B,275,18,,77.7,,0,73.66718789489444,1,1,7,1,0,0,0,0,1,1,1,4,1,1,1,1,1,1,1,1,1,1,1,1,1,1,1,1,0,1,1,1,0,1,1,0,0,0,0,1,1,0,21.0,1,1,0,0,0,0,100,1,0,0,0,1,1,83.3,1,0,0,13.0,3,3,-0.7109550984573381,0.0,0,13,1.0,0,0,0,0.7333333333333333,0.4,0.3333333333333333,0.6666666666666666,0.6,1.0,0.0
3170,Budapest University of Technology and Economics,https://www.bme.hu,Hungary,Eastern & Southern Europe,63.958832434054614,B,276,35,,77.6,,0,64.54177180324004,1,1,2,0,1,1,0,1,0,0,1,0,1,0,1,1,1,0,0,0,1,0,1,1,1,1,1,1,1,1,0,1,1,1,0,1,0,1,0,0,1,1,14.0,1,1,0,0,1,1,75,1,2,1,0,1,1,100.0,1,0,0,,0,2,0.2540336146791869,1.0986122886681098,1,9,0.35,1,0,0,0.8,0.6,0.3333333333333333,0.6666666666666666,0.8,0.5,0.5
2061,University of Stuttgart,https://www.uni-stuttgart.de,Germany,Western & Northern Europe,63.90939345398542,B,277,64,10.0,77.5,,0,79.72574017885069,1,1,3,1,1,0,0,1,0,0,1,9,1,1,1,1,1,1,0,0,1,0,1,1,1,1,1,1,1,0,1,1,1,1,0,0,1,0,0,1,1,1,12.63,1,1,0,0,1,0,90,1,0,0,1,1,0,67.6,1,1,0,0.0,3,3,-0.3878469926281938,0.0,0,12,0.6,0,0,0,0.8,0.6,0.6666666666666666,0.6666666666666666,0.8,0.625,0.25
5171,Mid-Western University,https://www.mwu.edu.np,Nepal,South & Central Asia + Oceania,63.745085066705194,B,278,82,,77.4,,0,69.1127271998406,1,1,7,0,0,0,0,0,1,1,1,7,1,0,1,1,1,1,1,1,1,0,1,1,1,1,1,1,0,1,0,0,0,1,1,0,0,1,0,1,1,1,14.68,1,1,0,0,0,0,100,1,0,1,1,1,1,98.1,1,0,0,4.0,3,3,0.24106020673024,0.0,0,13,1.0,0,0,0,0.6,0.8,0.3333333333333333,1.0,0.4,0.875,0.0
2166,University of Helsinki,https://www.helsinki.fi,Finland,Western & Northern Europe,63.70847956306689,B,279,65,,77.3,,0,73.48869683764372,0,1,2,0,1,1,0,0,0,0,1,0,1,1,1,1,1,1,1,0,1,0,1,1,1,1,1,1,1,1,1,1,0,1,1,0,0,1,0,1,1,1,21.0,1,0,0,0,0,0,100,1,0,1,1,1,0,63.6,1,1,0,4.0,3,1,0.6153424814100373,0.0,0,13,0.35,0,0,0,0.8,0.8,0.6666666666666666,0.6666666666666666,0.6,0.75,0.0
2018,University of St Andrews,https://www.st-andrews.ac.uk,United Kingdom,Western & Northern Europe,63.67229732499967,B,280,66,19.0,77.2,,0,71.25716791138083,1,1,1,1,0,0,0,1,0,0,1,0,1,0,1,0,1,0,1,0,1,0,0,1,1,1,1,1,1,1,1,1,1,1,0,0,1,1,0,1,1,1,16.24,1,0,1,0,0,1,100,1,0,1,0,1,1,91.7,1,1,0,39.0,3,1,0.447860642880272,0.0,0,13,0.15,0,0,0,0.8,0.8,0.6666666666666666,0.6666666666666666,0.6,0.5,0.5
5070,University of Engineering and Technology Lahore,https://www.uet.edu.pk,Pakistan,South & Central Asia + Oceania,63.665309417663735,B,281,83,7.0,77.2,,0,78.71088180813202,1,1,7,1,0,0,1,1,0,0,1,2,1,1,1,1,1,1,1,0,1,0,1,1,1,1,1,1,1,1,0,1,1,1,0,0,1,1,0,1,0,0,7.46,1,1,0,0,0,0,90,1,1,1,0,1,1,76.0,1,0,0,27.0,3,3,-0.684557535109597,0.6931471805599453,1,12,1.0,0,0,0,0.8,0.4,0.3333333333333333,0.6666666666666666,0.6,0.75,0.0
2007,King's College London,https://www.kcl.ac.uk,United Kingdom,Western & Northern Europe,63.61304923835746,B,282,67,20.0,77.1,,0,70.51751642036344,1,1,6,1,0,0,0,0,0,0,0,4,1,1,0,1,1,0,0,0,1,1,1,1,1,1,1,1,1,1,1,1,0,1,0,0,0,1,0,0,1,1,6.13,1,0,0,0,0,1,75,1,0,1,1,0,1,100.0,1,1,0,0.0,3,2,-1.2126160465200566,0.0,0,9,1.0,0,0,0,0.7333333333333333,0.6,0.6666666666666666,0.6666666666666666,0.6,0.625,0.25
1170,McGill University,https://www.mcgill.ca,Canada,North America,63.55230371008812,B,283,64,8.0,77.0,,0,68.14702762729206,0,1,7,1,1,0,1,1,0,0,1,0,1,0,1,0,0,0,1,0,1,0,1,1,1,1,1,1,1,1,1,1,1,1,0,0,0,0,0,1,1,0,21.0,1,0,0,0,0,0,75,1,0,1,0,1,1,100.0,1,1,0,,1,1,-1.788418134639551,0.0,0,9,1.0,1,0,0,0.8,0.4,0.6666666666666666,0.6666666666666666,0.6,0.375,0.0
1013,"University of California, Los Angeles",https://www.ucla.edu,United States,North America,63.510449680355734,B,284,65,57.0,76.9,,0,72.55239663352098,1,1,20,1,0,0,0,1,0,1,1,0,1,1,1,1,1,0,0,0,1,0,1,1,1,1,1,1,1,1,1,1,0,1,1,0,0,1,0,1,1,1,12.63,1,1,0,0,0,0,75,1,3,0,1,1,1,51.6,1,1,0,0.0,3,2,-0.8275967565193252,1.3862943611198906,1,9,0.45,0,0,0,0.8,0.8,0.6666666666666666,1.0,0.6,0.5,0.0
1401,Wilfrid Laurier University,https://www.wlu.ca,Canada,North America,63.45125168668783,B,285,66,9.0,76.8,,0,74.73392550104174,1,1,5,1,0,0,0,1,0,0,1,0,1,1,1,1,0,0,1,1,1,0,1,1,1,1,1,1,0,1,1,1,1,1,0,0,0,0,0,1,1,1,9.74,1,1,1,0,0,1,75,1,0,1,1,1,1,97.6,1,1,0,0.0,3,2,0.2158669469127185,0.0,0,9,1.0,0,0,0,0.7333333333333333,0.6,0.6666666666666666,1.0,0.6,0.625,0.5
5030,Amrita Vishwa Vidyapeetham,https://www.amrita.edu,India,South & Central Asia + Oceania,63.39742237330322,B,286,84,35.0,76.8,,0,45.0,1,0,0,1,0,0,0,1,1,3,1,10,1,1,1,1,1,0,1,1,1,0,1,1,1,1,1,1,1,0,1,1,1,1,0,0,0,0,0,1,1,1,21.0,1,1,0,0,0,0,75,1,0,1,1,1,1,96.0,1,1,0,0.0,3,2,0.124928629294954,0.0,0,9,0.0,0,0,0,0.7333333333333333,0.6,0.6666666666666666,1.0,0.4,0.75,0.0
6144,Moi University,https://www.mu.ac.ke,Sub-Saharan Africa,Latin America & Africa,63.37013461532651,B,287,19,,76.7,,0,76.41597535867493,1,1,7,1,0,0,0,0,1,0,1,2,1,1,1,0,1,1,0,1,1,0,1,1,1,1,1,1,1,1,1,1,1,1,1,0,0,1,0,1,1,1,13.58,1,1,0,0,0,0,90,1,0,1,0,1,0,38.5,1,0,0,0.0,3,3,0.1642969695447873,0.0,0,12,1.0,0,0,0,0.8666666666666667,0.8,0.3333333333333333,0.3333333333333333,0.6,0.625,0.0
6111,University of Johannesburg,https://www.uj.ac.za,South Africa,Latin America & Africa,63.3622713459838,B,288,20,7.0,76.6,,0,73.93665751963623,1,1,8,1,0,0,0,0,0,0,1,0,1,1,1,0,0,0,1,0,1,0,1,1,1,1,1,1,1,1,1,1,1,1,1,0,0,1,0,1,1,1,15.43,1,1,1,0,0,0,90,1,1,1,1,1,1,39.1,1,0,0,4.0,3,1,-0.0695167467222754,0.6931471805599453,1,12,1.0,0,0,0,0.8666666666666667,0.8,0.3333333333333333,1.0,0.6,0.375,0.25
1171,University of Alberta,https://www.ualberta.ca,Canada,North America,63.32939279006028,B,289,67,10.0,76.5,,0,77.36633032100312,0,1,5,1,1,0,0,1,0,0,1,8,1,1,1,1,1,0,0,1,1,0,1,1,1,1,1,1,1,1,1,1,1,1,1,0,1,0,0,1,1,1,14.45,1,0,1,0,0,1,90,1,2,1,1,1,1,50.0,1,0,0,,0,2,0.3517259210995706,1.0986122886681098,1,12,1.0,1,0,0,0.9333333333333332,0.6,0.3333333333333333,1.0,0.6,0.625,0.5
5416,Central University of Karnataka,https://www.cuk.ac.in,India,South & Central Asia + Oceania,63.28679537833532,B,290,85,36.0,76.4,,0,67.40445871483863,1,1,13,0,1,0,0,0,0,0,0,0,1,0,1,1,1,1,0,0,1,1,1,1,1,1,1,1,1,1,0,1,0,1,1,1,0,1,0,1,0,1,15.43,1,1,0,0,1,0,75,1,0,1,0,1,0,36.6,1,0,0,0.0,3,1,-0.3494116165674824,0.0,0,9,0.72,0,0,0,0.8,0.6,0.3333333333333333,0.3333333333333333,0.6,0.625,0.25
2073,University of Regensburg,https://www.uni-regensburg.de,Germany,Western & Northern Europe,63.270371240559214,B,291,68,11.0,76.3,,0,79.02525332240998,1,1,3,1,1,0,0,1,0,0,1,1,1,1,1,1,1,1,0,1,1,0,1,0,1,1,1,1,1,1,1,1,1,1,1,0,0,1,0,0,1,1,21.0,1,1,0,0,1,0,75,1,0,1,1,1,0,14.3,1,1,0,1.0,3,3,-0.7057950982841197,0.0,0,9,0.6,0,0,0,0.8,0.6,0.6666666666666666,0.6666666666666666,0.8,0.75,0.25
6152,Makerere University,https://www.mak.ac.ug,Sub-Saharan Africa,Latin America & Africa,63.26524967456764,B,292,21,,76.3,,0,81.34058555644035,1,1,6,1,0,0,0,0,1,1,1,4,1,1,1,1,1,1,0,0,1,0,1,1,1,1,1,1,1,1,1,1,0,1,1,1,1,0,0,1,1,0,14.55,1,1,0,0,0,0,75,1,0,1,0,1,1,31.6,1,1,0,4.0,3,3,0.1154214517467929,0.0,0,9,1.0,0,0,0,0.9333333333333332,0.4,0.6666666666666666,0.6666666666666666,0.6,0.625,0.0
5316,Alagappa University,https://www.alagappauniversity.ac.in,India,South & Central Asia + Oceania,63.155526235627086,B,293,86,37.0,76.2,,0,79.52838393778028,1,1,14,1,0,0,0,1,1,1,1,10,1,1,1,0,0,1,1,0,1,0,1,1,1,1,1,1,1,1,1,1,1,1,1,1,0,0,0,1,0,1,20.14,1,1,1,0,0,0,75,1,0,1,1,1,0,44.2,1,1,0,0.0,3,3,-0.4442796657399697,0.0,0,9,0.66,0,0,0,0.9333333333333332,0.4,0.6666666666666666,0.6666666666666666,0.6,0.5,0.25
2122,Lund University,https://www.lunduniversity.lu.se,Sweden,Western & Northern Europe,63.09389690371518,B,294,69,,76.1,,0,76.39751440188972,1,1,1,1,0,0,0,0,1,1,1,2,1,1,1,1,1,1,1,0,0,0,1,1,1,1,1,1,0,1,1,1,1,1,1,0,0,1,0,0,1,1,15.43,0,1,0,0,0,0,100,1,4,1,1,1,1,100.0,1,1,0,0.0,3,3,1.4124004618731725,1.6094379124341005,1,13,0.15,0,0,0,0.8,0.6,0.6666666666666666,1.0,0.6,0.625,0.0
5303,Indian Institute of Technology Mandi,https://www.iitmandi.ac.in,India,South & Central Asia + Oceania,63.080115867755254,B,295,87,38.0,76.0,,0,67.56399641829537,1,1,6,0,0,0,0,1,0,0,1,0,1,0,1,1,1,1,0,0,1,0,1,1,1,1,1,1,0,1,1,1,1,1,1,0,0,1,0,1,1,1,15.43,1,1,0,0,0,0,75,1,0,0,1,1,1,45.0,1,0,0,0.0,3,0,-1.2817355480902024,0.0,0,9,1.0,0,0,0,0.8,0.8,0.3333333333333333,1.0,0.4,0.5,0.0
1400,University of Louisville,https://www.louisville.edu,United States,North America,63.03543165433003,B,296,68,58.0,75.9,,0,45.0,1,0,0,1,0,0,0,0,1,1,0,5,1,1,1,1,1,0,0,0,1,0,1,1,1,1,1,1,1,1,1,1,1,1,0,0,1,1,0,1,1,1,12.63,1,1,0,0,0,0,100,1,0,1,0,1,1,76.9,1,1,0,22.0,3,2,0.8719969236307876,0.0,0,13,0.0,0,0,0,0.8666666666666667,0.8,0.6666666666666666,0.6666666666666666,0.4,0.5,0.0
1302,Memorial University of Newfoundland,https://www.mun.ca,Canada,North America,62.91967014683129,B,297,69,11.0,75.9,63.20914117719746,1,75.1143049155509,1,1,4,1,0,0,0,0,1,1,1,0,1,1,1,1,1,0,1,1,1,0,1,1,1,1,1,1,1,1,1,1,1,1,1,0,0,0,0,1,1,1,12.63,1,1,0,0,0,0,100,1,0,1,0,1,1,52.0,1,1,0,4.0,3,1,-0.2703871388866138,0.0,0,13,0.85,0,0,0,0.8666666666666667,0.6,0.6666666666666666,0.6666666666666666,0.6,0.75,0.0
4114,Ajou University,https://www.ajou.ac.kr,South Korea,Asia (East & Southeast),62.77054654759427,B,298,17,3.0,75.8,,0,72.11975886607544,1,1,3,0,1,0,0,1,1,0,1,0,1,1,1,1,1,1,1,0,1,0,1,1,1,1,1,1,1,1,1,1,1,1,1,0,0,1,1,1,1,1,12.63,1,1,0,0,1,0,75,1,0,0,0,1,1,100.0,1,0,0,897.0,2,0,2.058250100768541,0.0,0,9,0.6,0,0,0,0.8666666666666667,1.0,0.3333333333333333,0.6666666666666666,0.6,0.625,0.25
4070,Chiba University,https://www.chiba-u.ac.jp,Japan,Asia (East & Southeast),62.685440361677934,B,299,18,5.0,75.7,,0,72.61699840646915,1,1,7,1,1,0,0,0,1,1,1,0,1,1,1,0,0,0,0,0,1,0,1,1,1,1,1,1,0,1,1,1,1,1,0,1,0,1,0,1,1,1,15.64,1,1,0,0,0,0,75,1,0,0,1,1,1,65.6,1,0,0,0.0,3,1,0.3678290272601606,0.0,0,9,1.0,0,0,0,0.8,0.8,0.3333333333333333,1.0,0.8,0.25,0.0
6521,Walter Sisulu University,https://www.wsu.ac.za,South Africa,Latin America & Africa,62.68344341640783,B,300,22,8.0,75.6,,0,78.10230067233283,1,1,10,1,1,0,0,0,1,1,1,10,1,1,1,0,0,0,1,0,1,0,1,1,1,1,1,1,1,1,1,1,1,1,1,1,1,0,0,1,1,0,19.68,1,0,1,0,0,0,90,1,1,1,0,1,0,69.2,1,1,0,7.0,3,1,0.2281027607911606,0.6931471805599453,1,12,0.9266666666666666,0,0,0,1.0,0.4,0.6666666666666666,0.3333333333333333,0.8,0.375,0.25
1037,University of Notre Dame,https://www.nd.edu,United States,North America,62.658557402619664,B,301,70,59.0,75.5,,0,73.99048531585375,1,1,3,1,1,0,0,0,0,0,0,1,1,1,1,1,1,0,1,1,1,0,1,1,1,1,1,1,1,1,1,1,1,1,0,0,0,1,0,1,1,1,7.46,1,0,0,0,0,0,100,1,0,1,1,1,1,100.0,1,1,0,,1,1,5.375168882162116,0.0,0,13,0.6,1,0,0,0.8,0.8,0.6666666666666666,1.0,0.8,0.75,0.0
5132,Western Sydney University,https://www.westernsydney.edu.au,Australia,South & Central Asia + Oceania,62.62053009913875,B,302,88,22.0,75.4,,0,45.0,1,0,0,1,0,0,0,0,0,0,1,0,1,1,1,1,1,0,0,1,1,0,1,1,1,1,1,1,1,1,1,1,1,1,0,0,0,1,0,1,1,1,15.72,1,1,0,0,0,1,75,1,1,0,1,1,1,88.8,1,1,0,1.0,3,2,0.4425730284207647,0.6931471805599453,1,9,0.0,0,0,0,0.8,0.8,0.6666666666666666,1.0,0.4,0.625,0.25
1076,University of Kentucky,https://www.uky.edu,United States,North America,62.60965547830456,B,303,71,60.0,75.4,,0,64.88534136262143,0,1,4,1,0,1,0,1,1,1,0,6,1,1,1,0,0,0,0,0,1,0,1,1,1,1,1,1,1,1,1,1,1,1,0,0,0,0,0,1,1,0,21.0,1,0,0,0,0,0,100,1,0,0,0,1,1,75.0,1,1,0,,0,0,1.1159587374931996,0.0,0,13,0.85,1,0,0,0.8,0.4,0.6666666666666666,0.6666666666666666,0.6,0.125,0.0
3085,University of Lodz,https://www.uni.lodz.pl,Poland,Eastern & Southern Europe,62.55233021661027,B,304,36,6.0,75.3,,0,45.0,1,0,0,1,1,0,0,0,0,0,1,0,1,1,1,1,1,0,1,1,1,0,1,1,1,1,1,1,1,1,0,0,1,1,0,0,1,0,1,0,1,1,19.34,1,0,0,0,0,0,75,1,4,1,0,0,0,100.0,1,1,0,,0,1,0.147361100123841,1.6094379124341005,1,9,0.0,1,0,0,0.7333333333333333,0.6,0.6666666666666666,0.0,0.6,0.75,0.0
1179,University of Calgary,https://www.ucalgary.ca,Canada,North America,62.53396993731509,B,305,72,12.0,75.2,,0,45.0,1,0,0,1,0,0,0,1,0,0,0,10,1,1,1,1,1,0,0,1,1,0,1,1,1,1,1,1,1,1,1,1,1,1,1,0,1,0,0,1,1,1,10.86,1,1,0,0,0,1,100,1,0,1,1,1,1,72.7,1,0,0,0.0,3,2,0.2649097409740245,0.0,0,13,0.0,0,0,0,0.9333333333333332,0.6,0.3333333333333333,1.0,0.4,0.625,0.25
1117,Worcester Polytechnic Institute,https://www.wpi.edu,United States,North America,62.3184102609543,B,306,73,61.0,75.1,,0,76.17409036387065,1,1,6,1,0,0,0,0,0,0,1,0,1,1,1,1,1,0,1,1,1,0,1,1,1,1,1,1,1,1,1,1,1,1,0,0,1,0,0,0,1,1,15.81,1,1,0,0,0,1,100,1,0,0,1,1,0,51.1,1,1,0,12.0,3,2,0.5896356454820767,0.0,0,13,1.0,0,0,0,0.8666666666666667,0.4,0.6666666666666666,0.6666666666666666,0.6,0.75,0.25
2182,University of Vienna,https://www.univie.ac.at,Switzerland/Austria,Western & Northern Europe,62.16482835844462,B,307,70,,75.0,,0,75.22703784690034,1,1,4,1,1,0,1,1,0,0,1,10,1,0,1,0,1,1,0,0,1,0,1,1,0,1,1,1,1,1,1,1,1,1,1,0,0,0,1,1,1,1,16.43,1,1,0,0,1,0,100,1,0,1,1,1,0,26.1,1,1,0,0.0,3,3,-0.3944101415981556,0.0,0,13,0.85,0,0,0,0.8,0.8,0.6666666666666666,0.6666666666666666,0.8,0.5,0.25
1148,Barnard College,https://barnard.edu,United States,North America,62.16334225497917,B,308,74,62.0,75.0,,0,74.03664042142519,1,1,1,1,0,0,0,0,1,1,1,0,1,1,1,1,1,0,0,0,1,0,1,1,1,1,1,1,1,1,1,1,1,1,0,0,1,0,0,1,1,1,21.0,1,1,0,0,0,1,90,1,0,1,1,1,0,28.6,1,1,0,0.0,3,2,0.3053961326671879,0.0,0,12,0.15,0,0,0,0.8666666666666667,0.6,0.6666666666666666,0.6666666666666666,0.6,0.5,0.25
1180,Dalhousie University,https://www.dal.ca,Canada,North America,62.12126964958696,B,309,75,13.0,74.9,,0,72.02017153277797,1,1,6,0,0,0,0,1,0,0,1,3,1,0,1,0,0,0,1,0,1,0,1,1,1,1,1,1,1,1,1,1,1,1,1,0,1,0,0,1,1,1,15.52,1,1,0,0,0,1,90,1,0,1,1,1,1,62.5,1,1,0,,1,1,-0.5963651998387843,0.0,0,12,1.0,1,0,0,0.9333333333333332,0.6,0.6666666666666666,1.0,0.4,0.375,0.25
3053,University of Santiago de Compostela,https://www.usc.gal,Spain,Eastern & Southern Europe,62.04678246653298,B,310,37,7.0,74.8,60.82966423331347,1,68.06737707460705,1,1,10,1,1,0,0,0,0,0,0,0,0,1,1,1,1,1,0,0,1,0,1,0,1,1,1,1,1,0,0,1,0,1,1,0,0,0,0,0,1,1,18.73,1,1,0,0,0,0,75,1,0,1,0,1,0,100.0,1,1,0,0.0,3,1,-1.4331520322020803,0.0,0,9,0.9266666666666666,0,0,0,0.6,0.4,0.6666666666666666,0.3333333333333333,0.8,0.5,0.0
2019,Queen Mary University of London,https://www.qmul.ac.uk,United Kingdom,Western & Northern Europe,61.983269893300836,B,311,71,21.0,74.7,,0,81.73975638292684,1,1,6,1,1,0,0,1,0,0,0,1,1,1,1,1,1,1,0,0,1,0,0,1,1,1,1,1,1,1,1,1,0,1,1,1,0,0,1,1,1,0,10.6,1,1,0,0,0,1,90,1,0,1,1,1,1,47.6,1,1,0,0.0,3,3,-0.7395831614998488,0.0,0,12,1.0,0,0,0,0.8,0.6,0.6666666666666666,1.0,0.8,0.625,0.25
2167,Aalto University,https://www.aalto.fi,Finland,Western & Northern Europe,61.94218419557977,B,312,72,,74.6,,0,76.87803431181149,1,1,7,1,1,0,0,1,0,0,0,8,1,1,1,1,1,1,0,0,1,0,1,1,1,1,1,1,0,1,1,0,0,1,1,0,0,1,0,0,1,1,13.77,1,1,0,0,1,0,100,1,0,1,1,1,0,89.2,1,0,0,0.0,3,3,-1.3596791993654962,0.0,0,13,1.0,0,0,0,0.6666666666666666,0.6,0.3333333333333333,0.6666666666666666,0.8,0.625,0.25
1047,Pennsylvania State University,https://www.psu.edu,United States,North America,61.87554580735184,B,313,76,63.0,74.6,,0,45.0,1,0,0,0,0,0,1,1,0,0,1,0,1,1,1,0,0,0,0,1,0,0,1,1,1,1,1,1,1,1,1,1,1,1,0,0,1,0,0,1,1,0,21.0,0,0,0,0,0,0,90,1,1,1,1,1,1,90.0,1,1,0,,0,0,-0.3868376881896299,0.6931471805599453,1,12,0.0,1,0,0,0.8666666666666667,0.4,0.6666666666666666,1.0,0.2,0.125,0.0
5103,American International University-Bangladesh,https://www.aiub.edu,Bangladesh,South & Central Asia + Oceania,61.86788625319086,B,314,89,8.0,74.5,,0,77.71916373651273,1,1,9,1,0,0,0,0,1,1,1,10,1,1,1,1,1,1,1,0,1,0,1,1,1,1,1,1,1,1,0,1,0,1,1,0,0,1,0,1,1,1,5.59,1,1,0,0,1,0,90,1,0,1,1,1,0,100.0,1,0,0,13.0,3,3,-1.0615762477692234,0.0,0,12,1.0,0,0,0,0.7333333333333333,0.8,0.3333333333333333,0.6666666666666666,0.6,0.75,0.25
1068,Virginia Tech,https://www.vt.edu,United States,North America,61.85709646506481,B,315,77,64.0,74.4,,0,71.72390579964278,1,1,2,1,0,1,0,1,0,0,0,0,1,1,1,1,1,0,0,0,1,0,1,1,1,1,1,1,1,1,1,1,1,1,0,0,0,0,1,1,1,1,21.0,1,1,0,0,0,0,90,1,0,1,0,1,1,40.0,1,1,0,1.0,3,0,-0.2008924562380397,0.0,0,12,0.35,0,0,0,0.8,0.8,0.6666666666666666,0.6666666666666666,0.8,0.375,0.0
5321,University of Gujrat,https://www.uog.edu.pk,Pakistan,South & Central Asia + Oceania,61.77627101870831,B,316,90,8.0,74.3,,0,61.73592371228021,1,1,7,0,0,0,0,0,0,0,0,0,1,1,1,0,0,0,0,0,1,0,1,1,1,1,1,1,1,1,1,1,1,1,1,0,0,0,0,1,1,0,12.63,1,1,0,0,0,0,75,1,0,1,0,1,1,100.0,0,0,0,,1,1,-0.2424397128454019,0.0,0,9,1.0,1,0,0,0.8666666666666667,0.4,0.0,0.6666666666666666,0.4,0.25,0.0
3179,University of Split,https://www.unist.hr,Balkans,Eastern & Southern Europe,61.76297533625925,B,317,38,,74.2,,0,61.65183144705802,1,1,5,0,1,0,0,1,1,1,1,0,1,0,0,1,1,0,1,0,1,0,1,1,1,1,1,1,1,1,0,1,1,1,0,0,0,1,0,1,1,1,21.0,1,1,0,1,0,0,100,1,0,1,1,1,0,94.6,1,1,0,,0,0,1.4437733603511824,0.0,0,13,1.0,1,0,0,0.7333333333333333,0.8,0.6666666666666666,0.6666666666666666,0.6,0.5,0.25
1133,Bard College,https://www.bard.edu,United States,North America,61.6203926898361,B,318,78,65.0,74.1,,0,70.93681390342974,1,1,9,1,0,0,0,0,1,0,0,5,1,1,1,1,1,0,1,1,1,0,1,1,1,1,0,1,1,1,1,1,0,1,0,0,0,1,0,1,1,1,15.91,0,1,0,0,0,0,75,1,0,1,1,1,1,85.7,1,0,0,0.0,3,2,0.058930005916539,0.0,0,9,1.0,0,0,0,0.6666666666666666,0.8,0.3333333333333333,1.0,0.6,0.75,0.0
2146,Norwegian School of Economics,https://www.nhh.no,Norway,Western & Northern Europe,61.59020795076281,B,319,73,,74.1,,0,69.61221001770498,1,1,5,1,1,0,0,0,0,0,0,0,1,1,0,1,1,1,0,0,1,0,1,1,0,1,1,1,0,1,1,1,1,1,1,0,0,1,0,0,1,1,14.16,1,0,0,0,1,0,90,1,0,1,1,1,0,100.0,1,1,0,0.0,3,1,-0.0195814115358942,0.0,0,12,1.0,0,0,0,0.7333333333333333,0.6,0.6666666666666666,0.6666666666666666,0.8,0.5,0.25
3075,University of Almeria,https://www.ual.es,Spain,Eastern & Southern Europe,61.522355488088145,B,320,39,8.0,74.0,,0,70.70149726290008,1,1,0,1,1,1,0,0,0,0,0,3,1,1,1,1,1,0,0,1,1,0,1,1,1,1,1,1,1,1,1,0,0,1,0,0,1,1,0,0,0,1,12.82,1,1,0,0,0,0,90,1,0,1,0,0,0,77.4,1,1,0,,1,2,1.6073737993409467,0.0,0,12,0.0,1,0,0,0.7333333333333333,0.4,0.6666666666666666,0.0,1.0,0.625,0.0
5094,North South University,https://www.northsouth.edu,Bangladesh,South & Central Asia + Oceania,61.417066687325516,B,321,91,9.0,73.9,,0,82.87889560668773,1,1,10,1,0,0,1,1,1,1,1,0,1,1,1,1,1,1,0,1,1,0,1,1,1,1,1,1,1,1,1,1,1,1,1,0,1,1,0,1,1,0,4.61,1,0,0,0,0,0,75,1,0,1,1,1,1,87.3,1,0,0,0.0,3,3,-0.3889944922566926,0.0,0,9,0.9266666666666666,0,0,0,0.9333333333333332,0.6,0.3333333333333333,1.0,0.6,0.75,0.0
3034,University of Messina,https://www.unime.it,Italy,Eastern & Southern Europe,61.358123273541146,B,322,40,8.0,73.8,,0,65.01582829890135,1,1,6,1,0,0,0,1,1,1,0,0,1,1,1,1,1,0,0,1,1,0,1,1,1,0,1,1,1,0,0,0,1,1,1,0,0,1,1,0,1,1,15.43,1,1,0,0,0,0,100,1,0,1,0,1,0,100.0,1,0,0,0.0,3,0,-1.133786574687331,0.0,0,13,1.0,0,0,0,0.6,0.8,0.3333333333333333,0.3333333333333333,0.6,0.5,0.0
4123,Chungbuk National University,https://www.chungbuk.ac.kr,South Korea,Asia (East & Southeast),61.24301724997943,B,323,19,4.0,73.7,81.3663563698433,1,65.96076130307522,1,1,5,1,0,0,0,0,0,0,0,7,1,0,1,0,0,1,1,1,1,0,1,1,1,1,1,1,0,1,0,0,0,1,1,0,1,1,1,1,1,0,9.74,1,1,1,0,0,0,75,1,1,0,0,0,1,100.0,1,0,0,,1,0,2.00111817349538,0.6931471805599453,1,9,1.0,1,0,0,0.6666666666666666,0.8,0.3333333333333333,0.3333333333333333,0.6,0.5,0.25
3022,Ca' Foscari University of Venice,https://www.unive.it,Italy,Eastern & Southern Europe,61.22302130199298,B,324,41,9.0,73.7,,0,75.74465964004732,1,1,6,1,0,0,0,0,1,0,0,10,1,1,1,1,1,1,1,1,1,0,1,1,1,1,1,1,0,1,1,1,1,1,1,0,0,1,0,1,1,1,15.43,1,1,0,0,1,0,85,1,0,1,1,1,0,43.6,1,0,0,0.0,3,1,0.0049514973588762,0.0,0,11,1.0,0,0,0,0.8,0.8,0.3333333333333333,0.6666666666666666,0.6,0.875,0.25
1197,Gonzaga University,https://www.gonzaga.edu,United States,North America,61.217379120268184,B,325,79,66.0,73.6,,0,72.4019472623718,1,1,1,1,0,0,0,1,0,0,1,7,1,0,1,1,1,0,1,1,1,0,1,1,1,1,1,1,1,1,1,1,1,1,1,0,0,1,0,0,1,1,12.63,1,1,0,0,0,1,75,1,1,1,1,1,1,79.2,1,1,0,34.0,3,2,1.326947098327159,0.6931471805599453,1,9,0.15,0,0,0,0.8666666666666667,0.6,0.6666666666666666,1.0,0.6,0.75,0.25
1125,Binghamton University,https://www.binghamton.edu,United States,North America,61.16443964015527,B,326,80,67.0,73.5,,0,71.21513853592558,1,1,9,1,0,0,0,1,0,0,0,1,1,1,1,0,0,0,0,1,1,0,1,1,1,1,1,1,1,1,1,1,0,1,0,0,0,1,0,1,1,1,11.03,1,0,1,0,0,0,75,1,0,1,1,1,1,100.0,1,1,0,,0,1,-0.7848147446786113,0.0,0,9,1.0,1,0,0,0.7333333333333333,0.8,0.6666666666666666,1.0,0.6,0.375,0.25
3302,University of Basilicata,https://www.unibas.it,Italy,Eastern & Southern Europe,61.10962580548822,B,327,42,10.0,73.4,,0,53.72780225825244,1,1,5,1,1,0,0,0,0,0,0,0,0,0,1,0,0,0,0,1,1,0,0,1,1,0,0,1,1,0,0,1,0,1,1,0,1,1,0,0,1,1,21.0,1,1,0,0,0,0,75,1,2,0,1,1,0,100.0,1,0,0,,1,0,-0.7141002674216022,1.0986122886681098,1,9,1.0,1,0,0,0.5333333333333333,0.6,0.3333333333333333,0.6666666666666666,0.8,0.25,0.0
4198,Mapua University,https://www.mapua.edu.ph,Philippines,Asia (East & Southeast),61.060692097640064,B,328,20,,73.3,,0,45.0,1,0,0,0,0,0,1,1,1,1,1,9,1,1,1,1,1,0,1,1,1,0,1,1,1,1,1,1,1,1,1,1,1,1,0,1,0,1,1,1,1,1,17.93,1,1,1,0,1,1,75,1,0,1,1,1,1,97.3,1,0,0,161.0,2,2,-0.5468853153844428,0.0,0,9,0.0,0,0,0,0.8666666666666667,1.0,0.3333333333333333,1.0,0.2,0.75,0.75
2063,Kiel University,https://www.uni-kiel.de,Germany,Western & Northern Europe,60.99938439597744,B,329,74,12.0,73.2,,0,74.71799872878107,1,1,7,1,1,0,0,1,0,0,1,10,1,1,1,1,1,1,1,0,1,0,1,0,0,1,1,1,1,1,1,1,0,1,0,0,0,0,0,1,1,1,21.0,1,1,0,0,1,0,100,1,0,1,1,1,0,96.7,1,1,0,0.0,3,3,-0.7091982125648406,0.0,0,13,1.0,0,0,0,0.6,0.6,0.6666666666666666,0.6666666666666666,0.8,0.75,0.25
3188,University of Nova Gorica,https://www.ung.si,Balkans,Eastern & Southern Europe,60.81524435000053,B,330,43,,73.2,,0,68.26961565491243,1,1,11,0,0,1,0,0,0,0,0,0,1,0,1,0,0,0,0,0,1,0,1,1,1,1,1,1,1,1,1,1,0,1,1,0,1,1,0,0,1,1,16.3,1,1,0,0,0,0,90,1,0,1,1,1,0,16.1,1,1,0,,0,2,-1.2925382630154885,0.0,0,12,0.8533333333333334,1,0,0,0.8666666666666667,0.6,0.6666666666666666,0.6666666666666666,0.6,0.25,0.0
2088,University of Lille,https://www.univ-lille.fr,France,Western & Northern Europe,60.74877065300008,B,331,75,11.0,73.1,,0,78.73769289376591,1,1,2,1,1,0,0,0,0,0,0,10,1,1,1,1,1,1,1,0,1,0,0,1,1,1,1,1,1,1,1,0,1,1,0,1,0,1,1,1,1,1,21.0,1,1,0,0,0,0,75,1,0,1,1,1,0,32.3,1,1,0,0.0,3,3,-0.9892259019498764,0.0,0,9,0.35,0,0,0,0.7333333333333333,1.0,0.6666666666666666,0.6666666666666666,0.8,0.75,0.0
4141,City University of Hong Kong,https://www.cityu.edu.hk,Hong Kong,Asia (East & Southeast),60.6813237205109,B,332,21,,73.0,,0,70.30666401033353,1,1,7,0,1,0,1,1,0,0,1,1,1,1,1,1,1,0,1,1,1,0,1,1,1,1,1,1,1,1,1,1,0,1,0,0,0,1,0,1,1,1,12.13,1,1,0,0,0,0,75,1,0,0,0,1,1,66.7,1,1,0,0.0,3,1,0.9053519486470928,0.0,0,9,1.0,0,0,0,0.7333333333333333,0.8,0.6666666666666666,0.6666666666666666,0.6,0.75,0.0
1196,University of Denver,https://www.du.edu,United States,North America,60.667406889308594,B,333,81,68.0,72.9,59.19816216814209,1,69.92531237164334,1,1,1,1,0,0,0,1,1,1,1,1,1,0,1,1,1,0,1,1,1,0,1,1,1,1,1,1,1,1,1,1,1,1,0,0,1,0,0,1,1,1,7.75,1,1,1,0,0,1,100,1,1,1,1,1,1,87.0,1,0,0,,0,1,-0.0155733025085087,0.6931471805599453,1,13,0.15,1,0,0,0.8666666666666667,0.6,0.3333333333333333,1.0,0.6,0.75,0.5
2152,Aarhus University,https://international.au.dk,Denmark,Western & Northern Europe,60.666755453197695,B,334,76,,72.8,,0,79.23329579850974,1,1,5,1,1,0,0,1,0,0,0,0,1,0,1,0,0,1,0,0,1,0,1,1,1,1,1,1,1,1,1,1,1,1,1,0,1,1,0,1,1,1,18.16,1,1,0,0,1,0,75,1,1,1,1,1,0,16.7,1,1,0,8.0,3,1,-0.4048625640317982,0.6931471805599453,1,9,1.0,0,0,0,0.9333333333333332,0.8,0.6666666666666666,0.6666666666666666,0.8,0.375,0.25
2130,Swedish University of Agricultural Sciences,https://www.slu.se,Sweden,Western & Northern Europe,60.578839986412994,B,335,77,,72.8,,0,72.91507243970202,1,1,1,0,1,1,0,1,0,0,0,8,1,0,1,1,1,1,1,0,1,0,1,1,1,1,1,1,0,1,1,1,1,1,1,0,0,1,0,0,1,1,20.53,1,1,0,0,0,0,100,1,0,1,1,1,1,70.0,1,1,0,0.0,3,1,-0.7201367941814436,0.0,0,13,0.15,0,0,0,0.8,0.6,0.6666666666666666,1.0,0.8,0.625,0.0
2301,University of St. Gallen,https://www.unisg.ch,Switzerland/Austria,Western & Northern Europe,60.57168543166664,B,336,78,,72.7,,0,45.0,0,0,0,1,1,1,0,1,1,2,1,10,1,1,1,1,1,1,1,1,1,0,1,1,1,1,1,1,0,1,1,1,1,1,1,1,0,1,0,1,1,1,21.0,1,0,0,0,0,0,100,1,0,1,1,1,1,44.0,1,0,0,0.0,3,3,0.7850120362631228,0.0,0,13,0.0,0,0,0,0.8666666666666667,0.8,0.3333333333333333,1.0,0.6,0.875,0.0
5178,National University of Uzbekistan,https://www.nuu.uz,Central Asia,South & Central Asia + Oceania,60.47464032572502,B,337,92,,72.6,,0,68.71470127058858,1,1,2,1,1,0,0,1,1,1,1,10,1,0,0,1,1,1,1,1,1,0,1,1,1,1,1,1,1,1,1,1,1,1,0,0,0,1,0,1,1,1,13.61,1,0,0,0,0,0,90,1,0,1,0,1,1,3.8,1,0,0,1.0,3,3,0.9321248752712036,0.0,0,12,0.35,0,0,0,0.8,0.8,0.3333333333333333,0.6666666666666666,0.8,0.875,0.0
5126,University of Newcastle,https://www.newcastle.edu.au,Australia,South & Central Asia + Oceania,60.47149906432173,B,338,93,23.0,72.5,,0,81.07519038533152,1,1,8,1,0,0,0,1,0,0,1,1,1,1,1,1,1,0,1,1,1,0,1,1,1,1,1,1,1,1,1,1,1,1,0,0,1,1,0,1,1,1,1.61,0,1,0,0,1,1,75,1,1,1,1,1,1,78.0,1,1,0,0.0,3,2,-0.4606362259421228,0.6931471805599453,1,9,1.0,0,0,0,0.8666666666666667,0.8,0.6666666666666666,1.0,0.6,0.75,0.5
4056,University of Tokyo,https://www.u-tokyo.ac.jp,Japan,Asia (East & Southeast),60.38773613800646,B,339,22,6.0,72.4,,0,72.51023021681351,1,1,7,1,1,0,0,0,0,0,1,2,1,1,1,1,1,0,1,0,1,0,1,1,1,1,1,1,1,1,1,1,1,1,0,0,0,0,1,1,1,1,21.0,1,1,0,0,0,0,75,1,4,0,1,1,0,56.6,1,0,0,0.0,3,2,-0.1278507924619207,1.6094379124341005,1,9,1.0,0,0,0,0.8,0.8,0.3333333333333333,0.6666666666666666,0.8,0.625,0.0
2034,Queen's University Belfast,https://www.qub.ac.uk,United Kingdom,Western & Northern Europe,60.37945702818116,B,340,79,22.0,72.3,,0,67.15127542276352,1,1,11,1,0,0,1,1,1,1,1,3,1,0,0,1,1,0,0,1,1,0,1,1,1,1,1,1,1,1,1,1,1,1,0,0,0,1,0,0,1,1,7.68,1,0,0,0,0,0,90,1,0,1,1,1,1,100.0,1,1,0,,0,2,-0.111465497115359,0.0,0,12,0.8533333333333334,1,0,0,0.8,0.6,0.6666666666666666,1.0,0.6,0.625,0.0
1082,Arizona State University,https://www.asu.edu,United States,North America,60.34163041633378,B,341,82,69.0,72.3,,0,67.43485417671067,1,1,6,1,0,0,0,1,0,0,1,0,1,0,1,1,1,0,1,1,1,0,1,1,1,1,1,1,0,0,1,1,1,1,1,0,0,0,0,1,1,1,17.58,1,1,0,0,1,0,100,1,0,1,0,1,1,93.8,1,1,0,,0,1,-0.5531658025166976,0.0,0,13,1.0,1,0,0,0.7333333333333333,0.6,0.6666666666666666,0.6666666666666666,0.6,0.75,0.25
1097,Mississippi State University,https://www.msstate.edu,United States,North America,60.188955170229356,B,342,83,70.0,72.2,,0,72.66786615638374,1,1,2,1,0,0,0,0,0,0,1,1,1,1,1,1,0,1,1,0,1,1,1,1,1,1,1,1,1,1,1,1,0,1,0,0,0,1,0,1,1,1,15.91,1,0,0,0,0,1,75,1,0,0,1,1,1,58.8,1,0,0,0.0,3,3,0.0230348545184769,0.0,0,9,0.35,0,0,0,0.7333333333333333,0.8,0.3333333333333333,1.0,0.6,0.75,0.25
1128,Rochester Institute of Technology,https://www.rit.edu,United States,North America,60.17697546939296,B,343,84,71.0,72.1,,0,71.94676750994645,0,1,1,1,0,0,0,1,1,1,1,0,1,1,1,1,1,0,1,1,1,0,1,1,1,1,1,1,1,1,1,1,1,1,0,0,0,1,0,1,1,1,15.43,1,0,0,0,1,0,100,1,0,1,1,1,1,96.6,1,1,0,,0,2,-0.0633639401256961,0.0,0,13,0.15,1,0,0,0.8,0.8,0.6666666666666666,1.0,0.4,0.75,0.25
6145,Jomo Kenyatta University of Agriculture and Technology,https://www.jkuat.ac.ke,Sub-Saharan Africa,Latin America & Africa,60.05597226455567,B,344,23,,72.0,60.91181772915018,1,64.19669114723821,1,1,7,1,0,0,0,0,1,1,1,2,1,0,1,1,1,0,1,0,1,0,1,1,1,1,1,1,1,1,1,1,1,1,0,0,0,0,0,1,1,0,21.0,1,1,0,0,0,0,75,1,0,1,0,0,0,90.0,1,0,0,,1,2,-0.11994163251963,0.0,0,9,1.0,1,0,0,0.8,0.4,0.3333333333333333,0.0,0.6,0.625,0.0
4148,Singapore Management University,https://www.smu.edu.sg,Singapore,Asia (East & Southeast),60.041348954723105,B,345,23,,71.9,,0,72.15229386621681,1,1,8,1,0,0,1,1,1,0,1,0,1,1,1,1,1,0,1,1,1,0,1,1,1,1,1,1,0,1,0,1,1,1,0,0,0,1,0,1,1,1,21.0,1,1,0,0,0,0,75,1,0,0,0,1,1,80.7,1,1,0,0.0,3,2,-0.1568190936145096,0.0,0,9,1.0,0,0,0,0.6666666666666666,0.8,0.6666666666666666,0.6666666666666666,0.6,0.75,0.0
3109,University of Evora,https://www.uevora.pt,Portugal,Eastern & Southern Europe,60.00960555618358,B,346,44,,71.9,,0,67.41235278630624,1,1,8,1,0,0,0,0,1,1,1,10,1,1,1,0,0,0,0,1,1,0,1,1,1,1,1,1,1,1,0,1,0,1,1,0,0,0,0,1,1,0,15.13,1,1,0,0,0,1,75,1,0,1,1,1,0,100.0,1,1,0,,0,1,0.1337127649282077,0.0,0,9,1.0,1,0,0,0.7333333333333333,0.4,0.6666666666666666,0.6666666666666666,0.6,0.375,0.25
3048,University of Navarra,https://www.unav.edu,Spain,Eastern & Southern Europe,59.983951450237214,B,347,45,9.0,71.8,,0,74.85585962658912,1,1,3,1,1,0,0,1,1,1,1,0,1,1,1,1,1,0,0,1,1,0,1,1,1,1,1,1,1,1,1,1,1,0,0,0,0,1,0,1,1,1,21.0,1,1,0,1,0,0,100,1,0,1,1,1,1,30.4,1,1,0,0.0,3,2,-0.5393656602459266,0.0,0,13,0.6,0,0,0,0.7333333333333333,0.8,0.6666666666666666,1.0,0.8,0.625,0.25
3194,Slovak University of Technology in Bratislava,https://www.stuba.sk,Bulgaria & Slovakia,Eastern & Southern Europe,59.9773868773119,B,348,46,,71.7,59.071866072312716,1,75.5251719104603,1,1,2,1,1,0,0,1,1,1,1,1,1,1,1,1,1,1,1,0,1,0,1,1,1,1,1,1,1,1,0,1,0,1,1,0,0,0,1,1,1,1,12.1,1,1,0,0,0,0,75,1,0,0,1,1,0,96.7,1,1,0,39.0,3,1,-0.8899123747443015,0.0,0,9,0.35,0,0,0,0.7333333333333333,0.8,0.6666666666666666,0.6666666666666666,0.8,0.75,0.0
1185,York University,https://www.yorku.ca,Canada,North America,59.778754254453524,B,349,85,14.0,71.6,,0,75.07541707900393,1,1,3,1,0,0,0,1,1,1,0,4,1,0,1,1,1,0,0,1,1,0,1,1,1,1,1,1,1,1,1,1,1,1,0,0,1,1,0,0,1,1,15.43,1,1,0,0,1,1,90,1,0,1,1,1,1,14.6,1,1,0,11.0,3,1,0.3544389267284939,0.0,0,12,0.6,0,0,0,0.8666666666666667,0.6,0.6666666666666666,1.0,0.6,0.625,0.5
2148,University of South-Eastern Norway,https://www.usn.no,Norway,Western & Northern Europe,59.65777757729545,B,350,80,,71.5,54.05222492090344,1,77.43738087563763,0,1,0,1,1,0,0,0,1,1,0,6,1,1,1,1,1,1,0,0,1,0,1,1,1,1,1,1,1,1,1,1,1,1,1,0,0,1,0,0,1,1,15.33,1,0,0,0,1,1,90,1,0,1,1,1,1,87.5,1,1,0,4.0,3,1,0.832655636193216,0.0,0,12,0.0,0,0,0,0.8666666666666667,0.6,0.6666666666666666,1.0,0.6,0.5,0.5
3029,Roma Tre University,https://www.uniroma3.it,Italy,Eastern & Southern Europe,59.6480481041265,B,351,47,11.0,71.5,,0,71.9549949668309,1,1,10,1,1,0,0,0,1,0,0,0,1,1,1,0,0,0,0,0,1,0,1,1,1,1,1,1,1,1,1,1,0,1,1,0,0,1,0,1,1,0,21.0,1,1,0,0,0,0,75,1,0,1,0,1,0,60.0,1,1,0,0.0,3,1,-1.0659040654248382,0.0,0,9,0.9266666666666666,0,0,0,0.8,0.6,0.6666666666666666,0.3333333333333333,0.8,0.25,0.0
5140,University of Southern Queensland,https://www.usq.edu.au,Australia,South & Central Asia + Oceania,59.51821496534336,B,352,94,24.0,71.4,50.14789558338991,1,64.50719008938651,1,1,1,1,0,0,0,0,0,0,1,0,1,1,1,0,0,0,0,0,1,0,1,1,1,0,1,1,1,1,1,1,1,1,0,0,1,0,0,1,1,1,14.94,1,1,0,0,0,0,100,1,0,1,1,1,1,80.0,1,0,0,,0,1,0.5820944869451299,0.0,0,13,0.15,1,0,0,0.8,0.6,0.3333333333333333,1.0,0.6,0.25,0.0
2087,University of Bordeaux,https://www.u-bordeaux.fr,France,Western & Northern Europe,59.321471038195014,B,353,81,12.0,71.3,,0,81.5105216005808,1,1,1,1,1,0,0,0,1,0,1,6,1,1,1,1,1,1,1,0,1,0,1,1,1,1,1,1,1,1,1,1,1,1,1,0,0,1,1,1,1,1,19.85,1,1,0,0,0,0,100,1,0,1,1,1,0,15.6,1,1,0,0.0,3,3,-1.3258911361497672,0.0,0,13,0.15,0,0,0,0.8666666666666667,1.0,0.6666666666666666,0.6666666666666666,0.8,0.75,0.0
6523,University of Venda,https://www.univen.ac.za,South Africa,Latin America & Africa,59.2923133850776,B,354,24,9.0,71.2,58.35407595278413,1,74.38737976930295,1,1,8,1,0,0,0,0,0,0,1,1,1,1,1,1,1,0,1,1,1,0,1,1,1,1,1,1,1,1,1,1,1,1,0,1,0,1,0,1,1,1,5.74,1,1,0,0,0,1,90,1,0,1,0,1,1,30.7,1,0,0,0.0,3,2,2.010721069873056,0.0,0,12,1.0,0,0,0,0.8666666666666667,0.8,0.3333333333333333,0.6666666666666666,0.6,0.75,0.25
5423,University of Burdwan,https://www.buruniv.ac.in,India,South & Central Asia + Oceania,59.25322352789079,B,355,95,39.0,71.1,,0,67.50294089812482,1,1,11,0,0,1,0,1,1,1,1,0,1,1,1,1,1,1,1,0,1,0,1,1,1,1,1,1,1,1,1,1,1,1,0,0,0,0,0,1,1,1,15.43,1,0,0,0,0,0,75,1,0,1,0,1,0,2.9,1,0,0,0.0,3,0,-0.804287555789357,0.0,0,9,0.8533333333333334,0,0,0,0.8,0.6,0.3333333333333333,0.3333333333333333,0.6,0.625,0.0
6528,Bahir Dar University,https://www.bdu.edu.et,Sub-Saharan Africa,Latin America & Africa,59.155538953723095,B,356,25,,71.0,,0,63.04114535039829,1,1,7,1,0,0,0,0,0,1,0,0,1,0,1,1,1,0,0,0,1,0,1,1,1,1,1,1,1,1,0,0,0,0,1,0,0,1,0,1,1,1,21.0,1,1,0,0,0,0,75,1,0,1,0,1,1,84.2,1,0,0,12.0,3,2,0.1227457368346768,0.0,0,9,1.0,0,0,0,0.6,0.8,0.3333333333333333,0.6666666666666666,0.6,0.5,0.0
2066,Technical University of Darmstadt,https://www.tu-darmstadt.de,Germany,Western & Northern Europe,59.12308925033491,B,357,82,13.0,71.0,60.778995086788186,1,79.07402019193282,1,1,4,1,1,0,1,1,0,0,1,10,1,1,1,1,1,1,0,0,1,0,0,1,1,1,1,1,1,1,1,1,1,1,1,0,0,0,1,1,1,1,12.79,1,1,0,0,0,0,100,1,0,0,1,1,0,12.0,1,1,0,0.0,3,3,-0.7981653430465446,0.0,0,13,0.85,0,0,0,0.8,0.8,0.6666666666666666,0.6666666666666666,0.8,0.625,0.0
5109,Bangladesh University of Professionals,https://www.bup.edu.bd,Bangladesh,South & Central Asia + Oceania,59.067824682985396,B,358,96,10.0,70.9,,0,75.0983387750025,1,1,8,0,0,0,0,1,0,0,1,9,1,1,1,1,1,1,1,0,1,0,1,1,1,1,1,1,1,1,1,1,1,1,1,1,0,1,0,1,1,1,15.43,1,0,0,0,1,0,75,1,1,1,0,1,0,34.8,1,0,0,7.0,3,3,-1.065174691013697,0.6931471805599453,1,9,1.0,0,0,0,0.9333333333333332,0.8,0.3333333333333333,0.3333333333333333,0.4,0.75,0.25
1154,Denison University,https://denison.edu,United States,North America,59.033749963088546,B,359,86,72.0,70.8,,0,75.35680076896838,1,1,6,1,0,0,0,0,1,1,1,0,1,1,1,1,1,1,1,1,1,0,1,1,1,1,1,1,1,1,1,1,1,0,0,0,0,1,0,0,1,1,8.36,1,0,1,0,0,0,75,1,0,1,1,1,1,97.7,1,0,0,1.0,3,3,0.0034177368939543,0.0,0,9,1.0,0,0,0,0.7333333333333333,0.6,0.3333333333333333,1.0,0.6,0.875,0.25
4060,Nagoya University,https://www.nagoya-u.ac.jp,Japan,Asia (East & Southeast),59.01378181514169,B,360,24,7.0,70.7,,0,75.78204033520124,1,1,0,1,0,1,0,0,1,1,1,10,1,1,1,1,1,1,1,1,1,0,1,1,1,1,1,1,1,0,1,1,1,1,0,0,0,1,1,1,1,1,17.31,1,1,0,0,0,0,100,1,0,0,1,1,0,93.9,1,1,0,95.0,2,3,0.1350767742494268,0.0,0,13,0.0,0,0,0,0.7333333333333333,1.0,0.6666666666666666,0.6666666666666666,0.8,0.875,0.0
1087,Colorado State University,https://www.colostate.edu,United States,North America,58.945018323364884,B,361,87,73.0,70.6,,0,45.0,1,0,0,1,0,0,0,0,0,0,1,3,1,1,1,1,1,0,1,1,1,0,1,1,1,1,1,1,1,1,1,1,0,1,0,0,0,0,0,1,1,1,21.0,1,0,0,0,0,0,90,1,0,1,1,1,1,89.7,1,1,0,,0,2,-0.2372049931174747,0.0,0,12,0.0,1,0,0,0.7333333333333333,0.6,0.6666666666666666,1.0,0.4,0.75,0.0
6338,Jimma University,https://www.ju.edu.et,Sub-Saharan Africa,Latin America & Africa,58.93435417599421,B,362,26,,70.6,,0,70.39447963351105,1,1,1,1,0,0,0,0,0,0,1,4,1,1,1,0,1,0,0,1,1,0,1,1,1,1,1,1,0,1,1,1,1,1,0,0,1,1,0,1,1,1,9.74,1,1,0,0,0,0,90,1,0,1,0,1,0,30.9,1,0,0,0.0,3,2,-0.6960248250089593,0.0,0,12,0.15,0,0,0,0.8,0.8,0.3333333333333333,0.3333333333333333,0.6,0.5,0.0
1109,Illinois Institute of Technology,https://www.iit.edu,United States,North America,58.887328208687656,B,363,88,74.0,70.5,,0,75.75515513054457,1,1,6,1,0,0,0,1,0,0,1,2,1,1,1,1,1,0,1,0,1,0,1,1,1,1,1,1,1,1,1,1,1,1,0,0,0,1,0,1,1,1,15.91,1,1,1,0,0,1,90,1,0,1,1,1,1,91.1,1,0,0,195.0,2,2,-0.2113270932723602,0.0,0,12,1.0,0,0,0,0.8,0.8,0.3333333333333333,1.0,0.6,0.625,0.5
2155,University of Southern Denmark,https://www.sdu.dk,Denmark,Western & Northern Europe,58.877320653873475,B,364,83,,70.4,,0,82.49499582802464,1,1,6,1,1,0,1,1,1,1,1,10,1,1,1,1,1,1,1,1,1,0,1,1,1,1,1,1,1,1,1,1,1,1,1,0,1,1,0,1,1,1,21.0,1,1,0,0,0,0,75,1,0,1,1,1,0,2.5,1,0,0,15.0,3,1,1.3368027089228722,0.0,0,9,1.0,0,0,0,0.9333333333333332,0.8,0.3333333333333333,0.6666666666666666,0.8,0.875,0.0
5043,Ashoka University,https://www.ashoka.edu.in,India,South & Central Asia + Oceania,58.75323297721186,B,365,97,40.0,70.3,,0,81.54479078258055,1,1,9,1,1,0,0,1,0,0,1,0,1,1,1,1,1,0,1,1,1,0,1,1,1,1,1,1,1,1,1,1,1,1,1,1,0,1,0,1,1,1,20.87,1,1,0,0,0,1,100,1,0,1,1,1,1,25.6,1,0,0,81.0,3,2,-1.208131027180514,0.0,0,13,1.0,0,0,0,0.9333333333333332,0.8,0.3333333333333333,1.0,0.8,0.75,0.25
2031,University of Aberdeen,https://www.abdn.ac.uk,United Kingdom,Western & Northern Europe,58.73183381617982,B,366,84,23.0,70.2,63.11632554959898,1,73.97978112090743,1,1,6,1,0,0,1,1,0,0,1,5,1,0,1,0,0,0,1,1,1,0,1,1,1,1,1,1,1,1,1,1,1,1,0,0,1,1,0,0,1,1,9.32,1,1,0,0,1,0,100,1,0,1,1,1,1,61.9,1,1,0,,0,1,3.2228572592167013,0.0,0,13,1.0,1,0,0,0.8666666666666667,0.6,0.6666666666666666,1.0,0.6,0.5,0.25
1073,Auburn University,https://www.auburn.edu,United States,North America,58.637951084362655,B,367,89,75.0,70.1,59.70487275164509,1,73.18747973181634,1,1,3,1,0,0,0,0,0,0,1,3,1,1,1,0,0,1,1,1,1,0,1,1,1,1,1,1,1,1,1,1,1,1,0,0,0,0,0,1,1,0,15.43,1,1,0,0,0,1,90,1,0,1,1,1,1,88.0,1,1,0,,0,3,0.9483784667220132,0.0,0,12,0.6,1,0,0,0.8,0.4,0.6666666666666666,1.0,0.6,0.625,0.25
3130,University of Piraeus,https://www.unipi.gr,Greece,Eastern & Southern Europe,58.63631164845677,B,368,48,,70.1,,0,62.43556057625109,1,1,4,1,1,0,0,0,1,0,1,0,1,0,0,0,0,0,0,1,1,0,0,1,1,1,1,1,1,1,1,1,1,1,0,0,0,1,0,1,1,1,16.67,1,1,0,0,0,0,90,1,1,1,0,1,0,89.3,1,1,0,308.0,2,0,1.327223761114786,0.6931471805599453,1,12,0.85,0,0,0,0.7333333333333333,0.8,0.6666666666666666,0.3333333333333333,0.8,0.25,0.0
2047,Karlsruhe Institute of Technology,https://www.kit.edu,Germany,Western & Northern Europe,58.61534375169066,B,369,85,14.0,70.0,,0,81.88278405719912,0,1,7,1,1,1,0,1,0,1,1,10,1,1,1,1,1,1,0,0,1,0,1,0,1,1,1,1,0,0,1,1,1,1,1,0,0,1,1,0,1,1,21.0,1,0,0,0,1,0,90,1,0,1,1,1,1,69.2,1,1,0,0.0,3,3,-0.8946679408641307,0.0,0,12,1.0,0,0,0,0.6666666666666666,0.8,0.6666666666666666,1.0,0.8,0.625,0.25
3080,Adam Mickiewicz University,https://www.amu.edu.pl,Poland,Eastern & Southern Europe,58.55597465429356,B,370,49,7.0,69.9,,0,78.79045006735399,1,1,7,1,1,0,0,1,0,0,1,1,1,1,1,1,1,1,0,0,1,0,1,1,1,1,1,1,1,1,0,0,0,1,1,0,0,1,0,1,1,1,15.95,1,1,0,0,0,0,75,1,0,1,1,1,0,68.8,1,1,0,0.0,3,3,-1.1883799154698649,0.0,0,9,1.0,0,0,0,0.6666666666666666,0.8,0.6666666666666666,0.6666666666666666,0.8,0.625,0.0
5146,University of the Sunshine Coast,https://www.usc.edu.au,Australia,South & Central Asia + Oceania,58.481647352699575,B,371,98,25.0,69.8,,0,74.44769786799182,1,1,4,1,0,0,0,1,0,0,0,0,1,1,1,1,1,0,0,0,1,0,0,1,1,1,1,1,1,1,1,1,0,1,0,0,1,1,1,1,1,1,18.88,1,1,0,0,1,0,100,1,0,1,1,0,1,37.5,1,1,0,,0,2,0.8601560103817304,0.0,0,13,0.85,1,0,0,0.7333333333333333,1.0,0.6666666666666666,0.6666666666666666,0.6,0.5,0.25
2176,ETH Zurich,https://ethz.ch,Switzerland/Austria,Western & Northern Europe,58.37428972774446,B,372,86,,69.7,,0,76.9091218446246,1,1,7,1,1,0,0,0,0,0,1,6,1,1,1,1,1,1,0,0,1,0,1,1,1,1,1,1,1,1,1,1,1,1,1,0,0,0,0,1,1,0,21.0,1,0,0,0,1,1,100,1,0,1,0,1,0,27.6,1,1,0,0.0,3,3,1.688295798203047,0.0,0,13,1.0,0,0,0,0.8666666666666667,0.4,0.6666666666666666,0.3333333333333333,0.8,0.625,0.5
1065,Syracuse University,https://www.syracuse.edu,United States,North America,58.366544033317275,B,373,90,76.0,69.7,,0,73.56164946350525,1,1,5,1,0,0,0,1,1,1,0,8,1,1,1,1,1,0,0,1,1,0,1,1,1,1,1,1,1,1,0,1,1,1,0,0,0,1,0,0,1,1,12.63,1,1,0,0,0,1,100,1,0,1,1,1,1,85.7,1,1,0,,0,2,-0.0337295709482262,0.0,0,13,1.0,1,0,0,0.7333333333333333,0.6,0.6666666666666666,1.0,0.6,0.625,0.25
2021,University of York,https://www.york.ac.uk,United Kingdom,Western & Northern Europe,58.3614115038599,B,374,87,24.0,69.6,,0,72.87010639189855,1,1,5,1,0,0,1,1,0,0,1,0,1,0,1,1,1,0,1,0,1,0,1,1,1,1,1,1,0,1,1,1,1,1,0,0,0,1,0,1,1,1,19.59,1,1,1,0,0,0,90,1,0,1,1,1,1,11.8,1,1,0,1.0,3,2,-1.0606913018450157,0.0,0,12,1.0,0,0,0,0.7333333333333333,0.8,0.6666666666666666,1.0,0.6,0.625,0.25
2092,Nantes University,https://www.univ-nantes.fr,France,Western & Northern Europe,58.3163554759594,B,375,88,13.0,69.5,,0,79.52278163505196,1,1,1,1,1,1,0,1,1,0,1,4,1,1,1,1,1,1,1,0,1,1,1,1,1,1,1,1,0,0,1,1,1,1,1,0,0,0,1,1,1,1,7.12,0,1,0,0,0,0,75,1,0,1,1,1,0,75.0,1,1,0,0.0,3,3,0.1440111535301899,0.0,0,9,0.15,0,0,0,0.7333333333333333,0.8,0.6666666666666666,0.6666666666666666,1.0,0.875,0.0
2120,Hanze University of Applied Sciences,https://www.hanze.nl,Netherlands,Western & Northern Europe,58.24183419796352,B,376,89,4.0,69.4,,0,69.92967425637747,1,1,5,1,1,1,0,0,1,1,1,0,1,0,1,1,1,1,1,1,1,0,0,0,0,1,1,1,1,0,1,1,1,1,1,0,0,0,0,0,1,1,12.63,1,0,0,0,0,1,100,1,0,1,0,1,1,99.2,1,0,0,0.0,3,3,0.1530050984149521,0.0,0,13,1.0,0,0,0,0.6,0.4,0.3333333333333333,0.6666666666666666,1.0,0.875,0.25
3403,Slovak University of Agriculture in Nitra,https://www.uniag.sk,Bulgaria & Slovakia,Eastern & Southern Europe,58.217781967089316,B,377,50,,69.3,,0,76.67990168715605,1,1,8,1,0,0,0,1,1,1,1,9,1,1,1,1,1,1,1,0,1,0,1,1,1,1,1,1,1,1,0,1,0,1,0,1,1,1,0,1,1,1,21.0,1,1,0,0,0,0,75,1,1,1,0,0,0,54.2,1,0,0,29.0,3,1,-0.5298477422805504,0.6931471805599453,1,9,1.0,0,0,0,0.8,0.8,0.3333333333333333,0.0,0.6,0.75,0.0
3183,University of Ljubljana,https://www.uni-lj.si,Balkans,Eastern & Southern Europe,58.21531674925097,B,378,51,,69.2,,0,75.11430109828954,1,1,3,1,1,0,0,0,0,0,1,0,1,0,1,1,1,1,1,0,1,0,1,1,1,1,1,1,1,1,0,1,0,1,0,0,0,1,0,1,1,1,7.01,1,1,0,0,0,0,100,1,0,1,0,1,1,95.7,1,1,0,8.0,3,3,-1.3417441030629038,0.0,0,13,0.6,0,0,0,0.6666666666666666,0.8,0.6666666666666666,0.6666666666666666,0.8,0.75,0.0
5176,Satbayev University,https://www.satbayev.university,Central Asia,South & Central Asia + Oceania,58.16777761753301,B,379,99,,69.2,,0,63.06304835862775,1,1,7,1,1,0,0,0,1,1,1,4,1,0,1,1,1,0,1,1,1,0,1,1,1,0,1,1,1,1,1,1,1,1,0,0,0,0,0,1,1,1,19.77,1,0,0,0,0,0,75,1,0,1,1,1,0,98.1,1,0,0,,0,1,1.6066694180079923,0.0,0,9,1.0,1,0,0,0.7333333333333333,0.6,0.3333333333333333,0.6666666666666666,0.8,0.75,0.0
5301,Indian Institute of Technology Jodhpur,https://www.iitj.ac.in,India,South & Central Asia + Oceania,58.11874684543274,B,380,100,41.0,69.1,,0,45.0,1,0,0,0,0,0,0,1,0,0,1,5,1,0,1,1,1,1,0,0,1,0,1,1,1,1,1,1,1,1,0,1,1,1,1,0,0,0,1,1,1,0,15.43,1,1,0,0,0,0,75,1,0,1,1,1,1,95.7,1,0,0,0.0,3,3,0.5255007886456805,0.0,0,9,0.0,0,0,0,0.8,0.6,0.3333333333333333,1.0,0.2,0.625,0.0
5318,FAST National University Pakistan,https://www.nu.edu.pk,Pakistan,South & Central Asia + Oceania,58.11737548317964,B,381,101,9.0,69.0,,0,71.20366788725656,1,1,13,1,0,0,0,1,1,1,1,0,1,1,1,0,0,0,1,1,1,1,1,1,1,1,1,1,1,1,1,1,1,1,0,1,1,1,0,1,1,1,21.0,1,1,0,0,1,0,75,1,7,1,0,1,0,20.6,0,0,0,134.0,2,1,-0.017373444463777,2.079441541679836,1,9,0.72,0,0,0,0.9333333333333332,0.8,0.0,0.3333333333333333,0.6,0.625,0.25
2001,University of Oxford,https://www.ox.ac.uk,United Kingdom,Western & Northern Europe,58.02924811875628,B,382,90,25.0,68.9,,0,76.14500030175738,1,1,3,1,0,0,0,0,0,0,1,0,1,1,1,0,0,1,1,0,1,0,1,1,1,1,1,1,1,1,1,1,0,1,0,0,0,0,0,1,1,1,5.47,1,1,0,0,1,0,100,1,0,1,1,1,1,90.9,1,1,0,1.0,3,3,-0.7964637859061842,0.0,0,13,0.6,0,0,0,0.7333333333333333,0.6,0.6666666666666666,1.0,0.6,0.5,0.25
3175,University of Miskolc,https://www.uni-miskolc.hu,Hungary,Eastern & Southern Europe,58.01073189574628,B,383,52,,68.8,,0,78.67479050612627,1,1,8,1,1,0,1,1,1,1,1,10,1,1,1,1,1,0,1,1,1,0,1,1,1,1,1,1,1,1,0,1,1,1,0,1,1,1,0,1,1,1,5.87,1,1,0,0,0,1,90,1,0,1,0,1,1,22.0,1,1,0,,0,1,0.7899103544656371,0.0,0,12,1.0,1,0,0,0.8666666666666667,0.8,0.6666666666666666,0.6666666666666666,0.8,0.75,0.25
4059,Tohoku University,https://www.tohoku.ac.jp,Japan,Asia (East & Southeast),57.99744234462012,B,384,25,8.0,68.8,,0,75.42421737100145,1,1,7,1,1,0,0,0,0,0,0,8,1,1,1,1,1,1,0,0,1,0,1,1,1,1,1,1,1,0,1,1,1,1,0,0,0,0,1,0,1,1,21.0,1,1,1,0,0,0,100,1,1,0,1,1,0,59.2,1,0,0,0.0,3,3,-0.731759403990203,0.6931471805599453,1,13,1.0,0,0,0,0.7333333333333333,0.6,0.3333333333333333,0.6666666666666666,0.8,0.625,0.25
1156,Pomona College,https://www.pomona.edu,United States,North America,57.993153195053395,B,385,91,77.0,68.7,,0,71.32783766182368,0,1,7,1,0,0,0,0,0,0,0,1,1,1,1,1,1,0,0,1,1,0,1,1,1,1,1,1,1,0,1,1,1,1,0,0,0,0,0,1,1,0,21.0,1,0,0,0,0,0,100,1,0,1,1,1,1,72.0,1,1,0,0.0,3,2,-0.2925085693993731,0.0,0,13,1.0,0,0,0,0.7333333333333333,0.4,0.6666666666666666,1.0,0.4,0.625,0.0
5050,Pondicherry University,https://www.pondiuni.edu.in,India,South & Central Asia + Oceania,57.91348330774122,B,386,102,42.0,68.6,,0,68.12145046593362,1,1,7,0,0,0,0,0,1,1,1,10,1,1,1,1,1,1,1,1,1,0,1,1,1,1,1,1,1,1,1,1,0,1,0,0,0,0,0,1,1,1,21.0,1,0,0,0,0,0,90,1,0,0,0,1,1,17.5,1,0,0,0.0,3,3,0.8375839573027593,0.0,0,12,1.0,0,0,0,0.7333333333333333,0.6,0.3333333333333333,0.6666666666666666,0.4,0.875,0.0
3315,University of Banja Luka,https://www.unibl.org,Balkans,Eastern & Southern Europe,57.89359298785398,B,387,53,,68.5,,0,71.84734147505299,1,1,5,1,1,0,0,0,1,1,1,4,1,0,1,1,1,1,1,0,1,0,1,1,1,1,1,1,1,0,0,1,0,1,1,0,0,1,0,1,1,1,15.43,1,1,0,0,0,0,75,1,0,1,0,0,0,91.7,1,0,0,14.0,3,3,0.0123144150302048,0.0,0,9,1.0,0,0,0,0.6666666666666666,0.8,0.3333333333333333,0.0,0.8,0.75,0.0
5325,Patuakhali Science and Technology University,https://www.pstu.ac.bd,Bangladesh,South & Central Asia + Oceania,57.816791412423974,B,388,103,11.0,68.4,,0,71.54624467432895,1,1,11,1,0,0,0,0,0,0,0,10,1,1,1,0,0,0,0,0,1,0,1,1,1,1,1,1,1,1,0,1,0,1,1,0,0,1,0,1,1,1,21.0,1,1,0,0,0,0,75,1,0,1,1,1,1,45.5,1,0,0,8.0,3,2,-1.1050846979069502,0.0,0,9,0.8533333333333334,0,0,0,0.7333333333333333,0.8,0.3333333333333333,1.0,0.6,0.25,0.0
4176,University of North Sumatra,https://www.usu.ac.id,Indonesia,Asia (East & Southeast),57.80341794070369,B,389,26,,68.4,,0,74.89214920281475,1,1,10,1,1,0,1,1,1,1,1,10,1,1,1,1,1,0,1,0,1,0,1,1,0,1,1,1,1,0,1,1,1,1,0,0,0,1,1,1,1,1,21.0,0,0,0,0,0,0,90,1,0,1,1,1,1,100.0,1,1,0,0.0,3,0,-0.9836226890113255,0.0,0,12,0.9266666666666666,0,0,0,0.6666666666666666,1.0,0.6666666666666666,1.0,0.8,0.5,0.0
5400,Indian Institute of Technology Dharwad,https://www.iitdh.ac.in,India,South & Central Asia + Oceania,57.79366803297935,B,390,104,43.0,68.3,,0,74.51706437642527,1,1,12,1,1,0,0,1,1,1,1,10,1,1,1,1,1,1,1,1,1,0,1,1,1,1,1,1,1,1,1,1,0,1,1,0,0,0,0,0,1,0,18.88,1,0,0,0,1,0,75,1,0,1,0,1,1,5.4,1,0,0,0.0,3,3,0.1358875246303963,0.0,0,9,0.78,0,0,0,0.8,0.2,0.3333333333333333,0.6666666666666666,0.8,0.875,0.25
2187,Ghent University,https://www.ugent.be,Belgium/Ireland/Iceland,Western & Northern Europe,57.69984152933071,B,391,91,,68.2,,0,71.04633880502074,1,1,20,1,1,0,0,0,0,0,0,2,1,1,1,1,1,1,0,0,1,0,1,1,1,1,1,1,1,1,1,1,0,0,1,0,0,0,0,1,1,1,12.63,1,1,0,0,0,0,100,1,0,1,1,1,0,100.0,1,1,0,,0,3,-0.029304595195097,0.0,0,13,0.45,1,0,0,0.7333333333333333,0.6,0.6666666666666666,0.6666666666666666,0.8,0.625,0.0
2096,University of Tours,https://www.univ-tours.fr,France,Western & Northern Europe,57.65922358185226,B,392,92,14.0,68.1,,0,72.07759293845129,1,1,13,1,1,0,0,0,1,1,1,10,1,1,1,1,1,0,0,0,1,1,1,1,1,1,1,1,0,1,1,1,1,1,1,0,0,0,1,1,0,1,11.05,1,1,0,0,0,1,75,1,0,1,1,1,0,90.9,1,0,0,,1,1,-0.33704335800886,0.0,0,9,0.72,1,0,0,0.8,0.6,0.3333333333333333,0.6666666666666666,0.8,0.625,0.25
4142,Hong Kong Polytechnic University,https://www.polyu.edu.hk,Hong Kong,Asia (East & Southeast),57.62137215569333,B,393,27,,68.0,,0,75.59566278343293,1,1,7,1,1,0,1,1,0,0,1,0,1,1,1,1,1,0,1,0,1,0,1,1,1,1,1,1,1,1,1,1,0,1,0,0,0,0,1,1,1,1,9.59,1,1,0,0,0,1,100,1,0,1,1,1,1,98.0,1,1,0,,0,2,0.91701973661133,0.0,0,13,1.0,1,0,0,0.7333333333333333,0.8,0.6666666666666666,1.0,0.8,0.625,0.25
5319,Institute of Business Administration Karachi,https://www.iba.edu.pk,Pakistan,South & Central Asia + Oceania,57.59255393228003,B,394,105,10.0,67.9,,0,74.71547544115312,1,1,5,1,0,0,0,0,1,1,1,6,1,1,1,1,1,0,0,1,1,0,1,1,1,1,1,1,1,1,1,1,1,1,0,0,1,0,0,1,1,0,5.74,1,0,0,0,1,0,75,1,0,1,1,0,0,88.9,1,0,0,14.0,3,2,-0.7337907813180775,0.0,0,9,1.0,0,0,0,0.8666666666666667,0.4,0.3333333333333333,0.3333333333333333,0.6,0.625,0.25
1034,Boston College,https://www.bc.edu,United States,North America,57.57910148312844,B,395,92,78.0,67.9,,0,70.00273133731933,1,1,3,0,0,0,0,1,0,0,1,4,1,1,1,1,1,0,1,0,1,0,1,1,1,1,1,1,1,1,1,1,1,1,0,0,0,0,0,1,1,1,7.46,1,1,0,0,0,1,75,1,0,1,1,1,1,93.8,1,1,0,,1,2,-0.9834902338120723,0.0,0,9,0.6,1,0,0,0.8,0.6,0.6666666666666666,1.0,0.4,0.625,0.25
2013,University of Leeds,https://www.leeds.ac.uk,United Kingdom,Western & Northern Europe,57.552667414927214,B,396,93,26.0,67.8,,0,70.11468727114217,0,1,4,1,0,0,1,1,1,1,1,0,1,1,1,1,1,0,0,0,1,0,1,1,1,1,1,1,0,1,1,1,1,1,1,0,0,0,0,1,1,0,15.43,1,0,0,0,0,1,75,1,0,1,1,1,1,91.7,1,1,0,,0,1,-1.2755736607133934,0.0,0,9,0.85,1,0,0,0.8,0.4,0.6666666666666666,1.0,0.4,0.5,0.25
3027,University of Trieste,https://www.units.it,Italy,Eastern & Southern Europe,57.54768244887515,B,397,54,12.0,67.7,,0,80.85948205657638,1,1,7,1,1,0,0,0,0,0,0,6,1,1,1,1,1,1,1,1,1,0,1,1,1,1,1,1,1,1,1,1,1,1,1,0,0,1,0,0,1,1,1.3,1,1,0,0,0,0,100,1,0,1,1,1,0,96.4,1,1,0,0.0,3,3,0.2630127825710508,0.0,0,13,1.0,0,0,0,0.8666666666666667,0.6,0.6666666666666666,0.6666666666666666,0.8,0.875,0.0
4200,Silliman University,https://su.edu.ph,Philippines,Asia (East & Southeast),57.5446467562089,B,398,28,,67.6,,0,67.99962885610441,1,1,7,1,0,0,0,1,1,2,1,2,1,1,1,0,0,0,1,1,1,0,1,1,0,1,1,1,1,1,1,1,1,1,1,0,0,0,0,1,1,0,5.74,1,1,1,0,1,0,90,1,3,1,0,1,1,96.7,1,0,0,5.0,3,1,-0.3704603146148549,1.3862943611198906,1,12,1.0,0,0,0,0.8,0.4,0.3333333333333333,0.6666666666666666,0.6,0.5,0.5
5015,University of Delhi,https://www.du.ac.in,India,South & Central Asia + Oceania,57.536820293089065,B,399,106,44.0,67.5,,0,75.79036671547439,1,1,11,1,1,0,0,1,0,0,1,10,1,1,1,1,1,1,1,0,1,1,1,1,1,1,1,1,1,1,1,1,1,1,1,0,0,0,1,1,1,0,9.59,1,0,0,0,0,0,75,1,0,0,0,1,0,34.8,1,0,0,0.0,3,3,-0.6605133916124322,0.0,0,9,0.8533333333333334,0,0,0,0.8666666666666667,0.6,0.3333333333333333,0.3333333333333333,0.8,0.875,0.0
3057,Rovira i Virgili University,https://www.urv.cat,Spain,Eastern & Southern Europe,57.535509179904636,B,400,55,10.0,67.5,,0,75.54424104716921,1,1,9,1,1,0,0,1,0,0,1,0,1,1,1,0,0,1,1,0,1,0,1,1,1,1,1,1,1,0,1,1,1,1,1,0,0,0,0,1,1,1,8.86,1,1,0,0,0,0,75,1,0,1,1,1,0,22.2,1,1,0,0.0,3,1,0.2454136135029973,0.0,0,9,1.0,0,0,0,0.8,0.6,0.6666666666666666,0.6666666666666666,0.8,0.5,0.0
5065,Bharathidasan University,https://www.bdu.ac.in,India,South & Central Asia + Oceania,57.5139393245455,B,401,107,45.0,67.4,,0,69.85459935750923,1,1,11,0,0,0,0,0,1,1,1,4,1,1,1,0,0,1,0,0,1,0,1,1,1,1,1,1,1,1,1,1,1,1,0,1,0,0,0,1,0,1,15.43,1,0,0,0,0,0,75,1,0,1,1,1,0,32.0,1,1,0,0.0,3,1,0.8648994128403548,0.0,0,9,0.8533333333333334,0,0,0,0.8666666666666667,0.4,0.6666666666666666,0.6666666666666666,0.4,0.375,0.0
5081,University of Sindh,https://www.usindh.edu.pk,Pakistan,South & Central Asia + Oceania,57.494318264688424,B,402,108,11.0,67.3,,0,72.4154813223352,1,1,2,1,0,0,0,0,0,0,0,0,1,1,1,1,1,1,0,0,1,0,1,1,1,1,1,1,1,1,1,1,0,1,1,1,0,1,0,1,1,1,15.43,1,1,0,0,0,0,75,1,3,1,0,1,1,61.1,1,0,0,4.0,3,1,0.116586783591856,1.3862943611198906,1,9,0.35,0,0,0,0.8666666666666667,0.8,0.3333333333333333,0.6666666666666666,0.6,0.625,0.0
1161,Santa Clara University,https://www.scu.edu,United States,North America,57.39755944670684,B,403,93,79.0,67.2,,0,70.67098790699745,0,1,7,1,0,0,0,1,1,1,0,4,1,1,1,0,0,0,0,1,1,0,1,1,1,1,1,1,0,0,1,1,1,1,1,0,0,1,0,1,1,1,15.43,1,0,1,0,0,0,75,1,0,1,1,1,1,80.0,1,1,0,,0,1,-0.6516687761206826,0.0,0,9,1.0,1,0,0,0.7333333333333333,0.8,0.6666666666666666,1.0,0.4,0.375,0.25
5091,University of Dhaka,https://www.du.ac.bd,Bangladesh,South & Central Asia + Oceania,57.341052064304534,B,404,109,12.0,67.1,,0,71.14736815101082,1,1,1,1,0,0,0,0,0,0,1,10,1,1,1,1,1,0,1,1,1,0,1,1,1,1,1,1,1,1,1,1,0,1,1,0,0,1,0,1,1,1,5.74,1,1,0,0,1,0,75,1,0,1,1,1,1,83.7,1,0,0,,1,2,-0.420889784650891,0.0,0,9,0.15,1,0,0,0.8,0.8,0.3333333333333333,1.0,0.6,0.75,0.25
3013,University of Genoa,https://www.unige.it,Italy,Eastern & Southern Europe,57.32733256243551,B,405,56,13.0,67.0,,0,72.91213588370084,1,1,7,1,1,0,0,1,0,0,1,10,1,0,1,1,1,1,0,0,1,0,1,1,1,1,1,1,1,1,1,1,0,1,1,0,0,0,0,1,1,0,12.63,1,1,0,0,0,0,90,1,0,1,0,1,0,70.0,1,0,0,0.0,3,3,-1.3022357643387017,0.0,0,12,1.0,0,0,0,0.8,0.4,0.3333333333333333,0.3333333333333333,0.8,0.625,0.0
1044,"University of California, Santa Cruz",https://www.ucsc.edu,United States,North America,57.32415211999135,B,406,94,80.0,67.0,,0,66.88588683258445,0,1,7,1,0,0,0,1,1,1,1,0,1,1,1,0,0,0,1,1,1,0,1,1,1,1,1,1,1,1,1,1,1,0,0,0,0,0,0,1,1,0,21.0,1,0,0,0,0,0,90,1,2,1,0,1,1,100.0,1,1,0,11.0,3,1,-0.3423861344234249,1.0986122886681098,1,12,1.0,0,0,0,0.7333333333333333,0.4,0.6666666666666666,0.6666666666666666,0.4,0.5,0.0
2303,University of Fribourg,https://www.unifr.ch,Switzerland/Austria,Western & Northern Europe,57.25267500309822,B,407,94,,66.9,,0,67.86404205862576,1,1,1,0,1,1,0,1,1,0,0,5,1,0,1,0,0,1,0,0,1,0,1,1,1,1,1,1,1,1,1,1,0,1,1,0,0,0,0,1,1,1,11.65,1,1,0,0,0,0,75,1,0,1,0,1,1,25.0,1,0,0,0.0,3,3,-0.3824992416156323,0.0,0,9,0.15,0,0,0,0.8,0.6,0.3333333333333333,0.6666666666666666,0.8,0.375,0.0
1194,Howard University,https://howard.edu,United States,North America,57.231818822518,B,408,95,81.0,66.8,,0,73.2015368687824,0,1,3,1,0,0,0,1,1,1,1,0,1,1,1,1,1,0,1,1,1,0,1,1,1,1,1,1,1,1,1,1,1,1,0,0,0,1,0,1,1,1,1.0,1,0,0,0,0,0,75,1,0,1,1,1,1,95.7,1,1,0,0.0,3,2,0.2521794837921535,0.0,0,9,0.6,0,0,0,0.8,0.8,0.6666666666666666,1.0,0.4,0.75,0.0
3178,University of Rijeka,https://www.uniri.hr,Balkans,Eastern & Southern Europe,57.188458337232966,B,409,57,,66.7,,0,65.14373338022756,1,1,9,0,1,0,0,1,1,1,1,0,1,0,1,0,0,1,0,0,1,0,1,1,0,1,1,1,1,0,0,0,1,1,1,0,0,1,0,1,1,1,21.0,1,0,1,0,1,0,75,1,2,1,1,1,0,100.0,1,1,0,0.0,3,1,-0.9287023800371546,1.0986122886681098,1,9,1.0,0,0,0,0.6,0.8,0.6666666666666666,0.6666666666666666,0.6,0.375,0.5
5121,RMIT University,https://www.rmit.edu.au,Australia,South & Central Asia + Oceania,56.962953746016815,B,410,110,26.0,66.6,,0,72.79411907190084,0,1,6,1,0,0,0,1,0,0,1,2,1,1,1,1,1,0,0,0,1,0,1,1,1,1,1,1,1,1,1,1,1,1,0,0,1,0,0,1,1,0,18.62,1,0,0,0,0,1,75,1,0,1,1,1,1,45.8,1,1,0,,0,1,0.0132133231142489,0.0,0,9,1.0,1,0,0,0.8666666666666667,0.4,0.6666666666666666,1.0,0.4,0.5,0.25
2200,Reykjavik University,https://en.ru.is,Belgium/Ireland/Iceland,Western & Northern Europe,56.955121488728494,B,411,95,,66.6,,0,69.86700781734297,1,1,20,1,0,0,0,0,1,1,1,0,1,1,1,0,0,0,1,0,1,0,1,1,1,1,1,1,1,1,0,1,0,1,1,1,1,1,0,0,1,1,10.37,1,0,0,0,0,0,75,1,0,1,1,1,1,14.3,1,0,0,,0,1,0.9938174053444996,0.0,0,9,0.45,1,0,0,0.8666666666666667,0.6,0.3333333333333333,1.0,0.6,0.375,0.0
5035,NIT Karnataka Surathkal,https://www.nitk.ac.in,India,South & Central Asia + Oceania,56.80986043109595,B,412,111,46.0,66.5,59.488000096430774,1,45.0,1,0,0,1,0,0,1,1,1,1,1,10,1,1,1,1,1,1,1,0,1,1,1,1,1,1,1,1,1,1,1,1,1,1,1,1,0,1,0,1,1,1,14.55,1,1,0,0,1,0,75,1,0,1,0,1,1,29.6,1,1,0,0.0,3,3,-0.8054325150035075,0.0,0,9,0.0,0,0,0,0.9333333333333332,0.8,0.6666666666666666,0.6666666666666666,0.4,0.875,0.25
5409,NIT Raipur,https://www.nitrr.ac.in,India,South & Central Asia + Oceania,56.806968913010834,B,413,112,47.0,66.4,,0,67.70130244054675,1,1,10,0,0,0,0,0,0,0,1,0,1,1,1,1,1,1,1,1,1,0,1,1,1,1,1,1,1,1,0,1,1,1,0,0,1,1,0,1,1,1,12.63,1,1,0,0,0,0,75,1,2,1,0,1,0,30.8,0,0,0,,1,1,-0.7071295881885682,1.0986122886681098,1,9,0.9266666666666666,1,0,0,0.8,0.8,0.0,0.3333333333333333,0.4,0.875,0.0
1029,University of Texas at Austin,https://www.utexas.edu,United States,North America,56.77260506530444,B,414,96,82.0,66.3,,0,69.96629282186811,1,1,5,1,0,0,0,1,0,0,1,7,1,1,1,1,0,0,1,1,1,0,1,1,1,1,1,1,1,1,1,1,0,1,0,0,0,0,0,1,1,1,15.32,1,0,0,0,0,0,100,1,0,1,1,1,1,77.8,1,1,0,,0,0,-0.3789073640435463,0.0,0,13,1.0,1,0,0,0.7333333333333333,0.6,0.6666666666666666,1.0,0.6,0.5,0.0
3119,University of Patras,https://www.upatras.gr,Greece,Eastern & Southern Europe,56.76637974142744,B,415,58,,66.2,,0,64.62077750458388,1,1,9,1,1,0,1,1,0,0,1,0,1,1,0,1,1,0,0,0,1,0,0,1,1,1,1,1,1,1,0,1,0,1,1,0,0,1,0,0,1,1,19.26,1,1,0,0,0,0,75,1,0,1,0,1,0,91.3,1,1,0,,1,0,0.1822002715442739,0.0,0,9,1.0,1,0,0,0.6666666666666666,0.6,0.6666666666666666,0.3333333333333333,0.8,0.375,0.0
2069,Bielefeld University,https://www.uni-bielefeld.de,Germany,Western & Northern Europe,56.710023458302125,B,416,96,15.0,66.2,,0,71.86674974215546,1,1,7,1,0,0,0,0,0,0,0,3,1,1,1,1,1,1,0,0,1,0,1,0,0,1,1,1,0,1,1,1,1,1,1,0,0,0,0,1,1,1,21.0,1,0,0,0,0,1,90,1,0,1,1,1,0,100.0,1,1,0,0.0,3,3,-0.6941272778930765,0.0,0,12,1.0,0,0,0,0.6666666666666666,0.6,0.6666666666666666,0.6666666666666666,0.6,0.625,0.25
1146,Smith College,https://www.smith.edu,United States,North America,56.65179872471217,B,417,97,83.0,66.1,,0,71.28126227569584,0,1,5,1,0,0,0,0,0,0,1,0,1,1,1,0,0,0,0,1,1,0,1,1,1,1,1,1,1,1,1,1,0,1,0,0,0,1,0,1,1,1,15.85,1,0,0,0,0,0,100,1,0,1,1,1,1,16.7,1,1,0,1.0,3,1,-0.0255905540614563,0.0,0,13,1.0,0,0,0,0.7333333333333333,0.8,0.6666666666666666,1.0,0.4,0.375,0.0
5401,Indian Institute of Technology Bhilai,https://www.iitbhilai.ac.in,India,South & Central Asia + Oceania,56.63133014769634,B,418,113,48.0,66.0,,0,70.92557597685796,1,1,9,1,1,0,0,0,0,0,1,2,1,1,1,1,1,1,0,0,1,0,1,1,1,1,1,1,1,0,0,1,0,1,1,0,0,0,1,1,1,0,12.63,1,0,0,0,0,1,20,1,0,0,1,1,0,81.5,1,0,0,0.0,3,3,1.6344755703516527,0.0,0,2,1.0,0,0,0,0.6666666666666666,0.6,0.3333333333333333,0.6666666666666666,0.8,0.625,0.25
6148,Kwame Nkrumah University of Science and Technology,https://www.knust.edu.gh,Sub-Saharan Africa,Latin America & Africa,56.57873795919608,B,419,27,,65.9,,0,75.10348495601154,1,1,8,1,0,0,0,0,1,1,0,0,1,1,1,1,1,0,0,1,1,1,1,1,1,1,1,1,1,1,1,1,1,1,0,0,1,1,0,1,1,1,4.83,1,1,0,0,0,0,75,1,3,1,0,1,1,35.0,1,0,0,4.0,3,2,2.537787892928085,1.3862943611198906,1,9,1.0,0,0,0,0.8666666666666667,0.8,0.3333333333333333,0.6666666666666666,0.6,0.75,0.0
6345,University of Jos,https://www.unijos.edu.ng,Sub-Saharan Africa,Latin America & Africa,56.519247228272675,B,420,28,,65.8,61.87036046452485,1,72.3582501602991,1,1,7,1,0,0,0,0,0,0,1,10,1,1,1,1,1,0,1,1,1,0,1,1,1,1,1,1,1,1,1,1,1,1,0,0,0,1,0,1,1,1,4.94,1,1,0,0,0,0,75,1,1,1,0,1,1,40.0,1,0,0,0.0,3,2,0.1379577135556665,0.6931471805599453,1,9,1.0,0,0,0,0.8,0.8,0.3333333333333333,0.6666666666666666,0.6,0.75,0.0
2108,Eindhoven University of Technology,https://www.tue.nl,Netherlands,Western & Northern Europe,56.46347884379671,B,421,97,5.0,65.7,,0,75.18207547129548,1,1,6,1,1,0,0,0,0,0,1,4,1,1,1,1,1,1,0,0,1,0,1,1,1,1,1,1,1,1,1,0,1,1,1,0,0,1,0,1,1,1,5.02,1,0,0,0,1,0,75,1,0,1,1,1,1,93.8,1,0,0,,0,1,-0.0883729359247531,0.0,0,9,1.0,1,0,0,0.8,0.8,0.3333333333333333,1.0,0.8,0.625,0.25
1095,Louisiana State University,https://www.lsu.edu,United States,North America,56.30096178501008,B,422,98,84.0,65.7,53.42360782199221,1,75.70876328967202,1,1,5,1,0,0,0,1,1,1,1,0,1,1,1,1,1,1,1,1,1,0,1,1,1,1,1,1,1,1,1,0,1,0,0,0,0,1,0,1,1,1,16.3,1,1,1,0,0,0,90,1,0,0,1,1,1,100.0,1,1,0,0.0,3,3,0.7010775690086187,0.0,0,12,1.0,0,0,0,0.6666666666666666,0.8,0.6666666666666666,1.0,0.6,0.875,0.25
6150,Cheikh Anta Diop University,https://www.ucad.sn,Sub-Saharan Africa,Latin America & Africa,56.28941916002541,B,423,29,,65.6,,0,69.25429309070203,1,1,8,1,0,0,0,0,1,1,0,5,1,0,1,0,0,1,0,1,1,1,1,1,1,1,1,1,1,1,1,0,0,1,0,1,0,1,0,1,1,1,5.89,1,1,0,0,0,0,75,1,1,1,0,1,1,40.5,1,0,1,0.0,3,0,-0.3636149633280747,0.6931471805599453,1,9,1.0,0,0,0,0.7333333333333333,0.8,0.6666666666666666,0.6666666666666666,0.6,0.5,0.0
2131,Orebro University,https://www.oru.se,Sweden,Western & Northern Europe,56.273841961745575,B,424,98,,65.5,,0,66.87382921257064,1,1,5,1,1,0,0,0,0,0,0,3,1,0,1,0,0,0,0,0,0,0,0,1,1,1,1,1,0,1,1,1,0,1,1,0,0,1,0,0,1,1,11.39,0,1,0,0,0,0,100,1,0,0,1,1,0,100.0,1,1,0,0.0,3,0,-1.0098876672256818,0.0,0,13,1.0,0,0,0,0.6666666666666666,0.6,0.6666666666666666,0.6666666666666666,0.8,0.0,0.0
5072,Aga Khan University,https://www.aku.edu,Pakistan,South & Central Asia + Oceania,56.26446162865454,B,425,114,12.0,65.4,,0,69.43203606904555,1,1,9,1,0,0,0,0,0,0,1,8,1,0,1,1,1,0,1,0,1,0,1,1,1,1,1,1,1,1,1,1,1,1,1,0,0,0,0,1,1,1,5.74,1,1,0,0,1,0,75,1,1,0,1,1,1,53.8,1,0,0,0.0,3,2,3.1114729566060664,0.6931471805599453,1,9,1.0,0,0,0,0.8666666666666667,0.6,0.3333333333333333,1.0,0.6,0.625,0.25
2304,Johannes Kepler University Linz,https://www.jku.at,Switzerland/Austria,Western & Northern Europe,56.224220182238874,B,426,99,,65.3,,0,72.1518987824172,1,1,9,1,1,0,0,0,1,1,1,6,1,0,1,1,1,1,0,0,1,0,1,1,1,1,1,1,0,1,0,1,1,1,0,0,0,0,0,1,1,0,21.0,1,1,0,0,1,0,100,1,0,1,0,1,0,87.1,1,1,0,0.0,3,3,-0.8317103266707936,0.0,0,13,1.0,0,0,0,0.6666666666666666,0.4,0.6666666666666666,0.3333333333333333,0.8,0.625,0.25
3114,University of Madeira,https://www.uma.pt,Portugal,Eastern & Southern Europe,56.195477088788124,B,427,59,,65.3,,0,66.17142459518166,1,1,2,1,1,0,0,0,1,1,0,8,1,1,1,0,0,0,1,0,1,0,1,1,1,0,1,1,0,1,0,1,0,1,0,0,1,1,0,1,1,1,19.63,1,1,0,0,0,1,75,1,0,1,0,1,0,100.0,1,0,0,0.0,3,1,-1.4108836958302575,0.0,0,9,0.35,0,0,0,0.6,0.8,0.3333333333333333,0.3333333333333333,0.8,0.25,0.25
6325,Cape Peninsula University of Technology,https://www.cput.ac.za,South Africa,Latin America & Africa,56.14365422555875,B,428,30,10.0,65.2,,0,66.90485052022623,1,1,2,1,1,0,0,0,0,1,1,0,1,0,1,1,1,0,1,0,1,0,1,1,1,1,1,1,1,1,0,1,1,1,0,0,0,0,0,1,1,1,12.63,1,1,0,0,0,0,90,1,0,1,1,1,0,65.6,1,0,0,0.0,3,2,0.4799454865053223,0.0,0,12,0.35,0,0,0,0.7333333333333333,0.6,0.3333333333333333,0.6666666666666666,0.8,0.625,0.0
1193,American University,https://www.american.edu,United States,North America,56.06281696889126,B,429,99,85.0,65.1,,0,75.44105559577801,1,1,12,1,0,1,0,1,1,0,0,1,1,1,1,1,1,0,1,1,1,0,1,1,1,1,1,1,1,1,1,1,1,1,0,0,0,1,0,1,1,1,11.07,1,1,1,0,0,0,100,1,0,1,1,1,1,72.4,1,0,0,,1,2,-0.0399903531688183,0.0,0,13,0.78,1,0,0,0.8,0.8,0.3333333333333333,1.0,0.8,0.75,0.25
5058,Gujarat University,https://www.gujaratuniversity.ac.in,India,South & Central Asia + Oceania,55.98208534123785,B,430,115,49.0,65.0,,0,78.68847013268537,1,1,8,1,1,0,0,1,0,0,1,10,1,0,1,0,0,1,0,1,1,0,1,1,1,1,1,1,1,1,1,1,1,1,1,1,0,1,0,1,1,1,7.94,1,1,0,0,0,1,75,1,0,1,1,1,0,23.6,1,1,0,12.0,3,1,-0.1189476833191471,0.0,0,9,1.0,0,0,0,0.9333333333333332,0.8,0.6666666666666666,0.6666666666666666,0.8,0.375,0.25
5327,Sabaragamuwa University of Sri Lanka,https://www.sab.ac.lk,Sri Lanka,South & Central Asia + Oceania,55.80294209030616,B,431,116,,64.9,,0,66.36610991175019,1,1,7,0,0,0,0,1,1,1,1,2,1,0,0,1,0,1,1,0,1,0,1,1,1,1,1,1,1,1,1,0,0,1,1,0,0,1,0,1,1,1,4.06,1,1,0,0,0,0,75,1,1,1,1,1,1,90.5,1,0,0,0.0,3,3,-0.6495544962769896,0.6931471805599453,1,9,1.0,0,0,0,0.7333333333333333,0.8,0.3333333333333333,1.0,0.4,0.625,0.0
4103,Kyung Hee University,https://www.khu.ac.kr,South Korea,Asia (East & Southeast),55.80197540433216,B,432,29,5.0,64.8,,0,69.44401350022493,1,1,3,1,0,0,0,1,0,0,1,5,1,1,1,0,0,1,0,0,1,0,1,1,1,1,1,1,1,1,0,0,1,1,1,0,0,1,1,1,1,0,7.46,0,1,0,0,0,0,75,1,0,0,0,1,1,75.5,1,0,0,53.0,3,0,-0.0860076907970697,0.0,0,9,0.6,0,0,0,0.7333333333333333,0.8,0.3333333333333333,0.6666666666666666,0.6,0.25,0.0
6085,University of Santiago Chile,https://www.usach.cl,Chile,Latin America & Africa,55.622721625537494,B,433,31,,64.8,,0,73.74909250514038,1,1,5,1,1,0,0,0,1,1,1,0,1,1,1,0,0,1,0,1,1,0,1,1,1,1,1,1,1,1,1,1,0,1,0,0,0,1,0,0,1,1,15.43,1,1,0,0,0,0,75,1,2,1,0,1,1,50.9,1,0,0,0.0,3,1,-0.5603846992468017,1.0986122886681098,1,9,1.0,0,0,0,0.7333333333333333,0.6,0.3333333333333333,0.6666666666666666,0.8,0.375,0.0
6132,University of Ibadan,https://www.ui.edu.ng,Sub-Saharan Africa,Latin America & Africa,55.59476000688276,B,434,32,,64.7,,0,64.05282344308375,1,1,12,0,0,0,0,0,1,1,0,3,1,0,1,1,1,1,0,0,1,0,1,1,1,1,1,1,1,1,0,1,0,1,0,0,0,0,0,1,0,1,7.08,1,1,0,0,0,0,75,1,0,0,0,1,1,100.0,1,0,0,1.0,3,3,-1.556346619562706,0.0,0,9,0.78,0,0,0,0.6666666666666666,0.4,0.3333333333333333,0.6666666666666666,0.4,0.625,0.0
3122,University of Thessaly,https://www.uth.gr,Greece,Eastern & Southern Europe,55.483122592892194,B,435,60,,64.6,65.24317718678462,1,74.53875707048908,1,1,6,1,1,0,0,1,0,0,1,0,1,1,1,0,0,1,0,0,1,0,1,0,1,0,1,1,0,1,1,1,1,1,1,0,0,1,1,1,1,1,18.1,1,1,0,0,0,0,75,1,0,0,1,1,0,87.5,1,1,0,55.0,3,3,-1.1556957443434794,0.0,0,9,1.0,0,0,0,0.6666666666666666,1.0,0.6666666666666666,0.6666666666666666,0.8,0.375,0.0
2023,University of Exeter,https://www.exeter.ac.uk,United Kingdom,Western & Northern Europe,55.28138384395324,B,436,100,27.0,64.5,57.44473511493298,1,68.34821179970551,1,1,7,1,0,0,1,1,0,0,1,0,1,1,0,0,0,0,1,0,1,0,0,1,1,1,1,1,1,1,1,1,1,1,0,0,0,0,1,1,1,1,12.63,1,1,0,0,1,0,75,1,0,1,1,1,1,100.0,1,1,0,,0,1,-1.2911307545681177,0.0,0,9,1.0,1,0,0,0.7333333333333333,0.8,0.6666666666666666,1.0,0.6,0.375,0.25
2053,University of Hamburg,https://www.uni-hamburg.de,Germany,Western & Northern Europe,55.27639885467618,B,437,101,16.0,64.4,54.48753444840925,1,73.06470247338898,1,1,4,1,1,0,0,0,0,0,0,2,1,1,1,1,1,1,0,1,1,0,0,1,0,1,1,1,0,1,1,1,0,1,0,0,0,0,1,1,1,1,8.32,1,1,0,0,1,0,100,1,0,1,1,0,1,100.0,1,1,0,0.0,3,3,1.2439463049774873,0.0,0,13,0.85,0,0,0,0.5333333333333333,0.8,0.6666666666666666,0.6666666666666666,0.8,0.75,0.25
1083,University of Utah,https://www.utah.edu,United States,North America,55.267707156554366,B,438,100,86.0,64.4,,0,76.99437590231305,1,1,8,1,0,0,0,1,0,0,1,3,1,1,1,0,0,1,0,1,1,0,1,1,1,1,1,1,1,1,1,1,0,1,0,0,0,1,0,1,1,1,13.47,1,0,1,0,0,1,75,1,0,1,1,1,0,68.8,1,1,0,6.0,3,3,0.2872398642274704,0.0,0,9,1.0,0,0,0,0.7333333333333333,0.8,0.6666666666666666,0.6666666666666666,0.6,0.5,0.5
5326,Rajarata University of Sri Lanka,https://www.rjt.ac.lk,Sri Lanka,South & Central Asia + Oceania,55.2418247572009,B,439,117,,64.3,56.28015585778814,1,67.84706549572834,1,1,7,1,0,0,0,0,1,1,1,6,1,0,0,1,1,0,1,1,1,0,1,1,1,1,1,1,0,1,1,1,0,1,0,0,0,1,1,1,1,1,12.63,1,1,0,0,0,0,90,1,0,1,1,1,1,82.9,1,0,0,0.0,3,2,-0.3806526465535947,0.0,0,12,1.0,0,0,0,0.6666666666666666,1.0,0.3333333333333333,1.0,0.6,0.75,0.0
5034,NIT Tiruchirappalli,https://www.nitt.edu,India,South & Central Asia + Oceania,55.23078120479117,B,440,118,50.0,64.2,,0,62.70909807799311,1,1,8,0,0,1,0,1,0,0,1,2,1,0,1,1,0,0,1,0,1,0,1,1,1,1,1,1,1,1,0,1,0,1,1,0,0,0,1,1,1,0,12.63,1,1,0,0,1,1,90,1,0,0,0,1,0,33.3,1,0,0,0.0,3,2,-0.316534930561155,0.0,0,12,1.0,0,0,0,0.7333333333333333,0.6,0.3333333333333333,0.3333333333333333,0.6,0.5,0.5
3067,University of Girona,https://www.udg.edu,Spain,Eastern & Southern Europe,55.19882110731115,B,441,61,11.0,64.1,,0,78.64549196240378,1,1,5,1,0,0,0,0,1,1,1,0,1,1,1,1,1,1,1,0,1,0,1,1,1,1,1,1,1,1,0,1,1,1,1,0,0,1,0,0,1,1,15.24,1,1,0,0,0,0,75,1,0,1,1,0,0,36.4,1,1,0,10.0,3,3,-1.434768282422616,0.0,0,9,1.0,0,0,0,0.8,0.6,0.6666666666666666,0.3333333333333333,0.6,0.75,0.0
5039,Osmania University,https://www.osmania.ac.in,India,South & Central Asia + Oceania,55.166101481618256,B,442,119,51.0,64.0,,0,45.0,1,0,0,1,0,0,0,1,1,2,1,10,1,1,1,1,1,1,0,1,1,0,1,1,1,1,1,1,1,1,1,1,1,1,1,1,0,0,0,1,1,1,9.74,1,1,1,0,0,0,75,1,0,0,0,0,0,20.0,1,1,0,0.0,3,3,0.4649815158977143,0.0,0,9,0.0,0,0,0,0.9333333333333332,0.6,0.6666666666666666,0.0,0.4,0.75,0.25
1169,University of British Columbia,https://www.ubc.ca,Canada,North America,55.14394914612169,B,443,101,15.0,63.9,,0,67.19172667737459,0,1,9,1,0,0,0,0,0,0,0,0,1,1,1,0,0,0,0,0,0,0,1,1,1,1,1,1,0,1,1,1,1,1,0,0,0,0,0,1,1,1,15.91,0,0,0,0,0,0,100,1,1,1,1,1,1,100.0,1,1,0,,0,1,-0.3578293972342192,0.6931471805599453,1,13,1.0,1,0,0,0.7333333333333333,0.6,0.6666666666666666,1.0,0.4,0.125,0.0
2074,University of Marburg,https://www.uni-marburg.de,Germany,Western & Northern Europe,55.1076741209509,B,444,102,17.0,63.9,50.940353785586574,1,80.70011867176443,1,1,6,1,1,0,0,0,0,0,0,10,1,1,1,1,1,1,0,0,1,0,1,1,1,1,1,1,1,1,1,1,1,1,1,0,0,1,0,0,1,1,12.63,1,1,0,0,1,1,90,1,0,1,1,1,0,2.3,1,1,0,1.0,3,3,0.0372992128704411,0.0,0,12,1.0,0,0,0,0.8666666666666667,0.6,0.6666666666666666,0.6666666666666666,0.8,0.625,0.5
6107,University of the Witwatersrand,https://www.wits.ac.za,South Africa,Latin America & Africa,55.06745216825485,B,445,33,11.0,63.8,,0,70.60092808449085,1,1,6,1,0,0,0,0,0,0,1,2,1,1,1,1,0,0,1,1,1,0,1,1,1,1,1,1,0,1,1,1,1,1,0,0,0,1,0,1,1,1,12.45,1,1,1,0,0,0,75,1,1,1,1,1,0,41.7,1,0,0,0.0,3,2,0.93912182086112,0.6931471805599453,1,9,1.0,0,0,0,0.7333333333333333,0.8,0.3333333333333333,0.6666666666666666,0.6,0.625,0.25
1136,Amherst College,https://www.amherst.edu,United States,North America,55.02727420794709,B,446,102,87.0,63.7,,0,69.23919208051052,0,1,6,1,0,0,0,0,0,0,1,2,1,1,1,1,1,0,0,1,1,0,1,1,1,1,1,1,1,1,1,1,1,1,0,0,0,0,0,1,1,0,7.89,1,0,0,0,0,0,100,1,0,1,0,1,1,100.0,1,1,0,,0,2,-0.1629103774331132,0.0,0,13,1.0,1,0,0,0.8,0.4,0.6666666666666666,0.6666666666666666,0.4,0.625,0.0
4131,National Chung Hsing University,https://www.nchu.edu.tw,Taiwan,Asia (East & Southeast),54.99562727277412,B,447,30,,63.6,49.91314446409899,1,71.7951140005998,1,1,10,1,1,0,0,0,0,0,1,0,1,1,1,1,1,0,0,1,1,0,1,1,1,1,1,1,0,1,1,1,1,1,1,0,0,1,1,1,1,1,12.63,1,1,0,0,1,0,75,1,0,0,1,1,0,40.0,1,0,0,8.0,3,0,2.828324106408203,0.0,0,9,0.9266666666666666,0,0,0,0.8,1.0,0.3333333333333333,0.6666666666666666,0.8,0.5,0.25
5063,Maharaja Sayajirao University of Baroda,https://www.msubaroda.ac.in,India,South & Central Asia + Oceania,54.770963714631215,B,448,120,52.0,63.5,43.68355037205827,1,76.4562691790536,1,1,11,1,0,0,0,1,1,1,1,2,1,1,1,0,0,1,0,1,1,1,1,1,1,1,1,1,1,1,0,1,1,1,1,0,0,1,1,1,1,1,21.0,1,1,0,0,0,0,75,1,4,1,1,1,0,15.3,1,0,0,4.0,3,3,-0.4508222898208309,1.6094379124341005,1,9,0.8533333333333334,0,0,0,0.8,1.0,0.3333333333333333,0.6666666666666666,0.6,0.625,0.0
5045,IIIT Hyderabad,https://www.iiit.ac.in,India,South & Central Asia + Oceania,54.724352620229354,B,449,121,53.0,63.5,,0,66.61513697700242,1,1,6,0,0,0,0,1,0,0,1,0,1,1,1,1,1,1,1,1,1,0,1,1,0,1,1,1,1,1,1,1,1,1,0,0,0,0,0,1,1,1,10.17,1,0,0,0,1,0,90,1,1,0,1,1,1,0.0,1,0,0,0.0,3,3,-0.1595119526204864,0.6931471805599453,1,12,1.0,0,0,0,0.7333333333333333,0.6,0.3333333333333333,1.0,0.4,0.875,0.25
3303,Polytechnic University of Bari,https://www.poliba.it,Italy,Eastern & Southern Europe,54.68941483358513,B,450,62,14.0,63.4,,0,74.4730809038023,1,1,3,1,1,0,0,0,1,0,1,10,1,0,1,1,1,1,1,0,1,0,1,1,1,1,1,1,1,1,1,1,0,1,0,0,0,1,0,1,1,1,13.97,1,1,1,1,0,0,75,1,0,1,0,1,0,38.9,1,1,0,8.0,3,3,0.4350536393791673,0.0,0,9,0.6,0,0,0,0.7333333333333333,0.8,0.6666666666666666,0.3333333333333333,0.8,0.75,0.5
1060,"University of California, Riverside",https://www.ucr.edu,United States,North America,54.614444047715544,B,451,103,88.0,63.3,,0,72.65737996862302,0,1,4,1,0,0,0,1,0,0,1,10,1,1,1,1,1,1,1,1,1,0,1,1,0,1,1,1,1,1,1,1,1,0,0,0,0,1,0,1,1,1,7.24,1,0,0,0,0,1,100,1,0,1,1,1,1,86.7,1,1,0,0.0,3,3,1.6677423438680643,0.0,0,13,0.85,0,0,0,0.6666666666666666,0.8,0.6666666666666666,1.0,0.4,0.875,0.25
6030,Mackenzie Presbyterian University,https://www.mackenzie.br,Brazil,Latin America & Africa,54.549322592758045,B,452,34,2.0,63.2,,0,72.85674525798284,1,1,8,1,1,1,0,0,1,3,0,2,1,1,1,0,0,0,1,0,1,0,1,1,0,1,1,1,0,1,0,1,1,1,1,1,1,0,0,1,1,1,12.63,1,1,1,0,0,1,75,1,0,1,0,1,1,16.7,1,0,0,77.0,3,0,-0.2519196157378455,0.0,0,9,1.0,0,0,0,0.8,0.6,0.3333333333333333,0.6666666666666666,1.0,0.25,0.5
2045,Free University of Berlin,https://www.fu-berlin.de,Germany,Western & Northern Europe,54.51481491098986,B,453,103,18.0,63.1,57.752429782245805,1,72.0968753957916,1,1,7,1,1,1,0,1,0,0,1,3,1,1,1,0,1,0,1,0,1,0,1,1,1,1,1,1,0,1,1,1,0,1,0,0,0,0,0,1,1,1,21.0,1,0,0,0,1,0,100,1,0,1,1,1,0,75.0,1,1,0,,0,2,-1.0341956263736884,0.0,0,13,1.0,1,0,0,0.6666666666666666,0.6,0.6666666666666666,0.6666666666666666,1.0,0.5,0.25
2085,University of Montpellier,https://www.umontpellier.fr,France,Western & Northern Europe,54.50946662058857,B,454,104,15.0,63.1,,0,75.71693318647837,1,1,8,1,1,0,0,1,0,0,1,10,1,1,1,1,0,1,0,0,1,0,1,1,1,1,1,1,1,1,0,1,1,1,0,0,0,1,1,0,1,1,21.0,1,1,0,0,0,0,90,1,0,1,0,1,0,2.1,1,1,0,0.0,3,1,-0.9311298795861404,0.0,0,12,1.0,0,0,0,0.7333333333333333,0.8,0.6666666666666666,0.3333333333333333,0.8,0.5,0.0
3054,University of Zaragoza,https://www.unizar.es,Spain,Eastern & Southern Europe,54.459887612323634,B,455,63,12.0,63.0,,0,69.87536777161569,1,1,1,0,1,0,0,1,1,1,1,7,1,1,1,1,0,1,1,1,1,0,1,1,1,1,1,1,1,1,1,1,1,1,0,0,0,1,0,0,1,0,12.02,1,1,1,0,0,0,75,1,0,1,0,1,0,80.9,1,1,0,11.0,3,1,1.926852592933472,0.0,0,9,0.15,0,0,0,0.8,0.4,0.6666666666666666,0.3333333333333333,0.6,0.625,0.25
1103,Bowling Green State University,https://www.bgsu.edu,United States,North America,54.384523873138754,B,456,104,89.0,62.9,,0,73.06423660033798,1,1,8,1,0,0,0,1,0,0,0,0,1,1,1,1,1,0,0,1,1,1,1,1,1,1,1,1,1,1,1,1,1,0,0,0,1,1,0,0,0,1,21.0,1,0,1,0,1,1,90,1,0,1,1,1,1,55.9,1,1,0,,0,1,0.3550650049505531,0.0,0,12,1.0,1,0,0,0.8,0.4,0.6666666666666666,1.0,0.6,0.75,0.75
2059,University of Wuerzburg,https://www.uni-wuerzburg.de,Germany,Western & Northern Europe,54.28994898453504,B,457,105,19.0,62.8,,0,79.44209181343065,1,1,6,1,1,0,0,1,1,0,1,3,1,1,1,1,1,1,1,0,1,0,1,1,1,1,1,1,1,1,1,1,1,1,0,0,0,0,1,1,1,0,7.0,1,1,0,0,1,0,75,1,0,1,0,1,0,73.8,1,1,0,0.0,3,3,-0.3472527008510229,0.0,0,9,1.0,0,0,0,0.8,0.6,0.6666666666666666,0.3333333333333333,0.8,0.75,0.25
1071,"University of Tennessee, Knoxville",https://www.utk.edu,United States,North America,54.2731774888837,B,458,105,90.0,62.7,62.35035005455589,1,67.69333414654017,1,1,4,1,0,0,0,0,0,0,0,2,1,1,1,0,0,0,1,1,1,0,1,1,0,1,1,1,1,1,1,1,1,1,0,0,0,1,0,0,1,1,8.72,1,1,0,0,0,1,90,1,0,1,1,1,1,89.5,1,1,0,,0,0,-1.4063017264427369,0.0,0,12,0.85,1,0,0,0.7333333333333333,0.6,0.6666666666666666,1.0,0.6,0.375,0.25
2183,TU Wien,https://www.tuwien.at,Switzerland/Austria,Western & Northern Europe,54.25696690610125,B,459,106,,62.6,,0,71.05179920879792,1,1,3,1,1,0,0,0,0,1,1,10,1,0,1,1,1,1,1,0,1,0,1,1,0,1,1,1,0,1,1,0,1,1,1,0,0,0,0,1,1,1,19.43,1,0,0,0,1,1,100,1,0,1,1,1,0,93.3,1,1,0,1.0,3,3,-0.4787587598417382,0.0,0,13,0.6,0,0,0,0.6666666666666666,0.6,0.6666666666666666,0.6666666666666666,0.8,0.75,0.5
2052,University of Bonn,https://www.uni-bonn.de,Germany,Western & Northern Europe,54.102662549901716,B,460,107,20.0,62.6,,0,73.92184510351503,1,1,5,1,1,1,0,1,0,0,1,10,1,1,1,0,0,1,0,0,1,0,1,1,1,0,1,1,0,1,1,1,1,1,0,0,0,0,0,1,1,0,17.64,1,1,0,0,1,0,75,1,0,1,1,1,0,100.0,1,1,1,0.0,3,3,-0.4491030496811703,0.0,0,9,1.0,0,0,0,0.6666666666666666,0.4,1.0,0.6666666666666666,1.0,0.375,0.25
4189,Suranaree University of Technology,https://www.sut.ac.th,Thailand,Asia (East & Southeast),54.07265145503447,B,461,31,,62.5,,0,68.61363038766575,1,1,6,1,1,0,0,1,1,1,0,0,1,1,1,1,0,0,0,0,1,0,1,1,1,1,1,1,1,1,0,1,1,1,1,0,0,1,0,0,1,0,13.08,1,1,0,0,0,0,20,1,0,1,0,1,1,60.7,0,0,0,0.0,3,0,-1.8796283371615488,0.0,0,2,1.0,0,0,0,0.8,0.4,0.0,0.6666666666666666,0.8,0.25,0.0
1105,Marquette University,https://www.marquette.edu,United States,North America,53.99349284878464,B,462,106,91.0,62.4,,0,45.0,1,0,0,1,0,0,0,1,0,0,1,10,1,0,1,1,1,0,1,0,1,0,1,1,1,1,1,1,1,1,1,1,1,1,0,0,0,1,0,1,1,1,15.43,1,1,0,0,0,0,75,1,0,1,1,0,1,87.0,1,1,0,,0,0,1.4294152340041857,0.0,0,9,0.0,1,0,0,0.8,0.8,0.6666666666666666,0.6666666666666666,0.4,0.5,0.0
5144,Charles Sturt University,https://www.csu.edu.au,Australia,South & Central Asia + Oceania,53.963846537880066,B,463,122,27.0,62.3,,0,67.89171515858922,1,1,4,1,0,1,0,1,0,0,0,0,1,1,1,1,1,0,1,1,1,0,0,1,0,1,1,1,1,1,1,1,1,1,1,0,0,0,0,1,1,1,6.19,1,1,0,0,0,0,75,1,2,1,0,1,1,41.7,1,1,0,5.0,3,0,0.1218208828565449,1.0986122886681098,1,9,0.85,0,0,0,0.7333333333333333,0.6,0.6666666666666666,0.6666666666666666,0.8,0.625,0.0
5123,Deakin University,https://www.deakin.edu.au,Australia,South & Central Asia + Oceania,53.922742391967894,B,464,123,28.0,62.2,56.65787858446117,1,74.79795341378318,1,1,6,1,0,0,0,1,0,0,1,0,1,1,1,0,0,0,0,0,1,0,1,1,1,1,1,1,1,1,1,1,1,1,0,0,1,0,1,1,1,1,12.05,1,1,1,0,0,0,75,1,1,1,1,1,1,14.3,1,1,0,,0,1,-0.4194176942326973,0.6931471805599453,1,9,1.0,1,0,0,0.8666666666666667,0.8,0.6666666666666666,1.0,0.6,0.25,0.25
2310,Technological University Dublin,https://www.tudublin.ie,Belgium/Ireland/Iceland,Western & Northern Europe,53.90619808442013,B,465,108,,62.2,,0,45.0,1,0,0,1,1,0,0,0,0,0,1,10,1,1,1,1,0,0,0,0,1,0,1,1,1,1,1,1,1,1,1,1,1,1,0,0,0,0,1,1,1,0,15.91,1,0,1,0,0,0,90,1,0,1,1,1,1,96.8,1,1,0,1.0,3,1,-0.747361708427211,0.0,0,12,0.0,0,0,0,0.8,0.6,0.6666666666666666,1.0,0.6,0.375,0.25
5044,O.P. Jindal Global University,https://www.jgu.edu.in,India,South & Central Asia + Oceania,53.83481767354816,B,466,124,54.0,62.1,,0,45.0,1,0,0,1,0,0,0,1,1,1,1,10,1,1,1,1,1,0,0,1,1,0,1,1,1,1,1,1,1,1,1,1,0,1,0,0,0,1,0,1,1,1,12.63,1,1,1,0,0,0,75,1,0,1,1,1,1,98.2,1,0,0,,0,1,0.0483799275488781,0.0,0,9,0.0,1,0,0,0.7333333333333333,0.8,0.3333333333333333,1.0,0.4,0.625,0.25
2024,University of Bath,https://www.bath.ac.uk,United Kingdom,Western & Northern Europe,53.807384160327224,B,467,109,28.0,62.0,,0,68.82692246185324,0,1,3,1,0,0,1,1,0,0,0,0,1,0,0,1,1,1,1,1,1,0,0,1,1,1,1,1,0,1,1,1,1,1,0,0,0,1,0,1,1,1,15.74,1,0,0,0,1,0,75,1,0,1,1,1,1,81.0,1,1,0,0.0,3,3,0.4019186000905396,0.0,0,9,0.6,0,0,0,0.6666666666666666,0.8,0.6666666666666666,1.0,0.4,0.875,0.25
2157,Copenhagen Business School,https://www.cbs.dk,Denmark,Western & Northern Europe,53.714988159424124,B,468,110,,61.9,,0,68.38958994751388,1,1,5,1,1,1,0,1,0,0,0,2,1,0,1,1,1,1,0,0,1,0,0,1,1,0,1,1,0,1,1,1,0,1,0,0,1,1,0,1,1,1,14.67,1,0,0,0,0,0,100,1,0,0,0,1,0,63.2,1,0,0,0.0,3,3,1.4367084210211791,0.0,0,13,1.0,0,0,0,0.6,0.8,0.3333333333333333,0.3333333333333333,1.0,0.625,0.0
4156,Universiti Utara Malaysia,https://www.uum.edu.my,Malaysia,Asia (East & Southeast),53.67331069010573,B,469,32,,61.8,,0,67.79031815233382,1,1,5,0,0,0,0,1,1,1,0,5,1,0,1,1,0,1,0,0,1,0,1,1,1,1,1,1,1,1,1,1,1,0,0,0,0,1,0,1,1,1,21.0,1,1,0,0,0,0,75,1,0,1,1,1,1,93.3,1,1,0,127.0,2,1,-0.4595780744106674,0.0,0,9,1.0,0,0,0,0.7333333333333333,0.8,0.6666666666666666,1.0,0.4,0.375,0.0
3205,Vytautas Magnus University,https://www.vdu.lt,Baltics,Eastern & Southern Europe,53.656176287436026,B,470,64,,61.7,,0,69.37127288870246,1,1,5,1,1,0,0,0,0,0,1,0,1,0,1,1,1,0,1,0,1,1,1,1,1,1,1,1,1,1,1,1,0,1,1,0,0,1,0,0,1,1,11.73,1,1,1,0,0,1,90,1,2,1,1,1,0,2.6,1,0,0,0.0,3,0,-0.1186018528331741,1.0986122886681098,1,12,1.0,0,0,0,0.8,0.6,0.3333333333333333,0.6666666666666666,0.8,0.625,0.5
3038,Sant'Anna School of Advanced Studies,https://www.santannapisa.it,Italy,Eastern & Southern Europe,53.45672882436062,B,471,65,15.0,61.7,,0,68.75687918132937,1,1,5,1,1,0,0,0,0,0,1,10,1,0,1,1,1,1,1,0,1,0,1,1,1,1,1,1,0,1,1,1,0,0,1,0,0,1,0,1,1,1,16.14,1,1,0,0,0,0,75,1,2,1,0,1,1,100.0,1,0,0,0.0,3,1,0.0053106640745509,1.0986122886681098,1,9,1.0,0,0,0,0.6666666666666666,0.8,0.3333333333333333,0.6666666666666666,0.8,0.625,0.0
1101,Miami University,https://www.miamioh.edu,United States,North America,53.42600308707668,B,472,107,92.0,61.6,,0,74.87738848452756,1,1,5,1,0,0,0,1,0,0,1,0,1,1,1,1,1,0,1,1,1,0,1,1,1,1,1,1,1,1,1,1,1,1,0,0,0,1,0,1,1,1,21.0,1,1,0,0,0,0,100,1,1,1,1,1,1,65.9,1,1,0,,1,2,2.2433169226811795,0.6931471805599453,1,13,1.0,1,0,0,0.8,0.8,0.6666666666666666,1.0,0.6,0.75,0.0
1142,Colby College,https://www.colby.edu,United States,North America,53.33672899687252,B,473,108,93.0,61.5,,0,66.8327294288734,0,1,5,1,0,0,0,0,0,0,0,1,1,1,1,1,0,0,0,1,1,0,1,1,0,1,1,1,1,1,1,1,0,1,0,0,0,1,1,0,1,1,21.0,1,0,0,0,1,0,90,1,3,1,1,1,1,100.0,1,0,0,,1,2,-0.8169534267443183,1.3862943611198906,1,12,1.0,1,0,0,0.6666666666666666,0.8,0.3333333333333333,1.0,0.4,0.5,0.25
5010,Indian Institute of Technology Indore,https://www.iiti.ac.in,India,South & Central Asia + Oceania,53.290886371914425,B,474,125,55.0,61.4,55.96491207277692,1,60.97800832066508,1,1,10,0,0,0,0,0,0,0,1,0,1,0,1,1,1,0,0,1,1,0,1,1,1,1,1,1,0,1,0,1,0,1,1,0,0,0,0,1,1,0,9.74,1,1,0,0,0,0,75,1,0,1,1,1,0,90.8,1,0,0,0.0,3,2,-0.6824311822833172,0.0,0,9,0.9266666666666666,0,0,0,0.6666666666666666,0.4,0.3333333333333333,0.6666666666666666,0.4,0.625,0.0
2009,University of Bristol,https://www.bristol.ac.uk,United Kingdom,Western & Northern Europe,53.26771864495884,B,475,111,29.0,61.3,,0,68.78834642649917,1,1,4,1,0,0,1,1,0,0,1,2,1,0,0,0,0,1,0,0,1,0,0,1,1,1,1,1,0,1,1,1,1,1,0,0,0,1,0,1,1,1,12.63,1,1,0,0,0,1,75,1,0,0,1,1,1,100.0,1,1,0,5.0,3,3,-1.091319330371504,0.0,0,9,0.85,0,0,0,0.6666666666666666,0.8,0.6666666666666666,1.0,0.6,0.375,0.25
2082,Grenoble Alpes University,https://www.univ-grenoble-alpes.fr,France,Western & Northern Europe,53.198675587329916,B,476,112,16.0,61.3,,0,74.1322666605585,1,1,1,1,0,0,0,1,1,1,1,6,1,1,1,1,1,0,1,0,1,0,1,1,1,1,1,1,1,1,1,1,1,1,1,0,0,0,1,1,0,0,21.0,0,1,1,0,0,1,75,1,0,1,1,1,0,73.1,1,1,1,0.0,3,1,-0.736423126810608,0.0,0,9,0.15,0,0,0,0.8666666666666667,0.4,1.0,0.6666666666666666,0.6,0.625,0.5
2179,University of Geneva,https://www.unige.ch,Switzerland/Austria,Western & Northern Europe,53.11540958385931,B,477,113,,61.2,43.98662555444169,1,74.23988373280245,1,1,4,1,1,0,0,0,1,0,1,10,1,1,1,1,1,1,1,0,1,0,1,1,1,1,1,1,0,1,1,1,1,1,0,0,0,1,0,0,1,1,15.91,1,1,0,0,0,0,75,1,1,1,0,0,1,22.6,1,0,0,0.0,3,3,1.2556141253685302,0.6931471805599453,1,9,0.85,0,0,0,0.7333333333333333,0.6,0.3333333333333333,0.3333333333333333,0.8,0.75,0.0
1151,Macalester College,https://www.macalester.edu,United States,North America,53.112325156398455,B,478,109,94.0,61.1,,0,71.823551122187,1,1,3,1,0,0,0,1,0,0,0,5,1,1,1,1,1,0,0,0,1,0,1,1,1,1,1,1,1,1,1,1,1,1,0,0,0,1,0,1,1,1,21.0,1,1,0,0,0,0,100,1,0,1,1,1,1,53.3,1,0,0,,1,2,-1.1433488731778616,0.0,0,13,0.6,1,0,0,0.8,0.8,0.3333333333333333,1.0,0.6,0.5,0.0
4146,National University of Singapore,https://www.nus.edu.sg,Singapore,Asia (East & Southeast),53.04250134032777,B,479,33,,61.0,,0,70.77945798978214,1,1,8,1,0,1,0,0,0,0,0,0,1,1,1,0,0,0,0,0,1,0,1,1,1,1,1,1,1,1,1,1,0,1,0,0,0,1,0,1,1,1,12.63,1,1,0,0,0,0,75,1,0,0,1,1,1,51.6,1,0,0,17.0,3,2,0.1065108106128459,0.0,0,9,1.0,0,0,0,0.7333333333333333,0.8,0.3333333333333333,1.0,0.8,0.25,0.0
6129,Cadi Ayyad University,https://www.uca.ma,Egypt & North Africa,Latin America & Africa,52.96032381912311,B,480,35,,60.9,,0,67.33896333387352,1,1,8,1,0,0,0,1,1,0,1,4,1,1,0,1,1,1,1,0,1,0,1,1,0,1,1,1,1,0,0,1,1,1,0,0,0,1,0,1,1,1,15.43,1,1,0,0,0,0,75,1,0,1,1,1,0,100.0,1,0,0,0.0,3,3,-0.712786169729309,0.0,0,9,1.0,0,0,0,0.6,0.8,0.3333333333333333,0.6666666666666666,0.6,0.75,0.0
4181,Mahidol University,https://www.mahidol.ac.th,Thailand,Asia (East & Southeast),52.887946852989025,B,481,34,,60.8,,0,72.78464383576463,1,1,10,1,1,0,0,0,0,0,1,0,1,0,1,1,1,0,0,0,1,0,1,1,1,1,1,1,1,1,0,1,1,1,1,0,0,1,0,1,1,1,6.1,1,1,0,0,0,0,90,1,0,1,1,1,1,21.6,1,0,0,19.0,3,2,-0.9110007673718484,0.0,0,12,0.9266666666666666,0,0,0,0.8,0.8,0.3333333333333333,1.0,0.8,0.5,0.0
1178,Simon Fraser University,https://www.sfu.ca,Canada,North America,52.768705153674574,B,482,110,16.0,60.8,,0,68.08651907592716,1,1,5,1,0,0,0,1,0,0,1,0,1,0,1,1,1,0,1,1,1,0,1,1,1,1,1,1,1,1,1,1,0,1,1,0,0,0,0,1,1,1,21.0,1,1,0,0,0,1,90,1,0,1,1,1,1,41.0,1,0,0,,0,2,0.8550928116351887,0.0,0,12,1.0,1,0,0,0.8,0.6,0.3333333333333333,1.0,0.6,0.75,0.25
3301,University of L'Aquila,https://www.univaq.it,Italy,Eastern & Southern Europe,52.75497890667356,B,483,66,16.0,60.7,,0,45.0,1,0,0,1,0,0,0,1,1,0,1,8,1,1,1,0,0,0,1,0,1,0,0,1,1,1,1,1,1,1,0,1,1,1,1,0,0,0,1,1,1,0,19.65,1,0,0,0,0,0,75,1,0,1,0,0,0,100.0,1,1,0,,1,1,0.3274832080346352,0.0,0,9,0.0,1,0,0,0.7333333333333333,0.6,0.6666666666666666,0.0,0.4,0.375,0.0
1070,North Carolina State University,https://www.ncsu.edu,United States,North America,52.74977735756898,B,484,111,95.0,60.6,,0,72.06455888927962,0,1,5,1,0,0,1,1,0,0,0,5,1,1,1,1,1,0,0,0,1,0,1,1,1,1,1,1,0,1,1,1,1,1,0,0,0,1,0,1,1,1,12.63,1,0,0,0,0,0,90,1,0,1,1,1,1,85.0,1,1,0,,0,2,-1.0204288489135669,0.0,0,12,1.0,1,0,0,0.7333333333333333,0.8,0.6666666666666666,1.0,0.4,0.5,0.0
1079,University of Nebraska-Lincoln,https://www.unl.edu,United States,North America,52.73897737677882,B,485,112,96.0,60.5,,0,70.90654419219166,1,1,6,1,0,1,0,1,0,0,1,1,1,1,1,1,1,0,1,0,1,0,1,1,1,1,1,1,0,1,1,1,1,1,0,0,0,0,0,1,1,0,10.05,1,0,0,0,0,1,100,1,1,1,0,1,1,86.4,1,1,0,,1,2,-0.5143489527490258,0.6931471805599453,1,13,1.0,1,0,0,0.7333333333333333,0.4,0.6666666666666666,0.6666666666666666,0.8,0.625,0.25
5328,Uva Wellassa University,https://www.uwu.ac.lk,Sri Lanka,South & Central Asia + Oceania,52.66564867729567,B,486,126,,60.4,,0,45.0,1,0,0,0,0,1,0,0,0,0,0,0,1,1,1,1,0,0,1,1,1,1,1,1,1,1,1,1,1,1,1,1,1,1,1,1,0,0,0,1,1,1,21.0,1,1,0,0,0,1,75,1,0,0,0,1,1,45.6,1,0,0,,1,2,1.5000246454899548,0.0,0,9,0.0,1,0,0,0.9333333333333332,0.6,0.3333333333333333,0.6666666666666666,0.4,0.75,0.25
4201,Polytechnic University of the Philippines,https://www.pup.edu.ph,Philippines,Asia (East & Southeast),52.6346419051404,B,487,35,,60.4,,0,66.38432297844955,1,1,5,1,0,0,0,1,0,0,1,0,1,0,1,0,0,0,0,1,1,1,1,1,1,1,1,1,0,1,1,1,1,1,1,0,0,1,0,1,1,1,2.53,1,1,0,0,0,0,75,1,1,1,1,1,0,100.0,1,0,0,0.0,3,0,-0.1019000226793927,0.6931471805599453,1,9,1.0,0,0,0,0.8,0.8,0.3333333333333333,0.6666666666666666,0.6,0.375,0.0
5129,La Trobe University,https://www.latrobe.edu.au,Australia,South & Central Asia + Oceania,52.5560754204421,B,488,127,29.0,60.3,,0,76.1858533396431,1,1,7,1,0,0,0,1,1,1,1,0,1,1,1,0,0,0,0,0,1,0,1,1,1,1,1,1,1,1,1,1,1,1,0,0,1,1,1,1,1,1,15.52,1,1,0,0,1,1,75,1,8,1,1,1,0,22.2,1,1,0,368.0,2,1,0.0141947167263781,2.19722457733622,1,9,1.0,0,0,0,0.8666666666666667,1.0,0.6666666666666666,0.6666666666666666,0.6,0.25,0.5
4139,Chinese University of Hong Kong,https://www.cuhk.edu.hk,Hong Kong,Asia (East & Southeast),52.50134556716998,B,489,36,,60.2,,0,68.25527315284366,1,1,20,1,0,0,0,1,0,0,1,0,1,0,1,1,1,1,0,0,1,0,1,1,1,1,1,1,0,1,0,1,0,1,0,0,0,0,1,1,1,1,6.29,1,1,0,0,0,0,75,1,15,0,1,1,1,89.4,1,1,0,0.0,3,3,-0.6440498255004192,2.3978952727983707,1,9,0.45,0,0,0,0.6,0.8,0.6666666666666666,1.0,0.6,0.625,0.0
5405,Indian Institute of Technology Palakkad,https://www.iitpkd.ac.in,India,South & Central Asia + Oceania,52.375356579049345,B,490,128,56.0,60.1,,0,64.86944529223418,1,1,10,0,1,0,0,0,0,0,1,7,1,1,1,1,1,0,0,0,1,0,1,1,1,1,1,1,1,1,0,1,0,1,1,1,0,0,0,1,1,0,7.39,1,0,0,0,0,0,75,1,0,0,0,0,1,7.1,1,0,0,0.0,3,2,-0.750310907122252,0.0,0,9,0.9266666666666666,0,0,0,0.8,0.4,0.3333333333333333,0.3333333333333333,0.6,0.5,0.0
1053,University of Pittsburgh,https://www.pitt.edu,United States,North America,52.33708432906199,B,491,113,97.0,60.0,,0,66.2365132299083,1,1,6,1,0,0,0,1,0,0,1,3,1,0,1,1,1,0,0,1,1,0,1,1,1,1,1,1,1,0,1,1,1,1,0,0,0,1,0,0,1,1,15.43,1,1,0,0,0,0,75,1,0,1,0,1,0,100.0,1,1,0,,0,1,-1.3397287421637722,0.0,0,9,1.0,1,0,0,0.7333333333333333,0.6,0.6666666666666666,0.3333333333333333,0.6,0.625,0.0
5112,University of Sydney,https://www.sydney.edu.au,Australia,South & Central Asia + Oceania,52.325182056249,B,492,129,30.0,60.0,,0,69.91936636214083,1,1,6,1,0,1,1,1,0,0,0,1,1,1,0,1,1,0,1,0,1,0,1,1,1,1,1,1,1,1,1,1,0,1,1,0,0,1,0,0,1,1,18.42,1,1,0,0,0,0,90,1,0,1,1,1,1,38.9,1,1,0,,0,1,0.0585209948742128,0.0,0,12,1.0,1,0,0,0.8,0.6,0.6666666666666666,1.0,0.8,0.625,0.0
1107,Loyola University Chicago,https://www.luc.edu,United States,North America,52.315119477876586,B,493,114,98.0,59.9,,0,70.8181913725761,1,1,3,1,0,0,0,1,1,1,1,1,1,1,1,1,1,0,1,1,1,0,1,1,1,1,1,1,1,1,1,1,0,1,0,0,0,1,0,1,1,1,21.0,1,1,1,0,0,0,75,1,0,1,1,1,1,59.1,1,0,0,,0,2,-0.115745818037985,0.0,0,9,0.6,1,0,0,0.7333333333333333,0.8,0.3333333333333333,1.0,0.6,0.75,0.25
1301,Montana State University,https://www.montana.edu,United States,North America,52.311918236830095,B,494,115,99.0,59.8,,0,45.0,1,0,0,1,0,1,0,0,0,0,1,0,1,1,1,1,1,0,1,0,1,0,1,1,1,1,1,1,1,1,1,1,1,1,0,0,0,0,0,0,1,1,12.63,1,1,0,0,0,0,75,1,0,1,1,1,1,92.1,1,1,0,,0,2,-0.6001216691711396,0.0,0,9,0.0,1,0,0,0.8,0.4,0.6666666666666666,1.0,0.6,0.625,0.0
5001,Indian Institute of Technology Bombay,https://www.iitb.ac.in,India,South & Central Asia + Oceania,52.29704416540159,B,495,130,57.0,59.7,,0,75.9001405803302,1,1,6,1,1,0,0,1,1,1,1,5,1,1,1,1,0,1,0,0,1,0,1,1,1,1,1,1,0,1,0,1,1,1,0,0,0,0,0,1,1,1,11.2,1,1,0,0,0,0,75,1,1,1,1,1,1,100.0,1,0,0,0.0,3,3,-0.2900373030336672,0.6931471805599453,1,9,1.0,0,0,0,0.6666666666666666,0.6,0.3333333333333333,1.0,0.8,0.5,0.0
5142,Bond University,https://www.bond.edu.au,Australia,South & Central Asia + Oceania,52.275810678732526,B,496,131,31.0,59.6,,0,56.6880946295104,1,1,0,1,1,0,0,1,0,0,0,1,0,0,1,0,0,0,0,1,1,0,1,1,0,1,1,1,0,1,1,1,1,1,1,0,0,0,0,0,1,1,17.06,1,0,0,0,0,1,100,1,0,1,1,1,1,75.0,1,0,0,,1,0,-0.1055353039533815,0.0,0,13,0.0,1,0,0,0.7333333333333333,0.4,0.3333333333333333,1.0,0.8,0.25,0.25
6147,University of Ghana,https://www.ug.edu.gh,Sub-Saharan Africa,Latin America & Africa,52.26700904150111,B,497,36,,59.5,54.328803353868985,1,71.14714872575455,1,1,4,1,0,0,0,0,0,0,1,0,1,1,1,1,1,1,0,1,1,0,1,1,1,1,1,1,0,1,1,1,0,1,0,0,0,1,0,1,1,1,15.43,1,0,0,0,0,0,90,1,0,0,0,1,1,66.7,1,0,0,5.0,3,3,-0.1034619910718911,0.0,0,12,0.85,0,0,0,0.6666666666666666,0.8,0.3333333333333333,0.6666666666666666,0.6,0.75,0.0
1032,University of Florida,https://www.ufl.edu,United States,North America,52.24201297222994,B,498,116,100.0,59.5,,0,70.42612856957598,1,1,2,0,0,0,0,1,0,0,0,2,1,1,1,1,1,0,1,0,1,1,1,1,1,1,1,1,1,1,1,1,0,1,1,0,0,1,0,1,1,1,15.43,1,1,0,0,0,0,90,1,0,1,1,1,1,72.2,1,1,0,,1,2,-0.9599079541145084,0.0,0,12,0.35,1,0,0,0.8,0.8,0.6666666666666666,1.0,0.4,0.75,0.0
2133,Lulea University of Technology,https://www.ltu.se,Sweden,Western & Northern Europe,52.186399907369555,B,499,114,,59.4,,0,70.77478417704425,1,1,8,1,1,0,0,0,0,0,0,1,1,1,1,1,1,1,0,0,1,0,0,1,0,1,1,1,0,1,1,0,1,1,0,0,0,1,0,0,1,1,16.86,1,1,0,0,0,0,75,1,0,1,1,1,1,87.5,1,1,0,0.0,3,1,0.0596625352866068,0.0,0,9,1.0,0,0,0,0.5333333333333333,0.6,0.6666666666666666,1.0,0.8,0.5,0.0
2071,Leibniz University Hannover,https://www.uni-hannover.de,Germany,Western & Northern Europe,52.08811573406471,B,500,115,21.0,59.3,,0,72.21093764427307,1,1,20,1,1,0,0,0,0,0,1,5,1,1,1,1,1,1,0,0,1,0,1,0,0,1,1,1,1,1,1,1,1,1,0,0,0,0,1,1,1,0,19.8,1,1,0,0,0,0,75,1,0,1,1,1,0,95.2,1,1,0,22.0,3,3,-0.3105476825375328,0.0,0,9,0.45,0,0,0,0.6666666666666666,0.6,0.6666666666666666,0.6666666666666666,0.8,0.625,0.0
1084,University of Oregon,https://www.uoregon.edu,United States,North America,52.086122972084524,B,501,117,101.0,59.2,,0,75.23800510994688,1,1,4,1,0,0,0,0,0,0,1,1,1,1,1,1,1,0,1,0,1,0,1,1,1,1,1,1,1,1,1,1,1,1,1,0,1,0,0,1,1,0,3.36,1,1,0,0,0,0,100,1,0,1,1,1,1,85.7,1,1,0,,0,1,-0.7731279512001725,0.0,0,13,0.85,1,0,0,0.9333333333333332,0.4,0.6666666666666666,1.0,0.6,0.625,0.0
4097,KAIST,https://www.kaist.ac.kr,South Korea,Asia (East & Southeast),52.081275583698435,B,502,37,6.0,59.1,,0,45.0,0,0,0,1,0,0,0,0,1,0,0,6,1,1,1,0,0,0,0,1,1,0,1,1,1,1,1,1,1,1,1,1,0,1,1,1,0,0,0,1,1,0,9.0,1,0,0,0,0,0,55,1,0,0,1,1,1,100.0,1,0,0,,1,1,1.425775525603678,0.0,0,6,0.0,1,0,0,0.8666666666666667,0.4,0.3333333333333333,1.0,0.2,0.375,0.0
1064,University of Delaware,https://www.udel.edu,United States,North America,52.016693153256035,B,503,118,102.0,59.1,42.935827097478416,1,65.8113527620099,1,1,4,1,0,0,0,1,0,0,1,4,1,0,1,0,0,0,0,1,1,0,1,1,1,1,1,1,1,1,1,1,0,1,0,0,0,0,0,1,1,1,10.89,1,1,0,0,0,0,90,1,0,1,1,1,0,94.4,1,1,0,,1,1,0.1098510346440231,0.0,0,12,0.85,1,0,0,0.7333333333333333,0.6,0.6666666666666666,0.6666666666666666,0.6,0.375,0.0
1005,Princeton University,https://www.princeton.edu,United States,North America,52.00354306079337,B,504,119,103.0,59.0,50.302258703226194,1,68.73809424549219,1,1,0,1,0,0,0,0,1,1,1,1,1,1,1,1,1,0,0,0,1,0,1,1,0,1,1,1,1,1,1,1,1,1,0,0,0,1,0,1,1,1,8.86,1,0,0,0,0,0,90,1,0,1,1,1,1,87.5,1,1,0,5.0,3,1,-1.7128713625110712,0.0,0,12,0.0,0,0,0,0.7333333333333333,0.8,0.6666666666666666,1.0,0.6,0.5,0.0
1066,George Washington University,https://www.gwu.edu,United States,North America,51.942034592797235,B,505,120,104.0,58.9,,0,74.67368420133114,1,1,7,1,0,0,0,0,1,1,1,1,0,1,1,1,1,1,1,1,1,0,1,1,1,1,1,1,0,0,1,1,1,1,0,0,0,1,0,1,1,1,9.74,1,1,1,0,0,1,90,1,0,1,1,1,1,92.3,1,1,0,0.0,3,1,-0.039781660428132,0.0,0,12,1.0,0,0,0,0.6666666666666666,0.8,0.6666666666666666,1.0,0.6,0.75,0.5
5095,Jahangirnagar University,https://www.juniv.edu,Bangladesh,South & Central Asia + Oceania,51.8438304786481,B,506,132,13.0,58.8,,0,63.51751612439242,1,1,14,0,0,0,0,0,1,1,1,0,1,1,1,1,1,0,1,0,1,0,1,1,1,1,1,1,0,1,1,0,0,1,1,0,0,0,0,1,1,0,12.63,1,1,0,0,0,0,75,1,0,1,0,1,1,92.9,1,0,0,1.0,3,2,-0.8376549386017489,0.0,0,9,0.66,0,0,0,0.6666666666666666,0.4,0.3333333333333333,0.6666666666666666,0.4,0.625,0.0
1043,Wake Forest University,https://www.wfu.edu,United States,North America,51.837008018642315,B,507,121,105.0,58.7,,0,71.76379645438168,1,1,2,1,0,1,0,1,0,0,0,10,1,1,1,1,1,0,0,1,1,0,1,1,1,1,1,1,1,1,1,1,1,1,0,0,0,0,0,1,1,1,15.91,1,1,0,0,0,0,90,1,0,1,1,1,1,60.0,1,0,0,41.0,3,1,0.0374346536258389,0.0,0,12,0.35,0,0,0,0.8,0.6,0.3333333333333333,1.0,0.8,0.625,0.0
2185,Graz University of Technology,https://www.tugraz.at,Switzerland/Austria,Western & Northern Europe,51.79861723246448,B,508,116,,58.6,,0,45.0,1,0,0,0,1,0,0,0,0,0,0,0,1,0,0,1,1,0,0,1,1,0,1,0,1,1,1,1,1,1,1,1,0,1,1,0,0,0,0,0,0,0,21.0,1,0,0,0,0,0,75,1,0,1,1,0,0,100.0,1,1,0,,1,1,1.29158990490758,0.0,0,9,0.0,1,0,0,0.7333333333333333,0.0,0.6666666666666666,0.3333333333333333,0.4,0.625,0.0
4102,Hanyang University,https://www.hanyang.ac.kr,South Korea,Asia (East & Southeast),51.73015433113564,B,509,38,7.0,58.6,,0,66.53277897432042,1,1,1,1,1,0,0,1,0,0,1,10,1,1,1,1,1,0,0,1,1,0,1,1,1,1,1,1,1,1,0,1,1,1,0,1,0,0,0,1,1,0,12.63,1,1,0,0,0,0,100,1,0,1,0,1,1,88.9,1,0,0,,1,0,0.3879459030605697,0.0,0,13,0.15,1,0,0,0.8,0.4,0.3333333333333333,0.6666666666666666,0.8,0.5,0.0
4180,Chulalongkorn University,https://www.chula.ac.th,Thailand,Asia (East & Southeast),51.672735808652966,B,510,39,,58.5,,0,76.4096241334533,1,1,6,1,1,0,1,1,1,1,1,0,1,1,1,1,1,0,1,1,1,0,1,1,1,1,1,1,1,1,1,1,1,1,0,0,0,1,0,1,1,1,21.0,1,0,0,0,0,0,100,1,0,1,0,1,1,59.1,1,1,0,,1,1,-1.6269603771084098,0.0,0,13,1.0,1,0,0,0.8,0.8,0.6666666666666666,0.6666666666666666,0.8,0.75,0.0
3003,University of Bologna,https://www.unibo.it,Italy,Eastern & Southern Europe,51.53818044316985,B,511,67,17.0,58.4,,0,65.25018800966826,1,1,2,1,1,0,0,0,1,0,1,2,1,0,1,1,1,0,1,1,1,0,1,1,0,0,1,1,1,1,1,1,1,1,1,1,0,1,0,1,1,1,12.63,1,1,1,0,0,0,100,1,0,1,0,0,0,54.2,1,1,0,,1,2,-0.7460661051166384,0.0,0,13,0.35,1,0,0,0.8,0.8,0.6666666666666666,0.0,0.8,0.75,0.25
2086,Sciences Po,https://www.sciencespo.fr,France,Western & Northern Europe,51.47184098004279,B,512,117,17.0,58.3,,0,74.37681780999321,1,1,5,0,1,0,0,1,0,0,0,10,1,1,1,1,1,1,1,1,1,0,1,1,0,1,1,1,1,1,1,1,1,1,1,1,0,1,0,1,1,1,21.0,1,1,1,0,1,0,90,1,0,1,1,1,0,47.5,1,1,0,,1,1,0.0851858923920138,0.0,0,12,1.0,1,0,0,0.8666666666666667,0.8,0.6666666666666666,0.6666666666666666,0.6,0.875,0.5
5174,Al-Farabi Kazakh National University,https://www.kaznu.kz,Central Asia,South & Central Asia + Oceania,51.30348018318377,B,513,133,,58.2,,0,66.62627239479363,1,1,6,1,1,0,0,0,1,1,0,1,1,0,1,1,1,0,1,0,1,0,1,1,1,1,1,1,1,1,1,1,0,1,0,0,0,1,0,0,0,1,15.43,1,1,0,0,0,0,75,1,0,0,1,1,0,58.6,1,0,0,1.0,3,1,2.506934491534493,0.0,0,9,1.0,0,0,0,0.7333333333333333,0.4,0.3333333333333333,0.6666666666666666,0.8,0.625,0.0
6153,Addis Ababa University,https://www.aau.edu.et,Sub-Saharan Africa,Latin America & Africa,51.30027680885487,B,514,37,,58.2,,0,60.50410177349878,1,1,1,1,0,1,1,1,0,0,1,0,1,0,1,1,1,0,1,0,1,0,1,1,0,1,1,1,0,1,0,1,0,1,0,0,0,0,0,1,1,1,20.01,0,0,1,0,0,0,90,1,0,1,1,1,0,95.9,1,0,0,1.0,3,2,-0.3707983967796532,0.0,0,12,0.15,0,0,0,0.5333333333333333,0.6,0.3333333333333333,0.6666666666666666,0.8,0.625,0.25
2051,University of Goettingen,https://www.uni-goettingen.de,Germany,Western & Northern Europe,51.286902410227476,B,515,118,22.0,58.1,,0,69.08639521391737,1,1,7,1,1,1,0,1,0,0,1,6,1,1,0,1,1,1,0,0,1,0,1,0,0,0,1,1,1,1,1,1,0,1,1,0,0,1,0,0,1,1,5.03,1,1,0,0,0,1,75,1,0,1,1,1,0,87.0,1,1,0,0.0,3,3,-0.8569906041847205,0.0,0,9,1.0,0,0,0,0.6,0.6,0.6666666666666666,0.6666666666666666,1.0,0.625,0.25
1001,Harvard University,https://www.harvard.edu,United States,North America,51.2775483397748,B,516,122,106.0,58.0,,0,66.83598354766373,1,1,1,1,0,0,0,0,1,1,1,0,1,0,1,1,1,0,0,0,1,0,1,1,1,1,1,1,1,1,1,1,1,1,0,0,0,0,0,1,1,1,15.13,1,0,0,0,0,0,90,1,0,1,1,1,1,76.2,1,1,0,,1,1,-1.5310999853732092,0.0,0,12,0.15,1,0,0,0.8,0.6,0.6666666666666666,1.0,0.6,0.5,0.0
2006,University of Manchester,https://www.manchester.ac.uk,United Kingdom,Western & Northern Europe,51.27275838950015,B,517,119,30.0,57.9,,0,74.01807791869865,1,1,7,1,0,0,1,1,0,0,1,2,1,1,1,1,1,0,0,0,1,0,1,1,1,1,1,1,1,0,1,1,1,1,0,1,0,1,0,1,1,1,21.0,1,1,0,0,0,1,100,1,0,0,1,1,1,63.0,1,1,0,,1,2,0.3744506062532923,0.0,0,13,1.0,1,0,0,0.8,0.8,0.6666666666666666,1.0,0.6,0.5,0.25
2300,University of Luxembourg,https://www.uni.lu,Switzerland/Austria,Western & Northern Europe,51.25840830163203,B,518,120,,57.8,,0,76.59039771830972,1,1,4,1,1,0,0,1,0,0,1,0,1,1,1,1,1,1,1,0,1,0,1,1,1,1,1,1,1,1,1,1,1,1,0,0,0,0,0,1,1,1,5.04,1,1,0,0,1,0,100,1,1,0,1,0,0,47.9,1,1,0,1.0,3,3,0.141094198432429,0.6931471805599453,1,13,0.85,0,0,0,0.8,0.6,0.6666666666666666,0.3333333333333333,0.8,0.75,0.25
3077,Jagiellonian University,https://www.uj.edu.pl,Poland,Eastern & Southern Europe,51.16349150846375,B,519,68,8.0,57.7,,0,72.09958433480972,1,1,0,0,1,0,0,1,1,1,1,10,1,1,1,1,1,1,1,0,1,0,1,1,1,1,1,1,1,1,1,0,1,0,0,0,1,1,0,1,1,1,8.47,1,1,0,0,1,0,75,1,0,1,0,1,0,72.7,1,1,0,0.0,3,3,0.7602791004224856,0.0,0,9,0.0,0,0,0,0.7333333333333333,0.8,0.6666666666666666,0.3333333333333333,0.6,0.75,0.25
4196,De La Salle University,https://www.dlsu.edu.ph,Philippines,Asia (East & Southeast),51.15405568622521,B,520,40,,57.7,,0,71.74514369762012,1,1,3,1,0,0,0,1,1,1,1,0,1,1,1,1,1,0,1,0,1,0,1,1,1,1,1,1,1,1,1,1,1,1,1,0,0,1,0,1,1,1,21.0,1,1,0,0,1,0,75,1,0,1,1,1,1,2.6,1,0,0,,1,1,-0.3280137066759915,0.0,0,9,0.6,1,0,0,0.8666666666666667,0.8,0.3333333333333333,1.0,0.6,0.625,0.25
1403,Brock University,https://www.brocku.ca,Canada,North America,51.15299240691232,B,521,123,17.0,57.6,,0,75.19429698626793,0,1,1,1,0,1,0,0,0,0,0,10,1,1,1,1,1,0,0,0,1,0,1,1,1,1,1,1,1,1,1,1,1,1,1,0,1,0,0,1,1,0,1.21,1,0,1,0,0,0,75,1,0,1,1,1,1,83.3,1,1,0,7.0,3,2,-0.4312892419558348,0.0,0,9,0.15,0,0,0,0.9333333333333332,0.4,0.6666666666666666,1.0,0.6,0.5,0.25
1075,Clemson University,https://www.clemson.edu,United States,North America,51.12622011884095,B,522,124,107.0,57.5,,0,70.82932895466362,1,1,6,1,0,0,0,1,1,1,1,2,1,1,1,1,1,0,0,1,1,0,1,1,1,1,1,1,1,1,1,1,1,0,0,0,0,0,0,1,1,1,19.8,1,1,0,0,0,0,75,1,0,1,1,0,1,42.4,1,1,0,1.0,3,2,3.798703919016984,0.0,0,9,1.0,0,0,0,0.7333333333333333,0.6,0.6666666666666666,0.6666666666666666,0.6,0.625,0.0
2003,Imperial College London,https://www.imperial.ac.uk,United Kingdom,Western & Northern Europe,51.10285861423743,B,523,121,31.0,57.4,,0,67.45975448478126,1,1,10,1,0,0,1,1,0,0,1,0,1,0,0,1,1,0,0,0,1,0,1,1,1,1,1,1,1,1,1,1,1,1,0,0,0,1,1,1,1,1,17.51,1,0,0,0,0,0,100,1,0,1,1,1,1,20.0,1,1,0,,1,1,-0.8363288389089149,0.0,0,13,0.9266666666666666,1,0,0,0.8,1.0,0.6666666666666666,1.0,0.6,0.5,0.0
5110,Jagannath University,https://www.jnu.ac.bd,Bangladesh,South & Central Asia + Oceania,51.09584183265644,B,524,134,14.0,57.3,,0,67.84243275962237,1,1,10,0,0,0,0,0,0,1,1,0,1,1,1,1,1,0,1,0,1,0,1,1,1,1,1,1,0,1,0,1,0,1,1,0,0,1,0,1,1,1,21.0,1,1,0,0,0,1,75,1,1,1,1,1,1,36.5,1,0,0,0.0,3,2,-1.166421798665024,0.6931471805599453,1,9,0.9266666666666666,0,0,0,0.6666666666666666,0.8,0.3333333333333333,1.0,0.4,0.625,0.25
4110,Sogang University,https://www.sogang.ac.kr,South Korea,Asia (East & Southeast),51.03776047117245,B,525,41,8.0,57.3,,0,56.86239589208064,1,1,11,0,0,0,0,0,0,0,0,10,1,1,1,0,0,0,0,1,1,0,1,1,1,1,1,1,1,0,0,0,0,0,1,0,0,1,1,1,1,1,21.0,1,0,1,0,0,0,75,1,0,0,0,1,1,100.0,1,0,0,,1,1,-0.0473832892602841,0.0,0,9,0.8533333333333334,1,0,0,0.5333333333333333,1.0,0.3333333333333333,0.6666666666666666,0.4,0.375,0.25
2116,The Hague University of Applied Sciences,https://www.thehagueuniversity.com,Netherlands,Western & Northern Europe,51.034965885786846,B,526,122,6.0,57.2,,0,58.53833619243575,0,1,5,0,1,0,0,0,0,0,0,0,1,0,1,0,0,0,0,1,1,0,1,1,1,0,1,1,0,1,1,0,1,1,1,0,1,0,0,0,1,1,12.94,1,0,0,0,0,0,100,1,0,1,0,1,0,47.4,1,1,0,,0,1,0.7320206853204685,0.0,0,13,1.0,1,0,0,0.7333333333333333,0.4,0.6666666666666666,0.3333333333333333,0.4,0.375,0.0
2119,HAN University of Applied Sciences,https://www.han.nl,Netherlands,Western & Northern Europe,50.97860880619608,B,527,123,7.0,57.1,46.64449608416917,1,65.5277511924568,1,1,8,0,1,1,0,0,0,0,0,5,1,1,1,1,1,1,0,0,1,0,0,1,0,1,1,1,0,0,1,1,1,1,1,0,0,0,0,1,1,1,21.0,1,0,0,0,1,0,100,1,0,1,1,1,0,90.9,1,0,1,,1,3,4.235040678139695,0.0,0,13,1.0,1,0,0,0.6,0.6,0.6666666666666666,0.6666666666666666,0.8,0.625,0.25
1004,Yale University,https://www.yale.edu,United States,North America,50.87142360887093,B,528,125,108.0,57.0,,0,73.44497718804485,1,1,4,1,0,0,0,0,0,0,1,0,1,1,1,1,1,1,0,0,1,0,1,1,1,1,1,1,1,1,1,1,1,1,0,0,0,0,0,1,1,0,21.0,1,1,0,0,0,0,100,1,0,1,1,1,0,30.8,1,1,0,5.0,3,1,-1.4196580618466668,0.0,0,13,0.85,0,0,0,0.8,0.4,0.6666666666666666,0.6666666666666666,0.6,0.5,0.0
5168,Kathmandu University,https://www.ku.edu.np,Nepal,South & Central Asia + Oceania,50.85022677814569,B,529,135,,56.9,,0,70.47102747178737,1,1,6,1,0,0,0,0,0,0,0,0,1,1,1,1,1,0,0,0,1,0,1,1,1,1,1,1,1,1,0,1,0,1,0,0,0,1,0,1,1,1,15.43,1,1,0,0,0,0,75,1,0,1,1,1,1,84.2,1,0,0,20.0,3,1,-0.6788327390388434,0.0,0,9,1.0,0,0,0,0.6666666666666666,0.8,0.3333333333333333,1.0,0.6,0.5,0.0
2110,University of Twente,https://www.utwente.nl,Netherlands,Western & Northern Europe,50.816779503182126,B,530,124,8.0,56.9,,0,78.69688423548652,1,1,5,1,1,0,0,1,0,0,1,0,1,1,1,1,1,1,1,1,1,0,1,1,1,1,1,1,1,1,1,1,1,1,1,0,0,1,0,1,1,1,15.83,1,0,0,0,0,0,100,1,0,1,1,1,0,40.0,1,0,0,,1,3,0.0543147842740458,0.0,0,13,1.0,1,0,0,0.8666666666666667,0.8,0.3333333333333333,0.6666666666666666,0.8,0.875,0.0
2010,University of Warwick,https://warwick.ac.uk,United Kingdom,Western & Northern Europe,50.814555220663834,B,531,125,32.0,56.8,,0,72.52022984387996,1,1,1,1,0,0,1,1,0,0,1,1,1,1,0,1,1,1,1,0,1,0,1,1,1,1,1,1,0,1,1,1,1,1,1,0,0,0,0,1,1,1,19.56,1,1,0,0,0,0,90,1,0,1,1,1,1,25.9,1,1,0,11.0,3,3,-1.251022621973907,0.0,0,12,0.15,0,0,0,0.8,0.6,0.6666666666666666,1.0,0.6,0.75,0.0
3169,University of Debrecen,https://www.unideb.hu,Hungary,Eastern & Southern Europe,50.772873547641474,B,532,69,,56.7,,0,66.05895913080099,1,1,3,1,1,0,0,1,0,0,0,10,1,1,1,1,1,0,0,0,1,0,1,1,1,1,1,1,0,1,0,1,1,1,1,0,0,0,0,1,1,0,14.78,1,1,0,0,1,0,75,1,0,1,0,1,0,77.8,1,0,0,,1,2,-0.1142918522450791,0.0,0,9,0.6,1,0,0,0.7333333333333333,0.4,0.3333333333333333,0.3333333333333333,0.8,0.5,0.25
2134,Karlstad University,https://www.kau.se,Sweden,Western & Northern Europe,50.74578296747703,B,533,126,,56.6,,0,64.28480313311148,1,1,4,0,1,0,0,0,0,0,0,0,1,1,1,0,0,0,0,0,1,0,0,1,0,1,1,1,0,1,1,1,1,1,1,0,0,1,0,1,1,1,21.0,1,1,1,0,0,0,75,1,0,1,1,1,0,100.0,1,1,0,0.0,3,0,-0.033436948250258,0.0,0,9,0.85,0,0,0,0.6666666666666666,0.8,0.6666666666666666,0.6666666666666666,0.6,0.125,0.25
1089,University of New Mexico,https://www.unm.edu,United States,North America,50.70350451026434,B,534,126,109.0,56.5,52.09212153559021,1,76.45591577117324,1,1,5,1,0,1,0,0,0,0,1,10,1,1,1,1,1,1,0,0,1,0,1,1,1,1,1,1,1,1,1,1,1,1,0,1,0,0,0,1,1,0,2.41,1,0,0,0,1,0,75,1,0,1,0,1,0,98.4,1,1,0,0.0,3,3,-0.359290246419024,0.0,0,9,1.0,0,0,0,0.8666666666666667,0.4,0.6666666666666666,0.3333333333333333,0.8,0.625,0.25
3197,University of Zilina,https://www.uniza.sk,Bulgaria & Slovakia,Eastern & Southern Europe,50.69759872712247,B,535,70,,56.4,,0,45.0,1,0,0,0,1,0,0,1,1,1,1,10,1,0,1,0,0,1,0,1,1,0,0,1,1,1,1,1,1,1,1,1,1,1,1,0,0,0,0,1,1,0,15.43,1,1,0,0,0,0,90,1,1129,0,1,1,0,91.7,1,1,0,39.0,3,1,4.876329662052997,2.3978952727983707,1,12,0.0,0,0,0,0.8,0.4,0.6666666666666666,0.6666666666666666,0.4,0.5,0.0
1160,University of San Diego,https://www.sandiego.edu,United States,North America,50.640543105495524,B,536,127,110.0,56.4,,0,66.09316462164895,1,1,7,1,0,0,0,1,0,0,1,6,1,1,1,0,1,0,1,1,1,0,1,1,1,1,1,1,1,1,1,1,1,0,0,0,0,0,0,0,1,0,21.0,1,1,1,0,1,1,90,1,0,1,1,0,1,84.6,1,0,0,,1,1,0.44125510685404,0.0,0,12,1.0,1,0,0,0.7333333333333333,0.2,0.3333333333333333,0.6666666666666666,0.6,0.625,0.75
3042,Autonomous University of Madrid,https://www.uam.es,Spain,Eastern & Southern Europe,50.53787010939612,B,537,71,13.0,56.3,,0,67.987982257473,1,1,9,1,1,1,0,1,0,0,1,3,1,0,1,1,1,1,0,1,1,0,0,1,1,1,1,1,0,1,0,1,0,1,0,0,0,0,0,0,1,1,15.43,1,1,0,0,0,0,100,1,0,0,1,1,0,96.0,1,1,0,85.0,3,0,0.5095807328816396,0.0,0,13,1.0,0,0,0,0.5333333333333333,0.4,0.6666666666666666,0.6666666666666666,1.0,0.625,0.0
1106,DePaul University,https://www.depaul.edu,United States,North America,50.53715037568551,B,538,128,111.0,56.2,,0,67.4523973549274,1,1,3,1,0,0,0,0,1,1,0,10,1,1,1,1,1,0,1,1,1,0,1,1,1,1,0,1,1,1,1,1,1,1,0,0,0,1,0,1,1,1,17.04,1,1,0,0,0,0,100,1,0,1,0,1,1,71.4,1,1,0,,0,1,-0.00096481066046,0.0,0,13,0.6,1,0,0,0.7333333333333333,0.8,0.6666666666666666,0.6666666666666666,0.6,0.75,0.0
3074,University of La Laguna,https://www.ull.es,Spain,Eastern & Southern Europe,50.49043782650579,B,539,72,14.0,56.1,,0,66.26454413492591,0,1,20,1,1,0,0,1,0,0,1,0,1,1,1,0,0,0,0,0,1,0,1,1,1,1,1,1,1,1,1,1,0,1,1,0,0,0,0,0,1,0,10.86,1,0,0,0,0,0,100,1,0,1,0,1,1,0.0,0,1,0,4.0,3,2,-0.2292252012609399,0.0,0,13,0.45,0,0,0,0.8,0.2,0.3333333333333333,0.6666666666666666,0.6,0.25,0.0
6327,University of Limpopo,https://www.ul.ac.za,South Africa,Latin America & Africa,50.490101393026414,B,540,38,12.0,56.0,,0,79.46016569851002,1,1,9,1,0,0,0,0,1,1,1,10,1,1,1,1,0,0,0,1,1,0,1,1,1,1,1,1,1,1,1,1,0,1,1,1,1,1,0,1,1,1,4.32,1,1,0,0,0,0,90,1,0,1,1,1,1,19.1,1,0,0,6.0,3,2,-0.1378297903304232,0.0,0,12,1.0,0,0,0,0.9333333333333332,0.8,0.3333333333333333,1.0,0.6,0.5,0.0
4202,University of the East,https://www.ue.edu.ph,Philippines,Asia (East & Southeast),50.435944601440625,B,541,42,,56.0,,0,45.0,1,0,0,1,0,0,0,1,1,1,1,2,1,1,1,0,0,0,1,1,1,0,1,1,1,1,1,1,1,1,1,1,0,1,0,1,1,1,0,1,1,1,13.2,1,1,1,0,1,0,75,1,0,0,1,1,1,1.1,1,0,0,19.0,3,0,1.8866531501910508,0.0,0,9,0.0,0,0,0,0.8666666666666667,0.8,0.3333333333333333,1.0,0.4,0.375,0.5
2188,UCLouvain,https://uclouvain.be,Belgium/Ireland/Iceland,Western & Northern Europe,50.320479097105185,B,542,127,,55.9,,0,62.71661316118008,1,1,20,1,1,0,0,0,0,0,0,0,1,0,1,1,1,0,0,0,1,0,1,1,1,1,1,1,1,1,1,1,1,1,0,0,0,0,0,1,1,0,15.43,1,1,0,0,0,0,75,1,0,1,0,1,0,37.7,1,0,0,1.0,3,1,1.548525033102009,0.0,0,9,0.45,0,0,0,0.8,0.4,0.3333333333333333,0.3333333333333333,0.8,0.375,0.0
1127,University at Buffalo,https://www.buffalo.edu,United States,North America,50.21780100158137,B,543,129,112.0,55.8,,0,78.08981057790488,1,1,1,1,0,1,0,1,0,0,1,10,1,1,1,1,1,1,1,1,1,0,1,1,1,1,1,1,0,1,1,1,1,1,0,0,0,1,0,1,1,1,3.21,1,1,0,0,0,1,100,1,0,1,1,0,1,88.7,1,1,0,0.0,3,3,-0.4826276561646914,0.0,0,13,0.15,0,0,0,0.7333333333333333,0.8,0.6666666666666666,0.6666666666666666,0.8,0.875,0.25
5008,Indian Institute of Science,https://www.iisc.ac.in,India,South & Central Asia + Oceania,50.10015616001018,B,544,136,58.0,55.7,,0,64.94636282958648,1,1,1,1,1,0,0,1,1,1,1,10,1,0,1,0,0,0,1,0,1,0,1,1,1,1,1,1,1,1,0,1,1,1,1,0,0,0,0,1,1,0,21.0,1,1,0,0,0,0,75,1,0,0,0,1,1,40.0,1,0,0,0.0,3,2,-0.7925108324438067,0.0,0,9,0.15,0,0,0,0.8,0.4,0.3333333333333333,0.6666666666666666,0.8,0.375,0.0
3316,Sts. Cyril and Methodius University Skopje,https://www.ukim.edu.mk,Balkans,Eastern & Southern Europe,50.03041512800998,B,545,73,,55.6,,0,69.34567454616258,1,1,10,1,1,0,0,1,1,1,1,8,1,1,1,0,0,1,1,1,1,0,1,1,1,1,1,1,1,1,0,1,0,1,0,0,0,0,0,1,1,0,15.43,1,0,0,0,0,0,90,1,0,0,0,1,1,80.0,1,0,0,70.0,3,1,0.7793149363532379,0.0,0,12,0.9266666666666666,0,0,0,0.6666666666666666,0.4,0.3333333333333333,0.6666666666666666,0.8,0.625,0.0
4101,Sungkyunkwan University,https://www.skku.edu,South Korea,Asia (East & Southeast),49.98179282969194,C,546,43,9.0,55.5,,0,45.0,1,0,0,1,0,0,1,1,0,0,1,10,1,1,1,1,1,0,1,0,1,0,1,1,1,1,1,1,1,1,0,1,0,1,1,1,0,0,0,1,1,0,12.63,1,0,0,0,0,1,75,1,0,1,1,1,1,88.7,1,0,0,,1,1,1.312115177331366,0.0,0,9,0.0,1,0,0,0.8,0.4,0.3333333333333333,1.0,0.4,0.625,0.25
6335,Mohammed VI Polytechnic University,https://www.um6p.ma,Egypt & North Africa,Latin America & Africa,49.93096944668888,C,547,39,,55.5,,0,66.00450890151205,1,1,7,1,0,0,0,1,1,1,1,0,1,0,1,1,1,1,0,1,1,0,1,1,0,1,1,1,1,0,0,1,1,1,0,0,0,0,0,1,1,1,15.43,1,1,1,0,1,0,50,1,0,1,1,1,1,96.4,1,0,0,8.0,3,1,2.3196087082909287,0.0,0,5,1.0,0,0,0,0.6,0.6,0.3333333333333333,1.0,0.6,0.75,0.5
4091,Doshisha University,https://www.doshisha.ac.jp,Japan,Asia (East & Southeast),49.835499030352906,C,548,44,9.0,55.4,,0,67.724733173832,1,1,1,1,1,1,0,0,0,0,0,0,1,0,1,1,1,0,1,0,1,0,1,1,1,1,1,1,1,1,1,1,0,1,0,0,0,1,1,1,1,1,17.4,1,1,0,0,0,0,100,1,0,0,1,1,0,57.7,1,0,0,,1,2,-1.0693205799210683,0.0,0,13,0.15,1,0,0,0.7333333333333333,1.0,0.3333333333333333,0.6666666666666666,1.0,0.625,0.0
2081,Aix-Marseille University,https://www.univ-amu.fr,France,Western & Northern Europe,49.8299313901615,C,549,128,18.0,55.3,,0,62.28748728044563,1,1,2,0,1,0,0,0,0,0,1,0,1,0,0,1,1,1,0,0,1,0,1,1,1,1,1,1,0,0,1,1,1,1,1,0,0,0,1,0,1,1,16.88,0,1,0,0,0,0,100,1,0,1,1,1,0,24.0,1,1,0,0.0,3,0,-0.3584343620591058,0.0,0,13,0.35,0,0,0,0.7333333333333333,0.6,0.6666666666666666,0.6666666666666666,0.6,0.5,0.0
5113,Australian National University,https://www.anu.edu.au,Australia,South & Central Asia + Oceania,49.816383532469025,C,550,137,32.0,55.2,,0,71.17695657966397,1,1,8,1,0,0,0,0,0,0,1,0,1,1,1,1,1,0,1,0,1,1,1,1,1,1,1,1,1,1,1,1,1,1,0,0,0,0,0,1,1,0,21.0,1,1,0,0,1,0,75,1,0,1,1,1,1,52.8,1,1,0,,0,1,-0.8348743233673829,0.0,0,9,1.0,1,0,0,0.8,0.4,0.6666666666666666,1.0,0.6,0.75,0.25
1118,Brandeis University,https://www.brandeis.edu,United States,North America,49.75822516385493,C,551,130,113.0,55.1,,0,70.15791245516768,1,1,7,1,0,0,0,1,0,0,1,0,1,1,1,0,0,0,1,1,1,0,1,1,1,1,1,1,1,1,1,1,1,1,0,0,0,1,0,1,1,1,21.0,1,0,0,0,0,0,75,1,0,0,1,1,1,45.8,1,1,0,,1,0,-0.0658682530139331,0.0,0,9,1.0,1,0,0,0.8,0.8,0.6666666666666666,1.0,0.6,0.375,0.0
2142,University of Agder,https://www.uia.no,Norway,Western & Northern Europe,49.73129952161048,C,552,129,,55.1,,0,62.99910721894853,0,1,1,1,1,1,0,0,0,0,0,2,1,0,0,0,0,1,0,0,1,0,0,1,1,1,1,1,0,1,1,0,0,1,1,0,0,1,0,0,1,1,12.63,1,0,0,0,0,0,75,1,0,1,1,1,0,87.5,1,1,0,0.0,3,1,-0.4843495904457799,0.0,0,9,0.15,0,0,0,0.6,0.6,0.6666666666666666,0.6666666666666666,0.8,0.25,0.0
5028,Vellore Institute of Technology,https://www.vit.ac.in,India,South & Central Asia + Oceania,49.72401532497405,C,553,138,59.0,55.0,,0,69.51884466402763,1,1,8,0,0,0,1,1,0,0,1,0,1,0,1,1,1,1,0,1,1,0,1,1,1,1,1,1,1,1,1,1,0,1,1,0,0,0,1,1,1,1,12.63,1,1,0,0,0,0,90,1,0,1,1,1,1,22.9,1,0,0,,1,3,2.0536942083328333,0.0,0,12,1.0,1,0,0,0.8,0.8,0.3333333333333333,1.0,0.4,0.75,0.0
4312,Universiti Malaysia Sabah,https://www.ums.edu.my,Malaysia,Asia (East & Southeast),49.69797879396418,C,554,45,,54.9,,0,68.51116826597261,1,1,7,1,1,1,1,1,0,0,1,10,0,1,1,0,0,0,1,1,1,0,1,1,1,1,1,1,1,1,1,1,1,1,0,0,0,0,0,1,1,1,15.5,1,1,1,0,0,0,75,1,0,0,1,1,0,62.2,1,1,0,,0,0,1.026254372207552,0.0,0,9,1.0,1,0,0,0.8,0.6,0.6666666666666666,0.6666666666666666,1.0,0.375,0.25
4184,Thammasat University,https://www.tu.ac.th,Thailand,Asia (East & Southeast),49.6665167655308,C,555,46,,54.8,,0,77.3053067546173,1,1,9,1,1,0,0,1,1,0,1,0,1,1,1,1,1,0,1,1,1,0,1,1,1,1,1,1,0,1,1,1,1,1,0,0,0,1,1,1,1,1,12.18,1,1,0,0,0,0,90,1,0,1,0,1,0,61.9,1,1,0,68.0,3,2,-1.1839867719834003,0.0,0,12,1.0,0,0,0,0.7333333333333333,1.0,0.6666666666666666,0.3333333333333333,0.8,0.75,0.0
1050,University of Minnesota Twin Cities,https://twin-cities.umn.edu,United States,North America,49.55745241611361,C,556,131,114.0,54.7,51.06813306676662,1,68.92504515830227,0,1,4,1,0,0,0,1,0,0,0,3,1,1,1,1,1,0,1,1,1,0,1,1,0,1,1,1,1,1,1,1,1,1,0,0,0,0,0,1,1,1,12.63,1,0,0,0,0,0,100,1,0,1,1,1,1,90.0,1,1,0,375.0,2,1,0.0217826980743584,0.0,0,13,0.85,0,0,0,0.7333333333333333,0.6,0.6666666666666666,1.0,0.4,0.75,0.0
1052,Indiana University Bloomington,https://www.indiana.edu,United States,North America,49.37684870024216,C,557,132,115.0,54.6,,0,73.46074974405578,0,1,9,1,0,0,0,1,1,1,1,2,1,1,1,1,1,0,1,0,1,0,1,1,1,1,1,1,1,1,1,1,1,0,0,0,1,0,0,1,0,0,11.22,1,0,1,0,1,0,100,1,0,1,1,1,1,61.9,1,1,0,56.0,3,1,0.2991353504465958,0.0,0,13,1.0,0,0,0,0.8,0.2,0.6666666666666666,1.0,0.4,0.625,0.5
1022,"University of California, Irvine",https://www.uci.edu,United States,North America,49.36814143313881,C,558,133,116.0,54.6,,0,68.2981715486997,0,1,3,1,0,0,0,1,1,1,1,0,1,1,1,1,1,0,0,0,1,0,1,1,1,1,1,1,1,1,0,1,0,0,0,0,1,1,0,1,1,1,9.74,1,0,0,0,0,0,90,1,0,0,1,1,1,96.8,1,0,0,4.0,3,1,-0.5823827862127949,0.0,0,12,0.6,0,0,0,0.6666666666666666,0.8,0.3333333333333333,1.0,0.4,0.5,0.0
3400,Sofia Medical University,https://www.mu-sofia.bg,Bulgaria & Slovakia,Eastern & Southern Europe,49.36149449313986,C,559,74,,54.5,,0,75.6377198246311,1,1,6,1,1,0,0,1,1,1,1,8,1,0,1,1,1,1,0,0,1,0,1,1,1,1,1,1,1,1,0,1,1,1,0,0,0,0,0,1,1,1,11.9,1,1,0,0,1,0,90,1,0,1,1,1,1,54.2,1,0,0,20.0,3,3,0.0284769172355602,0.0,0,12,1.0,0,0,0,0.7333333333333333,0.6,0.3333333333333333,1.0,0.8,0.625,0.25
4136,National Yunlin University of Science and Technology,https://www.yuntech.edu.tw,Taiwan,Asia (East & Southeast),49.341113547368884,C,560,47,,54.4,37.67097992270901,1,69.7041719806825,1,1,20,1,0,0,0,1,0,0,1,7,1,1,1,1,1,0,0,0,1,0,1,1,1,1,1,1,1,1,1,1,1,1,0,0,0,1,0,1,1,1,20.86,1,1,0,0,0,0,75,1,39,0,1,1,0,60.6,1,1,0,8.0,3,1,-1.0298915033522666,2.3978952727983707,1,9,0.45,0,0,0,0.8,0.8,0.6666666666666666,0.6666666666666666,0.6,0.375,0.0
4116,Jeonbuk National University,https://www.jbnu.ac.kr,South Korea,Asia (East & Southeast),49.33324847513351,C,561,48,10.0,54.3,45.297229014208135,1,45.0,1,0,0,1,0,0,0,0,0,0,1,0,1,1,1,0,0,1,0,1,1,0,1,1,1,1,1,1,1,1,0,1,0,1,1,0,1,1,1,1,1,1,21.0,1,1,0,0,0,0,55,1,0,0,0,1,1,27.9,1,0,0,35.0,3,0,-0.4356389922081805,0.0,0,6,0.0,0,0,0,0.8,1.0,0.3333333333333333,0.6666666666666666,0.4,0.375,0.0
1033,Boston University,https://www.bu.edu,United States,North America,49.31391113796833,C,562,134,117.0,54.2,,0,70.96155499053974,0,1,3,1,0,0,0,0,0,0,1,0,1,1,1,1,1,0,0,0,1,0,1,1,1,1,1,1,1,1,1,1,1,1,1,0,0,1,0,1,1,1,12.61,1,0,0,0,0,0,100,1,0,0,1,1,1,30.0,1,1,0,,1,1,-1.0949321573386148,0.0,0,13,0.6,1,0,0,0.8666666666666667,0.8,0.6666666666666666,1.0,0.4,0.5,0.0
3019,University of Perugia,https://www.unipg.it,Italy,Eastern & Southern Europe,49.28273371198491,C,563,75,18.0,54.2,,0,59.6635059708846,1,1,1,0,1,0,0,0,1,1,1,0,0,1,1,0,0,1,0,0,1,0,1,1,1,1,0,1,1,1,0,0,0,1,0,0,1,1,0,1,1,1,15.43,1,1,0,0,0,0,100,1,0,1,0,1,0,100.0,1,0,0,,1,1,-0.2685539566273047,0.0,0,13,0.15,1,0,0,0.6,0.8,0.3333333333333333,0.3333333333333333,0.6,0.25,0.0
2056,TU Dresden,https://tu-dresden.de,Germany,Western & Northern Europe,49.264352224646636,C,564,130,23.0,54.1,,0,67.95677942533777,1,1,2,1,1,1,0,0,0,0,1,10,1,1,1,1,1,1,0,0,1,0,0,0,1,0,1,1,0,0,1,0,1,1,1,0,0,0,0,1,1,1,21.0,1,1,0,0,0,0,100,1,0,1,1,1,0,100.0,1,1,0,0.0,3,3,2.7405873497202515,0.0,0,13,0.35,0,0,0,0.4666666666666667,0.6,0.6666666666666666,0.6666666666666666,1.0,0.625,0.0
1303,Toronto Metropolitan University,https://www.torontomu.ca,Canada,North America,49.245419575022346,C,565,135,18.0,54.0,,0,59.74779485250067,1,1,8,1,0,1,0,0,0,0,1,0,1,0,1,1,0,0,0,1,1,0,1,1,0,1,1,1,1,1,1,1,0,1,0,0,0,0,0,0,1,0,21.0,1,0,0,0,0,0,90,1,0,1,1,1,0,85.7,1,1,0,,0,1,3.519681724719255,0.0,0,12,1.0,1,0,0,0.6666666666666666,0.2,0.6666666666666666,0.6666666666666666,0.8,0.5,0.0
5061,Guru Gobind Singh Indraprastha University,https://www.ipu.ac.in,India,South & Central Asia + Oceania,49.109017910350815,C,566,139,60.0,53.9,47.36885325919657,1,67.55979908895526,1,1,8,0,0,0,0,1,1,1,0,0,1,1,1,1,0,1,0,0,1,0,1,1,1,1,1,1,0,1,1,1,1,1,1,1,0,0,1,0,0,0,15.43,1,0,0,0,0,0,75,1,0,1,0,1,1,61.5,1,0,0,,1,1,-0.599666987660423,0.0,0,9,1.0,1,0,0,0.8666666666666667,0.2,0.3333333333333333,0.6666666666666666,0.4,0.5,0.0
4175,Hasanuddin University,https://www.unhas.ac.id,Indonesia,Asia (East & Southeast),48.91520180288274,C,567,49,,53.8,,0,61.73914297152284,1,1,6,0,0,0,0,1,1,1,1,0,1,1,1,1,0,0,1,0,1,0,1,1,0,1,1,1,1,1,0,0,0,0,1,0,1,0,0,1,1,0,8.21,1,0,0,0,0,0,90,1,0,1,1,1,1,96.7,1,0,0,10.0,3,1,-1.3887765676315658,0.0,0,12,1.0,0,0,0,0.6,0.4,0.3333333333333333,1.0,0.4,0.5,0.0
2121,Karolinska Institute,https://ki.se,Sweden,Western & Northern Europe,48.86564079269019,C,568,131,,53.8,,0,62.83360646251155,1,1,1,1,1,0,0,0,0,0,1,0,1,1,1,1,1,0,0,0,1,0,0,1,0,1,1,1,0,1,1,0,1,1,0,0,0,1,0,1,1,1,21.0,1,1,0,0,0,0,100,1,0,0,1,1,0,95.7,1,1,0,0.0,3,1,0.192383992234723,0.0,0,13,0.15,0,0,0,0.5333333333333333,0.8,0.6666666666666666,0.6666666666666666,0.8,0.375,0.0
3083,Gdansk University of Technology,https://www.pg.edu.pl,Poland,Eastern & Southern Europe,48.65681921284489,C,569,76,9.0,53.7,,0,71.40624442351205,1,1,4,1,1,0,1,1,1,1,1,0,1,1,1,1,1,0,0,0,1,0,1,1,1,1,1,1,1,1,1,1,1,1,1,0,0,0,0,0,1,1,10.73,1,1,0,0,1,0,100,1,1,0,0,1,1,67.4,1,1,0,,0,0,-1.0463294794205744,0.6931471805599453,1,13,0.85,1,0,0,0.8666666666666667,0.4,0.6666666666666666,0.6666666666666666,0.8,0.375,0.25
5133,Swinburne University of Technology,https://www.swinburne.edu.au,Australia,South & Central Asia + Oceania,48.626403811029846,C,570,140,33.0,53.6,,0,45.0,1,0,0,1,0,0,0,1,1,1,1,0,1,0,1,1,1,0,0,0,1,0,1,1,1,1,1,1,1,1,1,1,1,1,1,0,1,0,0,1,1,1,11.98,1,1,1,0,1,1,100,1,0,1,1,0,1,65.2,1,1,0,95.0,2,1,-0.1539507221517542,0.0,0,13,0.0,0,0,0,0.9333333333333332,0.6,0.6666666666666666,0.6666666666666666,0.4,0.5,0.75
6050,Autonomous Technological Institute of Mexico,https://www.itam.mx,Mexico,Latin America & Africa,48.62166588591756,C,571,40,1.0,53.5,,0,74.16050342234217,1,1,5,1,0,1,1,1,1,1,1,0,1,1,1,0,0,0,0,0,1,0,1,1,1,1,1,1,1,1,0,1,1,1,0,1,0,1,0,1,1,1,3.72,1,1,1,0,0,0,75,1,0,1,0,1,1,88.9,1,0,0,36.0,3,2,0.1742974357224749,0.0,0,9,1.0,0,0,0,0.8,0.8,0.3333333333333333,0.6666666666666666,0.8,0.25,0.25
1091,Southern Methodist University,https://www.smu.edu,United States,North America,48.49584806571573,C,572,136,118.0,53.4,,0,66.36051928532629,0,1,4,1,0,0,0,1,0,0,0,0,1,1,1,1,1,0,0,1,1,1,1,1,0,1,1,1,1,1,1,1,1,1,0,0,0,0,0,1,1,1,5.74,1,0,1,0,0,0,75,1,0,1,1,0,1,21.1,1,0,0,0.0,3,2,0.5253582813506629,0.0,0,9,0.85,0,0,0,0.7333333333333333,0.6,0.3333333333333333,0.6666666666666666,0.4,0.75,0.25
1139,Haverford College,https://www.haverford.edu,United States,North America,48.48925142595691,C,573,137,119.0,53.3,,0,64.12366717762339,1,1,4,1,0,0,0,0,0,0,0,8,1,0,1,1,1,0,1,1,1,0,1,1,1,1,1,1,0,1,0,1,0,1,0,0,0,1,0,1,1,1,15.91,1,0,1,0,0,0,75,1,1,1,1,1,1,100.0,1,0,0,,0,2,-0.1230500639620093,0.6931471805599453,1,9,0.85,1,0,0,0.6,0.8,0.3333333333333333,1.0,0.6,0.75,0.25
3094,Maria Curie-Sklodowska University,https://www.umcs.pl,Poland,Eastern & Southern Europe,48.465633455686614,C,574,77,10.0,53.3,49.503579629094475,1,68.4436923577336,1,1,9,1,1,0,0,0,1,0,0,8,1,1,1,1,1,1,0,0,1,1,1,1,1,1,1,1,0,1,0,0,0,1,0,0,0,0,1,1,1,0,18.26,1,0,0,0,0,0,75,1,0,1,0,0,0,88.2,1,1,0,,0,3,-0.0553885108744506,0.0,0,9,1.0,1,0,0,0.5333333333333333,0.6,0.6666666666666666,0.0,0.8,0.75,0.0
5077,Bahauddin Zakariya University,https://www.bzu.edu.pk,Pakistan,South & Central Asia + Oceania,48.44134220560232,C,575,141,13.0,53.2,,0,68.3376116961462,1,1,20,1,0,0,0,1,1,1,1,10,1,1,1,1,1,0,0,0,1,0,1,1,1,1,1,1,1,1,1,1,1,1,1,1,0,0,0,0,0,0,3.9,1,0,1,0,0,0,75,1,0,1,1,0,1,93.8,1,0,0,,1,1,0.2040943806733745,0.0,0,9,0.45,1,0,0,0.9333333333333332,0.0,0.3333333333333333,0.6666666666666666,0.6,0.5,0.25
1131,Hamilton College,https://www.hamilton.edu,United States,North America,48.436254950477746,C,576,138,120.0,53.1,,0,70.99017439266638,1,1,3,1,0,0,0,0,0,0,1,3,1,1,1,1,1,0,1,1,1,0,1,1,1,1,1,1,1,1,1,1,1,1,0,0,0,1,0,1,1,1,1.0,1,0,0,0,0,0,100,1,0,1,1,1,1,95.5,1,1,0,,0,2,-0.1115719632242565,0.0,0,13,0.6,1,0,0,0.8,0.8,0.6666666666666666,1.0,0.6,0.75,0.0
5068,Lahore University of Management Sciences,https://www.lums.edu.pk,Pakistan,South & Central Asia + Oceania,48.41235236450386,C,577,142,14.0,53.0,,0,74.2703667634804,1,1,6,1,0,0,0,1,1,1,1,10,1,1,1,1,1,0,1,1,1,0,1,1,1,1,1,1,1,1,1,1,1,1,1,0,0,1,0,1,1,1,12.63,1,1,0,1,0,0,75,1,1,1,0,1,0,56.4,1,1,0,,1,2,1.3523249068645136,0.6931471805599453,1,9,1.0,1,0,0,0.8666666666666667,0.8,0.6666666666666666,0.3333333333333333,0.6,0.75,0.25
5069,University of the Punjab,https://www.pu.edu.pk,Pakistan,South & Central Asia + Oceania,48.40390774624366,C,578,143,15.0,52.9,39.34422518817195,1,68.22522580748377,1,1,6,0,0,0,0,1,0,0,1,7,1,1,1,1,1,0,0,1,1,0,1,1,1,1,1,1,1,1,1,1,1,1,0,0,0,0,1,1,1,1,21.0,1,1,1,0,0,0,75,1,0,1,0,1,1,17.1,1,1,0,,1,1,0.5065271788111828,0.0,0,9,1.0,1,0,0,0.8,0.8,0.6666666666666666,0.6666666666666666,0.4,0.625,0.25
3157,V. N. Karazin Kharkiv National University,https://www.karazin.ua,Ukraine,Eastern & Southern Europe,48.37888015370341,C,579,78,,52.9,,0,68.22238171274917,1,1,1,1,1,0,0,1,0,0,1,7,1,0,1,1,1,0,1,0,1,0,1,1,1,1,1,1,1,1,1,1,1,1,1,0,0,1,0,1,1,1,14.86,1,1,0,0,0,0,75,1,0,1,0,1,1,0.0,1,0,0,7.0,3,0,-0.6693840113201187,0.0,0,9,0.15,0,0,0,0.8666666666666667,0.8,0.3333333333333333,0.6666666666666666,0.8,0.5,0.0
3311,West Pomeranian University of Technology,https://www.zut.edu.pl,Poland,Eastern & Southern Europe,48.343347831357306,C,580,79,11.0,52.8,53.61916533412036,1,62.35607449873888,1,1,5,1,0,1,0,1,1,1,1,0,1,0,0,0,0,1,1,0,1,0,1,0,1,1,1,1,1,1,0,0,0,1,0,0,0,1,1,0,1,0,7.46,1,0,0,0,0,0,75,1,0,1,0,1,0,100.0,1,1,0,18.0,3,0,-0.121834353274245,0.0,0,9,1.0,0,0,0,0.5333333333333333,0.6,0.6666666666666666,0.3333333333333333,0.8,0.375,0.0
6340,University of Zambia,https://www.unza.zm,Sub-Saharan Africa,Latin America & Africa,48.32206325638246,C,581,41,,52.7,,0,73.73743021904372,1,1,6,1,0,0,0,0,1,1,0,0,1,1,1,1,1,1,0,1,1,0,1,1,1,1,1,1,0,1,1,1,1,1,1,0,0,0,0,1,0,1,21.0,1,0,0,0,0,0,75,1,0,1,0,1,1,64.7,1,0,1,175.0,2,3,-0.3105138964409167,0.0,0,9,1.0,0,0,0,0.8,0.4,0.6666666666666666,0.6666666666666666,0.6,0.75,0.0
1176,University of Montreal,https://www.umontreal.ca,Canada,North America,48.28183082738117,C,582,139,19.0,52.6,,0,65.60596801758295,0,1,7,1,0,0,0,0,0,0,0,2,1,0,1,1,1,0,0,0,1,0,1,1,1,1,1,1,1,1,1,1,1,1,0,0,0,1,0,1,1,1,7.94,1,0,0,0,1,0,90,1,0,1,0,1,1,20.0,1,0,0,28.0,3,0,0.5537404940840143,0.0,0,12,1.0,0,0,0,0.8,0.8,0.3333333333333333,0.6666666666666666,0.4,0.375,0.25
2067,University of Konstanz,https://www.uni-konstanz.de,Germany,Western & Northern Europe,48.266683030359644,C,583,132,24.0,52.5,,0,75.26885498812995,1,1,3,1,1,0,0,0,1,1,1,4,1,1,1,1,1,1,0,0,1,0,0,0,1,1,1,1,0,1,1,0,1,1,1,0,0,1,0,1,1,1,21.0,1,1,0,0,0,0,75,1,0,1,1,1,0,50.0,1,1,0,0.0,3,3,-0.7203798737729235,0.0,0,9,0.6,0,0,0,0.6,0.8,0.6666666666666666,0.6666666666666666,0.8,0.625,0.0
4062,Kyushu University,https://www.kyushu-u.ac.jp,Japan,Asia (East & Southeast),48.224496531554806,C,584,50,10.0,52.4,,0,45.0,1,0,0,1,1,0,0,0,0,0,1,8,1,1,1,1,1,1,0,0,1,0,1,1,1,1,1,1,1,1,1,1,0,1,0,0,0,1,1,1,1,1,12.63,1,1,0,0,0,0,75,1,0,1,1,1,0,30.0,1,0,0,4.0,3,3,0.361995133278042,0.0,0,9,0.0,0,0,0,0.7333333333333333,1.0,0.3333333333333333,0.6666666666666666,0.6,0.625,0.0
5131,Flinders University,https://www.flinders.edu.au,Australia,South & Central Asia + Oceania,48.16985743080666,C,585,144,34.0,52.4,,0,68.19290477995807,1,1,8,1,0,0,0,1,1,2,1,0,1,0,1,1,1,0,1,1,1,0,1,1,1,1,1,1,0,1,1,1,1,1,0,0,0,0,0,0,1,0,12.63,1,1,0,0,0,1,75,1,0,1,1,1,1,21.9,1,1,0,6.0,3,1,0.2907841497447851,0.0,0,9,1.0,0,0,0,0.7333333333333333,0.2,0.6666666666666666,1.0,0.6,0.75,0.25
2173,Abo Akademi University,https://www.abo.fi,Finland,Western & Northern Europe,48.16071262872747,C,586,133,,52.3,,0,70.34380853389047,1,1,2,1,1,0,0,0,0,0,0,10,1,1,0,1,1,1,0,1,1,0,0,1,1,1,1,1,0,1,0,1,1,1,0,0,0,1,0,0,1,1,16.31,1,1,0,0,1,0,90,1,0,1,1,1,1,28.2,1,1,0,0.0,3,3,0.3744506062532923,0.0,0,12,0.35,0,0,0,0.6,0.6,0.6666666666666666,1.0,0.8,0.75,0.25
6135,Obafemi Awolowo University,https://www.oauife.edu.ng,Sub-Saharan Africa,Latin America & Africa,48.127625377508025,C,587,42,,52.2,,0,67.48208377358596,1,1,4,1,1,0,0,0,1,1,1,0,1,1,1,0,0,0,0,1,1,0,1,1,1,1,1,1,0,1,1,1,0,1,0,0,0,0,0,1,1,0,21.0,1,1,0,0,0,0,75,1,0,1,0,1,1,81.8,1,0,0,1.0,3,1,-0.6333458468530299,0.0,0,9,0.85,0,0,0,0.6666666666666666,0.4,0.3333333333333333,0.6666666666666666,0.8,0.375,0.0
4172,Sepuluh Nopember Institute of Technology,https://www.its.ac.id,Indonesia,Asia (East & Southeast),48.12655457971306,C,588,51,,52.1,39.46082939002807,1,78.16385648978215,1,1,6,0,1,0,0,1,1,0,1,6,1,1,1,0,0,1,1,0,1,0,1,1,1,1,1,1,1,1,0,1,0,1,1,0,1,1,0,1,0,1,5.89,1,1,1,0,0,0,90,1,0,1,1,1,1,13.3,1,1,0,,1,3,0.1710859819321592,0.0,0,12,1.0,1,0,0,0.8,0.6,0.6666666666666666,1.0,0.6,0.5,0.25
3060,Polytechnic University of Valencia,https://www.upv.es,Spain,Eastern & Southern Europe,48.11191936393412,C,589,80,15.0,52.0,,0,67.63910806847927,1,1,5,0,1,0,0,1,0,0,1,2,1,1,1,1,1,0,1,1,1,0,1,1,1,0,1,1,1,1,1,1,1,1,0,0,0,1,1,1,1,1,18.88,1,1,0,0,1,0,75,1,0,0,1,1,0,69.2,1,1,0,,1,1,-0.0324018410712785,0.0,0,9,1.0,1,0,0,0.7333333333333333,1.0,0.6666666666666666,0.6666666666666666,0.6,0.75,0.25
2172,University of Eastern Finland,https://www.uef.fi,Finland,Western & Northern Europe,48.09235250598355,C,590,134,,52.0,44.5862157963699,1,66.15432512511492,1,1,11,1,1,0,0,0,0,0,0,10,1,0,1,1,1,1,0,0,1,0,0,1,1,0,1,1,0,1,1,1,1,1,0,0,0,0,0,1,1,1,21.0,1,1,0,0,1,0,100,1,0,1,1,1,1,52.7,1,0,0,0.0,3,1,0.0351114965471204,0.0,0,13,0.8533333333333334,0,0,0,0.6,0.6,0.3333333333333333,1.0,0.8,0.5,0.25
5331,Maldives National University,https://www.mnu.edu.mv,Central Asia,South & Central Asia + Oceania,47.96927309349732,C,591,145,,51.9,,0,45.0,1,0,0,1,0,0,0,0,1,1,1,1,1,1,1,0,0,1,1,0,1,0,1,1,1,1,1,1,1,1,1,1,1,1,0,0,1,1,0,1,1,1,7.19,1,1,1,0,0,0,75,1,1,1,0,1,1,0.0,1,0,0,0.0,3,1,2.3984904973942185,0.6931471805599453,1,9,0.0,0,0,0,0.8666666666666667,0.8,0.3333333333333333,0.6666666666666666,0.4,0.5,0.25
3104,NOVA University Lisbon,https://www.unl.pt,Portugal,Eastern & Southern Europe,47.890841469061456,C,592,81,,51.8,,0,69.63081679478644,1,1,8,1,1,0,0,0,0,0,1,10,1,0,1,1,1,1,1,1,1,0,1,1,1,1,1,1,0,0,0,0,0,1,1,0,0,1,0,1,1,1,10.37,1,1,0,0,1,0,90,1,0,1,0,1,0,44.7,1,0,0,0.0,3,3,-0.4845927361055552,0.0,0,12,1.0,0,0,0,0.5333333333333333,0.8,0.3333333333333333,0.3333333333333333,0.8,0.875,0.25
5090,University of Engineering and Technology Taxila,https://www.uettaxila.edu.pk,Pakistan,South & Central Asia + Oceania,47.87080386384152,C,593,146,16.0,51.7,,0,45.0,1,0,0,0,0,0,0,0,1,0,0,0,1,1,1,0,0,1,1,1,1,0,1,1,1,1,1,1,1,1,0,1,1,1,1,1,1,0,0,1,1,0,4.81,1,1,0,0,0,0,75,1,2,1,0,0,1,90.8,1,0,0,,1,1,0.3342925998825121,1.0986122886681098,1,9,0.0,1,0,0,0.9333333333333332,0.4,0.3333333333333333,0.3333333333333333,0.2,0.625,0.0
5157,University of Colombo,https://www.cmb.ac.lk,Sri Lanka,South & Central Asia + Oceania,47.704453947408645,C,594,147,,51.6,,0,66.49572905142199,1,1,9,1,0,0,0,1,0,0,1,10,1,0,1,1,1,0,1,0,1,0,1,1,1,1,1,1,1,1,1,1,0,1,0,0,0,0,0,1,1,1,5.74,1,1,0,0,0,0,75,1,0,1,0,1,1,93.8,1,0,0,,1,2,-0.6596955636023245,0.0,0,9,1.0,1,0,0,0.7333333333333333,0.6,0.3333333333333333,0.6666666666666666,0.6,0.625,0.0
2028,University of Sussex,https://www.sussex.ac.uk,United Kingdom,Western & Northern Europe,47.567279219697966,C,595,135,33.0,51.5,,0,71.69384327429826,1,1,5,1,0,0,0,1,0,0,1,0,1,1,1,1,1,0,1,1,1,0,0,1,0,1,1,1,1,1,1,1,0,1,0,0,1,0,0,1,1,1,21.0,1,0,0,0,1,0,75,1,0,1,1,1,1,16.7,1,1,0,0.0,3,1,-1.203379022043814,0.0,0,9,1.0,0,0,0,0.6666666666666666,0.6,0.6666666666666666,1.0,0.6,0.75,0.25
1061,Case Western Reserve University,https://case.edu,United States,North America,47.47455925140612,C,596,140,121.0,51.5,,0,45.0,1,0,0,0,0,0,0,1,0,0,1,10,1,0,1,0,0,0,0,1,1,0,0,1,1,1,1,1,1,1,1,1,0,1,1,0,0,1,0,1,1,1,21.0,1,1,0,0,0,0,100,1,0,0,1,1,1,59.4,1,0,0,,1,2,0.4546114422579702,0.0,0,13,0.0,1,0,0,0.7333333333333333,0.8,0.3333333333333333,1.0,0.2,0.375,0.0
6043,Monterrey Institute of Technology,https://www.tec.mx,Mexico,Latin America & Africa,47.442078218393426,C,597,43,2.0,51.4,50.36557925756134,1,64.63719075910737,1,1,4,1,1,0,1,1,1,0,0,0,1,0,1,1,1,0,1,1,1,0,1,1,1,1,1,1,1,0,0,1,0,1,0,0,0,0,0,1,1,1,15.43,1,0,1,0,0,0,100,1,0,1,1,1,1,87.1,1,0,0,,1,0,0.8885560834274603,0.0,0,13,0.85,1,0,0,0.6,0.6,0.3333333333333333,1.0,0.8,0.625,0.25
4161,UCSI University,https://www.ucsiuniversity.edu.my,Malaysia,Asia (East & Southeast),47.4106671516391,C,598,52,,51.3,,0,71.0348344198309,1,1,3,1,1,0,0,1,0,0,1,0,1,1,1,1,1,0,1,1,1,0,1,1,1,1,1,1,1,1,1,1,0,1,0,0,0,1,0,1,1,0,11.76,1,0,0,0,0,1,75,1,9,1,1,1,1,56.5,1,0,0,12.0,3,1,-1.4199577251222,2.302585092994046,1,9,0.6,0,0,0,0.7333333333333333,0.6,0.3333333333333333,1.0,0.8,0.75,0.25
3156,Igor Sikorsky Kyiv Polytechnic Institute,https://www.kpi.ua,Ukraine,Eastern & Southern Europe,47.35166123293491,C,599,82,,51.2,,0,65.73605887650815,1,1,7,0,0,0,0,0,1,0,1,2,1,0,1,1,0,1,1,1,1,0,1,1,1,1,1,1,1,0,0,1,0,0,0,0,1,0,1,1,1,0,9.74,1,1,0,0,0,0,75,1,0,1,1,1,0,88.5,1,0,0,11.0,3,3,-0.5122485732124967,0.0,0,9,1.0,0,0,0,0.6,0.6,0.3333333333333333,0.6666666666666666,0.4,0.75,0.0
2062,Ulm University,https://www.uni-ulm.de,Germany,Western & Northern Europe,47.350974906228,C,600,136,25.0,51.1,,0,77.65653824521914,1,1,5,1,1,0,0,1,0,0,1,3,1,1,1,1,1,1,0,0,1,0,1,0,1,1,1,1,0,0,1,1,1,1,0,0,0,1,0,1,1,1,12.63,1,1,0,0,1,0,75,1,0,1,1,1,1,73.5,1,1,0,0.0,3,3,0.5613788121014625,0.0,0,9,1.0,0,0,0,0.6,0.8,0.6666666666666666,1.0,0.8,0.625,0.25
2095,Paris-Est Creteil University,https://www.u-pec.fr,France,Western & Northern Europe,47.33609304954962,C,601,137,19.0,51.1,50.432030762118586,1,66.97625703437708,1,1,4,1,1,1,0,0,0,0,1,0,1,0,1,1,1,0,1,0,1,0,1,1,0,1,1,1,0,1,1,1,0,1,1,1,0,0,1,1,1,1,16.3,1,1,0,0,0,0,75,1,0,1,1,1,0,47.9,1,1,1,,1,0,1.8557776367328125,0.0,0,9,0.85,1,0,0,0.7333333333333333,0.8,1.0,0.6666666666666666,1.0,0.5,0.0
4167,Bandung Institute of Technology,https://www.itb.ac.id,Indonesia,Asia (East & Southeast),47.28907736437147,C,602,53,,51.0,,0,61.55746584388321,1,1,2,0,0,0,0,1,1,1,1,0,1,0,1,1,1,0,0,0,1,0,1,1,1,1,1,1,1,1,0,1,0,1,0,0,0,1,0,0,1,1,8.86,1,1,0,0,0,0,75,1,0,0,0,1,1,100.0,1,1,0,4.0,3,1,-1.349950997336776,0.0,0,9,0.35,0,0,0,0.6666666666666666,0.6,0.6666666666666666,0.6666666666666666,0.4,0.5,0.0
1074,University of South Carolina,https://www.sc.edu,United States,North America,47.27905982338257,C,603,141,122.0,50.9,52.15951239300076,1,70.33497058267213,1,1,9,1,0,0,0,0,0,0,1,0,1,1,1,1,1,0,1,1,1,0,1,1,1,1,1,1,1,1,1,1,0,1,0,0,0,0,0,1,1,1,15.91,1,1,0,0,0,0,75,1,0,1,1,0,1,66.7,1,1,0,,0,1,-0.4304544709930892,0.0,0,9,1.0,1,0,0,0.7333333333333333,0.6,0.6666666666666666,0.6666666666666666,0.6,0.75,0.0
1094,Texas Tech University,https://www.ttu.edu,United States,North America,47.25540607216164,C,604,142,123.0,50.8,,0,73.2913906258563,1,1,3,1,0,1,0,1,0,0,1,0,1,1,1,0,0,0,1,1,1,0,1,1,1,1,1,1,1,1,1,1,1,1,0,0,1,0,0,1,1,0,1.66,1,1,0,0,1,0,100,1,2,1,1,1,0,97.8,1,1,0,106.0,2,2,0.4130815868613748,1.0986122886681098,1,13,0.6,0,0,0,0.8666666666666667,0.4,0.6666666666666666,0.6666666666666666,0.8,0.5,0.25
6134,University of Nigeria Nsukka,https://www.unn.edu.ng,Sub-Saharan Africa,Latin America & Africa,47.216154443105765,C,605,44,,50.7,,0,45.0,1,0,0,1,0,1,0,0,1,1,1,10,1,1,1,1,1,0,1,0,1,0,1,1,1,1,1,1,1,1,1,1,1,1,0,0,0,0,1,1,1,0,8.86,1,0,0,0,0,0,90,1,0,1,1,1,1,54.7,1,0,0,0.0,3,2,-1.112523113564203,0.0,0,12,0.0,0,0,0,0.8,0.6,0.3333333333333333,1.0,0.6,0.625,0.0
3112,Catholic University of Portugal,https://www.ucp.pt,Portugal,Eastern & Southern Europe,47.19270553943195,C,606,83,,50.7,,0,64.73742675052651,1,1,3,1,1,0,0,1,0,0,1,5,0,1,1,1,1,1,0,0,1,0,0,1,1,1,1,1,0,0,0,1,1,1,0,0,0,1,0,1,1,1,13.4,1,1,0,0,0,0,100,1,0,0,1,1,0,89.1,1,0,0,0.0,3,1,2.63207643916048,0.0,0,13,0.6,0,0,0,0.5333333333333333,0.8,0.3333333333333333,0.6666666666666666,0.8,0.5,0.0
4188,King Mongkut's Institute of Technology Ladkrabang,https://www.kmitl.ac.th,Thailand,Asia (East & Southeast),47.16699626792118,C,607,54,,50.6,,0,66.35448026937215,1,1,3,0,1,0,0,0,0,0,1,10,1,0,1,1,1,1,1,0,1,0,1,1,1,1,1,1,0,0,0,1,0,1,0,0,0,1,0,0,1,1,15.43,1,1,0,0,0,0,75,1,0,1,1,1,1,80.2,1,0,0,0.0,3,3,-0.395002903091354,0.0,0,9,0.6,0,0,0,0.5333333333333333,0.6,0.3333333333333333,1.0,0.6,0.75,0.0
1173,University of Waterloo,https://uwaterloo.ca,Canada,North America,47.15288483628654,C,608,143,20.0,50.5,,0,60.3292967924256,0,1,1,1,0,0,0,1,0,0,0,4,1,0,1,1,1,0,1,0,1,0,1,1,1,1,1,1,0,0,1,0,0,1,0,0,0,1,0,1,1,1,21.0,1,0,0,0,0,0,100,1,0,1,1,1,0,100.0,1,1,0,,0,2,-1.0396285810567163,0.0,0,13,0.15,1,0,0,0.5333333333333333,0.8,0.6666666666666666,0.6666666666666666,0.4,0.625,0.0
4120,Kookmin University,https://www.kookmin.ac.kr,South Korea,Asia (East & Southeast),47.147333357826604,C,609,55,11.0,50.4,,0,68.88262676703296,1,1,7,1,0,0,0,0,0,0,1,5,1,1,1,0,0,1,1,1,1,0,1,1,1,1,1,1,1,0,0,1,0,1,1,0,1,0,0,1,1,0,7.46,1,1,0,0,0,1,75,1,0,0,1,1,1,67.2,1,0,0,,0,0,1.2258137801476103,0.0,0,9,1.0,1,0,0,0.7333333333333333,0.4,0.3333333333333333,1.0,0.6,0.5,0.25
1188,Carleton University,https://carleton.ca,Canada,North America,47.1442965377076,C,610,144,21.0,50.3,,0,72.28853723462092,1,1,10,1,0,0,0,0,0,0,1,5,1,1,1,1,1,0,0,1,1,0,1,1,1,1,1,1,1,1,1,1,1,1,1,0,0,0,0,1,1,0,12.63,1,1,0,0,0,0,90,1,0,1,1,1,1,42.1,1,1,0,,0,2,-0.0255905540614563,0.0,0,12,0.9266666666666666,1,0,0,0.8666666666666667,0.4,0.6666666666666666,1.0,0.6,0.625,0.0
1145,Wesleyan University,https://www.wesleyan.edu,United States,North America,47.126772964139654,C,611,145,124.0,50.2,,0,73.54510166940925,1,1,5,1,0,0,0,0,0,0,0,5,1,0,1,1,1,1,1,1,1,1,1,1,1,1,1,1,0,1,1,1,1,1,0,0,0,1,0,1,1,1,21.0,1,1,0,0,0,0,90,1,1,1,1,1,0,63.2,1,1,0,,1,3,-0.4605062256519321,0.6931471805599453,1,12,1.0,1,0,0,0.7333333333333333,0.8,0.6666666666666666,0.6666666666666666,0.6,1.0,0.0
5055,University of Calicut,https://www.uoc.ac.in,India,South & Central Asia + Oceania,47.11430052086279,C,612,148,61.0,50.2,48.9587468583804,1,45.0,0,0,0,1,0,0,0,1,1,1,1,0,1,0,1,0,0,0,1,0,1,0,1,1,1,1,1,1,1,1,1,1,1,1,0,0,1,0,0,1,1,0,12.63,1,0,0,0,0,0,75,1,0,1,1,1,0,73.2,1,0,0,0.0,3,1,-0.648409537062839,0.0,0,9,0.0,0,0,0,0.8666666666666667,0.4,0.3333333333333333,0.6666666666666666,0.2,0.375,0.0
3098,Rzeszow University of Technology,https://www.prz.edu.pl,Poland,Eastern & Southern Europe,47.112763872871184,C,613,84,12.0,50.1,,0,55.77302225369915,1,1,4,1,0,0,0,0,0,0,0,0,1,0,0,1,1,0,0,0,1,0,1,1,1,1,1,1,0,1,0,0,0,1,1,0,0,1,1,0,1,1,21.0,1,1,0,0,0,0,75,1,2,1,0,1,0,78.6,1,1,0,,0,0,0.5711778246198275,1.0986122886681098,1,9,0.85,1,0,0,0.6,0.8,0.6666666666666666,0.3333333333333333,0.6,0.375,0.0
5154,University of Waikato,https://www.waikato.ac.nz,New Zealand,South & Central Asia + Oceania,47.10933701860589,C,614,149,,50.0,,0,77.13096263676503,1,1,0,1,1,0,0,1,0,0,1,0,1,1,1,1,1,0,1,0,1,0,0,1,1,1,1,1,1,1,1,1,1,1,1,1,1,0,0,1,1,0,21.0,1,0,0,0,0,1,100,1,1,1,1,1,1,7.8,1,1,0,0.0,3,2,-0.70304044813803,0.6931471805599453,1,13,0.0,0,0,0,0.9333333333333332,0.4,0.6666666666666666,1.0,0.8,0.625,0.25
4134,National Chengchi University,https://www.nccu.edu.tw,Taiwan,Asia (East & Southeast),46.99804643735956,C,615,56,,49.9,,0,64.33363012494056,1,1,4,1,1,0,0,0,0,0,0,10,0,1,1,0,1,0,0,0,1,0,1,1,1,1,1,1,0,1,0,1,1,1,0,0,0,0,1,0,1,0,18.58,1,0,0,0,0,1,50,1,0,1,1,1,1,90.2,1,0,0,0.0,3,0,0.3656161709221158,0.0,0,5,0.85,0,0,0,0.6666666666666666,0.4,0.3333333333333333,1.0,0.8,0.25,0.25
3140,Mendel University in Brno,https://www.mendelu.cz,Czechia,Eastern & Southern Europe,46.91403689522926,C,616,85,,49.8,,0,67.35311330365869,1,1,14,1,1,0,0,0,0,0,1,4,1,1,1,0,0,0,0,0,1,0,1,1,1,1,1,1,0,1,1,1,0,1,1,0,0,0,1,0,1,0,17.04,1,0,0,0,0,0,75,1,0,1,0,1,0,66.7,1,1,0,,1,2,-0.6921910977654537,0.0,0,9,0.66,1,0,0,0.7333333333333333,0.4,0.6666666666666666,0.3333333333333333,0.8,0.25,0.0
3196,Pavol Jozef Safarik University,https://www.upjs.sk,Bulgaria & Slovakia,Eastern & Southern Europe,46.900517808913804,C,617,86,,49.8,,0,67.70290044400373,1,1,8,1,0,0,0,1,0,0,1,0,1,0,1,1,0,0,0,0,1,0,0,1,1,1,1,1,1,1,0,1,1,1,1,0,0,1,1,1,1,1,21.0,1,1,1,0,1,0,90,1,0,1,0,1,0,26.5,1,0,0,46.0,3,1,-0.3967764741231243,0.0,0,12,1.0,0,0,0,0.7333333333333333,1.0,0.3333333333333333,0.3333333333333333,0.6,0.375,0.5
2118,Saxion University of Applied Sciences,https://www.saxion.edu,Netherlands,Western & Northern Europe,46.83110605664066,C,618,138,9.0,49.7,,0,56.85288496644733,1,1,5,1,1,0,0,0,0,0,0,1,1,0,1,0,0,0,0,1,1,0,0,1,0,0,1,1,1,0,0,1,1,1,0,0,0,1,0,1,1,1,16.82,1,0,0,0,1,0,100,1,0,1,1,1,0,83.3,1,0,0,0.0,3,1,1.1160864398589725,0.0,0,13,1.0,0,0,0,0.4666666666666667,0.8,0.3333333333333333,0.6666666666666666,0.8,0.375,0.25
3208,Riga Stradins University,https://www.rsu.lv,Baltics,Eastern & Southern Europe,46.8066859020154,C,619,87,,49.6,,0,77.89430419592482,1,1,9,1,1,0,0,1,1,1,1,10,1,1,1,1,1,1,0,0,1,0,1,1,1,1,1,1,0,1,1,1,0,1,0,0,0,0,1,1,1,0,21.0,1,0,1,0,0,0,75,1,0,1,1,1,1,20.0,1,1,0,0.0,3,3,-0.7909619445759589,0.0,0,9,1.0,0,0,0,0.6666666666666666,0.6,0.6666666666666666,1.0,0.8,0.625,0.25
5064,Sri Venkateswara University,https://www.svuniversity.edu.in,India,South & Central Asia + Oceania,46.74124235501843,C,620,150,62.0,49.5,,0,72.598940643039,1,1,9,1,0,0,0,1,1,1,1,0,1,1,1,1,0,1,0,0,1,0,1,1,1,1,1,1,0,1,1,1,1,1,0,1,0,0,0,1,0,0,12.63,1,0,0,0,1,1,90,1,1,1,0,1,0,44.4,1,1,0,17.0,3,3,0.9337605312914188,0.6931471805599453,1,12,1.0,0,0,0,0.8,0.2,0.6666666666666666,0.3333333333333333,0.6,0.5,0.5
4064,Keio University,https://www.keio.ac.jp,Japan,Asia (East & Southeast),46.69188985973892,C,621,57,11.0,49.4,,0,62.19518356580554,1,1,0,0,0,0,0,1,0,0,1,10,1,0,1,1,1,0,1,0,1,0,1,1,1,1,1,1,1,1,1,1,0,1,0,0,0,0,1,1,1,1,17.1,1,1,0,0,0,0,75,1,0,1,1,1,0,21.5,1,1,0,4.0,3,1,-0.0520101706943781,0.0,0,9,0.0,0,0,0,0.7333333333333333,0.8,0.6666666666666666,0.6666666666666666,0.4,0.625,0.0
3165,Yuriy Fedkovych Chernivtsi National University,https://www.chnu.edu.ua,Ukraine,Eastern & Southern Europe,46.62973169500486,C,622,88,,49.3,,0,63.20653989355325,1,1,7,1,1,0,0,0,0,0,1,2,1,0,1,1,1,0,0,0,1,0,1,1,1,0,1,1,0,0,0,1,0,1,0,0,0,1,0,1,1,1,16.48,1,1,0,0,0,0,100,1,0,1,1,1,1,100.0,1,0,0,4.0,3,1,-1.2805061780403906,0.0,0,13,1.0,0,0,0,0.4666666666666667,0.8,0.3333333333333333,1.0,0.8,0.375,0.0
3070,Jaume I University,https://www.uji.es,Spain,Eastern & Southern Europe,46.44781867840413,C,623,89,16.0,49.3,,0,45.0,1,0,0,1,1,0,0,1,0,0,1,7,1,1,1,1,1,0,0,1,1,0,0,1,0,1,1,1,0,1,0,1,1,1,1,0,0,1,0,0,1,1,19.8,1,1,0,0,0,0,75,1,0,1,0,1,1,100.0,1,1,0,0.0,3,1,-0.0094151712681063,0.0,0,9,0.0,0,0,0,0.6,0.6,0.6666666666666666,0.6666666666666666,0.6,0.625,0.0
1016,University of Michigan,https://www.umich.edu,United States,North America,46.35117087620532,C,624,146,125.0,49.2,42.419130068939374,1,61.74866606044488,1,1,9,1,0,0,0,0,0,0,1,1,1,1,0,1,1,0,0,0,1,0,0,1,1,1,1,1,0,1,1,1,0,1,0,0,0,0,0,1,1,0,18.26,0,0,0,0,0,0,75,1,0,1,1,1,1,100.0,1,0,0,,1,2,-1.5598995835879337,0.0,0,9,1.0,1,0,0,0.6,0.4,0.3333333333333333,1.0,0.6,0.5,0.0
6120,Alexandria University,https://www.alexu.edu.eg,Egypt & North Africa,Latin America & Africa,46.3325689461044,C,625,45,,49.1,,0,57.85930226266946,1,1,9,0,1,0,0,1,1,1,1,10,1,0,0,1,1,0,0,1,1,0,1,1,0,1,1,1,1,1,0,1,1,1,0,0,0,1,0,1,1,1,15.43,1,1,0,0,0,0,75,1,2,1,1,1,1,77.8,1,0,0,,0,2,0.8099608703690139,1.0986122886681098,1,9,1.0,1,0,0,0.6666666666666666,0.8,0.3333333333333333,1.0,0.6,0.625,0.0
4173,Brawijaya University,https://www.ub.ac.id,Indonesia,Asia (East & Southeast),46.28345185872057,C,626,58,,49.0,,0,70.95732808039757,1,1,7,1,1,0,1,1,1,1,1,5,1,1,1,0,0,0,1,1,1,0,1,1,0,1,1,1,1,1,0,1,1,1,0,0,0,0,1,1,1,1,12.63,1,1,0,0,0,0,75,1,0,1,0,1,1,62.1,1,0,0,1.0,3,2,-0.4360413297241888,0.0,0,9,1.0,0,0,0,0.6666666666666666,0.8,0.3333333333333333,0.6666666666666666,0.8,0.5,0.0
2165,Design School Kolding,https://www.designskolenkolding.dk,Denmark,Western & Northern Europe,46.25433658400171,C,627,139,,48.9,,0,61.80011807343219,1,1,5,1,1,0,0,0,0,0,0,4,1,0,0,1,1,1,0,1,1,0,1,1,0,1,1,1,0,0,1,1,0,1,0,0,0,1,0,0,1,1,21.0,1,0,0,0,1,0,75,1,0,1,1,1,1,95.7,1,0,0,6.0,3,1,0.4028909184564598,0.0,0,9,1.0,0,0,0,0.5333333333333333,0.6,0.3333333333333333,1.0,0.8,0.75,0.25
5066,Quaid-i-Azam University,https://www.qau.edu.pk,Pakistan,South & Central Asia + Oceania,46.19462484009765,C,628,151,17.0,48.9,,0,67.3976094764565,1,1,6,0,0,0,1,1,0,0,1,10,1,0,1,1,1,0,1,0,1,1,1,1,1,1,1,1,1,1,1,1,0,1,1,0,0,1,0,1,1,1,12.63,1,1,0,0,0,0,90,1,0,1,0,1,1,72.7,1,0,0,242.0,2,2,0.1273821133252768,0.0,0,12,1.0,0,0,0,0.8,0.8,0.3333333333333333,0.6666666666666666,0.4,0.75,0.0
1012,"University of California, Berkeley",https://www.berkeley.edu,United States,North America,46.1808768282186,C,629,147,126.0,48.8,43.346425219067044,1,72.2958591970587,1,1,3,1,0,0,0,1,1,1,1,0,1,1,1,1,1,0,0,1,1,0,1,1,1,1,1,1,1,1,1,1,1,1,0,0,0,0,1,1,1,1,15.13,1,1,0,0,0,0,90,1,0,1,1,1,1,42.9,1,1,0,,0,1,-0.3402992070165606,0.0,0,12,0.6,1,0,0,0.8,0.8,0.6666666666666666,1.0,0.6,0.625,0.0
1080,University of Oklahoma,https://www.ou.edu,United States,North America,46.17691366094287,C,630,148,127.0,48.7,,0,69.248973666853,1,1,7,1,0,0,0,1,0,0,1,0,1,1,1,1,1,1,1,1,1,1,1,1,1,1,1,1,1,1,0,1,0,0,0,0,0,0,0,1,1,0,12.98,1,0,0,0,0,0,75,1,0,1,1,0,1,100.0,1,1,0,4.0,3,1,0.5746097681526551,0.0,0,9,1.0,0,0,0,0.6,0.4,0.6666666666666666,0.6666666666666666,0.6,1.0,0.0
3312,University of West Attica,https://www.uniwa.gr,Greece,Eastern & Southern Europe,46.16711693653995,C,631,90,,48.6,,0,66.30297466644977,1,1,5,1,1,1,0,0,1,1,1,4,0,1,0,1,1,0,0,0,1,0,0,1,1,1,1,1,0,1,0,1,1,1,1,0,0,1,1,1,1,1,19.43,1,1,1,0,1,1,90,1,0,1,1,1,0,68.4,1,0,0,,0,1,-0.5431369107605093,0.0,0,12,1.0,1,0,0,0.6666666666666666,1.0,0.3333333333333333,0.6666666666666666,1.0,0.375,0.75
6110,University of KwaZulu-Natal,https://www.ukzn.ac.za,South Africa,Latin America & Africa,46.056508680619416,C,632,46,13.0,48.5,,0,72.32555650718933,1,1,20,1,0,0,0,0,0,0,0,3,1,1,1,1,1,0,0,0,1,0,1,1,1,1,1,1,1,1,1,1,1,1,0,0,1,1,0,1,1,1,5.74,1,1,1,0,1,0,90,1,2,1,0,1,0,44.4,1,1,0,,1,2,0.7665785663869324,1.0986122886681098,1,12,0.45,1,0,0,0.8666666666666667,0.8,0.6666666666666666,0.3333333333333333,0.6,0.5,0.5
5041,Cochin University of Science and Technology,https://www.cusat.ac.in,India,South & Central Asia + Oceania,46.00644546481259,C,633,152,63.0,48.5,,0,45.0,1,0,0,0,0,0,0,1,1,1,1,10,1,0,1,1,1,1,0,1,1,0,1,1,1,1,1,1,1,1,1,1,1,1,1,0,0,0,0,1,1,0,12.63,1,0,1,0,0,0,75,1,0,1,1,1,0,19.5,1,0,0,0.0,3,3,-0.8006891125448832,0.0,0,9,0.0,0,0,0,0.8666666666666667,0.4,0.3333333333333333,0.6666666666666666,0.2,0.75,0.25
4159,Multimedia University,https://www.mmu.edu.my,Malaysia,Asia (East & Southeast),45.99897151349886,C,634,59,,48.4,,0,45.0,1,0,0,1,0,0,0,0,1,0,1,0,1,1,1,0,0,0,1,0,1,0,1,1,1,1,1,1,1,1,0,1,0,1,0,0,1,1,1,1,1,1,12.63,1,1,1,0,1,0,90,1,0,1,1,1,1,40.8,1,0,0,,1,1,-0.5086632513636656,0.0,0,12,0.0,1,0,0,0.7333333333333333,1.0,0.3333333333333333,1.0,0.4,0.375,0.5
3308,Public University of Navarre,https://www.unavarra.es,Spain,Eastern & Southern Europe,45.94944819201796,C,635,91,17.0,48.3,49.05000950749097,1,68.14387734182414,1,1,5,1,1,0,0,1,0,0,0,10,1,0,1,1,1,0,0,0,1,0,1,1,1,1,1,1,1,1,1,1,0,1,0,0,0,1,1,1,1,1,18.58,1,0,0,0,0,0,75,1,0,0,1,1,0,64.8,1,0,0,,1,2,-0.2601135388089523,0.0,0,9,1.0,1,0,0,0.7333333333333333,1.0,0.3333333333333333,0.6666666666666666,0.8,0.5,0.0
2160,University College Copenhagen,https://www.kp.dk,Denmark,Western & Northern Europe,45.925204504848395,C,636,140,,48.2,,0,62.54769033592902,1,1,4,1,1,0,0,0,0,0,0,0,1,0,1,1,0,1,0,0,1,0,0,1,0,1,1,1,0,1,1,0,0,1,0,0,0,1,0,0,1,1,21.0,1,0,0,0,1,0,90,1,0,1,1,1,1,100.0,1,0,0,5.0,3,0,-0.1941125582185813,0.0,0,12,0.85,0,0,0,0.4666666666666667,0.6,0.3333333333333333,1.0,0.8,0.375,0.25
3168,University of Szeged,https://www.u-szeged.hu,Hungary,Eastern & Southern Europe,45.916946966070284,C,637,92,,48.1,,0,45.0,1,0,0,1,0,0,0,1,1,0,1,6,1,1,1,1,1,0,0,0,1,0,1,1,1,1,1,1,1,1,0,1,1,1,0,1,0,0,0,1,1,0,14.31,1,0,0,0,1,0,75,1,0,1,1,1,0,100.0,1,1,0,40.0,3,0,1.334766262143952,0.0,0,9,0.0,0,0,0,0.8,0.4,0.6666666666666666,0.6666666666666666,0.4,0.375,0.25
3402,University of National and World Economy,https://www.unwe.bg,Bulgaria & Slovakia,Eastern & Southern Europe,45.89166572165467,C,638,93,,48.0,52.623301489723225,1,67.32470445379658,1,1,20,1,1,0,0,0,1,1,1,7,1,0,1,1,1,1,0,1,1,0,1,1,1,0,1,1,1,1,0,0,0,1,1,0,0,0,0,0,1,0,12.63,1,1,0,0,0,0,100,1,4,1,1,1,1,67.6,1,1,0,34.0,3,3,-0.0173168390129468,1.6094379124341005,1,13,0.45,0,0,0,0.6,0.2,0.6666666666666666,1.0,0.8,0.75,0.0
2083,Claude Bernard University Lyon 1,https://www.univ-lyon1.fr,France,Western & Northern Europe,45.79298045760587,C,639,141,20.0,48.0,52.01897059548515,1,69.73693240608581,1,1,4,1,1,0,0,0,0,0,1,1,1,1,1,1,1,0,0,0,1,0,1,1,1,1,1,1,0,1,1,1,0,1,1,0,0,0,0,1,1,1,14.79,0,1,0,0,0,0,75,1,0,1,0,1,0,52.6,1,1,1,,1,1,-0.7045797003267193,0.0,0,9,0.85,1,0,0,0.7333333333333333,0.6,1.0,0.3333333333333333,0.8,0.5,0.0
1175,Queen's University,https://www.queensu.ca,Canada,North America,45.741149353619726,C,640,149,22.0,47.9,,0,66.5563060946255,1,1,3,1,0,0,1,1,0,0,1,0,0,1,1,1,1,0,1,1,1,0,1,1,1,1,1,1,0,1,1,1,0,1,1,0,0,1,0,1,1,1,15.28,1,0,1,0,0,0,90,1,0,1,1,1,1,29.4,1,1,0,,0,0,-0.0149472242864494,0.0,0,12,0.6,1,0,0,0.7333333333333333,0.8,0.6666666666666666,1.0,0.6,0.625,0.25
6139,University of Benin,https://www.uniben.edu,Sub-Saharan Africa,Latin America & Africa,45.6734065825299,C,641,47,,47.8,,0,63.8354341189909,1,1,10,1,0,0,0,0,0,0,1,0,1,1,1,1,1,0,0,0,1,0,1,1,1,1,1,1,0,1,0,1,0,1,0,0,0,0,1,1,1,1,15.43,1,1,0,0,0,0,75,1,12,1,0,1,1,87.4,1,0,0,,0,2,-0.6179930184957347,2.3978952727983707,1,9,0.9266666666666666,1,0,0,0.6,0.8,0.3333333333333333,0.6666666666666666,0.6,0.5,0.0
6124,Helwan University,https://www.helwan.edu.eg,Egypt & North Africa,Latin America & Africa,45.665117852179435,C,642,48,,47.7,,0,69.99354371581927,1,1,8,1,1,0,0,1,1,1,1,1,1,1,1,1,0,0,1,0,1,0,1,1,1,1,1,1,1,1,0,1,0,1,0,0,0,0,0,1,1,0,14.94,1,1,0,1,1,0,75,1,1,1,1,1,1,100.0,1,0,0,89.0,3,0,-0.0134577954727025,0.6931471805599453,1,9,1.0,0,0,0,0.6666666666666666,0.4,0.3333333333333333,1.0,0.8,0.375,0.5
2193,Trinity College Dublin,https://www.tcd.ie,Belgium/Ireland/Iceland,Western & Northern Europe,45.65231809097544,C,643,142,,47.6,,0,60.602422956117536,1,1,7,1,0,0,0,0,0,0,0,0,1,0,0,1,1,0,0,1,1,0,0,1,1,1,1,1,0,1,0,1,1,1,0,0,0,1,0,0,1,1,21.0,1,1,0,0,0,0,90,1,0,1,0,1,0,62.5,1,1,0,0.0,3,2,1.298882292651982,0.0,0,12,1.0,0,0,0,0.6,0.6,0.6666666666666666,0.3333333333333333,0.6,0.625,0.0
3151,Transilvania University of Brasov,https://www.unitbv.ro,Romania,Eastern & Southern Europe,45.631727004770916,C,644,94,,47.6,,0,67.18173451118494,1,1,10,1,1,0,0,0,0,0,0,1,1,1,1,1,1,0,1,1,1,0,1,1,1,1,1,1,1,1,0,0,1,1,0,0,1,0,0,1,1,0,3.54,1,0,0,0,1,0,20,1,2,0,1,1,0,90.9,1,1,0,,0,1,0.3700444638420711,1.0986122886681098,1,2,0.9266666666666666,1,0,0,0.7333333333333333,0.4,0.6666666666666666,0.6666666666666666,0.8,0.75,0.25
6122,Assiut University,https://www.aun.edu.eg,Egypt & North Africa,Latin America & Africa,45.597351269415036,C,645,49,,47.5,,0,71.26285666454831,1,1,11,1,1,0,0,1,0,0,1,10,1,0,0,1,1,1,1,1,1,0,1,1,1,1,1,1,1,1,1,1,1,1,0,0,0,1,1,1,1,1,3.79,1,1,1,0,0,0,75,1,0,0,0,1,0,8.7,1,1,0,0.0,3,3,-0.2151573386621206,0.0,0,9,0.8533333333333334,0,0,0,0.8,1.0,0.6666666666666666,0.3333333333333333,0.8,0.875,0.25
3172,Semmelweis University,https://www.semmelweis.hu,Hungary,Eastern & Southern Europe,45.321536402358724,C,646,95,,47.4,,0,80.21955499312541,1,1,6,1,1,0,0,1,0,0,1,10,1,1,1,1,1,1,0,0,1,0,1,1,1,1,1,1,1,1,0,1,1,1,0,1,0,1,1,1,1,1,15.87,1,1,0,0,0,0,90,1,2,1,1,1,1,16.2,1,0,0,46.0,3,3,1.025882886663826,1.0986122886681098,1,12,1.0,0,0,0,0.8,1.0,0.3333333333333333,1.0,0.8,0.625,0.0
3126,University of Macedonia,https://www.uom.gr,Greece,Eastern & Southern Europe,45.31251661509576,C,647,96,,47.3,,0,71.6250078095478,1,1,8,1,0,0,0,0,0,0,0,0,1,1,1,1,1,1,1,1,1,0,1,0,1,1,1,1,1,1,0,1,0,1,1,0,0,1,0,1,1,1,1.54,1,1,0,0,0,0,75,1,14,0,1,1,1,100.0,1,1,0,24.0,3,1,-0.5799514991171523,2.3978952727983707,1,9,1.0,0,0,0,0.6666666666666666,0.8,0.6666666666666666,1.0,0.6,0.875,0.0
6343,University of Malawi,https://www.unima.ac.mw,Sub-Saharan Africa,Latin America & Africa,45.29159480900184,C,648,50,,47.2,,0,45.0,1,0,0,1,0,0,0,1,0,0,1,1,1,0,1,1,1,0,1,0,1,0,1,1,1,1,1,1,1,1,0,1,1,1,1,0,0,1,0,1,1,1,10.41,1,1,0,0,1,0,75,1,1,0,0,1,1,2.3,1,0,0,1.0,3,1,-0.5802447799658715,0.6931471805599453,1,9,0.0,0,0,0,0.8,0.8,0.3333333333333333,0.6666666666666666,0.4,0.625,0.25
3079,AGH University of Krakow,https://www.agh.edu.pl,Poland,Eastern & Southern Europe,45.213974550265576,C,649,97,13.0,47.1,,0,61.38077261178204,1,1,1,1,0,0,0,1,0,0,0,7,1,0,1,1,1,0,1,0,1,0,1,1,1,0,1,1,0,1,1,1,0,1,0,0,0,0,1,1,1,0,16.1,1,0,0,0,0,0,100,1,0,1,1,1,0,100.0,1,1,0,0.0,3,2,-1.3210920169116165,0.0,0,13,0.15,0,0,0,0.6,0.6,0.6666666666666666,0.6666666666666666,0.6,0.625,0.0
6063,Austral University,https://www.austral.edu.ar,Argentina,Latin America & Africa,45.13977903532534,C,650,51,,47.1,,0,68.35646935961483,1,1,20,0,1,0,0,1,1,1,0,10,1,1,1,1,1,1,1,0,1,0,1,1,1,1,1,1,1,1,1,0,0,1,0,0,0,0,0,1,1,1,21.0,1,1,0,0,0,0,90,1,3,1,0,1,1,19.1,1,0,0,4.0,3,3,-0.6055980745008541,1.3862943611198906,1,12,0.45,0,0,0,0.6666666666666666,0.6,0.3333333333333333,0.6666666666666666,0.6,0.75,0.0
4138,University of Hong Kong,https://www.hku.hk,Hong Kong,Asia (East & Southeast),45.06095363303372,C,651,60,,47.0,,0,45.0,1,0,0,1,0,0,1,1,0,0,1,3,1,1,1,0,0,0,1,0,1,0,1,1,1,1,1,1,1,1,1,1,0,1,0,0,0,0,1,1,1,0,12.63,1,0,0,0,0,0,90,1,0,0,1,1,0,82.9,1,1,0,,1,2,0.6098350431390829,0.0,0,12,0.0,1,0,0,0.7333333333333333,0.6,0.6666666666666666,0.6666666666666666,0.4,0.375,0.0
5033,Thapar Institute of Engineering and Technology,https://www.thapar.edu,India,South & Central Asia + Oceania,45.02692708658073,C,652,153,64.0,46.9,,0,67.59628174972184,1,1,2,1,0,0,1,1,1,1,0,10,1,1,1,1,1,0,0,1,1,0,1,1,0,1,1,1,1,1,1,0,1,1,0,0,0,1,0,1,1,1,12.63,1,0,1,0,0,0,75,1,0,1,1,1,1,82.5,1,1,0,,1,1,-0.5365306652801125,0.0,0,9,0.35,1,0,0,0.6666666666666666,0.8,0.6666666666666666,1.0,0.6,0.625,0.25
1140,Bowdoin College,https://www.bowdoin.edu,United States,North America,45.007089807885485,C,653,150,128.0,46.8,,0,63.55105334295784,1,1,8,1,1,0,0,0,0,0,1,0,1,1,1,0,0,0,1,0,1,0,1,1,0,1,1,1,1,0,1,1,1,1,0,0,0,0,0,0,1,0,21.0,1,0,0,0,0,0,75,1,0,1,1,1,1,90.9,1,1,0,,0,0,-0.2497265575586593,0.0,0,9,1.0,1,0,0,0.6666666666666666,0.2,0.6666666666666666,1.0,0.8,0.25,0.0
6108,Stellenbosch University,https://www.sun.ac.za,South Africa,Latin America & Africa,45.00645991155772,C,654,52,14.0,46.7,,0,71.34872800592208,1,1,5,1,1,0,0,0,0,0,1,8,1,0,1,1,1,0,0,1,1,0,0,1,1,1,1,1,0,1,1,1,1,1,0,0,0,1,0,1,1,1,13.02,1,1,1,0,0,0,90,1,1,1,1,1,0,95.5,1,1,0,138.0,2,2,-0.517847505082553,0.6931471805599453,1,12,1.0,0,0,0,0.6666666666666666,0.8,0.6666666666666666,0.6666666666666666,0.8,0.625,0.25
2138,Norwegian University of Science and Technology,https://www.ntnu.edu,Norway,Western & Northern Europe,45.004829669442145,C,655,143,,46.7,,0,64.77184639356624,1,1,1,1,1,1,0,0,0,0,0,0,1,1,1,1,1,0,0,0,1,0,0,1,1,1,1,1,0,1,1,0,1,1,1,0,0,0,0,0,1,1,14.61,1,1,0,0,0,0,100,1,0,1,1,1,0,78.6,1,1,0,,0,0,1.4133727802390927,0.0,0,13,0.15,1,0,0,0.6666666666666666,0.4,0.6666666666666666,0.6666666666666666,1.0,0.375,0.0
4004,Shanghai Jiao Tong University,https://www.sjtu.edu.cn,China,Asia (East & Southeast),44.97758667503796,C,656,61,1.0,46.6,45.61887180804451,1,45.0,1,0,0,1,1,0,0,1,0,0,1,10,1,0,1,1,0,0,1,1,1,0,1,1,1,1,1,1,1,0,1,1,1,1,0,0,0,1,0,1,1,1,17.4,1,1,0,0,0,0,75,1,0,1,0,1,1,0.0,1,1,0,6.0,3,2,2.157426298464558,0.0,0,9,0.0,0,0,0,0.7333333333333333,0.8,0.6666666666666666,0.6666666666666666,0.6,0.625,0.0
4307,Kagawa University,https://www.kagawa-u.ac.jp,Japan,Asia (East & Southeast),44.921917021367875,C,657,62,12.0,46.5,51.8737038113729,1,60.20656390247412,1,1,4,1,0,0,0,0,0,0,0,1,0,0,1,0,0,1,0,0,1,1,1,1,1,1,1,1,1,0,1,1,0,1,0,0,0,1,1,1,1,1,21.0,1,1,0,0,0,0,90,1,0,0,1,0,0,73.1,1,0,0,,0,0,-0.2384936093641708,0.0,0,12,0.85,1,0,0,0.6666666666666666,1.0,0.3333333333333333,0.3333333333333333,0.6,0.375,0.0
2162,University College of Northern Denmark,https://www.ucn.dk,Denmark,Western & Northern Europe,44.915034667333316,C,658,144,,46.4,,0,58.94630344720963,1,1,4,0,1,1,0,0,0,0,0,0,1,0,1,0,0,1,0,0,1,0,0,1,0,1,1,1,0,1,1,0,0,1,0,0,0,1,0,0,1,1,14.17,1,1,0,0,1,0,100,1,0,0,1,1,0,100.0,1,0,0,4.0,3,1,-0.9026895673829728,0.0,0,13,0.85,0,0,0,0.4666666666666667,0.6,0.3333333333333333,0.6666666666666666,0.8,0.25,0.25
5305,Netaji Subhas University of Technology,https://www.nsut.ac.in,India,South & Central Asia + Oceania,44.870057761065354,C,659,154,65.0,46.3,,0,64.00993545787284,1,1,13,0,1,0,0,1,1,0,0,0,1,0,1,1,1,1,0,1,1,1,1,1,1,1,1,1,1,1,1,1,0,1,0,1,0,0,0,0,1,1,1.63,1,1,0,0,1,0,75,1,1,0,0,1,0,69.6,1,0,0,0.0,3,1,-0.7138357778714509,0.6931471805599453,1,9,0.72,0,0,0,0.8,0.4,0.3333333333333333,0.3333333333333333,0.6,0.875,0.25
3088,Warsaw University of Life Sciences,https://www.sggw.edu.pl,Poland,Eastern & Southern Europe,44.856656938214556,C,660,98,14.0,46.2,,0,72.64571528218941,1,1,10,1,1,0,0,1,1,1,0,9,1,0,1,1,1,1,0,0,1,0,1,1,1,1,1,1,0,0,0,0,1,1,1,0,0,1,1,1,1,1,21.0,1,1,0,0,0,0,90,1,0,1,0,1,0,51.4,1,1,0,0.0,3,3,0.8656945314729703,0.0,0,12,0.9266666666666666,0,0,0,0.6,1.0,0.6666666666666666,0.3333333333333333,0.8,0.625,0.0
5413,Central University of Rajasthan,https://www.curaj.ac.in,India,South & Central Asia + Oceania,44.85163877126961,C,661,155,66.0,46.2,,0,74.29907350356781,1,1,10,1,0,0,1,1,1,1,1,1,1,1,1,1,1,1,0,0,1,0,1,1,1,1,1,1,0,1,0,1,0,1,1,0,0,0,0,1,1,0,19.26,1,1,1,0,1,0,75,1,0,0,1,1,1,44.4,1,1,0,0.0,3,3,-0.6174956382807698,0.0,0,9,0.9266666666666666,0,0,0,0.6666666666666666,0.4,0.6666666666666666,1.0,0.6,0.625,0.5
5426,Tribhuvan Institute of Engineering,https://www.ioe.edu.np,Nepal,South & Central Asia + Oceania,44.823728651389374,C,662,156,,46.1,,0,67.21839426679098,1,1,11,1,0,0,0,1,0,0,0,0,1,1,1,1,0,0,1,0,1,0,1,1,1,1,1,1,1,0,1,0,0,1,1,1,0,1,0,1,1,0,15.43,1,1,0,0,0,0,75,1,0,1,0,1,1,0.0,1,0,0,11.0,3,1,-0.9258167980913534,0.0,0,9,0.8533333333333334,0,0,0,0.7333333333333333,0.6,0.3333333333333333,0.6666666666666666,0.6,0.5,0.0
6113,North-West University,https://www.nwu.ac.za,South Africa,Latin America & Africa,44.784816386711924,C,663,53,15.0,46.0,,0,66.55617920031777,1,1,6,1,1,0,0,1,1,1,1,0,1,1,0,1,1,0,1,1,1,0,1,1,1,1,1,1,0,1,1,1,0,1,1,0,0,0,0,1,1,1,12.63,1,1,0,0,0,0,75,1,0,1,0,1,0,64.0,1,0,0,,1,2,-1.3463368298312657,0.0,0,9,1.0,1,0,0,0.7333333333333333,0.6,0.3333333333333333,0.3333333333333333,0.8,0.75,0.0
3203,Kaunas University of Technology,https://www.ktu.edu,Baltics,Eastern & Southern Europe,44.73702369242688,C,664,99,,45.9,,0,74.0033819591016,1,1,5,1,1,0,0,1,0,1,1,0,1,1,1,1,1,0,1,0,1,0,1,1,1,1,1,1,1,1,0,1,0,1,0,0,0,1,0,1,1,1,11.55,1,1,0,0,0,0,90,1,0,1,1,1,0,94.6,1,1,0,211.0,2,2,0.2631923659288883,0.0,0,12,1.0,0,0,0,0.6666666666666666,0.8,0.6666666666666666,0.6666666666666666,0.8,0.625,0.0
2114,Amsterdam University of Applied Sciences,https://www.amsterdamuas.com,Netherlands,Western & Northern Europe,44.67432332442972,C,665,145,10.0,45.8,41.98172345875635,1,60.90239356689624,1,1,3,1,1,0,0,0,0,0,0,0,1,1,1,0,0,0,1,0,0,0,1,1,1,0,1,1,0,1,0,0,1,1,0,0,1,0,0,1,1,1,10.34,0,0,0,0,1,0,100,1,1,1,0,1,0,100.0,1,0,0,,0,1,-0.5655381740001217,0.6931471805599453,1,13,0.6,1,0,0,0.6,0.6,0.3333333333333333,0.3333333333333333,0.8,0.25,0.25
3001,Sapienza University of Rome,https://www.uniroma1.it,Italy,Eastern & Southern Europe,44.60859261119071,C,666,100,19.0,45.8,,0,54.70498898768161,1,1,6,1,1,0,1,1,0,0,1,0,1,0,0,1,1,1,0,0,1,0,1,0,0,0,1,1,1,0,0,0,0,0,1,0,0,1,0,1,1,1,21.0,1,1,0,0,0,0,90,1,0,1,1,0,1,100.0,1,0,0,3.0,3,1,-1.4724807875684456,0.0,0,12,1.0,0,0,0,0.3333333333333333,0.8,0.3333333333333333,0.6666666666666666,0.8,0.5,0.0
2147,Inland Norway University of Applied Sciences,https://www.inn.no,Norway,Western & Northern Europe,44.524092532723294,C,667,146,,45.7,,0,61.68511994553273,1,1,1,1,1,0,0,0,0,0,0,2,1,0,0,1,0,1,0,0,1,0,0,1,1,1,1,1,0,1,1,0,0,1,1,0,0,0,0,0,1,1,15.13,0,1,0,0,0,0,75,1,0,1,1,1,0,89.5,1,1,0,0.0,3,1,0.5689142794373446,0.0,0,9,0.15,0,0,0,0.6,0.4,0.6666666666666666,0.6666666666666666,0.8,0.375,0.0
3096,University of Bialystok,https://www.uwb.edu.pl,Poland,Eastern & Southern Europe,44.47794677625722,C,668,101,15.0,45.6,,0,63.92086913586108,1,1,20,0,0,0,0,0,0,0,1,10,1,0,1,1,1,1,1,0,1,0,1,1,1,1,1,1,0,1,0,1,0,1,0,0,0,1,1,1,1,1,21.0,1,1,0,0,0,0,75,1,59,1,1,1,0,100.0,1,1,0,113.0,2,1,-0.8818311236416239,2.3978952727983707,1,9,0.45,0,0,0,0.6,1.0,0.6666666666666666,0.6666666666666666,0.4,0.75,0.0
3030,University of Calabria,https://www.unical.it,Italy,Eastern & Southern Europe,44.472685257893005,C,669,102,20.0,45.5,44.391249095175354,1,57.63733324352104,1,1,7,1,0,0,0,0,0,0,1,0,0,0,1,1,1,1,1,0,1,0,1,0,0,1,1,1,0,0,0,1,0,1,1,0,0,1,0,1,1,1,17.4,1,0,0,0,0,0,100,1,7,1,1,1,0,100.0,1,0,0,0.0,3,0,-1.442310783451782,2.079441541679836,1,13,1.0,0,0,0,0.4666666666666667,0.8,0.3333333333333333,0.6666666666666666,0.6,0.625,0.0
1168,University of Toronto,https://www.utoronto.ca,Canada,North America,44.46880837161854,C,670,151,23.0,45.4,,0,61.57887151905664,1,1,3,1,0,0,0,1,0,0,1,0,1,0,0,1,0,0,1,0,1,0,0,1,0,1,1,1,0,1,1,1,1,1,0,0,0,0,1,0,1,1,7.49,1,1,0,0,0,0,90,1,0,1,1,1,1,100.0,1,1,0,0.0,3,2,-1.2856773223259923,0.0,0,12,0.6,0,0,0,0.6,0.6,0.6666666666666666,1.0,0.6,0.5,0.0
4117,Konkuk University,https://www.konkuk.ac.kr,South Korea,Asia (East & Southeast),44.44256215945735,C,671,63,12.0,45.4,,0,64.4524384682904,1,1,7,0,0,0,0,1,1,1,1,3,1,0,1,0,0,1,0,0,1,0,1,1,1,1,1,1,0,1,0,1,1,1,1,1,0,1,1,1,1,0,12.63,1,1,0,0,0,0,50,1,0,0,1,0,1,63.6,1,0,0,,1,1,4.0721505371475,0.0,0,5,1.0,1,0,0,0.8,0.8,0.3333333333333333,0.6666666666666666,0.4,0.375,0.0
2125,Stockholm University,https://www.su.se,Sweden,Western & Northern Europe,44.416762927893274,C,672,147,,45.3,,0,72.56443491603218,1,1,10,1,1,0,0,0,0,0,0,10,1,1,1,1,1,1,0,0,1,0,0,1,1,1,1,1,0,1,1,0,1,1,1,0,0,1,0,0,1,1,8.72,1,1,0,0,0,0,90,1,0,1,0,1,0,59.3,1,1,0,0.0,3,1,1.5016106719463564,0.0,0,12,0.9266666666666666,0,0,0,0.6666666666666666,0.6,0.6666666666666666,0.3333333333333333,0.8,0.5,0.0
4168,IPB University,https://www.ipb.ac.id,Indonesia,Asia (East & Southeast),44.41262225586489,C,673,64,,45.2,,0,72.4399660104749,1,1,5,1,1,0,0,1,0,0,1,9,1,1,1,1,0,1,0,0,1,0,1,1,0,1,1,1,1,0,0,1,1,1,0,0,0,0,0,0,1,0,5.49,1,1,0,0,0,0,90,1,0,1,1,1,1,100.0,1,1,0,0.0,3,3,-1.3883742301155575,0.0,0,12,1.0,0,0,0,0.6,0.2,0.6666666666666666,1.0,0.8,0.5,0.0
5105,East West University,https://www.ewubd.edu,Bangladesh,South & Central Asia + Oceania,44.403635091382434,C,674,157,15.0,45.1,,0,45.0,1,0,0,1,1,0,0,0,0,0,1,10,1,1,1,1,1,1,1,0,1,0,1,1,1,1,1,1,1,1,1,1,1,1,1,0,0,0,0,1,1,0,13.57,1,1,0,0,1,0,75,1,0,1,1,1,0,56.9,1,0,0,0.0,3,3,0.3130290716197131,0.0,0,9,0.0,0,0,0,0.8666666666666667,0.4,0.3333333333333333,0.6666666666666666,0.6,0.75,0.25
3046,Polytechnic University of Catalonia,https://www.upc.edu,Spain,Eastern & Southern Europe,44.40089076444795,C,675,103,18.0,45.0,,0,69.0095222322166,1,1,2,1,1,0,0,1,1,0,1,0,1,1,1,1,1,0,0,1,1,0,1,1,1,1,1,1,1,0,1,1,1,1,0,0,0,1,1,1,1,1,18.76,1,1,0,0,0,0,90,1,0,1,0,1,0,59.0,1,1,0,,0,0,-0.0878930986429986,0.0,0,12,0.35,1,0,0,0.7333333333333333,1.0,0.6666666666666666,0.3333333333333333,0.8,0.5,0.0
1153,Kenyon College,https://www.kenyon.edu,United States,North America,44.32294943000784,C,676,152,129.0,44.9,,0,66.83693722032177,0,1,2,1,0,0,0,1,0,0,1,4,1,1,1,1,1,0,1,1,1,0,1,1,1,1,1,1,1,1,1,1,1,0,0,0,0,1,0,1,1,1,21.0,1,0,0,0,0,1,100,1,0,1,1,1,1,0.0,1,1,0,,0,2,-0.1025981753747411,0.0,0,13,0.35,1,0,0,0.7333333333333333,0.8,0.6666666666666666,1.0,0.4,0.75,0.25
5018,Banaras Hindu University,https://www.bhu.ac.in,India,South & Central Asia + Oceania,44.12173272849883,C,677,158,67.0,44.9,,0,59.90026281957465,1,1,1,0,0,0,0,0,0,0,1,4,1,0,1,1,1,1,0,0,1,1,1,0,1,1,1,1,1,0,0,1,1,1,1,0,1,0,1,1,1,0,12.63,1,1,0,0,0,0,75,1,4,0,0,1,0,21.4,0,0,0,14.0,3,3,-0.0145928292294111,1.6094379124341005,1,9,0.15,0,0,0,0.7333333333333333,0.6,0.0,0.3333333333333333,0.4,0.75,0.0
1115,Rensselaer Polytechnic Institute,https://www.rpi.edu,United States,North America,44.0673464608508,C,678,153,130.0,44.8,,0,63.41863589795797,1,1,4,0,0,0,0,0,1,1,0,0,1,1,1,1,1,0,0,0,1,0,1,1,1,1,1,1,0,1,0,1,0,1,0,0,0,1,0,1,1,1,15.43,1,1,0,0,0,1,75,1,0,1,0,1,1,100.0,1,1,0,,0,1,-1.37938036289419,0.0,0,9,0.85,1,0,0,0.6,0.8,0.6666666666666666,0.6666666666666666,0.4,0.5,0.25
6142,University of Nairobi,https://www.uonbi.ac.ke,Sub-Saharan Africa,Latin America & Africa,43.96996033961687,C,679,54,,44.7,,0,74.0045475325335,1,1,6,1,0,0,0,1,0,0,1,0,1,0,1,1,1,0,0,0,1,1,1,1,1,1,1,1,1,1,1,1,1,1,1,0,1,1,0,1,1,1,4.48,1,1,1,0,1,0,75,1,0,0,0,1,1,34.6,1,0,0,27.0,3,2,0.5086792203116356,0.0,0,9,1.0,0,0,0,0.9333333333333332,0.8,0.3333333333333333,0.6666666666666666,0.6,0.625,0.5
5051,Tezpur University,https://www.tezu.ernet.in,India,South & Central Asia + Oceania,43.8525374581884,C,680,159,68.0,44.6,,0,45.0,1,0,0,1,0,0,0,0,1,1,1,0,1,1,1,1,0,1,1,0,1,0,1,1,1,1,1,1,1,1,1,1,0,1,1,1,0,0,1,1,1,0,16.97,1,0,0,0,0,0,20,1,3,0,1,1,1,48.9,0,1,0,0.0,3,0,-0.7046761041582452,1.3862943611198906,1,2,0.0,0,0,0,0.8666666666666667,0.6,0.3333333333333333,1.0,0.4,0.5,0.0
1021,"University of California, Santa Barbara",https://www.ucsb.edu,United States,North America,43.79472553408793,C,681,154,131.0,44.5,,0,66.93933241005814,0,1,5,1,0,0,0,1,0,0,0,2,1,0,1,0,0,0,0,1,1,0,1,1,1,1,1,1,0,1,1,1,1,1,0,0,0,1,0,1,1,1,9.24,1,0,0,0,0,1,75,1,0,1,1,1,1,50.0,1,1,0,,0,1,-1.155244359396987,0.0,0,9,1.0,1,0,0,0.7333333333333333,0.8,0.6666666666666666,1.0,0.4,0.375,0.25
2128,Linkoping University,https://liu.se,Sweden,Western & Northern Europe,43.775555783589056,C,682,148,,44.5,,0,67.67879683982196,1,1,3,1,1,0,0,0,0,0,0,0,1,1,1,1,1,0,0,0,0,0,1,1,0,1,1,1,0,1,1,1,1,1,0,0,0,0,0,0,1,0,16.88,0,1,0,0,0,1,100,1,0,1,1,1,1,76.9,1,1,0,19.0,3,1,-0.9121696714506956,0.0,0,13,0.6,0,0,0,0.6666666666666666,0.2,0.6666666666666666,1.0,0.8,0.25,0.25
5031,SRM Institute of Science and Technology,https://www.srmist.edu.in,India,South & Central Asia + Oceania,43.70659655204706,C,683,160,69.0,44.4,,0,78.12877142970795,1,1,9,1,0,1,0,1,1,1,1,10,1,1,1,1,1,0,1,0,1,0,1,1,1,1,1,1,1,1,1,1,0,1,1,1,1,0,0,1,1,0,1.0,1,1,0,1,1,0,90,1,0,1,1,1,1,45.7,1,1,0,,1,1,-0.0167191820556909,0.0,0,12,1.0,1,0,0,0.9333333333333332,0.4,0.6666666666666666,1.0,0.8,0.625,0.5
2161,UCL University College,https://www.ucl.dk,Denmark,Western & Northern Europe,43.61467560713613,C,684,149,,44.3,,0,56.44512502983285,1,1,7,0,1,0,0,0,0,0,0,10,1,0,1,1,1,1,0,0,1,0,0,0,0,0,1,1,0,1,1,0,1,1,0,0,0,1,0,1,1,1,15.43,1,1,1,0,1,0,100,1,0,1,0,1,1,73.8,1,0,0,0.0,3,1,0.8939116932461924,0.0,0,13,1.0,0,0,0,0.4,0.8,0.3333333333333333,0.6666666666666666,0.6,0.625,0.5
3018,University of Palermo,https://www.unipa.it,Italy,Eastern & Southern Europe,43.49985890583405,C,685,104,21.0,44.2,,0,55.86878836530349,1,1,3,0,0,1,0,1,1,1,0,0,1,0,1,0,0,0,0,0,1,1,0,1,0,1,1,1,1,0,0,0,1,1,1,1,0,1,0,0,1,1,12.63,1,1,1,0,0,0,75,1,0,1,1,1,0,100.0,1,0,0,,0,1,-0.0541314273695897,0.0,0,9,0.6,1,0,0,0.6,0.6,0.3333333333333333,0.6666666666666666,0.6,0.375,0.25
1104,University of Dayton,https://udayton.edu,United States,North America,43.47137442869745,C,686,155,132.0,44.1,,0,45.0,0,0,0,1,0,0,0,1,0,0,0,5,1,1,1,1,0,0,0,1,1,0,1,1,1,1,0,1,0,1,1,1,1,1,0,0,0,1,0,0,1,1,19.63,1,0,0,0,0,0,75,1,0,1,1,1,1,94.7,1,0,0,,0,1,0.1219552136038347,0.0,0,9,0.0,1,0,0,0.6666666666666666,0.6,0.3333333333333333,1.0,0.2,0.5,0.0
6137,Covenant University,https://www.covenantuniversity.edu.ng,Sub-Saharan Africa,Latin America & Africa,43.45946862847294,C,687,55,,44.0,,0,45.0,1,0,0,0,0,0,0,1,1,1,0,9,1,0,1,1,0,0,0,1,1,0,1,1,1,1,1,1,1,1,1,1,1,1,1,0,0,0,0,1,1,0,19.95,1,1,0,0,0,0,90,1,0,1,1,1,1,71.8,1,0,0,29.0,3,1,-0.3453042506083651,0.0,0,12,0.0,0,0,0,0.8666666666666667,0.4,0.3333333333333333,1.0,0.2,0.5,0.0
4309,Institute of Technology of Cambodia,https://www.itc.edu.kh,Other SE/E Asia,Asia (East & Southeast),43.42270275512448,C,688,65,,44.0,38.74310566700222,1,59.08414386688517,1,1,9,1,0,0,0,0,0,0,0,0,1,0,1,1,0,0,0,0,1,1,1,1,0,1,1,1,1,1,0,1,0,1,0,0,0,1,0,0,1,1,10.35,1,1,0,0,0,0,90,1,0,1,0,1,1,95.6,1,0,0,,0,2,0.7965196505668796,0.0,0,12,1.0,1,0,0,0.6,0.6,0.3333333333333333,0.6666666666666666,0.6,0.5,0.0
3120,University of Crete,https://www.uoc.gr,Greece,Eastern & Southern Europe,43.41851538795017,C,689,105,,43.9,,0,70.21935087950838,1,1,4,1,1,0,0,0,0,0,1,3,1,1,1,1,1,0,1,0,1,0,1,1,1,1,1,1,1,0,0,1,1,1,0,0,0,0,0,1,1,1,5.49,1,1,0,0,1,0,90,1,0,0,0,1,1,72.0,1,1,0,4.0,3,2,2.4955930872041447,0.0,0,12,0.85,0,0,0,0.6666666666666666,0.6,0.6666666666666666,0.6666666666666666,0.8,0.625,0.25
1152,Oberlin College,https://www.oberlin.edu,United States,North America,43.410811437263014,C,690,156,133.0,43.8,,0,65.31660901780114,1,1,2,1,1,1,0,0,1,1,1,0,1,0,1,1,1,0,1,1,1,0,1,1,1,1,1,1,1,1,0,1,1,1,0,0,0,0,0,1,0,0,19.38,1,1,1,0,0,0,75,1,0,1,0,1,1,7.6,1,1,0,,1,1,0.6205221711036651,0.0,0,9,0.35,1,0,0,0.7333333333333333,0.2,0.6666666666666666,0.6666666666666666,1.0,0.75,0.25
5078,GIK Institute of Engineering Sciences and Technology,https://www.giki.edu.pk,Pakistan,South & Central Asia + Oceania,43.40724410056766,C,691,161,18.0,43.7,,0,45.0,1,0,0,1,0,0,0,0,1,1,1,0,1,1,1,0,0,0,1,0,1,0,1,1,1,1,1,1,1,1,1,1,1,1,0,0,1,0,0,1,1,1,8.32,1,1,0,0,0,0,90,1,2,1,1,1,0,3.4,1,0,0,12.0,3,2,0.441428069206614,1.0986122886681098,1,12,0.0,0,0,0,0.8666666666666667,0.6,0.3333333333333333,0.6666666666666666,0.4,0.375,0.0
5006,Indian Institute of Technology Roorkee,https://www.iitr.ac.in,India,South & Central Asia + Oceania,43.27453204126017,C,692,162,70.0,43.6,,0,45.0,1,0,0,0,0,0,0,1,0,0,1,8,1,1,1,1,0,1,1,1,1,0,1,1,1,1,1,1,1,1,1,1,1,1,1,0,0,0,1,1,1,0,21.0,1,0,0,0,1,0,75,1,0,1,1,0,0,65.3,0,1,0,42.0,3,1,0.0967953457472508,0.0,0,9,0.0,0,0,0,0.8666666666666667,0.6,0.3333333333333333,0.3333333333333333,0.2,0.75,0.25
5407,NIT Hamirpur,https://www.nith.ac.in,India,South & Central Asia + Oceania,43.237072974727944,C,693,163,71.0,43.6,,0,45.0,1,0,0,1,1,0,0,1,1,0,1,5,1,1,1,1,1,0,0,0,1,0,1,1,1,1,1,1,1,0,0,1,1,1,1,1,0,0,0,1,1,0,5.83,1,1,0,0,1,0,75,1,0,1,1,1,1,74.5,1,0,0,0.0,3,2,0.5667193203551059,0.0,0,9,0.0,0,0,0,0.8,0.4,0.3333333333333333,1.0,0.6,0.5,0.25
4183,Kasetsart University,https://www.ku.ac.th,Thailand,Asia (East & Southeast),43.21048046304344,C,694,66,,43.5,,0,65.6283754607673,1,1,1,1,1,0,0,1,0,0,1,2,1,1,1,1,1,0,0,0,1,0,1,1,1,1,1,1,0,0,0,0,1,1,1,0,0,0,1,1,1,0,15.92,1,1,0,0,1,0,100,1,0,0,1,1,1,100.0,1,0,0,6.0,3,0,-1.5531314429209084,0.0,0,13,0.15,0,0,0,0.6,0.6,0.3333333333333333,1.0,0.8,0.375,0.25
4308,University of Yangon,https://www.uy.edu.mm,Other SE/E Asia,Asia (East & Southeast),43.20706745105025,C,695,67,,43.4,,0,67.64520798896815,1,1,9,1,1,1,0,0,1,2,1,4,1,0,1,0,0,1,1,0,1,0,1,1,1,1,1,1,1,1,0,0,1,1,0,1,0,1,0,1,1,0,12.63,1,1,0,0,1,0,90,1,0,1,0,1,1,3.4,0,0,0,,0,1,-1.0471920165406186,0.0,0,12,1.0,1,0,0,0.7333333333333333,0.6,0.0,0.6666666666666666,1.0,0.5,0.25
1159,Scripps College,https://www.scrippscollege.edu,United States,North America,43.188532779071,C,696,157,134.0,43.3,,0,68.07861672715731,1,1,3,1,0,0,0,0,0,1,1,5,1,0,1,1,1,0,0,0,1,0,1,1,1,1,1,1,1,1,1,0,1,1,0,0,0,1,0,1,1,1,12.63,1,1,0,0,1,1,75,1,1,1,1,1,1,35.7,1,1,0,,0,2,-0.6535470107868604,0.6931471805599453,1,9,0.6,1,0,0,0.7333333333333333,0.8,0.6666666666666666,1.0,0.6,0.5,0.5
2054,University of Cologne,https://www.uni-koeln.de,Germany,Western & Northern Europe,43.17767569707891,C,697,150,26.0,43.2,,0,68.5549532496654,1,1,4,1,1,0,0,1,1,1,0,4,1,1,1,1,1,1,0,0,1,0,0,0,0,0,1,1,0,1,1,1,0,1,0,0,0,1,1,1,1,1,21.0,1,1,0,0,0,0,100,1,0,1,1,1,1,28.6,1,1,0,4.0,3,3,0.4490760408376721,0.0,0,13,0.85,0,0,0,0.4,1.0,0.6666666666666666,1.0,0.8,0.625,0.0
1092,Texas Christian University,https://www.tcu.edu,United States,North America,43.10394479667357,C,698,158,135.0,43.1,,0,72.47604186935922,1,1,6,1,0,0,0,1,1,1,0,3,1,1,1,1,1,0,1,1,1,0,1,1,1,1,1,1,1,1,1,1,1,0,0,0,0,1,0,1,1,1,16.52,1,0,0,0,0,0,100,1,0,1,1,1,1,64.0,1,1,0,,1,2,-0.5070447068250015,0.0,0,13,1.0,1,0,0,0.7333333333333333,0.8,0.6666666666666666,1.0,0.6,0.75,0.0
1028,University of Illinois Urbana-Champaign,https://illinois.edu,United States,North America,43.03754264232894,C,699,159,136.0,43.1,,0,68.60934422044997,0,1,3,1,0,0,0,1,0,0,1,4,1,1,1,1,1,0,1,1,1,0,1,1,1,1,1,1,0,1,1,1,1,1,0,0,0,0,0,1,1,1,14.52,1,0,0,0,1,0,90,1,0,1,1,1,1,27.6,1,1,0,,1,1,0.3490129154706473,0.0,0,12,0.6,1,0,0,0.7333333333333333,0.6,0.6666666666666666,1.0,0.4,0.75,0.25
3017,University of Catania,https://www.unict.it,Italy,Eastern & Southern Europe,42.97297169815371,C,700,106,22.0,43.0,,0,61.02811113949474,1,1,2,1,1,0,0,0,0,0,0,0,1,0,1,1,1,0,0,0,1,0,1,0,0,1,1,1,1,1,0,1,0,1,1,0,0,1,1,0,1,1,17.57,1,1,0,0,0,0,75,1,0,1,1,1,0,85.7,1,0,0,284.0,2,0,-0.8911694582491626,0.0,0,9,0.35,0,0,0,0.6,0.8,0.3333333333333333,0.6666666666666666,0.8,0.375,0.0
4145,University of Macau,https://www.um.edu.mo,Macau,Asia (East & Southeast),42.88591042617732,C,701,68,,42.9,,0,65.13417730067691,1,1,10,0,1,0,0,1,0,0,1,10,1,0,0,1,1,0,1,1,1,0,1,1,1,1,1,1,1,1,1,1,0,1,0,0,0,1,1,1,1,1,8.34,1,1,1,0,0,0,90,1,0,1,1,1,0,5.5,1,1,0,,1,2,-0.4072741973296036,0.0,0,12,0.9266666666666666,1,0,0,0.7333333333333333,1.0,0.6666666666666666,0.6666666666666666,0.6,0.75,0.25
6529,Hawassa University,https://www.hu.edu.et,Sub-Saharan Africa,Latin America & Africa,42.87159284385082,C,702,56,,42.8,,0,67.996769203157,1,1,2,1,1,0,0,1,0,0,1,9,1,0,1,1,1,0,0,1,1,0,1,1,1,1,1,1,0,1,0,1,0,1,1,0,0,1,0,1,0,1,15.43,1,1,0,0,0,1,75,1,0,1,1,1,1,10.5,1,0,0,7.0,3,2,-0.7274347399050767,0.0,0,9,0.35,0,0,0,0.6666666666666666,0.6,0.3333333333333333,1.0,0.8,0.625,0.25
4067,Kobe University,https://www.kobe-u.ac.jp,Japan,Asia (East & Southeast),42.83018120515171,C,703,69,13.0,42.7,,0,64.97743153905063,1,1,3,0,0,0,0,0,1,1,0,10,1,1,1,0,0,0,1,0,1,0,1,1,1,1,1,1,1,1,1,1,0,1,0,0,0,1,1,1,1,1,15.91,1,1,0,0,0,1,75,1,0,1,1,1,0,19.5,1,0,0,,1,2,-0.3078968308755825,0.0,0,9,0.6,1,0,0,0.7333333333333333,1.0,0.3333333333333333,0.6666666666666666,0.4,0.375,0.25
6016,Pontifical Catholic University of Rio de Janeiro,https://www.puc-rio.br,Brazil,Latin America & Africa,42.79874290922722,C,704,57,3.0,42.7,,0,44.80227924087283,1,0,0,1,0,0,0,1,0,0,0,0,0,0,0,0,0,0,0,1,1,0,1,1,1,1,1,1,0,1,0,1,0,1,0,0,0,1,0,1,1,1,19.2,1,1,0,0,0,0,75,1,4,1,1,1,0,100.0,1,0,0,,0,0,-0.1213501488826845,1.6094379124341005,1,9,0.0,1,0,0,0.6,0.8,0.3333333333333333,0.6666666666666666,0.4,0.25,0.0
1010,Cornell University,https://www.cornell.edu,United States,North America,42.72756099127764,C,705,160,137.0,42.6,,0,71.06478814070792,1,1,1,1,0,0,0,0,0,0,1,5,1,1,1,0,0,1,0,1,1,0,1,1,1,1,1,1,0,1,1,1,1,1,0,0,0,0,0,1,1,1,13.39,1,1,0,0,0,0,50,1,0,1,1,1,1,65.6,1,1,0,,1,3,-0.0508423756845119,0.0,0,5,0.15,1,0,0,0.7333333333333333,0.6,0.6666666666666666,1.0,0.6,0.5,0.0
1147,Mount Holyoke College,https://www.mtholyoke.edu,United States,North America,42.723192339280196,C,706,161,138.0,42.5,,0,67.2415953344578,1,1,2,1,0,0,0,0,0,0,1,7,1,1,1,1,1,0,1,1,1,0,1,1,1,1,1,1,1,0,1,1,1,0,0,0,0,1,0,1,1,1,15.91,1,1,1,0,0,1,90,1,0,0,1,1,1,100.0,1,0,0,79.0,3,1,-1.1347924708097188,0.0,0,12,0.35,0,0,0,0.6666666666666666,0.8,0.3333333333333333,1.0,0.6,0.75,0.5
3051,University of the Basque Country,https://www.ehu.eus,Spain,Eastern & Southern Europe,42.69911078813499,C,707,107,19.0,42.4,,0,56.709052002046064,1,1,1,1,1,1,0,0,0,0,0,7,1,0,0,1,1,1,0,0,1,0,1,1,0,1,1,1,1,0,0,0,1,1,1,0,0,0,1,0,1,0,19.95,1,1,0,0,1,0,75,1,0,1,0,1,0,84.6,1,1,0,,0,1,0.4036265517576431,0.0,0,9,0.15,1,0,0,0.6,0.4,0.6666666666666666,0.3333333333333333,1.0,0.625,0.25
5007,Indian Institute of Technology Guwahati,https://www.iitg.ac.in,India,South & Central Asia + Oceania,42.65002730001398,C,708,164,72.0,42.3,,0,68.0551241027556,1,1,10,1,0,0,1,1,0,0,1,10,1,1,1,0,0,0,0,1,1,0,1,1,1,1,1,1,0,1,0,1,0,1,0,1,0,1,0,1,1,1,12.63,1,1,0,1,0,0,75,1,2,0,1,1,0,2.1,1,1,0,0.0,3,2,0.7450058265585733,1.0986122886681098,1,9,0.9266666666666666,0,0,0,0.6666666666666666,0.8,0.6666666666666666,0.6666666666666666,0.6,0.375,0.25
3144,Babes-Bolyai University,https://www.ubbcluj.ro,Romania,Eastern & Southern Europe,42.64213681763934,C,709,108,,42.3,,0,75.78428861173647,1,1,9,1,1,0,0,0,0,0,0,2,1,0,1,1,1,1,0,0,1,0,1,1,1,1,1,1,1,1,1,1,0,1,0,0,0,1,1,1,1,1,1.41,1,1,0,0,1,0,75,1,0,1,1,1,0,87.5,1,1,0,62.0,3,3,0.0904331756894227,0.0,0,9,1.0,0,0,0,0.7333333333333333,1.0,0.6666666666666666,0.6666666666666666,0.8,0.625,0.25
6332,Houari Boumediene University of Science and Technology,https://www.usthb.dz,Egypt & North Africa,Latin America & Africa,42.546870545646385,C,710,58,,42.2,,0,62.0364085284118,1,1,7,1,0,0,0,0,0,0,0,3,1,0,1,1,1,0,0,0,1,0,1,1,1,1,1,1,0,1,0,1,0,1,0,0,0,1,0,1,1,1,21.0,1,1,0,0,0,0,75,1,0,1,0,1,0,37.1,1,0,0,0.0,3,1,-0.4246037218483387,0.0,0,9,1.0,0,0,0,0.6,0.8,0.3333333333333333,0.3333333333333333,0.6,0.375,0.0
2089,University of Lorraine,https://www.univ-lorraine.fr,France,Western & Northern Europe,42.542990602952514,C,711,151,21.0,42.1,,0,70.83225883253843,1,1,9,1,1,0,0,1,0,0,0,2,1,1,1,1,0,0,0,0,1,0,1,1,1,1,1,1,1,1,1,1,1,1,0,0,0,0,0,1,1,0,15.91,1,1,0,0,0,0,90,1,0,1,1,1,0,42.1,1,1,0,,0,2,-0.9491177693556656,0.0,0,12,1.0,1,0,0,0.8,0.4,0.6666666666666666,0.6666666666666666,0.8,0.375,0.0
6027,Federal University of Santa Maria,https://www.ufsm.br,Brazil,Latin America & Africa,42.524031841028595,C,712,59,4.0,42.0,,0,47.75767016708959,1,1,10,1,1,0,0,0,0,0,0,0,0,1,0,1,1,1,0,1,1,0,0,0,0,0,0,1,0,0,0,0,0,1,1,0,0,0,0,0,1,0,17.04,1,1,0,0,0,0,90,1,0,0,1,1,1,77.1,1,1,0,0.0,3,1,-0.7902545696973116,0.0,0,12,0.9266666666666666,0,0,0,0.2,0.2,0.6666666666666666,1.0,0.8,0.625,0.0
3152,Bucharest University of Economic Studies,https://www.ase.ro,Romania,Eastern & Southern Europe,42.52051174538223,C,713,109,,41.9,,0,65.48642481155818,1,1,6,1,1,0,0,1,0,0,0,0,1,1,0,0,0,0,1,0,1,0,0,1,1,1,1,1,1,1,1,0,1,1,1,0,0,1,1,1,1,1,15.52,1,1,0,0,0,0,90,1,0,1,0,1,0,52.6,1,0,0,,0,1,-1.535155379453657,0.0,0,12,1.0,1,0,0,0.7333333333333333,1.0,0.3333333333333333,0.3333333333333333,0.8,0.375,0.0
5163,University of Jaffna,https://www.jfn.ac.lk,Sri Lanka,South & Central Asia + Oceania,42.50138776680202,C,714,165,,41.8,,0,67.86222237007841,1,1,9,1,0,0,0,0,1,1,1,5,1,0,1,0,0,0,0,0,1,0,1,1,1,1,1,1,1,1,1,1,0,1,0,0,0,1,0,1,1,1,10.17,1,1,0,0,0,0,90,1,1,1,1,1,1,66.7,1,0,0,,1,2,-0.7478574230919292,0.6931471805599453,1,12,1.0,1,0,0,0.7333333333333333,0.8,0.3333333333333333,1.0,0.6,0.25,0.0
6140,University of Port Harcourt,https://www.uniport.edu.ng,Sub-Saharan Africa,Latin America & Africa,42.48056091511717,C,715,60,,41.8,,0,73.06974566997577,1,1,6,1,0,0,0,1,0,0,1,4,1,0,1,1,1,0,1,0,1,0,1,1,1,1,1,1,1,1,1,1,0,1,0,1,1,0,1,1,1,1,4.67,1,1,0,0,0,0,90,1,0,0,0,1,1,73.5,1,0,0,18.0,3,2,0.5643156166522926,0.0,0,12,1.0,0,0,0,0.8666666666666667,0.8,0.3333333333333333,0.6666666666666666,0.6,0.625,0.0
3049,University of Granada,https://www.ugr.es,Spain,Eastern & Southern Europe,42.449206505962266,C,716,110,20.0,41.7,45.76135267629481,1,59.97816846617885,1,1,6,1,0,1,0,1,0,0,0,0,1,0,0,1,1,0,0,0,1,0,1,1,1,1,1,1,0,0,1,0,0,1,0,0,0,0,1,1,1,1,6.04,1,1,0,0,0,0,100,1,0,1,1,1,0,100.0,1,1,0,,0,2,0.4943161474654705,0.0,0,13,1.0,1,0,0,0.5333333333333333,0.8,0.6666666666666666,0.6666666666666666,0.8,0.5,0.0
6106,University of Cape Town,https://www.uct.ac.za,South Africa,Latin America & Africa,42.427179924617704,C,717,61,16.0,41.6,42.35965297342282,1,71.15127431362642,1,1,1,1,0,0,1,1,0,0,1,0,1,1,1,1,1,0,1,1,1,0,1,1,1,1,1,1,1,1,1,1,1,1,0,0,1,0,0,1,1,0,2.73,1,1,1,0,0,0,75,1,0,1,1,1,0,100.0,1,0,0,0.0,3,2,2.9806254374724497,0.0,0,9,0.15,0,0,0,0.8666666666666667,0.4,0.3333333333333333,0.6666666666666666,0.6,0.75,0.25
1141,Middlebury College,https://www.middlebury.edu,United States,North America,42.42521092860098,C,718,162,139.0,41.5,33.39132169677492,1,59.756350237757786,1,1,1,1,0,0,0,0,0,0,1,0,1,0,1,0,1,0,1,1,1,0,1,1,1,1,1,1,1,0,1,1,1,0,1,0,0,0,0,1,1,0,16.29,1,1,0,0,0,1,90,1,0,1,1,1,1,100.0,1,0,0,,0,1,-1.3276245632039605,0.0,0,12,0.15,1,0,0,0.7333333333333333,0.4,0.3333333333333333,1.0,0.6,0.625,0.25
3139,University of West Bohemia,https://www.zcu.cz,Czechia,Eastern & Southern Europe,42.368967057846774,C,719,111,,41.4,46.03680930578553,1,63.66273922919584,1,1,4,1,1,0,0,0,0,0,1,6,1,0,1,1,1,0,0,0,1,0,0,1,1,1,1,1,0,1,0,0,1,1,0,0,0,0,0,1,1,1,6.82,1,1,0,0,0,0,100,1,0,1,1,1,1,95.8,1,0,0,,1,1,-0.591804000734413,0.0,0,13,0.85,1,0,0,0.5333333333333333,0.6,0.3333333333333333,1.0,0.8,0.375,0.0
5330,Royal University of Bhutan,https://www.rub.edu.bt,Central Asia,South & Central Asia + Oceania,42.32745393170824,C,720,166,,41.4,,0,65.0238068064131,1,1,7,1,0,0,0,0,0,0,1,3,1,0,1,1,0,0,0,0,1,0,1,1,1,1,1,1,1,0,0,0,1,1,0,1,0,1,0,1,1,1,12.63,1,1,1,0,0,0,90,1,0,1,0,1,1,11.1,1,0,0,1.0,3,1,-0.0720043555389679,0.0,0,12,1.0,0,0,0,0.6666666666666666,0.8,0.3333333333333333,0.6666666666666666,0.6,0.25,0.25
6326,Durban University of Technology,https://www.dut.ac.za,South Africa,Latin America & Africa,42.29714944693576,C,721,62,17.0,41.3,,0,75.45585831328067,1,1,10,1,0,0,0,1,0,0,1,0,1,1,1,1,1,1,1,1,1,1,1,1,1,1,1,1,1,1,1,1,1,1,0,0,0,1,0,1,1,1,4.48,1,1,1,0,0,0,90,1,2,1,1,0,0,23.1,1,0,0,7.0,3,3,1.5485868511548435,1.0986122886681098,1,12,0.9266666666666666,0,0,0,0.8,0.8,0.3333333333333333,0.3333333333333333,0.6,1.0,0.25
6146,Strathmore University,https://www.strathmore.edu,Sub-Saharan Africa,Latin America & Africa,42.256974922571075,C,722,63,,41.2,,0,64.53828264696469,1,1,7,1,1,0,0,0,0,0,0,4,1,1,1,1,0,0,0,0,1,0,1,1,1,0,1,1,1,1,1,1,1,1,0,0,0,0,0,1,1,1,21.0,1,1,0,0,0,0,90,1,1,1,1,1,0,69.2,1,0,0,,1,1,1.928182010998057,0.6931471805599453,1,12,1.0,1,0,0,0.7333333333333333,0.6,0.3333333333333333,0.6666666666666666,0.8,0.375,0.0
2070,University of Duisburg-Essen,https://www.uni-due.de,Germany,Western & Northern Europe,42.138751490058624,C,723,152,27.0,41.1,44.947923305036035,1,62.50556944250295,1,1,7,0,1,0,0,0,0,0,0,3,1,1,1,1,1,1,0,0,1,0,1,1,0,0,1,1,0,0,1,1,1,1,1,0,0,1,0,1,1,1,21.0,1,1,0,0,0,0,75,1,0,1,0,1,0,71.4,1,1,0,4.0,3,1,0.902662558539475,0.0,0,9,1.0,0,0,0,0.6,0.8,0.6666666666666666,0.3333333333333333,0.6,0.625,0.0
1027,New York University,https://www.nyu.edu,United States,North America,42.134246457845876,C,724,163,140.0,41.0,,0,62.16913515540172,1,1,5,1,0,1,0,0,0,0,1,0,1,0,1,0,0,0,0,0,1,0,1,1,0,1,1,1,0,0,0,1,1,1,0,0,1,0,0,1,1,1,19.68,1,1,0,1,0,0,90,1,0,0,1,0,0,53.8,1,1,0,,1,1,-1.1498183481391402,0.0,0,12,1.0,1,0,0,0.6,0.6,0.6666666666666666,0.3333333333333333,0.8,0.25,0.25
2065,Friedrich Schiller University Jena,https://www.uni-jena.de,Germany,Western & Northern Europe,42.12420551656845,C,725,153,28.0,40.9,,0,55.35034924360325,0,1,6,0,1,0,0,1,1,0,1,6,1,0,0,1,1,1,0,1,1,0,0,0,0,0,1,1,0,0,1,0,1,1,1,0,0,0,0,0,1,1,21.0,1,0,0,0,1,0,100,1,0,1,1,1,0,100.0,1,1,0,0.0,3,3,-0.9481454509897452,0.0,0,13,1.0,0,0,0,0.4,0.4,0.6666666666666666,0.6666666666666666,0.4,0.75,0.25
5306,IIIT Delhi,https://www.iiitd.ac.in,India,South & Central Asia + Oceania,42.09611271956495,C,726,167,73.0,40.9,49.64175616179797,1,45.0,1,0,0,1,0,0,0,1,0,0,1,4,1,0,1,1,1,0,0,1,1,0,1,1,1,1,1,1,1,1,1,1,1,1,1,1,0,0,0,1,1,1,5.83,1,1,0,0,0,1,75,1,0,0,0,1,0,4.8,1,1,0,,0,2,0.1731804818913053,0.0,0,9,0.0,1,0,0,0.9333333333333332,0.6,0.6666666666666666,0.3333333333333333,0.4,0.625,0.25
1072,University of Alabama,https://www.ua.edu,United States,North America,42.07978562823212,C,727,164,141.0,40.8,,0,70.01447004393877,1,1,7,1,0,0,0,1,0,0,1,0,1,1,1,1,1,0,1,1,1,0,1,1,1,1,1,1,0,1,1,1,0,1,0,0,0,1,0,1,1,1,21.0,1,1,0,0,0,1,90,1,0,1,1,1,1,38.9,1,1,0,,1,0,1.1382888607466453,0.0,0,12,1.0,1,0,0,0.6666666666666666,0.8,0.6666666666666666,1.0,0.6,0.625,0.25
6339,Mekelle University,https://www.mu.edu.et,Sub-Saharan Africa,Latin America & Africa,42.0660167280546,C,728,64,,40.7,43.17348761051708,1,53.90977953514406,1,1,6,1,0,0,0,1,0,0,1,0,1,0,0,0,0,0,0,0,0,0,0,1,0,1,1,1,0,1,0,1,0,1,1,0,0,0,0,1,1,0,15.33,0,1,0,0,0,0,90,1,21,1,1,1,1,100.0,1,0,0,7.0,3,1,-1.2105558524328026,2.3978952727983707,1,12,1.0,0,0,0,0.5333333333333333,0.4,0.3333333333333333,1.0,0.6,0.125,0.0
3309,University of Opole,https://www.uni.opole.pl,Poland,Eastern & Southern Europe,42.05589842484051,C,729,112,16.0,40.6,,0,66.77669922172711,1,1,8,0,1,0,0,0,0,0,1,10,1,1,1,0,0,1,1,0,1,0,1,1,1,1,1,1,1,0,0,0,1,1,0,0,0,1,0,1,1,1,12.63,1,1,0,0,0,0,90,1,0,0,0,1,0,71.1,1,1,0,13.0,3,1,0.4425961404083331,0.0,0,12,1.0,0,0,0,0.6,0.8,0.6666666666666666,0.3333333333333333,0.6,0.5,0.0
3171,University of Pecs,https://www.pte.hu,Hungary,Eastern & Southern Europe,41.93020214990357,C,730,113,,40.5,,0,76.56216800274574,1,1,9,1,1,0,0,1,1,1,0,7,1,1,1,1,1,1,0,0,1,1,1,1,1,1,1,1,1,1,0,1,1,1,1,1,1,0,0,0,1,0,5.02,1,0,1,0,1,1,75,1,0,1,0,1,0,9.2,1,0,0,36.0,3,0,0.0907923424050971,0.0,0,9,1.0,0,0,0,0.9333333333333332,0.2,0.3333333333333333,0.3333333333333333,0.8,0.625,0.75
2151,University of Copenhagen,https://www.ku.dk,Denmark,Western & Northern Europe,41.92234957520849,C,731,154,,40.5,,0,65.60241608289907,1,1,3,1,1,0,0,0,0,0,0,2,1,0,1,1,1,1,0,1,1,0,0,1,1,1,1,1,0,1,1,1,0,1,0,0,0,0,0,0,1,1,19.8,1,0,0,0,1,0,100,1,0,1,1,1,1,16.7,1,0,0,0.0,3,0,-0.2145312439029069,0.0,0,13,0.6,0,0,0,0.6,0.4,0.3333333333333333,1.0,0.8,0.625,0.25
2168,University of Turku,https://www.utu.fi,Finland,Western & Northern Europe,41.874081280476055,C,732,155,,40.4,,0,59.40892603023725,0,1,6,0,1,0,0,0,0,0,0,10,1,0,1,0,0,1,0,0,1,0,0,1,1,1,1,0,0,1,1,1,0,1,1,0,0,0,0,0,1,0,18.76,1,0,0,0,1,0,100,1,0,1,1,1,0,100.0,1,0,0,0.0,3,3,1.9034212366629053,0.0,0,13,1.0,0,0,0,0.6,0.2,0.3333333333333333,0.6666666666666666,0.4,0.375,0.25
2035,University of East Anglia,https://www.uea.ac.uk,United Kingdom,Western & Northern Europe,41.76189841970926,C,733,156,34.0,40.3,32.867445944847766,1,56.22775786912469,1,1,0,1,0,0,0,1,0,0,1,0,1,0,0,1,1,0,1,0,1,0,0,1,0,1,1,1,1,0,1,1,1,1,0,0,0,1,0,1,1,1,20.29,1,0,0,0,0,1,90,1,0,1,1,1,1,100.0,1,1,0,,0,1,-0.9090096367614546,0.0,0,12,0.0,1,0,0,0.6,0.8,0.6666666666666666,1.0,0.6,0.625,0.25
2104,Leiden University,https://www.universiteitleiden.nl,Netherlands,Western & Northern Europe,41.75710566407453,C,734,157,11.0,40.2,,0,63.57097009310856,1,1,5,1,1,0,0,0,0,0,1,0,1,0,0,0,1,1,0,1,1,0,0,1,1,1,1,1,1,1,1,1,0,1,0,0,0,0,0,0,1,1,7.06,1,1,0,0,0,0,90,1,0,0,1,1,0,14.3,1,0,0,0.0,3,3,0.7492793363155535,0.0,0,12,1.0,0,0,0,0.6666666666666666,0.4,0.3333333333333333,0.6666666666666666,0.8,0.625,0.0
2145,OsloMet,https://www.oslomet.no,Norway,Western & Northern Europe,41.698493802429496,C,735,158,,40.1,,0,53.67647521153312,1,1,7,1,1,0,0,0,0,0,0,1,1,0,1,1,1,0,0,0,1,0,0,0,0,1,1,1,1,1,1,1,0,1,0,0,0,0,0,0,1,0,15.91,1,0,0,0,0,1,90,1,0,0,1,1,0,100.0,1,0,0,,0,0,0.0112896965820738,0.0,0,12,1.0,1,0,0,0.5333333333333333,0.2,0.3333333333333333,0.6666666666666666,0.8,0.375,0.25
6082,Pontifical Catholic University of Chile,https://www.uc.cl,Chile,Latin America & Africa,41.62655883646186,C,736,65,,40.0,,0,45.0,1,0,0,1,1,0,0,0,1,1,0,4,1,1,1,1,1,0,0,0,1,0,1,1,1,1,1,1,0,1,0,1,1,1,1,0,0,1,1,0,1,1,15.43,1,0,0,0,1,0,100,1,0,1,1,1,1,70.4,1,0,0,,0,0,-0.1420553394195871,0.0,0,13,0.0,1,0,0,0.7333333333333333,0.8,0.3333333333333333,1.0,0.6,0.375,0.25
3161,National University of Kyiv-Mohyla Academy,https://www.ukma.edu.ua,Ukraine,Eastern & Southern Europe,41.524127503261646,C,737,114,,40.0,,0,55.55983625459785,1,1,5,1,0,0,1,1,0,0,1,2,1,0,1,0,0,0,0,0,1,0,1,1,1,0,1,1,0,1,1,0,0,1,0,1,0,0,0,1,1,0,19.95,1,0,0,0,0,0,75,1,0,1,1,1,1,88.2,1,0,0,,0,0,0.3590898790139969,0.0,0,9,1.0,1,0,0,0.6,0.4,0.3333333333333333,1.0,0.6,0.125,0.0
4088,Nagoya Institute of Technology,https://www.nitech.ac.jp,Japan,Asia (East & Southeast),41.4981757774267,C,738,70,14.0,39.9,,0,69.75800609079108,1,1,4,1,0,0,0,1,0,0,1,0,1,1,1,1,1,1,1,0,1,0,1,1,1,1,1,1,1,1,0,1,1,0,0,0,0,1,1,1,1,1,12.63,1,1,0,0,0,0,50,1,0,0,1,1,0,62.7,1,0,0,7.0,3,1,-1.2119492293459695,0.0,0,5,0.85,0,0,0,0.6666666666666666,1.0,0.3333333333333333,0.6666666666666666,0.6,0.625,0.0
4009,Sun Yat-sen University,https://www.sysu.edu.cn,China,Asia (East & Southeast),41.496371630733876,C,739,71,2.0,39.8,,0,45.0,1,0,0,1,0,0,0,1,0,0,1,10,1,0,1,0,0,0,1,1,1,0,1,1,1,1,1,1,1,1,1,1,1,0,0,0,0,1,0,1,1,1,12.63,1,1,0,0,0,0,75,1,1,1,0,1,0,0.0,1,0,0,4.0,3,0,0.7017691655469525,0.6931471805599453,1,9,0.0,0,0,0,0.7333333333333333,0.8,0.3333333333333333,0.3333333333333333,0.4,0.375,0.0
4135,Chang Gung University,https://www.cgu.edu.tw,Taiwan,Asia (East & Southeast),41.45695626332312,C,740,72,,39.7,,0,62.18883509045048,1,1,6,1,0,0,0,0,0,0,1,0,1,1,1,1,1,0,0,0,1,0,1,1,0,1,1,1,0,1,0,1,0,1,1,0,0,1,1,1,1,1,15.43,1,1,0,0,0,0,75,1,0,1,0,1,0,90.0,1,0,0,,1,0,-0.4070730285715996,0.0,0,9,1.0,1,0,0,0.6,1.0,0.3333333333333333,0.3333333333333333,0.6,0.375,0.0
2068,Ruhr University Bochum,https://www.ruhr-uni-bochum.de,Germany,Western & Northern Europe,41.33963073949634,C,741,159,29.0,39.6,,0,61.94282896110585,1,1,2,0,1,0,0,1,0,0,1,8,1,1,1,1,1,0,1,1,1,0,1,1,0,1,1,1,0,0,1,1,1,1,0,0,0,1,0,0,1,1,8.28,1,1,0,0,0,1,100,1,0,1,1,1,0,100.0,1,1,0,,0,2,0.9043641156798352,0.0,0,13,0.35,1,0,0,0.6,0.6,0.6666666666666666,0.6666666666666666,0.6,0.75,0.25
3154,Gheorghe Asachi Technical University of Iasi,https://www.tuiasi.ro,Romania,Eastern & Southern Europe,41.30466377802258,C,742,115,,39.6,,0,45.0,1,0,0,1,1,0,0,0,0,0,1,0,1,0,1,1,0,1,1,0,1,0,1,1,1,1,1,1,1,1,1,1,0,1,0,0,0,0,0,1,1,1,7.49,1,1,0,0,0,0,90,1,0,1,0,1,0,62.5,1,0,0,15.0,3,3,-0.2879489592737312,0.0,0,12,0.0,0,0,0,0.7333333333333333,0.6,0.3333333333333333,0.3333333333333333,0.6,0.625,0.0
3198,Matej Bel University,https://www.umb.sk,Bulgaria & Slovakia,Eastern & Southern Europe,41.271851438649335,C,743,116,,39.5,,0,61.43815007909812,1,1,1,1,1,0,0,0,1,1,0,0,1,0,1,1,0,0,0,1,1,0,1,1,1,1,1,1,0,1,0,0,1,1,0,0,0,1,1,1,1,1,14.25,1,1,0,0,0,0,75,1,0,1,1,1,0,87.5,1,0,0,,0,1,0.6774911724594987,0.0,0,9,0.15,1,0,0,0.6,1.0,0.3333333333333333,0.6666666666666666,0.8,0.5,0.0
1025,University of Wisconsin-Madison,https://www.wisc.edu,United States,North America,41.146957208744325,C,744,165,142.0,39.4,36.87602784469078,1,69.5110767883825,1,1,6,1,0,0,0,1,0,0,1,1,1,1,1,1,1,0,1,0,1,0,1,1,1,1,1,0,0,1,1,1,1,1,0,0,0,1,0,1,1,1,16.88,1,0,0,0,0,0,90,1,0,1,1,0,1,100.0,1,1,0,,1,2,-1.4716225542775827,0.0,0,12,1.0,1,0,0,0.6666666666666666,0.8,0.6666666666666666,0.6666666666666666,0.6,0.625,0.0
1134,Vassar College,https://www.vassar.edu,United States,North America,41.05912841855614,C,745,166,143.0,39.3,,0,66.91791590807539,1,1,5,1,0,0,0,0,1,1,1,5,1,1,1,1,1,0,0,1,1,0,1,1,1,1,1,1,1,1,1,0,0,0,0,0,0,0,0,1,1,1,8.86,1,1,0,0,0,0,100,1,0,1,1,1,1,100.0,1,0,0,,1,2,-1.3000771214333546,0.0,0,13,1.0,1,0,0,0.6,0.6,0.3333333333333333,1.0,0.6,0.625,0.0
3313,Hellenic Mediterranean University,https://www.hmu.gr,Greece,Eastern & Southern Europe,41.03898004241128,C,746,117,,39.2,,0,45.0,1,0,0,1,1,0,0,0,0,0,0,8,1,1,1,1,1,1,0,1,1,0,1,1,1,1,1,1,0,1,1,1,1,1,1,0,0,1,0,1,1,1,5.74,1,1,0,0,1,0,90,1,0,1,1,1,0,51.9,1,1,0,26.0,3,3,1.147999569993178,0.0,0,12,0.0,0,0,0,0.8,0.8,0.6666666666666666,0.6666666666666666,0.6,0.75,0.25
3089,Medical University of Warsaw,https://www.wum.edu.pl,Poland,Eastern & Southern Europe,41.03160008496617,C,747,118,17.0,39.2,,0,66.06098369736371,1,1,6,1,1,0,0,0,1,2,0,10,1,1,1,1,1,1,1,0,1,0,1,1,0,1,1,1,0,1,0,1,1,0,1,0,0,1,0,1,1,1,14.16,1,1,0,0,0,0,75,1,0,0,1,1,0,100.0,1,1,0,,0,1,0.2078806917150054,0.0,0,9,1.0,1,0,0,0.6,0.8,0.6666666666666666,0.6666666666666666,0.8,0.75,0.0
3115,Polytechnic Institute of Lisbon,https://www.ipl.pt,Portugal,Eastern & Southern Europe,40.94929232237979,C,748,119,,39.1,41.07089738999919,1,62.911270113833,1,1,1,1,1,0,0,0,0,0,1,10,1,0,1,1,1,1,0,0,1,0,1,1,0,1,1,1,0,0,0,1,0,1,1,0,0,1,0,1,1,1,7.13,1,1,0,0,0,0,75,1,0,1,0,1,0,94.4,1,0,0,28.0,3,3,-0.3157843797385099,0.0,0,9,0.15,0,0,0,0.5333333333333333,0.8,0.3333333333333333,0.3333333333333333,0.8,0.625,0.0
1002,Massachusetts Institute of Technology,https://www.mit.edu,United States,North America,40.89932508415696,C,749,167,144.0,39.0,,0,58.50060919901115,0,1,11,1,0,0,0,0,0,0,0,0,1,0,1,1,1,0,1,0,0,0,1,1,0,1,1,0,1,0,1,1,0,1,0,0,0,0,0,0,1,1,21.0,0,0,0,0,1,0,75,1,0,1,0,1,1,100.0,1,1,0,0.0,3,2,-1.8226437441121224,0.0,0,9,0.8533333333333334,0,0,0,0.5333333333333333,0.4,0.6666666666666666,0.6666666666666666,0.4,0.5,0.25
2127,University of Gothenburg,https://www.gu.se,Sweden,Western & Northern Europe,40.76770848104355,C,750,160,,38.9,,0,70.06616615665743,0,1,7,1,1,0,0,1,0,0,1,8,1,0,1,1,0,1,0,0,1,0,1,1,0,1,1,1,0,1,1,1,1,1,1,0,1,1,0,0,1,1,1.99,1,0,0,0,0,0,75,1,0,1,0,1,1,0.0,1,1,0,0.0,3,1,1.1608130846913045,0.0,0,9,1.0,0,0,0,0.8,0.6,0.6666666666666666,0.6666666666666666,0.6,0.375,0.0
2039,Heriot-Watt University,https://www.hw.ac.uk,United Kingdom,Western & Northern Europe,40.74294540232793,C,751,161,35.0,38.8,,0,56.86058362950064,0,1,2,1,1,0,0,1,0,0,1,0,1,1,0,0,0,0,0,0,1,0,1,0,0,0,1,1,1,1,1,0,1,1,0,0,0,1,0,1,1,1,21.0,1,0,0,0,0,0,90,1,0,1,1,1,1,23.3,1,1,0,5.0,3,0,-1.4561817971830822,0.0,0,12,0.35,0,0,0,0.5333333333333333,0.8,0.6666666666666666,1.0,0.6,0.125,0.0
4214,Universiti Brunei Darussalam,https://www.ubd.edu.bn,Other SE/E Asia,Asia (East & Southeast),40.702897595921726,C,752,73,,38.7,,0,45.0,1,0,0,1,0,0,0,1,0,0,0,0,1,1,1,0,0,0,0,1,1,0,1,1,1,1,1,1,1,1,1,1,1,1,1,0,1,1,0,1,1,1,5.33,1,1,0,0,0,0,90,1,2,1,1,1,0,21.1,1,0,0,8.0,3,1,1.1326726451917166,1.0986122886681098,1,12,0.0,0,0,0,0.9333333333333332,0.8,0.3333333333333333,0.6666666666666666,0.4,0.375,0.0
3125,Democritus University of Thrace,https://www.duth.gr,Greece,Eastern & Southern Europe,40.555519458123904,C,753,120,,38.7,,0,60.400644700082594,1,1,1,1,1,1,0,0,0,0,1,0,1,1,0,1,1,0,0,0,1,0,1,1,1,0,1,1,0,1,1,1,1,1,1,0,0,0,0,1,1,0,16.95,1,0,0,0,0,0,90,1,0,1,1,1,0,15.0,1,1,0,,1,2,-0.4132981430441544,0.0,0,12,0.15,1,0,0,0.7333333333333333,0.4,0.6666666666666666,0.6666666666666666,1.0,0.5,0.0
3121,University of Ioannina,https://www.uoi.gr,Greece,Eastern & Southern Europe,40.49884583499279,C,754,121,,38.6,,0,60.93591564865015,1,1,4,0,1,0,0,0,0,0,0,0,1,0,1,1,1,0,0,0,1,0,1,1,1,1,1,1,0,1,1,0,0,1,0,0,0,0,0,1,1,1,12.08,1,1,0,0,0,0,90,1,0,1,0,1,1,93.1,1,0,0,48.0,3,1,-0.5842614997052472,0.0,0,12,0.85,0,0,0,0.6,0.6,0.3333333333333333,0.6666666666666666,0.6,0.5,0.0
1085,Oregon State University,https://oregonstate.edu,United States,North America,40.38312214828112,C,755,168,145.0,38.5,,0,66.92127517054728,1,1,5,0,0,0,0,1,0,0,1,4,1,1,1,0,0,0,0,0,1,0,1,1,1,1,1,1,0,1,1,1,1,1,0,0,0,1,0,1,1,1,9.74,1,1,0,0,0,0,75,1,0,1,1,1,1,71.4,1,1,0,,0,1,-0.5141402600083391,0.0,0,9,1.0,1,0,0,0.7333333333333333,0.8,0.6666666666666666,1.0,0.4,0.25,0.0
4068,Hiroshima University,https://www.hiroshima-u.ac.jp,Japan,Asia (East & Southeast),40.333371491119614,C,756,74,15.0,38.4,,0,64.56222886613973,1,1,1,1,1,0,0,0,0,0,1,0,1,0,1,1,1,0,0,1,1,0,1,1,1,1,1,1,0,1,1,1,1,1,0,1,0,0,1,1,1,0,12.63,1,1,0,0,0,0,75,1,0,0,1,1,0,10.8,1,0,0,7.0,3,1,-1.552125599130888,0.0,0,9,0.15,0,0,0,0.8,0.6,0.3333333333333333,0.6666666666666666,0.8,0.625,0.0
2194,University College Dublin,https://www.ucd.ie,Belgium/Ireland/Iceland,Western & Northern Europe,40.32205069623138,C,757,162,,38.3,,0,58.31087338375668,1,1,4,1,0,0,1,1,0,0,1,0,1,0,0,1,1,0,0,0,1,0,0,1,1,1,1,1,0,1,1,1,0,0,0,0,0,1,0,1,1,1,14.78,1,0,0,0,0,1,100,1,0,1,1,1,1,100.0,1,1,0,,0,2,0.4315743102511076,0.0,0,13,0.85,1,0,0,0.5333333333333333,0.8,0.6666666666666666,1.0,0.6,0.5,0.25
2032,University of Dundee,https://www.dundee.ac.uk,United Kingdom,Western & Northern Europe,40.27915009151732,C,758,163,36.0,38.3,,0,65.14633454364032,1,1,5,1,0,0,0,1,0,0,1,0,1,0,0,1,1,0,0,0,1,0,1,1,1,1,1,1,1,0,1,1,0,1,0,0,0,0,0,1,1,1,10.55,1,1,1,0,0,1,100,1,0,1,1,1,1,38.9,1,1,0,7.0,3,1,-0.8137224369012688,0.0,0,13,1.0,0,0,0,0.6666666666666666,0.6,0.6666666666666666,1.0,0.6,0.5,0.5
1090,Baylor University,https://www.baylor.edu,United States,North America,40.24680701038393,C,759,169,146.0,38.2,,0,63.73334523941602,1,1,2,1,0,0,0,1,0,0,0,10,1,1,1,0,0,0,0,0,1,0,1,1,1,1,1,1,1,1,0,1,0,0,0,0,0,0,0,1,1,1,21.0,1,0,0,0,0,0,75,1,0,1,1,1,1,29.2,1,1,0,0.0,3,2,-0.1393280977355491,0.0,0,9,0.35,0,0,0,0.6,0.6,0.6666666666666666,1.0,0.6,0.25,0.0
2105,Erasmus University Rotterdam,https://www.eur.nl,Netherlands,Western & Northern Europe,40.158803156574336,C,760,164,12.0,38.1,30.816817935639616,1,62.76016671422947,1,1,3,1,1,0,0,1,0,0,1,0,1,1,1,0,0,0,0,0,1,0,1,1,0,0,1,1,0,1,1,1,1,1,1,0,0,0,0,0,1,1,14.5,1,0,0,0,1,0,75,1,1,1,1,1,0,100.0,1,1,0,0.0,3,1,-0.1719923153938955,0.6931471805599453,1,9,0.6,0,0,0,0.6666666666666666,0.4,0.6666666666666666,0.6666666666666666,0.8,0.25,0.25
5089,Riphah International University,https://www.riphah.edu.pk,Pakistan,South & Central Asia + Oceania,40.137467755256615,C,761,168,19.0,38.0,,0,65.30376949004555,0,1,5,1,0,0,1,1,1,1,1,1,1,0,1,1,1,0,1,0,1,0,1,1,1,1,1,1,0,0,1,1,0,1,0,0,0,0,1,1,1,1,12.63,1,0,0,0,1,0,75,1,0,1,1,1,1,83.3,1,0,0,,1,1,-0.9505152039966046,0.0,0,9,1.0,1,0,0,0.6,0.8,0.3333333333333333,1.0,0.4,0.625,0.25
4085,Tokushima University,https://www.tokushima-u.ac.jp,Japan,Asia (East & Southeast),40.108639689827534,C,762,75,16.0,37.9,46.012882905500305,1,66.56300448693712,1,1,4,0,0,0,0,0,1,1,1,0,1,1,1,1,1,1,0,1,1,0,1,1,1,1,1,1,1,0,0,1,0,1,0,1,0,1,0,1,1,1,21.0,1,1,0,0,0,0,75,1,2,1,0,1,0,17.4,1,1,0,8.0,3,1,0.5792573919224607,1.0986122886681098,1,9,0.85,0,0,0,0.6666666666666666,0.8,0.6666666666666666,0.3333333333333333,0.4,0.625,0.0
1108,University of Illinois Chicago,https://www.uic.edu,United States,North America,40.096316639414376,C,763,170,147.0,37.8,,0,66.08436119055207,0,1,0,1,0,0,0,1,0,0,1,0,1,1,1,0,0,1,0,0,1,0,1,1,1,1,1,1,1,1,0,1,1,1,0,0,0,1,0,1,1,1,19.77,1,0,0,0,0,0,75,1,0,1,1,1,0,0.0,1,0,0,,1,3,-0.361377173825888,0.0,0,9,0.0,1,0,0,0.7333333333333333,0.8,0.3333333333333333,0.6666666666666666,0.4,0.375,0.0
4072,Kanazawa University,https://www.kanazawa-u.ac.jp,Japan,Asia (East & Southeast),40.06568834284936,C,764,76,17.0,37.8,,0,69.09854428974144,1,1,8,1,1,0,0,0,1,1,0,8,1,0,1,1,1,0,1,1,1,0,1,1,1,1,1,1,0,0,1,1,0,1,0,0,0,1,1,1,1,1,9.52,1,1,1,0,0,0,75,1,0,1,1,1,1,1.8,1,0,0,7.0,3,1,0.0536034272577699,0.0,0,9,1.0,0,0,0,0.6,1.0,0.3333333333333333,1.0,0.8,0.625,0.25
1144,Trinity College,https://www.trincoll.edu,United States,North America,39.97147984111934,C,765,171,148.0,37.7,,0,62.5727722677574,0,1,3,1,0,0,0,0,0,0,0,6,1,0,1,1,1,1,1,1,1,0,1,1,0,1,1,1,0,0,1,1,1,0,0,0,0,1,0,1,1,1,21.0,1,0,0,0,0,0,100,1,0,1,1,1,1,55.6,1,0,0,0.0,3,3,-0.0813115158247274,0.0,0,13,0.6,0,0,0,0.5333333333333333,0.8,0.3333333333333333,1.0,0.4,0.875,0.0
5029,Birla Institute of Technology and Science Pilani,https://www.bits-pilani.ac.in,India,South & Central Asia + Oceania,39.960743965278205,C,766,169,74.0,37.6,,0,45.0,1,0,0,1,0,0,0,1,1,1,1,9,1,1,1,0,0,1,0,0,1,0,1,1,1,1,1,1,1,1,1,1,1,1,0,1,0,1,0,1,1,1,15.43,1,1,0,1,0,0,90,1,2,1,1,1,1,50.5,1,0,0,359.0,2,1,0.0253171776638424,1.0986122886681098,1,12,0.0,0,0,0,0.8666666666666667,0.8,0.3333333333333333,1.0,0.4,0.375,0.25
6430,Federal University of Technology Owerri,https://www.futo.edu.ng,Sub-Saharan Africa,Latin America & Africa,39.76025941633129,C,767,66,,37.5,,0,63.63971518036973,1,1,12,0,0,0,0,0,0,0,0,6,1,0,1,1,1,1,1,0,1,0,1,1,0,1,1,0,0,1,1,1,0,1,1,0,1,1,0,1,0,1,19.9,1,0,1,0,0,0,75,1,0,1,0,1,1,63.6,1,0,0,24.0,3,3,-0.6094010686811018,0.0,0,9,0.78,0,0,0,0.6666666666666666,0.6,0.3333333333333333,0.6666666666666666,0.4,0.75,0.25
5098,Bangladesh Agricultural University,https://www.bau.edu.bd,Bangladesh,South & Central Asia + Oceania,39.66358198316082,C,768,170,16.0,37.4,,0,45.0,1,0,0,1,0,0,0,1,0,0,1,1,1,0,1,1,1,1,1,1,1,0,1,1,1,1,1,1,1,1,1,0,0,1,1,0,0,0,0,1,0,0,18.45,1,1,0,0,1,0,90,1,1,1,1,1,1,6.4,1,0,0,3.0,3,3,-0.9063524914507914,0.6931471805599453,1,12,0.0,0,0,0,0.7333333333333333,0.2,0.3333333333333333,1.0,0.4,0.875,0.25
2043,Heidelberg University,https://www.uni-heidelberg.de,Germany,Western & Northern Europe,39.54677599971164,C,769,165,30.0,37.4,,0,68.61078146894224,1,1,4,0,1,0,0,1,1,1,1,0,1,1,1,0,0,0,1,0,1,0,0,1,1,1,1,1,1,1,0,1,1,1,0,0,0,1,0,1,1,1,5.2,1,1,0,0,0,0,100,1,0,1,1,1,0,5.3,1,1,0,0.0,3,2,-0.7211091125473638,0.0,0,13,0.85,0,0,0,0.6666666666666666,0.8,0.6666666666666666,0.6666666666666666,0.6,0.375,0.0
2154,Aalborg University,https://www.en.aau.dk,Denmark,Western & Northern Europe,39.51299197617761,C,770,166,,37.3,,0,63.42614566238478,0,1,5,0,0,0,0,1,0,0,0,0,1,0,1,1,1,1,0,1,1,0,1,1,0,1,1,1,0,1,0,1,1,1,0,0,0,1,0,0,1,1,15.77,1,0,0,0,0,0,90,1,0,1,1,1,1,8.7,1,1,0,0.0,3,3,0.8533174014690214,0.0,0,12,1.0,0,0,0,0.6,0.6,0.6666666666666666,1.0,0.2,0.75,0.0
4016,Tianjin University,https://www.tju.edu.cn,China,Asia (East & Southeast),39.465968902337906,C,771,77,3.0,37.2,,0,45.0,1,0,0,1,1,0,0,0,1,1,1,10,1,1,1,0,0,0,1,1,1,0,1,1,1,1,1,1,1,1,1,1,1,1,0,0,0,0,0,1,1,0,21.0,1,0,0,0,0,0,75,0,2,1,1,0,0,0.6,1,0,0,1.0,3,1,0.0075357816748327,1.0986122886681098,1,9,0.0,0,0,0,0.8,0.4,0.3333333333333333,0.3333333333333333,0.6,0.5,0.0
6053,Veracruzana University,https://www.uv.mx,Mexico,Latin America & Africa,39.3300491208823,C,772,67,3.0,37.1,46.930479217874286,1,50.47223012590005,1,1,9,1,1,0,0,0,0,0,0,1,0,0,1,0,1,0,0,0,1,0,0,1,1,0,1,1,0,0,0,0,0,1,0,1,0,0,0,1,1,0,15.43,1,0,0,0,0,0,75,1,0,1,1,1,1,100.0,1,0,0,,0,0,-0.8656101951207325,0.0,0,9,1.0,1,0,0,0.4,0.4,0.3333333333333333,1.0,0.8,0.25,0.0
3064,University of Oviedo,https://www.uniovi.es,Spain,Eastern & Southern Europe,39.32810737183325,C,773,122,21.0,37.0,,0,45.0,1,0,0,1,1,0,0,1,0,0,0,0,1,1,0,1,1,1,0,1,1,0,1,1,1,1,1,1,0,0,0,0,0,1,1,0,0,0,0,1,1,0,21.0,1,1,0,0,0,0,75,1,0,0,1,1,0,100.0,1,0,0,6.0,3,0,-0.0731672633003416,0.0,0,9,0.0,0,0,0,0.5333333333333333,0.4,0.3333333333333333,0.6666666666666666,0.6,0.625,0.0
3176,Obuda University,https://www.uni-obuda.hu,Hungary,Eastern & Southern Europe,39.294233040952456,C,774,123,,36.9,,0,74.10020969431233,1,1,7,1,1,1,1,1,0,0,1,4,1,1,1,1,1,0,0,0,1,0,1,1,1,1,1,1,1,1,0,1,1,1,0,1,1,1,0,0,1,1,1.14,1,1,1,0,0,0,90,1,0,0,0,1,0,17.4,1,1,0,,0,2,0.5379549034199302,0.0,0,12,1.0,1,0,0,0.8666666666666667,0.6,0.6666666666666666,0.3333333333333333,1.0,0.5,0.25
1158,Harvey Mudd College,https://www.hmc.edu,United States,North America,39.2751800318747,C,775,172,149.0,36.9,,0,45.0,1,0,0,1,0,0,0,1,0,0,1,1,1,1,1,0,0,0,1,1,0,0,1,1,1,1,1,1,1,0,1,1,1,1,0,0,0,1,0,1,1,1,15.43,0,0,0,0,0,1,75,1,0,1,0,1,1,28.6,1,1,0,,0,2,0.5754445391154009,0.0,0,9,0.0,1,0,0,0.7333333333333333,0.8,0.6666666666666666,0.6666666666666666,0.4,0.375,0.25
4158,Universiti Teknologi MARA,https://www.uitm.edu.my,Malaysia,Asia (East & Southeast),39.216157881426035,C,776,78,,36.8,,0,45.0,1,0,0,1,1,0,1,1,1,1,1,7,1,1,1,1,1,0,1,0,1,0,1,1,1,1,1,1,0,1,1,1,1,1,0,0,1,1,1,1,1,1,2.85,1,1,0,0,0,0,90,1,1,0,1,1,0,93.8,1,1,0,0.0,3,0,-0.2982407304913861,0.6931471805599453,1,12,0.0,0,0,0,0.8,1.0,0.6666666666666666,0.6666666666666666,0.6,0.5,0.0
5322,Comilla University,https://www.cou.ac.bd,Bangladesh,South & Central Asia + Oceania,39.215135551396294,C,777,171,17.0,36.7,,0,66.67178350853683,1,1,6,0,0,0,0,0,1,1,1,0,1,1,1,1,1,1,0,0,1,0,1,1,1,1,1,1,1,1,1,1,0,1,1,0,0,0,0,1,1,0,15.43,1,1,0,0,0,0,75,1,2,1,0,1,0,50.0,1,0,0,,1,3,-1.1000141642442829,1.0986122886681098,1,9,1.0,1,0,0,0.8,0.4,0.3333333333333333,0.3333333333333333,0.4,0.625,0.0
5047,Tata Institute of Fundamental Research,https://www.tifr.res.in,India,South & Central Asia + Oceania,39.198780819231764,C,778,172,75.0,36.6,,0,53.47420529371325,1,1,1,0,0,0,0,0,0,0,1,0,1,0,1,0,0,0,0,0,1,0,1,1,0,1,1,1,0,0,1,1,1,1,0,0,0,1,1,1,1,1,17.04,1,1,1,0,0,0,75,1,0,0,1,1,1,100.0,1,1,0,,0,0,0.4317776986873439,0.0,0,9,0.15,1,0,0,0.6,1.0,0.6666666666666666,1.0,0.4,0.125,0.25
3116,National and Kapodistrian University of Athens,https://www.uoa.gr,Greece,Eastern & Southern Europe,39.18376629916531,C,779,124,,36.5,,0,45.0,1,0,0,1,0,0,0,1,0,0,0,5,1,1,1,1,1,1,0,0,1,0,1,1,1,1,1,1,0,1,0,0,0,1,1,0,0,0,1,1,1,1,12.63,1,1,0,0,0,0,75,1,0,1,0,1,1,37.0,1,0,0,1.0,3,3,-1.3000807640446543,0.0,0,9,0.0,0,0,0,0.6,0.8,0.3333333333333333,0.6666666666666666,0.4,0.625,0.0
6116,Nelson Mandela University,https://www.mandela.ac.za,South Africa,Latin America & Africa,39.17968149724779,C,780,68,18.0,36.5,,0,45.0,1,0,0,1,0,0,0,0,0,0,0,0,1,1,1,1,1,0,0,0,1,0,1,1,1,1,1,1,1,1,1,1,1,1,1,1,0,0,0,1,1,0,15.43,1,0,0,0,0,1,75,1,0,1,1,1,0,0.0,0,0,0,0.0,3,1,1.2512490469140185,0.0,0,9,0.0,0,0,0,0.9333333333333332,0.4,0.0,0.6666666666666666,0.4,0.5,0.25
4171,Diponegoro University,https://www.undip.ac.id,Indonesia,Asia (East & Southeast),39.17286584934942,C,781,79,,36.4,43.80917607644438,1,64.43485612819227,1,1,2,1,1,0,0,1,0,0,1,6,1,1,1,1,1,0,0,0,1,0,1,0,0,1,1,1,1,0,0,1,0,1,1,0,0,1,0,1,1,1,12.63,1,1,0,0,0,0,90,1,0,1,0,1,1,63.2,1,0,0,16.0,3,1,-1.8375840667386936,0.0,0,12,0.35,0,0,0,0.5333333333333333,0.8,0.3333333333333333,0.6666666666666666,0.8,0.5,0.0
6354,Multimedia University of Kenya,https://www.mmu.ac.ke,Sub-Saharan Africa,Latin America & Africa,39.172651596355564,C,782,69,,36.3,,0,45.0,1,0,0,1,1,0,0,0,1,1,0,1,1,0,1,0,0,0,0,0,1,0,1,1,1,1,1,1,1,1,0,1,0,1,1,0,0,1,0,1,1,1,5.33,1,1,0,0,1,0,90,1,3,0,0,1,1,33.3,1,0,0,5.0,3,2,-0.3230496920721026,1.3862943611198906,1,12,0.0,0,0,0,0.7333333333333333,0.8,0.3333333333333333,0.6666666666666666,0.6,0.25,0.25
5049,Christ University,https://www.christuniversity.in,India,South & Central Asia + Oceania,39.17052886500778,C,783,173,76.0,36.2,,0,57.04414562803961,1,1,2,1,1,0,0,0,0,0,0,0,1,0,0,1,0,0,1,0,1,0,1,1,0,1,1,1,1,1,0,1,1,1,0,0,0,0,0,1,1,1,12.63,1,1,0,0,0,0,75,1,0,0,1,1,1,100.0,1,1,0,,1,1,0.4028265871295332,0.0,0,9,0.35,1,0,0,0.6666666666666666,0.6,0.6666666666666666,1.0,0.8,0.5,0.0
1011,Johns Hopkins University,https://www.jhu.edu,United States,North America,39.09526688443163,C,784,173,150.0,36.1,,0,70.91268689143985,1,1,3,1,0,0,0,0,0,0,1,0,1,1,1,1,1,0,0,1,1,0,1,1,1,1,1,1,1,1,1,1,1,1,0,0,0,0,0,1,1,0,1.7,1,1,0,0,0,0,90,1,0,1,1,1,1,74.4,1,1,0,6.0,3,2,-0.203605461866963,0.0,0,12,0.6,0,0,0,0.8,0.4,0.6666666666666666,1.0,0.6,0.625,0.0
1035,Rice University,https://www.rice.edu,United States,North America,38.94724658555862,C,785,174,151.0,36.1,,0,66.35146431773869,1,1,5,1,0,0,0,0,0,0,0,0,1,0,1,1,1,0,1,0,1,1,1,1,1,1,1,1,1,1,1,1,1,0,0,0,0,1,0,0,1,1,15.91,1,1,0,0,1,0,75,1,0,1,1,1,0,63.0,1,1,0,,1,1,-1.2207738799725194,0.0,0,9,1.0,1,0,0,0.7333333333333333,0.6,0.6666666666666666,0.6666666666666666,0.6,0.75,0.25
2129,Umea University,https://www.umu.se,Sweden,Western & Northern Europe,38.75441275996499,C,786,167,,36.0,,0,63.25490305815077,1,1,0,1,1,0,0,0,0,0,1,3,1,0,1,1,0,0,0,0,1,0,0,1,1,1,1,1,0,1,1,0,1,1,1,0,0,1,0,0,1,1,21.0,1,1,0,0,0,0,100,1,0,1,1,0,1,44.4,1,1,0,,0,1,0.1313710147732266,0.0,0,13,0.0,1,0,0,0.6666666666666666,0.6,0.6666666666666666,0.6666666666666666,0.8,0.25,0.0
3023,University of Modena and Reggio Emilia,https://www.unimore.it,Italy,Eastern & Southern Europe,38.74411851690299,C,787,125,23.0,35.9,,0,64.97689450814605,1,1,8,1,1,0,0,0,1,1,1,3,1,0,1,1,1,0,1,0,1,0,1,1,1,1,1,1,0,1,0,0,1,0,1,0,0,1,1,1,1,1,1.3,1,1,0,0,0,0,75,1,0,1,0,1,0,87.9,1,1,0,0.0,3,0,-1.0748832333167024,0.0,0,9,1.0,0,0,0,0.6,1.0,0.6666666666666666,0.3333333333333333,0.8,0.5,0.0
3093,Silesian University of Technology,https://www.polsl.pl,Poland,Eastern & Southern Europe,38.733268928566716,C,788,126,18.0,35.8,,0,45.0,1,0,0,1,1,0,0,1,1,0,1,10,1,0,1,1,1,1,1,0,1,0,1,1,1,1,1,1,1,0,0,0,1,1,0,0,0,1,0,1,1,1,15.43,1,1,0,0,0,0,90,1,0,1,1,1,0,60.1,1,1,0,1.0,3,3,-0.2184501997907029,0.0,0,12,0.0,0,0,0,0.6,0.8,0.6666666666666666,0.6666666666666666,0.6,0.75,0.0
4191,Silpakorn University,https://www.su.ac.th,Thailand,Asia (East & Southeast),38.67177989289469,C,789,80,,35.7,,0,61.43774160915109,1,1,5,0,1,0,0,0,0,0,1,0,1,1,1,1,1,0,1,0,1,0,1,1,1,1,1,1,1,1,0,1,0,0,0,0,0,0,0,1,1,1,13.5,1,1,0,0,0,0,100,1,0,1,1,1,1,100.0,1,0,0,,0,0,-0.6689947514929266,0.0,0,13,1.0,1,0,0,0.6,0.6,0.3333333333333333,1.0,0.6,0.5,0.0
5012,Indian Institute of Technology ISM Dhanbad,https://www.iitism.ac.in,India,South & Central Asia + Oceania,38.66480872415137,C,790,174,77.0,35.6,,0,71.60967305661893,1,1,12,1,1,0,1,1,0,0,0,3,1,0,1,1,1,1,0,1,1,0,1,1,1,1,1,1,0,1,0,1,1,1,0,0,0,1,0,1,1,1,14.74,1,1,1,0,0,0,75,1,0,0,0,1,1,1.7,1,1,0,50.0,3,3,0.2719741055123092,0.0,0,9,0.78,0,0,0,0.6666666666666666,0.8,0.6666666666666666,0.6666666666666666,0.8,0.75,0.25
4075,Niigata University,https://www.niigata-u.ac.jp,Japan,Asia (East & Southeast),38.64542084708602,C,791,81,18.0,35.6,,0,59.82690449360581,1,1,5,1,0,0,0,0,0,0,0,8,1,0,0,1,1,1,1,0,1,0,1,1,1,1,1,1,0,0,0,1,1,1,0,0,0,0,1,1,1,1,12.63,1,1,0,0,1,0,100,1,0,0,0,1,0,20.0,1,0,0,8.0,3,1,-0.2451321783783057,0.0,0,13,1.0,0,0,0,0.6,0.8,0.3333333333333333,0.3333333333333333,0.6,0.625,0.25
3137,Czech University of Life Sciences Prague,https://www.czu.cz,Czechia,Eastern & Southern Europe,38.62872386990243,C,792,127,,35.5,,0,66.56794738771585,1,1,6,1,0,0,0,0,0,0,1,0,1,1,0,1,1,1,0,0,1,0,1,1,1,1,1,1,0,1,0,1,1,1,0,0,0,1,0,1,1,1,15.43,1,1,0,0,0,0,75,1,0,1,0,1,0,11.1,1,0,0,13.0,3,3,-0.6313123394586149,0.0,0,9,1.0,0,0,0,0.6666666666666666,0.8,0.3333333333333333,0.3333333333333333,0.6,0.625,0.0
5079,Pakistan Institute of Engineering and Applied Sciences,https://www.pieas.edu.pk,Pakistan,South & Central Asia + Oceania,38.62026056340991,C,793,175,20.0,35.4,,0,69.080967745522,1,1,9,1,0,0,0,1,0,0,1,0,1,0,1,1,1,1,1,1,1,0,1,1,1,1,1,1,1,1,1,0,0,1,0,0,0,1,0,1,1,1,5.74,1,0,0,0,0,0,75,1,0,1,0,1,1,68.3,1,0,0,,1,3,0.0863271472178729,0.0,0,9,1.0,1,0,0,0.6666666666666666,0.8,0.3333333333333333,0.6666666666666666,0.6,0.875,0.0
3066,University of Cantabria,https://web.unican.es,Spain,Eastern & Southern Europe,38.59938838478258,C,794,128,22.0,35.3,37.60278212539339,1,58.42107574707264,1,1,5,1,1,0,0,0,0,0,1,0,1,0,1,0,0,0,0,0,1,0,1,1,1,1,1,1,0,0,0,0,1,1,1,0,0,0,1,0,1,0,7.59,1,0,0,0,0,0,75,1,0,1,1,0,0,92.6,1,0,0,,0,0,-0.2637052059656982,0.0,0,9,1.0,1,0,0,0.6,0.4,0.3333333333333333,0.3333333333333333,0.8,0.125,0.0
5147,Federation University Australia,https://www.federation.edu.au,Australia,South & Central Asia + Oceania,38.51086809072557,C,795,176,35.0,35.2,,0,53.83225094230496,1,1,0,0,0,0,0,1,0,0,0,0,0,0,1,1,1,0,0,0,1,0,1,1,0,1,1,1,1,1,1,0,1,1,0,0,0,1,0,1,1,1,21.0,1,1,1,0,0,0,100,1,0,1,1,1,1,50.0,1,1,0,,0,0,-0.5404562397286292,0.0,0,13,0.0,1,0,0,0.6666666666666666,0.8,0.6666666666666666,1.0,0.4,0.375,0.25
1038,Emory University,https://www.emory.edu,United States,North America,38.38457048828801,C,796,175,152.0,35.2,,0,62.48836665693595,1,1,2,1,0,0,0,0,0,0,0,1,1,0,1,1,1,0,1,1,1,0,1,1,1,1,1,1,0,0,1,1,1,1,0,0,0,1,0,1,1,1,21.0,1,1,0,0,0,0,100,1,0,1,0,1,1,37.9,1,1,0,,0,1,0.0647734026557585,0.0,0,13,0.35,1,0,0,0.6666666666666666,0.8,0.6666666666666666,0.6666666666666666,0.6,0.75,0.0
1055,University of Georgia,https://www.uga.edu,United States,North America,38.35148771902741,C,797,176,153.0,35.1,,0,63.53410037400712,1,1,5,1,0,0,0,1,0,0,0,3,1,1,0,1,1,0,1,1,1,0,1,1,1,1,1,1,1,0,1,1,0,0,0,0,0,1,0,1,1,1,15.43,1,0,0,0,1,0,75,1,0,0,1,1,1,22.2,1,1,0,1.0,3,2,0.0570517712503616,0.0,0,9,1.0,0,0,0,0.6,0.8,0.6666666666666666,1.0,0.6,0.75,0.25
5125,Griffith University,https://www.griffith.edu.au,Australia,South & Central Asia + Oceania,38.351006223108655,C,798,177,36.0,35.0,,0,45.0,0,0,0,1,0,1,1,1,0,0,1,3,1,0,0,1,1,0,1,0,1,0,0,1,1,1,1,1,1,1,0,1,1,1,0,0,0,0,0,1,1,1,21.0,1,0,0,0,0,0,75,1,0,1,1,1,1,0.0,1,0,0,0.0,3,2,0.2965089458155387,0.0,0,9,0.0,0,0,0,0.6666666666666666,0.6,0.3333333333333333,1.0,0.4,0.625,0.0
1040,University of Virginia,https://www.virginia.edu,United States,North America,38.30391252617317,C,799,177,154.0,34.9,,0,69.9207045681919,1,1,5,1,0,0,0,0,0,0,1,5,1,1,1,1,1,0,0,1,1,0,1,1,1,1,1,1,1,1,1,0,0,1,0,0,0,0,0,1,1,1,5.74,1,1,0,0,0,0,75,1,0,1,1,1,1,79.2,1,1,0,,1,2,1.9663816557903155,0.0,0,9,1.0,1,0,0,0.6666666666666666,0.6,0.6666666666666666,1.0,0.6,0.625,0.0
4045,Yunnan University,https://www.ynu.edu.cn,China,Asia (East & Southeast),38.259353710927726,C,800,82,4.0,34.8,,0,45.0,1,0,0,1,0,0,0,0,0,0,0,0,1,0,1,1,1,0,1,0,1,0,1,1,1,1,1,1,1,0,1,1,0,1,0,0,0,0,0,1,0,0,21.0,1,0,0,0,0,0,75,0,0,1,1,0,0,77.3,0,0,0,11.0,3,1,1.0027176275210734,0.0,0,9,0.0,0,0,0,0.6666666666666666,0.2,0.0,0.3333333333333333,0.4,0.625,0.0
2150,Molde University College,https://www.himolde.no,Norway,Western & Northern Europe,38.21010764260468,C,801,168,,34.7,,0,62.41255152236892,1,1,1,1,1,1,0,0,0,0,1,8,1,0,1,0,0,1,0,0,0,0,0,1,0,1,1,1,1,1,0,0,1,1,1,0,0,1,0,0,1,0,19.09,0,0,0,0,0,0,75,1,0,1,0,1,0,66.7,1,1,0,0.0,3,1,0.1712360677759573,0.0,0,9,0.15,0,0,0,0.6,0.4,0.6666666666666666,0.3333333333333333,1.0,0.125,0.0
1049,"University of Maryland, College Park",https://umd.edu,United States,North America,38.12382591529895,C,802,178,155.0,34.7,,0,57.484538950374905,1,1,0,0,0,0,0,1,0,0,0,3,1,1,1,0,0,0,1,1,1,0,1,1,1,1,1,1,0,0,0,0,1,1,1,0,0,1,0,0,1,0,21.0,1,1,1,0,0,0,75,1,0,1,1,1,1,100.0,1,0,0,,0,1,-0.2918824911773139,0.0,0,9,0.0,1,0,0,0.6,0.4,0.3333333333333333,1.0,0.4,0.5,0.25
6155,University of Zimbabwe,https://www.uz.ac.zw,Sub-Saharan Africa,Latin America & Africa,37.93196005818822,C,803,70,,34.6,,0,65.15995007349161,1,1,7,1,0,0,0,0,0,0,0,6,1,0,1,0,0,0,0,0,1,0,1,1,1,1,1,1,0,1,1,1,0,1,1,0,1,0,0,1,1,0,5.33,1,0,0,0,0,0,75,1,1,1,1,1,1,47.8,1,0,0,,1,1,-0.1879729728551668,0.6931471805599453,1,9,1.0,1,0,0,0.8,0.4,0.3333333333333333,1.0,0.6,0.25,0.0
5307,IIIT Bangalore,https://www.iiitb.ac.in,India,South & Central Asia + Oceania,37.8894911483355,C,804,178,78.0,34.5,,0,72.58194363218546,1,1,7,1,0,0,0,0,0,0,1,9,1,1,1,1,0,0,0,0,1,0,1,1,1,1,1,1,0,1,1,1,0,1,0,1,0,1,1,1,1,1,2.16,1,1,0,0,0,0,75,1,0,0,1,1,1,78.6,1,1,0,206.0,2,2,-1.018885625641604,0.0,0,9,1.0,0,0,0,0.7333333333333333,1.0,0.6666666666666666,1.0,0.6,0.375,0.0
3106,University of Minho,https://www.uminho.pt,Portugal,Eastern & Southern Europe,37.775511772701535,C,805,129,,34.4,36.36346735123446,1,59.3276328528019,1,1,5,1,1,1,0,0,1,1,1,3,1,0,0,0,1,0,0,1,1,0,1,0,1,1,1,1,1,1,0,1,0,1,1,0,0,0,0,1,1,0,21.0,1,0,0,0,1,0,50,1,0,1,0,1,0,39.5,1,0,0,,1,2,0.2949786202660872,0.0,0,5,1.0,1,0,0,0.6666666666666666,0.4,0.3333333333333333,0.3333333333333333,1.0,0.5,0.25
2106,University of Groningen,https://www.rug.nl,Netherlands,Western & Northern Europe,37.74547804856177,C,806,169,13.0,34.3,,0,64.69744847332518,1,1,6,1,1,0,0,0,0,0,1,0,1,0,1,1,1,0,0,0,0,0,0,1,1,1,1,1,0,1,1,1,1,1,1,0,0,0,0,1,1,1,10.37,0,1,0,0,0,0,50,1,0,1,1,1,0,7.1,1,1,0,,0,1,0.6972603037388193,0.0,0,5,1.0,1,0,0,0.7333333333333333,0.6,0.6666666666666666,0.6666666666666666,0.8,0.375,0.0
3182,University of Nis,https://www.ni.ac.rs,Balkans,Eastern & Southern Europe,37.72001183871557,C,807,130,,34.3,,0,58.73504380847919,1,1,3,1,1,0,0,0,1,1,0,3,1,0,0,1,1,1,1,0,1,0,1,1,1,1,1,1,1,0,0,0,0,1,1,0,0,0,0,1,1,0,21.0,1,1,0,0,0,0,75,1,2,1,1,0,0,72.7,1,0,0,5.0,3,0,1.8794425864644289,1.0986122886681098,1,9,0.6,0,0,0,0.6,0.4,0.3333333333333333,0.3333333333333333,0.8,0.625,0.0
6308,Federal University of Rio Grande,https://www.furg.br,Brazil,Latin America & Africa,37.71328334869627,C,808,71,5.0,34.2,,0,60.15257673962983,1,1,10,1,1,1,0,0,0,0,0,0,1,1,1,1,1,0,0,0,1,0,1,1,0,0,1,1,1,1,0,0,1,1,1,0,0,0,1,0,1,0,12.81,1,1,0,0,0,0,75,1,10,1,1,1,0,66.7,1,1,0,,0,0,-0.7301109209948804,2.3978952727983707,1,9,0.9266666666666666,1,0,0,0.6,0.4,0.6666666666666666,0.6666666666666666,1.0,0.375,0.0
1045,University of Miami,https://www.miami.edu,United States,North America,37.66753263013899,C,809,179,156.0,34.1,34.811335688493735,1,63.797152308464966,1,1,2,1,0,0,0,1,1,1,0,2,1,1,1,1,1,0,0,0,1,0,1,1,1,1,1,1,0,1,1,1,1,0,0,0,0,0,0,1,1,0,20.82,1,0,1,0,0,0,75,1,0,1,1,1,1,91.5,1,1,0,,1,2,0.8479972584518506,0.0,0,9,0.35,1,0,0,0.6666666666666666,0.4,0.6666666666666666,1.0,0.6,0.5,0.25
1189,University of Manitoba,https://umanitoba.ca,Canada,North America,37.63815117172863,C,810,180,24.0,34.0,,0,68.18077950494457,1,1,5,1,0,0,0,0,0,0,1,3,1,1,1,1,1,0,1,0,1,0,1,1,1,1,1,1,1,1,1,1,1,0,0,0,0,1,0,1,1,1,15.91,1,1,0,0,0,1,90,1,0,1,1,1,1,41.2,1,1,0,,0,0,0.399933944198131,0.0,0,12,1.0,1,0,0,0.7333333333333333,0.8,0.6666666666666666,1.0,0.6,0.5,0.25
6081,University of Chile,https://www.uchile.cl,Chile,Latin America & Africa,37.59836715473118,C,811,72,,33.9,,0,56.48554775907625,1,1,7,1,1,0,0,0,1,0,1,0,0,1,0,0,0,0,0,0,1,0,1,1,1,1,1,1,0,1,0,0,0,1,0,0,0,1,0,1,1,1,21.0,1,1,0,0,0,0,75,1,0,1,1,1,1,40.0,1,0,0,,0,0,1.529712731889912,0.0,0,9,1.0,1,0,0,0.5333333333333333,0.8,0.3333333333333333,1.0,0.8,0.125,0.0
6143,Kenyatta University,https://www.ku.ac.ke,Sub-Saharan Africa,Latin America & Africa,37.5866030682878,C,812,73,,33.8,,0,45.0,1,0,0,1,0,0,0,1,1,0,0,0,1,0,1,0,0,0,0,1,1,0,1,1,1,1,1,1,0,1,1,1,0,1,1,0,0,1,0,1,1,1,5.33,1,1,0,0,0,0,90,1,0,0,1,1,1,18.8,1,0,0,6.0,3,2,1.6338020911196465,0.0,0,12,0.0,0,0,0,0.7333333333333333,0.8,0.3333333333333333,1.0,0.4,0.375,0.0
1150,Carleton College,https://www.carleton.edu,Canada,North America,37.53325626300985,C,813,181,25.0,33.8,34.2704520175623,1,45.0,1,0,0,1,0,0,0,1,0,0,1,10,1,1,1,0,0,0,0,0,1,0,1,1,1,1,0,1,1,1,1,1,0,1,0,0,0,1,0,0,0,1,12.63,1,0,0,0,0,0,90,1,0,1,1,0,1,100.0,1,1,0,,1,1,-1.1341663925876595,0.0,0,12,0.0,1,0,0,0.6666666666666666,0.4,0.6666666666666666,0.6666666666666666,0.4,0.25,0.0
3191,Plovdiv University Paisii Hilendarski,https://www.uni-plovdiv.bg,Bulgaria & Slovakia,Eastern & Southern Europe,37.47547676056918,C,814,131,,33.7,,0,52.49905454683053,1,1,7,1,0,0,0,0,0,0,0,0,1,0,1,1,1,0,0,0,1,1,1,0,1,1,0,1,1,1,0,0,0,0,0,0,0,0,0,1,1,0,21.0,1,0,0,0,0,0,75,1,0,1,1,1,1,92.7,1,0,0,,0,2,-0.5521160786523736,0.0,0,9,1.0,1,0,0,0.4,0.4,0.3333333333333333,1.0,0.6,0.625,0.0
2186,KU Leuven,https://www.kuleuven.be,Belgium/Ireland/Iceland,Western & Northern Europe,37.465001034769415,C,815,170,,33.6,,0,57.14121875130972,1,1,2,1,1,0,0,0,0,0,1,0,1,0,1,0,0,1,0,0,1,0,0,0,1,0,1,1,0,0,1,1,1,1,1,0,0,0,0,1,1,0,12.63,1,0,0,0,0,0,75,1,0,1,1,1,0,100.0,1,1,0,,0,1,-0.1571644603136115,0.0,0,9,0.35,1,0,0,0.5333333333333333,0.4,0.6666666666666666,0.6666666666666666,0.8,0.375,0.0
4203,Far Eastern University,https://www.feu.edu.ph,Philippines,Asia (East & Southeast),37.452016743278726,C,816,83,,33.5,,0,68.35878709696165,1,1,4,1,0,0,0,0,1,1,1,0,1,1,1,1,1,0,0,0,1,0,1,1,1,1,1,1,1,1,0,1,1,1,0,0,0,1,0,1,1,1,5.47,1,1,0,0,0,0,90,1,1,0,1,1,1,0.0,1,0,0,22.0,3,2,0.4116838165050525,0.6931471805599453,1,12,0.85,0,0,0,0.7333333333333333,0.8,0.3333333333333333,1.0,0.6,0.5,0.0
4157,International Islamic University Malaysia,https://www.iium.edu.my,Malaysia,Asia (East & Southeast),37.417709107909786,C,817,84,,33.4,,0,59.84584608877964,1,1,9,1,0,0,0,0,0,0,1,0,1,1,1,1,0,0,0,0,1,0,1,1,0,1,1,0,1,1,0,1,0,1,0,0,0,1,1,0,1,1,21.0,1,1,0,0,1,0,90,1,0,1,0,1,0,26.3,1,1,0,0.0,3,0,0.4935595010127178,0.0,0,12,1.0,0,0,0,0.5333333333333333,0.8,0.6666666666666666,0.3333333333333333,0.6,0.25,0.25
5161,University of Sri Jayewardenepura,https://www.sjp.ac.lk,Sri Lanka,South & Central Asia + Oceania,37.395889699700824,C,818,179,,33.4,,0,45.0,1,0,0,1,0,0,0,1,0,0,1,2,1,0,1,0,0,0,1,0,1,0,1,1,1,1,1,1,0,1,1,1,0,1,1,0,0,1,0,1,1,1,7.57,1,1,0,0,0,0,90,1,0,0,1,1,1,24.1,1,0,0,,1,2,-0.4151649885801374,0.0,0,12,0.0,1,0,0,0.7333333333333333,0.8,0.3333333333333333,1.0,0.4,0.375,0.0
1069,Florida State University,https://www.fsu.edu,United States,North America,37.34636075912661,C,819,182,157.0,33.3,,0,67.65866218017342,1,1,3,1,0,0,0,1,0,0,1,0,1,1,1,0,0,1,0,1,1,0,1,1,1,1,1,1,0,1,1,1,1,0,0,0,0,0,0,1,1,1,9.0,1,1,1,0,0,0,75,1,0,0,1,0,1,50.0,1,0,0,0.0,3,3,-0.1723015507640016,0.0,0,9,0.6,0,0,0,0.6666666666666666,0.6,0.3333333333333333,0.6666666666666666,0.6,0.5,0.25
3304,University of Burgos,https://www.ubu.es,Spain,Eastern & Southern Europe,37.331992020365426,C,820,132,23.0,33.2,,0,50.33732966337581,1,1,8,0,1,1,0,0,0,0,0,0,0,1,0,1,1,0,0,1,1,0,0,1,0,1,1,1,0,0,0,1,0,1,1,0,0,1,0,0,1,1,14.07,1,1,0,0,0,0,75,1,0,1,0,1,0,100.0,1,0,0,,0,1,-0.8175402815358768,0.0,0,9,1.0,1,0,0,0.4666666666666667,0.6,0.3333333333333333,0.3333333333333333,0.8,0.5,0.0
4118,Dongguk University,https://www.dongguk.edu,South Korea,Asia (East & Southeast),37.2812310211446,C,821,85,13.0,33.1,,0,45.0,1,0,0,1,0,0,0,1,0,0,1,3,1,1,1,1,1,1,1,1,1,0,1,1,1,1,1,1,1,1,1,1,1,1,1,0,0,0,1,1,1,0,21.0,1,0,0,0,1,0,75,1,3,1,1,1,1,24.4,1,0,0,221.0,2,1,-0.2342690654460851,1.3862943611198906,1,9,0.0,0,0,0,0.8666666666666667,0.6,0.3333333333333333,1.0,0.4,0.875,0.25
5086,Bahria University,https://www.bahria.edu.pk,Pakistan,South & Central Asia + Oceania,37.27504017649398,C,822,180,21.0,33.0,35.459662038667624,1,45.0,1,0,0,0,0,0,0,1,0,0,0,4,1,1,1,1,1,1,1,1,1,0,1,1,0,1,1,1,1,1,1,1,1,1,1,0,0,0,0,1,1,0,15.43,1,0,0,0,0,0,75,1,0,1,0,0,0,65.5,1,1,0,,1,3,-0.9403741366712696,0.0,0,9,0.0,1,0,0,0.8,0.4,0.6666666666666666,0.0,0.2,0.875,0.0
3185,University of Primorska,https://www.upr.si,Balkans,Eastern & Southern Europe,37.256784079012824,C,823,133,,33.0,,0,70.6773539309882,1,1,6,1,0,0,0,1,0,0,1,0,1,1,1,0,0,0,0,0,1,0,0,1,1,1,1,1,1,1,0,1,1,1,0,0,0,1,0,0,1,1,9.79,1,1,0,1,0,0,100,1,0,1,1,1,1,71.4,1,1,0,,1,1,-0.9570765505754452,0.0,0,13,1.0,1,0,0,0.6666666666666666,0.6,0.6666666666666666,1.0,0.6,0.25,0.25
4095,Kwansei Gakuin University,https://www.kwansei.ac.jp,Japan,Asia (East & Southeast),37.22981611723599,C,824,86,19.0,32.9,,0,69.88052157796201,1,1,3,0,1,0,0,0,1,1,1,7,1,1,1,1,1,0,1,1,1,0,1,1,1,1,1,1,1,0,0,1,0,1,0,0,1,1,1,1,1,1,12.63,1,1,0,0,0,1,50,1,0,1,1,0,1,7.4,1,0,0,83.0,3,0,-0.1835745384290539,0.0,0,5,0.6,0,0,0,0.6666666666666666,1.0,0.3333333333333333,0.6666666666666666,0.6,0.625,0.25
2109,Radboud University,https://www.ru.nl,Netherlands,Western & Northern Europe,37.17887693059391,C,825,171,14.0,32.8,,0,61.28549750006543,1,1,1,1,1,0,0,0,0,0,1,0,1,0,1,1,1,1,0,0,1,0,0,1,0,1,1,1,0,0,1,1,0,1,0,0,0,0,0,1,1,1,12.21,1,1,0,0,0,0,100,1,2,1,1,1,0,100.0,1,0,0,0.0,3,3,-1.2690105117434318,1.0986122886681098,1,13,0.15,0,0,0,0.4666666666666667,0.6,0.3333333333333333,0.6666666666666666,0.8,0.625,0.0
4010,Huazhong University of Science and Technology,https://www.hust.edu.cn,China,Asia (East & Southeast),37.14608873352686,C,826,87,5.0,32.7,,0,45.0,1,0,0,1,0,0,0,0,1,1,1,3,1,1,1,1,1,0,1,0,1,0,1,1,1,1,1,1,1,1,0,1,1,1,0,0,1,0,0,1,1,0,12.63,1,0,0,0,0,0,75,0,2,1,0,0,0,1.2,0,0,0,19.0,3,2,-0.1002906726153601,1.0986122886681098,1,9,0.0,0,0,0,0.8,0.4,0.0,0.0,0.4,0.625,0.0
6533,University of Uyo,https://www.uniuyo.edu.ng,Sub-Saharan Africa,Latin America & Africa,37.018546760868155,C,827,74,,32.6,,0,66.59013459607772,1,1,20,1,1,0,0,0,0,0,1,0,1,1,1,0,0,1,0,0,1,0,1,1,1,1,1,1,0,1,1,1,0,1,0,0,0,1,0,1,0,1,12.63,1,1,0,0,0,0,75,1,0,1,0,1,1,59.5,1,0,0,,0,1,-0.0571218027273948,0.0,0,9,0.45,1,0,0,0.6666666666666666,0.6,0.3333333333333333,0.6666666666666666,0.8,0.375,0.0
4208,Duy Tan University,https://www.duytan.edu.vn,Vietnam,Asia (East & Southeast),36.95235177585562,C,828,88,,32.5,42.28435302422389,1,45.0,1,0,0,1,0,0,1,1,1,2,1,0,1,0,1,1,1,1,1,0,1,0,1,1,0,1,1,1,0,0,0,1,1,1,0,0,0,0,1,1,1,0,15.43,1,0,0,0,0,0,100,1,0,1,0,1,1,92.5,0,0,0,4.0,3,0,-0.6378135940022922,0.0,0,13,0.0,0,0,0,0.5333333333333333,0.6,0.0,0.6666666666666666,0.4,0.625,0.0
2123,Uppsala University,https://www.uu.se,Sweden,Western & Northern Europe,36.942312317672595,C,829,172,,32.5,,0,69.26551960679011,1,1,4,1,1,0,0,0,0,0,0,9,1,0,1,1,1,1,1,0,1,0,0,1,1,1,1,1,0,1,1,1,1,1,0,0,0,1,0,1,1,0,6.93,1,1,0,0,0,0,90,1,0,1,1,1,1,31.0,1,0,0,0.0,3,1,3.185423002128771,0.0,0,12,0.85,0,0,0,0.6666666666666666,0.6,0.3333333333333333,1.0,0.8,0.625,0.0
6076,University of Rosario,https://www.urosario.edu.co,Colombia,Latin America & Africa,36.94174968446801,C,830,75,,32.4,,0,57.891130297951314,1,1,8,1,1,0,1,1,0,0,1,10,0,0,0,1,1,0,0,0,1,0,0,1,1,1,1,1,0,0,0,1,0,1,0,0,0,1,0,0,1,1,12.63,1,1,1,0,0,0,100,1,4,1,1,1,1,72.9,1,0,0,0.0,3,1,-0.0664180107235553,1.6094379124341005,1,13,1.0,0,0,0,0.4666666666666667,0.6,0.3333333333333333,1.0,0.8,0.375,0.25
5314,MNNIT Allahabad,https://www.mnnit.ac.in,India,South & Central Asia + Oceania,36.91116816446143,C,831,181,79.0,32.3,,0,45.0,1,0,0,1,0,0,0,0,0,0,1,0,1,0,1,0,0,1,0,0,1,0,1,1,1,1,1,1,0,1,1,1,1,1,1,0,0,0,0,1,0,0,11.29,1,0,0,0,0,0,75,1,0,1,1,1,1,29.8,0,0,0,3.0,3,1,0.0406923442538661,0.0,0,9,0.0,0,0,0,0.8,0.2,0.0,1.0,0.4,0.375,0.0
4178,Bina Nusantara University,https://www.binus.ac.id,Indonesia,Asia (East & Southeast),36.873973906550475,C,832,89,,32.2,,0,55.97350747552643,1,1,4,1,0,0,0,0,1,1,1,0,1,0,0,1,1,1,0,1,1,0,1,1,1,1,1,1,1,0,0,0,0,0,0,0,0,1,1,0,0,0,15.91,1,1,0,0,0,0,75,1,0,0,0,1,0,87.5,1,0,0,8.0,3,3,0.0807612095883222,0.0,0,9,0.85,0,0,0,0.4666666666666667,0.4,0.3333333333333333,0.3333333333333333,0.6,0.75,0.0
2041,Ludwig Maximilian University of Munich,https://www.lmu.de,Germany,Western & Northern Europe,36.871473555629684,C,833,173,31.0,32.1,,0,51.99247789849652,1,1,3,1,0,0,0,1,0,0,0,3,1,0,1,0,0,0,0,0,0,0,0,0,0,0,1,1,0,0,1,0,0,1,0,0,0,1,1,1,1,1,21.0,0,1,0,0,0,0,90,1,0,1,1,1,1,85.7,1,1,0,,0,1,-0.7369092859935681,0.0,0,12,0.6,1,0,0,0.2666666666666666,1.0,0.6666666666666666,1.0,0.6,0.0,0.0
2002,University of Cambridge,https://www.cam.ac.uk,United Kingdom,Western & Northern Europe,36.78477932602213,C,834,174,37.0,32.1,,0,59.55363962949664,1,1,2,0,0,0,0,0,0,0,0,0,1,0,1,1,1,0,0,0,1,0,1,1,1,1,1,1,0,1,1,1,1,1,0,0,0,0,0,1,1,0,15.43,1,0,0,0,0,0,75,1,0,1,1,1,1,72.7,1,1,0,,0,2,-1.2789767749941146,0.0,0,9,0.35,1,0,0,0.7333333333333333,0.4,0.6666666666666666,1.0,0.4,0.5,0.0
1121,University of New Hampshire,https://www.unh.edu,United States,North America,36.7302979652915,C,835,183,158.0,32.0,,0,68.58618864596939,1,1,4,1,0,0,0,0,0,0,1,0,1,0,1,0,0,1,1,0,1,0,1,1,1,1,1,1,0,1,0,1,1,1,0,0,0,1,0,1,1,1,16.54,1,1,0,0,0,0,100,1,0,1,1,1,0,44.1,1,1,0,185.0,2,1,-0.2829087033277985,0.0,0,13,0.85,0,0,0,0.6666666666666666,0.8,0.6666666666666666,0.6666666666666666,0.6,0.5,0.0
2136,University of Oslo,https://www.uio.no,Norway,Western & Northern Europe,36.68025241623409,C,836,175,,31.9,,0,57.12792843335578,1,1,1,1,1,0,0,0,1,1,1,0,1,0,0,1,1,1,0,0,0,0,0,1,0,1,1,1,0,1,0,0,0,1,1,0,0,1,0,0,1,0,21.0,0,0,0,0,0,0,75,1,0,1,1,1,0,100.0,1,1,0,0.0,3,1,-0.7150321227603622,0.0,0,9,0.15,0,0,0,0.4666666666666667,0.4,0.6666666666666666,0.6666666666666666,0.8,0.375,0.0
3142,University of South Bohemia,https://www.jcu.cz,Czechia,Eastern & Southern Europe,36.617736809718835,C,837,134,,31.8,19.873599176355874,1,71.53179496865997,1,1,0,1,1,0,0,0,0,0,1,10,1,1,1,0,0,1,1,0,1,0,1,1,1,1,1,1,1,1,1,1,1,1,1,0,0,0,0,1,1,0,16.67,1,1,0,0,0,0,90,1,1,1,0,1,1,2.4,1,1,0,0.0,3,1,-0.0620330951144299,0.6931471805599453,1,12,0.0,0,0,0,0.8666666666666667,0.4,0.6666666666666666,0.6666666666666666,0.8,0.5,0.0
2014,University of Birmingham,https://www.birmingham.ac.uk,United Kingdom,Western & Northern Europe,36.605400654184315,C,838,176,38.0,31.7,,0,45.0,1,0,0,1,0,0,0,0,0,0,0,1,1,0,0,1,1,0,0,0,1,0,0,1,1,1,1,1,0,0,1,1,0,1,1,0,0,1,0,1,1,1,21.0,1,1,0,0,0,1,90,1,0,1,1,1,0,38.1,1,1,0,1.0,3,1,-1.391522625849385,0.0,0,12,0.0,0,0,0,0.6,0.8,0.6666666666666666,0.6666666666666666,0.4,0.5,0.25
3195,Technical University of Kosice,https://www.tuke.sk,Bulgaria & Slovakia,Eastern & Southern Europe,36.60407283722687,C,839,135,,31.6,,0,58.91424076906772,1,1,2,0,1,0,0,0,0,0,0,10,1,0,1,1,0,1,0,0,1,0,0,1,1,1,1,1,0,1,0,0,1,0,0,0,0,0,0,1,1,0,21.0,1,0,1,0,0,0,90,1,0,1,1,1,1,100.0,1,1,0,14.0,3,1,-0.8340619504569067,0.0,0,12,0.35,0,0,0,0.4666666666666667,0.4,0.6666666666666666,1.0,0.6,0.375,0.25
2112,Vrije Universiteit Amsterdam,https://vu.nl,Netherlands,Western & Northern Europe,36.52972329071102,C,840,177,15.0,31.6,38.42699135748782,1,45.0,1,0,0,0,1,0,0,1,0,0,1,0,1,1,1,1,1,0,0,0,1,0,1,1,1,1,1,1,0,1,1,1,1,1,1,1,0,0,0,1,0,0,11.04,1,0,0,0,0,0,75,1,0,0,1,1,0,0.0,1,1,0,0.0,3,1,0.8943978524291526,0.0,0,9,0.0,0,0,0,0.8666666666666667,0.2,0.6666666666666666,0.6666666666666666,0.4,0.5,0.0
4207,Ton Duc Thang University,https://www.tdtu.edu.vn,Vietnam,Asia (East & Southeast),36.46759053818511,C,841,90,,31.5,,0,64.76663992054924,1,1,6,0,1,0,0,1,1,1,0,3,1,0,1,1,1,1,1,1,1,0,1,1,1,1,1,1,1,0,0,0,0,1,0,0,0,0,0,1,1,1,15.43,1,1,0,0,0,0,75,1,0,0,1,1,1,13.6,1,0,0,4.0,3,3,0.0015007189347101,0.0,0,9,1.0,0,0,0,0.5333333333333333,0.6,0.3333333333333333,1.0,0.6,0.875,0.0
2171,University of Jyvaskyla,https://www.jyu.fi,Finland,Western & Northern Europe,36.37454629726061,C,842,178,,31.4,,0,63.8567270391419,1,1,3,1,1,0,0,0,0,0,0,6,1,1,1,1,1,1,0,0,1,0,0,1,1,0,1,0,0,1,1,0,1,1,1,0,0,1,0,0,1,1,21.0,1,1,0,0,1,0,100,1,0,1,1,1,0,54.5,1,0,1,0.0,3,1,0.0020526721058317,0.0,0,13,0.6,0,0,0,0.5333333333333333,0.6,0.6666666666666666,0.6666666666666666,0.8,0.5,0.25
2153,Technical University of Denmark,https://www.dtu.dk,Denmark,Western & Northern Europe,36.373999849270334,C,843,179,,31.3,,0,56.55989954214783,0,1,7,1,1,0,0,0,1,1,0,3,1,1,0,1,1,0,0,1,0,0,0,0,1,0,1,1,0,1,1,1,0,1,1,0,0,1,0,1,1,1,21.0,0,0,0,0,0,0,90,1,0,1,1,0,0,40.0,1,0,0,,0,1,0.5319661815323747,0.0,0,12,1.0,1,0,0,0.5333333333333333,0.8,0.3333333333333333,0.3333333333333333,0.6,0.375,0.0
4150,University of Malaya,https://www.um.edu.my,Malaysia,Asia (East & Southeast),36.334137158988796,C,844,91,,31.2,,0,45.0,1,0,0,1,0,0,0,1,0,0,0,0,1,0,1,1,1,0,1,0,1,1,1,1,1,1,1,1,1,0,1,1,0,1,0,0,1,0,1,1,1,1,5.33,1,1,0,0,0,0,75,1,3,0,1,1,0,27.3,1,0,0,0.0,3,1,0.0071334441588248,1.3862943611198906,1,9,0.0,0,0,0,0.7333333333333333,0.8,0.3333333333333333,0.6666666666666666,0.4,0.625,0.0
3127,Panteion University,https://www.panteion.gr,Greece,Eastern & Southern Europe,36.32064542692629,C,845,136,,31.2,,0,63.67342065680966,1,1,5,1,1,0,0,0,0,0,0,10,1,1,1,1,1,0,0,1,1,0,1,1,1,1,1,1,0,1,0,1,0,1,0,0,0,0,0,1,1,0,21.0,1,1,0,0,0,0,90,1,0,1,0,1,0,71.9,1,0,0,,1,2,2.627946021930222,0.0,0,12,1.0,1,0,0,0.6,0.4,0.3333333333333333,0.3333333333333333,0.8,0.625,0.0
4126,National Yang Ming Chiao Tung University,https://www.nycu.edu.tw,Taiwan,Asia (East & Southeast),36.30899324669146,C,846,92,,31.1,32.28943059933613,1,64.33926067560783,1,1,10,1,0,0,0,1,0,0,0,3,1,1,1,1,1,0,1,0,1,0,1,1,1,1,1,0,0,1,0,1,1,1,0,0,0,1,1,1,1,1,15.43,1,1,0,0,0,0,75,1,0,1,0,1,0,69.2,1,0,0,1.0,3,0,-1.05906097326286,0.0,0,9,0.9266666666666666,0,0,0,0.6,1.0,0.3333333333333333,0.3333333333333333,0.6,0.5,0.0
5092,Bangladesh University of Engineering and Technology,https://www.buet.ac.bd,Bangladesh,South & Central Asia + Oceania,36.27844927976582,C,847,182,18.0,31.0,,0,63.62412979895004,1,1,9,0,0,0,1,1,0,0,1,4,1,0,1,0,0,1,1,0,1,0,1,1,1,1,1,1,1,1,0,1,1,0,1,0,0,0,0,1,1,1,9.74,1,1,0,0,1,0,75,1,6,1,1,1,0,66.7,1,0,0,260.0,2,3,-0.3595526838928173,1.9459101490553128,1,9,1.0,0,0,0,0.7333333333333333,0.6,0.3333333333333333,0.6666666666666666,0.4,0.5,0.25
4023,South China University of Technology,https://www.scut.edu.cn,China,Asia (East & Southeast),36.15729588565171,C,848,93,6.0,30.9,,0,52.38383779908499,1,1,2,0,0,0,0,1,0,0,1,1,1,0,1,1,0,0,1,0,1,0,1,1,1,1,1,1,1,1,0,1,1,1,0,1,0,0,0,1,0,0,12.21,1,1,0,0,0,0,75,1,2,0,0,0,0,0.0,0,0,0,18.0,3,1,-0.5408502526443203,1.0986122886681098,1,9,0.35,0,0,0,0.8,0.2,0.0,0.0,0.4,0.5,0.0
4081,Shinshu University,https://www.shinshu-u.ac.jp,Japan,Asia (East & Southeast),36.01831332516954,C,849,94,20.0,30.8,,0,60.31726531090548,1,1,7,1,0,0,0,1,0,0,0,0,0,0,1,0,0,1,0,0,1,0,1,1,1,1,1,1,1,0,0,1,1,1,0,0,0,0,1,1,1,1,21.0,1,1,0,0,0,0,75,1,0,1,1,0,0,46.7,0,0,0,,1,1,-1.2592238874769308,0.0,0,9,1.0,1,0,0,0.6666666666666666,0.8,0.0,0.3333333333333333,0.6,0.25,0.0
3086,University of Silesia in Katowice,https://www.us.edu.pl,Poland,Eastern & Southern Europe,36.008087970027674,C,850,137,19.0,30.8,,0,45.0,1,0,0,1,1,0,0,1,0,0,1,0,1,0,1,0,0,0,1,0,1,0,1,1,1,1,1,1,0,1,0,0,0,1,0,0,0,1,1,1,1,1,13.65,1,1,0,0,0,0,90,1,0,1,1,1,0,100.0,1,1,0,71.0,3,1,1.2975925070716343,0.0,0,12,0.0,0,0,0,0.5333333333333333,1.0,0.6666666666666666,0.6666666666666666,0.6,0.375,0.0
5408,NIT Jalandhar,https://www.nitj.ac.in,India,South & Central Asia + Oceania,35.98411159985273,C,851,183,80.0,30.7,,0,45.0,1,0,0,1,0,0,0,1,1,1,1,4,1,0,1,1,1,0,1,0,1,0,1,1,1,1,1,1,1,1,1,1,1,1,1,1,0,0,0,1,1,0,20.19,1,1,1,0,1,0,75,1,5,1,0,1,1,14.9,1,0,0,78.0,3,1,0.0658814469651817,1.791759469228055,1,9,0.0,0,0,0,0.9333333333333332,0.4,0.3333333333333333,0.6666666666666666,0.4,0.625,0.5
3200,Tallinn University of Technology,https://www.taltech.ee,Baltics,Eastern & Southern Europe,35.97032733132367,C,852,138,,30.6,41.88661936396464,1,50.2432996791838,1,1,6,0,1,0,0,0,0,0,0,10,0,0,1,1,1,1,0,0,1,0,0,1,0,0,1,1,0,0,0,0,1,0,0,0,0,1,0,1,1,1,15.91,1,1,0,0,1,0,100,1,0,1,1,1,1,71.9,1,0,0,0.0,3,1,-1.0091557243482572,0.0,0,13,1.0,0,0,0,0.2666666666666666,0.8,0.3333333333333333,1.0,0.6,0.5,0.25
3082,Wroclaw University of Science and Technology,https://www.pwr.edu.pl,Poland,Eastern & Southern Europe,35.920796474889286,C,853,139,20.0,30.5,,0,67.06203252312488,1,1,8,1,1,0,0,1,0,0,0,1,1,1,1,0,0,1,0,0,1,0,1,0,1,1,1,0,0,1,0,0,1,1,0,0,0,0,1,1,1,1,15.43,1,0,0,0,0,0,90,1,0,1,1,1,0,87.1,1,1,0,6.0,3,1,0.0347623347598651,0.0,0,12,1.0,0,0,0,0.4666666666666667,0.8,0.6666666666666666,0.6666666666666666,0.8,0.375,0.0
3184,University of Maribor,https://www.um.si,Balkans,Eastern & Southern Europe,35.91878323398755,C,854,140,,30.4,,0,69.16252255492827,1,1,4,1,1,0,0,1,0,0,1,0,1,0,1,1,1,1,1,0,1,1,1,1,1,1,1,1,0,1,0,0,0,0,0,0,0,1,0,1,1,1,21.0,1,1,0,0,0,0,75,1,0,1,1,1,1,15.0,1,1,0,13.0,3,3,-0.2019285308696728,0.0,0,9,0.85,0,0,0,0.4666666666666667,0.8,0.6666666666666666,1.0,0.8,0.875,0.0
3108,ISCTE University Institute of Lisbon,https://www.iscte-iul.pt,Portugal,Eastern & Southern Europe,35.91005046871328,C,855,141,,30.3,,0,56.29802652224706,1,1,6,1,1,0,0,1,0,0,1,6,1,0,1,1,1,0,0,0,1,0,1,1,1,0,1,1,1,1,0,1,0,0,0,0,0,0,0,1,1,0,21.0,1,0,0,0,0,0,75,1,0,1,1,1,0,100.0,1,0,0,228.0,2,1,0.1940527731615347,0.0,0,9,1.0,0,0,0,0.5333333333333333,0.4,0.3333333333333333,0.6666666666666666,0.8,0.5,0.0
1098,University of Arkansas,https://www.uark.edu,United States,North America,35.837811994959274,C,856,184,159.0,30.3,,0,57.76199941937544,1,1,1,1,0,0,0,1,1,0,1,7,1,0,1,1,1,0,0,1,1,0,1,1,0,1,1,0,1,1,1,1,0,1,0,0,0,1,0,1,1,1,15.43,1,1,0,0,0,1,90,1,1,1,0,1,1,77.8,1,1,0,,0,2,0.2864050932647245,0.6931471805599453,1,12,0.15,1,0,0,0.6,0.8,0.6666666666666666,0.6666666666666666,0.6,0.625,0.25
6322,University of Lima,https://www.ulima.edu.pe,Peru & Andes,Latin America & Africa,35.76145204160351,C,857,76,,30.2,,0,60.42210967962875,1,1,1,1,1,0,0,0,1,1,1,10,1,0,1,1,1,0,1,1,1,0,1,1,1,1,1,1,1,1,1,1,0,0,0,0,0,1,0,1,1,1,21.0,1,1,1,0,1,0,75,1,0,1,1,1,0,12.9,1,0,0,,0,0,-0.427139051301837,0.0,0,9,0.15,1,0,0,0.6666666666666666,0.8,0.3333333333333333,0.6666666666666666,0.8,0.625,0.5
2175,University of Vaasa,https://www.uwasa.fi,Finland,Western & Northern Europe,35.65774467305415,C,858,180,,30.1,,0,56.53078424507944,1,1,9,1,1,0,0,1,1,2,0,10,1,0,1,1,0,1,0,0,1,0,0,1,0,0,1,0,0,1,1,1,1,1,0,0,0,1,0,0,1,1,21.0,1,1,0,0,0,0,100,1,0,1,0,1,0,100.0,1,0,0,0.0,3,1,0.9179765728027188,0.0,0,13,1.0,0,0,0,0.4666666666666667,0.6,0.3333333333333333,0.3333333333333333,0.8,0.375,0.0
3100,Kazimierz Wielki University,https://www.ukw.edu.pl,Poland,Eastern & Southern Europe,35.533723671262365,C,859,142,21.0,30.0,,0,50.597722180384366,1,1,3,1,0,0,0,0,0,0,0,3,1,0,0,1,1,1,0,0,1,0,0,1,0,1,1,1,1,0,0,0,0,1,0,0,0,1,0,0,0,0,21.0,1,1,0,0,0,0,75,1,0,1,1,1,0,94.7,1,0,0,7.0,3,0,1.3076491751105226,0.0,0,9,0.6,0,0,0,0.4,0.2,0.3333333333333333,0.6666666666666666,0.6,0.5,0.0
5167,Tribhuvan University,https://www.tribhuvan-university.edu.np,Nepal,South & Central Asia + Oceania,35.41681215417177,C,860,184,,29.9,,0,58.41637660894052,1,1,8,1,0,0,0,0,1,1,0,1,1,0,0,1,1,0,0,0,1,0,1,1,1,1,1,1,1,1,0,1,0,1,0,0,0,1,0,1,1,1,15.43,1,1,0,0,0,0,75,1,0,1,0,1,0,42.9,1,0,0,,1,2,0.954533362748153,0.0,0,9,1.0,1,0,0,0.6666666666666666,0.8,0.3333333333333333,0.3333333333333333,0.6,0.5,0.0
2159,VIA University College,https://www.via.dk,Denmark,Western & Northern Europe,35.30089453311649,C,861,181,,29.9,,0,53.22470812973236,1,1,6,0,1,0,0,1,0,0,0,5,1,0,0,1,1,1,0,0,1,0,0,0,0,1,1,1,0,1,1,1,0,1,1,0,0,0,0,0,1,1,12.08,1,0,1,0,1,0,75,1,0,1,1,1,0,85.7,1,0,0,,0,1,0.0715734352691304,0.0,0,9,1.0,1,0,0,0.5333333333333333,0.4,0.3333333333333333,0.6666666666666666,0.6,0.625,0.5
6506,University of Caxias do Sul,https://www.ucs.br,Brazil,Latin America & Africa,35.30050705933815,C,862,77,6.0,29.8,,0,59.40062400098164,1,1,4,0,0,0,0,1,1,0,1,9,1,0,1,1,1,0,0,1,1,0,1,1,1,1,1,1,1,1,1,1,0,0,0,0,0,1,0,1,1,1,15.43,1,0,0,0,0,0,90,1,0,1,1,0,1,39.6,1,0,0,,1,1,-0.3788269400490645,0.0,0,12,0.85,1,0,0,0.6666666666666666,0.8,0.3333333333333333,0.6666666666666666,0.4,0.625,0.0
3164,Vinnytsia National Technical University,https://www.vntu.edu.ua,Ukraine,Eastern & Southern Europe,35.26284178683593,C,863,143,,29.7,,0,66.29402200298121,1,1,2,1,1,0,0,0,1,1,1,4,1,0,1,1,1,1,1,0,1,0,1,1,1,1,1,1,0,1,1,1,1,1,0,0,0,0,1,1,1,0,10.73,1,0,0,0,0,0,75,1,0,1,1,1,1,13.7,1,0,0,,0,1,-0.1448210230774171,0.0,0,9,0.35,1,0,0,0.7333333333333333,0.6,0.3333333333333333,1.0,0.8,0.75,0.0
3166,Odesa I. I. Mechnikov National University,https://www.onu.edu.ua,Ukraine,Eastern & Southern Europe,35.242247179458964,C,864,144,,29.6,33.69858104468472,1,68.85994929648153,1,1,5,1,1,0,0,1,0,0,1,0,1,0,1,0,0,1,1,0,1,0,1,1,1,1,1,1,1,1,1,1,0,0,0,0,0,0,1,1,1,0,7.46,0,1,0,0,0,0,75,1,0,1,1,1,1,94.4,1,0,0,109.0,2,1,-0.8987119592783285,0.0,0,9,1.0,0,0,0,0.6666666666666666,0.6,0.3333333333333333,1.0,0.8,0.5,0.0
1124,Fordham University,https://www.fordham.edu,United States,North America,35.212179931750676,C,865,185,160.0,29.5,,0,63.94831260265183,1,1,1,1,0,0,0,0,0,0,0,3,1,1,1,0,0,0,0,1,1,0,1,1,1,1,1,1,1,1,1,1,1,0,0,0,0,0,0,0,1,1,12.63,1,1,0,0,1,0,90,1,0,1,1,1,1,72.2,1,1,0,,1,1,0.7100513568581345,0.0,0,12,0.15,1,0,0,0.7333333333333333,0.4,0.6666666666666666,1.0,0.6,0.375,0.25
3187,University of Kragujevac,https://www.kg.ac.rs,Balkans,Eastern & Southern Europe,35.09263368180804,C,866,145,,29.4,,0,43.34058346761469,0,1,0,0,1,0,0,0,0,0,1,0,0,0,1,1,1,0,1,0,1,0,0,0,0,1,1,1,1,0,0,1,0,0,0,0,1,0,0,0,0,0,21.0,1,0,0,0,0,0,75,1,0,0,1,1,0,100.0,1,0,0,0.0,3,0,-1.1576711612796895,0.0,0,9,0.0,0,0,0,0.4,0.0,0.3333333333333333,0.6666666666666666,0.4,0.5,0.0
4078,Hitotsubashi University,https://www.hit-u.ac.jp,Japan,Asia (East & Southeast),35.09157095872035,C,867,95,21.0,29.4,,0,64.30103118208984,1,1,6,1,0,0,0,0,0,0,1,10,1,0,1,1,1,1,1,0,1,0,1,1,1,1,1,1,0,1,0,1,0,1,0,0,0,1,1,1,1,1,21.0,1,1,0,0,0,0,50,1,0,0,1,1,0,14.1,0,0,0,,1,3,-0.3068909870855619,0.0,0,5,1.0,1,0,0,0.6,1.0,0.0,0.6666666666666666,0.6,0.75,0.0
2037,"Royal Holloway, University of London",https://www.royalholloway.ac.uk,United Kingdom,Western & Northern Europe,34.95079873083339,D,868,182,39.0,29.3,,0,65.79732592100467,1,1,4,1,0,0,0,0,0,0,1,0,1,1,0,1,1,0,0,0,1,0,0,1,1,1,1,1,1,1,1,1,1,1,1,1,0,1,0,0,1,1,1.44,1,1,0,0,1,0,75,1,0,1,1,1,1,0.0,1,1,0,,0,1,-0.3217293437456159,0.0,0,9,0.85,1,0,0,0.8666666666666667,0.6,0.6666666666666666,1.0,0.6,0.5,0.25
4074,Kumamoto University,https://www.kumamoto-u.ac.jp,Japan,Asia (East & Southeast),34.8964371683503,D,869,96,22.0,29.2,,0,57.449867627058254,1,1,2,1,0,0,0,0,0,0,0,0,1,0,1,0,1,0,0,0,1,0,1,1,1,1,1,1,0,1,0,1,0,1,0,0,0,1,1,1,1,1,17.76,1,1,0,0,0,0,30,1,1,0,1,0,0,26.2,0,1,0,6.0,3,0,-0.3080979996335865,0.6931471805599453,1,3,0.35,0,0,0,0.6,1.0,0.3333333333333333,0.3333333333333333,0.6,0.25,0.0
6531,Copperbelt University,https://www.cbu.ac.zm,Sub-Saharan Africa,Latin America & Africa,34.84333128980387,D,870,78,,29.1,,0,67.40597200189251,1,1,20,1,0,0,0,1,1,0,0,3,1,1,1,1,1,0,1,1,1,0,1,1,1,1,1,1,1,1,1,1,1,1,1,0,0,0,0,1,1,1,1.0,1,1,0,0,0,0,75,1,0,0,1,1,1,45.5,1,0,0,,1,1,-0.8264534402278149,0.0,0,9,0.45,1,0,0,0.8666666666666667,0.6,0.3333333333333333,1.0,0.6,0.625,0.0
4099,Korea University,https://www.korea.ac.kr,South Korea,Asia (East & Southeast),34.83637198019297,D,871,97,14.0,29.0,,0,40.308473345222026,1,1,9,0,0,0,1,1,0,0,1,10,0,1,0,0,0,0,1,1,1,0,0,1,0,0,1,1,0,0,0,0,0,0,0,0,0,1,1,1,1,1,14.94,1,1,1,0,0,0,75,1,0,0,0,0,1,100.0,1,0,0,5.0,3,1,2.363423106660748,0.0,0,9,1.0,0,0,0,0.2,1.0,0.3333333333333333,0.3333333333333333,0.4,0.375,0.25
1149,Grinnell College,https://www.grinnell.edu,United States,North America,34.73090473909395,D,872,186,161.0,29.0,,0,63.77222210675045,1,1,5,1,0,0,0,0,0,0,1,4,1,1,1,1,1,0,0,0,1,0,1,1,0,1,1,1,1,1,1,1,0,0,0,0,0,1,0,0,1,1,12.63,1,1,0,0,0,0,90,1,0,1,1,1,1,88.9,1,1,0,,0,1,-0.3860029172268843,0.0,0,12,1.0,1,0,0,0.6,0.6,0.6666666666666666,1.0,0.6,0.5,0.0
4077,Tokyo University of Science,https://www.tus.ac.jp,Japan,Asia (East & Southeast),34.71806120347974,D,873,98,23.0,28.9,,0,66.22166377122294,1,1,8,1,1,0,0,0,0,0,1,2,1,1,1,1,1,0,1,1,1,0,1,1,1,1,1,1,0,1,0,1,1,1,0,0,0,0,1,1,1,0,15.43,1,0,0,0,0,1,75,1,0,1,1,0,0,44.6,1,0,0,,0,1,-0.1588307811945508,0.0,0,9,1.0,1,0,0,0.6666666666666666,0.6,0.3333333333333333,0.3333333333333333,0.8,0.75,0.25
4013,Tongji University,https://www.tongji.edu.cn,China,Asia (East & Southeast),34.6851556286145,D,874,99,7.0,28.8,,0,44.28194642857143,1,0,0,0,0,0,0,0,0,0,1,10,1,0,0,1,1,0,1,1,1,0,1,1,1,1,1,1,0,1,0,1,0,0,0,0,0,1,0,1,1,1,21.0,1,0,0,0,0,0,90,1,0,0,0,1,0,0.0,0,1,0,4.0,3,1,-0.5533227156405738,0.0,0,12,0.0,0,0,0,0.5333333333333333,0.8,0.3333333333333333,0.3333333333333333,0.2,0.75,0.0
3143,University of Bucharest,https://www.unibuc.ro,Romania,Eastern & Southern Europe,34.50417809075781,D,875,146,,28.7,,0,45.0,1,0,0,1,1,0,0,0,0,0,1,0,1,1,1,0,1,1,1,0,1,0,1,1,1,1,1,1,1,0,0,0,1,1,0,0,0,1,0,1,1,1,14.72,1,1,0,0,0,0,90,1,0,1,0,1,1,32.7,1,1,0,0.0,3,0,1.5037542018688346,0.0,0,12,0.0,0,0,0,0.6,0.8,0.6666666666666666,0.6666666666666666,0.6,0.5,0.0
2117,Fontys University of Applied Sciences,https://www.fontys.edu,Netherlands,Western & Northern Europe,34.31967084771124,D,876,183,16.0,28.6,,0,68.67630421694798,1,1,5,1,1,1,0,0,1,1,0,0,1,1,1,1,1,1,1,1,1,0,0,1,0,1,1,1,0,0,1,0,1,1,1,0,0,1,0,0,0,1,8.32,1,1,0,0,0,0,100,1,0,1,1,1,0,25.0,1,0,0,,1,3,0.2840249982227075,0.0,0,13,1.0,1,0,0,0.5333333333333333,0.4,0.3333333333333333,0.6666666666666666,1.0,0.875,0.0
6021,Federal University of Espirito Santo,https://www.ufes.br,Brazil,Latin America & Africa,34.214170665080054,D,877,79,7.0,28.5,,0,53.133489587424535,1,1,7,1,1,1,0,1,0,0,0,0,0,0,1,0,0,0,0,0,1,0,1,1,0,1,1,1,1,1,0,0,0,1,0,0,0,0,0,1,0,0,21.0,1,0,0,0,0,0,75,1,0,1,0,1,0,52.9,1,1,0,,0,0,-0.9842072728899294,0.0,0,9,1.0,1,0,0,0.5333333333333333,0.2,0.6666666666666666,0.3333333333333333,1.0,0.125,0.0
5324,Bangladesh University of Textiles,https://www.butex.edu.bd,Bangladesh,South & Central Asia + Oceania,34.19105919953078,D,878,185,19.0,28.5,,0,65.93369270197142,1,1,9,1,0,0,0,0,0,0,0,0,1,0,1,0,0,1,0,0,1,0,1,1,1,1,1,1,1,1,1,1,1,1,1,0,0,0,0,0,1,0,3.98,1,0,0,0,0,0,90,1,0,1,0,1,1,18.2,1,0,0,22.0,3,0,-1.1546450753194737,0.0,0,12,1.0,0,0,0,0.8666666666666667,0.2,0.3333333333333333,0.6666666666666666,0.6,0.25,0.0
4044,Nanchang University,https://www.ncu.edu.cn,China,Asia (East & Southeast),34.095956483274904,D,879,100,8.0,28.4,,0,52.446578825268304,1,1,8,0,0,0,0,0,0,0,1,0,1,0,1,0,0,0,0,1,1,0,1,1,1,0,1,1,0,1,1,0,0,1,0,0,1,1,0,1,1,0,21.0,1,1,0,0,0,0,75,0,0,1,0,1,0,0.0,0,0,0,33.0,3,1,0.7170579911552635,0.0,0,9,1.0,0,0,0,0.6,0.6,0.0,0.3333333333333333,0.4,0.375,0.0
6003,Federal University of Rio de Janeiro,https://www.ufrj.br,Brazil,Latin America & Africa,34.06930203203069,D,880,80,8.0,28.3,,0,47.18064852326543,1,1,4,1,1,0,1,1,1,1,0,0,0,1,0,0,0,0,0,0,1,0,0,1,1,0,1,1,0,0,0,0,0,1,0,0,0,1,0,1,0,0,19.89,1,1,0,0,0,0,75,1,0,1,0,1,1,85.7,1,0,0,,0,0,-0.7415199035356226,0.0,0,9,0.85,1,0,0,0.3333333333333333,0.4,0.3333333333333333,0.6666666666666666,0.8,0.125,0.0
4166,Gadjah Mada University,https://www.ugm.ac.id,Indonesia,Asia (East & Southeast),34.05952437083836,D,881,101,,28.2,,0,64.38669571230426,1,1,8,0,1,0,0,0,1,1,1,0,1,0,1,1,1,0,0,1,1,0,1,1,0,1,1,1,1,1,0,1,1,1,0,0,0,1,0,0,1,0,17.73,1,1,0,0,0,0,90,1,0,1,1,1,1,24.5,1,1,0,40.0,3,1,-1.7734112329353886,0.0,0,12,1.0,0,0,0,0.6666666666666666,0.4,0.6666666666666666,1.0,0.6,0.625,0.0
4160,Taylor's University,https://university.taylors.edu.my,Malaysia,Asia (East & Southeast),33.969531426565815,D,882,102,,28.1,,0,45.0,1,0,0,1,0,0,1,1,1,1,1,0,1,0,0,1,1,0,1,1,1,0,0,1,0,1,1,1,1,1,1,1,1,1,0,0,0,0,0,1,1,0,16.3,1,1,1,0,0,0,75,1,0,1,1,1,1,96.2,1,0,0,,0,0,-0.2726922982248663,0.0,0,9,0.0,1,0,0,0.6666666666666666,0.4,0.3333333333333333,1.0,0.4,0.625,0.25
2135,Mid Sweden University,https://www.miun.se,Sweden,Western & Northern Europe,33.95920517608467,D,883,184,,28.1,39.008579196827924,1,63.992603313099735,1,1,3,1,1,1,0,0,0,0,0,0,1,0,1,1,1,0,0,0,1,0,0,1,0,1,1,1,1,1,1,0,1,1,1,0,0,1,0,0,0,0,13.2,1,1,0,0,1,0,90,1,0,1,1,1,1,29.4,1,0,0,32.0,3,1,0.0769211862816919,0.0,0,12,0.6,0,0,0,0.6666666666666666,0.2,0.3333333333333333,1.0,1.0,0.375,0.25
5411,IIIT Allahabad,https://www.iiita.ac.in,India,South & Central Asia + Oceania,33.88991018419872,D,884,186,81.0,28.0,,0,45.0,1,0,0,0,0,0,0,1,0,0,1,0,1,1,1,1,1,0,0,0,1,0,1,1,1,1,1,1,1,1,0,1,1,1,0,0,0,0,1,0,1,0,12.63,1,0,0,1,0,0,75,1,1,0,0,1,1,0.0,1,0,0,0.0,3,2,-0.0093587299647221,0.6931471805599453,1,9,0.0,0,0,0,0.7333333333333333,0.4,0.3333333333333333,0.6666666666666666,0.2,0.5,0.25
2306,Medical University of Vienna,https://www.meduniwien.ac.at,Switzerland/Austria,Western & Northern Europe,33.640163520037795,D,885,185,,27.9,,0,58.79076552049951,0,1,20,1,1,0,0,0,0,1,0,4,1,0,1,1,0,0,0,1,1,0,1,1,1,1,1,1,0,1,1,1,0,1,0,0,0,0,0,1,1,1,18.62,1,0,0,0,0,0,75,1,0,1,1,1,0,0.0,1,0,0,,0,2,1.204081251974756,0.0,0,9,0.45,1,0,0,0.6666666666666666,0.6,0.3333333333333333,0.6666666666666666,0.6,0.5,0.0
1191,Universidad de las Americas Puebla,https://www.udlap.mx,United States,North America,33.464600065224275,D,886,187,162.0,27.8,23.19587490478013,1,70.37157028998827,1,1,7,1,0,0,0,1,1,1,1,0,1,1,1,1,1,0,0,1,1,0,1,1,1,1,1,1,1,1,0,1,0,1,1,1,1,1,0,1,0,1,1.11,1,1,0,0,0,0,75,1,2,1,0,0,1,16.0,1,0,0,,1,1,0.0382694245885849,1.0986122886681098,1,9,1.0,1,0,0,0.8666666666666667,0.6,0.3333333333333333,0.3333333333333333,0.6,0.5,0.0
2026,University of Reading,https://www.reading.ac.uk,United Kingdom,Western & Northern Europe,33.458181157429685,D,887,186,40.0,27.7,,0,58.08823646355167,1,1,2,1,0,0,0,1,0,0,0,2,1,0,0,0,0,0,0,0,1,0,1,1,1,1,1,1,0,0,1,1,0,1,0,1,0,1,1,1,1,1,21.0,1,1,0,0,0,0,75,1,1,0,1,1,1,25.0,1,1,0,,1,0,-1.0983686385244258,0.6931471805599453,1,9,0.35,1,0,0,0.6666666666666666,1.0,0.6666666666666666,1.0,0.6,0.125,0.0
4151,Universiti Kebangsaan Malaysia,https://www.ukm.my,Malaysia,Asia (East & Southeast),33.41170875506999,D,888,103,,27.7,,0,56.83594807432043,1,1,1,1,1,0,0,0,1,0,1,0,1,0,1,0,0,0,1,0,1,0,1,1,1,1,1,1,1,1,1,1,1,1,0,0,0,0,0,1,1,0,12.63,1,0,0,0,0,1,90,1,0,0,0,0,0,7.1,1,0,0,,0,1,-0.3087015059075988,0.0,0,12,0.15,1,0,0,0.8,0.4,0.3333333333333333,0.0,0.8,0.375,0.25
6002,University of Campinas,https://www.unicamp.br,Brazil,Latin America & Africa,33.304612411685035,D,889,81,9.0,27.6,,0,61.2763859593299,1,1,2,1,0,0,0,0,0,0,1,10,1,1,1,1,0,0,1,0,1,0,1,0,1,1,1,1,0,1,0,0,0,0,0,0,0,1,0,1,1,1,5.55,1,1,0,0,0,0,90,1,2,1,0,1,1,81.6,1,1,0,1.0,3,2,-0.8912451929283262,1.0986122886681098,1,12,0.35,0,0,0,0.4,0.8,0.6666666666666666,0.6666666666666666,0.6,0.5,0.0
3117,Aristotle University of Thessaloniki,https://www.auth.gr,Greece,Eastern & Southern Europe,33.277176544737856,D,890,147,,27.5,,0,49.40269972122652,1,1,0,0,1,0,0,0,0,0,0,1,1,0,0,1,1,1,0,0,1,0,1,0,1,1,0,1,0,0,0,0,1,1,0,0,0,0,0,1,1,1,12.63,1,1,0,0,1,0,90,1,0,1,0,1,0,77.8,1,0,0,0.0,3,3,0.97344454617534,0.0,0,12,0.0,0,0,0,0.4,0.6,0.3333333333333333,0.3333333333333333,0.6,0.625,0.25
4155,Universiti Teknologi PETRONAS,https://www.utp.edu.my,Malaysia,Asia (East & Southeast),33.181490977974,D,891,104,,27.4,,0,45.0,1,0,0,1,0,0,0,0,1,1,1,6,1,1,1,0,0,0,1,1,1,0,1,1,1,1,1,1,1,1,1,1,0,1,0,0,0,0,0,1,1,0,9.74,1,0,0,0,0,1,75,1,0,1,1,1,1,60.0,1,0,0,,1,2,0.5820737545345179,0.0,0,9,0.0,1,0,0,0.7333333333333333,0.4,0.3333333333333333,1.0,0.4,0.5,0.25
1096,University of Mississippi,https://olemiss.edu,United States,North America,33.17648130734578,D,892,188,163.0,27.3,27.947122230417058,1,67.03910947221434,1,1,6,1,0,0,0,0,0,0,0,2,1,0,1,1,1,0,0,0,1,0,1,1,1,1,1,1,0,1,1,1,1,0,0,0,0,1,0,1,1,1,15.91,1,1,0,0,0,1,75,1,0,1,1,1,1,87.1,1,1,0,578.0,2,2,0.1549286666322872,0.0,0,9,1.0,0,0,0,0.6666666666666666,0.8,0.6666666666666666,1.0,0.6,0.5,0.25
1143,Bates College,https://www.bates.edu,United States,North America,33.08004789318957,D,893,189,164.0,27.2,,0,45.0,1,0,0,1,0,0,0,0,0,0,1,0,1,1,1,0,0,0,0,0,1,0,1,1,0,1,1,1,1,1,1,1,0,0,0,0,0,1,0,0,1,1,21.0,0,0,0,0,0,0,75,1,1,1,1,1,1,85.7,1,0,0,54.0,3,1,0.0144784521503341,0.6931471805599453,1,9,0.0,0,0,0,0.6,0.6,0.3333333333333333,1.0,0.4,0.25,0.0
3006,University of Naples Federico II,https://www.unina.it,Italy,Eastern & Southern Europe,33.03086594816862,D,894,148,24.0,27.2,,0,43.81637304129056,1,1,1,0,1,1,0,0,0,0,0,3,1,1,0,1,1,1,0,1,1,0,1,0,0,0,0,0,0,0,0,0,1,1,0,0,0,1,0,1,1,1,21.0,1,1,0,0,0,0,100,1,0,1,1,1,0,100.0,1,0,0,0.0,3,1,0.5598640730760787,0.0,0,13,0.15,0,0,0,0.2,0.8,0.3333333333333333,0.6666666666666666,0.8,0.625,0.0
2124,KTH Royal Institute of Technology,https://www.kth.se,Sweden,Western & Northern Europe,33.00922016658281,D,895,187,,27.1,,0,56.04388139741885,1,1,3,1,1,0,1,1,0,0,0,0,1,0,1,1,1,0,0,0,1,0,0,0,0,0,1,1,0,1,1,1,0,1,1,0,0,1,0,0,0,1,15.69,0,1,0,0,0,0,75,1,0,1,1,1,0,93.8,1,1,0,,0,1,-0.3606220783824264,0.0,0,9,0.6,1,0,0,0.4666666666666667,0.4,0.6666666666666666,0.6666666666666666,0.8,0.5,0.0
2184,University of Innsbruck,https://www.uibk.ac.at,Switzerland/Austria,Western & Northern Europe,32.99419080303422,D,896,188,,27.0,,0,65.25088318478097,1,1,0,1,1,0,0,0,1,1,0,1,1,1,1,1,1,0,0,1,1,0,1,1,1,1,1,1,0,0,1,1,0,1,1,0,0,1,0,0,1,1,13.2,0,1,1,0,1,0,100,1,0,1,0,1,0,17.6,1,1,0,,0,1,-0.1211886807745619,0.0,0,13,0.0,1,0,0,0.6666666666666666,0.6,0.6666666666666666,0.3333333333333333,0.8,0.625,0.5
4071,Okayama University,https://www.okayama-u.ac.jp,Japan,Asia (East & Southeast),32.90220374729895,D,897,105,24.0,26.9,,0,64.40512808186836,1,1,5,1,0,0,0,0,0,0,0,0,1,0,1,1,0,0,0,0,1,0,1,1,1,1,1,1,0,1,1,1,0,1,0,0,0,1,1,1,1,1,4.17,1,1,0,0,0,0,75,1,1,0,1,1,0,65.7,1,0,0,0.0,3,2,-0.218980239837774,0.6931471805599453,1,9,1.0,0,0,0,0.6666666666666666,1.0,0.3333333333333333,0.6666666666666666,0.6,0.375,0.0
4080,Gifu University,https://www.gifu-u.ac.jp,Japan,Asia (East & Southeast),32.90083342736758,D,898,106,25.0,26.8,,0,61.7977465933209,1,1,6,1,0,0,0,0,1,1,0,1,1,1,1,0,0,1,0,0,1,0,1,1,1,1,1,0,0,0,1,1,1,1,0,0,0,0,0,1,1,0,21.0,1,1,0,0,1,0,75,1,0,0,1,1,0,89.5,1,0,0,4.0,3,1,0.3100935937129865,0.0,0,9,1.0,0,0,0,0.6,0.4,0.3333333333333333,0.6666666666666666,0.6,0.25,0.25
6138,University of Ilorin,https://www.unilorin.edu.ng,Sub-Saharan Africa,Latin America & Africa,32.89568387453744,D,899,82,,26.8,,0,68.54039257034587,1,1,4,1,0,0,0,0,1,0,1,1,1,1,1,1,1,0,0,1,1,0,1,1,1,1,1,1,1,1,1,1,0,1,0,0,0,1,0,1,1,1,2.49,1,1,0,0,0,0,90,1,0,1,0,1,1,41.5,1,0,0,,1,2,-0.9392756009084878,0.0,0,12,0.85,1,0,0,0.7333333333333333,0.8,0.3333333333333333,0.6666666666666666,0.6,0.625,0.0
5097,University of Rajshahi,https://www.ru.ac.bd,Bangladesh,South & Central Asia + Oceania,32.83914001622718,D,900,187,20.0,26.7,,0,57.41459883110231,1,1,9,0,0,0,0,0,0,0,0,7,1,0,1,0,0,1,0,0,1,0,1,1,0,1,1,1,0,1,0,1,0,1,1,0,0,0,1,1,1,1,12.63,1,1,0,0,0,0,90,1,0,1,0,1,1,5.9,1,0,0,,1,1,-1.172964422745885,0.0,0,12,1.0,1,0,0,0.6,0.8,0.3333333333333333,0.6666666666666666,0.4,0.375,0.0
3035,University of Sassari,https://www.uniss.it,Italy,Eastern & Southern Europe,32.62679574858041,D,901,149,25.0,26.6,,0,57.35566797183353,1,1,5,1,1,0,0,0,1,0,0,0,1,0,1,1,1,1,1,0,1,0,1,0,0,0,1,1,0,0,0,1,0,1,0,0,0,1,1,0,1,1,12.63,1,1,1,0,0,0,75,1,0,1,1,1,0,100.0,1,1,0,,0,0,2.259261388290281,0.0,0,9,1.0,1,0,0,0.3333333333333333,0.8,0.6666666666666666,0.6666666666666666,0.8,0.625,0.25
4153,Universiti Sains Malaysia,https://www.usm.my,Malaysia,Asia (East & Southeast),32.6108878812376,D,902,107,,26.5,33.69291038607001,1,59.866882501028215,1,1,2,1,1,0,0,1,0,0,0,0,1,1,1,0,0,0,0,1,1,0,1,1,1,1,1,1,0,0,0,0,1,1,0,0,0,0,0,1,1,1,5.15,1,1,0,0,0,1,90,1,0,0,1,1,0,14.3,1,0,0,0.0,3,0,-0.7732001681390459,0.0,0,12,0.35,0,0,0,0.5333333333333333,0.6,0.3333333333333333,0.6666666666666666,0.8,0.25,0.25
6520,University of the West Indies,https://www.uwi.edu,Peru & Andes,Latin America & Africa,32.58471622158508,D,903,83,,26.4,,0,45.0,1,0,0,1,0,0,0,1,0,0,1,0,1,0,1,1,1,0,0,1,1,0,1,1,0,1,1,1,0,0,1,1,0,1,0,0,0,0,0,1,0,0,9.29,1,0,0,0,0,0,75,1,0,0,1,1,0,95.0,1,1,0,11.0,3,2,0.390786400723966,0.0,0,9,0.0,0,0,0,0.5333333333333333,0.2,0.6666666666666666,0.6666666666666666,0.4,0.625,0.0
5074,University of Agriculture Faisalabad,https://www.uaf.edu.pk,Pakistan,South & Central Asia + Oceania,32.53563295924843,D,904,188,22.0,26.3,,0,45.0,1,0,0,1,0,0,0,0,1,1,1,0,1,0,1,0,0,1,1,0,1,0,1,1,1,1,1,1,1,1,1,1,0,0,1,0,0,1,0,1,1,1,4.87,1,1,0,0,0,0,75,1,1,1,0,1,0,12.5,1,0,0,3.0,3,1,-0.7684666889466418,0.6931471805599453,1,9,0.0,0,0,0,0.7333333333333333,0.8,0.3333333333333333,0.3333333333333333,0.4,0.5,0.0
5024,University of Calcutta,https://www.caluniv.ac.in,India,South & Central Asia + Oceania,32.51139284799688,D,905,189,82.0,26.3,,0,45.0,1,0,0,0,0,0,0,1,1,1,1,6,1,1,1,1,1,1,1,0,1,0,1,1,1,1,1,1,1,1,0,0,0,1,0,0,0,1,0,1,1,1,19.11,1,1,0,0,0,0,75,1,1,0,0,1,0,1.2,1,0,0,,1,3,-0.722831885982635,0.6931471805599453,1,9,0.0,1,0,0,0.6,0.8,0.3333333333333333,0.3333333333333333,0.2,0.75,0.0
2080,Universite Paris Cite,https://u-paris.fr,France,Western & Northern Europe,32.50784211873786,D,906,189,22.0,26.2,,0,65.11402356532784,1,1,5,1,1,0,0,0,0,0,1,0,1,1,1,0,0,0,0,0,1,0,0,1,1,1,1,0,1,1,1,0,1,1,1,0,0,0,0,0,1,1,10.05,1,1,0,0,0,0,75,1,1,1,0,1,0,55.6,1,1,0,0.0,3,1,-0.2203651540984285,0.6931471805599453,1,9,1.0,0,0,0,0.6666666666666666,0.4,0.6666666666666666,0.3333333333333333,0.8,0.25,0.0
4154,Universiti Teknologi Malaysia,https://www.utm.my,Malaysia,Asia (East & Southeast),32.4949573286327,D,907,108,,26.1,,0,45.0,1,0,0,1,0,0,1,1,0,0,1,1,0,1,0,0,0,0,1,0,1,1,1,1,1,1,1,1,1,1,0,1,0,1,0,1,0,0,0,1,1,1,5.74,1,1,0,0,0,1,90,1,0,0,0,1,1,13.3,1,1,0,,0,0,-0.8444139084724943,0.0,0,12,0.0,1,0,0,0.7333333333333333,0.6,0.6666666666666666,0.6666666666666666,0.4,0.375,0.25
4182,Chiang Mai University,https://www.cmu.ac.th,Thailand,Asia (East & Southeast),32.38606189146612,D,908,109,,26.0,35.950246499669284,1,72.54233275168691,1,1,8,1,1,0,0,0,0,0,1,10,1,1,1,1,1,1,1,0,1,0,1,1,1,1,1,1,1,1,0,1,0,1,0,0,0,1,1,1,1,1,4.48,1,1,0,0,0,0,75,1,0,1,1,1,1,3.4,0,0,0,1.0,3,1,3.675043408847424,0.0,0,9,1.0,0,0,0,0.6666666666666666,1.0,0.0,1.0,0.8,0.625,0.0
4129,National Central University,https://www.ncu.edu.tw,Taiwan,Asia (East & Southeast),32.34465244824543,D,909,110,,25.9,,0,45.0,1,0,0,1,1,0,0,0,0,0,0,2,1,1,1,0,1,0,0,1,1,0,1,1,1,1,1,1,0,0,0,1,0,1,0,0,0,0,1,1,1,0,18.58,1,0,0,0,0,0,50,1,0,1,1,1,1,100.0,1,0,0,35.0,3,1,-0.4151197788917631,0.0,0,5,0.0,0,0,0,0.5333333333333333,0.6,0.3333333333333333,1.0,0.6,0.5,0.0
6331,University of Carthage,https://www.ucar.rnu.tn,Egypt & North Africa,Latin America & Africa,32.29192679759498,D,910,84,,25.9,,0,62.8697765873761,1,1,11,1,0,0,0,1,1,1,1,0,1,0,1,1,1,0,1,1,1,0,1,1,1,1,1,1,1,0,1,1,0,1,0,0,0,0,0,1,1,0,13.58,1,0,0,0,0,0,90,1,0,1,0,1,1,31.4,1,0,0,60.0,3,1,-0.077404438355381,0.0,0,12,0.8533333333333334,0,0,0,0.6666666666666666,0.4,0.3333333333333333,0.6666666666666666,0.6,0.75,0.0
4311,Universiti Malaysia Terengganu,https://www.umt.edu.my,Malaysia,Asia (East & Southeast),32.25453447410298,D,911,111,,25.8,,0,52.37443888792493,1,1,0,0,1,0,0,1,0,0,1,0,1,0,1,1,1,0,1,0,1,0,1,1,0,1,1,1,0,0,1,1,0,1,0,0,1,1,0,0,1,1,21.0,1,1,0,0,0,0,90,1,0,1,0,1,0,0.0,1,0,0,,0,1,1.5350101611998994,0.0,0,12,0.0,1,0,0,0.6,0.6,0.3333333333333333,0.3333333333333333,0.6,0.5,0.0
3162,Oles Honchar Dnipro National University,https://www.dnu.dp.ua,Ukraine,Eastern & Southern Europe,32.23863685304567,D,912,150,,25.7,,0,66.1222057005215,1,1,6,1,1,0,0,1,0,0,1,4,1,0,1,1,0,1,1,0,1,0,1,1,1,1,1,1,1,1,0,0,1,1,0,0,0,0,1,1,1,1,10.52,1,1,0,0,0,0,20,1,0,1,0,0,1,70.2,0,0,0,583.0,2,0,-0.0846605982019277,0.0,0,2,1.0,0,0,0,0.6666666666666666,0.8,0.0,0.3333333333333333,0.8,0.5,0.0
4194,University of the Philippines Diliman,https://upd.edu.ph,Philippines,Asia (East & Southeast),32.209816018737676,D,913,112,,25.6,,0,65.70663651655175,1,1,7,1,0,0,0,1,1,0,1,0,1,1,1,1,1,0,0,1,1,0,1,1,0,1,1,1,1,1,0,1,0,1,1,0,0,1,0,1,1,1,15.43,1,1,0,0,0,0,90,1,2,1,1,1,1,22.9,0,0,0,380.0,2,2,-0.1338858552020433,1.0986122886681098,1,12,1.0,0,0,0,0.6666666666666666,0.8,0.0,1.0,0.6,0.625,0.0
2163,University College Absalon,https://phabsalon.dk,Denmark,Western & Northern Europe,32.207435406318616,D,914,190,,25.5,,0,57.72570170991395,1,1,7,1,1,0,0,0,0,0,0,3,1,0,1,1,1,1,0,1,1,0,0,1,0,1,1,1,0,0,1,0,0,1,0,0,0,1,0,0,1,1,9.54,1,1,0,0,0,0,75,1,0,1,0,1,1,100.0,1,0,0,,0,0,0.7886582301353239,0.0,0,9,1.0,1,0,0,0.4,0.6,0.3333333333333333,0.6666666666666666,0.8,0.625,0.0
5101,Islamic University of Technology,https://www.iutoic-dhaka.edu,Bangladesh,South & Central Asia + Oceania,32.159516475214076,D,915,190,21.0,25.4,,0,45.0,1,0,0,0,0,0,1,1,0,0,1,1,1,1,1,0,0,0,1,1,1,0,1,1,1,1,1,1,1,1,1,1,0,1,1,0,0,0,0,1,1,0,12.63,1,1,0,0,1,0,75,1,5,1,0,1,1,0.0,0,0,0,37.0,3,1,-1.046364646781221,1.791759469228055,1,9,0.0,0,0,0,0.8,0.4,0.0,0.6666666666666666,0.2,0.5,0.25
5096,University of Chittagong,https://www.cu.ac.bd,Bangladesh,South & Central Asia + Oceania,32.10420954953253,D,916,191,22.0,25.4,28.30704369533768,1,72.33177645719806,1,1,11,1,0,0,0,0,0,0,1,8,1,1,1,1,1,1,0,1,1,0,1,1,1,1,1,1,1,1,0,1,0,1,1,0,0,1,0,1,1,1,4.21,1,1,0,0,0,0,90,1,0,1,0,1,1,13.0,1,0,0,,1,3,-0.8055960806055291,0.0,0,12,0.8533333333333334,1,0,0,0.7333333333333333,0.8,0.3333333333333333,0.6666666666666666,0.6,0.75,0.0
6121,Mansoura University,https://www.mans.edu.eg,Egypt & North Africa,Latin America & Africa,32.038617070633194,D,917,85,,25.3,,0,45.0,1,0,0,1,1,0,0,1,1,1,1,0,1,1,1,0,0,0,1,1,1,0,1,1,1,1,1,1,0,1,0,1,0,1,0,0,0,0,1,0,1,1,12.63,1,1,0,0,0,0,75,1,0,1,1,1,1,50.6,1,1,0,5.0,3,1,-0.615316837405931,0.0,0,9,0.0,0,0,0,0.6,0.6,0.6666666666666666,1.0,0.6,0.5,0.0
1122,University of Maine,https://www.maine.edu,United States,North America,31.979331883325496,D,918,190,165.0,25.2,,0,45.76890051174512,1,1,7,0,0,0,0,0,1,1,0,0,1,0,0,1,1,0,0,1,1,0,0,1,0,1,1,1,1,0,1,1,1,0,0,0,0,0,0,1,1,0,15.13,1,1,0,0,0,0,90,1,0,1,0,0,1,83.3,1,1,0,,0,0,0.0845992130209675,0.0,0,12,1.0,1,0,0,0.5333333333333333,0.4,0.6666666666666666,0.3333333333333333,0.4,0.5,0.0
6431,Ladoke Akintola University of Technology,https://www.lautech.edu.ng,Sub-Saharan Africa,Latin America & Africa,31.96898051966378,D,919,86,,25.1,,0,67.94969493156339,1,1,8,1,0,0,0,1,0,0,1,1,1,0,1,1,1,1,0,1,1,0,1,1,1,1,1,1,0,1,0,1,0,1,0,0,0,1,0,1,1,1,3.77,1,1,0,0,0,0,75,1,0,1,0,1,1,87.0,1,0,0,495.0,2,3,0.2096511964351452,0.0,0,9,1.0,0,0,0,0.6,0.8,0.3333333333333333,0.6666666666666666,0.6,0.75,0.0
3008,University of Pisa,https://www.unipi.it,Italy,Eastern & Southern Europe,31.940543047389355,D,920,151,26.0,25.0,,0,59.11995150520225,1,1,5,1,0,1,0,1,0,0,1,0,1,0,1,0,0,0,1,0,1,0,1,1,1,1,1,1,1,1,0,1,0,1,0,0,0,0,0,0,1,0,15.43,1,0,0,0,1,0,90,1,1,1,0,1,0,40.0,1,0,0,,1,1,0.2847423688693621,0.6931471805599453,1,12,1.0,1,0,0,0.6666666666666666,0.2,0.3333333333333333,0.3333333333333333,0.8,0.375,0.25
5160,University of Kelaniya,https://www.kln.ac.lk,Sri Lanka,South & Central Asia + Oceania,31.743667152483948,D,921,192,,25.0,,0,50.235013277751705,1,1,14,1,0,0,0,1,0,0,0,0,1,0,0,0,0,0,0,0,1,0,1,1,1,1,1,1,0,1,1,0,0,1,1,0,0,0,0,0,0,0,21.0,1,1,0,0,0,0,55,1,0,1,0,1,0,0.0,1,0,0,,1,1,-0.7028768825360084,0.0,0,6,0.66,1,0,0,0.6666666666666666,0.0,0.3333333333333333,0.3333333333333333,0.6,0.25,0.0
4193,Burapha University,https://www.buu.ac.th,Thailand,Asia (East & Southeast),31.741865237741738,D,922,113,,24.9,,0,60.69189012226078,1,1,7,1,1,0,0,0,0,0,0,1,1,0,1,1,1,0,0,0,1,0,1,1,1,1,1,1,0,1,0,1,1,1,0,0,0,0,0,1,1,0,21.0,1,0,0,0,0,0,90,1,0,1,0,1,1,12.5,1,0,0,,0,1,-1.6605555596950934,0.0,0,12,1.0,1,0,0,0.6666666666666666,0.4,0.3333333333333333,0.6666666666666666,0.8,0.375,0.0
6336,University of Rwanda,https://www.ur.ac.rw,Sub-Saharan Africa,Latin America & Africa,31.72414866999515,D,923,87,,24.8,,0,69.20053741695563,1,1,5,1,0,0,0,1,0,0,1,8,1,1,1,1,1,1,1,1,1,0,1,1,1,1,1,1,0,1,0,0,0,1,0,1,0,1,0,1,1,1,3.54,1,1,0,0,0,0,75,1,0,1,0,1,0,60.0,1,0,0,0.0,3,1,-0.0786721030821302,0.0,0,9,1.0,0,0,0,0.6,0.8,0.3333333333333333,0.3333333333333333,0.6,0.875,0.0
1031,University of North Carolina at Chapel Hill,https://www.unc.edu,United States,North America,31.611840566012244,D,924,191,166.0,24.7,,0,71.8664460021411,1,1,3,1,0,0,0,1,0,0,1,2,1,1,1,1,1,1,0,0,1,0,1,1,1,1,1,1,0,1,1,1,1,1,0,0,0,0,0,1,1,0,2.74,1,1,0,0,0,0,90,1,0,1,1,1,1,64.7,1,1,0,0.0,3,1,-0.9517689372277384,0.0,0,12,0.6,0,0,0,0.7333333333333333,0.4,0.6666666666666666,1.0,0.6,0.5,0.0
4015,Nankai University,https://www.nankai.edu.cn,China,Asia (East & Southeast),31.590127456166826,D,925,114,9.0,24.6,,0,45.0,1,0,0,1,1,0,0,0,0,0,1,10,1,0,1,1,0,0,1,1,1,0,1,1,1,1,1,1,1,1,1,1,0,1,0,0,0,0,0,1,1,0,21.0,1,0,0,0,0,0,75,1,2,1,0,0,0,0.0,0,0,0,35.0,3,2,-0.1423349430382151,1.0986122886681098,1,9,0.0,0,0,0,0.7333333333333333,0.4,0.0,0.0,0.6,0.625,0.0
1086,Washington State University,https://wsu.edu,United States,North America,31.55518458001634,D,926,192,167.0,24.6,30.529685073596372,1,65.06107388538562,0,1,7,1,0,0,0,0,1,1,0,4,1,1,1,1,1,0,1,1,1,0,1,1,1,1,1,1,1,1,1,0,1,0,1,0,0,0,0,1,1,0,15.13,1,0,0,0,0,0,90,1,0,1,1,1,1,60.0,1,0,0,,1,1,0.1768414044043602,0.0,0,12,1.0,1,0,0,0.7333333333333333,0.4,0.3333333333333333,1.0,0.4,0.75,0.0
3039,University of Udine,https://www.uniud.it,Italy,Eastern & Southern Europe,31.22123146999817,D,927,152,27.0,24.5,,0,42.26637110543293,1,1,6,1,1,1,0,1,0,0,0,0,0,0,0,0,1,0,0,0,1,0,0,0,0,1,1,1,1,0,0,0,0,0,0,0,0,0,0,0,1,0,15.43,1,1,0,0,0,0,90,1,0,1,1,0,1,100.0,1,0,0,,0,0,0.2664248663699592,0.0,0,12,1.0,1,0,0,0.2666666666666666,0.2,0.3333333333333333,0.6666666666666666,1.0,0.25,0.0
5332,Tajik National University,https://www.tnu.tj,Central Asia,South & Central Asia + Oceania,31.126895897730414,D,928,193,,24.4,37.130339763832076,1,61.23820701324612,1,1,9,1,1,0,0,0,0,0,0,10,1,0,1,0,0,1,0,0,1,0,1,1,1,1,1,1,1,1,1,0,0,1,0,0,0,0,0,0,1,0,21.0,1,0,0,0,0,0,75,1,15,1,0,1,1,14.3,1,0,0,98.0,2,1,2.3700300826424723,2.3978952727983707,1,9,1.0,0,0,0,0.6666666666666666,0.2,0.3333333333333333,0.6666666666666666,0.8,0.25,0.0
5162,University of Ruhuna,https://www.ruh.ac.lk,Sri Lanka,South & Central Asia + Oceania,30.720199992823854,D,929,194,,24.3,,0,45.0,1,0,0,1,0,0,0,1,0,0,1,10,1,1,1,0,0,0,0,1,1,1,1,1,1,1,1,1,0,1,1,0,1,1,0,0,0,0,0,1,1,0,12.63,1,1,0,0,0,1,90,1,0,1,1,1,0,84.6,1,0,0,228.0,2,0,-0.4823904510109862,0.0,0,12,0.0,0,0,0,0.6666666666666666,0.4,0.3333333333333333,0.6666666666666666,0.4,0.375,0.25
3163,Kharkiv Polytechnic Institute,https://www.kpi.kharkov.ua,Ukraine,Eastern & Southern Europe,30.69301317358892,D,930,153,,24.2,,0,62.02974179839828,1,1,3,1,0,0,1,1,1,1,1,0,1,0,1,1,1,0,0,0,1,0,1,1,1,1,1,1,0,1,0,1,0,1,0,0,0,0,0,1,1,0,13.99,1,1,0,0,0,0,90,1,0,1,0,1,1,32.0,1,0,0,4.0,3,2,-1.1377374085597511,0.0,0,12,0.6,0,0,0,0.6,0.4,0.3333333333333333,0.6666666666666666,0.6,0.5,0.0
6097,University of the Republic Uruguay,https://www.udelar.edu.uy,Peru & Andes,Latin America & Africa,30.69087891406222,D,931,88,,24.1,,0,38.90517097742498,1,1,5,1,0,1,0,0,0,0,1,8,0,0,0,1,1,1,0,1,1,0,0,0,0,0,0,0,0,0,0,0,0,1,0,0,0,1,0,1,1,1,18.26,1,1,0,0,0,0,100,1,0,1,0,1,0,100.0,1,0,0,0.0,3,1,0.8370043845396622,0.0,0,13,1.0,0,0,0,0.0666666666666666,0.8,0.3333333333333333,0.3333333333333333,0.8,0.625,0.0
5410,NIT Srinagar,https://www.nitsri.ac.in,India,South & Central Asia + Oceania,30.537925160918697,D,932,195,83.0,24.1,,0,45.0,1,0,0,1,0,0,0,1,1,1,1,1,1,1,1,0,0,0,0,0,1,1,1,1,1,1,1,1,0,1,1,1,1,1,0,0,0,1,0,1,1,1,5.33,1,1,0,0,0,0,75,1,1,1,1,1,1,0.0,0,0,0,,1,2,-1.0475096059953717,0.6931471805599453,1,9,0.0,1,0,0,0.7333333333333333,0.8,0.0,1.0,0.4,0.375,0.0
5046,Indian Statistical Institute,https://www.isical.ac.in,India,South & Central Asia + Oceania,30.443466121250605,D,933,196,84.0,24.0,36.751839611721365,1,58.70130489117388,1,1,8,1,0,0,0,0,0,0,1,1,1,1,1,0,0,0,0,0,1,0,1,1,0,1,1,1,1,1,0,1,0,1,1,0,0,0,0,1,1,1,13.92,1,0,0,0,0,0,75,1,0,1,1,1,0,12.5,0,0,0,,1,1,-0.8396177258260074,0.0,0,9,1.0,1,0,0,0.6666666666666666,0.6,0.0,0.6666666666666666,0.6,0.25,0.0
3135,Palacky University Olomouc,https://www.upol.cz,Czechia,Eastern & Southern Europe,30.303251231135587,D,934,154,,23.9,,0,65.24579586240381,1,1,1,1,0,0,1,1,0,0,1,4,1,1,1,1,1,0,0,0,1,1,1,1,1,1,1,1,0,1,0,1,1,1,0,0,0,1,0,1,1,1,7.59,1,0,0,0,0,0,75,1,0,0,1,1,0,58.7,1,1,0,,1,1,-1.087992818438824,0.0,0,9,0.15,1,0,0,0.6666666666666666,0.8,0.6666666666666666,0.6666666666666666,0.6,0.625,0.0
1026,University of Washington,https://www.washington.edu,United States,North America,30.23407747525571,D,935,193,168.0,23.8,,0,61.04997706933714,0,1,7,1,0,0,0,1,1,1,0,0,1,1,1,0,0,0,0,0,1,0,1,1,1,1,1,0,1,1,1,1,1,1,0,0,0,0,0,1,1,0,10.86,1,0,0,0,0,0,75,1,0,0,1,0,0,71.4,1,1,0,,0,2,-0.1543539750649704,0.0,0,9,1.0,1,0,0,0.7333333333333333,0.4,0.6666666666666666,0.3333333333333333,0.4,0.25,0.0
6092,Pontifical Catholic University of Peru,https://www.pucp.edu.pe,Peru & Andes,Latin America & Africa,30.198908574595205,D,936,89,,23.7,29.47104409189095,1,64.55695854579781,0,1,7,1,1,0,1,1,1,1,0,6,1,0,1,0,0,0,0,0,0,0,1,1,1,1,1,1,1,1,0,0,0,1,1,0,0,1,1,1,1,1,12.63,0,0,0,0,0,0,75,1,0,1,0,1,1,0.0,1,0,0,,0,1,-0.973361696894409,0.0,0,9,1.0,1,0,0,0.6666666666666666,1.0,0.3333333333333333,0.6666666666666666,0.6,0.125,0.0
4137,Asia University Taiwan,https://www.asia.edu.tw,Taiwan,Asia (East & Southeast),30.08451378478005,D,937,115,,23.7,17.921873101709856,1,61.31069870559433,1,1,3,1,1,0,0,1,0,0,1,10,1,1,1,0,1,0,0,0,1,0,1,1,0,1,1,0,0,1,1,1,0,1,1,1,0,0,1,1,1,0,18.58,1,0,0,0,1,0,50,1,1,1,1,1,0,81.1,1,0,0,0.0,3,0,-0.3151389061637297,0.6931471805599453,1,5,0.6,0,0,0,0.6666666666666666,0.6,0.3333333333333333,0.6666666666666666,0.8,0.25,0.25
3150,Carol Davila University of Medicine and Pharmacy,https://www.umfcd.ro,Romania,Eastern & Southern Europe,30.07494832655968,D,938,155,,23.6,29.813056240741293,1,65.14399149284375,1,1,5,1,0,0,0,0,0,0,0,0,1,0,1,1,1,1,0,0,1,0,1,1,1,1,1,1,0,1,0,0,1,1,0,0,0,0,0,1,1,0,14.59,1,1,0,0,0,0,75,1,0,1,0,1,1,13.3,1,0,0,7.0,3,3,-1.4582937022993,0.0,0,9,1.0,0,0,0,0.6,0.4,0.3333333333333333,0.6666666666666666,0.6,0.625,0.0
6115,University of the Free State,https://www.ufs.ac.za,South Africa,Latin America & Africa,30.01206750964313,D,939,90,19.0,23.5,,0,45.0,1,0,0,1,0,0,0,0,0,0,0,0,1,1,1,1,0,0,0,0,1,0,0,1,1,1,1,1,1,1,1,1,0,1,0,0,0,0,0,1,1,1,12.63,1,0,0,0,0,0,75,1,0,0,1,1,0,66.7,1,0,0,,1,0,0.8279898798161127,0.0,0,9,0.0,1,0,0,0.6666666666666666,0.6,0.3333333333333333,0.6666666666666666,0.4,0.25,0.0
5087,University of Management and Technology,https://www.umt.edu.pk,Pakistan,South & Central Asia + Oceania,29.98554855619111,D,940,197,23.0,23.4,,0,45.0,1,0,0,1,0,0,0,1,1,1,1,2,1,0,1,1,1,0,0,0,1,0,1,1,1,1,1,1,1,0,1,1,0,1,0,1,1,0,0,1,1,1,1.49,1,0,1,0,0,1,75,1,0,1,0,1,0,7.4,1,1,0,,1,2,-0.7987263253206249,0.0,0,9,0.0,1,0,0,0.8,0.6,0.6666666666666666,0.3333333333333333,0.4,0.5,0.5
4089,Toyohashi University of Technology,https://www.tut.ac.jp,Japan,Asia (East & Southeast),29.978001524708514,D,941,116,26.0,23.3,,0,63.177104818841975,1,1,7,1,0,0,0,0,0,0,0,0,1,0,1,0,0,0,0,0,1,0,1,1,1,1,1,1,1,0,0,0,1,1,0,0,0,1,1,1,1,1,12.63,1,1,0,0,0,0,75,1,0,1,1,0,0,57.9,1,0,0,112.0,2,1,-1.3044868580278517,0.0,0,9,1.0,0,0,0,0.6,1.0,0.3333333333333333,0.3333333333333333,0.6,0.25,0.0
6047,Autonomous University of Nuevo Leon,https://www.uanl.mx,Mexico,Latin America & Africa,29.977110969602474,D,942,91,4.0,23.2,,0,63.49005294817498,1,1,4,1,1,0,0,0,0,0,0,0,1,0,1,0,0,0,1,0,1,0,1,1,1,1,1,1,0,1,0,1,0,1,0,0,0,1,0,1,1,1,5.74,1,1,0,0,0,0,75,1,0,1,1,1,1,56.1,1,0,0,,0,1,-0.8827940947499985,0.0,0,9,0.85,1,0,0,0.6,0.8,0.3333333333333333,1.0,0.8,0.375,0.0
3310,University of Zielona Gora,https://www.uz.zgora.pl,Poland,Eastern & Southern Europe,29.85373351274093,D,943,156,22.0,23.2,,0,49.50479420928785,1,1,20,0,0,0,0,0,0,0,1,6,1,0,0,1,1,1,0,0,1,0,0,1,1,0,1,1,0,1,0,0,0,1,0,0,0,1,1,0,1,0,21.0,1,1,0,0,0,0,75,1,0,1,0,1,0,60.6,1,1,0,,0,3,-0.4364643962051637,0.0,0,9,0.45,1,0,0,0.4,0.6,0.6666666666666666,0.3333333333333333,0.4,0.625,0.0
2107,Wageningen University & Research,https://www.wur.nl,Netherlands,Western & Northern Europe,29.62838882291718,D,944,191,17.0,23.1,,0,61.18614323766076,0,1,6,1,1,0,0,0,0,0,0,0,1,0,1,1,1,1,0,1,1,0,0,1,0,1,1,1,0,1,1,1,1,1,0,0,0,0,0,0,1,1,19.42,1,0,0,0,0,0,80,1,0,1,1,1,0,11.1,1,1,0,,0,1,0.3931677347972573,0.0,0,10,1.0,1,0,0,0.6,0.4,0.6666666666666666,0.6666666666666666,0.6,0.75,0.0
3087,Poznan University of Technology,https://www.put.poznan.pl,Poland,Eastern & Southern Europe,29.626253050396116,D,945,157,23.0,23.0,,0,68.85222649895452,1,1,0,1,1,0,0,0,0,0,1,0,1,1,1,1,1,0,1,1,1,0,1,0,1,1,1,1,1,1,1,1,1,1,1,0,0,1,0,0,1,1,1.51,1,1,0,0,1,0,75,1,0,0,0,1,1,72.0,1,0,0,49.0,3,2,-0.6043748357830228,0.0,0,9,0.0,0,0,0,0.8,0.6,0.3333333333333333,0.6666666666666666,0.8,0.75,0.25
6154,University of Botswana,https://www.ub.bw,Sub-Saharan Africa,Latin America & Africa,29.527745521235193,D,946,92,,22.9,28.66681134014448,1,58.50085848731769,1,1,5,1,0,0,0,0,0,0,0,2,1,0,1,1,1,1,0,0,1,0,1,0,0,0,1,1,0,1,0,1,0,1,0,0,1,1,0,1,1,0,5.15,1,0,0,0,0,0,75,1,1,0,0,1,1,84.2,1,0,0,0.0,3,3,0.2468360284197866,0.6931471805599453,1,9,1.0,0,0,0,0.4666666666666667,0.6,0.3333333333333333,0.6666666666666666,0.6,0.625,0.0
6130,Hassan II University of Casablanca,https://www.univh2c.ma,Egypt & North Africa,Latin America & Africa,29.367769743481205,D,947,93,,22.8,,0,55.21449934910437,1,1,3,1,1,0,0,0,1,1,0,10,1,0,1,1,1,0,1,0,1,0,1,1,0,0,1,1,1,1,1,0,0,1,1,0,0,1,0,1,1,1,21.0,1,1,0,0,0,0,75,1,0,0,0,1,0,23.7,1,0,0,957.0,2,1,1.1987113865720818,0.0,0,9,0.6,0,0,0,0.6,0.8,0.3333333333333333,0.3333333333333333,0.8,0.5,0.0
6007,University of Brasilia,https://www.unb.br,Brazil,Latin America & Africa,29.286690138741054,D,948,94,10.0,22.8,,0,38.93630363022736,1,1,7,1,0,1,0,0,0,0,0,0,0,0,0,1,0,0,0,0,1,0,1,0,1,0,1,1,0,0,0,0,0,0,0,0,0,1,0,1,0,1,11.66,1,1,0,0,0,0,75,1,1,1,0,1,0,83.3,1,0,0,,0,0,-0.0316276565561068,0.6931471805599453,1,9,1.0,1,0,0,0.2666666666666666,0.6,0.3333333333333333,0.3333333333333333,0.8,0.25,0.0
4132,Taipei Medical University,https://www.tmu.edu.tw,Taiwan,Asia (East & Southeast),29.26475064853412,D,949,117,,22.7,,0,54.79855139226271,1,1,5,1,0,0,1,1,0,0,1,0,1,0,1,1,1,0,0,0,1,0,1,1,1,1,1,0,0,0,0,1,0,1,1,0,0,0,1,0,0,0,15.43,1,1,0,0,1,0,55,1,0,0,1,0,0,100.0,1,0,0,,0,2,-0.4400647048842706,0.0,0,6,1.0,1,0,0,0.5333333333333333,0.2,0.3333333333333333,0.3333333333333333,0.6,0.5,0.25
3050,Polytechnic University of Madrid,https://www.upm.es,Spain,Eastern & Southern Europe,29.1419269581625,D,950,158,24.0,22.6,,0,44.09056935018948,1,1,3,0,0,0,1,1,0,0,0,0,1,0,1,0,0,0,0,0,1,0,1,0,0,1,1,1,0,0,0,0,1,0,0,0,0,0,0,1,1,1,21.0,1,1,0,0,0,0,75,1,0,1,0,1,0,95.5,1,1,0,,0,1,-0.3622964694183661,0.0,0,9,0.6,1,0,0,0.3333333333333333,0.6,0.6666666666666666,0.3333333333333333,0.4,0.25,0.0
3097,Cardinal Stefan Wyszynski University,https://www.uksw.edu.pl,Poland,Eastern & Southern Europe,29.09456232077617,D,951,159,24.0,22.5,,0,57.76978097418889,1,1,1,1,1,0,0,0,1,1,0,0,0,1,0,1,1,1,1,0,1,0,0,1,1,1,1,1,1,1,0,0,1,1,0,0,0,1,0,1,1,1,15.13,1,1,0,0,0,0,90,1,0,1,0,1,0,21.2,1,0,0,116.0,2,0,2.606396018989748,0.0,0,12,0.15,0,0,0,0.6,0.8,0.3333333333333333,0.3333333333333333,0.8,0.625,0.0
2101,University of Amsterdam,https://www.uva.nl,Netherlands,Western & Northern Europe,29.043899950416247,D,952,192,18.0,22.4,,0,58.43156482065812,0,1,3,1,0,0,0,0,0,0,1,0,1,0,1,1,1,0,0,0,1,0,0,1,1,1,1,1,0,1,1,1,0,1,1,0,0,0,0,1,1,1,1.16,1,0,0,1,0,0,100,1,0,0,1,1,0,0.0,1,0,0,0.0,3,2,-0.673951671800231,0.0,0,13,0.6,0,0,0,0.6666666666666666,0.6,0.3333333333333333,0.6666666666666666,0.4,0.5,0.25
6329,University of Zululand,https://www.unizulu.ac.za,South Africa,Latin America & Africa,28.81670873435032,D,953,95,20.0,22.3,,0,64.65416847564097,1,1,7,1,1,0,0,0,1,0,1,4,1,1,1,1,1,1,0,0,1,1,1,1,0,1,1,1,0,1,1,1,0,1,1,0,0,0,0,1,1,0,8.21,1,0,0,0,0,0,90,1,0,1,0,1,0,55.2,1,0,0,,1,1,0.893063335789235,0.0,0,12,1.0,1,0,0,0.6666666666666666,0.4,0.3333333333333333,0.3333333333333333,0.8,0.625,0.0
5175,L.N. Gumilyov Eurasian National University,https://www.enu.kz,Central Asia,South & Central Asia + Oceania,28.715955777345147,D,954,198,,22.3,,0,52.51021646571678,1,1,6,0,1,0,1,1,0,0,0,10,1,0,1,1,1,1,0,1,1,0,1,1,1,0,0,0,0,0,0,1,0,1,0,0,0,1,0,1,1,1,21.0,1,1,0,0,0,0,75,1,0,1,1,0,1,30.8,0,1,0,1.0,3,1,0.4365211011459682,0.0,0,9,1.0,0,0,0,0.3333333333333333,0.8,0.3333333333333333,0.6666666666666666,0.6,0.75,0.0
3147,Politehnica University of Timisoara,https://www.upt.ro,Romania,Eastern & Southern Europe,28.711223401458405,D,955,160,,22.2,,0,45.1837000449363,1,1,1,0,0,0,0,1,0,0,0,0,0,1,1,0,0,0,0,1,0,0,0,0,0,1,1,0,0,0,0,1,0,1,0,0,0,1,0,1,1,1,19.51,0,1,0,0,0,0,75,1,0,1,1,1,1,100.0,1,0,0,0.0,3,0,-0.2495181206965527,0.0,0,9,0.15,0,0,0,0.2666666666666666,0.8,0.3333333333333333,1.0,0.4,0.125,0.0
2189,University of Antwerp,https://www.uantwerpen.be,Belgium/Ireland/Iceland,Western & Northern Europe,28.640563516494517,D,956,193,,22.1,,0,62.23466478223197,1,1,3,1,1,0,0,0,0,0,1,1,1,1,1,0,0,0,0,0,0,0,0,0,1,1,1,1,0,1,1,1,1,1,1,0,0,0,0,1,1,0,12.07,0,0,0,0,0,0,90,1,0,1,1,1,0,11.1,1,0,0,14.0,3,0,0.7609471567065966,0.0,0,12,0.6,0,0,0,0.6666666666666666,0.4,0.3333333333333333,0.6666666666666666,0.8,0.0,0.0
4007,Nanjing University,https://www.nju.edu.cn,China,Asia (East & Southeast),28.513425353719843,D,957,118,10.0,22.0,,0,53.263500287256605,1,1,9,1,0,0,0,1,0,0,1,10,1,0,1,0,0,0,1,0,1,0,1,1,1,1,1,1,1,1,0,1,0,0,0,0,0,0,0,1,1,0,12.63,1,0,0,0,0,0,75,1,0,1,0,1,0,0.0,0,0,0,2.0,3,1,0.2929942492826386,0.0,0,9,1.0,0,0,0,0.6,0.4,0.0,0.3333333333333333,0.6,0.375,0.0
3123,Athens University of Economics and Business,https://www.aueb.gr,Greece,Eastern & Southern Europe,28.383030979740717,D,958,161,,21.9,18.26682122817213,1,62.73642131502311,1,1,0,0,1,0,0,1,0,0,1,1,1,1,0,1,1,1,1,0,1,0,1,1,1,1,1,1,0,1,1,1,1,1,1,0,0,0,1,1,1,0,4.48,1,0,0,0,0,1,75,1,0,1,1,1,0,89.5,1,0,0,31.0,3,0,0.0433823359360547,0.0,0,9,0.0,0,0,0,0.8,0.6,0.3333333333333333,0.6666666666666666,0.6,0.625,0.25
1063,Northeastern University,https://www.northeastern.edu,United States,North America,28.318523212797338,D,959,194,169.0,21.9,,0,55.478270754402686,1,1,20,1,0,0,0,0,0,0,0,0,1,0,1,1,0,0,1,1,1,0,1,1,1,1,1,1,0,1,1,1,0,0,0,0,0,0,0,1,1,0,9.93,1,0,1,0,0,0,90,1,2,1,0,1,1,46.7,1,1,0,,0,1,-0.1263891478129919,1.0986122886681098,1,12,0.45,1,0,0,0.6,0.4,0.6666666666666666,0.6666666666666666,0.6,0.625,0.25
2103,Utrecht University,https://www.uu.nl,Netherlands,Western & Northern Europe,28.207144532220482,D,960,194,19.0,21.8,25.24510042047749,1,53.84448555437042,1,1,5,1,1,0,0,0,0,0,0,0,1,0,0,0,0,0,0,0,1,0,1,1,0,1,1,1,0,1,1,1,0,1,1,0,0,0,0,0,1,0,10.37,1,1,0,0,0,0,100,1,0,1,1,1,0,33.3,1,0,0,,0,1,-1.3305096483878884,0.0,0,13,1.0,1,0,0,0.6666666666666666,0.2,0.3333333333333333,0.6666666666666666,0.8,0.25,0.0
6098,University of Costa Rica,https://www.ucr.ac.cr,Peru & Andes,Latin America & Africa,28.185113498287635,D,961,96,,21.7,,0,52.35615097704275,1,1,5,1,0,0,0,0,1,4,1,2,1,1,0,1,1,1,1,1,1,0,0,0,0,0,1,0,0,0,1,0,1,1,0,0,0,0,0,1,1,1,21.0,1,0,0,0,0,0,90,1,0,1,1,1,1,82.9,1,0,0,11.0,3,1,-0.5908086526887811,0.0,0,12,1.0,0,0,0,0.2666666666666666,0.6,0.3333333333333333,1.0,0.6,0.75,0.0
2050,University of Freiburg,https://uni-freiburg.de,Germany,Western & Northern Europe,28.110363271274252,D,962,195,32.0,21.6,,0,53.66533908604957,1,1,7,1,1,0,0,1,0,0,0,1,1,0,1,1,1,0,0,1,1,0,0,0,0,1,1,1,0,0,0,0,1,1,0,0,0,1,0,0,1,1,14.35,1,0,0,0,0,0,90,1,0,1,0,1,0,71.2,1,1,0,,0,0,0.4344912653488685,0.0,0,12,1.0,1,0,0,0.3333333333333333,0.6,0.6666666666666666,0.3333333333333333,0.8,0.5,0.0
3136,University of Chemistry and Technology Prague,https://www.vscht.cz,Czechia,Eastern & Southern Europe,28.00971251226968,D,963,162,,21.5,,0,31.03782987428579,1,0,0,0,0,0,0,0,0,0,0,9,0,0,0,1,1,1,1,0,1,0,0,0,0,0,0,1,0,0,0,1,0,0,0,0,0,1,0,1,1,1,16.3,0,1,0,0,0,0,75,1,0,1,0,1,0,81.0,1,0,0,0.0,3,0,0.0155469154712757,0.0,0,9,0.0,0,0,0,0.1333333333333333,0.8,0.3333333333333333,0.3333333333333333,0.2,0.625,0.0
6112,Rhodes University,https://www.ru.ac.za,South Africa,Latin America & Africa,27.865665150199604,D,964,97,21.0,21.5,23.77194532973091,1,45.0,1,0,0,1,0,0,0,0,0,0,0,0,1,1,1,0,0,0,0,0,1,0,1,1,1,1,1,1,1,1,1,1,1,0,1,0,0,1,0,1,1,1,5.33,0,1,0,0,0,0,75,1,2,1,1,0,1,50.0,1,0,0,,0,0,-0.6909541661019626,1.0986122886681098,1,9,0.0,1,0,0,0.8,0.8,0.3333333333333333,0.6666666666666666,0.4,0.125,0.0
3193,Comenius University Bratislava,https://www.uniba.sk,Bulgaria & Slovakia,Eastern & Southern Europe,27.82582385472677,D,965,163,,21.4,,0,45.0,1,0,0,1,0,0,1,1,0,0,1,1,1,0,0,1,1,0,1,0,1,0,1,1,1,1,1,1,0,0,0,0,0,1,1,0,0,1,1,1,1,1,21.0,1,1,0,0,0,0,75,1,0,1,1,1,0,36.8,1,0,0,49.0,3,0,0.248466530586231,0.0,0,9,0.0,0,0,0,0.5333333333333333,1.0,0.3333333333333333,0.6666666666666666,0.4,0.5,0.0
2055,Goethe University Frankfurt,https://www.goethe-university-frankfurt.de,Germany,Western & Northern Europe,27.73490949158946,D,966,196,33.0,21.3,,0,69.38340012643835,1,1,5,0,1,0,0,0,0,0,0,0,1,1,1,1,1,1,1,0,1,0,0,1,1,1,1,1,0,0,0,1,1,1,1,0,0,0,0,1,1,0,11.71,1,1,0,0,1,0,100,1,0,1,1,1,0,59.3,1,1,0,156.0,2,3,-0.8232025409689913,0.0,0,13,1.0,0,0,0,0.6,0.4,0.6666666666666666,0.6666666666666666,0.6,0.75,0.25
4111,Sejong University,https://www.sejong.ac.kr,South Korea,Asia (East & Southeast),27.67557951592035,D,967,119,15.0,21.2,,0,65.91824071220788,0,1,6,1,1,0,1,1,1,1,0,10,1,1,1,1,1,0,1,0,1,0,1,1,1,1,1,1,0,0,0,1,0,1,1,0,0,1,1,1,0,0,18.88,1,0,0,0,0,0,55,1,0,1,0,1,1,41.9,1,0,0,,1,1,0.2394833596535503,0.0,0,6,1.0,1,0,0,0.6,0.6,0.3333333333333333,0.6666666666666666,0.6,0.5,0.0
3105,University of Aveiro,https://www.ua.pt,Portugal,Eastern & Southern Europe,27.653813755937165,D,968,164,,21.1,,0,33.95960943499353,1,1,4,1,1,0,0,0,0,0,0,0,0,0,0,0,0,0,0,0,1,0,0,0,0,0,0,0,0,0,0,1,0,1,0,0,0,1,0,1,1,1,21.0,1,0,0,0,0,0,100,1,0,0,1,1,0,93.8,1,0,0,11.0,3,0,-0.0289897572723701,0.0,0,13,0.85,0,0,0,0.1333333333333333,0.8,0.3333333333333333,0.6666666666666666,0.8,0.125,0.0
2170,University of Oulu,https://www.oulu.fi,Finland,Western & Northern Europe,27.576297315695772,D,969,197,,21.0,,0,56.64835799685623,1,1,2,1,1,0,0,1,0,0,0,2,1,0,1,0,0,1,0,0,1,0,0,1,1,0,1,0,0,1,1,1,1,1,0,0,0,1,0,0,1,1,15.92,1,1,0,0,1,0,75,1,0,1,1,1,0,13.3,1,0,0,8.0,3,0,-0.5954369637521699,0.0,0,9,0.35,0,0,0,0.5333333333333333,0.6,0.3333333333333333,0.6666666666666666,0.8,0.25,0.25
4019,Central South University,https://www.csu.edu.cn,China,Asia (East & Southeast),27.475020087169217,D,970,120,11.0,21.0,,0,45.0,1,0,0,1,0,0,0,0,0,0,1,3,1,0,1,1,1,0,1,0,1,0,1,1,1,1,1,1,1,1,0,1,0,1,1,0,0,0,0,1,1,0,21.0,1,0,0,0,0,0,0,1,0,1,0,0,0,2.4,0,0,0,291.0,2,2,-0.0409458890041531,0.0,0,1,0.0,0,0,0,0.7333333333333333,0.4,0.0,0.0,0.4,0.625,0.0
4197,University of Santo Tomas,https://www.ust.edu.ph,Philippines,Asia (East & Southeast),27.341364165108608,D,971,121,,20.9,,0,57.47966809211063,1,1,10,1,0,0,0,1,1,0,1,0,1,0,1,1,1,0,1,1,1,0,0,0,0,1,1,1,0,0,1,1,1,1,0,0,0,0,0,1,1,0,6.78,1,1,0,0,0,0,90,1,0,1,1,1,1,0.0,1,0,0,4.0,3,2,0.6603284013981097,0.0,0,12,0.9266666666666666,0,0,0,0.4666666666666667,0.4,0.3333333333333333,1.0,0.6,0.75,0.0
5048,All India Institute of Medical Sciences Delhi,https://www.aiims.edu,India,South & Central Asia + Oceania,27.25704472766087,D,972,199,85.0,20.8,,0,45.0,1,0,0,1,0,0,0,0,1,1,1,0,1,0,1,0,0,1,0,1,1,0,1,1,1,1,1,1,0,1,0,1,1,1,1,0,0,0,0,1,1,0,10.86,1,1,0,0,0,0,20,1,0,1,0,0,0,22.0,0,1,0,314.0,2,1,-0.473394342899802,0.0,0,2,0.0,0,0,0,0.7333333333333333,0.4,0.3333333333333333,0.0,0.4,0.5,0.0
4005,Zhejiang University,https://www.zju.edu.cn,China,Asia (East & Southeast),27.202194711352135,D,973,122,12.0,20.7,,0,45.0,1,0,0,0,0,0,0,0,0,0,1,10,1,1,1,1,0,0,1,0,1,0,1,1,1,1,1,1,0,0,0,1,0,1,0,0,0,0,0,1,1,1,10.16,1,1,0,0,0,0,75,1,0,1,0,0,0,20.0,1,0,0,18.0,3,2,-0.3475270762023884,0.0,0,9,0.0,0,0,0,0.5333333333333333,0.6,0.3333333333333333,0.0,0.2,0.5,0.0
6078,Industrial University of Santander,https://www.uis.edu.co,Colombia,Latin America & Africa,27.033593879225506,D,974,98,,20.6,,0,45.036193746798055,0,1,9,0,1,0,0,0,0,0,0,0,1,0,1,0,0,0,0,0,1,0,1,1,0,1,1,1,0,0,0,1,0,0,0,0,0,0,0,0,1,0,12.63,1,0,0,0,0,0,90,1,0,1,0,1,1,84.2,1,0,0,,0,1,-0.6726434533822531,0.0,0,12,1.0,1,0,0,0.4,0.2,0.3333333333333333,0.6666666666666666,0.4,0.125,0.0
6093,Cayetano Heredia University,https://www.cayetano.edu.pe,Peru & Andes,Latin America & Africa,27.022759159576136,D,975,99,,20.6,,0,42.9537180204582,1,1,1,1,0,0,0,0,0,0,0,1,0,0,0,1,1,1,0,1,1,0,0,1,0,0,1,0,0,0,0,0,0,1,1,0,0,1,0,1,1,1,21.0,1,0,0,0,0,0,90,1,2,1,1,1,1,89.6,1,0,0,25.0,3,1,-0.7960294867858355,1.0986122886681098,1,12,0.15,0,0,0,0.2666666666666666,0.8,0.3333333333333333,1.0,0.6,0.625,0.0
4187,King Mongkut's University of Technology Thonburi,https://www.kmutt.ac.th,Thailand,Asia (East & Southeast),27.02071959081397,D,976,123,,20.5,,0,45.0,1,0,0,1,1,0,0,0,0,0,1,0,1,1,1,1,1,0,0,1,1,0,1,1,1,1,1,1,1,1,0,1,0,1,0,0,0,1,1,1,1,1,11.49,1,1,0,0,0,0,75,1,0,1,1,1,1,24.1,1,0,0,188.0,2,1,-0.3080979996335865,0.0,0,9,0.0,0,0,0,0.6666666666666666,1.0,0.3333333333333333,1.0,0.6,0.5,0.0
1402,University of Windsor,https://www.uwindsor.ca,Canada,North America,26.99575954931712,D,977,195,26.0,20.4,,0,45.0,1,0,0,1,0,0,1,1,0,0,1,0,1,0,0,1,0,0,0,0,1,0,0,1,1,1,1,1,0,1,0,1,0,1,0,0,0,0,0,0,1,1,12.63,1,0,0,0,0,0,75,1,0,1,0,1,1,65.0,1,1,0,,0,1,1.5688219847827063,0.0,0,9,0.0,1,0,0,0.5333333333333333,0.4,0.6666666666666666,0.6666666666666666,0.4,0.375,0.0
2137,University of Bergen,https://www.uib.no,Norway,Western & Northern Europe,26.934878571379087,D,978,198,,20.3,,0,31.277602588176126,1,1,7,0,1,1,0,0,0,0,0,0,0,0,0,1,1,1,0,0,1,0,0,0,0,0,0,0,0,0,0,0,0,0,0,0,0,0,0,0,1,1,18.53,1,1,1,0,0,0,100,1,0,1,0,1,0,89.5,1,0,0,0.0,3,1,-0.0871575379673525,0.0,0,13,1.0,0,0,0,0.0,0.4,0.3333333333333333,0.3333333333333333,0.8,0.5,0.25
3118,National Technical University of Athens,https://www.ntua.gr,Greece,Eastern & Southern Europe,26.91767412858023,D,979,165,,20.2,,0,47.2016072136545,1,1,6,0,1,0,0,0,0,0,0,0,1,0,1,1,1,0,0,0,1,0,1,0,1,0,1,1,0,1,0,0,0,1,0,0,0,1,0,1,1,1,9.01,1,0,0,0,0,0,90,1,0,0,0,1,0,73.8,1,0,0,,0,0,0.872518699070787,0.0,0,12,1.0,1,0,0,0.4,0.8,0.3333333333333333,0.3333333333333333,0.6,0.375,0.0
4093,Meiji University,https://www.meiji.ac.jp,Japan,Asia (East & Southeast),26.765245141812073,D,980,124,27.0,20.1,,0,45.0,1,0,0,1,0,0,0,0,1,1,1,2,1,1,1,1,1,0,0,0,1,0,1,1,1,1,1,1,1,0,1,1,0,1,0,0,0,0,1,1,1,0,21.0,1,1,0,0,0,0,75,1,0,0,1,1,0,11.8,1,0,0,4.0,3,2,-0.1073315791455033,0.0,0,9,0.0,0,0,0,0.6666666666666666,0.6,0.3333333333333333,0.6666666666666666,0.4,0.5,0.0
4108,Chung-Ang University,https://www.cau.ac.kr,South Korea,Asia (East & Southeast),26.758019773977324,D,981,125,16.0,20.1,,0,62.45320477305442,0,1,6,1,0,0,0,0,0,0,1,10,1,1,1,0,0,1,1,0,1,0,1,1,1,1,1,1,0,1,0,1,0,1,0,0,0,1,0,1,1,0,21.0,1,0,1,0,0,0,75,1,0,0,0,0,1,14.3,1,0,0,681.0,2,0,-0.1688892190947551,0.0,0,9,1.0,0,0,0,0.6,0.6,0.3333333333333333,0.3333333333333333,0.4,0.375,0.25
4106,UNIST,https://www.unist.ac.kr,South Korea,Asia (East & Southeast),26.754116098249682,D,982,126,17.0,20.0,,0,56.61675675367907,1,1,3,1,1,0,0,0,0,0,1,10,1,0,1,0,0,0,1,1,1,0,1,1,0,1,1,1,1,0,0,0,1,0,0,0,0,1,1,1,1,1,21.0,1,1,0,0,1,0,75,1,0,1,0,1,1,11.2,1,0,0,44.0,3,0,0.2264073903832844,0.0,0,9,0.6,0,0,0,0.4666666666666667,1.0,0.3333333333333333,0.6666666666666666,0.8,0.375,0.25
2091,Toulouse III - Paul Sabatier University,https://www.univ-tlse3.fr,France,Western & Northern Europe,26.60648756190182,D,983,199,23.0,19.9,15.833596350167879,1,72.22439845707468,1,1,7,1,1,0,0,1,1,0,0,10,1,1,1,1,1,0,1,0,0,1,1,1,0,1,1,1,1,1,1,1,1,1,1,0,0,1,1,1,0,1,1.0,0,1,0,0,0,0,75,1,0,1,1,1,0,72.7,1,1,0,,1,1,-0.5699136066467629,0.0,0,9,1.0,1,0,0,0.8,0.8,0.6666666666666666,0.6666666666666666,0.8,0.625,0.0
6099,University of Puerto Rico,https://www.upr.edu,Peru & Andes,Latin America & Africa,26.554416671203644,D,984,100,,19.8,,0,40.7924652973707,1,1,4,1,1,0,0,0,0,0,0,0,0,0,0,1,1,0,0,1,1,0,0,0,1,0,0,0,1,0,0,0,1,1,0,0,0,0,0,0,1,0,9.1,1,0,0,0,0,0,90,1,1,1,1,0,1,81.5,1,0,0,4.0,3,1,-0.285160601905934,0.6931471805599453,1,12,0.85,0,0,0,0.2666666666666666,0.2,0.3333333333333333,0.6666666666666666,0.8,0.5,0.0
4211,University of Danang,https://www.udn.vn,Vietnam,Asia (East & Southeast),26.503082732085357,D,985,127,,19.7,23.83534230994144,1,58.36920206868583,1,1,1,1,0,0,0,0,1,1,1,0,1,0,1,1,1,0,1,1,1,0,1,1,1,1,1,1,0,0,0,0,0,1,0,1,0,0,0,1,0,0,15.43,1,1,0,0,0,0,90,1,1,1,0,1,1,47.8,1,0,0,4.0,3,2,-0.3807199212730636,0.6931471805599453,1,12,0.15,0,0,0,0.5333333333333333,0.2,0.3333333333333333,0.6666666666666666,0.6,0.75,0.0
5304,Delhi Technological University,https://www.dtu.ac.in,India,South & Central Asia + Oceania,26.47174597520585,D,986,200,86.0,19.7,,0,45.0,1,0,0,1,0,0,0,0,1,1,1,0,1,1,1,0,0,1,1,0,1,0,1,1,1,1,1,1,1,1,1,1,1,1,0,1,0,0,0,1,1,0,4.67,1,0,0,0,1,0,0,1,4,1,1,1,0,53.8,0,0,0,0.0,3,1,3.7611555278355833,1.6094379124341005,1,1,0.0,0,0,0,0.8666666666666667,0.4,0.0,0.6666666666666666,0.4,0.5,0.25
4039,Beijing Jiaotong University,https://www.bjtu.edu.cn,China,Asia (East & Southeast),26.45338504782866,D,987,128,13.0,19.6,,0,44.100613655479,1,0,0,0,0,0,0,0,0,0,1,1,1,0,1,1,1,0,0,0,1,0,1,1,1,1,1,1,0,1,1,1,0,1,0,1,0,0,0,1,0,0,12.82,1,0,0,0,0,0,75,0,1,0,0,1,0,0.0,0,0,0,,0,1,-0.229843352769995,0.6931471805599453,1,9,0.0,1,0,0,0.7333333333333333,0.2,0.0,0.3333333333333333,0.2,0.5,0.0
1077,University of Missouri,https://www.missouri.edu,United States,North America,26.288634209956253,D,988,196,170.0,19.5,18.53813277613888,1,63.24227799667559,1,1,7,1,0,0,0,0,0,0,0,6,1,1,1,0,0,0,0,0,1,0,1,1,1,1,1,1,0,0,1,1,1,1,0,0,0,1,0,1,1,1,1.15,1,0,0,0,0,0,100,1,0,0,0,1,1,100.0,1,1,0,,0,1,-1.162548605321011,0.0,0,13,1.0,1,0,0,0.6666666666666666,0.8,0.6666666666666666,0.6666666666666666,0.6,0.25,0.0
4021,Southeast University,https://www.seu.edu.cn,China,Asia (East & Southeast),26.246288189263627,D,989,129,14.0,19.4,,0,45.0,1,0,0,1,0,0,0,0,0,0,1,6,1,0,1,1,0,0,1,1,1,0,1,1,1,1,1,1,1,1,0,1,0,1,0,0,0,0,0,1,1,0,15.72,1,0,0,0,1,0,75,1,0,1,1,1,0,0.0,0,0,0,4.0,3,1,-0.1473641619883175,0.0,0,9,0.0,0,0,0,0.6666666666666666,0.4,0.0,0.6666666666666666,0.4,0.625,0.25
3132,Czech Technical University in Prague,https://www.cvut.cz,Czechia,Eastern & Southern Europe,26.19308346030472,D,990,166,,19.3,,0,57.446762465142,1,1,2,0,1,0,0,0,0,0,1,0,1,0,1,1,1,0,0,0,1,0,1,1,1,1,1,1,0,1,1,1,1,1,0,0,0,0,0,1,1,1,1.41,1,1,0,0,0,0,75,1,0,1,1,1,0,6.7,1,0,0,,1,2,-0.6144315038219105,0.0,0,9,0.35,1,0,0,0.7333333333333333,0.6,0.3333333333333333,0.6666666666666666,0.6,0.5,0.0
4029,Northwestern Polytechnical University,https://www.nwpu.edu.cn,China,Asia (East & Southeast),26.17792497155904,D,991,130,15.0,19.2,,0,45.0,1,0,0,1,0,0,0,0,0,0,1,0,1,0,1,1,1,0,0,1,1,0,1,1,1,1,1,1,1,1,0,1,0,1,0,0,0,0,0,1,0,0,20.27,1,0,0,0,0,0,55,1,0,1,1,1,0,25.0,0,0,0,,1,2,1.3115116710573538,0.0,0,6,0.0,1,0,0,0.6666666666666666,0.2,0.0,0.6666666666666666,0.4,0.625,0.0
4083,Yamaguchi University,https://www.yamaguchi-u.ac.jp,Japan,Asia (East & Southeast),26.085751328231126,D,992,131,28.0,19.2,31.868632067145654,1,54.79240078620023,1,1,2,1,1,0,0,0,0,0,0,0,1,0,1,1,1,1,0,1,1,0,1,1,0,1,1,0,0,0,0,1,0,1,0,0,0,0,1,1,1,1,21.0,1,0,0,0,0,0,90,1,2,0,1,0,0,26.9,1,1,0,13.0,3,1,0.0867962723284448,1.0986122886681098,1,12,0.35,0,0,0,0.4,0.8,0.6666666666666666,0.3333333333333333,0.8,0.625,0.0
4058,Osaka University,https://www.osaka-u.ac.jp,Japan,Asia (East & Southeast),25.979524736886802,D,993,132,29.0,19.1,,0,42.42239462926547,1,1,5,0,1,1,0,0,0,0,1,10,1,0,0,1,1,1,0,1,1,0,0,1,0,0,1,0,0,1,0,0,0,0,0,1,0,0,0,1,1,0,21.0,1,0,0,0,0,0,75,1,0,1,1,1,0,79.0,1,0,0,,0,3,-0.3414920134622657,0.0,0,9,1.0,1,0,0,0.2666666666666666,0.4,0.3333333333333333,0.6666666666666666,0.8,0.75,0.0
1123,University of Rhode Island,https://www.uri.edu,United States,North America,25.669735046826915,D,994,197,171.0,19.0,21.940450402883357,1,54.25097532255004,1,1,1,1,0,0,0,1,0,0,0,0,1,0,1,1,1,0,1,1,1,1,1,1,0,1,1,1,0,1,0,1,0,0,0,0,0,0,0,1,1,1,20.12,1,1,0,0,0,0,90,1,0,1,1,1,1,42.1,1,1,0,,0,1,-0.3081605249508536,0.0,0,12,0.15,1,0,0,0.4666666666666667,0.6,0.6666666666666666,1.0,0.6,0.875,0.0
3145,Alexandru Ioan Cuza University,https://www.uaic.ro,Romania,Eastern & Southern Europe,25.53015910948879,D,995,167,,18.9,,0,58.306042149666176,1,1,0,1,1,1,0,0,0,0,1,0,1,0,1,1,1,0,0,0,1,1,1,1,1,1,1,1,1,0,0,1,0,1,0,0,0,0,0,0,0,1,4.67,1,1,0,0,0,1,90,1,0,1,0,1,0,65.0,1,0,0,,0,2,0.2886932027417823,0.0,0,12,0.0,1,0,0,0.6,0.2,0.3333333333333333,0.3333333333333333,1.0,0.625,0.25
5418,Central University of Haryana,https://www.cuh.ac.in,India,South & Central Asia + Oceania,25.526914238207276,D,996,201,87.0,18.8,,0,45.482147177328905,1,1,20,1,0,0,0,0,0,0,0,0,1,1,1,0,0,0,0,0,1,0,1,1,0,0,1,0,0,0,0,0,1,1,0,0,0,0,0,1,1,0,21.0,1,0,0,0,1,0,75,1,0,1,1,1,1,100.0,1,0,0,,0,1,-0.3875224018384989,0.0,0,9,0.45,1,0,0,0.3333333333333333,0.4,0.3333333333333333,1.0,0.6,0.25,0.25
6091,National University of San Marcos,https://www.unmsm.edu.pe,Peru & Andes,Latin America & Africa,25.519459430597756,D,997,101,,18.8,,0,26.33456423472281,1,0,0,0,0,0,0,1,0,0,0,1,0,0,0,1,0,0,0,1,1,0,0,0,0,0,0,0,0,0,0,0,0,1,0,0,0,1,0,1,1,1,21.0,1,1,0,0,0,0,90,1,0,1,1,1,1,100.0,1,0,0,,0,0,-0.5815124446926206,0.0,0,12,0.0,1,0,0,0.0666666666666666,0.8,0.3333333333333333,1.0,0.2,0.375,0.0
4304,Beijing Forestry University,https://www.bjfu.edu.cn,China,Asia (East & Southeast),25.25038275767066,D,998,133,16.0,18.7,21.986751220591962,1,45.0,1,0,0,1,0,0,0,0,0,0,0,10,1,0,1,1,1,0,1,1,1,0,1,1,1,1,1,1,0,0,0,1,0,1,0,1,0,0,0,1,0,0,12.63,1,0,0,0,0,0,75,0,0,1,0,1,0,1.7,0,0,0,0.0,3,2,-0.4332249671121313,0.0,0,9,0.0,0,0,0,0.6,0.2,0.0,0.3333333333333333,0.4,0.75,0.0
2115,Rotterdam University of Applied Sciences,https://www.rotterdamuas.com,Netherlands,Western & Northern Europe,25.17927674359899,D,999,200,20.0,18.6,,0,61.97359710708396,0,1,1,1,1,1,0,0,0,0,0,0,1,1,1,1,0,0,0,0,1,0,0,1,1,1,1,1,0,1,1,0,1,1,1,0,0,0,0,1,1,0,11.9,1,0,0,0,0,0,75,1,0,1,1,1,0,0.0,1,0,0,41.0,3,1,0.6906971547688573,0.0,0,9,0.15,0,0,0,0.6666666666666666,0.4,0.3333333333333333,0.6666666666666666,0.8,0.375,0.0
4008,Wuhan University,https://www.whu.edu.cn,China,Asia (East & Southeast),25.08017804264485,D,1000,134,17.0,18.5,,0,45.0,1,0,0,1,0,0,0,0,0,0,0,4,1,0,1,1,1,0,1,0,1,0,1,1,1,1,1,0,0,1,0,1,1,1,0,0,0,0,0,1,1,1,15.43,1,1,0,0,0,0,75,1,0,1,0,0,0,5.1,1,0,0,4.0,3,2,0.5567264910260025,0.0,0,9,0.0,0,0,0,0.6,0.6,0.3333333333333333,0.0,0.4,0.625,0.0
6315,National University of Mar del Plata,https://www.mdp.edu.ar,Argentina,Latin America & Africa,25.0048737182934,D,1001,102,,18.4,,0,40.63715530159419,1,1,8,1,0,0,0,1,1,1,0,0,1,0,0,1,1,0,0,1,1,0,0,0,0,1,0,0,0,0,0,0,0,1,1,0,0,1,0,0,1,1,21.0,1,1,0,0,0,0,50,1,1,1,1,1,0,89.2,1,0,0,,0,1,-0.1109271277960805,0.6931471805599453,1,5,1.0,1,0,0,0.2,0.6,0.3333333333333333,0.6666666666666666,0.6,0.5,0.0
3148,West University of Timisoara,https://www.uvt.ro,Romania,Eastern & Southern Europe,24.81998333912372,D,1002,168,,18.4,,0,50.23498879177956,1,1,8,1,1,0,1,1,1,1,0,1,1,1,0,1,1,1,1,0,1,0,0,0,0,0,0,0,0,0,0,1,0,1,0,0,0,1,1,1,1,1,12.63,1,1,0,0,0,0,90,1,0,1,0,1,1,73.3,1,0,0,14.0,3,1,-0.0846605982019277,0.0,0,12,1.0,0,0,0,0.1333333333333333,1.0,0.3333333333333333,0.6666666666666666,0.8,0.625,0.0
3068,University of the Balearic Islands,https://www.uib.eu,Spain,Eastern & Southern Europe,24.78212184069671,D,1003,169,25.0,18.3,,0,46.44258216934654,0,1,0,1,1,0,0,1,0,0,1,0,0,0,0,0,0,0,0,1,1,0,1,1,0,0,1,1,0,1,0,0,1,1,1,0,0,1,1,1,1,0,16.1,0,0,0,0,0,0,75,1,0,1,1,1,0,33.3,1,1,0,,1,0,0.1577769348784036,0.0,0,9,0.0,1,0,0,0.5333333333333333,0.8,0.6666666666666666,0.6666666666666666,0.6,0.25,0.0
3159,Ivan Franko National University of Lviv,https://www.lnu.edu.ua,Ukraine,Eastern & Southern Europe,24.705149510033383,D,1004,170,,18.2,,0,65.04282402785188,0,1,7,1,1,0,0,1,0,0,1,6,1,0,1,0,0,1,0,0,1,0,1,1,1,1,1,1,0,1,0,1,0,1,0,0,0,0,0,1,1,1,11.29,1,0,0,0,0,0,75,1,0,0,0,1,1,,1,1,0,686.0,2,0,-0.6135335870327239,0.0,0,9,1.0,0,1,0,0.6,0.6,0.6666666666666666,0.6666666666666666,0.6,0.25,0.0
3032,University of Ferrara,https://www.unife.it,Italy,Eastern & Southern Europe,24.67739372178169,D,1005,171,28.0,18.1,,0,46.79039106549793,1,1,5,1,0,1,0,0,0,0,0,0,1,0,1,0,0,0,1,0,1,0,0,1,0,0,0,1,0,1,0,0,0,1,0,0,0,0,0,1,1,0,16.88,1,1,0,0,0,0,75,1,1,1,0,1,1,50.0,1,1,0,343.0,2,0,-0.6032973356359991,0.6931471805599453,1,9,1.0,0,0,0,0.2666666666666666,0.4,0.6666666666666666,0.6666666666666666,0.8,0.25,0.0
4049,Shanghai University,https://www.shu.edu.cn,China,Asia (East & Southeast),24.612031001085615,D,1006,135,18.0,18.0,,0,57.0226242591454,1,1,6,0,0,0,0,0,0,0,0,0,1,1,1,1,1,0,1,0,1,0,1,1,1,1,1,1,1,0,1,0,0,1,1,0,0,1,0,1,0,1,12.63,1,0,0,0,0,0,75,1,2,1,0,0,0,0.0,1,0,0,,0,2,0.6440337319997784,1.0986122886681098,1,9,1.0,1,0,0,0.6666666666666666,0.6,0.3333333333333333,0.0,0.4,0.625,0.0
6031,Pontifical Catholic University of Rio Grande do Sul,https://www.pucrs.br,Brazil,Latin America & Africa,24.584535562669885,D,1007,103,11.0,17.9,,0,53.2168658065556,1,1,6,0,1,0,0,1,0,0,1,0,1,0,0,0,0,1,1,0,1,0,1,1,0,0,1,1,1,1,0,1,0,1,0,0,0,1,0,1,1,1,5.74,1,1,0,0,0,0,90,1,25,1,1,1,1,25.0,1,0,0,265.0,2,1,-0.8951890387448791,2.3978952727983707,1,12,1.0,0,0,0,0.5333333333333333,0.8,0.3333333333333333,1.0,0.6,0.5,0.0
3076,University of Warsaw,https://www.uw.edu.pl,Poland,Eastern & Southern Europe,24.027214530216078,D,1008,172,25.0,17.9,,0,61.71326325793128,1,1,6,1,0,0,0,1,0,0,0,0,1,1,1,0,0,0,0,0,1,0,1,1,1,1,1,1,1,1,0,0,0,1,0,1,0,0,1,1,1,0,11.24,1,1,0,0,0,0,75,1,1,1,0,1,0,27.3,1,1,0,,0,0,0.1969261068869312,0.6931471805599453,1,9,1.0,1,0,0,0.6666666666666666,0.6,0.6666666666666666,0.3333333333333333,0.6,0.125,0.0
1120,University of Vermont,https://www.uvm.edu,United States,North America,24.013237315313134,D,1009,198,172.0,17.8,,0,65.9354799094662,1,1,6,1,0,0,0,1,0,0,0,3,1,1,1,1,1,0,0,1,1,0,1,1,0,1,1,1,1,1,0,1,1,1,1,0,0,0,0,1,1,1,1.38,1,0,0,0,0,0,75,1,0,1,1,1,1,33.3,1,1,0,,0,2,-0.5844697136196589,0.0,0,9,1.0,1,0,0,0.7333333333333333,0.6,0.6666666666666666,1.0,0.6,0.625,0.0
4306,Yamagata University,https://www.yamagata-u.ac.jp,Japan,Asia (East & Southeast),24.012594239503436,D,1010,136,30.0,17.7,17.14878548961732,1,61.4607901399653,1,1,5,1,1,0,0,0,0,0,0,0,1,0,1,0,0,1,1,0,1,0,1,1,1,1,1,1,0,0,0,1,0,1,0,0,0,1,1,1,0,0,21.0,1,1,0,0,0,0,75,1,0,1,0,0,0,5.9,0,0,0,130.0,2,3,-0.4070730285715996,0.0,0,9,1.0,0,0,0,0.5333333333333333,0.6,0.0,0.0,0.8,0.5,0.0
4031,Hunan University,https://www.hnu.edu.cn,China,Asia (East & Southeast),23.903700014337744,D,1011,137,19.0,17.6,,0,45.0,1,0,0,1,0,0,0,0,1,1,1,10,1,1,1,0,0,0,1,0,1,0,1,1,1,1,1,1,1,0,1,1,0,1,0,0,0,0,0,1,1,0,21.0,0,0,0,0,0,0,0,0,0,1,0,1,0,2.2,0,0,0,0.0,3,1,2.0186198554417354,0.0,0,1,0.0,0,0,0,0.6666666666666666,0.4,0.0,0.3333333333333333,0.4,0.375,0.0
3063,University of Valladolid,https://www.uva.es,Spain,Eastern & Southern Europe,23.898060334089664,D,1012,173,26.0,17.5,,0,28.324379739186792,0,1,0,0,0,0,0,0,0,0,0,0,0,0,1,0,0,0,0,1,1,0,0,1,0,0,1,1,0,0,0,0,0,1,0,0,0,0,0,0,0,0,15.43,1,0,0,0,0,0,75,1,6,1,0,1,0,100.0,1,0,0,,0,0,0.4934182306762842,1.9459101490553128,1,9,0.0,1,0,0,0.2666666666666666,0.0,0.3333333333333333,0.3333333333333333,0.2,0.25,0.0
5120,Macquarie University,https://www.mq.edu.au,Australia,South & Central Asia + Oceania,23.896273838203374,D,1013,202,37.0,17.5,26.44359581081355,1,45.0,0,0,0,0,0,0,0,0,0,0,0,0,1,0,1,0,0,0,0,0,1,0,0,1,0,1,1,1,1,1,0,1,0,1,0,0,1,0,0,0,0,0,11.53,1,0,0,0,0,0,75,1,0,1,1,1,1,60.0,1,0,0,,0,1,0.2194695472633981,0.0,0,9,0.0,1,0,0,0.6,0.0,0.3333333333333333,1.0,0.0,0.25,0.0
4001,Tsinghua University,https://www.tsinghua.edu.cn,China,Asia (East & Southeast),23.872673582290208,D,1014,138,20.0,17.4,,0,45.0,1,0,0,1,0,0,0,0,0,0,0,3,1,1,1,1,1,0,0,1,1,0,1,1,1,1,1,1,0,0,0,1,0,1,0,0,0,0,0,1,1,0,21.0,1,0,0,0,0,1,75,1,0,1,0,0,0,0.0,0,0,0,,0,2,0.14211768077957,0.0,0,9,0.0,1,0,0,0.5333333333333333,0.4,0.0,0.0,0.4,0.625,0.25
4301,Central China Normal University,https://www.ccnu.edu.cn,China,Asia (East & Southeast),23.86335046410231,D,1015,139,21.0,17.3,,0,44.90104006169268,1,0,0,0,0,0,0,0,0,0,0,0,1,0,1,0,0,0,0,1,1,0,1,1,1,0,1,1,1,1,0,1,0,1,0,0,1,0,0,1,0,0,12.63,1,0,0,0,0,0,75,0,0,1,0,0,0,0.0,1,0,0,,0,0,0.1177762610610749,0.0,0,9,0.0,1,0,0,0.6666666666666666,0.2,0.3333333333333333,0.0,0.2,0.25,0.0
3028,University of Salerno,https://www.unisa.it,Italy,Eastern & Southern Europe,23.79107241858289,D,1016,174,29.0,17.2,,0,49.32376180324951,1,1,20,1,1,1,0,0,1,0,0,0,1,0,0,1,1,0,0,0,1,0,1,1,0,0,1,1,0,0,0,0,1,1,1,0,0,1,1,0,1,1,1.01,1,1,0,0,0,0,75,1,0,1,0,1,0,100.0,1,1,0,,0,1,0.5137111501118972,0.0,0,9,0.45,1,0,0,0.4666666666666667,0.8,0.6666666666666666,0.3333333333333333,1.0,0.375,0.0
4109,Kyungpook National University,https://www.knu.ac.kr,South Korea,Asia (East & Southeast),23.73135947746022,D,1017,140,18.0,17.1,,0,61.88761655343486,1,1,7,1,0,0,1,1,0,0,1,3,1,1,1,1,1,1,1,1,1,0,1,1,1,1,1,1,1,1,1,1,0,0,0,0,0,0,1,1,1,0,7.46,0,0,0,0,0,0,75,1,0,0,0,1,0,45.2,0,0,0,,1,1,1.221589236229525,0.0,0,9,1.0,1,0,0,0.6666666666666666,0.6,0.0,0.3333333333333333,0.6,0.875,0.0
2072,Johannes Gutenberg University Mainz,https://www.uni-mainz.de,Germany,Western & Northern Europe,23.665989867331778,D,1018,201,34.0,17.0,,0,46.76680436072297,1,1,5,1,1,0,0,0,0,0,1,1,0,0,0,0,0,0,0,0,1,0,1,0,1,0,1,1,0,0,0,0,0,1,0,0,0,1,0,1,1,1,12.48,1,1,0,0,0,0,75,1,0,1,0,0,1,33.3,1,1,0,,1,0,0.8336279545591362,0.0,0,9,1.0,1,0,0,0.3333333333333333,0.8,0.6666666666666666,0.3333333333333333,0.8,0.125,0.0
5172,Far Western University,https://www.fwu.edu.np,Nepal,South & Central Asia + Oceania,23.650684855136877,D,1019,203,,17.0,31.474364392949706,1,55.489051352610886,1,1,8,0,0,0,0,0,1,1,1,4,1,0,1,1,1,0,0,0,1,1,1,1,1,1,1,1,1,1,0,0,0,1,0,1,0,1,0,1,0,0,3.54,1,1,0,0,0,0,75,1,0,1,0,1,0,8.3,0,0,0,1.0,3,1,0.208019955121891,0.0,0,9,1.0,0,0,0,0.6666666666666666,0.4,0.0,0.3333333333333333,0.4,0.5,0.0
3155,Taras Shevchenko National University of Kyiv,https://www.knu.ua,Ukraine,Eastern & Southern Europe,23.596569912906197,D,1020,175,,16.9,,0,45.0,1,0,0,0,0,0,0,0,1,1,1,5,1,1,1,1,1,1,1,0,1,0,1,1,1,1,1,1,0,1,1,0,0,0,0,0,0,0,0,1,1,0,18.59,1,0,0,0,0,0,0,1,0,1,0,1,1,50.0,0,0,0,1.0,3,0,0.0209344162063944,0.0,0,1,0.0,0,0,0,0.5333333333333333,0.4,0.0,0.6666666666666666,0.2,0.625,0.0
4130,National Sun Yat-sen University,https://www.nsysu.edu.tw,Taiwan,Asia (East & Southeast),23.57747624328285,D,1021,141,,16.8,,0,45.0,1,0,0,1,1,0,0,0,1,0,1,1,1,0,1,0,0,0,0,1,1,0,1,1,0,1,1,1,0,0,1,1,0,1,0,0,0,0,1,0,1,0,4.95,1,0,0,0,0,0,50,1,0,1,1,1,0,74.2,1,0,0,0.0,3,1,0.3255835880793016,0.0,0,5,0.0,0,0,0,0.5333333333333333,0.4,0.3333333333333333,0.6666666666666666,0.6,0.375,0.0
4018,Shandong University,https://www.sdu.edu.cn,China,Asia (East & Southeast),23.444922407532225,D,1022,142,22.0,16.7,30.859232545546615,1,45.0,1,0,0,1,0,0,0,0,0,0,1,8,1,0,1,0,0,0,0,0,1,0,1,1,1,1,1,1,0,1,0,1,0,1,1,0,0,0,0,1,0,0,21.0,1,0,0,0,0,0,75,1,0,1,0,0,0,0.0,0,0,0,7.0,3,1,0.1004757478727233,0.0,0,9,0.0,0,0,0,0.6666666666666666,0.2,0.0,0.0,0.4,0.25,0.0
4310,National University of Laos,https://www.nuol.edu.la,Other SE/E Asia,Asia (East & Southeast),23.434266973910166,D,1023,143,,16.6,,0,54.09524688306633,1,1,10,0,1,0,0,0,0,0,1,0,1,0,1,1,1,0,0,0,1,0,1,1,1,1,1,1,1,1,0,1,0,0,0,0,0,1,0,1,1,0,15.43,1,1,0,0,0,0,75,1,2,1,0,0,1,30.3,0,0,0,187.0,2,1,-0.3219786439358689,1.0986122886681098,1,9,0.9266666666666666,0,0,0,0.6,0.6,0.0,0.3333333333333333,0.6,0.5,0.0
6517,Ricardo Palma University,https://www.urp.edu.pe,Peru & Andes,Latin America & Africa,23.4021538316793,D,1024,104,,16.6,,0,39.365915437221815,1,1,6,0,0,0,0,1,1,1,0,2,0,1,0,1,1,1,0,1,1,0,1,0,0,0,0,0,0,0,0,0,0,1,1,0,0,0,0,1,1,0,6.01,1,1,0,0,0,0,75,1,0,1,1,1,1,100.0,1,0,0,0.0,3,0,-0.5863014003270064,0.0,0,9,1.0,0,0,0,0.2,0.4,0.3333333333333333,1.0,0.4,0.625,0.0
6045,University of Guadalajara,https://www.udg.mx,Mexico,Latin America & Africa,23.296475829924276,D,1025,105,5.0,16.5,,0,41.71295646640058,1,1,4,1,1,0,0,0,0,0,1,0,0,0,0,0,0,0,0,0,0,0,1,1,0,1,0,1,0,0,0,0,0,1,0,0,0,1,0,1,1,1,12.63,0,1,0,0,0,0,75,1,0,1,0,1,1,23.1,1,0,0,,0,0,0.1788046880842496,0.0,0,9,0.85,1,0,0,0.3333333333333333,0.8,0.3333333333333333,0.6666666666666666,0.8,0.0,0.0
4020,Xiamen University,https://www.xmu.edu.cn,China,Asia (East & Southeast),23.295255349193237,D,1026,144,23.0,16.4,,0,44.910555555555554,1,0,0,1,0,0,0,0,0,0,1,4,1,0,1,1,1,0,0,1,1,0,1,1,1,1,1,1,1,1,0,0,0,0,0,0,0,0,0,1,1,0,21.0,1,0,0,0,0,0,75,1,0,1,0,0,0,0.0,0,0,0,4.0,3,2,0.6329694503095531,0.0,0,9,0.0,0,0,0,0.5333333333333333,0.4,0.0,0.0,0.4,0.625,0.0
4065,Waseda University,https://www.waseda.jp,Japan,Asia (East & Southeast),23.243650686081555,D,1027,145,31.0,16.3,,0,55.35657078395776,1,1,11,1,1,0,0,0,0,0,0,0,1,0,1,1,1,1,0,1,1,1,1,1,0,1,1,0,0,0,0,1,0,0,0,0,0,0,0,1,1,1,12.63,1,1,0,0,0,0,90,1,0,1,1,1,0,29.5,1,0,0,8.0,3,3,0.1034932792427844,0.0,0,12,0.8533333333333334,0,0,0,0.3333333333333333,0.6,0.3333333333333333,0.6666666666666666,0.8,0.875,0.0
6509,Anahuac University,https://www.anahuac.mx,Mexico,Latin America & Africa,23.224660466445357,D,1028,106,6.0,16.2,,0,42.863993121326175,1,1,9,1,1,0,0,1,1,1,1,6,0,0,0,0,0,1,0,0,1,0,1,0,0,0,0,0,0,0,0,0,0,1,1,0,0,0,0,1,1,1,12.63,1,1,1,0,0,0,75,1,0,0,1,1,1,94.0,1,0,0,67.0,3,1,-0.8489897020366884,0.0,0,9,1.0,0,0,0,0.2,0.6,0.3333333333333333,1.0,0.8,0.25,0.25
3149,Technical University of Cluj-Napoca,https://www.utcluj.ro,Romania,Eastern & Southern Europe,23.196072457510745,D,1029,176,,16.2,,0,60.49390087146652,1,1,7,1,0,0,0,1,1,1,1,0,1,1,1,0,0,1,0,0,1,0,1,0,1,1,0,1,1,0,0,1,0,1,0,0,0,1,0,1,1,1,7.02,1,1,0,0,0,0,75,1,0,1,1,1,0,4.2,0,0,0,260.0,2,1,-1.1582099113532014,0.0,0,9,1.0,0,0,0,0.4666666666666667,0.8,0.0,0.6666666666666666,0.6,0.375,0.0
3004,University of Padua,https://www.unipd.it,Italy,Eastern & Southern Europe,23.186536075360348,D,1030,177,30.0,16.1,22.48277162195807,1,49.080973047871495,1,1,6,1,1,0,0,0,0,0,0,3,1,0,1,1,1,1,0,1,1,0,1,0,0,0,1,0,0,0,0,0,0,0,0,0,0,1,0,1,1,1,21.0,1,1,1,0,0,0,90,1,0,1,1,1,1,76.9,1,0,0,,0,1,-1.6736141483462017,0.0,0,12,1.0,1,0,0,0.1333333333333333,0.8,0.3333333333333333,1.0,0.8,0.625,0.25
6105,National University of Asuncion,https://www.una.py,Peru & Andes,Latin America & Africa,23.1766526092269,D,1031,107,,16.0,,0,41.584751118795694,1,1,9,1,0,0,0,0,0,0,0,6,0,1,0,0,0,1,0,0,1,0,1,0,0,0,0,0,0,0,0,0,0,1,0,0,0,1,0,1,1,1,18.88,1,1,0,0,0,0,90,1,0,1,1,1,1,18.2,1,0,0,1.0,3,0,-1.7870615998310484,0.0,0,12,1.0,0,0,0,0.1333333333333333,0.8,0.3333333333333333,1.0,0.6,0.25,0.0
6087,Adolfo Ibanez University,https://www.uai.cl,Chile,Latin America & Africa,23.09570508612808,D,1032,108,,15.9,,0,34.37007869808002,1,1,4,0,0,0,0,1,1,1,0,10,0,0,0,1,1,0,0,1,1,0,1,0,0,1,0,0,0,0,0,1,0,0,0,0,0,1,0,0,1,1,17.96,1,0,0,0,0,0,100,1,0,1,1,1,1,78.8,1,0,0,,0,1,-1.2059077484347227,0.0,0,13,0.85,1,0,0,0.2,0.6,0.3333333333333333,1.0,0.4,0.5,0.0
6411,Federal University of Jequitinhonha and Mucuri Valleys,https://www.ufvjm.edu.br,Brazil,Latin America & Africa,23.014580679830296,D,1033,109,12.0,15.8,,0,36.321168946149655,0,1,10,1,0,0,0,0,0,0,0,0,0,1,0,0,0,1,0,0,1,0,0,0,0,0,0,0,0,0,0,0,0,1,1,0,0,0,0,0,1,1,14.74,1,0,0,1,0,0,75,1,1,0,1,1,1,94.7,1,0,0,1.0,3,0,1.058141453539233,0.6931471805599453,1,9,0.9266666666666666,0,0,0,0.1333333333333333,0.4,0.3333333333333333,1.0,0.4,0.25,0.25
6028,Federal University of ABC,https://www.ufabc.edu.br,Brazil,Latin America & Africa,22.949635631116273,D,1034,110,13.0,15.7,,0,43.82870225189619,1,1,8,0,0,0,0,1,0,0,1,0,1,1,0,1,1,0,0,0,1,0,1,1,0,1,1,1,0,0,0,0,0,1,0,0,0,0,0,1,1,0,9.52,1,1,0,0,0,1,90,1,0,0,0,0,1,66.7,1,0,0,,0,0,0.3009230567610831,0.0,0,12,1.0,1,0,0,0.4,0.4,0.3333333333333333,0.3333333333333333,0.4,0.375,0.25
4122,Gachon University,https://www.gachon.ac.kr,South Korea,Asia (East & Southeast),22.648891880037112,D,1035,146,19.0,15.7,,0,53.6734123297453,1,1,6,0,0,0,0,0,1,1,0,4,1,0,1,0,0,1,0,1,1,0,1,1,1,1,1,1,1,0,0,0,0,0,0,1,0,0,1,1,1,0,12.63,1,0,0,0,1,0,75,1,0,0,1,1,1,16.7,1,0,0,,0,0,-0.6319797000201736,0.0,0,9,1.0,1,0,0,0.5333333333333333,0.6,0.3333333333333333,1.0,0.4,0.375,0.25
6104,Higher University of San Andres Bolivia,https://www.umsa.bo,Peru & Andes,Latin America & Africa,22.563942915318293,D,1036,111,,15.6,28.813897797866996,1,48.5291973516819,1,1,1,1,1,0,0,0,0,0,0,10,1,1,1,1,1,1,0,0,1,0,1,0,0,0,0,0,0,0,0,0,0,1,1,0,0,1,0,1,1,0,8.69,1,1,0,0,0,0,75,1,4,0,1,1,1,76.9,1,0,0,1.0,3,3,1.1263136455110758,1.6094379124341005,1,9,0.15,0,0,0,0.2,0.6,0.3333333333333333,1.0,0.8,0.625,0.0
6128,Mohammed V University in Rabat,https://www.um5.ac.ma,Egypt & North Africa,Latin America & Africa,22.479638031925536,D,1037,112,,15.5,,0,40.641193513615335,1,1,3,0,0,0,0,0,1,1,0,6,0,0,1,1,1,1,0,0,1,0,1,0,0,0,1,1,0,0,0,0,0,1,0,0,0,0,0,1,1,0,6.29,1,1,0,0,0,0,75,1,0,0,1,1,0,95.6,1,0,0,,1,1,-0.5805264832384825,0.0,0,9,0.6,1,0,0,0.2666666666666666,0.4,0.3333333333333333,0.6666666666666666,0.4,0.5,0.0
4032,Beijing Institute of Technology,https://www.bit.edu.cn,China,Asia (East & Southeast),22.3196216074537,D,1038,147,24.0,15.4,12.878479945464036,1,45.0,1,0,0,1,0,0,0,1,1,0,0,0,1,0,1,1,1,0,1,0,1,0,1,1,1,1,1,1,1,1,1,1,0,0,0,0,0,0,0,1,1,0,21.0,1,0,0,0,0,0,75,0,0,1,0,0,0,50.8,1,0,0,5.0,3,1,0.4064534287969462,0.0,0,9,0.0,0,0,0,0.6666666666666666,0.4,0.3333333333333333,0.0,0.4,0.5,0.0
6317,National University of San Luis,https://www.unsl.edu.ar,Argentina,Latin America & Africa,22.203437063398606,D,1039,113,,15.3,11.9152546045274,1,54.25657660827692,1,1,6,1,0,0,0,0,0,0,1,9,1,1,0,1,1,0,1,0,1,0,0,0,1,1,0,0,1,1,0,1,0,1,0,0,0,1,1,0,1,1,13.06,1,1,0,0,0,0,75,1,0,1,1,1,0,98.6,1,0,0,,1,1,-0.4465765771119904,0.0,0,9,1.0,1,0,0,0.4,0.8,0.3333333333333333,0.6666666666666666,0.6,0.625,0.0
6351,University of Lome,https://www.univ-lome.tg,Sub-Saharan Africa,Latin America & Africa,21.91933317027699,D,1040,114,,15.3,26.83105611541695,1,45.0,1,0,0,1,1,0,0,0,0,0,0,1,1,0,1,0,0,0,1,0,1,1,1,1,1,0,1,1,1,0,1,1,1,1,1,0,0,0,0,1,1,1,5.33,1,1,0,0,0,0,90,1,2,1,0,1,0,10.5,1,0,0,784.0,2,2,0.3989557956296827,1.0986122886681098,1,12,0.0,0,0,0,0.7333333333333333,0.6,0.3333333333333333,0.3333333333333333,0.6,0.5,0.0
6024,Rio de Janeiro State University,https://www.uerj.br,Brazil,Latin America & Africa,21.723529019936166,D,1041,115,14.0,15.2,,0,44.450640669574895,1,1,6,1,0,0,0,0,0,0,0,0,0,1,0,1,1,1,0,1,1,0,0,1,0,0,1,0,0,0,0,0,1,1,1,0,0,0,0,1,1,1,12.63,1,1,0,1,0,0,90,1,1,0,1,1,0,14.0,1,0,0,0.0,3,1,2.8175192426307274,0.6931471805599453,1,12,1.0,0,0,0,0.3333333333333333,0.6,0.3333333333333333,0.6666666666666666,0.6,0.625,0.25
4054,Jiangnan University,https://www.jiangnan.edu.cn,China,Asia (East & Southeast),21.709265706402448,D,1042,148,25.0,15.1,,0,43.04470004504852,1,0,0,0,1,0,0,1,0,0,0,4,1,0,1,0,0,0,0,0,1,0,1,1,1,1,1,1,0,0,0,1,0,1,0,0,0,0,0,0,0,0,21.0,1,0,0,0,0,0,20,1,0,1,0,0,0,13.8,0,0,0,,0,2,0.1692754631101223,0.0,0,2,0.0,1,0,0,0.5333333333333333,0.0,0.0,0.0,0.4,0.25,0.0
6052,University of Guanajuato,https://www.ugto.mx,Mexico,Latin America & Africa,21.67845791695426,D,1043,116,7.0,15.0,,0,44.35938148015473,1,0,0,1,0,0,0,0,1,1,0,0,0,1,1,0,0,0,0,0,0,0,1,0,1,1,1,1,1,1,0,0,0,0,0,0,0,0,0,0,1,0,12.63,0,0,0,0,0,0,75,1,2,0,1,1,1,90.0,1,0,0,,0,0,1.0325064557316397,1.0986122886681098,1,9,0.0,1,0,0,0.4666666666666667,0.2,0.3333333333333333,1.0,0.4,0.0,0.0
6414,State University of Goias,https://www.ueg.br,Brazil,Latin America & Africa,21.462401094112113,D,1044,117,15.0,14.9,,0,30.72571258988004,1,1,20,0,0,0,0,0,0,0,0,0,0,1,0,1,1,1,0,0,1,0,0,0,0,0,0,0,0,0,0,0,0,1,1,0,0,0,0,0,1,1,19.03,1,0,0,0,0,0,75,1,0,1,0,1,1,30.9,0,0,0,1.0,3,1,-0.0113450209281206,0.0,0,9,0.45,0,0,0,0.1333333333333333,0.4,0.0,0.6666666666666666,0.4,0.5,0.0
3092,Cracow University of Technology,https://www.pk.edu.pl,Poland,Eastern & Southern Europe,21.42339881315211,D,1045,178,26.0,14.8,,0,39.82541793604448,1,1,5,1,0,1,0,0,0,0,0,1,0,0,0,0,0,1,0,0,1,0,0,0,0,0,1,0,0,0,0,0,0,0,0,0,0,1,0,1,1,1,10.17,1,1,0,0,0,0,75,1,0,1,1,1,0,94.9,1,1,0,0.0,3,0,-0.6022198354889753,0.0,0,9,1.0,0,0,0,0.0666666666666666,0.8,0.6666666666666666,0.6666666666666666,0.8,0.25,0.0
6413,CEFET Rio de Janeiro,https://www.cefet-rj.br,Brazil,Latin America & Africa,21.34374738956034,D,1046,118,16.0,14.8,,0,44.61443849911848,1,1,7,1,1,0,0,0,0,0,0,0,0,1,0,0,0,0,0,0,0,1,1,0,0,0,1,1,0,0,0,0,0,1,1,0,0,0,0,0,1,1,12.63,0,0,0,0,0,0,75,1,0,1,1,1,1,50.0,1,0,0,,0,0,-0.0003585932962948,0.0,0,9,1.0,1,0,0,0.3333333333333333,0.4,0.3333333333333333,1.0,0.8,0.125,0.0
6077,Externado University of Colombia,https://www.uexternado.edu.co,Colombia,Latin America & Africa,21.276742572628894,D,1047,119,,14.7,14.185727800566415,1,41.99029375894399,1,1,7,1,1,0,0,1,0,0,0,10,1,1,0,1,1,0,0,0,1,0,0,0,0,0,0,1,0,0,0,0,0,1,0,0,0,1,0,1,1,1,15.91,1,1,0,0,0,0,90,1,10,0,1,1,0,74.5,1,0,0,,0,1,-0.7695493791604092,2.3978952727983707,1,12,1.0,1,0,0,0.1333333333333333,0.8,0.3333333333333333,0.6666666666666666,0.8,0.375,0.0
4038,Ocean University of China,https://www.ouc.edu.cn,China,Asia (East & Southeast),21.202690647541996,D,1048,149,26.0,14.6,,0,45.0,1,0,0,0,0,0,0,1,0,0,1,10,1,0,1,1,0,0,0,1,1,0,1,1,1,1,1,1,0,1,0,1,0,1,0,0,0,0,0,1,0,0,21.0,1,0,0,0,0,0,75,0,2,1,1,1,0,0.0,0,0,0,82.0,3,1,0.1477504060036847,1.0986122886681098,1,9,0.0,0,0,0,0.6,0.2,0.0,0.6666666666666666,0.2,0.5,0.0
3180,University of Belgrade,https://www.bg.ac.rs,Balkans,Eastern & Southern Europe,21.1856207370101,D,1049,179,,14.5,,0,59.46547004585709,1,1,6,1,0,0,0,0,0,0,1,0,1,0,1,1,0,0,0,0,1,0,1,1,1,1,1,1,1,1,0,1,0,1,0,0,0,0,0,0,1,0,12.63,1,0,0,0,0,0,90,1,0,1,0,1,1,0.0,1,0,0,133.0,2,2,0.3860273826895893,0.0,0,12,1.0,0,0,0,0.6666666666666666,0.2,0.3333333333333333,0.6666666666666666,0.6,0.375,0.0
4025,Dalian University of Technology,https://www.dlut.edu.cn,China,Asia (East & Southeast),21.179412745053238,D,1050,150,27.0,14.4,,0,45.0,1,0,0,1,0,0,0,0,0,0,1,10,1,1,1,0,0,1,0,1,1,0,1,1,1,1,1,1,0,1,1,0,0,1,0,0,0,0,0,0,1,0,12.63,1,0,0,0,0,0,75,1,0,1,1,0,0,0.0,1,0,0,50.0,3,3,0.992860358378873,0.0,0,9,0.0,0,0,0,0.6,0.2,0.3333333333333333,0.3333333333333333,0.4,0.5,0.0
6513,National University of Salta,https://www.unsa.edu.ar,Argentina,Latin America & Africa,21.109128893602737,D,1051,120,,14.4,,0,37.91073785817535,1,1,8,1,0,0,0,0,0,0,0,0,1,1,0,1,0,1,0,1,1,0,0,0,0,0,0,0,0,0,0,0,0,1,0,0,0,0,0,1,1,0,16.62,1,1,0,0,0,0,90,1,1,1,0,1,1,28.6,1,0,0,1.0,3,0,0.5533291890204663,0.6931471805599453,1,12,1.0,0,0,0,0.0666666666666666,0.4,0.3333333333333333,0.6666666666666666,0.6,0.5,0.0
4305,Saitama University,https://www.saitama-u.ac.jp,Japan,Asia (East & Southeast),21.025379308763515,D,1052,151,32.0,14.3,,0,45.0,1,0,0,1,0,0,0,0,1,1,1,0,1,1,1,0,0,0,0,0,1,0,1,1,1,1,1,1,1,0,0,1,0,1,0,0,0,0,0,1,0,0,19.06,1,0,0,0,0,0,90,1,0,1,1,1,1,4.3,0,1,0,,1,1,-1.4497307013068053,0.0,0,12,0.0,1,0,0,0.6,0.2,0.3333333333333333,1.0,0.4,0.25,0.0
4177,Andalas University,https://www.unand.ac.id,Indonesia,Asia (East & Southeast),21.019042800332723,D,1053,152,,14.2,,0,30.5221786157959,1,1,8,0,0,0,0,0,0,0,0,0,0,0,0,1,0,0,0,0,1,0,0,0,0,0,0,0,0,0,0,1,0,1,0,0,0,0,0,1,1,0,21.0,1,1,0,0,0,0,75,1,0,1,1,1,0,69.1,1,1,0,0.0,3,0,-0.5579495970746682,0.0,0,9,1.0,0,0,0,0.1333333333333333,0.4,0.6666666666666666,0.6666666666666666,0.4,0.25,0.0
6033,Getulio Vargas Foundation,https://www.fgv.br,Brazil,Latin America & Africa,20.900693504325734,D,1054,121,17.0,14.1,,0,43.11872145771304,1,1,8,0,1,0,0,1,0,0,0,10,1,0,0,1,1,1,1,0,1,0,1,0,0,0,1,0,0,0,0,0,1,0,0,0,0,0,0,1,1,1,15.43,1,1,0,0,0,0,75,1,0,1,1,1,0,78.6,1,1,0,0.0,3,1,0.5895280595509697,0.0,0,9,1.0,0,0,0,0.2,0.6,0.6666666666666666,0.6666666666666666,0.6,0.625,0.0
6503,Federal University of Acre,https://www.ufac.br,Brazil,Latin America & Africa,20.882719834419554,D,1055,122,18.0,14.0,,0,36.97137190269431,1,1,10,1,1,0,0,0,0,0,0,0,0,1,0,0,0,1,0,0,1,0,0,0,0,0,0,0,0,0,0,0,0,0,0,0,0,0,0,0,1,1,14.74,0,1,1,0,0,0,75,1,0,1,0,1,1,80.0,1,0,0,1.0,3,1,-0.6055980745008541,0.0,0,9,0.9266666666666666,0,0,0,0.0,0.4,0.3333333333333333,0.6666666666666666,0.8,0.25,0.25
6022,Federal University of Uberlandia,https://www.ufu.br,Brazil,Latin America & Africa,20.73182291648954,D,1056,123,19.0,13.9,,0,34.34877772573015,1,1,10,0,0,1,0,1,0,0,0,0,0,1,0,1,1,1,0,0,1,0,0,0,0,0,0,0,0,0,0,0,0,0,0,0,0,0,0,1,1,1,15.43,1,1,0,0,0,0,75,1,0,1,1,1,1,41.1,1,0,0,0.0,3,1,-0.3360080426122047,0.0,0,9,0.9266666666666666,0,0,0,0.0,0.6,0.3333333333333333,1.0,0.6,0.5,0.0
5329,Kabul University,https://www.ku.edu.af,Central Asia,South & Central Asia + Oceania,20.524554951260818,D,1057,204,,13.9,,0,49.66265320635741,1,1,2,1,0,0,0,0,0,0,1,0,1,0,0,1,1,0,0,0,1,1,1,1,1,1,1,1,0,0,1,0,1,0,0,0,0,0,0,1,1,0,11.37,1,1,0,0,0,0,75,1,2,1,0,1,1,43.3,1,0,0,0.0,3,1,0.4373389291560757,1.0986122886681098,1,9,0.35,0,0,0,0.5333333333333333,0.4,0.3333333333333333,0.6666666666666666,0.6,0.625,0.0
6041,National Autonomous University of Mexico,https://www.unam.mx,Mexico,Latin America & Africa,20.50606900837202,D,1058,124,8.0,13.8,,0,37.6584696436079,1,1,6,1,0,0,0,0,0,0,0,0,0,1,0,1,1,1,0,1,1,1,0,0,0,0,0,0,0,0,0,0,0,0,0,0,0,0,0,0,1,1,19.42,1,1,0,0,0,0,75,1,1,1,1,1,1,100.0,1,0,0,1.0,3,1,-0.8085652824170214,0.6931471805599453,1,9,1.0,0,0,0,0.0,0.4,0.3333333333333333,1.0,0.6,0.75,0.0
4040,Wuhan University of Technology,https://www.whut.edu.cn,China,Asia (East & Southeast),20.468114673767015,D,1059,153,28.0,13.7,32.51560846645454,1,49.91189785343026,1,1,11,1,0,0,0,0,0,0,1,10,1,0,1,1,0,0,0,0,1,0,1,1,1,1,1,0,0,1,0,0,0,1,0,0,0,1,0,1,0,1,10.7,1,0,0,0,0,0,75,0,2,0,1,0,0,15.2,1,0,0,,0,1,-0.166274025240702,1.0986122886681098,1,9,0.8533333333333334,1,0,0,0.4666666666666667,0.6,0.3333333333333333,0.3333333333333333,0.6,0.375,0.0
6518,University of Panama,https://www.up.ac.pa,Peru & Andes,Latin America & Africa,20.414340846429255,D,1060,125,,13.6,,0,39.615781481463415,1,1,11,1,0,0,0,0,0,0,0,6,0,1,0,1,1,1,0,1,1,1,1,0,0,0,0,0,0,0,0,0,0,1,0,0,0,0,0,1,1,0,12.63,1,1,0,0,0,0,75,1,1,0,0,1,1,88.0,1,1,0,29.0,3,0,-0.912654641646756,0.6931471805599453,1,9,0.8533333333333334,0,0,0,0.1333333333333333,0.4,0.6666666666666666,0.6666666666666666,0.6,0.75,0.0
4300,Southwest Jiaotong University,https://www.swjtu.edu.cn,China,Asia (East & Southeast),20.38386197327803,D,1061,154,29.0,13.5,,0,42.20186626984127,1,0,0,0,0,0,0,1,0,0,1,0,1,0,1,0,0,0,1,1,1,0,1,1,1,1,1,1,1,1,0,1,1,0,0,0,0,0,0,1,0,0,21.0,1,0,0,0,0,0,20,1,0,0,1,0,0,0.0,0,0,0,,0,1,0.2931954180406426,0.0,0,2,0.0,1,0,0,0.6666666666666666,0.2,0.0,0.3333333333333333,0.2,0.5,0.0
4162,Universiti Malaysia Sarawak,https://www.unimas.my,Malaysia,Asia (East & Southeast),20.376945950109626,D,1062,155,,13.5,,0,51.35888031488979,1,1,6,0,0,0,0,0,0,0,1,4,0,0,1,0,0,0,1,0,1,0,1,1,1,1,1,1,0,0,0,0,0,0,0,0,0,0,1,1,0,0,15.33,0,1,0,0,0,0,75,1,0,1,1,1,1,100.0,1,1,0,167.0,2,0,-0.3543668139745276,0.0,0,9,1.0,0,0,0,0.4,0.4,0.6666666666666666,1.0,0.4,0.25,0.0
4002,Peking University,https://www.pku.edu.cn,China,Asia (East & Southeast),20.3517586817501,D,1063,156,30.0,13.4,,0,45.0,0,0,0,1,0,0,0,0,1,1,1,1,1,0,1,0,0,0,0,0,1,0,1,1,1,1,1,1,0,1,1,1,0,1,0,0,0,0,0,1,1,0,12.63,1,0,0,0,0,0,75,1,0,1,1,1,0,0.0,0,0,0,15.0,3,1,-0.0027238249833755,0.0,0,9,0.0,0,0,0,0.6666666666666666,0.4,0.0,0.6666666666666666,0.2,0.25,0.0
6515,University of Bio-Bio,https://www.ubiobio.cl,Chile,Latin America & Africa,20.294499108308635,D,1064,126,,13.3,,0,35.71421554589446,1,1,7,1,0,0,0,0,0,0,0,4,0,0,0,0,1,1,0,0,1,0,0,0,0,0,0,0,0,0,0,0,0,0,0,0,0,1,0,1,1,1,15.43,1,1,0,0,0,0,75,1,0,1,1,1,0,98.2,1,1,0,1.0,3,1,-0.018246751107088,0.0,0,9,1.0,0,0,0,0.0,0.8,0.6666666666666666,0.6666666666666666,0.6,0.375,0.0
6090,Diego Portales University,https://www.udp.cl,Chile,Latin America & Africa,20.257034258858386,D,1065,127,,13.2,31.945292468929757,1,32.186912484246434,1,0,0,1,0,0,0,0,0,0,0,0,0,0,0,0,0,0,0,0,1,0,1,0,0,0,1,0,0,1,0,1,0,1,0,0,0,1,0,0,1,1,21.0,1,1,0,1,0,0,75,1,2,1,0,0,1,0.0,1,0,0,,0,0,-1.213654588431523,1.0986122886681098,1,9,0.0,1,0,0,0.3333333333333333,0.6,0.3333333333333333,0.3333333333333333,0.4,0.125,0.25
4003,Fudan University,https://www.fudan.edu.cn,China,Asia (East & Southeast),20.23307455662815,D,1066,157,31.0,13.1,,0,42.73424099997023,1,0,0,0,0,0,0,0,0,0,1,7,1,0,1,1,0,0,0,1,1,0,1,1,0,1,1,1,0,1,1,1,0,1,0,0,0,0,0,1,0,0,12.63,1,0,0,0,0,0,75,1,2,1,1,1,0,0.0,0,0,0,,0,1,0.0121626631089271,1.0986122886681098,1,9,0.0,1,0,0,0.6,0.2,0.0,0.6666666666666666,0.2,0.5,0.0
4042,Northeastern University China,https://www.neu.edu.cn,China,Asia (East & Southeast),20.193755927840463,D,1067,158,32.0,13.1,,0,38.929039936700725,1,0,0,0,0,0,0,0,0,0,1,9,1,0,1,1,0,0,0,0,1,0,0,1,1,0,1,1,0,1,0,1,0,1,0,0,0,0,0,1,1,0,21.0,1,0,0,0,0,0,75,0,0,1,0,1,0,0.0,0,0,0,,0,1,0.2431043972976241,0.0,0,9,0.0,1,0,0,0.4666666666666667,0.4,0.0,0.3333333333333333,0.2,0.375,0.0
4094,Kanazawa Institute of Technology,https://www.kanazawa-it.ac.jp,Japan,Asia (East & Southeast),20.174441849491558,D,1068,159,33.0,13.0,27.27958118198314,1,35.34856893419446,1,0,0,0,1,0,0,0,0,0,0,10,1,0,1,1,1,0,0,0,1,0,1,1,0,1,0,0,0,0,0,0,0,0,0,0,0,1,0,1,1,1,21.0,1,1,0,0,0,0,100,1,0,0,1,1,0,45.5,1,0,0,,0,1,0.2690551670801518,0.0,0,13,0.0,1,0,0,0.2,0.8,0.3333333333333333,0.6666666666666666,0.4,0.375,0.0
3314,University of Zagreb Faculty,https://www.pmf.unizg.hr,Balkans,Eastern & Southern Europe,20.158951580496108,D,1069,180,,12.9,15.839479679604777,1,55.16516630773739,1,1,6,1,0,0,0,0,0,0,0,4,1,0,1,1,1,0,0,1,1,0,1,1,0,1,1,1,0,0,0,0,0,1,0,0,1,0,0,1,1,0,14.99,1,0,0,0,0,0,75,1,0,1,0,1,0,28.6,1,1,0,,0,1,-0.5707927478674508,0.0,0,9,1.0,1,0,0,0.4666666666666667,0.4,0.6666666666666666,0.3333333333333333,0.6,0.625,0.0
4204,Vietnam National University Hanoi,https://www.vnu.edu.vn,Vietnam,Asia (East & Southeast),20.155287415087663,D,1070,160,,12.8,,0,39.811722604524135,1,1,8,0,0,0,1,1,0,0,1,9,0,0,0,1,1,1,1,0,1,0,0,0,0,1,1,0,0,0,0,0,0,0,0,0,0,1,1,1,1,0,6.89,1,1,0,0,0,0,75,1,0,1,1,1,0,100.0,1,0,0,1.0,3,0,-0.4786891064210561,0.0,0,9,1.0,0,0,0,0.1333333333333333,0.8,0.3333333333333333,0.6666666666666666,0.4,0.625,0.0
4076,Yokohama National University,https://www.ynu.ac.jp,Japan,Asia (East & Southeast),20.041797120716684,D,1071,161,34.0,12.7,,0,50.45275422346297,1,1,5,1,1,0,0,0,0,0,0,0,1,0,1,1,1,0,0,1,1,0,1,1,0,1,1,1,0,0,0,1,0,1,0,0,0,0,0,1,1,1,12.63,1,1,0,0,0,0,75,1,3,0,1,1,0,5.6,0,0,0,,1,0,-0.2958267053953369,1.3862943611198906,1,9,1.0,1,0,0,0.4666666666666667,0.6,0.0,0.6666666666666666,0.8,0.5,0.0
2169,Tampere University,https://www.tuni.fi,Finland,Western & Northern Europe,19.995940855033208,F,1072,202,,12.6,13.32041877774289,1,35.76224693068606,0,1,4,0,1,0,0,0,0,0,0,0,0,0,1,0,0,0,0,0,0,0,0,0,0,0,1,0,0,1,0,0,0,1,1,0,0,1,0,0,0,1,21.0,0,0,0,1,0,0,70,1,0,1,1,1,0,0.0,1,0,0,,0,0,-0.7677803941115364,0.0,0,8,0.85,1,0,0,0.2666666666666666,0.4,0.3333333333333333,0.6666666666666666,0.4,0.0,0.25
4048,Guangxi University,https://www.gxu.edu.cn,China,Asia (East & Southeast),19.994769791983327,F,1073,162,33.0,12.6,,0,45.0,1,0,0,1,0,0,0,0,0,0,1,7,1,1,1,1,0,0,1,0,1,0,1,1,1,1,1,1,1,1,0,1,0,1,0,0,0,0,0,0,0,0,15.43,1,0,0,0,0,0,75,1,0,1,0,0,0,0.0,0,0,0,21.0,3,1,0.4961746948667709,0.0,0,9,0.0,0,0,0,0.6666666666666666,0.0,0.0,0.0,0.4,0.5,0.0
2139,UiT The Arctic University of Norway,https://uit.no,Norway,Western & Northern Europe,19.855361161617655,F,1074,203,,12.5,,0,37.617362080647545,1,1,15,1,0,0,0,0,0,0,0,7,1,0,0,1,1,1,0,0,1,0,1,1,0,0,1,0,0,0,0,0,0,0,1,0,0,0,0,0,1,1,15.43,1,0,1,0,1,0,75,1,0,1,0,1,0,100.0,1,0,0,,0,1,0.4928303673040838,0.0,0,9,0.6,1,0,0,0.2666666666666666,0.4,0.3333333333333333,0.3333333333333333,0.6,0.625,0.5
6069,Torcuato di Tella University,https://www.utdt.edu,Argentina,Latin America & Africa,19.835918658844765,F,1075,128,,12.4,,0,34.19166100836586,1,1,16,1,0,0,0,0,1,1,1,2,0,1,0,0,0,0,0,0,1,0,0,0,0,0,0,1,0,0,0,0,0,1,0,0,0,1,0,1,1,1,14.13,1,1,0,0,0,0,75,1,0,1,1,1,1,10.3,0,0,0,,0,0,-0.0316276565561068,0.0,0,9,0.57,1,0,0,0.1333333333333333,0.8,0.0,1.0,0.6,0.125,0.0
6017,Federal University of Goias,https://www.ufg.br,Brazil,Latin America & Africa,19.815720044366355,F,1076,129,20.0,12.3,,0,39.83890286192852,1,1,7,1,1,0,0,0,1,1,0,10,0,1,0,1,1,1,0,1,1,0,0,0,0,0,0,0,0,0,0,0,0,0,0,0,0,1,0,1,1,1,21.0,1,1,0,0,0,0,75,1,0,1,1,1,0,66.9,1,0,0,4.0,3,1,-0.0104999111102878,0.0,0,9,1.0,0,0,0,0.0,0.8,0.3333333333333333,0.6666666666666666,0.8,0.625,0.0
6089,University of La Frontera,https://www.ufro.cl,Chile,Latin America & Africa,19.787427340950867,F,1077,130,,12.2,,0,49.52981635161576,1,1,9,1,0,0,0,0,1,1,0,10,1,1,1,1,1,0,1,0,1,0,0,0,1,1,1,1,0,0,0,0,0,0,0,0,0,0,0,0,1,0,21.0,1,0,0,0,0,0,90,1,0,1,0,1,1,7.4,1,0,0,,0,1,1.2327974825580033,0.0,0,12,1.0,1,0,0,0.2666666666666666,0.2,0.3333333333333333,0.6666666666666666,0.6,0.5,0.0
2140,Norwegian University of Life Sciences,https://www.nmbu.no,Norway,Western & Northern Europe,19.781670642942156,F,1078,204,,12.2,,0,37.86535474896532,1,1,4,1,1,0,0,0,0,0,0,3,0,0,0,1,1,1,0,0,1,0,0,0,0,0,0,0,0,0,0,1,0,0,0,0,0,1,0,0,1,1,12.63,1,0,1,0,0,0,90,1,0,1,1,1,1,95.7,1,0,0,0.0,3,1,0.8725206891959467,0.0,0,12,0.85,0,0,0,0.0666666666666666,0.6,0.3333333333333333,1.0,0.8,0.5,0.25
6094,National University of Engineering Peru,https://www.uni.edu.pe,Peru & Andes,Latin America & Africa,19.759053635627694,F,1079,131,,12.1,,0,36.10472165651922,1,1,10,0,0,0,0,1,0,0,0,0,0,0,0,0,1,1,0,0,1,0,1,0,0,0,0,0,0,0,0,0,0,1,0,0,0,1,0,1,1,1,12.63,1,1,0,0,0,0,75,1,0,1,1,1,1,63.6,1,0,0,26.0,3,1,0.0365445354157355,0.0,0,9,0.9266666666666666,0,0,0,0.1333333333333333,0.8,0.3333333333333333,1.0,0.4,0.375,0.0
6032,Federal University of Mato Grosso do Sul,https://www.ufms.br,Brazil,Latin America & Africa,19.708087318407976,F,1080,132,21.0,12.0,,0,39.465471731677766,1,1,9,0,1,0,0,0,0,0,0,0,0,1,0,1,1,1,0,0,1,1,0,0,0,0,0,0,0,0,0,0,0,1,1,0,0,1,0,0,0,0,4.76,1,1,0,0,0,0,90,1,0,1,1,1,1,86.0,1,0,0,1.0,3,1,0.2162712233415021,0.0,0,12,1.0,0,0,0,0.1333333333333333,0.2,0.3333333333333333,1.0,0.6,0.625,0.0
2199,University of Iceland,https://www.hi.is,Belgium/Ireland/Iceland,Western & Northern Europe,19.591262782388107,F,1081,205,,11.9,,0,30.051113445367783,1,1,4,1,1,0,0,0,1,1,0,0,0,0,0,0,0,0,0,0,1,0,0,0,0,0,0,0,0,0,0,0,0,0,0,0,0,1,0,1,1,1,21.0,1,1,1,0,0,0,75,1,0,1,1,1,1,82.6,1,0,0,,0,0,0.251452332964379,0.0,0,9,0.85,1,0,0,0.0,0.8,0.3333333333333333,1.0,0.8,0.125,0.25
4105,Ewha Womans University,https://www.ewha.ac.kr,South Korea,Asia (East & Southeast),19.576261424956936,F,1082,163,20.0,11.8,,0,30.984550655163552,1,1,2,0,0,0,0,1,0,0,0,0,0,0,0,1,1,1,0,1,1,0,0,0,0,0,0,0,0,0,0,0,1,0,0,0,0,1,1,1,1,1,12.63,1,0,1,0,0,0,75,1,0,1,0,1,1,100.0,1,0,0,0.0,3,1,4.01703029745438,0.0,0,9,0.35,0,0,0,0.0666666666666666,1.0,0.3333333333333333,0.6666666666666666,0.4,0.625,0.25
6080,Pontifical Bolivarian University,https://www.upb.edu.co,Colombia,Latin America & Africa,19.57431759065243,F,1083,133,,11.7,,0,32.05659752418719,1,1,5,0,0,0,0,1,0,0,0,2,0,0,0,1,1,0,0,1,1,0,1,0,0,0,0,0,0,0,0,0,0,1,0,0,0,1,0,1,1,1,21.0,1,1,0,0,0,0,100,1,0,1,1,1,1,33.3,1,0,0,,0,1,-0.446154022203074,0.0,0,13,1.0,1,0,0,0.1333333333333333,0.8,0.3333333333333333,1.0,0.4,0.5,0.0
6305,Ceara State University,https://www.uece.br,Brazil,Latin America & Africa,19.565262678611706,F,1084,134,22.0,11.7,,0,27.14599796402191,1,1,9,0,0,0,0,0,0,0,0,0,0,1,0,0,0,0,0,0,1,0,0,0,0,0,0,0,0,0,0,0,0,1,1,0,0,0,0,1,1,1,21.0,1,1,0,0,0,0,75,1,0,0,0,1,1,51.7,1,0,0,,0,0,-0.0324727663739396,0.0,0,9,1.0,1,0,0,0.1333333333333333,0.6,0.3333333333333333,0.6666666666666666,0.4,0.125,0.0
6302,Federal University of Ouro Preto,https://www.ufop.br,Brazil,Latin America & Africa,19.423976629129932,F,1085,135,23.0,11.6,,0,46.12521687083815,1,1,7,1,0,1,0,1,0,0,0,0,0,0,0,1,1,0,0,1,1,0,1,1,0,1,1,1,1,1,0,0,0,1,0,0,0,0,0,0,1,0,1.17,1,0,0,0,0,0,75,1,2,0,0,1,1,33.3,1,1,0,403.0,2,0,0.8233417758180324,1.0986122886681098,1,9,1.0,0,0,0,0.5333333333333333,0.2,0.6666666666666666,0.6666666666666666,0.8,0.5,0.0
4024,Jilin University,https://www.jlu.edu.cn,China,Asia (East & Southeast),19.375455716992228,F,1086,164,34.0,11.5,,0,42.57235976190477,1,0,0,0,0,0,0,1,0,0,1,10,1,1,0,1,0,0,0,0,1,0,0,1,1,1,1,1,0,1,0,1,0,1,0,0,0,0,0,1,0,0,21.0,1,0,0,0,0,0,75,1,0,0,0,1,0,0.0,0,0,0,62.0,3,1,-0.1469618244723092,0.0,0,9,0.0,0,0,0,0.5333333333333333,0.2,0.0,0.3333333333333333,0.2,0.25,0.0
4082,Kagoshima University,https://www.kagoshima-u.ac.jp,Japan,Asia (East & Southeast),19.281879105440037,F,1087,165,35.0,11.4,,0,45.07867668883748,1,1,6,0,0,0,0,0,0,0,0,10,1,0,1,0,0,0,0,0,1,0,1,1,1,0,1,0,0,0,0,1,1,1,0,0,0,0,0,1,1,1,12.63,1,1,0,0,0,0,75,1,0,1,0,0,0,100.0,1,0,0,,1,0,-0.5843027043732039,0.0,0,9,1.0,1,0,0,0.4666666666666667,0.6,0.3333333333333333,0.0,0.4,0.125,0.0
4073,Nagasaki University,https://www.nagasaki-u.ac.jp,Japan,Asia (East & Southeast),19.27088183152671,F,1088,166,36.0,11.3,,0,46.47200788652102,1,1,7,1,0,0,0,0,0,0,0,0,1,0,1,1,1,0,0,0,1,0,1,1,0,1,1,0,0,0,0,1,0,0,0,0,0,1,0,1,1,1,21.0,1,1,0,0,0,0,65,1,1,0,0,1,1,0.0,1,0,0,1.0,3,1,-0.2326597153820522,0.6931471805599453,1,7,1.0,0,0,0,0.3333333333333333,0.8,0.3333333333333333,0.6666666666666666,0.6,0.375,0.0
6015,Fluminense Federal University,https://www.uff.br,Brazil,Latin America & Africa,19.2645226638035,F,1089,136,24.0,11.3,,0,33.71983591330612,1,1,8,1,0,0,0,0,1,1,0,5,0,1,0,0,0,0,0,0,1,0,0,0,0,0,0,0,0,0,0,0,1,0,0,0,0,1,0,1,1,1,18.35,1,1,0,0,0,0,100,1,0,1,1,1,1,85.0,1,0,0,,0,1,0.8536248776237062,0.0,0,13,1.0,1,0,0,0.0666666666666666,0.8,0.3333333333333333,1.0,0.6,0.125,0.0
6026,State University of Londrina,https://www.uel.br,Brazil,Latin America & Africa,19.249662438660227,F,1090,137,25.0,11.2,,0,30.07213570378193,1,0,0,1,1,1,0,0,0,0,0,10,0,0,0,1,1,0,0,1,1,0,0,0,0,0,0,0,0,0,0,0,0,0,0,0,0,1,0,1,1,1,14.53,1,1,0,0,0,0,75,1,0,1,0,1,0,58.7,1,0,0,0.0,3,1,-0.2275522826570009,0.0,0,9,0.0,0,0,0,0.0,0.8,0.3333333333333333,0.3333333333333333,0.8,0.5,0.0
6014,Federal University of Vicosa,https://www.ufv.br,Brazil,Latin America & Africa,19.236071888919465,F,1091,138,26.0,11.1,,0,35.38050925376196,1,1,7,1,0,0,0,0,0,0,0,0,0,0,0,1,0,1,0,1,1,0,0,0,0,0,1,0,0,0,0,0,0,0,0,0,0,1,0,0,1,1,17.61,1,1,0,0,0,0,75,1,0,1,0,1,1,33.3,1,0,0,1.0,3,0,-0.2185377779334515,0.0,0,9,1.0,0,0,0,0.0666666666666666,0.6,0.3333333333333333,0.6666666666666666,0.6,0.5,0.0
6401,Federal University of Lavras,https://www.ufla.br,Brazil,Latin America & Africa,19.155445395599013,F,1092,139,27.0,11.0,,0,38.53630260371367,1,1,6,1,0,0,0,0,0,0,0,0,0,0,0,1,1,1,0,0,1,0,0,0,0,0,0,0,0,0,0,0,0,1,1,0,0,1,1,1,1,1,12.63,1,1,1,0,0,0,75,1,0,1,1,1,1,96.7,1,0,0,,0,0,1.0179987371921777,0.0,0,9,1.0,1,0,0,0.1333333333333333,1.0,0.3333333333333333,1.0,0.6,0.5,0.25
3300,University of Salento,https://www.unisalento.it,Italy,Eastern & Southern Europe,18.976888696558415,F,1093,181,31.0,10.9,,0,47.97739002148335,1,1,1,1,0,0,0,0,1,1,0,6,1,1,1,1,1,0,0,0,1,0,1,0,0,1,1,0,0,0,0,1,1,0,0,0,0,1,0,0,1,1,21.0,1,1,0,0,0,0,75,1,0,1,1,1,0,71.7,1,0,0,,0,1,-0.946121965747371,0.0,0,9,0.15,1,0,0,0.3333333333333333,0.6,0.3333333333333333,0.6666666666666666,0.6,0.375,0.0
4086,Mie University,https://www.mie-u.ac.jp,Japan,Asia (East & Southeast),18.91931186278666,F,1094,167,37.0,10.8,,0,56.66274029362853,1,1,5,1,0,0,0,0,0,0,1,10,1,0,1,1,0,1,0,0,1,0,1,1,1,1,1,0,1,0,0,0,0,1,0,0,0,1,1,1,1,1,21.0,1,1,0,0,0,0,100,1,1,0,1,1,0,2.6,1,0,0,,0,1,-0.2276304964319498,0.6931471805599453,1,13,1.0,1,0,0,0.4666666666666667,1.0,0.3333333333333333,0.6666666666666666,0.6,0.5,0.0
6034,Pontifical Catholic University of Sao Paulo,https://www.pucsp.br,Brazil,Latin America & Africa,18.848659566896952,F,1095,140,28.0,10.8,,0,22.19807729468599,1,0,0,0,0,0,0,0,0,0,0,0,0,0,0,1,0,1,0,0,0,0,0,0,0,0,0,0,0,0,0,0,0,0,0,0,0,0,0,0,0,0,21.0,0,0,1,0,0,0,100,1,0,1,1,1,0,100.0,1,0,0,0.0,3,0,-0.7987056678756392,0.0,0,13,0.0,0,0,0,0.0,0.0,0.3333333333333333,0.6666666666666666,0.2,0.25,0.25
4127,National Cheng Kung University,https://www.ncku.edu.tw,Taiwan,Asia (East & Southeast),18.844552785864032,F,1096,168,,10.7,,0,44.40360126984128,1,0,0,0,1,0,1,1,0,0,1,1,1,0,1,0,0,0,0,0,1,0,1,1,0,1,1,1,0,0,0,1,0,0,1,0,0,0,1,0,1,0,10.05,1,0,0,0,0,0,50,1,10,1,1,1,1,96.3,1,0,0,,1,1,0.0648688777059988,2.3978952727983707,1,5,0.0,1,0,0,0.4666666666666667,0.4,0.3333333333333333,1.0,0.4,0.25,0.0
6068,National University of the South,https://www.uns.edu.ar,Argentina,Latin America & Africa,18.81226213038296,F,1097,141,,10.6,,0,30.028845253462528,1,1,7,0,0,0,0,0,0,0,0,0,0,0,0,0,1,1,0,1,1,0,0,0,0,0,0,0,0,0,0,0,0,0,0,0,0,1,0,0,1,0,10.55,1,1,0,0,0,0,75,1,0,1,1,1,1,100.0,1,0,0,0.0,3,1,-0.2251578048398082,0.0,0,9,1.0,0,0,0,0.0,0.4,0.3333333333333333,1.0,0.4,0.5,0.0
6013,Federal University of Sao Carlos,https://www.ufscar.br,Brazil,Latin America & Africa,18.541749699835517,F,1098,142,29.0,10.5,,0,24.14649778252464,1,1,10,1,0,1,0,0,0,0,0,0,0,0,0,0,0,0,0,1,1,0,0,0,0,0,0,0,0,0,0,0,0,0,0,0,0,0,0,1,1,0,8.45,1,1,0,0,0,0,75,1,5,0,0,1,1,84.6,1,0,0,,0,1,-1.2322470044238434,1.791759469228055,1,9,0.9266666666666666,1,0,0,0.0,0.4,0.3333333333333333,0.6666666666666666,0.8,0.25,0.0
3061,University of Murcia,https://www.um.es,Spain,Eastern & Southern Europe,18.518986109302954,F,1099,182,27.0,10.4,,0,35.290979263765486,1,1,1,0,1,0,0,0,1,1,0,5,0,0,0,1,0,1,0,0,1,0,1,1,0,0,0,0,0,0,0,1,0,1,1,0,0,0,0,0,0,0,15.18,1,1,0,0,0,0,100,1,0,1,1,1,0,81.4,1,0,0,28.0,3,1,0.1107260951250356,0.0,0,13,0.15,0,0,0,0.3333333333333333,0.0,0.3333333333333333,0.6666666666666666,0.6,0.375,0.0
6423,Autonomous University of Nayarit,https://www.uan.edu.mx,Mexico,Latin America & Africa,18.38271749060353,F,1100,143,9.0,10.4,,0,32.728507607125394,1,1,10,1,0,0,0,0,0,0,0,0,0,1,0,1,1,0,0,1,1,0,1,0,0,0,0,0,0,0,0,0,0,1,0,0,0,0,0,1,1,0,12.98,1,0,0,0,0,0,75,1,1,1,1,1,1,87.1,1,0,0,,0,0,0.7850301307429471,0.6931471805599453,1,9,0.9266666666666666,1,0,0,0.1333333333333333,0.4,0.3333333333333333,1.0,0.6,0.5,0.0
4209,Can Tho University,https://www.ctu.edu.vn,Vietnam,Asia (East & Southeast),18.031316812642487,F,1101,169,,10.3,,0,45.0,1,0,0,1,0,0,0,0,0,0,1,0,1,0,1,1,0,0,0,1,1,0,1,1,0,1,1,1,0,0,0,1,1,1,0,0,0,0,1,0,1,0,5.73,1,1,0,0,0,0,75,1,0,1,0,1,1,50.0,1,0,0,13.0,3,1,0.1590158564519136,0.0,0,9,0.0,0,0,0,0.5333333333333333,0.4,0.3333333333333333,0.6666666666666666,0.4,0.5,0.0
4046,Fuzhou University,https://www.fzu.edu.cn,China,Asia (East & Southeast),17.819736770084475,F,1102,170,35.0,10.2,21.864547340061513,1,26.379982894415527,1,0,0,0,0,0,0,0,0,0,0,2,0,0,0,0,0,0,0,0,0,0,0,1,1,1,0,1,0,0,0,1,0,1,0,0,0,0,0,1,0,0,21.0,0,0,0,0,0,0,0,1,0,1,0,0,0,0.0,0,0,0,,0,0,0.6005812802708944,0.0,0,1,0.0,1,0,0,0.4,0.2,0.0,0.0,0.2,0.0,0.0
6096,National Agrarian University La Molina,https://www.lamolina.edu.pe,Peru & Andes,Latin America & Africa,17.777483489729914,F,1103,144,,10.1,,0,33.09061972960085,1,1,3,1,0,0,0,0,0,0,0,4,0,0,0,1,1,1,0,0,1,0,1,0,0,0,0,0,0,0,0,0,0,0,1,0,0,1,0,1,1,1,12.63,1,0,0,0,0,0,75,1,0,0,1,1,0,100.0,1,0,0,7.0,3,0,-0.4836205574603263,0.0,0,9,0.6,0,0,0,0.1333333333333333,0.8,0.3333333333333333,0.6666666666666666,0.6,0.5,0.0
3129,Technical University of Crete,https://www.tuc.gr,Greece,Eastern & Southern Europe,17.7535749267336,F,1104,183,,10.0,17.8048662376264,1,45.0,1,0,0,1,1,1,0,0,0,0,1,0,0,1,1,1,1,0,0,0,1,0,0,1,1,1,1,0,0,0,0,0,0,1,0,0,0,0,0,1,1,0,12.63,1,0,0,0,0,0,75,1,0,1,0,0,0,61.7,1,0,0,0.0,3,0,-0.6760285955600983,0.0,0,9,0.0,0,0,0,0.3333333333333333,0.4,0.3333333333333333,0.0,0.8,0.375,0.0
2143,Nord University,https://www.nord.no,Norway,Western & Northern Europe,17.700849725239078,F,1105,206,,10.0,13.891966014108842,1,31.583058342650567,1,1,5,1,1,0,0,0,0,0,0,4,0,0,0,1,1,0,0,0,1,0,0,0,0,0,0,0,0,0,0,0,0,0,0,0,0,1,0,0,1,1,18.77,1,1,0,0,0,0,100,1,1,1,1,1,1,84.6,1,0,0,,0,1,-0.1967864337248621,0.6931471805599453,1,13,1.0,1,0,0,0.0,0.6,0.3333333333333333,1.0,0.8,0.375,0.0
5317,Jamia Hamdard,https://www.jamiahamdard.edu,India,South & Central Asia + Oceania,17.649787494097822,F,1106,205,88.0,9.9,,0,43.381265703160594,1,1,3,0,0,0,0,0,1,1,0,0,1,0,1,0,0,0,0,0,1,0,1,1,0,0,1,1,1,0,1,1,0,1,0,0,0,0,1,1,1,0,12.63,1,1,0,0,0,0,75,1,5,1,0,0,0,7.7,1,0,0,,1,2,4.424250478430865,1.791759469228055,1,9,0.6,1,0,0,0.5333333333333333,0.6,0.3333333333333333,0.0,0.4,0.25,0.0
5179,Tashkent State Technical University,https://www.tdtu.uz,Central Asia,South & Central Asia + Oceania,17.639964589416902,F,1107,206,,9.8,,0,33.32253084862471,1,0,0,1,0,0,0,0,0,0,0,9,0,0,0,1,1,1,0,1,1,0,0,0,0,0,0,1,0,0,0,0,0,0,0,0,0,0,0,1,1,0,7.23,1,1,0,0,0,0,75,1,0,1,1,1,1,70.9,1,0,0,4.0,3,1,0.5431658736640056,0.0,0,9,0.0,0,0,0,0.0666666666666666,0.4,0.3333333333333333,1.0,0.4,0.625,0.0
6040,University of the State of Rio de Janeiro Norte,https://www.uenf.br,Brazil,Latin America & Africa,17.607738506207898,F,1108,145,30.0,9.7,15.1568374832002,1,32.71095667727243,1,1,9,1,0,0,0,0,0,0,0,0,0,1,0,0,0,1,0,0,1,0,1,0,0,0,0,0,0,0,0,0,0,0,0,0,0,1,0,1,1,0,21.0,1,1,0,0,0,0,90,1,0,1,0,0,0,33.3,1,0,0,1.0,3,1,0.3010639083973883,0.0,0,12,1.0,0,0,0,0.0666666666666666,0.6,0.3333333333333333,0.0,0.6,0.25,0.0
6439,South Valley University,https://www.svu.edu.eg,Egypt & North Africa,Latin America & Africa,17.581609381281496,F,1109,146,,9.6,,0,37.95666753707254,1,1,8,0,1,0,0,0,1,1,0,0,1,0,1,0,0,0,1,0,1,0,1,1,1,1,0,1,0,0,0,0,0,0,0,0,0,0,0,1,0,0,13.3,1,0,0,0,0,0,35,0,4,0,0,1,0,18.8,0,0,0,65.0,3,0,1.665352857652069,1.6094379124341005,1,4,1.0,0,0,0,0.3333333333333333,0.2,0.0,0.3333333333333333,0.6,0.25,0.0
6404,Federal University of the Semi-Arid Region,https://www.ufersa.edu.br,Brazil,Latin America & Africa,17.576629589014743,F,1110,147,31.0,9.5,,0,34.55492627373897,1,1,5,1,1,0,0,0,0,0,0,0,0,1,0,0,0,0,0,1,1,0,0,0,0,0,0,0,0,0,0,0,1,1,1,0,0,1,0,0,1,1,12.63,1,1,0,0,0,0,90,1,0,1,0,1,1,26.0,0,0,0,,0,0,0.5896689111872753,0.0,0,12,1.0,1,0,0,0.2,0.6,0.0,0.6666666666666666,0.8,0.25,0.0
4030,East China Normal University,https://www.ecnu.edu.cn,China,Asia (East & Southeast),17.54879323662008,F,1111,171,36.0,9.5,,0,45.0,1,0,0,1,0,0,0,0,0,0,1,4,1,0,1,1,0,0,1,1,1,0,1,1,1,1,1,1,1,0,0,0,0,1,0,0,0,0,0,1,1,0,12.63,1,0,0,0,0,0,75,1,0,1,0,1,0,0.0,1,0,0,,0,1,0.0660758902540234,0.0,0,9,0.0,1,0,0,0.5333333333333333,0.4,0.3333333333333333,0.3333333333333333,0.4,0.5,0.0
4069,Tokyo Medical and Dental University,https://www.tmd.ac.jp,Japan,Asia (East & Southeast),17.3790151835655,F,1112,172,38.0,9.4,9.067979080323457,1,61.78280805552343,1,1,4,1,0,0,1,1,0,0,1,6,1,0,1,1,0,1,1,0,1,0,1,1,0,1,1,1,1,1,0,1,1,1,0,0,0,0,1,1,1,0,15.91,1,1,0,0,0,0,75,1,0,1,0,1,0,2.6,1,0,0,662.0,2,1,-1.3135394521380357,0.0,0,9,0.85,0,0,0,0.6666666666666666,0.6,0.3333333333333333,0.3333333333333333,0.6,0.5,0.0
3306,Pablo de Olavide University,https://www.upo.es,Spain,Eastern & Southern Europe,17.36643900832209,F,1113,184,28.0,9.3,,0,39.46015267364765,1,1,5,1,0,0,0,0,0,0,0,0,0,0,0,1,1,0,0,0,1,0,0,0,0,1,1,0,0,0,0,1,0,1,0,0,0,1,0,1,1,1,12.63,1,0,1,0,0,0,75,1,1,1,1,0,0,95.5,1,0,0,,0,0,-0.0374301750907225,0.6931471805599453,1,9,1.0,1,0,0,0.2666666666666666,0.8,0.3333333333333333,0.3333333333333333,0.6,0.375,0.25
3078,Warsaw University of Technology,https://www.pw.edu.pl,Poland,Eastern & Southern Europe,17.183512990066227,F,1114,185,27.0,9.2,17.88152062094136,1,37.9372448117821,1,1,5,1,0,0,0,0,1,1,0,4,0,0,0,1,1,0,1,0,1,0,0,0,0,0,1,0,0,0,0,0,0,1,1,0,0,1,0,1,1,1,15.43,1,1,0,0,0,0,75,1,0,1,1,1,0,86.4,1,0,0,,0,1,1.4127054394453322,0.0,0,9,1.0,1,0,0,0.2,0.8,0.3333333333333333,0.6666666666666666,0.6,0.5,0.0
2149,Volda University College,https://www.hivolda.no,Norway,Western & Northern Europe,17.0090019440611,F,1115,207,,9.1,,0,35.821964067253795,1,1,4,1,1,0,0,0,0,0,0,10,0,0,0,1,1,1,0,0,1,0,0,0,0,0,0,0,0,0,0,0,0,0,1,0,0,1,0,0,1,1,14.11,1,1,0,0,0,0,75,1,0,1,0,1,1,19.4,1,0,0,1.0,3,1,-0.4024317681169976,0.0,0,9,0.85,0,0,0,0.0666666666666666,0.6,0.3333333333333333,0.6666666666666666,0.8,0.5,0.0
3062,University of Cordoba,https://www.uco.es,Spain,Eastern & Southern Europe,16.96765469530937,F,1116,186,29.0,9.1,,0,44.148540758055006,1,1,7,1,1,0,0,0,0,0,0,2,0,1,0,0,0,1,0,0,1,0,0,1,0,1,0,1,0,0,0,0,0,1,0,0,0,0,0,0,1,1,12.63,1,1,0,0,0,1,75,1,1,0,0,1,0,53.3,1,0,0,1257.0,2,0,-0.2701702068478402,0.6931471805599453,1,9,1.0,0,0,0,0.2666666666666666,0.4,0.3333333333333333,0.3333333333333333,0.8,0.25,0.25
6511,University of Quintana Roo,https://www.uqroo.mx,Mexico,Latin America & Africa,16.883588536465478,F,1117,148,10.0,9.0,20.66271893255537,1,32.700840577033446,1,1,10,0,0,0,0,0,1,1,0,3,0,1,0,1,1,0,0,1,1,0,1,0,0,0,0,0,0,0,0,0,0,0,1,0,0,1,0,0,1,1,13.97,1,1,1,0,0,0,75,1,0,1,1,0,1,86.5,1,0,0,,0,1,-0.4488302032928778,0.0,0,9,0.9266666666666666,1,0,0,0.1333333333333333,0.6,0.3333333333333333,0.6666666666666666,0.4,0.5,0.25
6321,Catholic University of the North,https://www.ucn.cl,Chile,Latin America & Africa,16.831943438868393,F,1118,149,,8.9,,0,35.42775486299593,1,1,9,1,1,0,0,0,0,0,0,10,0,0,0,1,1,0,0,0,1,0,0,0,0,0,0,0,0,0,0,1,0,1,1,0,0,1,0,1,1,1,10.7,1,1,0,0,0,0,75,1,0,0,1,1,1,18.5,1,0,0,,0,0,-0.5050300061787563,0.0,0,9,1.0,1,0,0,0.2,0.8,0.3333333333333333,1.0,0.8,0.375,0.0
6516,University of Antofagasta,https://www.uantof.cl,Chile,Latin America & Africa,16.83139457630375,F,1119,150,,8.8,,0,45.24018884678772,1,1,9,1,1,0,0,1,0,0,0,2,0,0,0,1,1,0,0,0,1,0,0,1,1,1,1,1,0,0,0,1,0,0,0,0,0,0,0,0,0,0,11.98,1,1,0,0,0,0,100,1,1,1,0,1,1,7.4,1,1,0,,0,0,-0.2214956622958663,0.6931471805599453,1,13,1.0,1,0,0,0.4,0.0,0.6666666666666666,0.6666666666666666,0.8,0.375,0.0
6312,University of Sonora,https://www.unison.mx,Mexico,Latin America & Africa,16.698567842814462,F,1120,151,11.0,8.7,,0,29.05911641972676,1,1,4,1,0,0,0,0,0,0,0,0,0,1,0,0,0,0,0,1,1,0,1,0,0,0,0,0,0,0,0,0,0,0,0,0,0,1,0,1,1,1,16.29,1,1,0,0,0,0,75,1,0,0,0,1,1,99.1,1,0,0,,0,0,-0.1398017132386998,0.0,0,9,0.85,1,0,0,0.0666666666666666,0.8,0.3333333333333333,0.6666666666666666,0.6,0.25,0.0
6070,University of San Andres,https://www.udesa.edu.ar,Argentina,Latin America & Africa,16.643002492846033,F,1121,152,,8.6,,0,38.32701439961852,1,0,0,1,0,0,0,0,1,1,0,0,0,1,0,1,1,1,0,1,1,0,1,0,0,0,0,1,0,0,0,0,0,0,0,0,0,1,0,0,1,1,11.13,1,0,0,0,0,0,90,1,0,1,1,1,1,40.0,1,0,0,,1,1,-1.1742161302659944,0.0,0,12,0.0,1,0,0,0.1333333333333333,0.6,0.3333333333333333,1.0,0.4,0.625,0.0
3192,American University in Bulgaria,https://www.aubg.edu,Bulgaria & Slovakia,Eastern & Southern Europe,16.592895669235993,F,1122,187,,8.6,,0,22.89709589003124,1,1,9,0,0,0,0,0,0,0,0,0,0,0,0,0,0,0,0,0,1,0,0,1,0,0,0,0,0,0,0,0,0,0,0,0,0,0,0,0,0,0,14.6,1,1,0,0,0,0,90,1,0,1,0,1,1,100.0,1,1,0,,0,0,-0.7457069384009638,0.0,0,12,1.0,1,0,0,0.0666666666666666,0.0,0.6666666666666666,0.6666666666666666,0.4,0.125,0.0
6006,Federal University of Rio Grande do Sul,https://www.ufrgs.br,Brazil,Latin America & Africa,16.56480623374209,F,1123,153,32.0,8.5,23.553853882195277,1,33.519948209397135,1,1,10,0,0,0,0,0,0,0,0,0,1,1,0,1,1,0,0,1,1,0,0,0,0,0,0,0,0,0,0,0,0,1,1,0,0,1,0,0,1,0,11.37,1,1,0,0,0,0,90,1,1,1,1,1,1,28.6,1,0,0,,0,1,2.3708787039061154,0.6931471805599453,1,12,0.9266666666666666,1,0,0,0.1333333333333333,0.4,0.3333333333333333,1.0,0.4,0.5,0.0
3072,University of Extremadura,https://www.unex.es,Spain,Eastern & Southern Europe,16.518557129130265,F,1124,188,30.0,8.4,13.095020163370005,1,36.99524935425168,1,1,5,1,0,0,0,0,0,0,0,6,0,0,0,1,1,1,0,0,1,0,0,0,0,0,0,0,0,0,0,0,0,1,0,0,0,1,0,0,1,1,15.43,1,1,0,0,0,0,75,1,0,1,1,1,0,69.4,1,0,0,1.0,3,0,-1.279967427966879,0.0,0,9,1.0,0,0,0,0.0666666666666666,0.6,0.3333333333333333,0.6666666666666666,0.6,0.5,0.0
6075,University of Valle,https://www.univalle.edu.co,Colombia,Latin America & Africa,16.413706909312797,F,1125,154,,8.3,,0,29.936634716909104,1,1,8,0,0,0,0,0,0,0,0,0,0,0,0,1,0,1,0,1,1,0,1,0,0,0,0,0,0,0,0,0,0,1,0,0,0,1,0,1,1,1,5.1,1,1,0,0,0,0,90,1,2,1,1,1,0,80.0,1,0,0,,0,0,2.9589342854814094,1.0986122886681098,1,12,1.0,1,0,0,0.1333333333333333,0.8,0.3333333333333333,0.6666666666666666,0.4,0.5,0.0
5071,University of Karachi,https://www.uok.edu.pk,Pakistan,South & Central Asia + Oceania,16.29578897477998,F,1126,207,24.0,8.2,19.43923712958659,1,29.020017671323323,1,1,1,1,1,0,0,0,0,0,0,0,0,0,0,0,0,0,0,0,1,0,1,1,0,0,1,0,0,0,0,0,0,1,1,0,0,0,0,1,0,0,21.0,1,1,0,0,0,0,90,1,0,0,0,1,0,11.1,1,0,0,,0,0,0.0981038705634229,0.0,0,12,0.15,1,0,0,0.3333333333333333,0.2,0.3333333333333333,0.3333333333333333,0.8,0.125,0.0
4041,Jinan University,https://www.jnu.edu.cn,China,Asia (East & Southeast),16.176281571156714,F,1127,173,37.0,8.2,14.758303940247345,1,45.0,1,0,0,1,0,0,0,1,0,0,1,6,1,1,1,1,1,0,1,0,1,0,1,1,1,1,1,1,1,1,0,1,0,1,0,0,0,0,0,1,1,0,12.63,1,0,0,0,1,0,75,1,5,1,1,1,0,0.0,1,0,0,243.0,2,2,-0.2306480278020113,1.791759469228055,1,9,0.0,0,0,0,0.6666666666666666,0.4,0.3333333333333333,0.6666666666666666,0.4,0.625,0.25
4215,National University of Mongolia,https://www.num.edu.mn,Other SE/E Asia,Asia (East & Southeast),16.029821339301186,F,1128,174,,8.1,,0,34.168561626662814,1,1,5,1,1,0,0,0,0,0,0,2,1,0,0,1,1,0,0,0,1,0,0,0,0,0,0,0,0,0,0,0,0,0,0,0,0,1,0,1,1,1,14.55,1,0,0,0,0,0,90,1,0,1,0,1,1,26.7,1,0,0,1.0,3,1,1.2350675430157991,0.0,0,12,1.0,0,0,0,0.0,0.8,0.3333333333333333,0.6666666666666666,0.8,0.375,0.0
6012,Federal University of Bahia,https://www.ufba.br,Brazil,Latin America & Africa,16.01942160403747,F,1129,155,33.0,8.0,,0,35.301154085254936,1,1,7,1,0,0,0,0,0,0,0,0,0,1,0,1,1,1,0,0,1,0,0,0,0,0,0,0,0,0,0,0,0,0,0,0,0,1,0,0,1,1,12.63,1,1,0,0,0,0,75,1,0,1,1,1,0,25.0,1,0,0,1.0,3,1,-0.2941751066294834,0.0,0,9,1.0,0,0,0,0.0,0.6,0.3333333333333333,0.6666666666666666,0.6,0.5,0.0
3202,Vilnius University,https://www.vu.lt,Baltics,Eastern & Southern Europe,15.93726588281395,F,1130,189,,7.9,,0,29.91246490007789,1,1,2,1,1,0,0,0,0,0,0,0,0,0,0,1,0,0,0,0,1,0,0,0,0,0,0,0,0,0,0,1,0,0,0,0,0,1,0,1,1,1,10.21,1,0,0,0,0,0,90,1,0,1,1,1,0,25.9,1,0,0,0.0,3,1,0.3163490398487238,0.0,0,12,0.35,0,0,0,0.0666666666666666,0.8,0.3333333333333333,0.6666666666666666,0.8,0.25,0.0
4061,Tokyo Institute of Technology,https://www.titech.ac.jp,Japan,Asia (East & Southeast),15.725677984538711,F,1131,175,39.0,7.8,5.346733278186192,1,69.97350791607224,1,1,6,1,1,0,0,0,0,0,1,0,1,1,1,1,1,1,0,0,1,0,1,1,1,1,1,0,0,0,0,1,0,1,0,0,0,0,1,1,1,1,12.63,1,1,0,0,0,0,90,1,0,1,1,1,0,70.5,1,1,0,657.0,2,3,-1.7991608339599123,0.0,0,12,1.0,0,0,0,0.4666666666666667,0.8,0.6666666666666666,0.6666666666666666,0.8,0.625,0.0
3146,Politehnica University of Bucharest,https://www.upb.ro,Romania,Eastern & Southern Europe,15.526404616428668,F,1132,190,,7.7,,0,51.8161565825816,1,1,1,1,1,0,0,0,0,0,0,0,1,0,0,1,1,0,0,1,1,0,1,1,1,1,1,1,0,0,1,1,0,1,0,0,0,0,0,1,1,0,3.09,1,1,0,0,0,1,90,1,0,1,0,1,1,55.6,1,0,0,,0,1,0.4783332286179523,0.0,0,12,0.15,1,0,0,0.6,0.4,0.3333333333333333,0.6666666666666666,0.8,0.5,0.25
6019,Federal University of Rio Grande do Norte,https://www.ufrn.br,Brazil,Latin America & Africa,15.451778678911303,F,1133,156,34.0,7.7,14.36901967614695,1,40.53101792426673,1,1,7,0,0,0,0,0,0,0,0,0,0,0,0,0,1,0,0,0,1,0,1,0,1,1,1,1,0,0,0,0,0,1,0,0,0,1,0,0,1,0,8.32,1,1,0,0,0,0,75,1,0,0,1,1,1,13.3,1,0,0,,0,0,0.4724803497811328,0.0,0,9,1.0,1,0,0,0.4,0.4,0.3333333333333333,1.0,0.4,0.25,0.0
6072,University of the Andes,https://www.uniandes.edu.co,Colombia,Latin America & Africa,15.383137331165535,F,1134,157,,7.6,,0,44.19593331745864,1,1,1,1,0,0,0,0,0,0,0,2,1,1,0,1,1,1,0,0,1,0,1,0,0,0,0,0,0,0,0,1,0,1,0,0,0,0,0,0,1,0,5.74,1,1,0,0,0,0,100,1,0,1,1,1,1,83.3,1,1,0,5.0,3,1,-1.1022409441139045,0.0,0,13,0.15,0,0,0,0.2,0.2,0.6666666666666666,1.0,0.6,0.5,0.0
6042,National Polytechnic Institute,https://www.ipn.mx,Mexico,Latin America & Africa,15.189051279653444,F,1135,158,12.0,7.5,,0,28.58814647892753,1,1,3,1,0,0,0,0,0,0,0,9,0,1,0,1,1,0,0,0,1,0,0,0,0,0,0,0,0,0,0,0,0,0,0,0,0,1,0,0,1,1,15.43,1,0,0,0,0,0,75,1,0,0,1,1,1,97.2,1,0,0,,0,0,-0.8923720060187699,0.0,0,9,0.6,1,0,0,0.0,0.6,0.3333333333333333,1.0,0.6,0.375,0.0
6436,Minia University,https://www.minia.edu.eg,Egypt & North Africa,Latin America & Africa,15.141675129336575,F,1136,159,,7.4,,0,27.94303306130674,1,1,9,0,1,0,0,0,0,0,0,9,0,0,0,1,1,0,0,0,1,0,0,0,0,0,0,0,0,0,0,0,0,0,0,0,0,0,0,1,1,1,15.43,1,1,0,0,0,0,75,1,1,1,1,1,0,61.5,1,0,0,0.0,3,1,-0.5289747843506843,0.6931471805599453,1,9,1.0,0,0,0,0.0,0.6,0.3333333333333333,0.6666666666666666,0.6,0.375,0.0
6037,Federal University of Alagoas,https://www.ufal.edu.br,Brazil,Latin America & Africa,14.97431477713908,F,1137,160,35.0,7.3,,0,35.08414103118257,1,1,10,1,0,0,0,0,0,0,0,10,0,1,0,0,0,1,0,0,1,0,0,0,0,0,0,0,0,0,0,0,1,0,0,0,0,0,0,0,1,1,12.71,1,1,1,0,0,0,75,1,0,1,1,1,0,50.0,1,0,0,1.0,3,1,0.1914813353517409,0.0,0,9,0.9266666666666666,0,0,0,0.0666666666666666,0.4,0.3333333333333333,0.6666666666666666,0.6,0.25,0.25
6437,Beni-Suef University,https://www.bsu.edu.eg,Egypt & North Africa,Latin America & Africa,14.758711982735605,F,1138,161,,7.3,,0,29.504892124238506,1,1,7,1,0,0,0,1,0,0,0,10,0,0,0,0,0,0,0,0,1,0,1,0,0,0,1,0,0,0,0,0,0,0,0,0,0,0,0,1,0,0,15.91,1,1,0,0,0,0,75,1,0,1,0,1,1,42.9,0,0,0,0.0,3,1,0.3731799461857836,0.0,0,9,1.0,0,0,0,0.1333333333333333,0.2,0.0,0.6666666666666666,0.6,0.125,0.0
6500,Federal University of Tocantins,https://www.uft.edu.br,Brazil,Latin America & Africa,14.608491675154166,F,1139,162,36.0,7.2,,0,24.757591485891428,1,1,20,1,0,0,0,0,0,0,0,0,0,0,0,1,0,1,0,0,1,0,0,0,0,0,0,0,0,0,0,0,0,0,0,0,0,0,0,0,1,1,21.0,1,1,0,0,0,0,75,1,0,0,1,1,1,25.0,1,0,0,,0,0,-0.4381254789336628,0.0,0,9,0.45,1,0,0,0.0,0.4,0.3333333333333333,1.0,0.6,0.375,0.0
4053,Capital Normal University,https://www.cnu.edu.cn,China,Asia (East & Southeast),14.571216318632917,F,1140,176,38.0,7.1,,0,40.46424498072104,1,1,6,0,0,0,0,0,0,0,0,2,1,0,1,0,0,0,0,0,1,0,1,1,0,1,1,1,0,0,0,0,0,1,0,0,0,1,0,1,1,0,12.63,1,1,0,0,1,0,75,1,0,0,0,1,0,0.0,0,0,0,,0,0,-0.300051249313423,0.0,0,9,1.0,1,0,0,0.4,0.6,0.0,0.3333333333333333,0.4,0.125,0.25
3073,Rey Juan Carlos University,https://www.urjc.es,Spain,Eastern & Southern Europe,14.474180648690657,F,1141,191,31.0,7.0,19.710329505262433,1,38.70656231677759,1,1,7,1,0,0,0,0,0,0,0,8,0,1,0,0,0,1,0,0,1,0,0,0,0,0,0,1,0,0,0,1,0,1,1,0,0,0,0,1,1,1,1.82,1,1,0,0,0,0,75,1,0,0,1,1,0,85.1,1,0,0,,0,1,1.2302487478826536,0.0,0,9,1.0,1,0,0,0.2666666666666666,0.6,0.3333333333333333,0.6666666666666666,0.6,0.25,0.0
6055,Autonomous University of Yucatan,https://www.uady.mx,Mexico,Latin America & Africa,14.211567530883778,F,1142,163,13.0,6.9,18.175263836568128,1,22.06109456039532,1,0,0,0,0,0,0,0,0,0,0,0,0,1,0,1,1,0,0,1,1,1,0,0,0,0,0,0,0,0,0,0,0,0,0,0,0,0,0,1,1,1,21.0,1,0,0,0,0,0,75,1,0,1,1,0,1,33.3,1,0,0,,0,0,-0.2771320586365228,0.0,0,9,0.0,1,0,0,0.0,0.6,0.3333333333333333,0.6666666666666666,0.2,0.625,0.0
6350,Felix Houphouet-Boigny University,https://www.univ-fhb.edu.ci,Sub-Saharan Africa,Latin America & Africa,14.179906556246118,F,1143,164,,6.9,,0,57.08527847551486,1,1,6,1,0,0,0,0,0,0,0,0,1,1,0,1,1,1,1,0,1,0,1,1,1,1,1,1,1,0,0,1,0,0,0,0,0,0,0,1,1,0,12.63,1,0,0,0,0,0,90,1,1,1,0,1,1,17.6,1,0,0,454.0,2,1,-1.0715352873993145,0.6931471805599453,1,12,1.0,0,0,0,0.5333333333333333,0.4,0.3333333333333333,0.6666666666666666,0.6,0.75,0.0
4133,National Taiwan Normal University,https://www.ntnu.edu.tw,Taiwan,Asia (East & Southeast),14.097806255161839,F,1144,177,,6.8,15.031866647161614,1,43.77792568093244,1,0,0,0,1,0,0,0,0,0,0,0,1,0,1,1,0,0,0,1,1,0,1,1,0,1,1,1,0,1,0,0,0,0,0,0,0,1,0,0,1,0,12.63,1,1,0,0,0,0,75,1,2,1,1,1,1,10.8,0,0,0,14.0,3,0,-0.2602198352286128,1.0986122886681098,1,9,0.0,0,0,0,0.4,0.4,0.0,1.0,0.4,0.375,0.0
5184,Kyrgyz National University,https://www.university.kg,Central Asia,South & Central Asia + Oceania,14.073450402048861,F,1145,208,,6.7,,0,27.1887253014549,1,1,8,1,1,0,0,0,0,0,0,0,0,0,0,1,1,0,0,1,1,0,0,0,0,0,0,0,0,0,0,0,0,0,0,0,0,0,0,0,1,0,7.38,1,1,0,1,0,0,90,1,0,1,0,1,1,71.4,1,0,0,,0,0,-0.2093994612370529,0.0,0,12,1.0,1,0,0,0.0,0.2,0.3333333333333333,0.6666666666666666,0.8,0.5,0.25
3186,Josip Juraj Strossmayer University of Osijek,https://www.unios.hr,Balkans,Eastern & Southern Europe,13.997944956227029,F,1146,192,,6.6,,0,47.71253973186276,1,1,5,1,1,0,0,0,0,0,0,0,1,0,0,1,1,0,0,0,1,0,1,1,0,1,0,1,0,0,0,0,0,1,1,0,0,1,0,1,1,0,3.61,1,1,0,0,0,0,90,1,0,1,0,1,0,72.7,1,1,0,,0,1,0.1150360957131302,0.0,0,12,1.0,1,0,0,0.4,0.6,0.6666666666666666,0.3333333333333333,0.8,0.375,0.0
4087,Shizuoka University,https://www.shizuoka.ac.jp,Japan,Asia (East & Southeast),13.981207349779483,F,1147,178,40.0,6.5,,0,51.35536283241139,1,1,6,0,0,0,0,0,0,0,1,4,1,0,1,1,1,0,0,0,1,0,1,1,1,1,1,0,1,1,0,1,0,0,1,0,0,1,0,1,0,1,12.09,1,1,0,0,0,0,75,1,1,0,1,0,0,8.4,1,0,0,102.0,2,1,-0.672414620378996,0.6931471805599453,1,9,1.0,0,0,0,0.6,0.6,0.3333333333333333,0.3333333333333333,0.4,0.5,0.0
6067,National University of Tucuman,https://www.unt.edu.ar,Argentina,Latin America & Africa,13.877972055878635,F,1148,165,,6.4,,0,26.564615164389984,1,1,6,0,0,0,0,0,0,0,0,0,0,0,0,0,0,0,0,0,1,0,0,0,0,0,0,0,0,0,0,0,0,1,1,0,0,1,0,0,1,0,7.46,1,1,0,0,0,0,75,1,0,1,0,1,1,95.5,1,0,0,,0,0,-0.9602624947180012,0.0,0,9,1.0,1,0,0,0.1333333333333333,0.4,0.3333333333333333,0.6666666666666666,0.4,0.125,0.0
6309,University of Fortaleza,https://www.unifor.br,Brazil,Latin America & Africa,13.803530648675709,F,1149,166,37.0,6.4,,0,31.107968492323334,1,1,1,1,1,0,0,0,0,0,0,0,1,0,0,1,1,0,0,0,1,0,0,0,0,0,0,0,0,0,0,0,0,0,0,0,0,1,0,0,1,1,15.43,1,1,1,0,0,0,100,1,0,1,1,1,1,69.0,1,0,0,,0,1,1.9495914597164865,0.0,0,13,0.15,1,0,0,0.0,0.6,0.3333333333333333,1.0,0.8,0.375,0.25
6029,Federal University of Pelotas,https://www.ufpel.edu.br,Brazil,Latin America & Africa,13.791764694333027,F,1150,167,38.0,6.3,,0,42.132397799413305,0,1,7,1,1,0,0,0,0,0,1,5,1,0,0,1,1,0,0,0,1,0,1,0,1,1,1,1,0,0,1,0,0,0,0,0,0,0,0,1,1,0,18.1,1,0,0,0,0,0,20,1,2,1,0,1,0,12.5,0,0,0,,0,1,-0.1672677823182642,1.0986122886681098,1,2,1.0,1,0,0,0.4,0.4,0.0,0.3333333333333333,0.6,0.375,0.0
6405,Federal Technological University of Parana,https://www.utfpr.edu.br,Brazil,Latin America & Africa,13.789190513526226,F,1151,168,39.0,6.2,,0,26.05926453913118,0,1,0,1,0,0,0,0,0,0,0,0,0,1,0,1,1,0,0,1,1,1,0,0,0,0,0,0,0,0,0,1,0,1,1,0,0,0,0,0,1,0,21.0,1,0,0,0,0,0,75,1,0,1,0,1,0,15.2,1,0,0,,0,0,3.2159885217388724,0.0,0,9,0.0,1,0,0,0.2,0.2,0.3333333333333333,0.3333333333333333,0.4,0.625,0.0
6525,Aswan University,https://www.aswu.edu.eg,Egypt & North Africa,Latin America & Africa,13.706299281597763,F,1152,169,,6.1,,0,34.26634495918214,1,1,9,1,1,0,0,1,0,0,0,0,0,0,0,1,1,0,0,1,1,0,0,0,0,0,0,0,0,0,0,0,0,0,0,0,0,0,1,0,1,0,5.74,1,1,0,0,0,0,90,1,0,1,1,1,1,31.5,1,1,0,0.0,3,1,0.5344550697555347,0.0,0,12,1.0,0,0,0,0.0,0.4,0.6666666666666666,1.0,0.8,0.5,0.0
6415,State University of Santa Cruz,https://www.uesc.br,Brazil,Latin America & Africa,13.632108240268202,F,1153,170,40.0,6.0,,0,39.69127595333978,1,1,8,0,1,0,0,0,0,0,1,0,0,1,0,0,0,0,0,0,1,0,1,1,0,1,1,0,0,0,0,0,0,1,0,0,0,1,0,1,1,0,15.43,0,1,0,0,0,0,75,1,0,1,1,1,0,8.9,1,0,0,,0,0,0.1738748808135585,0.0,0,9,1.0,1,0,0,0.3333333333333333,0.6,0.3333333333333333,0.6666666666666666,0.6,0.125,0.0
6419,State University of Montes Claros,https://www.unimontes.br,Brazil,Latin America & Africa,13.407170833837135,F,1154,171,41.0,6.0,,0,34.69123007199399,1,1,2,1,0,0,0,0,0,0,0,0,0,1,0,0,1,1,0,0,1,0,0,1,0,0,0,0,0,0,0,0,1,0,0,0,0,1,0,1,1,1,8.57,1,1,0,0,0,0,90,1,1,1,1,1,0,59.2,1,0,0,13.0,3,0,1.6180267078534347,0.6931471805599453,1,12,0.35,0,0,0,0.1333333333333333,0.8,0.3333333333333333,0.6666666666666666,0.6,0.375,0.0
6018,Federal University of Paraiba,https://www.ufpb.br,Brazil,Latin America & Africa,13.321789416290583,F,1155,172,42.0,5.9,18.300789160808847,1,29.333716904440585,0,1,7,1,1,0,0,0,0,0,0,10,0,1,0,1,1,0,0,0,1,0,0,0,0,0,0,0,0,0,0,0,0,0,0,0,0,1,0,1,1,1,21.0,1,0,0,0,0,0,90,1,0,1,0,1,0,30.0,1,0,0,,0,1,3.8985555512751295,0.0,0,12,1.0,1,0,0,0.0,0.8,0.3333333333333333,0.3333333333333333,0.6,0.375,0.0
4210,Hue University,https://www.hueuni.edu.vn,Vietnam,Asia (East & Southeast),13.316914005543731,F,1156,179,,5.8,,0,42.45869611213932,0,0,0,1,0,0,0,0,0,0,1,0,1,0,1,0,0,1,0,0,1,1,1,1,0,1,1,1,1,0,0,1,0,0,0,0,0,0,0,1,0,0,21.0,1,0,0,0,0,0,0,1,0,0,1,1,0,43.4,0,0,0,581.0,2,0,2.838784881824416,0.0,0,1,0.0,0,0,0,0.4666666666666667,0.2,0.0,0.6666666666666666,0.2,0.375,0.0
6044,Autonomous Metropolitan University,https://www.uam.mx,Mexico,Latin America & Africa,13.284750215036341,F,1157,173,14.0,5.7,26.140509519143066,1,17.081713037667,1,0,0,0,0,0,0,0,0,0,0,0,0,0,0,0,0,0,0,0,1,0,1,0,0,0,0,0,0,0,0,0,0,0,0,0,0,0,0,0,0,0,21.0,0,0,0,0,0,0,75,1,0,1,0,1,1,84.6,1,0,0,,0,0,-1.20351327061753,0.0,0,9,0.0,1,0,0,0.0666666666666666,0.0,0.3333333333333333,0.6666666666666666,0.2,0.125,0.0
6424,University of Guadalajara CUCEA,https://www.cucea.udg.mx,Mexico,Latin America & Africa,13.268172611991824,F,1158,174,15.0,5.6,,0,33.092875537773644,1,1,7,1,0,0,0,0,0,0,0,0,0,1,0,0,0,1,0,1,1,0,0,0,0,0,0,0,0,0,0,0,0,0,0,0,0,1,0,1,1,1,12.63,1,1,0,0,0,0,75,1,1,0,0,1,1,78.3,1,0,0,189.0,2,1,0.0521790670456416,0.6931471805599453,1,9,1.0,0,0,0,0.0,0.8,0.3333333333333333,0.6666666666666666,0.6,0.375,0.0
6023,Federal University of Juiz de Fora,https://www.ufjf.br,Brazil,Latin America & Africa,13.216363458727908,F,1159,175,43.0,5.5,17.821408719807604,1,32.51099195297981,1,1,7,1,0,0,0,0,0,0,0,1,0,0,0,0,0,1,0,0,1,0,0,1,0,0,0,0,0,0,0,0,1,0,0,0,0,0,0,1,1,0,6.93,1,0,0,0,1,0,75,1,0,1,1,1,1,45.5,1,0,0,4.0,3,0,0.1893685608071592,0.0,0,9,1.0,0,0,0,0.1333333333333333,0.4,0.3333333333333333,1.0,0.6,0.25,0.25
4107,Pusan National University,https://www.pusan.ac.kr,South Korea,Asia (East & Southeast),13.050018115874831,F,1160,180,21.0,5.5,,0,12.253634047619048,1,0,0,0,0,0,0,0,0,0,0,0,0,0,0,0,0,0,0,1,0,0,0,0,0,0,0,0,0,0,0,0,0,0,0,0,0,0,0,1,0,0,17.4,0,0,0,0,0,0,75,1,0,0,0,1,0,100.0,1,0,0,,0,0,0.1453363809076355,0.0,0,9,0.0,1,0,0,0.0,0.2,0.3333333333333333,0.3333333333333333,0.2,0.125,0.0
6066,National University of Cuyo,https://www.uncuyo.edu.ar,Argentina,Latin America & Africa,12.856842619554369,F,1161,176,,5.4,7.2996260954457135,1,34.04226115416113,1,1,4,1,0,0,0,0,1,1,0,0,0,1,0,1,1,0,0,0,1,0,1,0,0,0,0,0,0,0,0,0,0,1,0,0,0,0,0,1,1,0,14.02,1,1,0,0,0,0,75,1,0,1,1,1,1,86.8,1,0,0,,0,0,-0.3741788360509844,0.0,0,9,0.85,1,0,0,0.1333333333333333,0.4,0.3333333333333333,1.0,0.6,0.375,0.0
6046,Autonomous University of Puebla,https://www.buap.mx,Mexico,Latin America & Africa,12.79459446933987,F,1162,177,16.0,5.3,5.210366276958762,1,24.875788141043337,1,0,0,0,0,0,0,0,0,0,0,0,0,1,0,1,1,0,0,0,1,1,1,0,0,0,0,0,0,0,0,0,0,0,0,0,0,1,0,1,1,1,21.0,1,1,0,0,0,0,75,1,0,1,0,1,1,10.3,1,0,0,,0,1,-1.1713990975398851,0.0,0,9,0.0,1,0,0,0.0666666666666666,0.8,0.3333333333333333,0.6666666666666666,0.2,0.5,0.0
6073,University of Antioquia,https://www.udea.edu.co,Colombia,Latin America & Africa,12.732660648963696,F,1163,178,,5.2,13.537885550952645,1,31.164492840657942,1,0,0,1,1,0,0,0,0,0,0,0,0,0,0,1,1,0,0,1,1,0,0,0,0,0,0,0,0,0,0,0,0,0,0,0,0,1,0,1,1,1,21.0,1,0,0,0,0,0,75,1,0,1,0,1,1,50.0,1,1,0,32.0,3,1,-0.4729158331011115,0.0,0,9,0.0,0,0,0,0.0,0.8,0.6666666666666666,0.6666666666666666,0.6,0.5,0.0
6501,Federal University of Piaui,https://www.ufpi.br,Brazil,Latin America & Africa,12.711106463340522,F,1164,179,44.0,5.1,,0,35.76208136256658,1,1,4,1,0,0,0,0,1,1,1,0,0,1,0,1,1,1,0,0,1,0,0,0,0,0,0,0,0,0,0,0,0,1,1,0,0,0,0,0,1,1,12.63,1,1,0,0,0,0,75,1,0,1,0,1,1,54.5,1,0,0,,0,0,0.704040439867308,0.0,0,9,0.85,1,0,0,0.1333333333333333,0.4,0.3333333333333333,0.6666666666666666,0.6,0.5,0.0
5023,Savitribai Phule Pune University,https://www.unipune.ac.in,India,South & Central Asia + Oceania,12.631348198072633,F,1165,209,89.0,5.1,10.31096756007708,1,45.0,1,0,0,1,0,0,0,1,0,0,1,1,1,1,1,0,0,1,0,0,1,0,1,1,1,1,1,0,1,1,0,1,1,1,1,0,0,0,1,1,0,0,1.38,0,0,0,0,0,0,0,1,2,1,1,1,1,63.6,1,0,0,,1,1,-0.8262053464602418,1.0986122886681098,1,1,0.0,1,0,0,0.7333333333333333,0.4,0.3333333333333333,1.0,0.4,0.375,0.0
6035,State University of Feira de Santana,https://www.uefs.br,Brazil,Latin America & Africa,12.307992905588216,F,1166,180,45.0,5.0,,0,9.086914451046416,1,0,0,0,0,0,0,0,0,0,0,0,0,0,0,0,0,0,0,0,0,0,0,0,0,0,0,0,0,0,0,0,0,0,0,0,0,0,0,0,0,0,21.0,0,0,0,0,0,0,0,1,1,0,0,1,1,100.0,0,0,0,,0,0,0.1761285069944459,0.6931471805599453,1,1,0.0,1,0,0,0.0,0.0,0.0,0.6666666666666666,0.2,0.0,0.0
3058,University of Malaga,https://www.uma.es,Spain,Eastern & Southern Europe,12.131547278411903,F,1167,193,32.0,4.9,,0,35.80140662609212,1,1,5,1,0,0,0,0,0,0,0,6,1,1,0,1,1,0,0,1,1,0,0,1,0,0,0,0,0,0,0,1,0,1,0,0,0,1,0,0,1,1,12.63,1,0,0,0,0,0,75,1,0,0,0,1,0,35.9,1,0,0,,0,1,1.0476124729621377,0.0,0,9,1.0,1,0,0,0.2,0.6,0.3333333333333333,0.3333333333333333,0.6,0.5,0.0
5088,University of Health Sciences Lahore,https://www.uhs.edu.pk,Pakistan,South & Central Asia + Oceania,11.675867097343659,F,1168,210,25.0,4.8,,0,30.518344487549303,1,0,0,0,0,0,0,0,0,0,0,0,1,0,1,1,1,0,0,0,0,0,1,0,0,0,0,1,0,0,0,0,0,0,0,1,0,0,0,0,0,0,15.43,0,0,0,0,0,0,75,1,0,1,1,0,1,0.0,1,0,0,,1,0,-1.0605948541570942,0.0,0,9,0.0,1,0,0,0.2,0.0,0.3333333333333333,0.6666666666666666,0.2,0.25,0.0
6512,National University of the Northeast,https://www.unne.edu.ar,Argentina,Latin America & Africa,11.640699815827242,F,1169,181,,4.7,,0,26.862980052013626,1,1,0,1,0,0,0,0,0,0,0,0,0,0,0,1,1,0,0,0,1,0,0,0,0,0,0,0,0,0,0,0,0,1,0,0,0,1,0,0,1,1,12.63,1,1,0,0,0,0,90,1,0,1,0,1,1,28.9,1,0,0,,0,1,-0.0262752943764993,0.0,0,12,0.0,1,0,0,0.0666666666666666,0.6,0.3333333333333333,0.6666666666666666,0.6,0.375,0.0
6025,State University of Maringa,https://www.uem.br,Brazil,Latin America & Africa,11.620884715412362,F,1170,182,46.0,4.6,,0,43.996238942953816,1,0,0,1,1,0,0,1,0,0,1,0,1,0,1,0,0,0,0,0,1,0,1,1,0,0,1,1,0,1,0,0,0,0,1,0,0,1,0,1,0,0,12.63,0,1,0,0,0,0,75,1,0,1,1,1,1,13.6,1,0,0,,0,0,0.1959885877135156,0.0,0,9,0.0,1,0,0,0.4,0.4,0.3333333333333333,1.0,0.6,0.125,0.0
6005,Federal University of Minas Gerais,https://www.ufmg.br,Brazil,Latin America & Africa,11.609359696120329,F,1171,183,47.0,4.6,,0,31.581451485646017,1,1,6,1,0,0,0,1,0,0,0,10,0,1,0,1,1,1,0,0,1,0,0,0,0,0,0,0,0,0,0,0,0,0,0,0,0,1,0,1,1,1,20.14,1,1,0,0,0,0,90,1,0,0,0,1,0,14.3,1,0,0,,1,1,-0.4648872898317003,0.0,0,12,1.0,1,0,0,0.0,0.8,0.3333333333333333,0.3333333333333333,0.6,0.5,0.0
6038,Federal University of Sergipe,https://www.ufs.br,Brazil,Latin America & Africa,11.58858105920718,F,1172,184,48.0,4.5,,0,25.478857435164727,1,1,8,1,0,0,0,0,0,0,0,0,0,0,0,1,1,0,0,0,1,0,0,0,0,0,0,0,0,0,0,0,0,0,0,0,0,0,0,1,1,1,18.59,0,1,0,0,0,0,90,1,7,1,1,1,0,9.5,1,0,0,,0,1,-1.2718263142256776,2.079441541679836,1,12,1.0,1,0,0,0.0,0.6,0.3333333333333333,0.6666666666666666,0.6,0.375,0.0
6504,State University of Ponta Grossa,https://www.uepg.br,Brazil,Latin America & Africa,11.544344601445518,F,1173,185,49.0,4.4,,0,24.54874018048419,1,1,9,1,0,0,0,0,0,0,0,0,0,0,0,0,0,0,0,0,1,0,0,0,0,0,0,0,0,0,0,0,0,0,1,0,0,0,0,1,1,0,12.75,1,0,0,0,0,0,90,1,0,1,0,1,1,39.3,1,0,0,,0,0,-1.1094243775654828,0.0,0,12,1.0,1,0,0,0.0666666666666666,0.4,0.3333333333333333,0.6666666666666666,0.6,0.125,0.0
6056,Autonomous University of Chihuahua,https://www.uach.mx,Mexico,Latin America & Africa,11.48160503318481,F,1174,186,17.0,4.3,,0,27.91147234204481,1,1,20,1,1,0,0,0,1,1,0,0,0,1,0,0,1,0,0,0,1,0,1,0,0,0,0,0,0,0,0,0,0,0,0,0,0,0,0,1,1,0,12.63,1,1,0,0,0,0,100,1,1,1,1,1,0,53.1,1,0,0,,0,0,0.1888051542619372,0.6931471805599453,1,13,0.45,1,0,0,0.0666666666666666,0.4,0.3333333333333333,0.6666666666666666,0.8,0.25,0.0
1184,University of Guelph,https://www.uoguelph.ca,Canada,North America,11.132482678607333,F,1175,199,27.0,4.2,,0,27.474820173556715,0,0,0,0,0,0,1,1,0,0,0,0,1,0,0,1,0,0,0,0,1,0,0,0,0,1,0,1,0,0,0,0,1,0,0,0,0,0,0,0,0,0,7.46,1,0,0,0,0,1,75,1,0,0,1,0,1,33.3,1,0,0,,0,1,0.0618517042861489,0.0,0,9,0.0,1,0,0,0.2,0.0,0.3333333333333333,0.6666666666666666,0.0,0.375,0.25
4043,Zhengzhou University,https://www.zzu.edu.cn,China,Asia (East & Southeast),11.08703311410016,F,1176,181,39.0,4.2,21.381430178970433,1,22.78452253341688,1,0,0,1,0,0,0,0,0,0,0,10,0,0,0,1,1,0,0,1,1,0,0,0,0,0,0,0,0,0,0,0,0,0,0,0,0,0,0,1,1,0,12.63,1,0,0,0,0,0,75,1,0,1,1,1,0,20.7,1,0,0,8.0,3,0,-0.2121405020656348,0.0,0,9,0.0,0,0,0,0.0,0.4,0.3333333333333333,0.6666666666666666,0.4,0.5,0.0
6059,University of Buenos Aires,https://www.uba.ar,Argentina,Latin America & Africa,10.73026893581276,F,1177,187,,4.1,,0,27.12684151540361,1,1,3,1,1,0,0,0,0,0,0,4,0,0,0,1,1,0,0,1,1,0,0,0,0,0,0,0,0,0,0,0,0,0,0,0,0,0,0,0,1,1,15.43,1,1,0,0,0,0,75,1,0,1,1,0,1,37.5,1,0,0,,0,0,-0.410236854945182,0.0,0,9,0.6,1,0,0,0.0,0.4,0.3333333333333333,0.6666666666666666,0.8,0.5,0.0
3033,University of Cagliari,https://www.unica.it,Italy,Eastern & Southern Europe,10.677537016546978,F,1178,194,32.0,4.0,13.384860205319457,1,45.40917262749775,1,1,4,0,1,0,0,0,0,0,0,5,1,0,1,1,1,0,0,0,1,0,1,0,0,1,1,0,0,0,1,1,1,0,0,0,0,1,0,0,1,1,1.3,1,1,0,0,0,0,75,1,0,1,0,1,0,100.0,1,0,0,0.0,3,1,0.8118195241217855,0.0,0,9,0.85,0,0,0,0.4,0.6,0.3333333333333333,0.3333333333333333,0.6,0.375,0.0
4190,Naresuan University,https://www.nu.ac.th,Thailand,Asia (East & Southeast),10.661955755944605,F,1179,182,,3.9,,0,31.14916522967676,1,1,9,1,1,0,0,0,0,0,0,0,0,0,1,1,1,0,0,0,1,0,0,1,0,0,0,0,0,0,0,0,0,0,0,0,0,1,0,0,1,1,5.74,1,1,0,0,0,0,90,1,0,1,0,1,0,17.0,1,0,0,,0,0,0.2509499788597836,0.0,0,12,1.0,1,0,0,0.0666666666666666,0.6,0.3333333333333333,0.3333333333333333,0.8,0.375,0.0
4034,University of Electronic Science and Technology of China,https://www.uestc.edu.cn,China,Asia (East & Southeast),10.597892711717298,F,1180,183,40.0,3.8,,0,31.936138422145103,0,1,8,1,1,0,0,0,0,0,0,10,1,0,0,1,0,0,0,0,1,0,0,1,0,0,1,0,0,0,0,0,0,0,0,0,0,0,0,0,1,0,19.77,1,0,0,0,0,0,75,1,0,1,0,1,0,55.8,1,0,0,,0,2,1.841792517156139,0.0,0,9,1.0,1,0,0,0.1333333333333333,0.2,0.3333333333333333,0.3333333333333333,0.6,0.375,0.0
6001,University of Sao Paulo,https://www5.usp.br,Brazil,Latin America & Africa,10.442004962603542,F,1181,188,50.0,3.8,,0,26.923633607930263,1,1,4,1,0,0,0,0,0,0,0,0,0,0,0,0,0,1,0,0,1,0,0,0,0,0,0,0,0,0,0,0,0,0,0,0,0,1,0,0,0,0,18.96,1,1,0,0,0,0,90,1,3,1,0,1,1,0.0,1,0,0,4.0,3,1,0.3721939847316457,1.3862943611198906,1,12,0.85,0,0,0,0.0,0.2,0.3333333333333333,0.6666666666666666,0.6,0.25,0.0
6088,University of Valparaiso,https://www.uv.cl,Chile,Latin America & Africa,10.402090532969073,F,1182,189,,3.7,,0,27.65829515647163,1,1,2,1,1,0,0,0,0,0,0,0,0,1,0,1,1,0,0,0,1,0,0,0,0,0,0,0,0,0,0,1,0,0,0,0,0,0,0,1,1,1,14.18,1,1,0,0,0,0,90,1,0,1,0,1,0,12.0,1,0,0,,0,0,-1.1215376182877526,0.0,0,12,0.35,1,0,0,0.0666666666666666,0.6,0.3333333333333333,0.3333333333333333,0.8,0.375,0.0
4125,National Tsing Hua University,https://www.nthu.edu.tw,Taiwan,Asia (East & Southeast),10.06932872847888,F,1183,184,,3.6,,0,44.23929904761904,1,0,0,1,0,0,1,1,0,0,1,2,1,0,1,0,1,0,0,0,1,0,1,1,0,1,1,1,0,0,0,1,1,0,0,0,0,0,0,1,1,0,9.74,1,0,0,0,0,0,50,1,0,0,1,1,0,73.1,1,0,0,496.0,2,0,-0.2632373665986743,0.0,0,5,0.0,0,0,0,0.4666666666666667,0.4,0.3333333333333333,0.6666666666666666,0.4,0.25,0.0
3189,Sofia University St. Kliment Ohridski,https://www.uni-sofia.bg,Bulgaria & Slovakia,Eastern & Southern Europe,9.96450464406759,F,1184,195,,3.5,,0,23.47978427910572,0,0,0,1,0,0,0,0,0,0,0,0,0,0,0,1,1,0,0,0,0,0,0,0,0,0,0,1,0,0,0,0,0,0,0,0,0,0,0,1,0,0,11.62,0,0,1,0,0,0,20,1,0,1,1,1,1,50.0,0,0,0,,0,1,-0.9371427978555068,0.0,0,2,0.0,1,0,0,0.0666666666666666,0.2,0.0,1.0,0.2,0.25,0.25
6039,Federal University of Maranhao,https://www.ufma.br,Brazil,Latin America & Africa,9.773490986947206,F,1185,190,51.0,3.4,,0,17.680148236018788,0,1,10,1,0,0,0,0,0,0,0,0,0,0,0,0,0,0,0,0,0,0,0,0,0,0,0,0,0,0,0,0,0,0,0,0,0,0,0,0,1,0,14.74,0,0,0,0,0,0,75,1,0,0,0,1,0,33.3,1,0,0,,0,0,-0.3765733138681771,0.0,0,9,0.9266666666666666,1,0,0,0.0,0.2,0.3333333333333333,0.3333333333333333,0.4,0.0,0.0
4063,Hokkaido University,https://www.hokudai.ac.jp,Japan,Asia (East & Southeast),9.712638507665815,F,1186,185,41.0,3.3,,0,21.641632714041517,1,0,0,0,0,0,0,0,0,0,1,0,0,0,0,1,0,1,0,0,1,0,1,0,0,0,0,0,0,0,0,0,0,0,0,0,0,0,0,1,1,0,12.63,1,0,0,0,0,0,100,1,0,0,1,1,0,75.3,1,0,0,,1,1,-0.4609862557166959,0.0,0,13,0.0,1,0,0,0.0666666666666666,0.4,0.3333333333333333,0.6666666666666666,0.2,0.375,0.0
4033,China Agricultural University,https://www.cau.edu.cn,China,Asia (East & Southeast),9.687412194126232,F,1187,186,41.0,3.3,,0,19.36574622721333,1,1,11,0,0,0,0,0,0,0,0,10,0,0,0,0,0,0,0,0,1,0,0,0,0,0,1,0,0,0,0,0,0,0,0,0,0,1,0,1,1,0,12.82,1,0,0,0,0,0,75,1,0,0,0,1,1,0.0,0,0,0,,1,0,0.0902161412145146,0.0,0,9,0.8533333333333334,1,0,0,0.0666666666666666,0.6,0.0,0.6666666666666666,0.4,0.125,0.0
6422,Autonomous University of Ciudad Juarez,https://www.uacj.mx,Mexico,Latin America & Africa,9.677348773854055,F,1188,191,18.0,3.2,,0,28.69878523626978,1,1,8,1,1,0,0,1,0,0,0,0,0,1,0,1,1,0,0,0,1,0,1,0,0,0,0,0,0,0,0,0,0,0,0,0,0,0,0,0,1,0,15.43,0,0,0,0,0,0,75,1,0,1,0,1,0,0.0,1,0,0,,0,1,-1.108860971020261,0.0,0,9,1.0,1,0,0,0.0666666666666666,0.2,0.3333333333333333,0.3333333333333333,0.8,0.375,0.0
6009,Federal University of Parana,https://www.ufpr.br,Brazil,Latin America & Africa,9.655862276501427,F,1189,192,52.0,3.1,,0,29.28386668600524,1,1,7,1,0,0,0,0,0,0,0,0,0,1,0,1,1,0,0,1,1,0,0,0,0,0,0,0,0,0,0,0,0,0,0,0,0,1,0,1,1,0,15.43,1,1,0,0,0,0,90,1,0,1,0,1,1,44.4,1,0,0,,0,1,1.065043183718201,0.0,0,12,1.0,1,0,0,0.0,0.6,0.3333333333333333,0.6666666666666666,0.6,0.5,0.0
3131,Charles University,https://www.cuni.cz,Czechia,Eastern & Southern Europe,9.636622821245616,F,1190,196,,3.0,,0,39.28125095417656,1,1,7,1,0,0,0,0,0,0,1,10,1,0,0,1,1,0,1,1,1,0,0,0,0,1,1,0,0,0,0,1,0,0,1,0,0,1,0,1,1,1,12.61,1,1,0,0,0,0,75,1,3,1,0,1,0,6.9,1,0,0,,0,1,1.0192383024238467,1.3862943611198906,1,9,1.0,1,0,0,0.2666666666666666,0.8,0.3333333333333333,0.3333333333333333,0.6,0.625,0.0
4006,University of Science and Technology of China,https://www.ustc.edu.cn,China,Asia (East & Southeast),9.149536211978136,F,1191,187,42.0,2.9,8.364736905473197,1,16.38961541963884,1,1,20,1,0,0,0,0,0,0,0,0,0,0,0,0,0,0,0,0,1,0,0,0,0,0,0,0,0,0,0,0,0,0,0,0,0,1,0,0,0,0,18.8,0,1,0,0,0,0,75,1,0,1,0,1,0,0.0,0,0,0,,0,0,0.5364084464675895,0.0,0,9,0.45,1,0,0,0.0,0.2,0.0,0.3333333333333333,0.6,0.125,0.0
4313,Universitas Negeri Yogyakarta,https://www.uny.ac.id,Indonesia,Asia (East & Southeast),9.0159386673555,F,1192,188,,2.9,,0,45.0,1,0,0,1,0,0,0,0,1,1,1,4,1,0,1,1,1,0,0,1,1,0,1,1,1,1,1,1,0,0,0,0,0,0,0,0,0,0,0,1,1,0,4.54,1,1,0,0,0,0,75,1,0,1,0,1,1,60.0,1,0,0,8.0,3,2,0.4179200480031795,0.0,0,9,0.0,0,0,0,0.4,0.4,0.3333333333333333,0.6666666666666666,0.4,0.625,0.0
6526,University of Constantine 1,https://www.umc.edu.dz,Egypt & North Africa,Latin America & Africa,8.677749539244026,F,1193,193,,2.8,7.87750300812247,1,43.756707178643,1,0,0,0,1,0,0,0,0,0,0,0,1,0,1,0,0,0,0,0,1,0,0,0,1,0,1,1,0,0,1,0,0,1,1,0,0,0,0,1,1,0,1.66,1,0,0,0,0,0,75,1,0,1,1,1,1,61.1,1,0,0,0.0,3,0,2.9513282971209143,0.0,0,9,0.0,0,0,0,0.4,0.4,0.3333333333333333,1.0,0.4,0.125,0.0
3045,University of Valencia,https://www.uv.es,Spain,Eastern & Southern Europe,8.677714279930221,F,1194,197,33.0,2.7,,0,6.805015464344942,1,0,0,0,0,0,0,0,0,0,0,0,0,0,0,0,0,0,0,0,0,0,0,0,0,0,0,0,0,0,0,0,0,0,0,0,0,0,0,1,0,0,21.0,0,0,0,0,0,0,0,1,0,0,0,0,0,25.0,0,0,0,,0,0,0.2080602750728426,0.0,0,1,0.0,1,0,0,0.0,0.2,0.0,0.0,0.2,0.0,0.0
6310,Autonomous University of Queretaro,https://www.uaq.mx,Mexico,Latin America & Africa,8.478511619731838,F,1195,194,19.0,2.6,,0,33.77913332450623,1,1,7,1,0,0,0,1,1,1,0,0,0,1,0,1,1,0,0,0,1,0,1,0,0,0,0,0,0,0,0,0,0,1,0,0,0,0,0,0,1,1,9.76,1,1,0,0,0,0,75,1,2,1,1,1,1,16.9,1,0,0,,0,0,-0.3130492258944148,1.0986122886681098,1,9,1.0,1,0,0,0.1333333333333333,0.4,0.3333333333333333,1.0,0.6,0.375,0.0
4026,Renmin University of China,https://www.ruc.edu.cn,China,Asia (East & Southeast),8.476709411623874,F,1196,189,43.0,2.5,,0,31.964932652143183,1,0,0,1,1,0,0,0,0,0,0,10,1,0,0,1,1,0,0,0,1,0,0,1,0,1,0,0,0,0,0,0,0,0,0,0,0,1,0,1,0,0,12.63,1,1,0,0,0,0,75,1,0,0,0,1,0,0.0,1,0,0,0.0,3,2,0.3646103271320952,0.0,0,9,0.0,0,0,0,0.1333333333333333,0.4,0.3333333333333333,0.3333333333333333,0.6,0.5,0.0
6301,Federal University of Campina Grande,https://www.ufcg.edu.br,Brazil,Latin America & Africa,8.410910488310877,F,1197,195,53.0,2.4,,0,18.84003781429396,1,1,4,0,1,0,0,0,0,0,0,0,0,0,0,0,0,0,0,0,1,0,0,0,0,0,0,0,0,0,0,0,0,0,0,0,0,0,0,0,1,0,12.63,1,0,0,0,0,0,75,1,2,1,0,1,1,100.0,1,0,0,,0,0,1.182231745124343,1.0986122886681098,1,9,0.85,1,0,0,0.0,0.2,0.3333333333333333,0.6666666666666666,0.6,0.125,0.0
4051,Beijing University of Chemical Technology,https://www.buct.edu.cn,China,Asia (East & Southeast),8.152046334557724,F,1198,190,44.0,2.4,,0,28.88490397188881,1,1,4,1,0,0,0,0,0,0,0,0,1,0,1,0,0,0,0,0,1,0,0,0,0,0,0,0,0,0,0,0,0,0,0,0,0,1,0,1,0,0,16.48,1,0,0,0,0,0,75,1,2,1,0,1,0,0.0,1,0,0,8.0,3,0,-0.2314527028340276,1.0986122886681098,1,9,0.85,0,0,0,0.0,0.4,0.3333333333333333,0.3333333333333333,0.6,0.125,0.0
4205,Vietnam National University Ho Chi Minh City,https://vnuhcm.edu.vn,Vietnam,Asia (East & Southeast),8.06970386140672,F,1199,191,,2.3,,0,19.278619087301596,1,0,0,0,0,0,1,1,0,0,0,4,0,0,0,0,0,1,0,0,1,0,0,0,0,0,0,0,0,0,0,0,0,0,0,0,0,0,0,0,1,0,10.05,0,0,0,0,0,0,75,1,0,1,0,1,1,39.7,0,0,0,1.0,3,0,0.089411466182498,0.0,0,9,0.0,0,0,0,0.0,0.2,0.0,0.6666666666666666,0.2,0.25,0.0
6333,Ferhat Abbas University of Setif,https://www.univ-setif.dz,Egypt & North Africa,Latin America & Africa,7.88554677799977,F,1200,196,,2.2,8.27542434531368,1,28.59590380848861,1,1,4,1,0,0,0,0,0,0,0,10,0,0,0,1,1,0,0,0,1,0,0,0,0,0,0,0,0,0,0,0,0,1,0,0,0,0,0,1,1,0,15.33,1,0,0,0,0,0,75,1,0,1,1,1,1,17.7,1,0,0,,0,1,-0.2585396426442021,0.0,0,9,0.85,1,0,0,0.0666666666666666,0.4,0.3333333333333333,1.0,0.6,0.375,0.0
4186,Prince of Songkla University,https://www.psu.ac.th,Thailand,Asia (East & Southeast),7.765320218024635,F,1201,192,,2.1,,0,24.163284785916943,1,1,12,0,1,0,1,1,0,0,1,0,0,0,0,1,1,0,0,0,1,0,0,0,0,0,0,0,0,0,0,0,0,0,0,0,0,1,0,1,1,1,5.74,1,0,0,0,0,0,75,1,1,1,0,1,1,34.1,1,0,0,,0,0,-0.4831148190971462,0.6931471805599453,1,9,0.78,1,0,0,0.0,0.8,0.3333333333333333,0.6666666666666666,0.6,0.375,0.0
5111,University of Melbourne,https://www.unimelb.edu.au,Australia,South & Central Asia + Oceania,7.670668445900761,F,1202,211,38.0,2.0,,0,15.775647850254568,0,0,0,0,0,0,0,1,0,0,0,0,0,0,0,0,0,0,0,0,0,0,0,0,0,0,0,0,0,0,0,0,0,0,0,0,0,0,0,0,0,0,21.0,0,0,0,0,0,0,55,1,0,1,1,1,1,,1,0,0,,0,0,-0.7192334427381614,0.0,0,6,0.0,1,1,0,0.0,0.0,0.3333333333333333,1.0,0.0,0.0,0.0
6004,Sao Paulo State University,https://www.unesp.br,Brazil,Latin America & Africa,7.550790168892716,F,1203,197,54.0,2.0,8.185250763782168,1,27.89709824993439,1,0,0,1,0,0,0,1,0,0,0,0,1,0,0,0,0,0,0,1,1,0,0,0,0,0,0,0,0,0,0,0,0,1,1,0,0,0,0,0,1,0,12.63,1,1,0,0,0,0,75,1,0,1,0,1,1,60.8,1,0,0,,0,0,-0.185296791765363,0.0,0,9,0.0,1,0,0,0.1333333333333333,0.2,0.3333333333333333,0.6666666666666666,0.4,0.25,0.0
4115,Chonnam National University,https://www.jnu.ac.kr,South Korea,Asia (East & Southeast),6.9938996859800096,F,1204,193,22.0,1.9,,0,9.169435476190475,1,0,0,0,0,0,0,0,0,0,0,0,0,0,0,0,0,0,0,0,0,0,0,0,0,0,0,0,0,0,0,0,0,0,0,0,0,0,0,1,0,0,21.0,0,0,0,0,0,0,75,1,0,0,0,1,1,0.0,0,0,0,,0,0,0.2362646595254848,0.0,0,9,0.0,1,0,0,0.0,0.2,0.0,0.6666666666666666,0.2,0.0,0.0
6403,Federal University of Alfenas,https://www.unifal-mg.edu.br,Brazil,Latin America & Africa,6.919691306302118,F,1205,198,55.0,1.8,,0,13.260556200888692,0,1,7,0,0,0,0,0,0,0,0,0,0,0,0,0,0,0,0,0,1,0,0,0,0,0,0,0,0,0,0,0,0,0,0,0,0,0,0,0,0,0,15.91,1,0,0,0,0,0,90,1,0,1,0,1,1,0.0,0,0,0,,0,0,0.8982748463325368,0.0,0,12,1.0,1,0,0,0.0,0.0,0.0,0.6666666666666666,0.2,0.125,0.0
4012,Xi'an Jiaotong University,https://www.xjtu.edu.cn,China,Asia (East & Southeast),6.7506557452592935,F,1206,194,45.0,1.7,,0,16.306699642696486,1,0,0,1,0,0,0,0,0,0,0,0,0,0,0,0,0,0,0,0,1,0,1,0,0,0,0,0,0,0,0,0,0,0,0,0,0,0,0,0,0,0,21.0,0,0,0,0,0,0,0,1,0,1,0,0,0,0.0,0,0,0,20.0,3,0,-0.9876460641714074,0.0,0,1,0.0,0,0,0,0.0666666666666666,0.0,0.0,0.0,0.4,0.125,0.0
6514,National University of Rio Cuarto,https://www.unrc.edu.ar,Argentina,Latin America & Africa,6.476099513046862,F,1207,199,,1.6,,0,24.99187711767341,1,1,6,0,0,0,0,0,0,0,0,0,0,1,0,0,0,0,0,0,1,0,0,0,0,0,0,0,0,0,0,0,0,1,0,0,0,0,0,0,1,0,7.46,1,0,0,0,0,0,75,1,0,0,1,0,1,62.5,1,0,0,,0,0,-1.1870336291697912,0.0,0,9,1.0,1,0,0,0.0666666666666666,0.2,0.3333333333333333,0.6666666666666666,0.4,0.125,0.0
6311,Autonomous University of Hidalgo,https://www.uaeh.edu.mx,Mexico,Latin America & Africa,6.0938405264464235,F,1208,200,20.0,1.5,0.0,1,36.45232508164297,1,1,8,1,0,0,0,1,0,0,0,3,0,1,0,1,1,1,0,1,1,0,1,0,0,0,0,0,0,0,0,1,0,0,0,0,0,0,0,1,1,0,12.63,1,0,0,0,0,0,75,1,1,1,1,1,1,67.7,1,0,0,,1,1,-0.3129083742581094,0.6931471805599453,1,9,1.0,1,0,0,0.1333333333333333,0.4,0.3333333333333333,1.0,0.6,0.625,0.0
5052,Visva-Bharati University,https://www.visvabharati.ac.in,India,South & Central Asia + Oceania,5.785931676859135,F,1209,212,90.0,1.5,,0,15.662310870609032,1,0,0,0,0,0,0,0,0,0,0,0,0,0,1,0,0,0,0,0,0,0,1,0,0,0,0,0,0,0,0,0,0,0,0,0,0,0,0,0,0,0,17.05,0,0,0,0,0,0,0,1,0,1,0,1,1,0.0,0,0,0,,0,0,-1.2948207962519247,0.0,0,1,0.0,1,0,0,0.0666666666666666,0.0,0.0,0.6666666666666666,0.2,0.0,0.0
3055,University of Salamanca,https://www.usal.es,Spain,Eastern & Southern Europe,5.35971359231723,F,1210,198,34.0,1.4,22.97138114368548,1,31.174606123846257,1,1,4,0,0,0,0,0,0,0,0,0,0,1,0,0,0,1,0,0,1,0,0,0,0,0,1,0,0,0,0,1,0,1,0,0,0,1,0,1,1,1,4.48,1,0,0,0,0,0,75,1,0,1,0,1,0,2.7,0,0,0,113.0,2,0,3.906759113089509,0.0,0,9,0.85,0,0,0,0.2,0.8,0.0,0.3333333333333333,0.4,0.25,0.0
3107,University of Beira Interior,https://www.ubi.pt,Portugal,Eastern & Southern Europe,5.256004756148514,F,1211,199,,1.3,6.934905556639469,1,37.42926098238421,1,1,6,0,0,0,1,1,0,0,1,0,1,0,1,1,1,0,1,1,1,0,0,1,0,0,1,0,0,0,0,0,0,0,0,0,0,1,0,0,1,0,15.43,1,1,0,0,1,0,75,1,0,1,0,1,0,19.4,1,0,0,641.0,2,2,-0.1318910213131329,0.0,0,9,1.0,0,0,0,0.1333333333333333,0.4,0.3333333333333333,0.3333333333333333,0.4,0.75,0.25
6306,Amazonas State University,https://www.uea.edu.br,Brazil,Latin America & Africa,4.979493238391438,F,1212,201,56.0,1.2,,0,31.82365149353651,1,1,7,1,0,0,0,0,0,0,0,0,0,1,0,1,1,0,0,0,1,0,0,0,0,0,0,0,0,0,0,0,0,0,0,0,0,1,0,1,1,1,3.9,1,1,0,0,0,0,90,1,0,1,1,1,1,77.6,1,0,0,,0,1,0.0964064808455559,0.0,0,12,1.0,1,0,0,0.0,0.8,0.3333333333333333,1.0,0.6,0.375,0.0
6060,National University of Cordoba,https://www.unc.edu.ar,Argentina,Latin America & Africa,4.713463730973557,F,1213,202,,1.1,,0,23.04947089729153,1,1,5,1,0,0,0,0,0,0,0,0,0,0,0,0,0,0,0,0,1,0,0,0,0,0,0,0,0,0,0,0,0,0,0,0,0,0,0,0,1,0,15.91,1,1,0,0,0,0,75,1,0,1,0,1,1,53.5,1,0,0,,0,0,-1.0994239113877953,0.0,0,9,1.0,1,0,0,0.0,0.2,0.3333333333333333,0.6666666666666666,0.6,0.125,0.0
6061,National University of La Plata,https://www.unlp.edu.ar,Argentina,Latin America & Africa,4.525601707133842,F,1214,203,,1.1,,0,24.953768463429107,1,1,6,1,0,0,0,0,0,0,0,0,0,0,0,0,0,0,0,0,1,0,0,0,0,0,0,0,0,0,0,0,0,0,0,0,0,0,0,1,1,0,7.46,1,1,0,0,0,0,90,1,0,1,1,1,1,50.0,1,0,0,,0,0,-0.5262986032608806,0.0,0,12,1.0,1,0,0,0.0,0.4,0.3333333333333333,1.0,0.6,0.125,0.0
4011,Harbin Institute of Technology,https://www.hit.edu.cn,China,Asia (East & Southeast),4.339055877632343,F,1215,195,46.0,1.0,,0,13.766137625396826,1,0,0,0,0,0,0,0,0,0,0,3,0,0,0,1,0,0,0,1,1,0,0,0,0,0,0,0,0,0,0,0,0,0,0,0,0,0,0,1,0,0,9.01,1,0,0,0,0,0,75,1,0,0,1,1,0,67.7,1,0,0,,0,0,1.7142515245815446,0.0,0,9,0.0,1,0,0,0.0,0.2,0.3333333333333333,0.6666666666666666,0.2,0.375,0.0
6131,University of Tunis El Manar,https://www.utm.rnu.tn,Egypt & North Africa,Latin America & Africa,3.630451954470093,F,1216,204,,0.9,,0,41.96514069201898,1,1,6,1,0,0,0,1,1,0,0,5,0,0,1,0,0,1,0,0,1,1,1,0,0,0,1,0,1,0,0,0,0,1,0,0,0,1,0,1,1,1,4.48,1,1,0,0,0,0,75,1,0,1,1,1,1,2.6,0,0,0,,0,0,1.104481641883729,0.0,0,9,1.0,1,0,0,0.2666666666666666,0.8,0.0,1.0,0.6,0.375,0.0
4052,Donghua University,https://www.dhu.edu.cn,China,Asia (East & Southeast),3.4049077056511026,F,1217,196,47.0,0.8,,0,14.386261461988306,1,0,0,1,0,0,0,0,0,0,0,5,0,0,0,1,0,0,0,0,1,0,0,0,0,0,0,0,0,0,0,0,0,0,0,0,0,0,0,1,1,0,12.63,1,0,0,0,0,0,20,1,0,1,0,1,0,25.0,0,0,0,,0,0,-0.1010953476473764,0.0,0,2,0.0,1,0,0,0.0,0.4,0.0,0.3333333333333333,0.4,0.25,0.0
4014,Beijing Normal University,https://www.bnu.edu.cn,China,Asia (East & Southeast),3.2701845663470266,F,1218,197,48.0,0.7,5.892659805898986,1,9.951292456921376,1,0,0,0,0,0,0,0,0,0,0,8,0,0,0,0,0,0,0,0,1,0,0,0,0,0,0,0,0,0,0,0,0,0,0,0,0,1,0,1,1,0,12.82,1,1,0,0,0,0,75,1,1,0,0,1,0,0.0,0,0,0,,0,0,0.3569659143279396,0.6931471805599453,1,9,0.0,1,0,0,0.0,0.6,0.0,0.3333333333333333,0.2,0.125,0.0
4047,Hefei University of Technology,https://www.hfut.edu.cn,China,Asia (East & Southeast),2.921733774108509,F,1219,198,49.0,0.7,,0,21.178630271512112,1,0,0,1,0,0,0,0,0,0,1,10,1,0,0,0,0,0,0,0,1,0,0,0,0,0,1,0,0,0,0,0,0,0,0,0,0,0,0,1,0,0,12.55,1,0,0,0,0,0,75,1,0,0,0,1,0,0.0,1,0,0,,1,0,1.2938088203529934,0.0,0,9,0.0,1,0,0,0.0666666666666666,0.2,0.3333333333333333,0.3333333333333333,0.4,0.125,0.0
3099,University of Szczecin,https://www.usz.edu.pl,Poland,Eastern & Southern Europe,2.901658988841003,F,1220,200,28.0,0.6,,0,34.88614384005555,1,1,6,0,0,0,0,0,0,0,0,0,1,0,1,1,1,0,0,0,1,0,1,0,0,0,1,0,0,0,0,0,0,0,0,0,0,0,0,1,1,0,4.03,1,0,0,0,0,0,90,0,0,1,1,1,1,100.0,1,1,0,,0,0,1.2638308357982255,0.0,0,12,1.0,1,0,0,0.1333333333333333,0.4,0.6666666666666666,1.0,0.4,0.375,0.0
4055,Nanjing Agricultural University,https://www.njau.edu.cn,China,Asia (East & Southeast),2.3643533994769577,F,1221,199,50.0,0.5,,0,28.252168865024963,1,1,6,1,0,0,0,0,0,0,0,10,1,0,0,1,0,0,0,1,1,0,1,0,0,0,1,0,0,0,0,0,0,0,0,0,0,0,0,1,0,0,11.98,1,0,0,0,0,0,75,1,1,1,1,1,0,1.7,0,0,0,,1,0,-0.0765527591708772,0.6931471805599453,1,9,1.0,1,0,0,0.1333333333333333,0.2,0.0,0.6666666666666666,0.6,0.375,0.0
6011,Federal University of Ceara,https://www.ufc.br,Brazil,Latin America & Africa,1.4491534324321556,F,1222,205,57.0,0.4,,0,22.61243615658228,1,0,0,1,0,0,0,0,0,0,0,0,0,1,0,0,0,0,0,1,1,0,0,0,0,0,0,0,0,0,0,0,0,0,0,0,0,0,0,1,1,0,2.02,1,0,1,0,0,0,75,1,0,1,1,1,1,95.2,1,0,0,,0,0,0.2676820705929946,0.0,0,9,0.0,1,0,0,0.0,0.4,0.3333333333333333,1.0,0.4,0.25,0.25
6065,National University of the Littoral,https://www.unl.edu.ar,Argentina,Latin America & Africa,1.4310480382099953,F,1223,206,,0.3,,0,25.030813422513923,1,1,1,1,0,0,0,0,0,0,0,0,0,0,0,0,0,1,0,0,1,0,0,0,0,0,0,0,0,0,0,0,0,0,1,0,0,1,0,1,1,1,4.61,1,0,0,0,0,0,90,1,0,1,0,1,1,0.0,1,0,0,,0,0,-0.4937618752743195,0.0,0,12,0.15,1,0,0,0.0666666666666666,0.8,0.3333333333333333,0.6666666666666666,0.6,0.25,0.0
4113,Inha University,https://www.inha.ac.kr,South Korea,Asia (East & Southeast),1.322881959593273,F,1224,200,23.0,0.2,5.148804478979389,1,11.219559190476192,0,0,0,0,0,0,0,0,0,0,0,0,0,0,0,0,0,0,0,0,0,0,0,0,0,0,0,0,0,0,0,0,0,0,0,0,0,0,0,0,0,0,,0,0,0,0,0,0,55,1,0,0,1,0,1,,0,0,0,,0,0,-0.4201489978418655,0.0,0,6,0.0,1,1,1,0.0,0.0,0.0,0.6666666666666666,0.0,0.0,0.0
6086,Austral University of Chile,https://www.uach.cl,Chile,Latin America & Africa,0.12316308488077621,F,1225,207,,0.2,,0,23.51490691007666,1,1,7,0,0,0,0,0,0,0,0,3,0,0,0,1,1,0,0,0,1,0,0,0,0,0,0,0,0,0,0,1,0,1,1,0,0,0,0,1,1,0,4.48,1,1,0,0,0,0,75,1,0,0,0,0,1,33.3,1,0,0,,0,0,2.142276498182355,0.0,0,9,1.0,1,0,0,0.2,0.4,0.3333333333333333,0.3333333333333333,0.4,0.375,0.0
3177,University of Zagreb,https://www.unizg.hr,Balkans,Eastern & Southern Europe,0.0,F,1226,201,,0.1,,0,20.600390965439765,1,0,0,1,0,0,0,0,0,0,0,3,1,0,0,0,0,0,0,0,1,0,0,0,0,0,1,0,0,0,0,1,1,0,0,0,0,0,0,0,1,0,1.48,1,0,0,0,0,0,75,1,4,1,1,1,0,0.0,0,0,0,,0,0,1.973185099255491,1.6094379124341005,1,9,0.0,1,0,0,0.2,0.2,0.0,0.6666666666666666,0.4,0.125,0.0
