weka_instance,uni_id,name,url,country,region,website_score,grade
1,3167,Eotvos Lorand University,https://www.elte.hu,Hungary,Eastern & Southern Europe,94.94,A+
2,5145,University of New England,https://www.une.edu.au,Australia,South & Central Asia + Oceania,94.36,A+
3,2084,University of Strasbourg,https://www.unistra.fr,France,Western & Northern Europe,93.72,A+
4,3102,University of Porto,https://www.up.pt,Portugal,Eastern & Southern Europe,93.36,A+
5,4147,Nanyang Technological University,https://www.ntu.edu.sg,Singapore,Asia (East & Southeast),92.9,A+
6,5419,Gauhati University,https://www.gauhati.ac.in,India,South & Central Asia + Oceania,92.73,A+
7,2046,RWTH Aachen University,https://www.rwth-aachen.de,Germany,Western & Northern Europe,92.46,A+
8,2029,University of Leicester,https://www.le.ac.uk,United Kingdom,Western & Northern Europe,92.09,A+
9,5139,Southern Cross University,https://www.scu.edu.au,Australia,South & Central Asia + Oceania,91.98,A+
10,2309,Maynooth University,https://www.maynoothuniversity.ie,Belgium/Ireland/Iceland,Western & Northern Europe,91.88,A+
11,4092,Sophia University,https://www.sophia.ac.jp,Japan,Asia (East & Southeast),91.84,A+
12,2038,"City, University of London",https://www.city.ac.uk,United Kingdom,Western & Northern Europe,91.61,A+
13,2078,Sorbonne University,https://www.sorbonne-universite.fr,France,Western & Northern Europe,91.46,A+
14,5150,University of Otago,https://www.otago.ac.nz,New Zealand,South & Central Asia + Oceania,89.99,A+
15,3199,University of Tartu,https://www.ut.ee,Baltics,Eastern & Southern Europe,89.66,A+
16,5127,University of Wollongong,https://www.uow.edu.au,Australia,South & Central Asia + Oceania,89.11,A+
17,2060,FAU Erlangen-Nuremberg,https://www.fau.de,Germany,Western & Northern Europe,89.01,A+
18,2036,University of Surrey,https://www.surrey.ac.uk,United Kingdom,Western & Northern Europe,88.98,A+
19,6327,University of Limpopo,https://www.ul.ac.za,South Africa,Latin America & Africa,88.98,A+
20,2020,Lancaster University,https://www.lancaster.ac.uk,United Kingdom,Western & Northern Europe,88.86,A+
21,5312,Sharda University,https://www.sharda.ac.in,India,South & Central Asia + Oceania,88.75,A+
22,2057,University of Mannheim,https://www.uni-mannheim.de,Germany,Western & Northern Europe,88.71,A+
23,5311,Symbiosis International University,https://www.siu.edu.in,India,South & Central Asia + Oceania,88.66,A+
24,6152,Makerere University,https://www.mak.ac.ug,Sub-Saharan Africa,Latin America & Africa,88.36,A+
25,5173,Nazarbayev University,https://www.nu.edu.kz,Central Asia,South & Central Asia + Oceania,88.32,A+
26,5155,Lincoln University,https://www.lincoln.ac.nz,New Zealand,South & Central Asia + Oceania,88.26,A+
27,1081,University of Arizona,https://www.arizona.edu,United States,North America,88.18,A+
28,5003,Indian Institute of Technology Madras,https://www.iitm.ac.in,India,South & Central Asia + Oceania,88.12,A+
29,2098,University of Caen Normandy,https://www.unicaen.fr,France,Western & Northern Europe,87.91,A+
30,5124,Queensland University of Technology,https://www.qut.edu.au,Australia,South & Central Asia + Oceania,87.91,A+
31,2192,University of Liege,https://www.uliege.be,Belgium/Ireland/Iceland,Western & Northern Europe,87.81,A+
32,2008,London School of Economics,https://www.lse.ac.uk,United Kingdom,Western & Northern Europe,87.5,A+
33,5122,Curtin University,https://www.curtin.edu.au,Australia,South & Central Asia + Oceania,87.5,A+
34,1093,University of Houston,https://www.uh.edu,United States,North America,87.38,A+
35,6337,Sokoine University of Agriculture,https://www.sua.ac.tz,Sub-Saharan Africa,Latin America & Africa,87.29,A+
36,6328,University of Fort Hare,https://www.ufh.ac.za,South Africa,Latin America & Africa,87.27,A+
37,3005,Polytechnic University of Milan,https://www.polimi.it,Italy,Eastern & Southern Europe,87.26,A+
38,6521,Walter Sisulu University,https://www.wsu.ac.za,South Africa,Latin America & Africa,87.25,A+
39,1300,Kansas State University,https://www.k-state.edu,United States,North America,87.11,A+
40,5134,Charles Darwin University,https://www.cdu.edu.au,Australia,South & Central Asia + Oceania,87.07,A+
41,2302,University of Lausanne,https://www.unil.ch,Switzerland/Austria,Western & Northern Europe,87.0,A+
42,5143,Australian Catholic University,https://www.acu.edu.au,Australia,South & Central Asia + Oceania,86.93,A+
43,6324,Tshwane University of Technology,https://www.tut.ac.za,South Africa,Latin America & Africa,86.93,A+
44,5094,North South University,https://www.northsouth.edu,Bangladesh,South & Central Asia + Oceania,86.82,A+
45,2191,Vrije Universiteit Brussel,https://www.vub.be,Belgium/Ireland/Iceland,Western & Northern Europe,86.82,A+
46,5016,Jawaharlal Nehru University,https://www.jnu.ac.in,India,South & Central Asia + Oceania,86.78,A+
47,5308,KIIT University,https://www.kiit.ac.in,India,South & Central Asia + Oceania,86.68,A+
48,1059,Texas A&M University,https://www.tamu.edu,United States,North America,86.65,A+
49,3024,University of Parma,https://www.unipr.it,Italy,Eastern & Southern Europe,86.59,A+
50,3204,Vilnius Gediminas Technical University,https://www.vilniustech.lt,Baltics,Eastern & Southern Europe,86.56,A+
51,5316,Alagappa University,https://www.alagappauniversity.ac.in,India,South & Central Asia + Oceania,86.44,A+
52,1054,University of Colorado Boulder,https://www.colorado.edu,United States,North America,86.36,A+
53,1099,West Virginia University,https://www.wvu.edu,United States,North America,86.36,A+
54,6140,University of Port Harcourt,https://www.uniport.edu.ng,Sub-Saharan Africa,Latin America & Africa,86.33,A+
55,5126,University of Newcastle,https://www.newcastle.edu.au,Australia,South & Central Asia + Oceania,86.29,A+
56,2061,University of Stuttgart,https://www.uni-stuttgart.de,Germany,Western & Northern Europe,86.13,A+
57,6117,University of South Africa,https://www.unisa.ac.za,South Africa,Latin America & Africa,86.11,A+
58,2017,Durham University,https://www.durham.ac.uk,United Kingdom,Western & Northern Europe,85.96,A+
59,2030,Loughborough University,https://www.lboro.ac.uk,United Kingdom,Western & Northern Europe,85.93,A+
60,3020,Vita-Salute San Raffaele University,https://www.unisr.it,Italy,Eastern & Southern Europe,85.92,A+
61,5043,Ashoka University,https://www.ashoka.edu.in,India,South & Central Asia + Oceania,85.87,A+
62,5136,Murdoch University,https://www.murdoch.edu.au,Australia,South & Central Asia + Oceania,85.83,A+
63,5021,Jamia Millia Islamia,https://www.jmi.ac.in,India,South & Central Asia + Oceania,85.82,A+
64,4066,University of Tsukuba,https://www.tsukuba.ac.jp,Japan,Asia (East & Southeast),85.76,A+
65,3201,Tallinn University,https://www.tlu.ee,Baltics,Eastern & Southern Europe,85.75,A+
66,5141,University of Canberra,https://www.canberra.edu.au,Australia,South & Central Asia + Oceania,85.71,A+
67,6125,American University in Cairo,https://www.aucegypt.edu,Egypt & North Africa,Latin America & Africa,85.63,A+
68,6109,University of Pretoria,https://www.up.ac.za,South Africa,Latin America & Africa,85.44,A+
69,5116,Monash University,https://www.monash.edu,Australia,South & Central Asia + Oceania,85.39,A+
70,5424,Vidyasagar University,https://www.vidyasagar.ac.in,India,South & Central Asia + Oceania,85.27,A+
71,2155,University of Southern Denmark,https://www.sdu.dk,Denmark,Western & Northern Europe,85.26,A+
72,2019,Queen Mary University of London,https://www.qmul.ac.uk,United Kingdom,Western & Northern Europe,85.21,A+
73,3307,Miguel Hernandez University,https://www.umh.es,Spain,Eastern & Southern Europe,85.15,A+
74,5154,University of Waikato,https://www.waikato.ac.nz,New Zealand,South & Central Asia + Oceania,85.1,A+
75,5036,NIT Warangal,https://www.nitw.ac.in,India,South & Central Asia + Oceania,85.07,A+
76,5073,COMSATS University Islamabad,https://www.comsats.edu.pk,Pakistan,South & Central Asia + Oceania,85.06,A+
77,2049,University of Tuebingen,https://uni-tuebingen.de,Germany,Western & Northern Europe,85.02,A+
78,1117,Worcester Polytechnic Institute,https://www.wpi.edu,United States,North America,85.01,A+
79,5070,University of Engineering and Technology Lahore,https://www.uet.edu.pk,Pakistan,South & Central Asia + Oceania,84.92,A
80,2015,University of Sheffield,https://www.sheffield.ac.uk,United Kingdom,Western & Northern Europe,84.86,A
81,2075,University of Bremen,https://www.uni-bremen.de,Germany,Western & Northern Europe,84.78,A
82,6100,San Francisco de Quito University,https://www.usfq.edu.ec,Peru & Andes,Latin America & Africa,84.73,A
83,5153,Massey University,https://www.massey.ac.nz,New Zealand,South & Central Asia + Oceania,84.72,A
84,2087,University of Bordeaux,https://www.u-bordeaux.fr,France,Western & Northern Europe,84.71,A
85,2152,Aarhus University,https://international.au.dk,Denmark,Western & Northern Europe,84.7,A
86,5128,University of Tasmania,https://www.utas.edu.au,Australia,South & Central Asia + Oceania,84.69,A
87,1148,Barnard College,https://barnard.edu,United States,North America,84.69,A
88,5058,Gujarat University,https://www.gujaratuniversity.ac.in,India,South & Central Asia + Oceania,84.47,A
89,1008,University of Pennsylvania,https://www.upenn.edu,United States,North America,84.45,A
90,5319,Institute of Business Administration Karachi,https://www.iba.edu.pk,Pakistan,South & Central Asia + Oceania,84.42,A
91,5137,Edith Cowan University,https://www.ecu.edu.au,Australia,South & Central Asia + Oceania,84.29,A
92,2059,University of Wuerzburg,https://www.uni-wuerzburg.de,Germany,Western & Northern Europe,84.24,A
93,6148,Kwame Nkrumah University of Science and Technology,https://www.knust.edu.gh,Sub-Saharan Africa,Latin America & Africa,84.24,A
94,5309,Lovely Professional University,https://www.lpu.in,India,South & Central Asia + Oceania,84.18,A
95,2088,University of Lille,https://www.univ-lille.fr,France,Western & Northern Europe,84.17,A
96,3071,University of Vigo,https://www.uvigo.gal,Spain,Eastern & Southern Europe,84.16,A
97,1186,Concordia University,https://www.concordia.ca,Canada,North America,84.16,A
98,5114,University of New South Wales,https://www.unsw.edu.au,Australia,South & Central Asia + Oceania,84.05,A
99,5027,Manipal Academy of Higher Education,https://www.manipal.edu,India,South & Central Asia + Oceania,84.0,A
100,5056,Bharathiar University,https://www.b-u.ac.in,India,South & Central Asia + Oceania,83.97,A
101,6142,University of Nairobi,https://www.uonbi.ac.ke,Sub-Saharan Africa,Latin America & Africa,83.97,A
102,5414,Central University of Kerala,https://www.cukerala.ac.in,India,South & Central Asia + Oceania,83.94,A
103,2042,Technical University of Munich,https://www.tum.de,Germany,Western & Northern Europe,83.9,A
104,1039,Georgetown University,https://www.georgetown.edu,United States,North America,83.82,A
105,1167,California Polytechnic State University,https://www.calpoly.edu,Canada,North America,83.82,A
106,2094,ENS de Lyon,https://www.ens-lyon.fr,France,Western & Northern Europe,83.8,A
107,5107,Rajshahi University of Engineering and Technology,https://www.ruet.ac.bd,Bangladesh,South & Central Asia + Oceania,83.75,A
108,3133,Masaryk University,https://www.muni.cz,Czechia,Eastern & Southern Europe,83.71,A
109,1162,University of San Francisco,https://www.usfca.edu,United States,North America,83.64,A
110,1403,Brock University,https://www.brocku.ca,Canada,North America,83.63,A
111,3403,Slovak University of Agriculture in Nitra,https://www.uniag.sk,Bulgaria & Slovakia,Eastern & Southern Europe,83.63,A
112,5022,Aligarh Muslim University,https://www.amu.ac.in,India,South & Central Asia + Oceania,83.51,A
113,1020,"University of California, Davis",https://www.ucdavis.edu,United States,North America,83.5,A
114,2048,Technical University of Berlin,https://www.tu.berlin,Germany,Western & Northern Europe,83.47,A
115,1006,Columbia University,https://www.columbia.edu,United States,North America,83.44,A
116,2197,Dublin City University,https://www.dcu.ie,Belgium/Ireland/Iceland,Western & Northern Europe,83.44,A
117,3027,University of Trieste,https://www.units.it,Italy,Eastern & Southern Europe,83.38,A
118,2040,University of Kent,https://www.kent.ac.uk,United Kingdom,Western & Northern Europe,83.33,A
119,4144,Lingnan University,https://www.ln.edu.hk,Hong Kong,Asia (East & Southeast),83.32,A
120,6353,Technical University of Kenya,https://www.tukenya.ac.ke,Sub-Saharan Africa,Latin America & Africa,83.2,A
121,2100,University of Burgundy,https://www.u-bourgogne.fr,France,Western & Northern Europe,82.93,A
122,5149,University of Auckland,https://www.auckland.ac.nz,New Zealand,South & Central Asia + Oceania,82.9,A
123,1062,Lehigh University,https://www1.lehigh.edu,United States,North America,82.9,A
124,3172,Semmelweis University,https://www.semmelweis.hu,Hungary,Eastern & Southern Europe,82.85,A
125,1009,California Institute of Technology,https://www.caltech.edu,Canada,North America,82.84,A
126,4056,University of Tokyo,https://www.u-tokyo.ac.jp,Japan,Asia (East & Southeast),82.8,A
127,2074,University of Marburg,https://www.uni-marburg.de,Germany,Western & Northern Europe,82.78,A
128,2064,Leipzig University,https://www.uni-leipzig.de,Germany,Western & Northern Europe,82.77,A
129,3037,Scuola Normale Superiore di Pisa,https://www.sns.it,Italy,Eastern & Southern Europe,82.75,A
130,6523,University of Venda,https://www.univen.ac.za,South Africa,Latin America & Africa,82.71,A
131,1187,University of Victoria,https://www.uvic.ca,Canada,North America,82.63,A
132,1015,Northwestern University,https://www.northwestern.edu,United States,North America,82.59,A
133,2180,University of Bern,https://www.unibe.ch,Switzerland/Austria,Western & Northern Europe,82.48,A
134,2058,University of Muenster,https://www.uni-muenster.de,Germany,Western & Northern Europe,82.48,A
135,4096,Seoul National University,https://www.snu.ac.kr,South Korea,Asia (East & Southeast),82.44,A
136,4059,Tohoku University,https://www.tohoku.ac.jp,Japan,Asia (East & Southeast),82.41,A
137,1163,Loyola Marymount University,https://www.lmu.edu,United States,North America,82.41,A
138,2196,University of Galway,https://www.universityofgalway.ie,Belgium/Ireland/Iceland,Western & Northern Europe,82.39,A
139,5093,BRAC University,https://www.bracu.ac.bd,Bangladesh,South & Central Asia + Oceania,82.35,A
140,2176,ETH Zurich,https://ethz.ch,Switzerland/Austria,Western & Northern Europe,82.21,A
141,5106,Khulna University of Engineering and Technology,https://www.kuet.ac.bd,Bangladesh,South & Central Asia + Oceania,82.18,A
142,1089,University of New Mexico,https://www.unm.edu,United States,North America,82.12,A
143,2066,Technical University of Darmstadt,https://www.tu-darmstadt.de,Germany,Western & Northern Europe,82.11,A
144,5011,Indian Institute of Technology BHU Varanasi,https://www.iitbhu.ac.in,India,South & Central Asia + Oceania,82.1,A
145,6144,Moi University,https://www.mu.ac.ke,Sub-Saharan Africa,Latin America & Africa,82.07,A
146,1185,York University,https://www.yorku.ca,Canada,North America,82.03,A
147,2073,University of Regensburg,https://www.uni-regensburg.de,Germany,Western & Northern Europe,81.96,A
148,3091,Lodz University of Technology,https://www.p.lodz.pl,Poland,Eastern & Southern Europe,81.95,A
149,1030,Georgia Institute of Technology,https://www.gatech.edu,United States,North America,81.92,A
150,1100,University of Cincinnati,https://www.uc.edu,United States,North America,81.9,A
151,2016,University of Nottingham,https://www.nottingham.ac.uk,United Kingdom,Western & Northern Europe,81.84,A
152,5318,FAST National University Pakistan,https://www.nu.edu.pk,Pakistan,South & Central Asia + Oceania,81.84,A
153,6106,University of Cape Town,https://www.uct.ac.za,South Africa,Latin America & Africa,81.82,A
154,5156,Auckland University of Technology,https://www.aut.ac.nz,New Zealand,South & Central Asia + Oceania,81.81,A
155,4140,Hong Kong University of Science and Technology,https://www.ust.hk,Hong Kong,Asia (East & Southeast),81.8,A
156,5115,University of Queensland,https://www.uq.edu.au,Australia,South & Central Asia + Oceania,81.79,A
157,2077,PSL University,https://psl.eu,France,Western & Northern Europe,81.78,A
158,1052,Indiana University Bloomington,https://www.indiana.edu,United States,North America,81.77,A
159,5054,University of Kerala,https://www.keralauniversity.ac.in,India,South & Central Asia + Oceania,81.76,A
160,1083,University of Utah,https://www.utah.edu,United States,North America,81.76,A
161,5412,IIIT Gwalior,https://www.iiitm.ac.in,India,South & Central Asia + Oceania,81.74,A
162,2305,University of Salzburg,https://www.plus.ac.at,Switzerland/Austria,Western & Northern Europe,81.69,A
163,1041,University of Rochester,https://www.rochester.edu,United States,North America,81.68,A
164,3067,University of Girona,https://www.udg.edu,Spain,Eastern & Southern Europe,81.67,A
165,5420,Dibrugarh University,https://www.dibru.ac.in,India,South & Central Asia + Oceania,81.65,A
166,5063,Maharaja Sayajirao University of Baroda,https://www.msubaroda.ac.in,India,South & Central Asia + Oceania,81.63,A
167,1058,Rutgers University,https://www.rutgers.edu,United States,North America,81.61,A
168,2001,University of Oxford,https://www.ox.ac.uk,United Kingdom,Western & Northern Europe,81.58,A
169,1171,University of Alberta,https://www.ualberta.ca,Canada,North America,81.52,A
170,5166,Sri Lanka Institute of Information Technology,https://www.sliit.lk,Sri Lanka,South & Central Asia + Oceania,81.51,A
171,3138,VSB - Technical University of Ostrava,https://www.vsb.cz,Czechia,Eastern & Southern Europe,81.48,A
172,5085,Air University,https://www.au.edu.pk,Pakistan,South & Central Asia + Oceania,81.45,A
173,5108,Chittagong University of Engineering and Technology,https://www.cuet.ac.bd,Bangladesh,South & Central Asia + Oceania,81.4,A
174,5059,University of Lucknow,https://www.lkouniv.ac.in,India,South & Central Asia + Oceania,81.4,A
175,6326,Durban University of Technology,https://www.dut.ac.za,South Africa,Latin America & Africa,81.36,A
176,1164,Pepperdine University,https://www.pepperdine.edu,United States,North America,81.31,A
177,1154,Denison University,https://denison.edu,United States,North America,81.3,A
178,5183,Samarkand State University,https://www.samdu.uz,Central Asia,South & Central Asia + Oceania,81.29,A
179,3209,Estonian University of Life Sciences,https://www.emu.ee,Baltics,Eastern & Southern Europe,81.28,A
180,5123,Deakin University,https://www.deakin.edu.au,Australia,South & Central Asia + Oceania,81.22,A
181,2022,Cardiff University,https://www.cardiff.ac.uk,United Kingdom,Western & Northern Europe,81.13,A
182,3095,SGH Warsaw School of Economics,https://www.sgh.waw.pl,Poland,Eastern & Southern Europe,81.07,A
183,5406,NIT Agartala,https://www.nita.ac.in,India,South & Central Asia + Oceania,81.06,A
184,6050,Autonomous Technological Institute of Mexico,https://www.itam.mx,Mexico,Latin America & Africa,81.05,A
185,1051,Michigan State University,https://msu.edu,United States,North America,81.03,A
186,5109,Bangladesh University of Professionals,https://www.bup.edu.bd,Bangladesh,South & Central Asia + Oceania,81.03,A
187,5031,SRM Institute of Science and Technology,https://www.srmist.edu.in,India,South & Central Asia + Oceania,81.02,A
188,1094,Texas Tech University,https://www.ttu.edu,United States,North America,81.01,A
189,2300,University of Luxembourg,https://www.uni.lu,Switzerland/Austria,Western & Northern Europe,80.98,A
190,5404,Indian Institute of Technology Tirupati,https://www.iittp.ac.in,India,South & Central Asia + Oceania,80.95,A
191,3048,University of Navarra,https://www.unav.edu,Spain,Eastern & Southern Europe,80.91,A
192,2126,Chalmers University of Technology,https://www.chalmers.se,Sweden,Western & Northern Europe,80.9,A
193,5129,La Trobe University,https://www.latrobe.edu.au,Australia,South & Central Asia + Oceania,80.89,A
194,5015,University of Delhi,https://www.du.ac.in,India,South & Central Asia + Oceania,80.89,A
195,5014,Indian Institute of Technology Gandhinagar,https://www.iitgn.ac.in,India,South & Central Asia + Oceania,80.89,A
196,5083,NED University of Engineering and Technology,https://www.neduet.edu.pk,Pakistan,South & Central Asia + Oceania,80.88,A
197,5180,Westminster International University in Tashkent,https://www.wiut.uz,Central Asia,South & Central Asia + Oceania,80.86,A
198,1067,University of Massachusetts Amherst,https://www.umass.edu,United States,North America,80.85,A
199,1095,Louisiana State University,https://www.lsu.edu,United States,North America,80.84,A
200,4057,Kyoto University,https://www.kyoto-u.ac.jp,Japan,Asia (East & Southeast),80.81,A
201,5103,American International University-Bangladesh,https://www.aiub.edu,Bangladesh,South & Central Asia + Oceania,80.81,A
202,6114,University of the Western Cape,https://www.uwc.ac.za,South Africa,Latin America & Africa,80.79,A
203,3080,Adam Mickiewicz University,https://www.amu.edu.pl,Poland,Eastern & Southern Europe,80.79,A
204,2190,Universite libre de Bruxelles,https://www.ulb.be,Belgium/Ireland/Iceland,Western & Northern Europe,80.75,A
205,2099,University of Poitiers,https://www.univ-poitiers.fr,France,Western & Northern Europe,80.59,A
206,3176,Obuda University,https://www.uni-obuda.hu,Hungary,Eastern & Southern Europe,80.57,A
207,5138,Victoria University,https://www.vu.edu.au,Australia,South & Central Asia + Oceania,80.49,A
208,1004,Yale University,https://www.yale.edu,United States,North America,80.36,A
209,2047,Karlsruhe Institute of Technology,https://www.kit.edu,Germany,Western & Northern Europe,80.34,A
210,4146,National University of Singapore,https://www.nus.edu.sg,Singapore,Asia (East & Southeast),80.31,A
211,6111,University of Johannesburg,https://www.uj.ac.za,South Africa,Latin America & Africa,80.31,A
212,3400,Sofia Medical University,https://www.mu-sofia.bg,Bulgaria & Slovakia,Eastern & Southern Europe,80.3,A
213,3171,University of Pecs,https://www.pte.hu,Hungary,Eastern & Southern Europe,80.3,A
214,1023,University of Southern California,https://www.usc.edu,United States,North America,80.26,A
215,5146,University of the Sunshine Coast,https://www.usc.edu.au,Australia,South & Central Asia + Oceania,80.23,A
216,2178,University of Zurich,https://www.uzh.ch,Switzerland/Austria,Western & Northern Europe,80.22,A
217,2018,University of St Andrews,https://www.st-andrews.ac.uk,United Kingdom,Western & Northern Europe,80.16,A
218,3175,University of Miskolc,https://www.uni-miskolc.hu,Hungary,Eastern & Southern Europe,80.11,A
219,2167,Aalto University,https://www.aalto.fi,Finland,Western & Northern Europe,80.11,A
220,1068,Virginia Tech,https://www.vt.edu,United States,North America,80.06,A
221,6522,Central University of Technology Free State,https://www.cut.ac.za,South Africa,Latin America & Africa,80.0,A
222,1194,Howard University,https://howard.edu,United States,North America,79.99,A
223,3305,University of Jaen,https://www.ujaen.es,Spain,Eastern & Southern Europe,79.98,A
224,2148,University of South-Eastern Norway,https://www.usn.no,Norway,Western & Northern Europe,79.97,A
225,5119,University of Technology Sydney,https://www.uts.edu.au,Australia,South & Central Asia + Oceania,79.96,A
226,1003,Stanford University,https://www.stanford.edu,United States,North America,79.9,A
227,6110,University of KwaZulu-Natal,https://www.ukzn.ac.za,South Africa,Latin America & Africa,79.87,A
228,5013,Indian Institute of Technology Ropar,https://www.iitrpr.ac.in,India,South & Central Asia + Oceania,79.86,A
229,1166,San Jose State University,https://www.sjsu.edu,United States,North America,79.84,A
230,3210,Lithuanian University of Health Sciences,https://www.lsmuni.lt,Baltics,Eastern & Southern Europe,79.8,A
231,2085,University of Montpellier,https://www.umontpellier.fr,France,Western & Northern Europe,79.79,A
232,6151,University of Dar es Salaam,https://www.udsm.ac.tz,Sub-Saharan Africa,Latin America & Africa,79.78,A
233,1110,Iowa State University,https://www.iastate.edu,United States,North America,79.77,A
234,1190,University of Saskatchewan,https://www.usask.ca,Canada,North America,79.77,A
235,1019,"University of California, San Diego",https://www.ucsd.edu,United States,North America,79.73,A
236,3013,University of Genoa,https://www.unige.it,Italy,Eastern & Southern Europe,79.72,A
237,5067,National University of Sciences and Technology,https://www.nust.edu.pk,Pakistan,South & Central Asia + Oceania,79.7,A
238,2082,Grenoble Alpes University,https://www.univ-grenoble-alpes.fr,France,Western & Northern Europe,79.59,A
239,1302,Memorial University of Newfoundland,https://www.mun.ca,Canada,North America,79.57,A
240,3134,Brno University of Technology,https://www.vutbr.cz,Czechia,Eastern & Southern Europe,79.57,A
241,2177,EPFL,https://www.epfl.ch,Switzerland/Austria,Western & Northern Europe,79.57,A
242,3183,University of Ljubljana,https://www.uni-lj.si,Balkans,Eastern & Southern Europe,79.53,A
243,4184,Thammasat University,https://www.tu.ac.th,Thailand,Asia (East & Southeast),79.5,A
244,1022,"University of California, Irvine",https://www.uci.edu,United States,North America,79.47,A
245,2025,University of Liverpool,https://www.liverpool.ac.uk,United Kingdom,Western & Northern Europe,79.43,A
246,4216,Royal University of Phnom Penh,https://www.rupp.edu.kh,Other SE/E Asia,Asia (East & Southeast),79.42,A
247,1199,Seattle University,https://www.seattleu.edu,United States,North America,79.36,A
248,5038,NIT Calicut,https://www.nitc.ac.in,India,South & Central Asia + Oceania,79.35,A
249,4143,Hong Kong Baptist University,https://www.hkbu.edu.hk,Hong Kong,Asia (East & Southeast),79.33,A
250,5009,Indian Institute of Technology Hyderabad,https://www.iith.ac.in,India,South & Central Asia + Oceania,79.33,A
251,3153,University of Craiova,https://www.ucv.ro,Romania,Eastern & Southern Europe,79.28,A
252,5164,Eastern University Sri Lanka,https://www.esn.ac.lk,Sri Lanka,South & Central Asia + Oceania,79.24,A
253,6085,University of Santiago Chile,https://www.usach.cl,Chile,Latin America & Africa,79.17,A
254,1018,Dartmouth College,https://www.dartmouth.edu,United States,North America,79.11,A
255,3173,Corvinus University of Budapest,https://www.uni-corvinus.hu,Hungary,Eastern & Southern Europe,79.11,A
256,5065,Bharathidasan University,https://www.bdu.ac.in,India,South & Central Asia + Oceania,79.1,A
257,1097,Mississippi State University,https://www.msstate.edu,United States,North America,79.06,A
258,5402,Indian Institute of Technology Goa,https://www.iitgoa.ac.in,India,South & Central Asia + Oceania,79.03,A
259,1017,Brown University,https://www.brown.edu,United States,North America,79.01,A
260,4181,Mahidol University,https://www.mahidol.ac.th,Thailand,Asia (East & Southeast),78.86,A
261,1146,Smith College,https://www.smith.edu,United States,North America,78.82,A
262,3208,Riga Stradins University,https://www.rsu.lv,Baltics,Eastern & Southern Europe,78.81,A
263,3141,University of Ostrava,https://www.osu.cz,Czechia,Eastern & Southern Europe,78.81,A
264,4172,Sepuluh Nopember Institute of Technology,https://www.its.ac.id,Indonesia,Asia (East & Southeast),78.79,A
265,3029,Roma Tre University,https://www.uniroma3.it,Italy,Eastern & Southern Europe,78.75,A
266,2090,Universite Cote d'Azur,https://univ-cotedazur.fr,France,Western & Northern Europe,78.74,A
267,4199,University of San Carlos,https://www.usc.edu.ph,Philippines,Asia (East & Southeast),78.73,A
268,1193,American University,https://www.american.edu,United States,North America,78.72,A
269,6338,Jimma University,https://www.ju.edu.et,Sub-Saharan Africa,Latin America & Africa,78.7,A
270,2110,University of Twente,https://www.utwente.nl,Netherlands,Western & Northern Europe,78.69,A
271,3303,Polytechnic University of Bari,https://www.poliba.it,Italy,Eastern & Southern Europe,78.63,A
272,4070,Chiba University,https://www.chiba-u.ac.jp,Japan,Asia (East & Southeast),78.57,A
273,5325,Patuakhali Science and Technology University,https://www.pstu.ac.bd,Bangladesh,South & Central Asia + Oceania,78.57,A
274,5310,Chandigarh University,https://www.cuchd.in,India,South & Central Asia + Oceania,78.57,A
275,2102,Delft University of Technology,https://www.tudelft.nl,Netherlands,Western & Northern Europe,78.56,A
276,3059,University of Alicante,https://www.ua.es,Spain,Eastern & Southern Europe,78.53,A
277,5302,Indian Institute of Technology Bhubaneswar,https://www.iitbbs.ac.in,India,South & Central Asia + Oceania,78.53,A
278,1133,Bard College,https://www.bard.edu,United States,North America,78.52,A
279,4195,Ateneo de Manila University,https://www.ateneo.edu,Philippines,Asia (East & Southeast),78.48,A
280,5169,Pokhara University,https://www.pu.edu.np,Nepal,South & Central Asia + Oceania,78.46,A
281,2111,Maastricht University,https://www.maastrichtuniversity.nl,Netherlands,Western & Northern Europe,78.46,A
282,1401,Wilfrid Laurier University,https://www.wlu.ca,Canada,North America,78.45,A
283,1036,Vanderbilt University,https://www.vanderbilt.edu,United States,North America,78.42,A
284,3144,Babes-Bolyai University,https://www.ubbcluj.ro,Romania,Eastern & Southern Europe,78.41,A
285,6345,University of Jos,https://www.unijos.edu.ng,Sub-Saharan Africa,Latin America & Africa,78.4,A
286,2031,University of Aberdeen,https://www.abdn.ac.uk,United Kingdom,Western & Northern Europe,78.37,A
287,5400,Indian Institute of Technology Dharwad,https://www.iitdh.ac.in,India,South & Central Asia + Oceania,78.37,A
288,3084,Nicolaus Copernicus University,https://www.umk.pl,Poland,Eastern & Southern Europe,78.37,A
289,5017,University of Hyderabad,https://www.uohyd.ac.in,India,South & Central Asia + Oceania,78.32,A
290,5082,Mehran University of Engineering and Technology,https://www.muet.edu.pk,Pakistan,South & Central Asia + Oceania,78.32,A
291,2067,University of Konstanz,https://www.uni-konstanz.de,Germany,Western & Northern Europe,78.29,A
292,1157,Claremont McKenna College,https://www.cmc.edu,United States,North America,78.26,A
293,2164,Royal Danish Academy,https://royaldanishacademy.com,Denmark,Western & Northern Europe,78.22,A
294,1024,Carnegie Mellon University,https://www.cmu.edu,United States,North America,78.22,A
295,4182,Chiang Mai University,https://www.cmu.ac.th,Thailand,Asia (East & Southeast),78.22,A
296,1109,Illinois Institute of Technology,https://www.iit.edu,United States,North America,78.19,A
297,6307,Federal University of Grande Dourados,https://www.ufgd.edu.br,Brazil,Latin America & Africa,78.18,A
298,6119,Ain Shams University,https://www.asu.edu.eg,Egypt & North Africa,Latin America & Africa,78.13,A
299,1013,"University of California, Los Angeles",https://www.ucla.edu,United States,North America,78.11,A
300,2198,University of Limerick,https://www.ul.ie,Belgium/Ireland/Iceland,Western & Northern Europe,78.1,A
301,2311,Munster Technological University,https://www.mtu.ie,Belgium/Ireland/Iceland,Western & Northern Europe,78.01,A
302,5064,Sri Venkateswara University,https://www.svuniversity.edu.in,India,South & Central Asia + Oceania,77.95,A
303,3206,University of Latvia,https://www.lu.lv,Baltics,Eastern & Southern Europe,77.92,A
304,1011,Johns Hopkins University,https://www.jhu.edu,United States,North America,77.89,A
305,5121,RMIT University,https://www.rmit.edu.au,Australia,South & Central Asia + Oceania,77.88,A
306,5072,Aga Khan University,https://www.aku.edu,Pakistan,South & Central Asia + Oceania,77.87,A
307,3077,Jagiellonian University,https://www.uj.edu.pl,Poland,Eastern & Southern Europe,77.82,A
308,1084,University of Oregon,https://www.uoregon.edu,United States,North America,77.8,A
309,4136,National Yunlin University of Science and Technology,https://www.yuntech.edu.tw,Taiwan,Asia (East & Southeast),77.79,A
310,5081,University of Sindh,https://www.usindh.edu.pk,Pakistan,South & Central Asia + Oceania,77.79,A
311,2076,Paris-Saclay University,https://www.universite-paris-saclay.fr,France,Western & Northern Europe,77.78,A
312,4164,Universiti Tunku Abdul Rahman,https://www.utar.edu.my,Malaysia,Asia (East & Southeast),77.77,A
313,6150,Cheikh Anta Diop University,https://www.ucad.sn,Sub-Saharan Africa,Latin America & Africa,77.72,A
314,1112,Drexel University,https://drexel.edu,United States,North America,77.68,A
315,5001,Indian Institute of Technology Bombay,https://www.iitb.ac.in,India,South & Central Asia + Oceania,77.63,A
316,3110,University of Algarve,https://www.ualg.pt,Portugal,Eastern & Southern Europe,77.63,A
317,3057,Rovira i Virgili University,https://www.urv.cat,Spain,Eastern & Southern Europe,77.63,A
318,4180,Chulalongkorn University,https://www.chula.ac.th,Thailand,Asia (East & Southeast),77.58,A
319,1056,University of Iowa,https://uiowa.edu,United States,North America,77.5,A
320,1007,University of Chicago,https://www.uchicago.edu,United States,North America,77.49,A
321,1180,Dalhousie University,https://www.dal.ca,Canada,North America,77.48,A
322,1113,Temple University,https://www.temple.edu,United States,North America,77.47,A
323,1075,Clemson University,https://www.clemson.edu,United States,North America,77.47,A
324,2062,Ulm University,https://www.uni-ulm.de,Germany,Western & Northern Europe,77.47,A
325,5118,University of Adelaide,https://www.adelaide.edu.au,Australia,South & Central Asia + Oceania,77.41,A
326,1127,University at Buffalo,https://www.buffalo.edu,United States,North America,77.36,A
327,3010,Polytechnic University of Turin,https://www.polito.it,Italy,Eastern & Southern Europe,77.31,A
328,3075,University of Almeria,https://www.ual.es,Spain,Eastern & Southern Europe,77.27,A
329,5151,Victoria University of Wellington,https://www.wgtn.ac.nz,New Zealand,South & Central Asia + Oceania,77.25,A
330,3205,Vytautas Magnus University,https://www.vdu.lt,Baltics,Eastern & Southern Europe,77.21,A
331,1156,Pomona College,https://www.pomona.edu,United States,North America,77.2,A
332,1103,Bowling Green State University,https://www.bgsu.edu,United States,North America,77.11,A
333,4060,Nagoya University,https://www.nagoya-u.ac.jp,Japan,Asia (East & Southeast),77.09,A
334,2122,Lund University,https://www.lunduniversity.lu.se,Sweden,Western & Northern Europe,77.05,A
335,1191,Universidad de las Americas Puebla,https://www.udlap.mx,United States,North America,77.03,A
336,3122,University of Thessaly,https://www.uth.gr,Greece,Eastern & Southern Europe,77.01,A
337,5099,Khulna University,https://www.ku.ac.bd,Bangladesh,South & Central Asia + Oceania,76.98,A
338,2092,Nantes University,https://www.univ-nantes.fr,France,Western & Northern Europe,76.97,A
339,5168,Kathmandu University,https://www.ku.edu.np,Nepal,South & Central Asia + Oceania,76.94,A
340,2005,University of Edinburgh,https://www.ed.ac.uk,United Kingdom,Western & Northern Europe,76.89,A
341,4142,Hong Kong Polytechnic University,https://www.polyu.edu.hk,Hong Kong,Asia (East & Southeast),76.88,A
342,2157,Copenhagen Business School,https://www.cbs.dk,Denmark,Western & Northern Europe,76.86,A
343,1119,Clark University,https://www.clarku.edu,United States,North America,76.85,A
344,5104,Daffodil International University,https://www.daffodilvarsity.edu.bd,Bangladesh,South & Central Asia + Oceania,76.84,A
345,1111,University of St. Thomas,https://www.stthomas.edu,United States,North America,76.83,A
346,3090,University of Gdansk,https://www.ug.edu.pl,Poland,Eastern & Southern Europe,76.82,A
347,1197,Gonzaga University,https://www.gonzaga.edu,United States,North America,76.79,A
348,3022,Ca' Foscari University of Venice,https://www.unive.it,Italy,Eastern & Southern Europe,76.72,A
349,6349,University of Education Winneba,https://www.uew.edu.gh,Sub-Saharan Africa,Latin America & Africa,76.72,A
350,1101,Miami University,https://www.miamioh.edu,United States,North America,76.71,A
351,5323,University of Barisal,https://www.bu.ac.bd,Bangladesh,South & Central Asia + Oceania,76.64,A
352,2028,University of Sussex,https://www.sussex.ac.uk,United Kingdom,Western & Northern Europe,76.62,A
353,6147,University of Ghana,https://www.ug.edu.gh,Sub-Saharan Africa,Latin America & Africa,76.59,A
354,2097,Clermont Auvergne University,https://www.uca.fr,France,Western & Northern Europe,76.58,A
355,2156,Roskilde University,https://ruc.dk,Denmark,Western & Northern Europe,76.57,A
356,1043,Wake Forest University,https://www.wfu.edu,United States,North America,76.56,A
357,6122,Assiut University,https://www.aun.edu.eg,Egypt & North Africa,Latin America & Africa,76.55,A
358,4203,Far Eastern University,https://www.feu.edu.ph,Philippines,Asia (East & Southeast),76.52,A
359,3074,University of La Laguna,https://www.ull.es,Spain,Eastern & Southern Europe,76.49,A
360,6107,University of the Witwatersrand,https://www.wits.ac.za,South Africa,Latin America & Africa,76.49,A
361,5174,Al-Farabi Kazakh National University,https://www.kaznu.kz,Central Asia,South & Central Asia + Oceania,76.45,A
362,5417,Central University of Tamil Nadu,https://www.cutn.ac.in,India,South & Central Asia + Oceania,76.45,A
363,6344,Nnamdi Azikiwe University,https://www.unizik.edu.ng,Sub-Saharan Africa,Latin America & Africa,76.44,A
364,2012,University of Southampton,https://www.southampton.ac.uk,United Kingdom,Western & Northern Europe,76.4,A
365,2181,University of Basel,https://www.unibas.ch,Switzerland/Austria,Western & Northern Europe,76.4,A
366,2021,University of York,https://www.york.ac.uk,United Kingdom,Western & Northern Europe,76.39,A
367,1196,University of Denver,https://www.du.edu,United States,North America,76.36,A
368,1138,Swarthmore College,https://www.swarthmore.edu,United States,North America,76.33,A
369,1151,Macalester College,https://www.macalester.edu,United States,North America,76.3,A
370,3194,Slovak University of Technology in Bratislava,https://www.stuba.sk,Bulgaria & Slovakia,Eastern & Southern Europe,76.29,A
371,2308,University of Namur,https://www.unamur.be,Belgium/Ireland/Iceland,Western & Northern Europe,76.28,A
372,1046,Ohio State University,https://www.osu.edu,United States,North America,76.27,A
373,4124,National Taiwan University,https://www.ntu.edu.tw,Taiwan,Asia (East & Southeast),76.27,A
374,2007,King's College London,https://www.kcl.ac.uk,United Kingdom,Western & Northern Europe,76.19,A
375,6149,University of Cape Coast,https://www.ucc.edu.gh,Sub-Saharan Africa,Latin America & Africa,76.18,A
376,1042,Tufts University,https://www.tufts.edu,United States,North America,76.17,A
377,6108,Stellenbosch University,https://www.sun.ac.za,South Africa,Latin America & Africa,76.16,A
378,5130,James Cook University,https://www.jcu.edu.au,Australia,South & Central Asia + Oceania,76.15,A
379,2006,University of Manchester,https://www.manchester.ac.uk,United Kingdom,Western & Northern Europe,76.13,A
380,4131,National Chung Hsing University,https://www.nchu.edu.tw,Taiwan,Asia (East & Southeast),76.12,A
381,5423,University of Burdwan,https://www.buruniv.ac.in,India,South & Central Asia + Oceania,76.11,A
382,1132,Union College,https://www.union.edu,United States,North America,76.11,A
383,3054,University of Zaragoza,https://www.unizar.es,Spain,Eastern & Southern Europe,76.1,A
384,2303,University of Fribourg,https://www.unifr.ch,Switzerland/Austria,Western & Northern Europe,76.1,A
385,1165,San Diego State University,https://www.sdsu.edu,United States,North America,76.07,A
386,6530,National University of Science and Technology Zimbabwe,https://www.nust.ac.zw,Sub-Saharan Africa,Latin America & Africa,76.0,A
387,2179,University of Geneva,https://www.unige.ch,Switzerland/Austria,Western & Northern Europe,76.0,A
388,2304,Johannes Kepler University Linz,https://www.jku.at,Switzerland/Austria,Western & Northern Europe,75.99,A
389,2200,Reykjavik University,https://en.ru.is,Belgium/Ireland/Iceland,Western & Northern Europe,75.98,A
390,1037,University of Notre Dame,https://www.nd.edu,United States,North America,75.98,A
391,3188,University of Nova Gorica,https://www.ung.si,Balkans,Eastern & Southern Europe,75.97,A
392,2063,Kiel University,https://www.uni-kiel.de,Germany,Western & Northern Europe,75.88,A
393,2166,University of Helsinki,https://www.helsinki.fi,Finland,Western & Northern Europe,75.84,A
394,4104,Gwangju Institute of Science and Technology,https://www.gist.ac.kr,South Korea,Asia (East & Southeast),75.83,A
395,3036,Marche Polytechnic University,https://www.univpm.it,Italy,Eastern & Southern Europe,75.82,A
396,5004,Indian Institute of Technology Kanpur,https://www.iitk.ac.in,India,South & Central Asia + Oceania,75.78,A
397,2125,Stockholm University,https://www.su.se,Sweden,Western & Northern Europe,75.73,A
398,2052,University of Bonn,https://www.uni-bonn.de,Germany,Western & Northern Europe,75.72,A
399,2182,University of Vienna,https://www.univie.ac.at,Switzerland/Austria,Western & Northern Europe,75.71,A
400,4161,UCSI University,https://www.ucsiuniversity.edu.my,Malaysia,Asia (East & Southeast),75.68,A
401,2195,University College Cork,https://www.ucc.ie,Belgium/Ireland/Iceland,Western & Northern Europe,75.64,A
402,1114,Villanova University,https://www1.villanova.edu,United States,North America,75.63,A
403,5313,MNIT Jaipur,https://www.mnit.ac.in,India,South & Central Asia + Oceania,75.62,A
404,3052,Charles III University of Madrid,https://www.uc3m.es,Spain,Eastern & Southern Europe,75.59,A
405,4088,Nagoya Institute of Technology,https://www.nitech.ac.jp,Japan,Asia (East & Southeast),75.54,A
406,1012,"University of California, Berkeley",https://www.berkeley.edu,United States,North America,75.51,A
407,2043,Heidelberg University,https://www.uni-heidelberg.de,Germany,Western & Northern Europe,75.49,A
408,2011,University of Glasgow,https://www.gla.ac.uk,United Kingdom,Western & Northern Europe,75.48,A
409,5330,Royal University of Bhutan,https://www.rub.edu.bt,Central Asia,South & Central Asia + Oceania,75.47,A
410,1031,University of North Carolina at Chapel Hill,https://www.unc.edu,United States,North America,75.46,A
411,5068,Lahore University of Management Sciences,https://www.lums.edu.pk,Pakistan,South & Central Asia + Oceania,75.46,A
412,5307,IIIT Bangalore,https://www.iiitb.ac.in,India,South & Central Asia + Oceania,75.44,A
413,4084,Ehime University,https://www.ehime-u.ac.jp,Japan,Asia (East & Southeast),75.43,A
414,1033,Boston University,https://www.bu.edu,United States,North America,75.39,A
415,6063,Austral University,https://www.austral.edu.ar,Argentina,Latin America & Africa,75.32,A
416,2174,LUT University,https://www.lut.fi,Finland,Western & Northern Europe,75.3,A
417,3142,University of South Bohemia,https://www.jcu.cz,Czechia,Eastern & Southern Europe,75.28,A
418,5135,Central Queensland University,https://www.cqu.edu.au,Australia,South & Central Asia + Oceania,75.22,A
419,5050,Pondicherry University,https://www.pondiuni.edu.in,India,South & Central Asia + Oceania,75.13,A
420,3128,Agricultural University of Athens,https://www.aua.gr,Greece,Eastern & Southern Europe,75.13,A
421,5007,Indian Institute of Technology Guwahati,https://www.iitg.ac.in,India,South & Central Asia + Oceania,75.13,A
422,3203,Kaunas University of Technology,https://www.ktu.edu,Baltics,Eastern & Southern Europe,75.1,A
423,1128,Rochester Institute of Technology,https://www.rit.edu,United States,North America,75.09,A
424,4141,City University of Hong Kong,https://www.cityu.edu.hk,Hong Kong,Asia (East & Southeast),75.08,A
425,2089,University of Lorraine,https://www.univ-lorraine.fr,France,Western & Northern Europe,75.06,A
426,1066,George Washington University,https://www.gwu.edu,United States,North America,74.99,B
427,1172,McMaster University,https://www.mcmaster.ca,Canada,North America,74.98,B
428,3157,V. N. Karazin Kharkiv National University,https://www.karazin.ua,Ukraine,Eastern & Southern Europe,74.98,B
429,1073,Auburn University,https://www.auburn.edu,United States,North America,74.93,B
430,2113,Tilburg University,https://www.tilburguniversity.edu,Netherlands,Western & Northern Europe,74.92,B
431,1065,Syracuse University,https://www.syracuse.edu,United States,North America,74.91,B
432,5416,Central University of Karnataka,https://www.cuk.ac.in,India,South & Central Asia + Oceania,74.91,B
433,1069,Florida State University,https://www.fsu.edu,United States,North America,74.89,B
434,6340,University of Zambia,https://www.unza.zm,Sub-Saharan Africa,Latin America & Africa,74.86,B
435,1176,University of Montreal,https://www.umontreal.ca,Canada,North America,74.83,B
436,3196,Pavol Jozef Safarik University,https://www.upjs.sk,Bulgaria & Slovakia,Eastern & Southern Europe,74.81,B
437,5117,University of Western Australia,https://www.uwa.edu.au,Australia,South & Central Asia + Oceania,74.77,B
438,1044,"University of California, Santa Cruz",https://www.ucsc.edu,United States,North America,74.73,B
439,1092,Texas Christian University,https://www.tcu.edu,United States,North America,74.73,B
440,1136,Amherst College,https://www.amherst.edu,United States,North America,74.7,B
441,2130,Swedish University of Agricultural Sciences,https://www.slu.se,Sweden,Western & Northern Europe,74.67,B
442,1078,University of Kansas,https://ku.edu,United States,North America,74.67,B
443,1130,Colgate University,https://www.colgate.edu,United States,North America,74.67,B
444,5163,University of Jaffna,https://www.jfn.ac.lk,Sri Lanka,South & Central Asia + Oceania,74.66,B
445,1040,University of Virginia,https://www.virginia.edu,United States,North America,74.62,B
446,2131,Orebro University,https://www.oru.se,Sweden,Western & Northern Europe,74.59,B
447,2158,IT University of Copenhagen,https://en.itu.dk,Denmark,Western & Northern Europe,74.56,B
448,1188,Carleton University,https://carleton.ca,Canada,North America,74.56,B
449,1088,"University of Nevada, Reno",https://www.unr.edu,United States,North America,74.52,B
450,3120,University of Crete,https://www.uoc.gr,Greece,Eastern & Southern Europe,74.52,B
451,1125,Binghamton University,https://www.binghamton.edu,United States,North America,74.5,B
452,6325,Cape Peninsula University of Technology,https://www.cput.ac.za,South Africa,Latin America & Africa,74.48,B
453,1118,Brandeis University,https://www.brandeis.edu,United States,North America,74.47,B
454,5413,Central University of Rajasthan,https://www.curaj.ac.in,India,South & Central Asia + Oceania,74.41,B
455,2108,Eindhoven University of Technology,https://www.tue.nl,Netherlands,Western & Northern Europe,74.34,B
456,5426,Tribhuvan Institute of Engineering,https://www.ioe.edu.np,Nepal,South & Central Asia + Oceania,74.32,B
457,1107,Loyola University Chicago,https://www.luc.edu,United States,North America,74.3,B
458,4148,Singapore Management University,https://www.smu.edu.sg,Singapore,Asia (East & Southeast),74.27,B
459,5080,International Islamic University Islamabad,https://www.iiu.edu.pk,Pakistan,South & Central Asia + Oceania,74.26,B
460,5008,Indian Institute of Science,https://www.iisc.ac.in,India,South & Central Asia + Oceania,74.26,B
461,4095,Kwansei Gakuin University,https://www.kwansei.ac.jp,Japan,Asia (East & Southeast),74.26,B
462,4103,Kyung Hee University,https://www.khu.ac.kr,South Korea,Asia (East & Southeast),74.24,B
463,6132,University of Ibadan,https://www.ui.edu.ng,Sub-Saharan Africa,Latin America & Africa,74.23,B
464,4176,University of North Sumatra,https://www.usu.ac.id,Indonesia,Asia (East & Southeast),74.23,B
465,4173,Brawijaya University,https://www.ub.ac.id,Indonesia,Asia (East & Southeast),74.22,B
466,3308,Public University of Navarre,https://www.unavarra.es,Spain,Eastern & Southern Europe,74.19,B
467,4091,Doshisha University,https://www.doshisha.ac.jp,Japan,Asia (East & Southeast),74.18,B
468,3126,University of Macedonia,https://www.uom.gr,Greece,Eastern & Southern Europe,74.17,B
469,6030,Mackenzie Presbyterian University,https://www.mackenzie.br,Brazil,Latin America & Africa,74.16,B
470,5324,Bangladesh University of Textiles,https://www.butex.edu.bd,Bangladesh,South & Central Asia + Oceania,74.15,B
471,5405,Indian Institute of Technology Palakkad,https://www.iitpkd.ac.in,India,South & Central Asia + Oceania,74.15,B
472,2045,Free University of Berlin,https://www.fu-berlin.de,Germany,Western & Northern Europe,74.13,B
473,5178,National University of Uzbekistan,https://www.nuu.uz,Central Asia,South & Central Asia + Oceania,74.1,B
474,2104,Leiden University,https://www.universiteitleiden.nl,Netherlands,Western & Northern Europe,74.09,B
475,2188,UCLouvain,https://uclouvain.be,Belgium/Ireland/Iceland,Western & Northern Europe,74.05,B
476,1034,Boston College,https://www.bc.edu,United States,North America,74.04,B
477,3021,Bocconi University,https://www.unibocconi.it,Italy,Eastern & Southern Europe,74.03,B
478,5079,Pakistan Institute of Engineering and Applied Sciences,https://www.pieas.edu.pk,Pakistan,South & Central Asia + Oceania,74.03,B
479,3185,University of Primorska,https://www.upr.si,Balkans,Eastern & Southern Europe,74.02,B
480,1129,Clarkson University,https://www.clarkson.edu,United States,North America,74.0,B
481,5040,Panjab University,https://www.puchd.ac.in,India,South & Central Asia + Oceania,73.91,B
482,1126,Stony Brook University,https://www.stonybrook.edu,United States,North America,73.86,B
483,4196,De La Salle University,https://www.dlsu.edu.ph,Philippines,Asia (East & Southeast),73.85,B
484,3156,Igor Sikorsky Kyiv Polytechnic Institute,https://www.kpi.ua,Ukraine,Eastern & Southern Europe,73.84,B
485,2033,University of Strathclyde,https://www.strath.ac.uk,United Kingdom,Western & Northern Europe,73.76,B
486,3083,Gdansk University of Technology,https://www.pg.edu.pl,Poland,Eastern & Southern Europe,73.71,B
487,1135,Williams College,https://www.williams.edu,United States,North America,73.54,B
488,1079,University of Nebraska-Lincoln,https://www.unl.edu,United States,North America,73.52,B
489,3316,Sts. Cyril and Methodius University Skopje,https://www.ukim.edu.mk,Balkans,Eastern & Southern Europe,73.49,B
490,6135,Obafemi Awolowo University,https://www.oauife.edu.ng,Sub-Saharan Africa,Latin America & Africa,73.48,B
491,1131,Hamilton College,https://www.hamilton.edu,United States,North America,73.48,B
492,1029,University of Texas at Austin,https://www.utexas.edu,United States,North America,73.48,B
493,5077,Bahauddin Zakariya University,https://www.bzu.edu.pk,Pakistan,South & Central Asia + Oceania,73.44,B
494,2069,Bielefeld University,https://www.uni-bielefeld.de,Germany,Western & Northern Europe,73.4,B
495,4072,Kanazawa University,https://www.kanazawa-u.ac.jp,Japan,Asia (East & Southeast),73.28,B
496,4189,Suranaree University of Technology,https://www.sut.ac.th,Thailand,Asia (East & Southeast),73.24,B
497,6124,Helwan University,https://www.helwan.edu.eg,Egypt & North Africa,Latin America & Africa,73.23,B
498,1159,Scripps College,https://www.scrippscollege.edu,United States,North America,73.22,B
499,2009,University of Bristol,https://www.bristol.ac.uk,United Kingdom,Western & Northern Europe,73.22,B
500,5300,Indian Institute of Technology Patna,https://www.iitp.ac.in,India,South & Central Asia + Oceania,73.18,B
501,5034,NIT Tiruchirappalli,https://www.nitt.edu,India,South & Central Asia + Oceania,73.17,B
502,5091,University of Dhaka,https://www.du.ac.bd,Bangladesh,South & Central Asia + Oceania,73.17,B
503,3038,Sant'Anna School of Advanced Studies,https://www.santannapisa.it,Italy,Eastern & Southern Europe,73.13,B
504,5012,Indian Institute of Technology ISM Dhanbad,https://www.iitism.ac.in,India,South & Central Asia + Oceania,73.11,B
505,5113,Australian National University,https://www.anu.edu.au,Australia,South & Central Asia + Oceania,73.08,B
506,5401,Indian Institute of Technology Bhilai,https://www.iitbhilai.ac.in,India,South & Central Asia + Oceania,73.07,B
507,4068,Hiroshima University,https://www.hiroshima-u.ac.jp,Japan,Asia (East & Southeast),73.04,B
508,1170,McGill University,https://www.mcgill.ca,Canada,North America,73.01,B
509,3315,University of Banja Luka,https://www.unibl.org,Balkans,Eastern & Southern Europe,72.99,B
510,6138,University of Ilorin,https://www.unilorin.edu.ng,Sub-Saharan Africa,Latin America & Africa,72.96,B
511,1070,North Carolina State University,https://www.ncsu.edu,United States,North America,72.96,B
512,1074,University of South Carolina,https://www.sc.edu,United States,North America,72.92,B
513,5305,Netaji Subhas University of Technology,https://www.nsut.ac.in,India,South & Central Asia + Oceania,72.88,B
514,4114,Ajou University,https://www.ajou.ac.kr,South Korea,Asia (East & Southeast),72.86,B
515,5326,Rajarata University of Sri Lanka,https://www.rjt.ac.lk,Sri Lanka,South & Central Asia + Oceania,72.86,B
516,1145,Wesleyan University,https://www.wesleyan.edu,United States,North America,72.85,B
517,3087,Poznan University of Technology,https://www.put.poznan.pl,Poland,Eastern & Southern Europe,72.83,B
518,5140,University of Southern Queensland,https://www.usq.edu.au,Australia,South & Central Asia + Oceania,72.76,B
519,1134,Vassar College,https://www.vassar.edu,United States,North America,72.75,B
520,2071,Leibniz University Hannover,https://www.uni-hannover.de,Germany,Western & Northern Europe,72.75,B
521,1014,Duke University,https://www.duke.edu,United States,North America,72.73,B
522,1090,Baylor University,https://www.baylor.edu,United States,North America,72.73,B
523,4312,Universiti Malaysia Sabah,https://www.ums.edu.my,Malaysia,Asia (East & Southeast),72.71,B
524,6336,University of Rwanda,https://www.ur.ac.rw,Sub-Saharan Africa,Latin America & Africa,72.7,B
525,4156,Universiti Utara Malaysia,https://www.uum.edu.my,Malaysia,Asia (East & Southeast),72.69,B
526,5096,University of Chittagong,https://www.cu.ac.bd,Bangladesh,South & Central Asia + Oceania,72.64,B
527,2144,BI Norwegian Business School,https://www.bi.edu,Norway,Western & Northern Europe,72.6,B
528,3088,Warsaw University of Life Sciences,https://www.sggw.edu.pl,Poland,Eastern & Southern Europe,72.59,B
529,1001,Harvard University,https://www.harvard.edu,United States,North America,72.56,B
530,3043,Autonomous University of Barcelona,https://www.uab.cat,Spain,Eastern & Southern Europe,72.56,B
531,5069,University of the Punjab,https://www.pu.edu.pk,Pakistan,South & Central Asia + Oceania,72.55,B
532,5171,Mid-Western University,https://www.mwu.edu.np,Nepal,South & Central Asia + Oceania,72.53,B
533,2096,University of Tours,https://www.univ-tours.fr,France,Western & Northern Europe,72.5,B
534,1005,Princeton University,https://www.princeton.edu,United States,North America,72.48,B
535,4201,Polytechnic University of the Philippines,https://www.pup.edu.ph,Philippines,Asia (East & Southeast),72.47,B
536,5409,NIT Raipur,https://www.nitrr.ac.in,India,South & Central Asia + Oceania,72.44,B
537,4071,Okayama University,https://www.okayama-u.ac.jp,Japan,Asia (East & Southeast),72.43,B
538,3081,University of Wroclaw,https://www.uwr.edu.pl,Poland,Eastern & Southern Europe,72.42,B
539,1177,University of Ottawa,https://www.uottawa.ca,Canada,North America,72.37,B
540,1195,Baylor College of Medicine,https://www.bcm.edu,United States,North America,72.36,B
541,1080,University of Oklahoma,https://www.ou.edu,United States,North America,72.35,B
542,5066,Quaid-i-Azam University,https://www.qau.edu.pk,Pakistan,South & Central Asia + Oceania,72.34,B
543,6528,Bahir Dar University,https://www.bdu.edu.et,Sub-Saharan Africa,Latin America & Africa,72.32,B
544,1060,"University of California, Riverside",https://www.ucr.edu,United States,North America,72.29,B
545,5327,Sabaragamuwa University of Sri Lanka,https://www.sab.ac.lk,Sri Lanka,South & Central Asia + Oceania,72.28,B
546,2123,Uppsala University,https://www.uu.se,Sweden,Western & Northern Europe,72.2,B
547,2183,TU Wien,https://www.tuwien.at,Switzerland/Austria,Western & Northern Europe,72.16,B
548,3053,University of Santiago de Compostela,https://www.usc.gal,Spain,Eastern & Southern Europe,72.08,B
549,5157,University of Colombo,https://www.cmb.ac.lk,Sri Lanka,South & Central Asia + Oceania,72.01,B
550,3114,University of Madeira,https://www.uma.pt,Portugal,Eastern & Southern Europe,71.92,B
551,3151,Transilvania University of Brasov,https://www.unitbv.ro,Romania,Eastern & Southern Europe,71.78,B
552,5332,Tajik National University,https://www.tnu.tj,Central Asia,South & Central Asia + Oceania,71.78,B
553,2023,University of Exeter,https://www.exeter.ac.uk,United Kingdom,Western & Northern Europe,71.74,B
554,5045,IIIT Hyderabad,https://www.iiit.ac.in,India,South & Central Asia + Oceania,71.71,B
555,5131,Flinders University,https://www.flinders.edu.au,Australia,South & Central Asia + Oceania,71.68,B
556,3166,Odesa I. I. Mechnikov National University,https://www.onu.edu.ua,Ukraine,Eastern & Southern Europe,71.67,B
557,5028,Vellore Institute of Technology,https://www.vit.ac.in,India,South & Central Asia + Oceania,71.67,B
558,5303,Indian Institute of Technology Mandi,https://www.iitmandi.ac.in,India,South & Central Asia + Oceania,71.63,B
559,4085,Tokushima University,https://www.tokushima-u.ac.jp,Japan,Asia (East & Southeast),71.63,B
560,2127,University of Gothenburg,https://www.gu.se,Sweden,Western & Northern Europe,71.62,B
561,1076,University of Kentucky,https://www.uky.edu,United States,North America,71.59,B
562,4064,Keio University,https://www.keio.ac.jp,Japan,Asia (East & Southeast),71.54,B
563,2053,University of Hamburg,https://www.uni-hamburg.de,Germany,Western & Northern Europe,71.45,B
564,4308,University of Yangon,https://www.uy.edu.mm,Other SE/E Asia,Asia (East & Southeast),71.44,B
565,1091,Southern Methodist University,https://www.smu.edu,United States,North America,71.4,B
566,1064,University of Delaware,https://www.udel.edu,United States,North America,71.39,B
567,3309,University of Opole,https://www.uni.opole.pl,Poland,Eastern & Southern Europe,71.38,B
568,2120,Hanze University of Applied Sciences,https://www.hanze.nl,Netherlands,Western & Northern Europe,71.36,B
569,4067,Kobe University,https://www.kobe-u.ac.jp,Japan,Asia (East & Southeast),71.35,B
570,2133,Lulea University of Technology,https://www.ltu.se,Sweden,Western & Northern Europe,71.34,B
571,2003,Imperial College London,https://www.imperial.ac.uk,United Kingdom,Western & Northern Europe,71.31,B
572,2307,Hasselt University,https://www.uhasselt.be,Belgium/Ireland/Iceland,Western & Northern Europe,71.3,B
573,5322,Comilla University,https://www.cou.ac.bd,Bangladesh,South & Central Asia + Oceania,71.28,B
574,1178,Simon Fraser University,https://www.sfu.ca,Canada,North America,71.25,B
575,6145,Jomo Kenyatta University of Agriculture and Technology,https://www.jkuat.ac.ke,Sub-Saharan Africa,Latin America & Africa,71.2,B
576,5110,Jagannath University,https://www.jnu.ac.bd,Bangladesh,South & Central Asia + Oceania,71.17,B
577,2024,University of Bath,https://www.bath.ac.uk,United Kingdom,Western & Northern Europe,71.16,B
578,6531,Copperbelt University,https://www.cbu.ac.zm,Sub-Saharan Africa,Latin America & Africa,71.14,B
579,2187,Ghent University,https://www.ugent.be,Belgium/Ireland/Iceland,Western & Northern Europe,71.13,B
580,4200,Silliman University,https://su.edu.ph,Philippines,Asia (East & Southeast),71.12,B
581,4102,Hanyang University,https://www.hanyang.ac.kr,South Korea,Asia (East & Southeast),71.0,B
582,1032,University of Florida,https://www.ufl.edu,United States,North America,71.0,B
583,4139,Chinese University of Hong Kong,https://www.cuhk.edu.hk,Hong Kong,Asia (East & Southeast),70.97,B
584,2010,University of Warwick,https://warwick.ac.uk,United Kingdom,Western & Northern Europe,70.96,B
585,2172,University of Eastern Finland,https://www.uef.fi,Finland,Western & Northern Europe,70.95,B
586,1169,University of British Columbia,https://www.ubc.ca,Canada,North America,70.94,B
587,1106,DePaul University,https://www.depaul.edu,United States,North America,70.88,B
588,5095,Jahangirnagar University,https://www.juniv.edu,Bangladesh,South & Central Asia + Oceania,70.84,B
589,3137,Czech University of Life Sciences Prague,https://www.czu.cz,Czechia,Eastern & Southern Europe,70.79,B
590,3034,University of Messina,https://www.unime.it,Italy,Eastern & Southern Europe,70.77,B
591,6155,University of Zimbabwe,https://www.uz.ac.zw,Sub-Saharan Africa,Latin America & Africa,70.73,B
592,3140,Mendel University in Brno,https://www.mendelu.cz,Czechia,Eastern & Southern Europe,70.7,B
593,3152,Bucharest University of Economic Studies,https://www.ase.ro,Romania,Eastern & Southern Europe,70.69,B
594,1010,Cornell University,https://www.cornell.edu,United States,North America,70.68,B
595,3311,West Pomeranian University of Technology,https://www.zut.edu.pl,Poland,Eastern & Southern Europe,70.56,B
596,4168,IPB University,https://www.ipb.ac.id,Indonesia,Asia (East & Southeast),70.56,B
597,2032,University of Dundee,https://www.dundee.ac.uk,United Kingdom,Western & Northern Europe,70.54,B
598,2189,University of Antwerp,https://www.uantwerpen.be,Belgium/Ireland/Iceland,Western & Northern Europe,70.53,B
599,1189,University of Manitoba,https://umanitoba.ca,Canada,North America,70.51,B
600,2151,University of Copenhagen,https://www.ku.dk,Denmark,Western & Northern Europe,70.44,B
601,5144,Charles Sturt University,https://www.csu.edu.au,Australia,South & Central Asia + Oceania,70.42,B
602,6529,Hawassa University,https://www.hu.edu.et,Sub-Saharan Africa,Latin America & Africa,70.38,B
603,1147,Mount Holyoke College,https://www.mtholyoke.edu,United States,North America,70.32,B
604,1035,Rice University,https://www.rice.edu,United States,North America,70.31,B
605,6146,Strathmore University,https://www.strathmore.edu,Sub-Saharan Africa,Latin America & Africa,70.22,B
606,1160,University of San Diego,https://www.sandiego.edu,United States,North America,70.21,B
607,5112,University of Sydney,https://www.sydney.edu.au,Australia,South & Central Asia + Oceania,70.15,B
608,4089,Toyohashi University of Technology,https://www.tut.ac.jp,Japan,Asia (East & Southeast),70.15,B
609,2056,TU Dresden,https://tu-dresden.de,Germany,Western & Northern Europe,70.14,B
610,3180,University of Belgrade,https://www.bg.ac.rs,Balkans,Eastern & Southern Europe,70.13,B
611,3060,Polytechnic University of Valencia,https://www.upv.es,Spain,Eastern & Southern Europe,70.1,B
612,1102,Kent State University,https://www.kent.edu,United States,North America,70.08,B
613,1142,Colby College,https://www.colby.edu,United States,North America,70.02,B
614,1028,University of Illinois Urbana-Champaign,https://illinois.edu,United States,North America,70.02,B
615,6332,Houari Boumediene University of Science and Technology,https://www.usthb.dz,Egypt & North Africa,Latin America & Africa,70.0,B
616,5018,Banaras Hindu University,https://www.bhu.ac.in,India,South & Central Asia + Oceania,69.96,B
617,3104,NOVA University Lisbon,https://www.unl.pt,Portugal,Eastern & Southern Europe,69.96,B
618,1086,Washington State University,https://wsu.edu,United States,North America,69.9,B
619,2080,Universite Paris Cite,https://u-paris.fr,France,Western & Northern Europe,69.9,B
620,2034,Queen's University Belfast,https://www.qub.ac.uk,United Kingdom,Western & Northern Europe,69.88,B
621,3046,Polytechnic University of Catalonia,https://www.upc.edu,Spain,Eastern & Southern Europe,69.87,B
622,3076,University of Warsaw,https://www.uw.edu.pl,Poland,Eastern & Southern Europe,69.83,B
623,2086,Sciences Po,https://www.sciencespo.fr,France,Western & Northern Europe,69.81,B
624,6342,University of Mauritius,https://www.uom.ac.mu,Sub-Saharan Africa,Latin America & Africa,69.81,B
625,4183,Kasetsart University,https://www.ku.ac.th,Thailand,Asia (East & Southeast),69.79,B
626,3042,Autonomous University of Madrid,https://www.uam.es,Spain,Eastern & Southern Europe,69.75,B
627,3150,Carol Davila University of Medicine and Pharmacy,https://www.umfcd.ro,Romania,Eastern & Southern Europe,69.73,B
628,4207,Ton Duc Thang University,https://www.tdtu.edu.vn,Vietnam,Asia (East & Southeast),69.68,B
629,5061,Guru Gobind Singh Indraprastha University,https://www.ipu.ac.in,India,South & Central Asia + Oceania,69.66,B
630,2173,Abo Akademi University,https://www.abo.fi,Finland,Western & Northern Europe,69.65,B
631,5172,Far Western University,https://www.fwu.edu.np,Nepal,South & Central Asia + Oceania,69.65,B
632,4134,National Chengchi University,https://www.nccu.edu.tw,Taiwan,Asia (East & Southeast),69.62,B
633,3023,University of Modena and Reggio Emilia,https://www.unimore.it,Italy,Eastern & Southern Europe,69.59,B
634,1072,University of Alabama,https://www.ua.edu,United States,North America,69.52,B
635,1055,University of Georgia,https://www.uga.edu,United States,North America,69.49,B
636,3109,University of Evora,https://www.uevora.pt,Portugal,Eastern & Southern Europe,69.48,B
637,3402,University of National and World Economy,https://www.unwe.bg,Bulgaria & Slovakia,Eastern & Southern Europe,69.4,B
638,4120,Kookmin University,https://www.kookmin.ac.kr,South Korea,Asia (East & Southeast),69.4,B
639,2083,Claude Bernard University Lyon 1,https://www.univ-lyon1.fr,France,Western & Northern Europe,69.2,B
640,3163,Kharkiv Polytechnic Institute,https://www.kpi.kharkov.ua,Ukraine,Eastern & Southern Europe,69.2,B
641,2142,University of Agder,https://www.uia.no,Norway,Western & Northern Europe,69.19,B
642,2013,University of Leeds,https://www.leeds.ac.uk,United Kingdom,Western & Northern Europe,69.17,B
643,3162,Oles Honchar Dnipro National University,https://www.dnu.dp.ua,Ukraine,Eastern & Southern Europe,69.15,B
644,3130,University of Piraeus,https://www.unipi.gr,Greece,Eastern & Southern Europe,69.14,B
645,2146,Norwegian School of Economics,https://www.nhh.no,Norway,Western & Northern Europe,69.13,B
646,4123,Chungbuk National University,https://www.chungbuk.ac.kr,South Korea,Asia (East & Southeast),69.11,B
647,1124,Fordham University,https://www.fordham.edu,United States,North America,69.04,B
648,6092,Pontifical Catholic University of Peru,https://www.pucp.edu.pe,Peru & Andes,Latin America & Africa,69.03,B
649,2091,Toulouse III - Paul Sabatier University,https://www.univ-tlse3.fr,France,Western & Northern Europe,69.02,B
650,4167,Bandung Institute of Technology,https://www.itb.ac.id,Indonesia,Asia (East & Southeast),68.96,B
651,3170,Budapest University of Technology and Economics,https://www.bme.hu,Hungary,Eastern & Southern Europe,68.95,B
652,1153,Kenyon College,https://www.kenyon.edu,United States,North America,68.84,B
653,1021,"University of California, Santa Barbara",https://www.ucsb.edu,United States,North America,68.81,B
654,2101,University of Amsterdam,https://www.uva.nl,Netherlands,Western & Northern Europe,68.8,B
655,5321,University of Gujrat,https://www.uog.edu.pk,Pakistan,South & Central Asia + Oceania,68.79,B
656,1053,University of Pittsburgh,https://www.pitt.edu,United States,North America,68.79,B
657,1161,Santa Clara University,https://www.scu.edu,United States,North America,68.76,B
658,6331,University of Carthage,https://www.ucar.rnu.tn,Egypt & North Africa,Latin America & Africa,68.73,B
659,3112,Catholic University of Portugal,https://www.ucp.pt,Portugal,Eastern & Southern Europe,68.7,B
660,2115,Rotterdam University of Applied Sciences,https://www.rotterdamuas.com,Netherlands,Western & Northern Europe,68.65,B
661,1108,University of Illinois Chicago,https://www.uic.edu,United States,North America,68.5,B
662,4145,University of Macau,https://www.um.edu.mo,Macau,Asia (East & Southeast),68.48,B
663,1155,Reed College,https://www.reed.edu,United States,North America,68.42,B
664,1096,University of Mississippi,https://olemiss.edu,United States,North America,68.39,B
665,2135,Mid Sweden University,https://www.miun.se,Sweden,Western & Northern Europe,68.34,B
666,3079,AGH University of Krakow,https://www.agh.edu.pl,Poland,Eastern & Southern Europe,68.28,B
667,1152,Oberlin College,https://www.oberlin.edu,United States,North America,68.23,B
668,2128,Linkoping University,https://liu.se,Sweden,Western & Northern Europe,68.15,B
669,2138,Norwegian University of Science and Technology,https://www.ntnu.edu,Norway,Western & Northern Europe,68.15,B
670,1085,Oregon State University,https://oregonstate.edu,United States,North America,68.07,B
671,3019,University of Perugia,https://www.unipg.it,Italy,Eastern & Southern Europe,67.99,B
672,2114,Amsterdam University of Applied Sciences,https://www.amsterdamuas.com,Netherlands,Western & Northern Europe,67.97,B
673,4081,Shinshu University,https://www.shinshu-u.ac.jp,Japan,Asia (East & Southeast),67.93,B
674,2150,Molde University College,https://www.himolde.no,Norway,Western & Northern Europe,67.89,B
675,2037,"Royal Holloway, University of London",https://www.royalholloway.ac.uk,United Kingdom,Western & Northern Europe,67.89,B
676,3184,University of Maribor,https://www.um.si,Balkans,Eastern & Southern Europe,67.87,B
677,2121,Karolinska Institute,https://ki.se,Sweden,Western & Northern Europe,67.87,B
678,5176,Satbayev University,https://www.satbayev.university,Central Asia,South & Central Asia + Oceania,67.86,B
679,5010,Indian Institute of Technology Indore,https://www.iiti.ac.in,India,South & Central Asia + Oceania,67.78,B
680,1121,University of New Hampshire,https://www.unh.edu,United States,North America,67.75,B
681,4175,Hasanuddin University,https://www.unhas.ac.id,Indonesia,Asia (East & Southeast),67.73,B
682,2051,University of Goettingen,https://www.uni-goettingen.de,Germany,Western & Northern Europe,67.69,B
683,3139,University of West Bohemia,https://www.zcu.cz,Czechia,Eastern & Southern Europe,67.66,B
684,1050,University of Minnesota Twin Cities,https://twin-cities.umn.edu,United States,North America,67.65,B
685,3094,Maria Curie-Sklodowska University,https://www.umcs.pl,Poland,Eastern & Southern Europe,67.63,B
686,6113,North-West University,https://www.nwu.ac.za,South Africa,Latin America & Africa,67.59,B
687,6431,Ladoke Akintola University of Technology,https://www.lautech.edu.ng,Sub-Saharan Africa,Latin America & Africa,67.44,B
688,2054,University of Cologne,https://www.uni-koeln.de,Germany,Western & Northern Europe,67.37,B
689,3008,University of Pisa,https://www.unipi.it,Italy,Eastern & Southern Europe,67.29,B
690,4211,University of Danang,https://www.udn.vn,Vietnam,Asia (East & Southeast),67.27,B
691,3121,University of Ioannina,https://www.uoi.gr,Greece,Eastern & Southern Europe,67.22,B
692,4077,Tokyo University of Science,https://www.tus.ac.jp,Japan,Asia (East & Southeast),67.09,B
693,5033,Thapar Institute of Engineering and Technology,https://www.thapar.edu,India,South & Central Asia + Oceania,67.06,B
694,6002,University of Campinas,https://www.unicamp.br,Brazil,Latin America & Africa,66.93,B
695,1071,"University of Tennessee, Knoxville",https://www.utk.edu,United States,North America,66.9,B
696,3169,University of Debrecen,https://www.unideb.hu,Hungary,Eastern & Southern Europe,66.84,B
697,3082,Wroclaw University of Science and Technology,https://www.pwr.edu.pl,Poland,Eastern & Southern Europe,66.83,B
698,5092,Bangladesh University of Engineering and Technology,https://www.buet.ac.bd,Bangladesh,South & Central Asia + Oceania,66.8,B
699,6139,University of Benin,https://www.uniben.edu,Sub-Saharan Africa,Latin America & Africa,66.71,B
700,6533,University of Uyo,https://www.uniuyo.edu.ng,Sub-Saharan Africa,Latin America & Africa,66.61,B
701,5089,Riphah International University,https://www.riphah.edu.pk,Pakistan,South & Central Asia + Oceania,66.59,B
702,3127,Panteion University,https://www.panteion.gr,Greece,Eastern & Southern Europe,66.58,B
703,2193,Trinity College Dublin,https://www.tcd.ie,Belgium/Ireland/Iceland,Western & Northern Europe,66.57,B
704,2147,Inland Norway University of Applied Sciences,https://www.inn.no,Norway,Western & Northern Europe,66.48,B
705,4188,King Mongkut's Institute of Technology Ladkrabang,https://www.kmitl.ac.th,Thailand,Asia (East & Southeast),66.47,B
706,2129,Umea University,https://www.umu.se,Sweden,Western & Northern Europe,66.46,B
707,3135,Palacky University Olomouc,https://www.upol.cz,Czechia,Eastern & Southern Europe,66.45,B
708,2106,University of Groningen,https://www.rug.nl,Netherlands,Western & Northern Europe,66.4,B
709,4153,Universiti Sains Malaysia,https://www.usm.my,Malaysia,Asia (East & Southeast),66.38,B
710,1182,Instituto Tecnologico y de Estudios Superiores de Monterrey (Tecnologico de Monterrey),https://tec.mx,United States,North America,66.37,B
711,4109,Kyungpook National University,https://www.knu.ac.kr,South Korea,Asia (East & Southeast),66.36,B
712,3119,University of Patras,https://www.upatras.gr,Greece,Eastern & Southern Europe,66.33,B
713,1045,University of Miami,https://www.miami.edu,United States,North America,66.31,B
714,4151,Universiti Kebangsaan Malaysia,https://www.ukm.my,Malaysia,Asia (East & Southeast),66.29,B
715,1175,Queen's University,https://www.queensu.ca,Canada,North America,66.29,B
716,3312,University of West Attica,https://www.uniwa.gr,Greece,Eastern & Southern Europe,66.18,B
717,4194,University of the Philippines Diliman,https://upd.edu.ph,Philippines,Asia (East & Southeast),66.16,B
718,1057,University of Connecticut,https://uconn.edu,United States,North America,66.1,B
719,1082,Arizona State University,https://www.asu.edu,United States,North America,66.08,B
720,2116,The Hague University of Applied Sciences,https://www.thehagueuniversity.com,Netherlands,Western & Northern Europe,66.02,B
721,2055,Goethe University Frankfurt,https://www.goethe-university-frankfurt.de,Germany,Western & Northern Europe,65.94,B
722,6129,Cadi Ayyad University,https://www.uca.ma,Egypt & North Africa,Latin America & Africa,65.93,B
723,4074,Kumamoto University,https://www.kumamoto-u.ac.jp,Japan,Asia (East & Southeast),65.92,B
724,2134,Karlstad University,https://www.kau.se,Sweden,Western & Northern Europe,65.67,B
725,3165,Yuriy Fedkovych Chernivtsi National University,https://www.chnu.edu.ua,Ukraine,Eastern & Southern Europe,65.65,B
726,1025,University of Wisconsin-Madison,https://www.wisc.edu,United States,North America,65.64,B
727,1168,University of Toronto,https://www.utoronto.ca,Canada,North America,65.63,B
728,2171,University of Jyvaskyla,https://www.jyu.fi,Finland,Western & Northern Europe,65.58,B
729,4023,South China University of Technology,https://www.scut.edu.cn,China,Asia (East & Southeast),65.54,B
730,3164,Vinnytsia National Technical University,https://www.vntu.edu.ua,Ukraine,Eastern & Southern Europe,65.53,B
731,3003,University of Bologna,https://www.unibo.it,Italy,Eastern & Southern Europe,65.49,B
732,4078,Hitotsubashi University,https://www.hit-u.ac.jp,Japan,Asia (East & Southeast),65.44,B
733,4191,Silpakorn University,https://www.su.ac.th,Thailand,Asia (East & Southeast),65.43,B
734,2095,Paris-Est Creteil University,https://www.u-pec.fr,France,Western & Northern Europe,65.3,B
735,1077,University of Missouri,https://www.missouri.edu,United States,North America,65.19,B
736,1139,Haverford College,https://www.haverford.edu,United States,North America,65.09,B
737,3106,University of Minho,https://www.uminho.pt,Portugal,Eastern & Southern Europe,65.08,B
738,4117,Konkuk University,https://www.konkuk.ac.kr,South Korea,Asia (East & Southeast),65.03,B
739,4075,Niigata University,https://www.niigata-u.ac.jp,Japan,Asia (East & Southeast),65.01,B
740,6506,University of Caxias do Sul,https://www.ucs.br,Brazil,Latin America & Africa,65.0,B
741,6322,University of Lima,https://www.ulima.edu.pe,Peru & Andes,Latin America & Africa,64.97,C
742,3178,University of Rijeka,https://www.uniri.hr,Balkans,Eastern & Southern Europe,64.95,C
743,6153,Addis Ababa University,https://www.aau.edu.et,Sub-Saharan Africa,Latin America & Africa,64.91,C
744,4166,Gadjah Mada University,https://www.ugm.ac.id,Indonesia,Asia (East & Southeast),64.85,C
745,4007,Nanjing University,https://www.nju.edu.cn,China,Asia (East & Southeast),64.84,C
746,1016,University of Michigan,https://www.umich.edu,United States,North America,64.82,C
747,4171,Diponegoro University,https://www.undip.ac.id,Indonesia,Asia (East & Southeast),64.8,C
748,3198,Matej Bel University,https://www.umb.sk,Bulgaria & Slovakia,Eastern & Southern Europe,64.67,C
749,2109,Radboud University,https://www.ru.nl,Netherlands,Western & Northern Europe,64.55,C
750,4126,National Yang Ming Chiao Tung University,https://www.nycu.edu.tw,Taiwan,Asia (East & Southeast),64.44,C
751,4108,Chung-Ang University,https://www.cau.ac.kr,South Korea,Asia (East & Southeast),64.42,C
752,4193,Burapha University,https://www.buu.ac.th,Thailand,Asia (East & Southeast),64.42,C
753,2105,Erasmus University Rotterdam,https://www.eur.nl,Netherlands,Western & Northern Europe,64.41,C
754,2306,Medical University of Vienna,https://www.meduniwien.ac.at,Switzerland/Austria,Western & Northern Europe,64.4,C
755,4111,Sejong University,https://www.sejong.ac.kr,South Korea,Asia (East & Southeast),64.31,C
756,2117,Fontys University of Applied Sciences,https://www.fontys.edu,Netherlands,Western & Northern Europe,64.29,C
757,2160,University College Copenhagen,https://www.kp.dk,Denmark,Western & Northern Europe,64.27,C
758,4306,Yamagata University,https://www.yamagata-u.ac.jp,Japan,Asia (East & Southeast),64.23,C
759,2162,University College of Northern Denmark,https://www.ucn.dk,Denmark,Western & Northern Europe,64.18,C
760,5167,Tribhuvan University,https://www.tribhuvan-university.edu.np,Nepal,South & Central Asia + Oceania,64.16,C
761,6047,Autonomous University of Nuevo Leon,https://www.uanl.mx,Mexico,Latin America & Africa,64.13,C
762,6335,Mohammed VI Polytechnic University,https://www.um6p.ma,Egypt & North Africa,Latin America & Africa,64.13,C
763,4307,Kagawa University,https://www.kagawa-u.ac.jp,Japan,Asia (East & Southeast),64.06,C
764,1026,University of Washington,https://www.washington.edu,United States,North America,64.06,C
765,1027,New York University,https://www.nyu.edu,United States,North America,63.89,C
766,3149,Technical University of Cluj-Napoca,https://www.utcluj.ro,Romania,Eastern & Southern Europe,63.84,C
767,1120,University of Vermont,https://www.uvm.edu,United States,North America,63.83,C
768,4049,Shanghai University,https://www.shu.edu.cn,China,Asia (East & Southeast),63.82,C
769,3179,University of Split,https://www.unist.hr,Balkans,Eastern & Southern Europe,63.81,C
770,1173,University of Waterloo,https://uwaterloo.ca,Canada,North America,63.8,C
771,3096,University of Bialystok,https://www.uwb.edu.pl,Poland,Eastern & Southern Europe,63.76,C
772,3195,Technical University of Kosice,https://www.tuke.sk,Bulgaria & Slovakia,Eastern & Southern Europe,63.7,C
773,1149,Grinnell College,https://www.grinnell.edu,United States,North America,63.69,C
774,2154,Aalborg University,https://www.en.aau.dk,Denmark,Western & Northern Europe,63.67,C
775,2081,Aix-Marseille University,https://www.univ-amu.fr,France,Western & Northern Europe,63.62,C
776,2002,University of Cambridge,https://www.cam.ac.uk,United Kingdom,Western & Northern Europe,63.58,C
777,3159,Ivan Franko National University of Lviv,https://www.lnu.edu.ua,Ukraine,Eastern & Southern Europe,63.44,C
778,1115,Rensselaer Polytechnic Institute,https://www.rpi.edu,United States,North America,63.38,C
779,1303,Toronto Metropolitan University,https://www.torontomu.ca,Canada,North America,63.3,C
780,6076,University of Rosario,https://www.urosario.edu.co,Colombia,Latin America & Africa,63.29,C
781,3017,University of Catania,https://www.unict.it,Italy,Eastern & Southern Europe,63.22,C
782,6154,University of Botswana,https://www.ub.bw,Sub-Saharan Africa,Latin America & Africa,63.19,C
783,1144,Trinity College,https://www.trincoll.edu,United States,North America,63.17,C
784,4069,Tokyo Medical and Dental University,https://www.tmd.ac.jp,Japan,Asia (East & Southeast),63.1,C
785,3123,Athens University of Economics and Business,https://www.aueb.gr,Greece,Eastern & Southern Europe,63.07,C
786,1140,Bowdoin College,https://www.bowdoin.edu,United States,North America,62.74,C
787,2184,University of Innsbruck,https://www.uibk.ac.at,Switzerland/Austria,Western & Northern Europe,62.74,C
788,3049,University of Granada,https://www.ugr.es,Spain,Eastern & Southern Europe,62.7,C
789,1141,Middlebury College,https://www.middlebury.edu,United States,North America,62.58,C
790,3097,Cardinal Stefan Wyszynski University,https://www.uksw.edu.pl,Poland,Eastern & Southern Europe,62.55,C
791,5046,Indian Statistical Institute,https://www.isical.ac.in,India,South & Central Asia + Oceania,62.54,C
792,3182,University of Nis,https://www.ni.ac.rs,Balkans,Eastern & Southern Europe,62.38,C
793,2168,University of Turku,https://www.utu.fi,Finland,Western & Northern Europe,62.38,C
794,4110,Sogang University,https://www.sogang.ac.kr,South Korea,Asia (East & Southeast),62.3,C
795,3161,National University of Kyiv-Mohyla Academy,https://www.ukma.edu.ua,Ukraine,Eastern & Southern Europe,62.26,C
796,2039,Heriot-Watt University,https://www.hw.ac.uk,United Kingdom,Western & Northern Europe,62.07,C
797,1038,Emory University,https://www.emory.edu,United States,North America,62.05,C
798,4080,Gifu University,https://www.gifu-u.ac.jp,Japan,Asia (East & Southeast),62.02,C
799,6329,University of Zululand,https://www.unizulu.ac.za,South Africa,Latin America & Africa,61.98,C
800,3145,Alexandru Ioan Cuza University,https://www.uaic.ro,Romania,Eastern & Southern Europe,61.89,C
801,4197,University of Santo Tomas,https://www.ust.edu.ph,Philippines,Asia (East & Southeast),61.88,C
802,3125,Democritus University of Thrace,https://www.duth.gr,Greece,Eastern & Southern Europe,61.87,C
803,3132,Czech Technical University in Prague,https://www.cvut.cz,Czechia,Eastern & Southern Europe,61.8,C
804,3066,University of Cantabria,https://web.unican.es,Spain,Eastern & Southern Europe,61.71,C
805,3302,University of Basilicata,https://www.unibas.it,Italy,Eastern & Southern Europe,61.6,C
806,3108,ISCTE University Institute of Lisbon,https://www.iscte-iul.pt,Portugal,Eastern & Southern Europe,61.44,C
807,4309,Institute of Technology of Cambodia,https://www.itc.edu.kh,Other SE/E Asia,Asia (East & Southeast),61.35,C
808,4178,Bina Nusantara University,https://www.binus.ac.id,Indonesia,Asia (East & Southeast),61.19,C
809,3191,Plovdiv University Paisii Hilendarski,https://www.uni-plovdiv.bg,Bulgaria & Slovakia,Eastern & Southern Europe,61.02,C
810,2118,Saxion University of Applied Sciences,https://www.saxion.edu,Netherlands,Western & Northern Europe,61.0,C
811,4135,Chang Gung University,https://www.cgu.edu.tw,Taiwan,Asia (East & Southeast),60.92,C
812,2026,University of Reading,https://www.reading.ac.uk,United Kingdom,Western & Northern Europe,60.91,C
813,4137,Asia University Taiwan,https://www.asia.edu.tw,Taiwan,Asia (East & Southeast),60.83,C
814,2119,HAN University of Applied Sciences,https://www.han.nl,Netherlands,Western & Northern Europe,60.75,C
815,6430,Federal University of Technology Owerri,https://www.futo.edu.ng,Sub-Saharan Africa,Latin America & Africa,60.64,C
816,4061,Tokyo Institute of Technology,https://www.titech.ac.jp,Japan,Asia (East & Southeast),60.58,C
817,6308,Federal University of Rio Grande,https://www.furg.br,Brazil,Latin America & Africa,60.58,C
818,4310,National University of Laos,https://www.nuol.edu.la,Other SE/E Asia,Asia (East & Southeast),60.41,C
819,2153,Technical University of Denmark,https://www.dtu.dk,Denmark,Western & Northern Europe,60.31,C
820,2145,OsloMet,https://www.oslomet.no,Norway,Western & Northern Europe,60.28,C
821,1063,Northeastern University,https://www.northeastern.edu,United States,North America,60.25,C
822,4157,International Islamic University Malaysia,https://www.iium.edu.my,Malaysia,Asia (East & Southeast),60.23,C
823,2194,University College Dublin,https://www.ucd.ie,Belgium/Ireland/Iceland,Western & Northern Europe,60.15,C
824,3115,Polytechnic Institute of Lisbon,https://www.ipl.pt,Portugal,Eastern & Southern Europe,60.09,C
825,4044,Nanchang University,https://www.ncu.edu.cn,China,Asia (East & Southeast),60.0,C
826,2107,Wageningen University & Research,https://www.wur.nl,Netherlands,Western & Northern Europe,59.58,C
827,4122,Gachon University,https://www.gachon.ac.kr,South Korea,Asia (East & Southeast),59.48,C
828,3018,University of Palermo,https://www.unipa.it,Italy,Eastern & Southern Europe,59.34,C
829,2161,UCL University College,https://www.ucl.dk,Denmark,Western & Northern Europe,59.18,C
830,4106,UNIST,https://www.unist.ac.kr,South Korea,Asia (East & Southeast),59.04,C
831,6081,University of Chile,https://www.uchile.cl,Chile,Latin America & Africa,58.94,C
832,3089,Medical University of Warsaw,https://www.wum.edu.pl,Poland,Eastern & Southern Europe,58.58,C
833,3098,Rzeszow University of Technology,https://www.prz.edu.pl,Poland,Eastern & Southern Europe,58.46,C
834,6350,Felix Houphouet-Boigny University,https://www.univ-fhb.edu.ci,Sub-Saharan Africa,Latin America & Africa,58.37,C
835,1002,Massachusetts Institute of Technology,https://www.mit.edu,United States,North America,58.17,C
836,6021,Federal University of Espirito Santo,https://www.ufes.br,Brazil,Latin America & Africa,58.13,C
837,2165,Design School Kolding,https://www.designskolenkolding.dk,Denmark,Western & Northern Europe,58.13,C
838,2070,University of Duisburg-Essen,https://www.uni-due.de,Germany,Western & Northern Europe,58.02,C
839,2136,University of Oslo,https://www.uio.no,Norway,Western & Northern Europe,57.93,C
840,6130,Hassan II University of Casablanca,https://www.univh2c.ma,Egypt & North Africa,Latin America & Africa,57.92,C
841,6339,Mekelle University,https://www.mu.edu.et,Sub-Saharan Africa,Latin America & Africa,57.83,C
842,5049,Christ University,https://www.christuniversity.in,India,South & Central Asia + Oceania,57.44,C
843,2170,University of Oulu,https://www.oulu.fi,Finland,Western & Northern Europe,57.41,C
844,5329,Kabul University,https://www.ku.edu.af,Central Asia,South & Central Asia + Oceania,57.26,C
845,2175,University of Vaasa,https://www.uwasa.fi,Finland,Western & Northern Europe,57.14,C
846,5147,Federation University Australia,https://www.federation.edu.au,Australia,South & Central Asia + Oceania,57.05,C
847,3030,University of Calabria,https://www.unical.it,Italy,Eastern & Southern Europe,57.05,C
848,6120,Alexandria University,https://www.alexu.edu.eg,Egypt & North Africa,Latin America & Africa,57.03,C
849,5160,University of Kelaniya,https://www.kln.ac.lk,Sri Lanka,South & Central Asia + Oceania,56.96,C
850,2186,KU Leuven,https://www.kuleuven.be,Belgium/Ireland/Iceland,Western & Northern Europe,56.83,C
851,3117,Aristotle University of Thessaloniki,https://www.auth.gr,Greece,Eastern & Southern Europe,56.76,C
852,5142,Bond University,https://www.bond.edu.au,Australia,South & Central Asia + Oceania,56.7,C
853,1049,"University of Maryland, College Park",https://umd.edu,United States,North America,56.67,C
854,3314,University of Zagreb Faculty,https://www.pmf.unizg.hr,Balkans,Eastern & Southern Europe,56.65,C
855,2068,Ruhr University Bochum,https://www.ruhr-uni-bochum.de,Germany,Western & Northern Europe,56.4,C
856,4086,Mie University,https://www.mie-u.ac.jp,Japan,Asia (East & Southeast),56.35,C
857,5097,University of Rajshahi,https://www.ru.ac.bd,Bangladesh,South & Central Asia + Oceania,56.15,C
858,6317,National University of San Luis,https://www.unsl.edu.ar,Argentina,Latin America & Africa,56.05,C
859,4162,Universiti Malaysia Sarawak,https://www.unimas.my,Malaysia,Asia (East & Southeast),55.44,C
860,6053,Veracruzana University,https://www.uv.mx,Mexico,Latin America & Africa,55.24,C
861,4087,Shizuoka University,https://www.shizuoka.ac.jp,Japan,Asia (East & Southeast),55.03,C
862,2035,University of East Anglia,https://www.uea.ac.uk,United Kingdom,Western & Northern Europe,54.98,C
863,3118,National Technical University of Athens,https://www.ntua.gr,Greece,Eastern & Southern Europe,54.89,C
864,2124,KTH Royal Institute of Technology,https://www.kth.se,Sweden,Western & Northern Europe,54.86,C
865,2065,Friedrich Schiller University Jena,https://www.uni-jena.de,Germany,Western & Northern Europe,54.77,C
866,6089,University of La Frontera,https://www.ufro.cl,Chile,Latin America & Africa,54.69,C
867,3001,Sapienza University of Rome,https://www.uniroma1.it,Italy,Eastern & Southern Europe,54.67,C
868,2103,Utrecht University,https://www.uu.nl,Netherlands,Western & Northern Europe,54.65,C
869,2163,University College Absalon,https://phabsalon.dk,Denmark,Western & Northern Europe,54.3,C
870,3100,Kazimierz Wielki University,https://www.ukw.edu.pl,Poland,Eastern & Southern Europe,54.04,C
871,1098,University of Arkansas,https://www.uark.edu,United States,North America,54.02,C
872,5047,Tata Institute of Fundamental Research,https://www.tifr.res.in,India,South & Central Asia + Oceania,53.87,C
873,3187,University of Kragujevac,https://www.kg.ac.rs,Balkans,Eastern & Southern Europe,53.73,C
874,2050,University of Freiburg,https://uni-freiburg.de,Germany,Western & Northern Europe,53.61,C
875,4311,Universiti Malaysia Terengganu,https://www.umt.edu.my,Malaysia,Asia (East & Southeast),53.42,C
876,2041,Ludwig Maximilian University of Munich,https://www.lmu.de,Germany,Western & Northern Europe,53.39,C
877,3051,University of the Basque Country,https://www.ehu.eus,Spain,Eastern & Southern Europe,53.22,C
878,3146,Politehnica University of Bucharest,https://www.upb.ro,Romania,Eastern & Southern Europe,53.05,C
879,1123,University of Rhode Island,https://www.uri.edu,United States,North America,52.1,C
880,4132,Taipei Medical University,https://www.tmu.edu.tw,Taiwan,Asia (East & Southeast),52.05,C
881,2159,VIA University College,https://www.via.dk,Denmark,Western & Northern Europe,51.91,C
882,3200,Tallinn University of Technology,https://www.taltech.ee,Baltics,Eastern & Southern Europe,51.83,C
883,3035,University of Sassari,https://www.uniss.it,Italy,Eastern & Southern Europe,51.77,C
884,4076,Yokohama National University,https://www.ynu.ac.jp,Japan,Asia (East & Southeast),51.51,C
885,3310,University of Zielona Gora,https://www.uz.zgora.pl,Poland,Eastern & Southern Europe,51.3,C
886,4040,Wuhan University of Technology,https://www.whut.edu.cn,China,Asia (East & Southeast),51.24,C
887,6031,Pontifical Catholic University of Rio Grande do Sul,https://www.pucrs.br,Brazil,Latin America & Africa,51.15,C
888,4083,Yamaguchi University,https://www.yamaguchi-u.ac.jp,Japan,Asia (East & Southeast),51.11,C
889,5317,Jamia Hamdard,https://www.jamiahamdard.edu,India,South & Central Asia + Oceania,50.2,C
890,3032,University of Ferrara,https://www.unife.it,Italy,Eastern & Southern Europe,50.04,C
891,6302,Federal University of Ouro Preto,https://www.ufop.br,Brazil,Latin America & Africa,49.8,D
892,6029,Federal University of Pelotas,https://www.ufpel.edu.br,Brazil,Latin America & Africa,49.77,D
893,2072,Johannes Gutenberg University Mainz,https://www.uni-mainz.de,Germany,Western & Northern Europe,49.72,D
894,6098,University of Costa Rica,https://www.ucr.ac.cr,Peru & Andes,Latin America & Africa,49.21,D
895,5175,L.N. Gumilyov Eurasian National University,https://www.enu.kz,Central Asia,South & Central Asia + Oceania,48.94,D
896,6027,Federal University of Santa Maria,https://www.ufsm.br,Brazil,Latin America & Africa,48.65,D
897,6003,Federal University of Rio de Janeiro,https://www.ufrj.br,Brazil,Latin America & Africa,48.64,D
898,4065,Waseda University,https://www.waseda.jp,Japan,Asia (East & Southeast),48.49,D
899,1122,University of Maine,https://www.maine.edu,United States,North America,48.06,D
900,6439,South Valley University,https://www.svu.edu.eg,Egypt & North Africa,Latin America & Africa,47.76,D
901,6516,University of Antofagasta,https://www.uantof.cl,Chile,Latin America & Africa,47.7,D
902,3304,University of Burgos,https://www.ubu.es,Spain,Eastern & Southern Europe,47.54,D
903,6078,Industrial University of Santander,https://www.uis.edu.co,Colombia,Latin America & Africa,47.48,D
904,3050,Polytechnic University of Madrid,https://www.upm.es,Spain,Eastern & Southern Europe,46.8,D
905,6099,University of Puerto Rico,https://www.upr.edu,Peru & Andes,Latin America & Africa,46.65,D
906,3028,University of Salerno,https://www.unisa.it,Italy,Eastern & Southern Europe,46.37,D
907,6019,Federal University of Rio Grande do Norte,https://www.ufrn.br,Brazil,Latin America & Africa,46.32,D
908,3039,University of Udine,https://www.uniud.it,Italy,Eastern & Southern Europe,46.29,D
909,4082,Kagoshima University,https://www.kagoshima-u.ac.jp,Japan,Asia (East & Southeast),45.94,D
910,4073,Nagasaki University,https://www.nagasaki-u.ac.jp,Japan,Asia (East & Southeast),45.82,D
911,3033,University of Cagliari,https://www.unica.it,Italy,Eastern & Southern Europe,45.24,D
912,6007,University of Brasilia,https://www.unb.br,Brazil,Latin America & Africa,45.13,D
913,3068,University of the Balearic Islands,https://www.uib.eu,Spain,Eastern & Southern Europe,45.12,D
914,3186,Josip Juraj Strossmayer University of Osijek,https://www.unios.hr,Balkans,Eastern & Southern Europe,45.05,D
915,4209,Can Tho University,https://www.ctu.edu.vn,Vietnam,Asia (East & Southeast),45.0,D
916,4304,Beijing Forestry University,https://www.bjfu.edu.cn,China,Asia (East & Southeast),45.0,D
917,4116,Jeonbuk National University,https://www.jbnu.ac.kr,South Korea,Asia (East & Southeast),45.0,D
918,4305,Saitama University,https://www.saitama-u.ac.jp,Japan,Asia (East & Southeast),45.0,D
919,4097,KAIST,https://www.kaist.ac.kr,South Korea,Asia (East & Southeast),45.0,D
920,4208,Duy Tan University,https://www.duytan.edu.vn,Vietnam,Asia (East & Southeast),45.0,D
921,4300,Southwest Jiaotong University,https://www.swjtu.edu.cn,China,Asia (East & Southeast),45.0,D
922,4214,Universiti Brunei Darussalam,https://www.ubd.edu.bn,Other SE/E Asia,Asia (East & Southeast),45.0,D
923,4301,Central China Normal University,https://www.ccnu.edu.cn,China,Asia (East & Southeast),45.0,D
924,4013,Tongji University,https://www.tongji.edu.cn,China,Asia (East & Southeast),45.0,D
925,4010,Huazhong University of Science and Technology,https://www.hust.edu.cn,China,Asia (East & Southeast),45.0,D
926,3064,University of Oviedo,https://www.uniovi.es,Spain,Eastern & Southern Europe,45.0,D
927,5074,University of Agriculture Faisalabad,https://www.uaf.edu.pk,Pakistan,South & Central Asia + Oceania,45.0,D
928,5078,GIK Institute of Engineering Sciences and Technology,https://www.giki.edu.pk,Pakistan,South & Central Asia + Oceania,45.0,D
929,5086,Bahria University,https://www.bahria.edu.pk,Pakistan,South & Central Asia + Oceania,45.0,D
930,5087,University of Management and Technology,https://www.umt.edu.pk,Pakistan,South & Central Asia + Oceania,45.0,D
931,5090,University of Engineering and Technology Taxila,https://www.uettaxila.edu.pk,Pakistan,South & Central Asia + Oceania,45.0,D
932,5098,Bangladesh Agricultural University,https://www.bau.edu.bd,Bangladesh,South & Central Asia + Oceania,45.0,D
933,5101,Islamic University of Technology,https://www.iutoic-dhaka.edu,Bangladesh,South & Central Asia + Oceania,45.0,D
934,5105,East West University,https://www.ewubd.edu,Bangladesh,South & Central Asia + Oceania,45.0,D
935,5051,Tezpur University,https://www.tezu.ernet.in,India,South & Central Asia + Oceania,45.0,D
936,5048,All India Institute of Medical Sciences Delhi,https://www.aiims.edu,India,South & Central Asia + Oceania,45.0,D
937,5055,University of Calicut,https://www.uoc.ac.in,India,South & Central Asia + Oceania,45.0,D
938,6116,Nelson Mandela University,https://www.mandela.ac.za,South Africa,Latin America & Africa,45.0,D
939,3085,University of Lodz,https://www.uni.lodz.pl,Poland,Eastern & Southern Europe,45.0,D
940,6121,Mansoura University,https://www.mans.edu.eg,Egypt & North Africa,Latin America & Africa,45.0,D
941,3086,University of Silesia in Katowice,https://www.us.edu.pl,Poland,Eastern & Southern Europe,45.0,D
942,3093,Silesian University of Technology,https://www.polsl.pl,Poland,Eastern & Southern Europe,45.0,D
943,2112,Vrije Universiteit Amsterdam,https://vu.nl,Netherlands,Western & Northern Europe,45.0,D
944,5035,NIT Karnataka Surathkal,https://www.nitk.ac.in,India,South & Central Asia + Oceania,45.0,D
945,5041,Cochin University of Science and Technology,https://www.cusat.ac.in,India,South & Central Asia + Oceania,45.0,D
946,5039,Osmania University,https://www.osmania.ac.in,India,South & Central Asia + Oceania,45.0,D
947,5044,O.P. Jindal Global University,https://www.jgu.edu.in,India,South & Central Asia + Oceania,45.0,D
948,5030,Amrita Vishwa Vidyapeetham,https://www.amrita.edu,India,South & Central Asia + Oceania,45.0,D
949,5024,University of Calcutta,https://www.caluniv.ac.in,India,South & Central Asia + Oceania,45.0,D
950,5029,Birla Institute of Technology and Science Pilani,https://www.bits-pilani.ac.in,India,South & Central Asia + Oceania,45.0,D
951,4118,Dongguk University,https://www.dongguk.edu,South Korea,Asia (East & Southeast),45.0,D
952,4313,Universitas Negeri Yogyakarta,https://www.uny.ac.id,Indonesia,Asia (East & Southeast),45.0,D
953,5006,Indian Institute of Technology Roorkee,https://www.iitr.ac.in,India,South & Central Asia + Oceania,45.0,D
954,5023,Savitribai Phule Pune University,https://www.unipune.ac.in,India,South & Central Asia + Oceania,45.0,D
955,4160,Taylor's University,https://university.taylors.edu.my,Malaysia,Asia (East & Southeast),45.0,D
956,4159,Multimedia University,https://www.mmu.edu.my,Malaysia,Asia (East & Southeast),45.0,D
957,4158,Universiti Teknologi MARA,https://www.uitm.edu.my,Malaysia,Asia (East & Southeast),45.0,D
958,4187,King Mongkut's University of Technology Thonburi,https://www.kmutt.ac.th,Thailand,Asia (East & Southeast),45.0,D
959,6115,University of the Free State,https://www.ufs.ac.za,South Africa,Latin America & Africa,45.0,D
960,6112,Rhodes University,https://www.ru.ac.za,South Africa,Latin America & Africa,45.0,D
961,4015,Nankai University,https://www.nankai.edu.cn,China,Asia (East & Southeast),45.0,D
962,4016,Tianjin University,https://www.tju.edu.cn,China,Asia (East & Southeast),45.0,D
963,4198,Mapua University,https://www.mapua.edu.ph,Philippines,Asia (East & Southeast),45.0,D
964,4202,University of the East,https://www.ue.edu.ph,Philippines,Asia (East & Southeast),45.0,D
965,6526,University of Constantine 1,https://www.umc.edu.dz,Egypt & North Africa,Latin America & Africa,45.0,D
966,4001,Tsinghua University,https://www.tsinghua.edu.cn,China,Asia (East & Southeast),45.0,D
967,3301,University of L'Aquila,https://www.univaq.it,Italy,Eastern & Southern Europe,45.0,D
968,4002,Peking University,https://www.pku.edu.cn,China,Asia (East & Southeast),45.0,D
969,4004,Shanghai Jiao Tong University,https://www.sjtu.edu.cn,China,Asia (East & Southeast),45.0,D
970,4005,Zhejiang University,https://www.zju.edu.cn,China,Asia (East & Southeast),45.0,D
971,3197,University of Zilina,https://www.uniza.sk,Bulgaria & Slovakia,Eastern & Southern Europe,45.0,D
972,1047,Pennsylvania State University,https://www.psu.edu,United States,North America,45.0,D
973,5331,Maldives National University,https://www.mnu.edu.mv,Central Asia,South & Central Asia + Oceania,45.0,D
974,3193,Comenius University Bratislava,https://www.uniba.sk,Bulgaria & Slovakia,Eastern & Southern Europe,45.0,D
975,3168,University of Szeged,https://www.u-szeged.hu,Hungary,Eastern & Southern Europe,45.0,D
976,4093,Meiji University,https://www.meiji.ac.jp,Japan,Asia (East & Southeast),45.0,D
977,4009,Sun Yat-sen University,https://www.sysu.edu.cn,China,Asia (East & Southeast),45.0,D
978,4008,Wuhan University,https://www.whu.edu.cn,China,Asia (East & Southeast),45.0,D
979,6134,University of Nigeria Nsukka,https://www.unn.edu.ng,Sub-Saharan Africa,Latin America & Africa,45.0,D
980,6137,Covenant University,https://www.covenantuniversity.edu.ng,Sub-Saharan Africa,Latin America & Africa,45.0,D
981,4101,Sungkyunkwan University,https://www.skku.edu,South Korea,Asia (East & Southeast),45.0,D
982,5120,Macquarie University,https://www.mq.edu.au,Australia,South & Central Asia + Oceania,45.0,D
983,4018,Shandong University,https://www.sdu.edu.cn,China,Asia (East & Southeast),45.0,D
984,4019,Central South University,https://www.csu.edu.cn,China,Asia (East & Southeast),45.0,D
985,4020,Xiamen University,https://www.xmu.edu.cn,China,Asia (East & Southeast),45.0,D
986,4021,Southeast University,https://www.seu.edu.cn,China,Asia (East & Southeast),45.0,D
987,1061,Case Western Reserve University,https://case.edu,United States,North America,45.0,D
988,6143,Kenyatta University,https://www.ku.ac.ke,Sub-Saharan Africa,Latin America & Africa,45.0,D
989,2014,University of Birmingham,https://www.birmingham.ac.uk,United Kingdom,Western & Northern Europe,45.0,D
990,4045,Yunnan University,https://www.ynu.edu.cn,China,Asia (East & Southeast),45.0,D
991,5158,University of Peradeniya,https://www.pdn.ac.lk,Sri Lanka,South & Central Asia + Oceania,45.0,D
992,5161,University of Sri Jayewardenepura,https://www.sjp.ac.lk,Sri Lanka,South & Central Asia + Oceania,45.0,D
993,5162,University of Ruhuna,https://www.ruh.ac.lk,Sri Lanka,South & Central Asia + Oceania,45.0,D
994,3313,Hellenic Mediterranean University,https://www.hmu.gr,Greece,Eastern & Southern Europe,45.0,D
995,4039,Beijing Jiaotong University,https://www.bjtu.edu.cn,China,Asia (East & Southeast),45.0,D
996,6052,University of Guanajuato,https://www.ugto.mx,Mexico,Latin America & Africa,45.0,D
997,4038,Ocean University of China,https://www.ouc.edu.cn,China,Asia (East & Southeast),45.0,D
998,4062,Kyushu University,https://www.kyushu-u.ac.jp,Japan,Asia (East & Southeast),45.0,D
999,1179,University of Calgary,https://www.ucalgary.ca,Canada,North America,45.0,D
1000,5133,Swinburne University of Technology,https://www.swinburne.edu.au,Australia,South & Central Asia + Oceania,45.0,D
1001,5132,Western Sydney University,https://www.westernsydney.edu.au,Australia,South & Central Asia + Oceania,45.0,D
1002,5125,Griffith University,https://www.griffith.edu.au,Australia,South & Central Asia + Oceania,45.0,D
1003,2004,University College London,https://www.ucl.ac.uk,United Kingdom,Western & Northern Europe,45.0,D
1004,1402,University of Windsor,https://www.uwindsor.ca,Canada,North America,45.0,D
1005,1400,University of Louisville,https://www.louisville.edu,United States,North America,45.0,D
1006,1301,Montana State University,https://www.montana.edu,United States,North America,45.0,D
1007,6082,Pontifical Catholic University of Chile,https://www.uc.cl,Chile,Latin America & Africa,45.0,D
1008,1087,Colorado State University,https://www.colostate.edu,United States,North America,45.0,D
1009,2027,Newcastle University,https://www.ncl.ac.uk,United Kingdom,Western & Northern Europe,45.0,D
1010,3143,University of Bucharest,https://www.unibuc.ro,Romania,Eastern & Southern Europe,45.0,D
1011,4054,Jiangnan University,https://www.jiangnan.edu.cn,China,Asia (East & Southeast),45.0,D
1012,4048,Guangxi University,https://www.gxu.edu.cn,China,Asia (East & Southeast),45.0,D
1013,3154,Gheorghe Asachi Technical University of Iasi,https://www.tuiasi.ro,Romania,Eastern & Southern Europe,45.0,D
1014,3155,Taras Shevchenko National University of Kyiv,https://www.knu.ua,Ukraine,Eastern & Southern Europe,45.0,D
1015,2310,Technological University Dublin,https://www.tudublin.ie,Belgium/Ireland/Iceland,Western & Northern Europe,45.0,D
1016,3116,National and Kapodistrian University of Athens,https://www.uoa.gr,Greece,Eastern & Southern Europe,45.0,D
1017,3129,Technical University of Crete,https://www.tuc.gr,Greece,Eastern & Southern Europe,45.0,D
1018,4041,Jinan University,https://www.jnu.edu.cn,China,Asia (East & Southeast),45.0,D
1019,1150,Carleton College,https://www.carleton.edu,Canada,North America,45.0,D
1020,2185,Graz University of Technology,https://www.tugraz.at,Switzerland/Austria,Western & Northern Europe,45.0,D
1021,6016,Pontifical Catholic University of Rio de Janeiro,https://www.puc-rio.br,Brazil,Latin America & Africa,45.0,D
1022,1158,Harvey Mudd College,https://www.hmc.edu,United States,North America,45.0,D
1023,4029,Northwestern Polytechnical University,https://www.nwpu.edu.cn,China,Asia (East & Southeast),45.0,D
1024,4030,East China Normal University,https://www.ecnu.edu.cn,China,Asia (East & Southeast),45.0,D
1025,4031,Hunan University,https://www.hnu.edu.cn,China,Asia (East & Southeast),45.0,D
1026,4032,Beijing Institute of Technology,https://www.bit.edu.cn,China,Asia (East & Southeast),45.0,D
1027,1104,University of Dayton,https://udayton.edu,United States,North America,45.0,D
1028,2301,University of St. Gallen,https://www.unisg.ch,Switzerland/Austria,Western & Northern Europe,45.0,D
1029,1105,Marquette University,https://www.marquette.edu,United States,North America,45.0,D
1030,5304,Delhi Technological University,https://www.dtu.ac.in,India,South & Central Asia + Oceania,45.0,D
1031,1143,Bates College,https://www.bates.edu,United States,North America,45.0,D
1032,5301,Indian Institute of Technology Jodhpur,https://www.iitj.ac.in,India,South & Central Asia + Oceania,45.0,D
1033,5306,IIIT Delhi,https://www.iiitd.ac.in,India,South & Central Asia + Oceania,45.0,D
1034,6343,University of Malawi,https://www.unima.ac.mw,Sub-Saharan Africa,Latin America & Africa,45.0,D
1035,4155,Universiti Teknologi PETRONAS,https://www.utp.edu.my,Malaysia,Asia (East & Southeast),45.0,D
1036,6351,University of Lome,https://www.univ-lome.tg,Sub-Saharan Africa,Latin America & Africa,45.0,D
1037,4130,National Sun Yat-sen University,https://www.nsysu.edu.tw,Taiwan,Asia (East & Southeast),45.0,D
1038,4129,National Central University,https://www.ncu.edu.tw,Taiwan,Asia (East & Southeast),45.0,D
1039,4025,Dalian University of Technology,https://www.dlut.edu.cn,China,Asia (East & Southeast),45.0,D
1040,4150,University of Malaya,https://www.um.edu.my,Malaysia,Asia (East & Southeast),45.0,D
1041,4149,Singapore University of Technology and Design,https://www.sutd.edu.sg,Singapore,Asia (East & Southeast),45.0,D
1042,4138,University of Hong Kong,https://www.hku.hk,Hong Kong,Asia (East & Southeast),45.0,D
1043,4154,Universiti Teknologi Malaysia,https://www.utm.my,Malaysia,Asia (East & Southeast),45.0,D
1044,6354,Multimedia University of Kenya,https://www.mmu.ac.ke,Sub-Saharan Africa,Latin America & Africa,45.0,D
1045,4024,Jilin University,https://www.jlu.edu.cn,China,Asia (East & Southeast),45.0,D
1046,5314,MNNIT Allahabad,https://www.mnnit.ac.in,India,South & Central Asia + Oceania,45.0,D
1047,5328,Uva Wellassa University,https://www.uwu.ac.lk,Sri Lanka,South & Central Asia + Oceania,45.0,D
1048,1116,Stevens Institute of Technology,https://www.stevens.edu,United States,North America,45.0,D
1049,5410,NIT Srinagar,https://www.nitsri.ac.in,India,South & Central Asia + Oceania,45.0,D
1050,5411,IIIT Allahabad,https://www.iiita.ac.in,India,South & Central Asia + Oceania,45.0,D
1051,5408,NIT Jalandhar,https://www.nitj.ac.in,India,South & Central Asia + Oceania,45.0,D
1052,5407,NIT Hamirpur,https://www.nith.ac.in,India,South & Central Asia + Oceania,45.0,D
1053,3070,Jaume I University,https://www.uji.es,Spain,Eastern & Southern Europe,45.0,D
1054,6520,University of the West Indies,https://www.uwi.edu,Peru & Andes,Latin America & Africa,45.0,D
1055,4133,National Taiwan Normal University,https://www.ntnu.edu.tw,Taiwan,Asia (East & Southeast),44.87,D
1056,3062,University of Cordoba,https://www.uco.es,Spain,Eastern & Southern Europe,44.81,D
1057,4053,Capital Normal University,https://www.cnu.edu.cn,China,Asia (East & Southeast),44.43,D
1058,6028,Federal University of ABC,https://www.ufabc.edu.br,Brazil,Latin America & Africa,44.28,D
1059,4099,Korea University,https://www.korea.ac.kr,South Korea,Asia (East & Southeast),44.06,D
1060,4003,Fudan University,https://www.fudan.edu.cn,China,Asia (East & Southeast),43.87,D
1061,3147,Politehnica University of Timisoara,https://www.upt.ro,Romania,Eastern & Southern Europe,43.82,D
1062,6077,Externado University of Colombia,https://www.uexternado.edu.co,Colombia,Latin America & Africa,43.81,D
1063,3148,West University of Timisoara,https://www.uvt.ro,Romania,Eastern & Southern Europe,43.62,D
1064,6413,CEFET Rio de Janeiro,https://www.cefet-rj.br,Brazil,Latin America & Africa,43.53,D
1065,6104,Higher University of San Andres Bolivia,https://www.umsa.bo,Peru & Andes,Latin America & Africa,43.44,D
1066,3300,University of Salento,https://www.unisalento.it,Italy,Eastern & Southern Europe,43.28,D
1067,6128,Mohammed V University in Rabat,https://www.um5.ac.ma,Egypt & North Africa,Latin America & Africa,43.24,D
1068,6045,University of Guadalajara,https://www.udg.mx,Mexico,Latin America & Africa,41.92,D
1069,3004,University of Padua,https://www.unipd.it,Italy,Eastern & Southern Europe,41.63,D
1070,4125,National Tsing Hua University,https://www.nthu.edu.tw,Taiwan,Asia (East & Southeast),41.46,D
1071,4042,Northeastern University China,https://www.neu.edu.cn,China,Asia (East & Southeast),41.38,D
1072,4210,Hue University,https://www.hueuni.edu.vn,Vietnam,Asia (East & Southeast),41.25,D
1073,6024,Rio de Janeiro State University,https://www.uerj.br,Brazil,Latin America & Africa,41.18,D
1074,5418,Central University of Haryana,https://www.cuh.ac.in,India,South & Central Asia + Oceania,41.06,D
1075,3006,University of Naples Federico II,https://www.unina.it,Italy,Eastern & Southern Europe,40.69,D
1076,4127,National Cheng Kung University,https://www.ncku.edu.tw,Taiwan,Asia (East & Southeast),40.41,D
1077,6072,University of the Andes,https://www.uniandes.edu.co,Colombia,Latin America & Africa,40.16,D
1078,6025,State University of Maringa,https://www.uem.br,Brazil,Latin America & Africa,40.14,D
1079,6509,Anahuac University,https://www.anahuac.mx,Mexico,Latin America & Africa,39.94,D
1080,3073,Rey Juan Carlos University,https://www.urjc.es,Spain,Eastern & Southern Europe,39.85,D
1081,6093,Cayetano Heredia University,https://www.cayetano.edu.pe,Peru & Andes,Latin America & Africa,39.84,D
1082,6033,Getulio Vargas Foundation,https://www.fgv.br,Brazil,Latin America & Africa,39.81,D
1083,6097,University of the Republic Uruguay,https://www.udelar.edu.uy,Peru & Andes,Latin America & Africa,38.66,D
1084,6105,National University of Asuncion,https://www.una.py,Peru & Andes,Latin America & Africa,38.36,D
1085,6131,University of Tunis El Manar,https://www.utm.rnu.tn,Egypt & North Africa,Latin America & Africa,38.24,D
1086,4058,Osaka University,https://www.osaka-u.ac.jp,Japan,Asia (East & Southeast),37.94,D
1087,6017,Federal University of Goias,https://www.ufg.br,Brazil,Latin America & Africa,37.57,D
1088,3092,Cracow University of Technology,https://www.pk.edu.pl,Poland,Eastern & Southern Europe,37.39,D
1089,3306,Pablo de Olavide University,https://www.upo.es,Spain,Eastern & Southern Europe,36.99,D
1090,6069,Torcuato di Tella University,https://www.utdt.edu,Argentina,Latin America & Africa,36.85,D
1091,6315,National University of Mar del Plata,https://www.mdp.edu.ar,Argentina,Latin America & Africa,36.63,D
1092,4204,Vietnam National University Hanoi,https://www.vnu.edu.vn,Vietnam,Asia (East & Southeast),36.59,D
1093,6513,National University of Salta,https://www.unsa.edu.ar,Argentina,Latin America & Africa,36.25,D
1094,6503,Federal University of Acre,https://www.ufac.br,Brazil,Latin America & Africa,36.16,D
1095,4215,National University of Mongolia,https://www.num.edu.mn,Other SE/E Asia,Asia (East & Southeast),35.83,D
1096,6515,University of Bio-Bio,https://www.ubiobio.cl,Chile,Latin America & Africa,35.67,D
1097,6037,Federal University of Alagoas,https://www.ufal.edu.br,Brazil,Latin America & Africa,35.57,D
1098,6411,Federal University of Jequitinhonha and Mucuri Valleys,https://www.ufvjm.edu.br,Brazil,Latin America & Africa,35.37,D
1099,3105,University of Aveiro,https://www.ua.pt,Portugal,Eastern & Southern Europe,35.32,D
1100,3072,University of Extremadura,https://www.unex.es,Spain,Eastern & Southern Europe,35.3,D
1101,2169,Tampere University,https://www.tuni.fi,Finland,Western & Northern Europe,35.29,D
1102,6032,Federal University of Mato Grosso do Sul,https://www.ufms.br,Brazil,Latin America & Africa,35.27,D
1103,1181,Universidad Nacional Autonoma de Mexico (UNAM),https://www.unam.mx,United States,North America,35.25,D
1104,3131,Charles University,https://www.cuni.cz,Czechia,Eastern & Southern Europe,35.13,D
1105,6518,University of Panama,https://www.up.ac.pa,Peru & Andes,Latin America & Africa,35.06,D
1106,2140,Norwegian University of Life Sciences,https://www.nmbu.no,Norway,Western & Northern Europe,34.75,F
1107,6415,State University of Santa Cruz,https://www.uesc.br,Brazil,Latin America & Africa,34.6,F
1108,6012,Federal University of Bahia,https://www.ufba.br,Brazil,Latin America & Africa,34.33,F
1109,2137,University of Bergen,https://www.uib.no,Norway,Western & Northern Europe,34.2,F
1110,4051,Beijing University of Chemical Technology,https://www.buct.edu.cn,China,Asia (East & Southeast),34.18,F
1111,3063,University of Valladolid,https://www.uva.es,Spain,Eastern & Southern Europe,34.13,F
1112,6070,University of San Andres,https://www.udesa.edu.ar,Argentina,Latin America & Africa,34.02,F
1113,6517,Ricardo Palma University,https://www.urp.edu.pe,Peru & Andes,Latin America & Africa,33.88,F
1114,6040,University of the State of Rio de Janeiro Norte,https://www.uenf.br,Brazil,Latin America & Africa,33.76,F
1115,5179,Tashkent State Technical University,https://www.tdtu.uz,Central Asia,South & Central Asia + Oceania,33.75,F
1116,6094,National University of Engineering Peru,https://www.uni.edu.pe,Peru & Andes,Latin America & Africa,33.67,F
1117,3058,University of Malaga,https://www.uma.es,Spain,Eastern & Southern Europe,33.47,F
1118,6014,Federal University of Vicosa,https://www.ufv.br,Brazil,Latin America & Africa,33.42,F
1119,3078,Warsaw University of Technology,https://www.pw.edu.pl,Poland,Eastern & Southern Europe,33.36,F
1120,2149,Volda University College,https://www.hivolda.no,Norway,Western & Northern Europe,33.36,F
1121,6525,Aswan University,https://www.aswu.edu.eg,Egypt & North Africa,Latin America & Africa,33.33,F
1122,3061,University of Murcia,https://www.um.es,Spain,Eastern & Southern Europe,33.23,F
1123,6022,Federal University of Uberlandia,https://www.ufu.br,Brazil,Latin America & Africa,33.12,F
1124,3107,University of Beira Interior,https://www.ubi.pt,Portugal,Eastern & Southern Europe,33.1,F
1125,5088,University of Health Sciences Lahore,https://www.uhs.edu.pk,Pakistan,South & Central Asia + Oceania,32.13,F
1126,6401,Federal University of Lavras,https://www.ufla.br,Brazil,Latin America & Africa,32.08,F
1127,6437,Beni-Suef University,https://www.bsu.edu.eg,Egypt & North Africa,Latin America & Africa,32.07,F
1128,6015,Fluminense Federal University,https://www.uff.br,Brazil,Latin America & Africa,31.99,F
1129,6096,National Agrarian University La Molina,https://www.lamolina.edu.pe,Peru & Andes,Latin America & Africa,31.75,F
1130,3202,Vilnius University,https://www.vu.lt,Baltics,Eastern & Southern Europe,31.69,F
1131,6419,State University of Montes Claros,https://www.unimontes.br,Brazil,Latin America & Africa,31.69,F
1132,4177,Andalas University,https://www.unand.ac.id,Indonesia,Asia (East & Southeast),31.61,F
1133,6023,Federal University of Juiz de Fora,https://www.ufjf.br,Brazil,Latin America & Africa,31.53,F
1134,6404,Federal University of the Semi-Arid Region,https://www.ufersa.edu.br,Brazil,Latin America & Africa,31.51,F
1135,6424,University of Guadalajara CUCEA,https://www.cucea.udg.mx,Mexico,Latin America & Africa,31.51,F
1136,6414,State University of Goias,https://www.ueg.br,Brazil,Latin America & Africa,31.4,F
1137,2139,UiT The Arctic University of Norway,https://uit.no,Norway,Western & Northern Europe,31.39,F
1138,4105,Ewha Womans University,https://www.ewha.ac.kr,South Korea,Asia (East & Southeast),31.39,F
1139,6311,Autonomous University of Hidalgo,https://www.uaeh.edu.mx,Mexico,Latin America & Africa,31.0,F
1140,4034,University of Electronic Science and Technology of China,https://www.uestc.edu.cn,China,Asia (East & Southeast),30.93,F
1141,6436,Minia University,https://www.minia.edu.eg,Egypt & North Africa,Latin America & Africa,30.92,F
1142,6310,Autonomous University of Queretaro,https://www.uaq.mx,Mexico,Latin America & Africa,30.89,F
1143,6068,National University of the South,https://www.uns.edu.ar,Argentina,Latin America & Africa,30.73,F
1144,4046,Fuzhou University,https://www.fzu.edu.cn,China,Asia (East & Southeast),30.64,F
1145,6087,Adolfo Ibanez University,https://www.uai.cl,Chile,Latin America & Africa,30.49,F
1146,6321,Catholic University of the North,https://www.ucn.cl,Chile,Latin America & Africa,30.37,F
1147,6066,National University of Cuyo,https://www.uncuyo.edu.ar,Argentina,Latin America & Africa,29.99,F
1148,4094,Kanazawa Institute of Technology,https://www.kanazawa-it.ac.jp,Japan,Asia (East & Southeast),29.97,F
1149,3099,University of Szczecin,https://www.usz.edu.pl,Poland,Eastern & Southern Europe,29.87,F
1150,4026,Renmin University of China,https://www.ruc.edu.cn,China,Asia (East & Southeast),29.75,F
1151,2143,Nord University,https://www.nord.no,Norway,Western & Northern Europe,29.67,F
1152,4190,Naresuan University,https://www.nu.ac.th,Thailand,Asia (East & Southeast),29.57,F
1153,6006,Federal University of Rio Grande do Sul,https://www.ufrgs.br,Brazil,Latin America & Africa,29.47,F
1154,6080,Pontifical Bolivarian University,https://www.upb.edu.co,Colombia,Latin America & Africa,29.45,F
1155,6501,Federal University of Piaui,https://www.ufpi.br,Brazil,Latin America & Africa,29.43,F
1156,6423,Autonomous University of Nayarit,https://www.uan.edu.mx,Mexico,Latin America & Africa,29.41,F
1157,6309,University of Fortaleza,https://www.unifor.br,Brazil,Latin America & Africa,29.26,F
1158,3136,University of Chemistry and Technology Prague,https://www.vscht.cz,Czechia,Eastern & Southern Europe,29.11,F
1159,1184,University of Guelph,https://www.uoguelph.ca,Canada,North America,29.01,F
1160,6005,Federal University of Minas Gerais,https://www.ufmg.br,Brazil,Latin America & Africa,28.9,F
1161,6018,Federal University of Paraiba,https://www.ufpb.br,Brazil,Latin America & Africa,28.78,F
1162,3055,University of Salamanca,https://www.usal.es,Spain,Eastern & Southern Europe,28.69,F
1163,6306,Amazonas State University,https://www.uea.edu.br,Brazil,Latin America & Africa,28.49,F
1164,4055,Nanjing Agricultural University,https://www.njau.edu.cn,China,Asia (East & Southeast),28.4,F
1165,6001,University of Sao Paulo,https://www5.usp.br,Brazil,Latin America & Africa,28.23,F
1166,6511,University of Quintana Roo,https://www.uqroo.mx,Mexico,Latin America & Africa,27.9,F
1167,5071,University of Karachi,https://www.uok.edu.pk,Pakistan,South & Central Asia + Oceania,27.76,F
1168,2199,University of Iceland,https://www.hi.is,Belgium/Ireland/Iceland,Western & Northern Europe,27.41,F
1169,6333,Ferhat Abbas University of Setif,https://www.univ-setif.dz,Egypt & North Africa,Latin America & Africa,27.24,F
1170,1192,Instituto Politecnico Nacional,https://www.ipn.mx,United States,North America,27.21,F
1171,6009,Federal University of Parana,https://www.ufpr.br,Brazil,Latin America & Africa,26.9,F
1172,6312,University of Sonora,https://www.unison.mx,Mexico,Latin America & Africa,26.9,F
1173,6305,Ceara State University,https://www.uece.br,Brazil,Latin America & Africa,26.88,F
1174,6090,Diego Portales University,https://www.udp.cl,Chile,Latin America & Africa,26.84,F
1175,6026,State University of Londrina,https://www.uel.br,Brazil,Latin America & Africa,26.68,F
1176,6422,Autonomous University of Ciudad Juarez,https://www.uacj.mx,Mexico,Latin America & Africa,26.32,F
1177,6514,National University of Rio Cuarto,https://www.unrc.edu.ar,Argentina,Latin America & Africa,26.16,F
1178,6056,Autonomous University of Chihuahua,https://www.uach.mx,Mexico,Latin America & Africa,26.16,F
1179,6038,Federal University of Sergipe,https://www.ufs.br,Brazil,Latin America & Africa,26.04,F
1180,6073,University of Antioquia,https://www.udea.edu.co,Colombia,Latin America & Africa,25.91,F
1181,6075,University of Valle,https://www.univalle.edu.co,Colombia,Latin America & Africa,25.89,F
1182,6512,National University of the Northeast,https://www.unne.edu.ar,Argentina,Latin America & Africa,25.73,F
1183,6013,Federal University of Sao Carlos,https://www.ufscar.br,Brazil,Latin America & Africa,25.59,F
1184,6088,University of Valparaiso,https://www.uv.cl,Chile,Latin America & Africa,25.33,F
1185,6067,National University of Tucuman,https://www.unt.edu.ar,Argentina,Latin America & Africa,25.29,F
1186,6059,University of Buenos Aires,https://www.uba.ar,Argentina,Latin America & Africa,25.22,F
1187,3189,Sofia University St. Kliment Ohridski,https://www.uni-sofia.bg,Bulgaria & Slovakia,Eastern & Southern Europe,25.14,F
1188,6061,National University of La Plata,https://www.unlp.edu.ar,Argentina,Latin America & Africa,25.1,F
1189,5184,Kyrgyz National University,https://www.university.kg,Central Asia,South & Central Asia + Oceania,24.95,F
1190,6504,State University of Ponta Grossa,https://www.uepg.br,Brazil,Latin America & Africa,24.77,F
1191,6060,National University of Cordoba,https://www.unc.edu.ar,Argentina,Latin America & Africa,23.83,F
1192,6405,Federal Technological University of Parana,https://www.utfpr.edu.br,Brazil,Latin America & Africa,23.28,F
1193,6500,Federal University of Tocantins,https://www.uft.edu.br,Brazil,Latin America & Africa,23.18,F
1194,3192,American University in Bulgaria,https://www.aubg.edu,Bulgaria & Slovakia,Eastern & Southern Europe,22.73,F
1195,4186,Prince of Songkla University,https://www.psu.ac.th,Thailand,Asia (East & Southeast),22.64,F
1196,6086,Austral University of Chile,https://www.uach.cl,Chile,Latin America & Africa,21.9,F
1197,6004,Sao Paulo State University,https://www.unesp.br,Brazil,Latin America & Africa,21.87,F
1198,6065,National University of the Littoral,https://www.unl.edu.ar,Argentina,Latin America & Africa,21.71,F
1199,4033,China Agricultural University,https://www.cau.edu.cn,China,Asia (East & Southeast),21.64,F
1200,6039,Federal University of Maranhao,https://www.ufma.br,Brazil,Latin America & Africa,21.59,F
1201,4043,Zhengzhou University,https://www.zzu.edu.cn,China,Asia (East & Southeast),21.19,F
1202,6034,Pontifical Catholic University of Sao Paulo,https://www.pucsp.br,Brazil,Latin America & Africa,21.1,F
1203,6091,National University of San Marcos,https://www.unmsm.edu.pe,Peru & Andes,Latin America & Africa,20.38,F
1204,6301,Federal University of Campina Grande,https://www.ufcg.edu.br,Brazil,Latin America & Africa,19.93,F
1205,4047,Hefei University of Technology,https://www.hfut.edu.cn,China,Asia (East & Southeast),19.73,F
1206,6046,Autonomous University of Puebla,https://www.buap.mx,Mexico,Latin America & Africa,19.05,F
1207,4006,University of Science and Technology of China,https://www.ustc.edu.cn,China,Asia (East & Southeast),18.67,F
1208,4063,Hokkaido University,https://www.hokudai.ac.jp,Japan,Asia (East & Southeast),17.72,F
1209,6403,Federal University of Alfenas,https://www.unifal-mg.edu.br,Brazil,Latin America & Africa,17.65,F
1210,6011,Federal University of Ceara,https://www.ufc.br,Brazil,Latin America & Africa,17.56,F
1211,3177,University of Zagreb,https://www.unizg.hr,Balkans,Eastern & Southern Europe,17.26,F
1212,4205,Vietnam National University Ho Chi Minh City,https://vnuhcm.edu.vn,Vietnam,Asia (East & Southeast),17.13,F
1213,6055,Autonomous University of Yucatan,https://www.uady.mx,Mexico,Latin America & Africa,16.7,F
1214,4012,Xi'an Jiaotong University,https://www.xjtu.edu.cn,China,Asia (East & Southeast),16.49,F
1215,6044,Autonomous Metropolitan University,https://www.uam.mx,Mexico,Latin America & Africa,14.21,F
1216,5052,Visva-Bharati University,https://www.visvabharati.ac.in,India,South & Central Asia + Oceania,13.63,F
1217,4011,Harbin Institute of Technology,https://www.hit.edu.cn,China,Asia (East & Southeast),12.37,F
1218,4052,Donghua University,https://www.dhu.edu.cn,China,Asia (East & Southeast),12.36,F
1219,4107,Pusan National University,https://www.pusan.ac.kr,South Korea,Asia (East & Southeast),12.23,F
1220,5111,University of Melbourne,https://www.unimelb.edu.au,Australia,South & Central Asia + Oceania,11.73,F
1221,4115,Chonnam National University,https://www.jnu.ac.kr,South Korea,Asia (East & Southeast),9.88,F
1222,4014,Beijing Normal University,https://www.bnu.edu.cn,China,Asia (East & Southeast),9.61,F
1223,6035,State University of Feira de Santana,https://www.uefs.br,Brazil,Latin America & Africa,8.76,F
1224,3045,University of Valencia,https://www.uv.es,Spain,Eastern & Southern Europe,7.65,F
1225,4113,Inha University,https://www.inha.ac.kr,South Korea,Asia (East & Southeast),7.59,F
