uni_id,name,url,country,region,D1_academic_information,D2_admission_support,D3_currency_activity,D4_navigation_findability,D5_usability_accessibility,D6_technical_quality,D7_institutional_transparency,pts_D1,pts_D2,pts_D3,pts_D4,pts_D5,pts_D6,pts_D7,raw_score,cap,gate_nav,gate_https,gate_applied,points_lost_to_gate,website_score,grade
1001,Harvard University,https://www.harvard.edu,United States,North America,1.0,0.59,0.3,0.625,0.8551,0.995,0.73,28.0,12.98,4.5,9.38,8.55,6.97,2.19,72.56,100.0,0,0,0,0.0,72.56,B
1002,Massachusetts Institute of Technology,https://www.mit.edu,United States,North America,0.33,0.53,0.646,0.775,0.83,0.879,0.5,9.24,11.66,9.69,11.62,8.3,6.15,1.5,58.17,100.0,0,0,0,0.0,58.17,C
1003,Stanford University,https://www.stanford.edu,United States,North America,1.0,0.59,0.8,0.6375,0.91,0.8921,0.67,28.0,12.98,12.0,9.56,9.1,6.24,2.01,79.9,100.0,0,0,0,0.0,79.9,A
1004,Yale University,https://www.yale.edu,United States,North America,1.0,0.59,0.88,0.6375,0.8299,0.9221,0.62,28.0,12.98,13.2,9.56,8.3,6.45,1.86,80.36,100.0,0,0,0,0.0,80.36,A
1005,Princeton University,https://www.princeton.edu,United States,North America,0.75,0.59,0.8,0.55,0.8664,0.997,0.87,21.0,12.98,12.0,8.25,8.66,6.98,2.61,72.48,100.0,0,0,0,0.0,72.48,B
1006,Columbia University,https://www.columbia.edu,United States,North America,1.0,0.62,0.94,0.8,0.8284,0.7932,0.62,28.0,13.64,14.1,12.0,8.28,5.55,1.86,83.44,100.0,0,0,0,0.0,83.44,A
1007,University of Chicago,https://www.uchicago.edu,United States,North America,0.88,0.82,0.46,0.7375,0.83,0.8832,0.79,24.64,18.04,6.9,11.06,8.3,6.18,2.37,77.49,100.0,0,0,0,0.0,77.49,A
1008,University of Pennsylvania,https://www.upenn.edu,United States,North America,1.0,0.59,0.88,0.8,0.91,0.9376,0.87,28.0,12.98,13.2,12.0,9.1,6.56,2.61,84.45,100.0,0,0,0,0.0,84.45,A
1009,California Institute of Technology,https://www.caltech.edu,Canada,North America,1.0,0.59,0.902,0.7,0.9012,0.9941,0.62,28.0,12.98,13.53,10.5,9.01,6.96,1.86,82.84,100.0,0,0,0,0.0,82.84,A
1010,Cornell University,https://www.cornell.edu,United States,North America,1.0,0.41,0.6,0.625,0.7158,0.895,0.62,28.0,9.02,9.0,9.38,7.16,6.27,1.86,70.68,100.0,0,0,0,0.0,70.68,B
1011,Johns Hopkins University,https://www.jhu.edu,United States,North America,1.0,0.59,0.84,0.6375,0.6474,0.9158,0.62,28.0,12.98,12.6,9.56,6.47,6.41,1.86,77.89,100.0,0,0,0,0.0,77.89,A
1012,"University of California, Berkeley",https://www.berkeley.edu,United States,North America,1.0,0.59,0.34,0.8375,0.8159,0.9317,0.73,28.0,12.98,5.1,12.56,8.16,6.52,2.19,75.51,100.0,0,0,0,0.0,75.51,A
1013,"University of California, Los Angeles",https://www.ucla.edu,United States,North America,1.0,0.53,0.804,0.6875,0.7793,0.8104,0.87,28.0,11.66,12.06,10.31,7.79,5.67,2.61,78.11,100.0,0,0,0,0.0,78.11,A
1014,Duke University,https://www.duke.edu,United States,North America,1.0,0.59,0.28,0.7375,0.8755,0.8129,0.68,28.0,12.98,4.2,11.06,8.75,5.69,2.04,72.73,100.0,0,0,0,0.0,72.73,B
1015,Northwestern University,https://www.northwestern.edu,United States,North America,1.0,0.62,0.768,0.8,0.8275,0.9267,0.89,28.0,13.64,11.52,12.0,8.27,6.49,2.67,82.59,100.0,0,0,0,0.0,82.59,A
1016,University of Michigan,https://www.umich.edu,United States,North America,1.0,0.15,0.486,0.7,0.75,0.996,0.42,28.0,3.3,7.29,10.5,7.5,6.97,1.26,64.82,100.0,0,0,0,0.0,64.82,C
1017,Brown University,https://www.brown.edu,United States,North America,1.0,0.59,0.71,0.7375,0.7949,0.9297,0.62,28.0,12.98,10.65,11.06,7.95,6.51,1.86,79.01,100.0,0,0,0,0.0,79.01,A
1018,Dartmouth College,https://www.dartmouth.edu,United States,North America,1.0,0.62,0.46,0.9,0.91,0.8733,0.62,28.0,13.64,6.9,13.5,9.1,6.11,1.86,79.11,100.0,0,0,0,0.0,79.11,A
1019,"University of California, San Diego",https://www.ucsd.edu,United States,North America,1.0,0.59,0.72,0.8,0.8201,0.734,0.87,28.0,12.98,10.8,12.0,8.2,5.14,2.61,79.73,100.0,0,0,0,0.0,79.73,A
1020,"University of California, Davis",https://www.ucdavis.edu,United States,North America,1.0,0.85,0.688,0.7,0.91,0.7518,0.54,28.0,18.7,10.32,10.5,9.1,5.26,1.62,83.5,100.0,0,0,0,0.0,83.5,A
1021,"University of California, Santa Barbara",https://www.ucsb.edu,United States,North America,1.0,0.41,0.22,0.8,0.7773,0.9802,0.62,28.0,9.02,3.3,12.0,7.77,6.86,1.86,68.81,100.0,0,0,0,0.0,68.81,B
1022,"University of California, Irvine",https://www.uci.edu,United States,North America,0.92,0.64,0.8,0.7375,0.7951,0.8835,0.81,25.76,14.08,12.0,11.06,7.95,6.18,2.43,79.47,100.0,0,0,0,0.0,79.47,A
1023,University of Southern California,https://www.usc.edu,United States,North America,1.0,0.44,0.866,0.8,0.8734,0.9307,0.78,28.0,9.68,12.99,12.0,8.73,6.51,2.34,80.26,100.0,0,0,0,0.0,80.26,A
1024,Carnegie Mellon University,https://www.cmu.edu,United States,North America,1.0,0.44,0.84,0.7375,0.878,0.8307,0.76,28.0,9.68,12.6,11.06,8.78,5.81,2.28,78.22,100.0,0,0,0,0.0,78.22,A
1025,University of Wisconsin-Madison,https://www.wisc.edu,United States,North America,0.7,0.41,0.486,0.8,0.878,0.9531,0.76,19.6,9.02,7.29,12.0,8.78,6.67,2.28,65.64,100.0,0,0,0,0.0,65.64,B
1026,University of Washington,https://www.washington.edu,United States,North America,0.7,0.59,0.406,0.7,0.8021,0.7284,0.59,19.6,12.98,6.09,10.5,8.02,5.1,1.77,64.06,100.0,0,0,0,0.0,64.06,C
1027,New York University,https://www.nyu.edu,United States,North America,0.55,0.67,0.3,0.9,0.83,0.7982,0.62,15.4,14.74,4.5,13.5,8.3,5.59,1.86,63.89,100.0,0,0,0,0.0,63.89,C
1028,University of Illinois Urbana-Champaign,https://illinois.edu,United States,North America,1.0,0.41,0.42,0.7375,0.7926,0.8525,0.58,28.0,9.02,6.3,11.06,7.93,5.97,1.74,70.02,100.0,0,0,0,0.0,70.02,B
1029,University of Texas at Austin,https://www.utexas.edu,United States,North America,1.0,0.53,0.3,0.8,0.8888,0.9386,0.62,28.0,11.66,4.5,12.0,8.89,6.57,1.86,73.48,100.0,0,0,0,0.0,73.48,B
1030,Georgia Institute of Technology,https://www.gatech.edu,United States,North America,1.0,0.56,0.768,0.9,0.8166,0.8168,0.9,28.0,12.32,11.52,13.5,8.17,5.72,2.7,81.92,100.0,0,0,0,0.0,81.92,A
1031,University of North Carolina at Chapel Hill,https://www.unc.edu,United States,North America,1.0,0.41,0.9,0.6375,0.6728,0.9693,0.62,28.0,9.02,13.5,9.56,6.73,6.79,1.86,75.46,100.0,0,0,0,0.0,75.46,A
1032,University of Florida,https://www.ufl.edu,United States,North America,1.0,0.53,0.486,0.425,0.8509,0.9703,0.79,28.0,11.66,7.29,6.38,8.51,6.79,2.37,71.0,100.0,0,0,0,0.0,71.0,B
1033,Boston University,https://www.bu.edu,United States,North America,1.0,0.59,0.42,0.7375,0.8286,0.9043,0.81,28.0,12.98,6.3,11.06,8.29,6.33,2.43,75.39,100.0,0,0,0,0.0,75.39,A
1034,Boston College,https://www.bc.edu,United States,North America,1.0,0.59,0.54,0.5375,0.8243,0.9713,0.62,28.0,12.98,8.1,8.06,8.24,6.8,1.86,74.04,100.0,0,0,0,0.0,74.04,B
1035,Rice University,https://www.rice.edu,United States,North America,1.0,0.44,0.28,0.8,0.7929,0.9142,0.7,28.0,9.68,4.2,12.0,7.93,6.4,2.1,70.31,100.0,0,0,0,0.0,70.31,B
1036,Vanderbilt University,https://www.vanderbilt.edu,United States,North America,1.0,0.53,0.68,0.7375,0.83,0.9198,0.92,28.0,11.66,10.2,11.06,8.3,6.44,2.76,78.42,100.0,0,0,0,0.0,78.42,A
1037,University of Notre Dame,https://www.nd.edu,United States,North America,1.0,0.59,0.42,0.7375,1.0,0.8,0.68,28.0,12.98,6.3,11.06,10.0,5.6,2.04,75.98,100.0,0,0,0,0.0,75.98,A
1038,Emory University,https://www.emory.edu,United States,North America,0.88,0.41,0.22,0.625,0.8408,0.7518,0.68,24.64,9.02,3.3,9.38,8.41,5.26,2.04,62.05,100.0,0,0,0,0.0,62.05,C
1039,Georgetown University,https://www.georgetown.edu,United States,North America,1.0,0.59,1.0,0.8,0.8158,0.7968,0.7,28.0,12.98,15.0,12.0,8.16,5.58,2.1,83.82,100.0,0,0,0,0.0,83.82,A
1040,University of Virginia,https://www.virginia.edu,United States,North America,1.0,0.53,0.54,0.8,0.7638,0.8089,0.52,28.0,11.66,8.1,12.0,7.64,5.66,1.56,74.62,100.0,0,0,0,0.0,74.62,B
1041,University of Rochester,https://www.rochester.edu,United States,North America,1.0,0.88,0.34,0.8,0.8173,0.9673,0.76,28.0,19.36,5.1,12.0,8.17,6.77,2.28,81.68,100.0,0,0,0,0.0,81.68,A
1042,Tufts University,https://www.tufts.edu,United States,North America,1.0,0.62,0.34,0.8375,0.9005,0.8577,0.62,28.0,13.64,5.1,12.56,9.0,6.0,1.86,76.17,100.0,0,0,0,0.0,76.17,A
1043,Wake Forest University,https://www.wfu.edu,United States,North America,1.0,0.59,0.624,0.725,0.7574,0.8782,0.54,28.0,12.98,9.36,10.88,7.57,6.15,1.62,76.56,100.0,0,0,0,0.0,76.56,A
1044,"University of California, Santa Cruz",https://www.ucsc.edu,United States,North America,1.0,0.44,0.688,0.7,0.878,0.7767,0.67,28.0,9.68,10.32,10.5,8.78,5.44,2.01,74.73,100.0,0,0,0,0.0,74.73,B
1045,University of Miami,https://www.miami.edu,United States,North America,1.0,0.29,0.54,0.525,0.8222,0.8257,0.65,28.0,6.38,8.1,7.88,8.22,5.78,1.95,66.31,100.0,0,0,0,0.0,66.31,B
1046,Ohio State University,https://www.osu.edu,United States,North America,1.0,0.59,0.44,0.8,0.7927,0.9139,0.79,28.0,12.98,6.6,12.0,7.93,6.4,2.37,76.27,100.0,0,0,0,0.0,76.27,A
1047,Pennsylvania State University,https://www.psu.edu,United States,North America,1.0,0.85,0.3,0.0,0.8688,0.9046,0.62,28.0,18.7,4.5,0.0,8.69,6.33,1.86,68.08,45.0,1,0,1,23.08,45.0,D
1049,"University of Maryland, College Park",https://umd.edu,United States,North America,0.8,0.44,0.32,0.25,0.75,0.9248,0.69,22.4,9.68,4.8,3.75,7.5,6.47,2.07,56.67,100.0,0,0,0,0.0,56.67,C
1050,University of Minnesota Twin Cities,https://twin-cities.umn.edu,United States,North America,0.75,0.59,0.4,0.7375,0.9008,0.8802,0.48,21.0,12.98,6.0,11.06,9.01,6.16,1.44,67.65,100.0,0,0,0,0.0,67.65,B
1051,Michigan State University,https://msu.edu,United States,North America,1.0,0.59,0.768,0.8375,0.8093,0.7526,0.87,28.0,12.98,11.52,12.56,8.09,5.27,2.61,81.03,100.0,0,0,0,0.0,81.03,A
1052,Indiana University Bloomington,https://www.indiana.edu,United States,North America,1.0,0.73,0.704,0.7,0.8716,0.8554,0.65,28.0,16.06,10.56,10.5,8.72,5.99,1.95,81.77,100.0,0,0,0,0.0,81.77,A
1053,University of Pittsburgh,https://www.pitt.edu,United States,North America,0.88,0.59,0.2,0.8,0.83,0.7991,0.76,24.64,12.98,3.0,12.0,8.3,5.59,2.28,68.79,100.0,0,0,0,0.0,68.79,B
1054,University of Colorado Boulder,https://www.colorado.edu,United States,North America,1.0,0.7,0.94,0.8,0.9609,0.7704,0.62,28.0,15.4,14.1,12.0,9.61,5.39,1.86,86.36,100.0,0,0,0,0.0,86.36,A+
1055,University of Georgia,https://www.uga.edu,United States,North America,0.88,0.18,0.92,0.8,0.7348,0.8062,0.7,24.64,3.96,13.8,12.0,7.35,5.64,2.1,69.49,100.0,0,0,0,0.0,69.49,B
1056,University of Iowa,https://uiowa.edu,United States,North America,1.0,0.44,0.91,0.6375,0.8623,0.8535,0.67,28.0,9.68,13.65,9.56,8.62,5.97,2.01,77.5,100.0,0,0,0,0.0,77.5,A
1057,University of Connecticut,https://uconn.edu,United States,North America,0.88,0.41,0.47,0.6,0.83,0.8436,0.73,24.64,9.02,7.05,9.0,8.3,5.9,2.19,66.1,100.0,0,0,0,0.0,66.1,B
1058,Rutgers University,https://www.rutgers.edu,United States,North America,1.0,0.53,0.97,0.7375,0.878,0.732,0.81,28.0,11.66,14.55,11.06,8.78,5.12,2.43,81.61,100.0,0,0,0,0.0,81.61,A
1059,Texas A&M University,https://www.tamu.edu,United States,North America,0.92,0.85,0.92,0.7375,0.83,0.9129,0.88,25.76,18.7,13.8,11.06,8.3,6.39,2.64,86.65,100.0,0,0,0,0.0,86.65,A+
1060,"University of California, Riverside",https://www.ucr.edu,United States,North America,0.75,0.44,0.92,0.7375,0.8976,0.8109,0.7,21.0,9.68,13.8,11.06,8.98,5.68,2.1,72.29,100.0,0,0,0,0.0,72.29,B
1061,Case Western Reserve University,https://case.edu,United States,North America,1.0,0.53,0.42,0.1,0.7887,0.7716,0.67,28.0,11.66,6.3,1.5,7.89,5.4,2.01,62.76,45.0,1,0,1,17.76,45.0,D
1062,Lehigh University,https://www1.lehigh.edu,United States,North America,1.0,0.62,0.768,0.875,0.8076,0.8465,0.87,28.0,13.64,11.52,13.12,8.08,5.93,2.61,82.9,100.0,0,0,0,0.0,82.9,A
1063,Northeastern University,https://www.northeastern.edu,United States,North America,1.0,0.23,0.22,0.5875,0.821,0.749,0.54,28.0,5.06,3.3,8.81,8.21,5.24,1.62,60.25,100.0,0,0,0,0.0,60.25,C
1064,University of Delaware,https://www.udel.edu,United States,North America,1.0,0.53,0.3,0.7375,0.8729,0.7973,0.62,28.0,11.66,4.5,11.06,8.73,5.58,1.86,71.39,100.0,0,0,0,0.0,71.39,B
1065,Syracuse University,https://www.syracuse.edu,United States,North America,0.92,0.59,0.44,0.8,0.8966,0.8911,0.79,25.76,12.98,6.6,12.0,8.97,6.24,2.37,74.91,100.0,0,0,0,0.0,74.91,B
1066,George Washington University,https://www.gwu.edu,United States,North America,0.88,0.44,0.74,0.8,0.8709,0.8931,0.87,24.64,9.68,11.1,12.0,8.71,6.25,2.61,74.99,100.0,0,0,0,0.0,74.99,B
1067,University of Massachusetts Amherst,https://www.umass.edu,United States,North America,1.0,0.59,0.884,0.7375,0.878,0.7004,0.62,28.0,12.98,13.26,11.06,8.78,4.9,1.86,80.85,100.0,0,0,0,0.0,80.85,A
1068,Virginia Tech,https://www.vt.edu,United States,North America,1.0,0.59,0.76,0.825,0.8118,0.7949,0.54,28.0,12.98,11.4,12.38,8.12,5.56,1.62,80.06,100.0,0,0,0,0.0,80.06,A
1069,Florida State University,https://www.fsu.edu,United States,North America,1.0,0.29,1.0,0.7375,0.6973,0.8019,0.62,28.0,6.38,15.0,11.06,6.97,5.61,1.86,74.89,100.0,0,0,0,0.0,74.89,B
1070,North Carolina State University,https://www.ncsu.edu,United States,North America,1.0,0.41,0.442,0.8,0.864,0.9723,0.62,28.0,9.02,6.63,12.0,8.64,6.81,1.86,72.96,100.0,0,0,0,0.0,72.96,B
1071,"University of Tennessee, Knoxville",https://www.utk.edu,United States,North America,0.75,0.59,0.28,0.7375,0.8683,0.9911,0.68,21.0,12.98,4.2,11.06,8.68,6.94,2.04,66.9,100.0,0,0,0,0.0,66.9,B
1072,University of Alabama,https://www.ua.edu,United States,North America,1.0,0.35,0.38,0.8,0.8103,0.8198,0.76,28.0,7.7,5.7,12.0,8.1,5.74,2.28,69.52,100.0,0,0,0,0.0,69.52,B
1073,Auburn University,https://www.auburn.edu,United States,North America,1.0,0.59,0.54,0.6375,0.8669,0.8228,0.62,28.0,12.98,8.1,9.56,8.67,5.76,1.86,74.93,100.0,0,0,0,0.0,74.93,B
1074,University of South Carolina,https://www.sc.edu,United States,North America,1.0,0.53,0.34,0.8,0.797,0.9036,0.62,28.0,11.66,5.1,12.0,7.97,6.32,1.86,72.92,100.0,0,0,0,0.0,72.92,B
1075,Clemson University,https://www.clemson.edu,United States,North America,1.0,0.44,0.84,0.8,0.7672,0.761,0.73,28.0,9.68,12.6,12.0,7.67,5.33,2.19,77.47,100.0,0,0,0,0.0,77.47,A
1076,University of Kentucky,https://www.uky.edu,United States,North America,1.0,0.59,0.3,0.7375,0.8859,0.6308,0.59,28.0,12.98,4.5,11.06,8.86,4.42,1.77,71.59,100.0,0,0,0,0.0,71.59,B
1077,University of Missouri,https://www.missouri.edu,United States,North America,0.88,0.41,0.34,0.8,0.6852,0.7912,0.68,24.64,9.02,5.1,12.0,6.85,5.54,2.04,65.19,100.0,0,0,0,0.0,65.19,B
1078,University of Kansas,https://ku.edu,United States,North America,1.0,0.59,0.3,0.8,0.91,0.8168,0.79,28.0,12.98,4.5,12.0,9.1,5.72,2.37,74.67,100.0,0,0,0,0.0,74.67,B
1079,University of Nebraska-Lincoln,https://www.unl.edu,United States,North America,1.0,0.41,0.54,0.8,0.8973,0.7955,0.62,28.0,9.02,8.1,12.0,8.97,5.57,1.86,73.52,100.0,0,0,0,0.0,73.52,B
1080,University of Oklahoma,https://www.ou.edu,United States,North America,0.92,0.38,0.8,0.7,0.83,0.7956,0.62,25.76,8.36,12.0,10.5,8.3,5.57,1.86,72.35,100.0,0,0,0,0.0,72.35,B
1081,University of Arizona,https://www.arizona.edu,United States,North America,1.0,0.85,0.92,0.7375,0.845,0.8406,0.76,28.0,18.7,13.8,11.06,8.45,5.88,2.28,88.18,100.0,0,0,0,0.0,88.18,A+
1082,Arizona State University,https://www.asu.edu,United States,North America,0.88,0.41,0.22,0.8,0.9043,0.8325,0.75,24.64,9.02,3.3,12.0,9.04,5.83,2.25,66.08,100.0,0,0,0,0.0,66.08,B
1083,University of Utah,https://www.utah.edu,United States,North America,1.0,0.56,0.91,0.8,0.7993,0.7874,0.76,28.0,12.32,13.65,12.0,7.99,5.51,2.28,81.76,100.0,0,0,0,0.0,81.76,A
1084,University of Oregon,https://www.uoregon.edu,United States,North America,1.0,0.85,0.34,0.6375,0.7522,0.9614,0.73,28.0,18.7,5.1,9.56,7.52,6.73,2.19,77.8,100.0,0,0,0,0.0,77.8,A
1085,Oregon State University,https://oregonstate.edu,United States,North America,1.0,0.41,0.34,0.6,0.8021,0.9505,0.76,28.0,9.02,5.1,9.0,8.02,6.65,2.28,68.07,100.0,0,0,0,0.0,68.07,B
1086,Washington State University,https://wsu.edu,United States,North America,1.0,0.44,0.42,0.7,0.7574,0.8634,0.6,28.0,9.68,6.3,10.5,7.57,6.04,1.8,69.9,100.0,0,0,0,0.0,69.9,B
1087,Colorado State University,https://www.colostate.edu,United States,North America,1.0,0.53,0.46,0.3,0.8685,0.9188,0.62,28.0,11.66,6.9,4.5,8.68,6.43,1.86,68.04,45.0,1,0,1,23.04,45.0,D
1088,"University of Nevada, Reno",https://www.unr.edu,United States,North America,1.0,0.59,0.32,0.8,0.8096,0.8963,0.79,28.0,12.98,4.8,12.0,8.1,6.27,2.37,74.52,100.0,0,0,0,0.0,74.52,B
1089,University of New Mexico,https://www.unm.edu,United States,North America,1.0,0.71,0.86,0.8,0.6472,0.7447,0.64,28.0,15.62,12.9,12.0,6.47,5.21,1.92,82.12,100.0,0,0,0,0.0,82.12,A
1090,Baylor University,https://www.baylor.edu,United States,North America,0.92,0.38,0.92,0.625,0.7473,0.9059,0.54,25.76,8.36,13.8,9.38,7.47,6.34,1.62,72.73,100.0,0,0,0,0.0,72.73,B
1091,Southern Methodist University,https://www.smu.edu,United States,North America,0.75,0.62,0.84,0.7375,0.6063,0.7986,0.48,21.0,13.64,12.6,11.06,6.06,5.59,1.44,71.4,100.0,0,0,0,0.0,71.4,B
1092,Texas Christian University,https://www.tcu.edu,United States,North America,1.0,0.44,0.486,0.8,0.874,0.9495,0.79,28.0,9.68,7.29,12.0,8.74,6.65,2.37,74.73,100.0,0,0,0,0.0,74.73,B
1093,University of Houston,https://www.uh.edu,United States,North America,1.0,0.85,0.92,0.7375,0.8088,0.7788,0.76,28.0,18.7,13.8,11.06,8.09,5.45,2.28,87.38,100.0,0,0,0,0.0,87.38,A+
1094,Texas Tech University,https://www.ttu.edu,United States,North America,1.0,0.85,0.61,0.7375,0.7008,0.7386,0.64,28.0,18.7,9.15,11.06,7.01,5.17,1.92,81.01,100.0,0,0,0,0.0,81.01,A
1095,Louisiana State University,https://www.lsu.edu,United States,North America,1.0,0.47,0.94,0.8,0.878,0.7587,0.77,28.0,10.34,14.1,12.0,8.78,5.31,2.31,80.84,100.0,0,0,0,0.0,80.84,A
1096,University of Mississippi,https://olemiss.edu,United States,North America,1.0,0.26,0.426,0.8,0.818,0.8653,0.68,28.0,5.72,6.39,12.0,8.18,6.06,2.04,68.39,100.0,0,0,0,0.0,68.39,B
1097,Mississippi State University,https://www.msstate.edu,United States,North America,1.0,0.53,1.0,0.625,0.708,0.8092,0.76,28.0,11.66,15.0,9.38,7.08,5.66,2.28,79.06,100.0,0,0,0,0.0,79.06,A
1098,University of Arkansas,https://www.uark.edu,United States,North America,0.45,0.53,0.286,0.625,0.8568,0.7024,0.87,12.6,11.66,4.29,9.38,8.57,4.92,2.61,54.02,100.0,0,0,0,0.0,54.02,C
1099,West Virginia University,https://www.wvu.edu,United States,North America,1.0,0.85,0.8,0.8,0.6899,0.8317,0.98,28.0,18.7,12.0,12.0,6.9,5.82,2.94,86.36,100.0,0,0,0,0.0,86.36,A+
1100,University of Cincinnati,https://www.uc.edu,United States,North America,1.0,0.59,0.902,0.7375,0.7997,0.7869,0.94,28.0,12.98,13.53,11.06,8.0,5.51,2.82,81.9,100.0,0,0,0,0.0,81.9,A
1101,Miami University,https://www.miamioh.edu,United States,North America,1.0,0.59,0.486,0.8,0.8761,0.7709,0.76,28.0,12.98,7.29,12.0,8.76,5.4,2.28,76.71,100.0,0,0,0,0.0,76.71,A
1102,Kent State University,https://www.kent.edu,United States,North America,1.0,0.62,0.442,0.325,0.8102,0.902,0.84,28.0,13.64,6.63,4.88,8.1,6.31,2.52,70.08,100.0,0,0,0,0.0,70.08,B
1103,Bowling Green State University,https://www.bgsu.edu,United States,North America,1.0,0.73,0.32,0.8,0.8326,0.8495,0.66,28.0,16.06,4.8,12.0,8.33,5.95,1.98,77.11,100.0,0,0,0,0.0,77.11,A
1104,University of Dayton,https://udayton.edu,United States,North America,0.9,0.41,0.32,0.3,0.7452,0.8663,0.62,25.2,9.02,4.8,4.5,7.45,6.06,1.86,58.9,45.0,1,0,1,13.9,45.0,D
1105,Marquette University,https://www.marquette.edu,United States,North America,1.0,0.59,0.18,0.3,0.8179,0.7749,0.76,28.0,12.98,2.7,4.5,8.18,5.42,2.28,64.06,45.0,1,0,1,19.06,45.0,D
1106,DePaul University,https://www.depaul.edu,United States,North America,0.9,0.59,0.34,0.7375,0.8821,0.7642,0.79,25.2,12.98,5.1,11.06,8.82,5.35,2.37,70.88,100.0,0,0,0,0.0,70.88,B
1107,Loyola University Chicago,https://www.luc.edu,United States,North America,1.0,0.56,0.46,0.7375,0.7084,0.903,0.87,28.0,12.32,6.9,11.06,7.08,6.32,2.61,74.3,100.0,0,0,0,0.0,74.3,B
1108,University of Illinois Chicago,https://www.uic.edu,United States,North America,0.92,0.59,0.51,0.55,0.57,0.8656,0.7,25.76,12.98,7.65,8.25,5.7,6.06,2.1,68.5,100.0,0,0,0,0.0,68.5,B
1109,Illinois Institute of Technology,https://www.iit.edu,United States,North America,1.0,0.62,0.53,0.8,0.7898,0.9178,0.76,28.0,13.64,7.95,12.0,7.9,6.42,2.28,78.19,100.0,0,0,0,0.0,78.19,A
1110,Iowa State University,https://www.iastate.edu,United States,North America,1.0,0.79,0.424,0.8,0.8122,0.8475,0.66,28.0,17.38,6.36,12.0,8.12,5.93,1.98,79.77,100.0,0,0,0,0.0,79.77,A
1111,University of St. Thomas,https://www.stthomas.edu,United States,North America,1.0,0.59,0.68,0.625,0.8173,0.8099,0.81,28.0,12.98,10.2,9.38,8.17,5.67,2.43,76.83,100.0,0,0,0,0.0,76.83,A
1112,Drexel University,https://drexel.edu,United States,North America,1.0,0.53,0.72,0.7375,0.797,0.8218,0.81,28.0,11.66,10.8,11.06,7.97,5.75,2.43,77.68,100.0,0,0,0,0.0,77.68,A
1113,Temple University,https://www.temple.edu,United States,North America,1.0,0.59,0.568,0.725,0.87,0.8267,0.87,28.0,12.98,8.52,10.88,8.7,5.79,2.61,77.47,100.0,0,0,0,0.0,77.47,A
1114,Villanova University,https://www1.villanova.edu,United States,North America,0.92,0.62,0.59,0.8,0.83,0.6299,0.89,25.76,13.64,8.85,12.0,8.3,4.41,2.67,75.63,100.0,0,0,0,0.0,75.63,A
1115,Rensselaer Polytechnic Institute,https://www.rpi.edu,United States,North America,0.92,0.35,0.34,0.5375,0.83,0.8701,0.79,25.76,7.7,5.1,8.06,8.3,6.09,2.37,63.38,100.0,0,0,0,0.0,63.38,C
1116,Stevens Institute of Technology,https://www.stevens.edu,United States,North America,1.0,0.85,0.704,0.2,0.7773,0.9416,0.67,28.0,18.7,10.56,3.0,7.77,6.59,2.01,76.63,45.0,1,0,1,31.63,45.0,D
1117,Worcester Polytechnic Institute,https://www.wpi.edu,United States,North America,1.0,0.85,0.734,0.8,0.8587,0.6937,0.62,28.0,18.7,11.01,12.0,8.59,4.86,1.86,85.01,100.0,0,0,0,0.0,85.01,A+
1118,Brandeis University,https://www.brandeis.edu,United States,North America,1.0,0.59,0.38,0.8,0.7718,0.827,0.76,28.0,12.98,5.7,12.0,7.72,5.79,2.28,74.47,100.0,0,0,0,0.0,74.47,B
1119,Clark University,https://www.clarku.edu,United States,North America,1.0,0.59,0.34,0.9,0.8623,0.8624,0.87,28.0,12.98,5.1,13.5,8.62,6.04,2.61,76.85,100.0,0,0,0,0.0,76.85,A
1120,University of Vermont,https://www.uvm.edu,United States,North America,0.67,0.59,0.406,0.8,0.537,0.9545,0.65,18.76,12.98,6.09,12.0,5.37,6.68,1.95,63.83,100.0,0,0,0,0.0,63.83,C
1121,University of New Hampshire,https://www.unh.edu,United States,North America,0.92,0.41,0.344,0.7375,0.8495,0.8538,0.76,25.76,9.02,5.16,11.06,8.5,5.98,2.28,67.75,100.0,0,0,0,0.0,67.75,B
1122,University of Maine,https://www.maine.edu,United States,North America,0.63,0.24,0.18,0.5,0.8623,0.7103,0.45,17.64,5.28,2.7,7.5,8.62,4.97,1.35,48.06,100.0,0,0,0,0.0,48.06,D
1123,University of Rhode Island,https://www.uri.edu,United States,North America,0.67,0.2,0.22,0.625,0.8148,0.9287,0.54,18.76,4.4,3.3,9.38,8.15,6.5,1.62,52.1,100.0,0,0,0,0.0,52.1,C
1124,Fordham University,https://www.fordham.edu,United States,North America,1.0,0.44,0.4,0.625,0.8509,0.8277,0.56,28.0,9.68,6.0,9.38,8.51,5.79,1.68,69.04,100.0,0,0,0,0.0,69.04,B
1125,Binghamton University,https://www.binghamton.edu,United States,North America,1.0,0.56,0.34,0.8,0.83,0.9624,0.68,28.0,12.32,5.1,12.0,8.3,6.74,2.04,74.5,100.0,0,0,0,0.0,74.5,B
1126,Stony Brook University,https://www.stonybrook.edu,United States,North America,1.0,0.53,0.46,0.7375,0.8166,0.8139,0.79,28.0,11.66,6.9,11.06,8.17,5.7,2.37,73.86,100.0,0,0,0,0.0,73.86,B
1127,University at Buffalo,https://www.buffalo.edu,United States,North America,1.0,0.41,0.89,0.725,0.7482,0.9075,0.76,28.0,9.02,13.35,10.88,7.48,6.35,2.28,77.36,100.0,0,0,0,0.0,77.36,A
1128,Rochester Institute of Technology,https://www.rit.edu,United States,North America,1.0,0.59,0.46,0.625,0.9069,0.896,0.83,28.0,12.98,6.9,9.38,9.07,6.27,2.49,75.09,100.0,0,0,0,0.0,75.09,A
1129,Clarkson University,https://www.clarkson.edu,United States,North America,0.92,0.62,0.34,0.8,0.8197,0.9084,0.98,25.76,13.64,5.1,12.0,8.2,6.36,2.94,74.0,100.0,0,0,0,0.0,74.0,B
1130,Colgate University,https://www.colgate.edu,United States,North America,1.0,0.53,0.54,0.8,0.75,0.7199,0.79,28.0,11.66,8.1,12.0,7.5,5.04,2.37,74.67,100.0,0,0,0,0.0,74.67,B
1131,Hamilton College,https://www.hamilton.edu,United States,North America,1.0,0.59,0.406,0.7375,0.6759,0.901,0.76,28.0,12.98,6.09,11.06,6.76,6.31,2.28,73.48,100.0,0,0,0,0.0,73.48,B
1132,Union College,https://www.union.edu,United States,North America,1.0,0.64,0.34,0.7375,0.878,0.9851,0.73,28.0,14.08,5.1,11.06,8.78,6.9,2.19,76.11,100.0,0,0,0,0.0,76.11,A
1133,Bard College,https://www.bard.edu,United States,North America,0.9,0.53,0.92,0.8,0.7366,0.8752,0.79,25.2,11.66,13.8,12.0,7.37,6.13,2.37,78.52,100.0,0,0,0,0.0,78.52,A
1134,Vassar College,https://www.vassar.edu,United States,North America,1.0,0.38,0.486,0.8,0.83,0.9871,0.63,28.0,8.36,7.29,12.0,8.3,6.91,1.89,72.75,100.0,0,0,0,0.0,72.75,B
1135,Williams College,https://www.williams.edu,United States,North America,0.63,0.85,0.85,0.5375,0.968,0.6925,0.62,17.64,18.7,12.75,8.06,9.68,4.85,1.86,73.54,100.0,0,0,0,0.0,73.54,B
1136,Amherst College,https://www.amherst.edu,United States,North America,1.0,0.59,0.46,0.7,0.91,0.7909,0.56,28.0,12.98,6.9,10.5,9.1,5.54,1.68,74.7,100.0,0,0,0,0.0,74.7,B
1138,Swarthmore College,https://www.swarthmore.edu,United States,North America,0.75,0.59,0.92,0.8,0.8224,0.898,0.68,21.0,12.98,13.8,12.0,8.22,6.29,2.04,76.33,100.0,0,0,0,0.0,76.33,A
1139,Haverford College,https://www.haverford.edu,United States,North America,0.92,0.38,0.286,0.7375,0.75,0.868,0.68,25.76,8.36,4.29,11.06,7.5,6.08,2.04,65.09,100.0,0,0,0,0.0,65.09,B
1140,Bowdoin College,https://www.bowdoin.edu,United States,North America,0.63,0.59,0.28,0.7,0.9116,0.9208,0.62,17.64,12.98,4.2,10.5,9.12,6.45,1.86,62.74,100.0,0,0,0,0.0,62.74,C
1141,Middlebury College,https://www.middlebury.edu,United States,North America,0.88,0.44,0.22,0.525,0.798,0.9881,0.73,24.64,9.68,3.3,7.88,7.98,6.92,2.19,62.58,100.0,0,0,0,0.0,62.58,C
1142,Colby College,https://www.colby.edu,United States,North America,0.75,0.53,0.52,0.9,0.798,0.8794,0.64,21.0,11.66,7.8,13.5,7.98,6.16,1.92,70.02,100.0,0,0,0,0.0,70.02,B
1143,Bates College,https://www.bates.edu,United States,North America,0.75,0.38,0.684,0.3,0.7366,0.8452,0.76,21.0,8.36,10.26,4.5,7.37,5.92,2.28,59.68,45.0,1,0,1,14.68,45.0,D
1144,Trinity College,https://www.trincoll.edu,United States,North America,0.63,0.26,0.85,0.7375,0.7842,0.899,0.62,17.64,5.72,12.75,11.06,7.84,6.29,1.86,63.17,100.0,0,0,0,0.0,63.17,C
1145,Wesleyan University,https://www.wesleyan.edu,United States,North America,1.0,0.41,0.5,0.8,0.8411,0.8405,0.68,28.0,9.02,7.5,12.0,8.41,5.88,2.04,72.85,100.0,0,0,0,0.0,72.85,B
1146,Smith College,https://www.smith.edu,United States,North America,1.0,0.53,0.72,0.8,0.8036,0.8886,0.7,28.0,11.66,10.8,12.0,8.04,6.22,2.1,78.82,100.0,0,0,0,0.0,78.82,A
1147,Mount Holyoke College,https://www.mtholyoke.edu,United States,North America,0.88,0.47,0.624,0.625,0.798,0.9062,0.76,24.64,10.34,9.36,9.38,7.98,6.34,2.28,70.32,100.0,0,0,0,0.0,70.32,B
1148,Barnard College,https://barnard.edu,United States,North America,1.0,0.85,0.866,0.625,0.7943,0.7845,0.73,28.0,18.7,12.99,9.38,7.94,5.49,2.19,84.69,100.0,0,0,0,0.0,84.69,A
1149,Grinnell College,https://www.grinnell.edu,United States,North America,0.75,0.38,0.32,0.8,0.8677,0.9396,0.76,21.0,8.36,4.8,12.0,8.68,6.58,2.28,63.69,100.0,0,0,0,0.0,63.69,C
1150,Carleton College,https://www.carleton.edu,Canada,North America,0.9,0.53,0.4,0.3,0.878,0.9352,0.72,25.2,11.66,6.0,4.5,8.78,6.55,2.16,64.85,45.0,1,0,1,19.85,45.0,D
1151,Macalester College,https://www.macalester.edu,United States,North America,1.0,0.59,0.504,0.7375,0.7814,0.9772,0.68,28.0,12.98,7.56,11.06,7.81,6.84,2.04,76.3,100.0,0,0,0,0.0,76.3,A
1152,Oberlin College,https://www.oberlin.edu,United States,North America,0.92,0.62,0.3,0.625,0.7896,0.7127,0.69,25.76,13.64,4.5,9.38,7.9,4.99,2.07,68.23,100.0,0,0,0,0.0,68.23,B
1153,Kenyon College,https://www.kenyon.edu,United States,North America,1.0,0.44,0.406,0.625,0.73,0.9,0.7,28.0,9.68,6.09,9.38,7.3,6.3,2.1,68.84,100.0,0,0,0,0.0,68.84,B
1154,Denison University,https://denison.edu,United States,North America,1.0,0.47,0.98,0.8,0.7479,0.8822,0.87,28.0,10.34,14.7,12.0,7.48,6.18,2.61,81.3,100.0,0,0,0,0.0,81.3,A
1155,Reed College,https://www.reed.edu,United States,North America,0.63,0.85,0.34,0.7375,0.7259,0.8644,0.87,17.64,18.7,5.1,11.06,7.26,6.05,2.61,68.42,100.0,0,0,0,0.0,68.42,B
1156,Pomona College,https://www.pomona.edu,United States,North America,0.88,0.59,0.822,0.7,0.8827,0.9257,0.48,24.64,12.98,12.33,10.5,8.83,6.48,1.44,77.2,100.0,0,0,0,0.0,77.2,A
1157,Claremont McKenna College,https://www.cmc.edu,United States,North America,1.0,0.7,0.34,0.8,0.83,0.9792,0.87,28.0,15.4,5.1,12.0,8.3,6.85,2.61,78.26,100.0,0,0,0,0.0,78.26,A
1158,Harvey Mudd College,https://www.hmc.edu,United States,North America,0.88,0.59,0.442,0.3,0.7463,0.7147,0.76,24.64,12.98,6.63,4.5,7.46,5.0,2.28,63.5,45.0,1,0,1,18.5,45.0,D
1159,Scripps College,https://www.scrippscollege.edu,United States,North America,1.0,0.59,0.34,0.7375,0.7575,0.9234,0.68,28.0,12.98,5.1,11.06,7.58,6.46,2.04,73.22,100.0,0,0,0,0.0,73.22,B
1160,University of San Diego,https://www.sandiego.edu,United States,North America,1.0,0.47,0.4,0.7,0.7836,0.8026,0.64,28.0,10.34,6.0,10.5,7.84,5.62,1.92,70.21,100.0,0,0,0,0.0,70.21,B
1161,Santa Clara University,https://www.scu.edu,United States,North America,0.88,0.44,0.34,0.8,0.811,0.9584,0.84,24.64,9.68,5.1,12.0,8.11,6.71,2.52,68.76,100.0,0,0,0,0.0,68.76,B
1162,University of San Francisco,https://www.usfca.edu,United States,North America,1.0,0.59,0.92,0.8,0.8506,0.8683,0.76,28.0,12.98,13.8,12.0,8.51,6.08,2.28,83.64,100.0,0,0,0,0.0,83.64,A
1163,Loyola Marymount University,https://www.lmu.edu,United States,North America,1.0,0.59,0.91,0.7375,0.8059,0.8901,0.81,28.0,12.98,13.65,11.06,8.06,6.23,2.43,82.41,100.0,0,0,0,0.0,82.41,A
1164,Pepperdine University,https://www.pepperdine.edu,United States,North America,1.0,0.53,0.866,0.8,0.8096,0.8851,0.79,28.0,11.66,12.99,12.0,8.1,6.2,2.37,81.31,100.0,0,0,0,0.0,81.31,A
1165,San Diego State University,https://www.sdsu.edu,United States,North America,1.0,0.59,0.5,0.7375,0.83,0.8366,0.79,28.0,12.98,7.5,11.06,8.3,5.86,2.37,76.07,100.0,0,0,0,0.0,76.07,A
1166,San Jose State University,https://www.sjsu.edu,United States,North America,1.0,0.59,0.78,0.8,0.8184,0.6578,0.79,28.0,12.98,11.7,12.0,8.18,4.6,2.37,79.84,100.0,0,0,0,0.0,79.84,A
1167,California Polytechnic State University,https://www.calpoly.edu,Canada,North America,1.0,0.59,0.902,0.7375,0.9029,0.9822,0.78,28.0,12.98,13.53,11.06,9.03,6.88,2.34,83.82,100.0,0,0,0,0.0,83.82,A
1168,University of Toronto,https://www.utoronto.ca,Canada,North America,0.75,0.21,0.7,0.8375,0.878,0.9861,0.42,21.0,4.62,10.5,12.56,8.78,6.9,1.26,65.63,100.0,0,0,0,0.0,65.63,B
1169,University of British Columbia,https://www.ubc.ca,Canada,North America,1.0,0.41,0.34,0.8,0.91,0.8977,0.48,28.0,9.02,5.1,12.0,9.1,6.28,1.44,70.94,100.0,0,0,0,0.0,70.94,B
1170,McGill University,https://www.mcgill.ca,Canada,North America,1.0,0.59,0.3,0.7,0.92,0.878,0.56,28.0,12.98,4.5,10.5,9.2,6.15,1.68,73.01,100.0,0,0,0,0.0,73.01,B
1171,University of Alberta,https://www.ualberta.ca,Canada,North America,1.0,0.88,0.406,0.8,0.8353,0.8155,0.67,28.0,19.36,6.09,12.0,8.35,5.71,2.01,81.52,100.0,0,0,0,0.0,81.52,A
1172,McMaster University,https://www.mcmaster.ca,Canada,North America,1.0,0.61,0.7,0.5375,0.7486,0.7897,0.66,28.0,13.42,10.5,8.06,7.49,5.53,1.98,74.98,100.0,0,0,0,0.0,74.98,B
1173,University of Waterloo,https://uwaterloo.ca,Canada,North America,0.88,0.35,0.34,0.625,0.91,0.9033,0.52,24.64,7.7,5.1,9.38,9.1,6.32,1.56,63.8,100.0,0,0,0,0.0,63.8,C
1175,Queen's University,https://www.queensu.ca,Canada,North America,1.0,0.38,0.14,0.7375,0.7956,0.8861,0.87,28.0,8.36,2.1,11.06,7.96,6.2,2.61,66.29,100.0,0,0,0,0.0,66.29,B
1176,University of Montreal,https://www.umontreal.ca,Canada,North America,1.0,0.59,0.528,0.8,0.6985,0.7176,0.64,28.0,12.98,7.92,12.0,6.98,5.02,1.92,74.83,100.0,0,0,0,0.0,74.83,B
1177,University of Ottawa,https://www.uottawa.ca,Canada,North America,1.0,0.41,0.58,0.5375,0.9897,0.8693,0.87,28.0,9.02,8.7,8.06,9.9,6.09,2.61,72.37,100.0,0,0,0,0.0,72.37,B
1178,Simon Fraser University,https://www.sfu.ca,Canada,North America,1.0,0.53,0.286,0.8,0.7333,0.8248,0.73,28.0,11.66,4.29,12.0,7.33,5.77,2.19,71.25,100.0,0,0,0,0.0,71.25,B
1179,University of Calgary,https://www.ucalgary.ca,Canada,North America,1.0,0.85,0.804,0.3,0.8035,0.8594,0.65,28.0,18.7,12.06,4.5,8.03,6.02,1.95,79.26,45.0,1,0,1,34.26,45.0,D
1180,Dalhousie University,https://www.dal.ca,Canada,North America,1.0,0.85,0.3,0.6,0.8403,0.9554,0.73,28.0,18.7,4.5,9.0,8.4,6.69,2.19,77.48,100.0,0,0,0,0.0,77.48,A
1181,Universidad Nacional Autonoma de Mexico (UNAM),https://www.unam.mx,United States,North America,0.0,0.0,0.61,0.8,0.75,0.9006,0.1,0.0,0.0,9.15,12.0,7.5,6.3,0.3,35.25,100.0,0,0,0,0.0,35.25,D
1182,Instituto Tecnologico y de Estudios Superiores de Monterrey (Tecnologico de Monterrey),https://tec.mx,United States,North America,0.8,0.56,0.26,0.7375,0.908,0.8079,0.65,22.4,12.32,3.9,11.06,9.08,5.66,1.95,66.37,100.0,0,0,0,0.0,66.37,B
1184,University of Guelph,https://www.uoguelph.ca,Canada,North America,0.45,0.06,0.2,0.0,0.6739,0.7643,0.0,12.6,1.32,3.0,0.0,6.74,5.35,0.0,29.01,45.0,1,0,1,0.0,29.01,F
1185,York University,https://www.yorku.ca,Canada,North America,1.0,0.85,0.548,0.7375,0.7668,0.8505,0.81,28.0,18.7,8.22,11.06,7.67,5.95,2.43,82.03,100.0,0,0,0,0.0,82.03,A
1186,Concordia University,https://www.concordia.ca,Canada,North America,1.0,0.59,0.92,0.8,0.9076,0.805,0.89,28.0,12.98,13.8,12.0,9.08,5.63,2.67,84.16,100.0,0,0,0,0.0,84.16,A
1187,University of Victoria,https://www.uvic.ca,Canada,North America,1.0,0.64,0.72,0.8,0.91,0.9574,0.65,28.0,14.08,10.8,12.0,9.1,6.7,1.95,82.63,100.0,0,0,0,0.0,82.63,A
1188,Carleton University,https://carleton.ca,Canada,North America,1.0,0.59,0.46,0.675,0.8148,0.8886,0.73,28.0,12.98,6.9,10.12,8.15,6.22,2.19,74.56,100.0,0,0,0,0.0,74.56,B
1189,University of Manitoba,https://umanitoba.ca,Canada,North America,1.0,0.44,0.3,0.8,0.8135,0.8455,0.76,28.0,9.68,4.5,12.0,8.14,5.92,2.28,70.51,100.0,0,0,0,0.0,70.51,B
1190,University of Saskatchewan,https://www.usask.ca,Canada,North America,1.0,0.59,0.614,0.8,0.92,0.9653,0.54,28.0,12.98,9.21,12.0,9.2,6.76,1.62,79.77,100.0,0,0,0,0.0,79.77,A
1191,Universidad de las Americas Puebla,https://www.udlap.mx,United States,North America,0.92,0.91,0.5,0.8,0.4158,0.6812,0.94,25.76,20.02,7.5,12.0,4.16,4.77,2.82,77.03,100.0,0,0,0,0.0,77.03,A
1192,Instituto Politecnico Nacional,https://www.ipn.mx,United States,North America,0.0,0.0,0.12,0.7375,0.7475,0.8785,0.24,0.0,0.0,1.8,11.06,7.47,6.15,0.72,27.21,100.0,0,0,0,0.0,27.21,F
1193,American University,https://www.american.edu,United States,North America,1.0,0.62,0.486,0.875,0.8032,0.8941,0.79,28.0,13.64,7.29,13.12,8.03,6.26,2.37,78.72,100.0,0,0,0,0.0,78.72,A
1194,Howard University,https://howard.edu,United States,North America,1.0,0.59,0.902,0.7375,0.5961,0.8604,0.81,28.0,12.98,13.53,11.06,5.96,6.02,2.43,79.99,100.0,0,0,0,0.0,79.99,A
1195,Baylor College of Medicine,https://www.bcm.edu,United States,North America,0.88,0.59,0.34,0.9,0.83,0.6996,0.98,24.64,12.98,5.1,13.5,8.3,4.9,2.94,72.36,100.0,0,0,0,0.0,72.36,B
1196,University of Denver,https://www.du.edu,United States,North America,1.0,0.88,0.22,0.625,0.8179,0.8511,0.73,28.0,19.36,3.3,9.38,8.18,5.96,2.19,76.36,100.0,0,0,0,0.0,76.36,A
1197,Gonzaga University,https://www.gonzaga.edu,United States,North America,1.0,0.59,0.684,0.625,0.8102,0.7798,0.87,28.0,12.98,10.26,9.38,8.1,5.46,2.61,76.79,100.0,0,0,0,0.0,76.79,A
1199,Seattle University,https://www.seattleu.edu,United States,North America,1.0,0.59,0.6,0.8,0.8742,0.9683,0.62,28.0,12.98,9.0,12.0,8.74,6.78,1.86,79.36,100.0,0,0,0,0.0,79.36,A
1300,Kansas State University,https://www.k-state.edu,United States,North America,1.0,0.85,0.92,0.625,0.878,0.8695,0.79,28.0,18.7,13.8,9.38,8.78,6.09,2.37,87.11,100.0,0,0,0,0.0,87.11,A+
1301,Montana State University,https://www.montana.edu,United States,North America,1.0,0.59,0.386,0.4,0.8227,0.9564,0.62,28.0,12.98,5.79,6.0,8.23,6.7,1.86,69.55,45.0,1,0,1,24.55,45.0,D
1302,Memorial University of Newfoundland,https://www.mun.ca,Canada,North America,1.0,0.59,0.72,0.7375,0.8598,0.8018,0.84,28.0,12.98,10.8,11.06,8.6,5.61,2.52,79.57,100.0,0,0,0,0.0,79.57,A
1303,Toronto Metropolitan University,https://www.torontomu.ca,Canada,North America,0.75,0.53,0.2,0.8,0.8646,0.733,0.62,21.0,11.66,3.0,12.0,8.65,5.13,1.86,63.3,100.0,0,0,0,0.0,63.3,C
1400,University of Louisville,https://www.louisville.edu,United States,North America,1.0,0.85,0.79,0.3,0.8878,0.7038,0.79,28.0,18.7,11.85,4.5,8.88,4.93,2.37,79.22,45.0,1,0,1,34.22,45.0,D
1401,Wilfrid Laurier University,https://www.wlu.ca,Canada,North America,1.0,0.44,0.84,0.8,0.8278,0.8614,0.62,28.0,9.68,12.6,12.0,8.28,6.03,1.86,78.45,100.0,0,0,0,0.0,78.45,A
1402,University of Windsor,https://www.uwindsor.ca,Canada,North America,0.92,0.15,0.2,0.3,0.7951,0.6919,0.42,25.76,3.3,3.0,4.5,7.95,4.84,1.26,50.61,45.0,1,0,1,5.61,45.0,D
1403,Brock University,https://www.brocku.ca,Canada,North America,1.0,0.88,0.84,0.625,0.5915,0.9446,0.59,28.0,19.36,12.6,9.38,5.92,6.61,1.77,83.63,100.0,0,0,0,0.0,83.63,A
2001,University of Oxford,https://www.ox.ac.uk,United Kingdom,Western & Northern Europe,1.0,0.53,0.92,0.7375,0.8453,0.9546,0.64,28.0,11.66,13.8,11.06,8.45,6.68,1.92,81.58,100.0,0,0,0,0.0,81.58,A
2002,University of Cambridge,https://www.cam.ac.uk,United Kingdom,Western & Northern Europe,1.0,0.41,0.34,0.325,0.8035,0.9903,0.54,28.0,9.02,5.1,4.88,8.03,6.93,1.62,63.58,100.0,0,0,0,0.0,63.58,C
2003,Imperial College London,https://www.imperial.ac.uk,United Kingdom,Western & Northern Europe,1.0,0.39,0.3,0.875,0.8105,0.9594,0.76,28.0,8.58,4.5,13.12,8.1,6.72,2.28,71.31,100.0,0,0,0,0.0,71.31,B
2004,University College London,https://www.ucl.ac.uk,United Kingdom,Western & Northern Europe,1.0,0.59,0.6,0.3,0.91,0.9942,0.89,28.0,12.98,9.0,4.5,9.1,6.96,2.67,73.21,45.0,1,0,1,28.21,45.0,D
2005,University of Edinburgh,https://www.ed.ac.uk,United Kingdom,Western & Northern Europe,1.0,0.35,0.71,0.775,0.91,0.999,0.94,28.0,7.7,10.65,11.62,9.1,6.99,2.82,76.89,100.0,0,0,0,0.0,76.89,A
2006,University of Manchester,https://www.manchester.ac.uk,United Kingdom,Western & Northern Europe,0.88,0.71,0.486,0.8,0.8729,0.7952,0.76,24.64,15.62,7.29,12.0,8.73,5.57,2.28,76.13,100.0,0,0,0,0.0,76.13,A
2007,King's College London,https://www.kcl.ac.uk,United Kingdom,Western & Northern Europe,1.0,0.33,0.82,0.8,0.798,0.9445,0.68,28.0,7.26,12.3,12.0,7.98,6.61,2.04,76.19,100.0,0,0,0,0.0,76.19,A
2008,London School of Economics,https://www.lse.ac.uk,United Kingdom,Western & Northern Europe,1.0,0.85,0.888,0.7375,0.8246,0.8326,0.78,28.0,18.7,13.32,11.06,8.25,5.83,2.34,87.5,100.0,0,0,0,0.0,87.5,A+
2009,University of Bristol,https://www.bristol.ac.uk,United Kingdom,Western & Northern Europe,1.0,0.21,0.88,0.7375,0.83,0.9087,0.56,28.0,4.62,13.2,11.06,8.3,6.36,1.68,73.22,100.0,0,0,0,0.0,73.22,B
2010,University of Warwick,https://warwick.ac.uk,United Kingdom,Western & Northern Europe,1.0,0.21,0.798,0.625,0.7896,0.9865,0.73,28.0,4.62,11.97,9.38,7.9,6.91,2.19,70.96,100.0,0,0,0,0.0,70.96,B
2011,University of Glasgow,https://www.gla.ac.uk,United Kingdom,Western & Northern Europe,1.0,0.39,0.666,0.7375,0.8752,0.9739,0.76,28.0,8.58,9.99,11.06,8.75,6.82,2.28,75.48,100.0,0,0,0,0.0,75.48,A
2012,University of Southampton,https://www.southampton.ac.uk,United Kingdom,Western & Northern Europe,0.88,0.91,0.3,0.65,0.9924,0.7467,0.78,24.64,20.02,4.5,9.75,9.92,5.23,2.34,76.4,100.0,0,0,0,0.0,76.4,A
2013,University of Leeds,https://www.leeds.ac.uk,United Kingdom,Western & Northern Europe,1.0,0.41,0.34,0.6375,0.8224,0.9894,0.78,28.0,9.02,5.1,9.56,8.22,6.93,2.34,69.17,100.0,0,0,0,0.0,69.17,B
2014,University of Birmingham,https://www.birmingham.ac.uk,United Kingdom,Western & Northern Europe,0.88,0.15,0.6,0.3,0.8091,0.9261,0.59,24.64,3.3,9.0,4.5,8.09,6.48,1.77,57.78,45.0,1,0,1,12.78,45.0,D
2015,University of Sheffield,https://www.sheffield.ac.uk,United Kingdom,Western & Northern Europe,1.0,0.85,0.768,0.625,0.8323,0.9517,0.76,28.0,18.7,11.52,9.38,8.32,6.66,2.28,84.86,100.0,0,0,0,0.0,84.86,A
2016,University of Nottingham,https://www.nottingham.ac.uk,United Kingdom,Western & Northern Europe,1.0,0.85,0.46,0.8,0.83,0.8943,0.56,28.0,18.7,6.9,12.0,8.3,6.26,1.68,81.84,100.0,0,0,0,0.0,81.84,A
2017,Durham University,https://www.durham.ac.uk,United Kingdom,Western & Northern Europe,1.0,0.88,0.68,0.8,0.9008,0.8676,0.44,28.0,19.36,10.2,12.0,9.01,6.07,1.32,85.96,100.0,0,0,0,0.0,85.96,A+
2018,University of St Andrews,https://www.st-andrews.ac.uk,United Kingdom,Western & Northern Europe,1.0,0.88,0.504,0.625,0.9024,0.737,0.56,28.0,19.36,7.56,9.38,9.02,5.16,1.68,80.16,100.0,0,0,0,0.0,80.16,A
2019,Queen Mary University of London,https://www.qmul.ac.uk,United Kingdom,Western & Northern Europe,1.0,0.65,0.92,0.8,0.9122,0.9488,0.45,28.0,14.3,13.8,12.0,9.12,6.64,1.35,85.21,100.0,0,0,0,0.0,85.21,A+
2020,Lancaster University,https://www.lancaster.ac.uk,United Kingdom,Western & Northern Europe,1.0,0.97,0.8,0.625,0.8997,0.9807,0.76,28.0,21.34,12.0,9.38,9.0,6.86,2.28,88.86,100.0,0,0,0,0.0,88.86,A+
2021,University of York,https://www.york.ac.uk,United Kingdom,Western & Northern Europe,1.0,0.44,0.666,0.8,0.7598,0.9778,0.76,28.0,9.68,9.99,12.0,7.6,6.84,2.28,76.39,100.0,0,0,0,0.0,76.39,A
2022,Cardiff University,https://www.cardiff.ac.uk,United Kingdom,Western & Northern Europe,1.0,0.54,0.68,0.8,0.9274,0.9758,0.98,28.0,11.88,10.2,12.0,9.27,6.83,2.94,81.13,100.0,0,0,0,0.0,81.13,A
2023,University of Exeter,https://www.exeter.ac.uk,United Kingdom,Western & Northern Europe,1.0,0.39,0.34,0.9,0.83,0.9913,0.44,28.0,8.58,5.1,13.5,8.3,6.94,1.32,71.74,100.0,0,0,0,0.0,71.74,B
2024,University of Bath,https://www.bath.ac.uk,United Kingdom,Western & Northern Europe,1.0,0.21,0.8,0.7375,0.812,0.8618,0.44,28.0,4.62,12.0,11.06,8.12,6.03,1.32,71.16,100.0,0,0,0,0.0,71.16,B
2025,University of Liverpool,https://www.liverpool.ac.uk,United Kingdom,Western & Northern Europe,1.0,0.62,0.72,0.6375,0.8943,0.9459,0.62,28.0,13.64,10.8,9.56,8.94,6.62,1.86,79.43,100.0,0,0,0,0.0,79.43,A
2026,University of Reading,https://www.reading.ac.uk,United Kingdom,Western & Northern Europe,0.88,0.27,0.26,0.725,0.74,0.8737,0.68,24.64,5.94,3.9,10.88,7.4,6.12,2.04,60.91,100.0,0,0,0,0.0,60.91,C
2027,Newcastle University,https://www.ncl.ac.uk,United Kingdom,Western & Northern Europe,1.0,1.0,0.72,0.3,0.8286,0.8586,0.89,28.0,22.0,10.8,4.5,8.29,6.01,2.67,82.27,45.0,1,0,1,37.27,45.0,D
2028,University of Sussex,https://www.sussex.ac.uk,United Kingdom,Western & Northern Europe,0.75,0.79,0.72,0.8,0.7236,0.9836,0.44,21.0,17.38,10.8,12.0,7.24,6.89,1.32,76.62,100.0,0,0,0,0.0,76.62,A
2029,University of Leicester,https://www.le.ac.uk,United Kingdom,Western & Northern Europe,1.0,0.97,0.88,0.8,0.91,0.8947,0.73,28.0,21.34,13.2,12.0,9.1,6.26,2.19,92.09,100.0,0,0,0,0.0,92.09,A+
2030,Loughborough University,https://www.lboro.ac.uk,United Kingdom,Western & Northern Europe,1.0,0.97,0.6,0.8375,0.6375,0.9611,0.64,28.0,21.34,9.0,12.56,6.37,6.73,1.92,85.93,100.0,0,0,0,0.0,85.93,A+
2031,University of Aberdeen,https://www.abdn.ac.uk,United Kingdom,Western & Northern Europe,1.0,0.85,0.2,0.8,0.8716,0.8019,0.78,28.0,18.7,3.0,12.0,8.72,5.61,2.34,78.37,100.0,0,0,0,0.0,78.37,A
2032,University of Dundee,https://www.dundee.ac.uk,United Kingdom,Western & Northern Europe,0.88,0.36,0.6,0.8,0.8423,0.9565,0.62,24.64,7.92,9.0,12.0,8.42,6.7,1.86,70.54,100.0,0,0,0,0.0,70.54,B
2033,University of Strathclyde,https://www.strath.ac.uk,United Kingdom,Western & Northern Europe,1.0,0.62,0.28,0.7375,0.8152,0.97,0.64,28.0,13.64,4.2,11.06,8.15,6.79,1.92,73.76,100.0,0,0,0,0.0,73.76,B
2034,Queen's University Belfast,https://www.qub.ac.uk,United Kingdom,Western & Northern Europe,1.0,0.39,0.266,0.775,0.878,0.8995,0.87,28.0,8.58,3.99,11.62,8.78,6.3,2.61,69.88,100.0,0,0,0,0.0,69.88,B
2035,University of East Anglia,https://www.uea.ac.uk,United Kingdom,Western & Northern Europe,0.63,0.39,0.22,0.55,0.878,0.9643,0.56,17.64,8.58,3.3,8.25,8.78,6.75,1.68,54.98,100.0,0,0,0,0.0,54.98,C
2036,University of Surrey,https://www.surrey.ac.uk,United Kingdom,Western & Northern Europe,1.0,1.0,0.786,0.7375,0.8468,0.8546,0.56,28.0,22.0,11.79,11.06,8.47,5.98,1.68,88.98,100.0,0,0,0,0.0,88.98,A+
2037,"Royal Holloway, University of London",https://www.royalholloway.ac.uk,United Kingdom,Western & Northern Europe,1.0,0.51,0.32,0.7375,0.4352,0.9121,0.69,28.0,11.22,4.8,11.06,4.35,6.38,2.07,67.89,100.0,0,0,0,0.0,67.89,B
2038,"City, University of London",https://www.city.ac.uk,United Kingdom,Western & Northern Europe,1.0,0.97,0.89,0.725,0.8988,0.9729,0.75,28.0,21.34,13.35,10.88,8.99,6.81,2.25,91.61,100.0,0,0,0,0.0,91.61,A+
2039,Heriot-Watt University,https://www.hw.ac.uk,United Kingdom,Western & Northern Europe,0.6,0.39,0.68,0.625,0.8749,0.9981,0.46,16.8,8.58,10.2,9.38,8.75,6.99,1.38,62.07,100.0,0,0,0,0.0,62.07,C
2040,University of Kent,https://www.kent.ac.uk,United Kingdom,Western & Northern Europe,1.0,0.88,0.42,0.7875,0.8765,0.8705,1.0,28.0,19.36,6.3,11.81,8.76,6.09,3.0,83.33,100.0,0,0,0,0.0,83.33,A
2041,Ludwig Maximilian University of Munich,https://www.lmu.de,Germany,Western & Northern Europe,0.48,0.35,0.246,0.8375,0.8646,0.9478,0.24,13.44,7.7,3.69,12.56,8.65,6.63,0.72,53.39,100.0,0,0,0,0.0,53.39,C
2042,Technical University of Munich,https://www.tum.de,Germany,Western & Northern Europe,1.0,0.59,0.9,0.8,0.9021,0.7711,1.0,28.0,12.98,13.5,12.0,9.02,5.4,3.0,83.9,100.0,0,0,0,0.0,83.9,A
2043,Heidelberg University,https://www.uni-heidelberg.de,Germany,Western & Northern Europe,0.92,0.59,0.84,0.5375,0.7952,0.8749,0.67,25.76,12.98,12.6,8.06,7.95,6.12,2.01,75.49,100.0,0,0,0,0.0,75.49,A
2045,Free University of Berlin,https://www.fu-berlin.de,Germany,Western & Northern Europe,1.0,0.35,0.46,0.9,0.9759,0.9068,0.64,28.0,7.7,6.9,13.5,9.76,6.35,1.92,74.13,100.0,0,0,0,0.0,74.13,B
2046,RWTH Aachen University,https://www.rwth-aachen.de,Germany,Western & Northern Europe,1.0,0.85,1.0,0.9,0.9604,0.7812,0.73,28.0,18.7,15.0,13.5,9.6,5.47,2.19,92.46,100.0,0,0,0,0.0,92.46,A+
2047,Karlsruhe Institute of Technology,https://www.kit.edu,Germany,Western & Northern Europe,0.88,0.41,0.9,1.0,0.9377,0.9623,0.69,24.64,9.02,13.5,15.0,9.38,6.74,2.07,80.34,100.0,0,0,0,0.0,80.34,A
2048,Technical University of Berlin,https://www.tu.berlin,Germany,Western & Northern Europe,1.0,0.59,0.97,0.6375,0.9834,0.8991,0.75,28.0,12.98,14.55,9.56,9.83,6.29,2.25,83.47,100.0,0,0,0,0.0,83.47,A
2049,University of Tuebingen,https://uni-tuebingen.de,Germany,Western & Northern Europe,1.0,0.62,0.91,0.7375,0.9612,0.9116,0.89,28.0,13.64,13.65,11.06,9.61,6.38,2.67,85.02,100.0,0,0,0,0.0,85.02,A+
2050,University of Freiburg,https://uni-freiburg.de,Germany,Western & Northern Europe,0.55,0.41,0.16,0.8,0.9399,0.668,0.24,15.4,9.02,2.4,12.0,9.4,4.68,0.72,53.61,100.0,0,0,0,0.0,53.61,C
2051,University of Goettingen,https://www.uni-goettingen.de,Germany,Western & Northern Europe,0.6,0.33,0.89,0.9,0.8354,0.8904,0.73,16.8,7.26,13.35,13.5,8.35,6.23,2.19,67.69,100.0,0,0,0,0.0,67.69,B
2052,University of Bonn,https://www.uni-bonn.de,Germany,Western & Northern Europe,0.85,0.41,0.92,0.8,0.92,0.8537,0.64,23.8,9.02,13.8,12.0,9.2,5.98,1.92,75.72,100.0,0,0,0,0.0,75.72,A
2053,University of Hamburg,https://www.uni-hamburg.de,Germany,Western & Northern Europe,0.75,0.35,0.91,0.8375,1.0,0.7793,0.36,21.0,7.7,13.65,12.56,10.0,5.46,1.08,71.45,100.0,0,0,0,0.0,71.45,B
2054,University of Cologne,https://www.uni-koeln.de,Germany,Western & Northern Europe,0.6,0.35,0.92,0.8375,0.9163,0.856,0.45,16.8,7.7,13.8,12.56,9.16,5.99,1.35,67.37,100.0,0,0,0,0.0,67.37,B
2055,Goethe University Frankfurt,https://www.goethe-university-frankfurt.de,Germany,Western & Northern Europe,0.8,0.41,0.654,0.5,0.9586,0.8875,0.47,22.4,9.02,9.81,7.5,9.59,6.21,1.41,65.94,100.0,0,0,0,0.0,65.94,B
2056,TU Dresden,https://tu-dresden.de,Germany,Western & Northern Europe,0.73,0.41,0.92,0.725,1.0,0.7339,0.29,20.44,9.02,13.8,10.88,10.0,5.14,0.87,70.14,100.0,0,0,0,0.0,70.14,B
2057,University of Mannheim,https://www.uni-mannheim.de,Germany,Western & Northern Europe,1.0,0.59,0.95,1.0,0.9574,0.9507,0.75,28.0,12.98,14.25,15.0,9.57,6.66,2.25,88.71,100.0,0,0,0,0.0,88.71,A+
2058,University of Muenster,https://www.uni-muenster.de,Germany,Western & Northern Europe,1.0,0.59,0.83,0.725,0.9946,0.8633,0.73,28.0,12.98,12.45,10.88,9.95,6.04,2.19,82.48,100.0,0,0,0,0.0,82.48,A
2059,University of Wuerzburg,https://www.uni-wuerzburg.de,Germany,Western & Northern Europe,1.0,0.59,1.0,0.8,0.8946,0.724,0.75,28.0,12.98,15.0,12.0,8.95,5.07,2.25,84.24,100.0,0,0,0,0.0,84.24,A
2060,FAU Erlangen-Nuremberg,https://www.fau.de,Germany,Western & Northern Europe,1.0,0.85,0.97,0.625,0.9623,0.8836,0.86,28.0,18.7,14.55,9.38,9.62,6.19,2.58,89.01,100.0,0,0,0,0.0,89.01,A+
2061,University of Stuttgart,https://www.uni-stuttgart.de,Germany,Western & Northern Europe,0.88,0.85,1.0,0.7375,0.936,0.7788,0.64,24.64,18.7,15.0,11.06,9.36,5.45,1.92,86.13,100.0,0,0,0,0.0,86.13,A+
2062,Ulm University,https://www.uni-ulm.de,Germany,Western & Northern Europe,0.88,0.41,1.0,0.8,0.8943,0.8502,0.64,24.64,9.02,15.0,12.0,8.94,5.95,1.92,77.47,100.0,0,0,0,0.0,77.47,A
2063,Kiel University,https://www.uni-kiel.de,Germany,Western & Northern Europe,0.75,0.53,0.91,0.8,0.997,0.8711,0.5,21.0,11.66,13.65,12.0,9.97,6.1,1.5,75.88,100.0,0,0,0,0.0,75.88,A
2064,Leipzig University,https://www.uni-leipzig.de,Germany,Western & Northern Europe,1.0,0.59,0.79,0.8,1.0,0.7657,0.86,28.0,12.98,11.85,12.0,10.0,5.36,2.58,82.77,100.0,0,0,0,0.0,82.77,A
2065,Friedrich Schiller University Jena,https://www.uni-jena.de,Germany,Western & Northern Europe,0.48,0.21,0.69,0.6,1.0,0.8971,0.36,13.44,4.62,10.35,9.0,10.0,6.28,1.08,54.77,100.0,0,0,0,0.0,54.77,C
2066,Technical University of Darmstadt,https://www.tu-darmstadt.de,Germany,Western & Northern Europe,1.0,0.59,0.83,0.8375,0.8824,0.8156,0.53,28.0,12.98,12.45,12.56,8.82,5.71,1.59,82.11,100.0,0,0,0,0.0,82.11,A
2067,University of Konstanz,https://www.uni-konstanz.de,Germany,Western & Northern Europe,1.0,0.41,0.92,0.7375,0.8673,0.874,0.54,28.0,9.02,13.8,11.06,8.67,6.12,1.62,78.29,100.0,0,0,0,0.0,78.29,A
2068,Ruhr University Bochum,https://www.ruhr-uni-bochum.de,Germany,Western & Northern Europe,0.63,0.41,0.386,0.425,1.0,0.7571,0.76,17.64,9.02,5.79,6.38,10.0,5.3,2.28,56.4,100.0,0,0,0,0.0,56.4,C
2069,Bielefeld University,https://www.uni-bielefeld.de,Germany,Western & Northern Europe,0.75,0.41,1.0,0.8,0.878,0.8672,0.51,21.0,9.02,15.0,12.0,8.78,6.07,1.53,73.4,100.0,0,0,0,0.0,73.4,B
2070,University of Duisburg-Essen,https://www.uni-due.de,Germany,Western & Northern Europe,0.48,0.41,0.72,0.6,0.8921,0.638,0.79,13.44,9.02,10.8,9.0,8.92,4.47,2.37,58.02,100.0,0,0,0,0.0,58.02,C
2071,Leibniz University Hannover,https://www.uni-hannover.de,Germany,Western & Northern Europe,0.75,0.59,0.798,0.6875,0.9156,0.8411,0.48,21.0,12.98,11.97,10.31,9.16,5.89,1.44,72.75,100.0,0,0,0,0.0,72.75,B
2072,Johannes Gutenberg University Mainz,https://www.uni-mainz.de,Germany,Western & Northern Europe,0.65,0.15,0.1,0.8,0.8439,0.6738,0.52,18.2,3.3,1.5,12.0,8.44,4.72,1.56,49.72,100.0,0,0,0,0.0,49.72,D
2073,University of Regensburg,https://www.uni-regensburg.de,Germany,Western & Northern Europe,1.0,0.59,0.9,0.7375,0.8081,0.8691,0.75,28.0,12.98,13.5,11.06,8.08,6.08,2.25,81.96,100.0,0,0,0,0.0,81.96,A
2074,University of Marburg,https://www.uni-marburg.de,Germany,Western & Northern Europe,1.0,0.59,0.9,0.8,0.8153,0.817,0.81,28.0,12.98,13.5,12.0,8.15,5.72,2.43,82.78,100.0,0,0,0,0.0,82.78,A
2075,University of Bremen,https://www.uni-bremen.de,Germany,Western & Northern Europe,1.0,0.59,0.828,0.8375,0.9579,0.8914,1.0,28.0,12.98,12.42,12.56,9.58,6.24,3.0,84.78,100.0,0,0,0,0.0,84.78,A
2076,Paris-Saclay University,https://www.universite-paris-saclay.fr,France,Western & Northern Europe,0.85,0.59,0.766,0.8375,0.9353,0.7124,0.87,23.8,12.98,11.49,12.56,9.35,4.99,2.61,77.78,100.0,0,0,0,0.0,77.78,A
2077,PSL University,https://psl.eu,France,Western & Northern Europe,0.92,0.59,0.878,0.9,0.9157,0.7182,0.73,25.76,12.98,13.17,13.5,9.16,5.03,2.19,81.78,100.0,0,0,0,0.0,81.78,A
2078,Sorbonne University,https://www.sorbonne-universite.fr,France,Western & Northern Europe,1.0,0.85,0.91,0.9,0.8939,0.8655,0.87,28.0,18.7,13.65,13.5,8.94,6.06,2.61,91.46,100.0,0,0,0,0.0,91.46,A+
2080,Universite Paris Cite,https://u-paris.fr,France,Western & Northern Europe,0.7,0.59,0.7,0.8,0.8742,0.6841,0.43,19.6,12.98,10.5,12.0,8.74,4.79,1.29,69.9,100.0,0,0,0,0.0,69.9,B
2081,Aix-Marseille University,https://www.univ-amu.fr,France,Western & Northern Europe,0.88,0.21,0.62,0.525,0.9082,0.845,0.73,24.64,4.62,9.3,7.88,9.08,5.91,2.19,63.62,100.0,0,0,0,0.0,63.62,C
2082,Grenoble Alpes University,https://www.univ-grenoble-alpes.fr,France,Western & Northern Europe,1.0,0.62,0.8,0.625,0.8039,0.8769,0.8,28.0,13.64,12.0,9.38,8.04,6.14,2.4,79.59,100.0,0,0,0,0.0,79.59,A
2083,Claude Bernard University Lyon 1,https://www.univ-lyon1.fr,France,Western & Northern Europe,1.0,0.35,0.42,0.7375,0.8705,0.7482,0.73,28.0,7.7,6.3,11.06,8.71,5.24,2.19,69.2,100.0,0,0,0,0.0,69.2,B
2084,University of Strasbourg,https://www.unistra.fr,France,Western & Northern Europe,1.0,0.97,0.97,0.9,0.7427,0.9126,0.84,28.0,21.34,14.55,13.5,7.43,6.39,2.52,93.72,100.0,0,0,0,0.0,93.72,A+
2085,University of Montpellier,https://www.umontpellier.fr,France,Western & Northern Europe,0.92,0.59,0.78,0.9,0.8141,0.7762,0.76,25.76,12.98,11.7,13.5,8.14,5.43,2.28,79.79,100.0,0,0,0,0.0,79.79,A
2086,Sciences Po,https://www.sciencespo.fr,France,Western & Northern Europe,0.75,0.74,0.42,0.6,0.9121,0.8112,0.81,21.0,16.28,6.3,9.0,9.12,5.68,2.43,69.81,100.0,0,0,0,0.0,69.81,B
2087,University of Bordeaux,https://www.u-bordeaux.fr,France,Western & Northern Europe,1.0,0.59,0.97,0.725,0.8911,0.9223,0.98,28.0,12.98,14.55,10.88,8.91,6.46,2.94,84.71,100.0,0,0,0,0.0,84.71,A
2088,University of Lille,https://www.univ-lille.fr,France,Western & Northern Europe,1.0,0.71,0.92,0.725,0.8423,0.901,0.38,28.0,15.62,13.8,10.88,8.42,6.31,1.14,84.17,100.0,0,0,0,0.0,84.17,A
2089,University of Lorraine,https://www.univ-lorraine.fr,France,Western & Northern Europe,1.0,0.59,0.442,0.7,0.9048,0.8981,0.54,28.0,12.98,6.63,10.5,9.05,6.29,1.62,75.06,100.0,0,0,0,0.0,75.06,A
2090,Universite Cote d'Azur,https://univ-cotedazur.fr,France,Western & Northern Europe,1.0,0.71,0.42,0.9,0.8269,0.6822,0.76,28.0,15.62,6.3,13.5,8.27,4.78,2.28,78.74,100.0,0,0,0,0.0,78.74,A
2091,Toulouse III - Paul Sabatier University,https://www.univ-tlse3.fr,France,Western & Northern Europe,0.75,0.59,0.42,0.9,0.6635,0.8604,0.86,21.0,12.98,6.3,13.5,6.63,6.02,2.58,69.02,100.0,0,0,0,0.0,69.02,B
2092,Nantes University,https://www.univ-nantes.fr,France,Western & Northern Europe,0.88,0.41,0.92,0.825,0.8959,0.8083,0.84,24.64,9.02,13.8,12.38,8.96,5.66,2.52,76.97,100.0,0,0,0,0.0,76.97,A
2094,ENS de Lyon,https://www.ens-lyon.fr,France,Western & Northern Europe,1.0,0.71,0.8,0.7875,0.9121,0.6148,0.98,28.0,15.62,12.0,11.81,9.12,4.3,2.94,83.8,100.0,0,0,0,0.0,83.8,A
2095,Paris-Est Creteil University,https://www.u-pec.fr,France,Western & Northern Europe,0.75,0.47,0.26,0.9375,0.8646,0.7368,0.73,21.0,10.34,3.9,14.06,8.65,5.16,2.19,65.3,100.0,0,0,0,0.0,65.3,B
2096,University of Tours,https://www.univ-tours.fr,France,Western & Northern Europe,1.0,0.41,0.42,0.8375,0.8316,0.843,0.8,28.0,9.02,6.3,12.56,8.32,5.9,2.4,72.5,100.0,0,0,0,0.0,72.5,B
2097,Clermont Auvergne University,https://www.uca.fr,France,Western & Northern Europe,1.0,0.44,0.666,0.725,0.9884,0.8341,0.77,28.0,9.68,9.99,10.88,9.88,5.84,2.31,76.58,100.0,0,0,0,0.0,76.58,A
2098,University of Caen Normandy,https://www.unicaen.fr,France,Western & Northern Europe,1.0,0.59,0.92,1.0,0.8705,0.9174,1.0,28.0,12.98,13.8,15.0,8.71,6.42,3.0,87.91,100.0,0,0,0,0.0,87.91,A+
2099,University of Poitiers,https://www.univ-poitiers.fr,France,Western & Northern Europe,1.0,0.59,0.7,0.8,0.9596,0.8469,0.53,28.0,12.98,10.5,12.0,9.6,5.93,1.59,80.59,100.0,0,0,0,0.0,80.59,A
2100,University of Burgundy,https://www.u-bourgogne.fr,France,Western & Northern Europe,1.0,0.65,0.798,0.775,0.8978,0.7783,0.87,28.0,14.3,11.97,11.62,8.98,5.45,2.61,82.93,100.0,0,0,0,0.0,82.93,A
2101,University of Amsterdam,https://www.uva.nl,Netherlands,Western & Northern Europe,1.0,0.35,0.72,0.7375,0.4255,0.7962,0.47,28.0,7.7,10.8,11.06,4.26,5.57,1.41,68.8,100.0,0,0,0,0.0,68.8,B
2102,Delft University of Technology,https://www.tudelft.nl,Netherlands,Western & Northern Europe,1.0,0.59,0.66,0.625,0.9879,0.8821,0.75,28.0,12.98,9.9,9.38,9.88,6.17,2.25,78.56,100.0,0,0,0,0.0,78.56,A
2103,Utrecht University,https://www.uu.nl,Netherlands,Western & Northern Europe,0.75,0.15,0.2,0.7,0.8439,0.9232,0.65,21.0,3.3,3.0,10.5,8.44,6.46,1.95,54.65,100.0,0,0,0,0.0,54.65,C
2104,Leiden University,https://www.universiteitleiden.nl,Netherlands,Western & Northern Europe,1.0,0.33,0.86,0.8,0.7761,0.7011,0.42,28.0,7.26,12.9,12.0,7.76,4.91,1.26,74.09,100.0,0,0,0,0.0,74.09,B
2105,Erasmus University Rotterdam,https://www.eur.nl,Netherlands,Western & Northern Europe,0.6,0.41,0.7,0.7375,0.92,0.7974,0.75,16.8,9.02,10.5,11.06,9.2,5.58,2.25,64.41,100.0,0,0,0,0.0,64.41,C
2106,University of Groningen,https://www.rug.nl,Netherlands,Western & Northern Europe,1.0,0.41,0.22,0.8,0.708,0.7735,0.53,28.0,9.02,3.3,12.0,7.08,5.41,1.59,66.4,100.0,0,0,0,0.0,66.4,B
2107,Wageningen University & Research,https://www.wur.nl,Netherlands,Western & Northern Europe,0.75,0.41,0.2,0.8,0.816,0.7938,0.28,21.0,9.02,3.0,12.0,8.16,5.56,0.84,59.58,100.0,0,0,0,0.0,59.58,C
2108,Eindhoven University of Technology,https://www.tue.nl,Netherlands,Western & Northern Europe,1.0,0.59,0.34,0.8,0.7615,0.8966,0.79,28.0,12.98,5.1,12.0,7.61,6.28,2.37,74.34,100.0,0,0,0,0.0,74.34,B
2109,Radboud University,https://www.ru.nl,Netherlands,Western & Northern Europe,0.63,0.35,0.88,0.625,0.92,0.8824,0.42,17.64,7.7,13.2,9.38,9.2,6.18,1.26,64.55,100.0,0,0,0,0.0,64.55,C
2110,University of Twente,https://www.utwente.nl,Netherlands,Western & Northern Europe,1.0,0.59,0.59,0.8,0.8538,0.816,0.87,28.0,12.98,8.85,12.0,8.54,5.71,2.61,78.69,100.0,0,0,0,0.0,78.69,A
2111,Maastricht University,https://www.maastrichtuniversity.nl,Netherlands,Western & Northern Europe,1.0,0.59,0.81,0.5375,1.0,0.6187,0.98,28.0,12.98,12.15,8.06,10.0,4.33,2.94,78.46,100.0,0,0,0,0.0,78.46,A
2112,Vrije Universiteit Amsterdam,https://vu.nl,Netherlands,Western & Northern Europe,1.0,0.53,0.72,0.0,0.74,0.689,0.69,28.0,11.66,10.8,0.0,7.4,4.82,2.07,64.75,45.0,1,0,1,19.75,45.0,D
2113,Tilburg University,https://www.tilburguniversity.edu,Netherlands,Western & Northern Europe,1.0,0.53,0.34,0.875,1.0,0.7172,0.67,28.0,11.66,5.1,13.12,10.0,5.02,2.01,74.92,100.0,0,0,0,0.0,74.92,B
2114,Amsterdam University of Applied Sciences,https://www.amsterdamuas.com,Netherlands,Western & Northern Europe,0.77,0.67,0.34,0.7375,0.92,0.7035,0.46,21.56,14.74,5.1,11.06,9.2,4.92,1.38,67.97,100.0,0,0,0,0.0,67.97,B
2115,Rotterdam University of Applied Sciences,https://www.rotterdamuas.com,Netherlands,Western & Northern Europe,1.0,0.41,0.624,0.625,0.66,0.7744,0.29,28.0,9.02,9.36,9.38,6.6,5.42,0.87,68.65,100.0,0,0,0,0.0,68.65,B
2116,The Hague University of Applied Sciences,https://www.thehagueuniversity.com,Netherlands,Western & Northern Europe,0.85,0.67,0.2,0.6,0.9439,0.6525,0.49,23.8,14.74,3.0,9.0,9.44,4.57,1.47,66.02,100.0,0,0,0,0.0,66.02,B
2117,Fontys University of Applied Sciences,https://www.fontys.edu,Netherlands,Western & Northern Europe,0.63,0.41,0.57,0.9,0.83,0.7996,0.56,17.64,9.02,8.55,13.5,8.3,5.6,1.68,64.29,100.0,0,0,0,0.0,64.29,C
2118,Saxion University of Applied Sciences,https://www.saxion.edu,Netherlands,Western & Northern Europe,0.4,0.59,0.6,0.8,0.9043,0.7532,0.5,11.2,12.98,9.0,12.0,9.04,5.27,1.5,61.0,100.0,0,0,0,0.0,61.0,C
2119,HAN University of Applied Sciences,https://www.han.nl,Netherlands,Western & Northern Europe,0.63,0.41,0.53,0.7,0.9116,0.731,0.47,17.64,9.02,7.95,10.5,9.12,5.12,1.41,60.75,100.0,0,0,0,0.0,60.75,C
2120,Hanze University of Applied Sciences,https://www.hanze.nl,Netherlands,Western & Northern Europe,0.63,0.59,0.75,0.9,0.9193,0.7573,0.5,17.64,12.98,11.25,13.5,9.19,5.3,1.5,71.36,100.0,0,0,0,0.0,71.36,B
2121,Karolinska Institute,https://ki.se,Sweden,Western & Northern Europe,0.75,0.41,0.8,0.625,0.9961,0.7334,0.46,21.0,9.02,12.0,9.38,9.96,5.13,1.38,67.87,100.0,0,0,0,0.0,67.87,B
2122,Lund University,https://www.lunduniversity.lu.se,Sweden,Western & Northern Europe,1.0,0.41,0.9,0.625,0.91,0.7305,0.98,28.0,9.02,13.5,9.38,9.1,5.11,2.94,77.05,100.0,0,0,0,0.0,77.05,A
2123,Uppsala University,https://www.uu.se,Sweden,Western & Northern Europe,1.0,0.41,0.7,0.6375,0.8056,0.8029,0.48,28.0,9.02,10.5,9.56,8.06,5.62,1.44,72.2,100.0,0,0,0,0.0,72.2,B
2124,KTH Royal Institute of Technology,https://www.kth.se,Sweden,Western & Northern Europe,0.6,0.35,0.2,0.7375,0.9143,0.8459,0.41,16.8,7.7,3.0,11.06,9.14,5.92,1.23,54.86,100.0,0,0,0,0.0,54.86,C
2125,Stockholm University,https://www.su.se,Sweden,Western & Northern Europe,1.0,0.41,0.8,0.775,0.9266,0.6216,0.49,28.0,9.02,12.0,11.62,9.27,4.35,1.47,75.73,100.0,0,0,0,0.0,75.73,A
2126,Chalmers University of Technology,https://www.chalmers.se,Sweden,Western & Northern Europe,0.92,0.67,0.94,0.5375,0.9038,0.8937,0.98,25.76,14.74,14.1,8.06,9.04,6.26,2.94,80.9,100.0,0,0,0,0.0,80.9,A
2127,University of Gothenburg,https://www.gu.se,Sweden,Western & Northern Europe,0.75,0.67,0.74,0.8,0.5442,0.7013,0.81,21.0,14.74,11.1,12.0,5.44,4.91,2.43,71.62,100.0,0,0,0,0.0,71.62,B
2128,Linkoping University,https://liu.se,Sweden,Western & Northern Europe,0.75,0.41,0.694,0.6375,0.9778,0.9652,0.54,21.0,9.02,10.41,9.56,9.78,6.76,1.62,68.15,100.0,0,0,0,0.0,68.15,B
2129,Umea University,https://www.umu.se,Sweden,Western & Northern Europe,1.0,0.41,0.28,0.55,0.9399,0.8402,0.57,28.0,9.02,4.2,8.25,9.4,5.88,1.71,66.46,100.0,0,0,0,0.0,66.46,B
2130,Swedish University of Agricultural Sciences,https://www.slu.se,Sweden,Western & Northern Europe,1.0,0.41,0.74,0.525,0.9706,0.943,0.79,28.0,9.02,11.1,7.88,9.71,6.6,2.37,74.67,100.0,0,0,0,0.0,74.67,B
2131,Orebro University,https://www.oru.se,Sweden,Western & Northern Europe,1.0,0.35,0.62,0.8,1.0,0.832,0.59,28.0,7.7,9.3,12.0,10.0,5.82,1.77,74.59,100.0,0,0,0,0.0,74.59,B
2133,Lulea University of Technology,https://www.ltu.se,Sweden,Western & Northern Europe,0.75,0.41,0.86,0.8,0.9084,0.885,0.38,21.0,9.02,12.9,12.0,9.08,6.2,1.14,71.34,100.0,0,0,0,0.0,71.34,B
2134,Karlstad University,https://www.kau.se,Sweden,Western & Northern Europe,0.75,0.44,0.68,0.5375,0.92,0.8228,0.59,21.0,9.68,10.2,8.06,9.2,5.76,1.77,65.67,100.0,0,0,0,0.0,65.67,B
2135,Mid Sweden University,https://www.miun.se,Sweden,Western & Northern Europe,0.75,0.59,0.51,0.7375,0.8056,0.8831,0.47,21.0,12.98,7.65,11.06,8.06,6.18,1.41,68.34,100.0,0,0,0,0.0,68.34,B
2136,University of Oslo,https://www.uio.no,Norway,Western & Northern Europe,0.67,0.15,0.71,0.525,0.92,0.872,0.68,18.76,3.3,10.65,7.88,9.2,6.1,2.04,57.93,100.0,0,0,0,0.0,57.93,C
2137,University of Bergen,https://www.uib.no,Norway,Western & Northern Europe,0.0,0.03,0.58,0.7,0.9103,0.7057,0.1,0.0,0.66,8.7,10.5,9.1,4.94,0.3,34.2,100.0,0,0,0,0.0,34.2,F
2138,Norwegian University of Science and Technology,https://www.ntnu.edu,Norway,Western & Northern Europe,1.0,0.41,0.28,0.725,0.9796,0.7435,0.35,28.0,9.02,4.2,10.88,9.8,5.2,1.05,68.15,100.0,0,0,0,0.0,68.15,B
2139,UiT The Arctic University of Norway,https://uit.no,Norway,Western & Northern Europe,0.1,0.03,0.2,0.7375,0.75,0.6651,0.57,2.8,0.66,3.0,11.06,7.5,4.66,1.71,31.39,100.0,0,0,0,0.0,31.39,F
2140,Norwegian University of Life Sciences,https://www.nmbu.no,Norway,Western & Northern Europe,0.0,0.03,0.49,0.7375,0.8841,0.8309,0.34,0.0,0.66,7.35,11.06,8.84,5.82,1.02,34.75,100.0,0,0,0,0.0,34.75,F
2142,University of Agder,https://www.uia.no,Norway,Western & Northern Europe,1.0,0.15,0.71,0.725,0.9084,0.8566,0.43,28.0,3.3,10.65,10.88,9.08,6.0,1.29,69.19,100.0,0,0,0,0.0,69.19,B
2143,Nord University,https://www.nord.no,Norway,Western & Northern Europe,0.0,0.0,0.12,0.8,0.9056,0.8703,0.24,0.0,0.0,1.8,12.0,9.06,6.09,0.72,29.67,100.0,0,0,0,0.0,29.67,F
2144,BI Norwegian Business School,https://www.bi.edu,Norway,Western & Northern Europe,0.67,0.85,0.6,0.625,0.8746,0.9053,0.56,18.76,18.7,9.0,9.38,8.75,6.34,1.68,72.6,100.0,0,0,0,0.0,72.6,B
2145,OsloMet,https://www.oslomet.no,Norway,Western & Northern Europe,0.75,0.53,0.16,0.7,0.888,0.7489,0.2,21.0,11.66,2.4,10.5,8.88,5.24,0.6,60.28,100.0,0,0,0,0.0,60.28,C
2146,Norwegian School of Economics,https://www.nhh.no,Norway,Western & Northern Europe,0.75,0.21,0.91,0.8,0.968,0.8208,0.81,21.0,4.62,13.65,12.0,9.68,5.75,2.43,69.13,100.0,0,0,0,0.0,69.13,B
2147,Inland Norway University of Applied Sciences,https://www.inn.no,Norway,Western & Northern Europe,1.0,0.15,0.68,0.625,0.9103,0.7793,0.35,28.0,3.3,10.2,9.38,9.1,5.45,1.05,66.48,100.0,0,0,0,0.0,66.48,B
2148,University of South-Eastern Norway,https://www.usn.no,Norway,Western & Northern Europe,1.0,0.59,0.85,0.55,0.9564,0.8348,0.86,28.0,12.98,12.75,8.25,9.56,5.84,2.58,79.97,100.0,0,0,0,0.0,79.97,A
2149,Volda University College,https://www.hivolda.no,Norway,Western & Northern Europe,0.0,0.0,0.55,0.7375,0.7393,0.8008,0.35,0.0,0.0,8.25,11.06,7.39,5.61,1.05,33.36,100.0,0,0,0,0.0,33.36,F
2150,Molde University College,https://www.himolde.no,Norway,Western & Northern Europe,0.67,0.59,0.76,0.625,0.887,0.6854,0.57,18.76,12.98,11.4,9.38,8.87,4.8,1.71,67.89,100.0,0,0,0,0.0,67.89,B
2151,University of Copenhagen,https://www.ku.dk,Denmark,Western & Northern Europe,1.0,0.35,0.54,0.7375,0.8136,0.9092,0.36,28.0,7.7,8.1,11.06,8.14,6.36,1.08,70.44,100.0,0,0,0,0.0,70.44,B
2152,Aarhus University,https://international.au.dk,Denmark,Western & Northern Europe,1.0,0.85,0.648,0.8,0.8136,0.8157,0.81,28.0,18.7,9.72,12.0,8.14,5.71,2.43,84.7,100.0,0,0,0,0.0,84.7,A
2153,Technical University of Denmark,https://www.dtu.dk,Denmark,Western & Northern Europe,0.85,0.15,0.42,0.8,0.8218,0.7422,0.5,23.8,3.3,6.3,12.0,8.22,5.2,1.5,60.31,100.0,0,0,0,0.0,60.31,C
2154,Aalborg University,https://www.en.aau.dk,Denmark,Western & Northern Europe,0.67,0.41,0.78,0.6,0.7511,0.8319,0.62,18.76,9.02,11.7,9.0,7.51,5.82,1.86,63.67,100.0,0,0,0,0.0,63.67,C
2155,University of Southern Denmark,https://www.sdu.dk,Denmark,Western & Northern Europe,1.0,0.85,0.768,0.8,0.6885,0.7455,0.98,28.0,18.7,11.52,12.0,6.88,5.22,2.94,85.26,100.0,0,0,0,0.0,85.26,A+
2156,Roskilde University,https://ruc.dk,Denmark,Western & Northern Europe,0.92,0.67,0.56,0.8,0.84,0.7773,0.61,25.76,14.74,8.4,12.0,8.4,5.44,1.83,76.57,100.0,0,0,0,0.0,76.57,A
2157,Copenhagen Business School,https://www.cbs.dk,Denmark,Western & Northern Europe,0.85,0.61,0.8,0.9,0.8831,0.5526,0.48,23.8,13.42,12.0,13.5,8.83,3.87,1.44,76.86,100.0,0,0,0,0.0,76.86,A
2158,IT University of Copenhagen,https://en.itu.dk,Denmark,Western & Northern Europe,0.75,0.67,0.58,0.9,0.9066,0.6977,0.89,21.0,14.74,8.7,13.5,9.07,4.88,2.67,74.56,100.0,0,0,0,0.0,74.56,B
2159,VIA University College,https://www.via.dk,Denmark,Western & Northern Europe,0.75,0.18,0.2,0.6,0.8266,0.8141,0.33,21.0,3.96,3.0,9.0,8.27,5.7,0.99,51.91,100.0,0,0,0,0.0,51.91,C
2160,University College Copenhagen,https://www.kp.dk,Denmark,Western & Northern Europe,0.75,0.35,0.54,0.7375,0.888,0.9043,0.4,21.0,7.7,8.1,11.06,8.88,6.33,1.2,64.27,100.0,0,0,0,0.0,64.27,C
2161,UCL University College,https://www.ucl.dk,Denmark,Western & Northern Europe,0.6,0.44,0.6,0.6,0.8946,0.71,0.26,16.8,9.68,9.0,9.0,8.95,4.97,0.78,59.18,100.0,0,0,0,0.0,59.18,C
2162,University College of Northern Denmark,https://www.ucn.dk,Denmark,Western & Northern Europe,0.75,0.35,0.65,0.6375,0.92,0.8233,0.4,21.0,7.7,9.75,9.56,9.2,5.76,1.2,64.18,100.0,0,0,0,0.0,64.18,C
2163,University College Absalon,https://phabsalon.dk,Denmark,Western & Northern Europe,0.63,0.35,0.16,0.8,0.84,0.7167,0.38,17.64,7.7,2.4,12.0,8.4,5.02,1.14,54.3,100.0,0,0,0,0.0,54.3,C
2164,Royal Danish Academy,https://royaldanishacademy.com,Denmark,Western & Northern Europe,1.0,0.53,0.92,0.425,0.9962,0.8653,0.79,28.0,11.66,13.8,6.38,9.96,6.06,2.37,78.22,100.0,0,0,0,0.0,78.22,A
2165,Design School Kolding,https://www.designskolenkolding.dk,Denmark,Western & Northern Europe,0.63,0.15,0.58,0.8,0.8361,0.8609,0.7,17.64,3.3,8.7,12.0,8.36,6.03,2.1,58.13,100.0,0,0,0,0.0,58.13,C
2166,University of Helsinki,https://www.helsinki.fi,Finland,Western & Northern Europe,1.0,0.53,0.72,0.525,0.9635,0.7764,0.81,28.0,11.66,10.8,7.88,9.64,5.43,2.43,75.84,100.0,0,0,0,0.0,75.84,A
2167,Aalto University,https://www.aalto.fi,Finland,Western & Northern Europe,1.0,0.35,0.98,0.8,0.91,0.9252,0.71,28.0,7.7,14.7,12.0,9.1,6.48,2.13,80.11,100.0,0,0,0,0.0,80.11,A
2168,University of Turku,https://www.utu.fi,Finland,Western & Northern Europe,0.7,0.35,0.8,0.5,0.92,0.7358,0.41,19.6,7.7,12.0,7.5,9.2,5.15,1.23,62.38,100.0,0,0,0,0.0,62.38,C
2169,Tampere University,https://www.tuni.fi,Finland,Western & Northern Europe,0.22,0.35,0.0,0.5375,0.644,0.8827,0.25,6.16,7.7,0.0,8.06,6.44,6.18,0.75,35.29,100.0,0,0,0,0.0,35.29,D
2170,University of Oulu,https://www.oulu.fi,Finland,Western & Northern Europe,0.55,0.41,0.588,0.625,0.7256,0.8624,0.5,15.4,9.02,8.82,9.38,7.26,6.04,1.5,57.41,100.0,0,0,0,0.0,57.41,C
2171,University of Jyvaskyla,https://www.jyu.fi,Finland,Western & Northern Europe,0.55,0.41,0.94,0.7375,0.8729,0.8199,0.51,15.4,9.02,14.1,11.06,8.73,5.74,1.53,65.58,100.0,0,0,0,0.0,65.58,B
2172,University of Eastern Finland,https://www.uef.fi,Finland,Western & Northern Europe,0.85,0.41,0.7,0.775,0.8707,0.8879,0.36,23.8,9.02,10.5,11.62,8.71,6.22,1.08,70.95,100.0,0,0,0,0.0,70.95,B
2173,Abo Akademi University,https://www.abo.fi,Finland,Western & Northern Europe,0.92,0.21,0.9,0.625,0.8836,0.8652,0.5,25.76,4.62,13.5,9.38,8.84,6.06,1.5,69.65,100.0,0,0,0,0.0,69.65,B
2174,LUT University,https://www.lut.fi,Finland,Western & Northern Europe,0.85,0.41,0.86,0.8,0.8996,0.8531,0.87,23.8,9.02,12.9,12.0,9.0,5.97,2.61,75.3,100.0,0,0,0,0.0,75.3,A
2175,University of Vaasa,https://www.uwasa.fi,Finland,Western & Northern Europe,0.3,0.41,0.82,0.8,0.92,0.6361,0.59,8.4,9.02,12.3,12.0,9.2,4.45,1.77,57.14,100.0,0,0,0,0.0,57.14,C
2176,ETH Zurich,https://ethz.ch,Switzerland/Austria,Western & Northern Europe,1.0,0.59,1.0,0.7,0.9146,0.6197,0.75,28.0,12.98,15.0,10.5,9.15,4.34,2.25,82.21,100.0,0,0,0,0.0,82.21,A
2177,EPFL,https://www.epfl.ch,Switzerland/Austria,Western & Northern Europe,0.92,0.59,0.79,0.7375,0.986,0.8251,0.76,25.76,12.98,11.85,11.06,9.86,5.78,2.28,79.57,100.0,0,0,0,0.0,79.57,A
2178,University of Zurich,https://www.uzh.ch,Switzerland/Austria,Western & Northern Europe,1.0,0.59,0.92,0.5375,0.8883,0.8454,0.86,28.0,12.98,13.8,8.06,8.88,5.92,2.58,80.22,100.0,0,0,0,0.0,80.22,A
2179,University of Geneva,https://www.unige.ch,Switzerland/Austria,Western & Northern Europe,1.0,0.41,0.9,0.7375,0.7456,0.6224,0.87,28.0,9.02,13.5,11.06,7.46,4.36,2.61,76.0,100.0,0,0,0,0.0,76.0,A
2180,University of Bern,https://www.unibe.ch,Switzerland/Austria,Western & Northern Europe,1.0,0.59,0.91,0.8,0.7738,0.73,1.0,28.0,12.98,13.65,12.0,7.74,5.11,3.0,82.48,100.0,0,0,0,0.0,82.48,A
2181,University of Basel,https://www.unibas.ch,Switzerland/Austria,Western & Northern Europe,1.0,0.59,0.34,0.9,0.8362,0.8396,0.86,28.0,12.98,5.1,13.5,8.36,5.88,2.58,76.4,100.0,0,0,0,0.0,76.4,A
2182,University of Vienna,https://www.univie.ac.at,Switzerland/Austria,Western & Northern Europe,0.75,0.59,0.79,0.8375,0.912,0.8498,0.75,21.0,12.98,11.85,12.56,9.12,5.95,2.25,75.71,100.0,0,0,0,0.0,75.71,A
2183,TU Wien,https://www.tuwien.at,Switzerland/Austria,Western & Northern Europe,0.75,0.41,0.88,0.7375,0.9939,0.8556,0.65,21.0,9.02,13.2,11.06,9.94,5.99,1.95,72.16,100.0,0,0,0,0.0,72.16,B
2184,University of Innsbruck,https://www.uibk.ac.at,Switzerland/Austria,Western & Northern Europe,0.88,0.38,0.32,0.55,0.8955,0.7105,0.92,24.64,8.36,4.8,8.25,8.96,4.97,2.76,62.74,100.0,0,0,0,0.0,62.74,C
2185,Graz University of Technology,https://www.tugraz.at,Switzerland/Austria,Western & Northern Europe,1.0,0.33,0.28,0.0,0.92,0.7074,0.47,28.0,7.26,4.2,0.0,9.2,4.95,1.41,55.02,45.0,1,0,1,10.02,45.0,D
2186,KU Leuven,https://www.kuleuven.be,Belgium/Ireland/Iceland,Western & Northern Europe,0.73,0.41,0.22,0.525,0.92,0.8314,0.39,20.44,9.02,3.3,7.88,9.2,5.82,1.17,56.83,100.0,0,0,0,0.0,56.83,C
2187,Ghent University,https://www.ugent.be,Belgium/Ireland/Iceland,Western & Northern Europe,1.0,0.38,0.45,0.6875,1.0,0.8218,0.65,28.0,8.36,6.75,10.31,10.0,5.75,1.95,71.13,100.0,0,0,0,0.0,71.13,B
2188,UCLouvain,https://uclouvain.be,Belgium/Ireland/Iceland,Western & Northern Europe,1.0,0.59,0.706,0.5875,0.7705,0.6206,0.54,28.0,12.98,10.59,8.81,7.71,4.34,1.62,74.05,100.0,0,0,0,0.0,74.05,B
2189,University of Antwerp,https://www.uantwerpen.be,Belgium/Ireland/Iceland,Western & Northern Europe,1.0,0.41,0.648,0.6375,0.768,0.7686,0.39,28.0,9.02,9.72,9.56,7.68,5.38,1.17,70.53,100.0,0,0,0,0.0,70.53,B
2190,Universite libre de Bruxelles,https://www.ulb.be,Belgium/Ireland/Iceland,Western & Northern Europe,1.0,0.53,0.786,0.9,0.7726,0.8575,0.69,28.0,11.66,11.79,13.5,7.73,6.0,2.07,80.75,100.0,0,0,0,0.0,80.75,A
2191,Vrije Universiteit Brussel,https://www.vub.be,Belgium/Ireland/Iceland,Western & Northern Europe,1.0,0.71,0.9,0.8375,0.9179,0.7899,0.81,28.0,15.62,13.5,12.56,9.18,5.53,2.43,86.82,100.0,0,0,0,0.0,86.82,A+
2192,University of Liege,https://www.uliege.be,Belgium/Ireland/Iceland,Western & Northern Europe,1.0,0.71,0.866,0.8375,0.9573,0.8744,0.98,28.0,15.62,12.99,12.56,9.57,6.12,2.94,87.81,100.0,0,0,0,0.0,87.81,A+
2193,Trinity College Dublin,https://www.tcd.ie,Belgium/Ireland/Iceland,Western & Northern Europe,0.92,0.21,0.664,0.8,0.8403,0.6264,0.48,25.76,4.62,9.96,12.0,8.4,4.38,1.44,66.57,100.0,0,0,0,0.0,66.57,B
2194,University College Dublin,https://www.ucd.ie,Belgium/Ireland/Iceland,Western & Northern Europe,1.0,0.0,0.286,0.7375,0.91,0.8589,0.56,28.0,0.0,4.29,11.06,9.1,6.01,1.68,60.15,100.0,0,0,0,0.0,60.15,C
2195,University College Cork,https://www.ucc.ie,Belgium/Ireland/Iceland,Western & Northern Europe,1.0,0.41,0.6,0.8375,0.8921,0.8276,0.78,28.0,9.02,9.0,12.56,8.92,5.79,2.34,75.64,100.0,0,0,0,0.0,75.64,A
2196,University of Galway,https://www.universityofgalway.ie,Belgium/Ireland/Iceland,Western & Northern Europe,1.0,0.85,0.6,0.8,0.7733,0.7928,0.47,28.0,18.7,9.0,12.0,7.73,5.55,1.41,82.39,100.0,0,0,0,0.0,82.39,A
2197,Dublin City University,https://www.dcu.ie,Belgium/Ireland/Iceland,Western & Northern Europe,1.0,0.62,0.868,0.8,0.8293,0.7841,1.0,28.0,13.64,13.02,12.0,8.29,5.49,3.0,83.44,100.0,0,0,0,0.0,83.44,A
2198,University of Limerick,https://www.ul.ie,Belgium/Ireland/Iceland,Western & Northern Europe,0.92,0.62,0.8,0.7,0.878,0.7385,0.75,25.76,13.64,12.0,10.5,8.78,5.17,2.25,78.1,100.0,0,0,0,0.0,78.1,A
2199,University of Iceland,https://www.hi.is,Belgium/Ireland/Iceland,Western & Northern Europe,0.0,0.03,0.02,0.7375,0.8236,0.8715,0.35,0.0,0.66,0.3,11.06,8.24,6.1,1.05,27.41,100.0,0,0,0,0.0,27.41,F
2200,Reykjavik University,https://en.ru.is,Belgium/Ireland/Iceland,Western & Northern Europe,0.92,0.91,0.32,0.6875,0.6381,0.8242,0.98,25.76,20.02,4.8,10.31,6.38,5.77,2.94,75.98,100.0,0,0,0,0.0,75.98,A
2300,University of Luxembourg,https://www.uni.lu,Switzerland/Austria,Western & Northern Europe,1.0,0.59,0.91,0.7375,0.8724,0.6632,0.64,28.0,12.98,13.65,11.06,8.72,4.64,1.92,80.98,100.0,0,0,0,0.0,80.98,A
2301,University of St. Gallen,https://www.unisg.ch,Switzerland/Austria,Western & Northern Europe,1.0,0.53,0.89,0.4,0.8594,0.8377,0.92,28.0,11.66,13.35,6.0,8.59,5.86,2.76,76.23,45.0,1,0,1,31.23,45.0,D
2302,University of Lausanne,https://www.unil.ch,Switzerland/Austria,Western & Northern Europe,1.0,0.59,0.84,1.0,0.968,0.8763,0.87,28.0,12.98,12.6,15.0,9.68,6.13,2.61,87.0,100.0,0,0,0,0.0,87.0,A+
2303,University of Fribourg,https://www.unifr.ch,Switzerland/Austria,Western & Northern Europe,1.0,0.53,0.88,0.525,0.75,0.7979,0.76,28.0,11.66,13.2,7.88,7.5,5.59,2.28,76.1,100.0,0,0,0,0.0,76.1,A
2304,Johannes Kepler University Linz,https://www.jku.at,Switzerland/Austria,Western & Northern Europe,0.92,0.41,0.88,0.7,0.988,0.7685,0.75,25.76,9.02,13.2,10.5,9.88,5.38,2.25,75.99,100.0,0,0,0,0.0,75.99,A
2305,University of Salzburg,https://www.plus.ac.at,Switzerland/Austria,Western & Northern Europe,1.0,0.59,0.848,0.7375,0.8732,0.8025,0.86,28.0,12.98,12.72,11.06,8.73,5.62,2.58,81.69,100.0,0,0,0,0.0,81.69,A
2306,Medical University of Vienna,https://www.meduniwien.ac.at,Switzerland/Austria,Western & Northern Europe,1.0,0.35,0.34,0.6875,0.66,0.7503,0.48,28.0,7.7,5.1,10.31,6.6,5.25,1.44,64.4,100.0,0,0,0,0.0,64.4,C
2307,Hasselt University,https://www.uhasselt.be,Belgium/Ireland/Iceland,Western & Northern Europe,1.0,0.67,0.086,0.7,0.8856,0.8527,0.65,28.0,14.74,1.29,10.5,8.86,5.97,1.95,71.3,100.0,0,0,0,0.0,71.3,B
2308,University of Namur,https://www.unamur.be,Belgium/Ireland/Iceland,Western & Northern Europe,1.0,0.24,0.9,0.9,0.92,0.6929,0.65,28.0,5.28,13.5,13.5,9.2,4.85,1.95,76.28,100.0,0,0,0,0.0,76.28,A
2309,Maynooth University,https://www.maynoothuniversity.ie,Belgium/Ireland/Iceland,Western & Northern Europe,1.0,0.97,0.88,0.7875,0.8035,0.9749,0.89,28.0,21.34,13.2,11.81,8.03,6.82,2.67,91.88,100.0,0,0,0,0.0,91.88,A+
2310,Technological University Dublin,https://www.tudublin.ie,Belgium/Ireland/Iceland,Western & Northern Europe,1.0,0.62,0.8,0.3,0.9651,0.9498,0.62,28.0,13.64,12.0,4.5,9.65,6.65,1.86,76.3,45.0,1,0,1,31.3,45.0,D
2311,Munster Technological University,https://www.mtu.ie,Belgium/Ireland/Iceland,Western & Northern Europe,0.75,0.85,0.72,0.7375,0.8273,0.8114,0.83,21.0,18.7,10.8,11.06,8.27,5.68,2.49,78.01,100.0,0,0,0,0.0,78.01,A
3001,Sapienza University of Rome,https://www.uniroma1.it,Italy,Eastern & Southern Europe,0.4,0.18,0.67,0.8,0.888,0.956,0.63,11.2,3.96,10.05,12.0,8.88,6.69,1.89,54.67,100.0,0,0,0,0.0,54.67,C
3003,University of Bologna,https://www.unibo.it,Italy,Eastern & Southern Europe,0.6,0.74,0.366,0.625,0.9525,0.7262,0.98,16.8,16.28,5.49,9.38,9.53,5.08,2.94,65.49,100.0,0,0,0,0.0,65.49,B
3004,University of Padua,https://www.unipd.it,Italy,Eastern & Southern Europe,0.1,0.23,0.32,0.8,0.8658,0.999,0.44,2.8,5.06,4.8,12.0,8.66,6.99,1.32,41.63,100.0,0,0,0,0.0,41.63,D
3005,Polytechnic University of Milan,https://www.polimi.it,Italy,Eastern & Southern Europe,1.0,0.85,0.98,0.6,0.8719,0.7817,0.89,28.0,18.7,14.7,9.0,8.72,5.47,2.67,87.26,100.0,0,0,0,0.0,87.26,A+
3006,University of Naples Federico II,https://www.unina.it,Italy,Eastern & Southern Europe,0.0,0.21,0.82,0.525,0.92,0.7678,0.44,0.0,4.62,12.3,7.88,9.2,5.37,1.32,40.69,100.0,0,0,0,0.0,40.69,D
3008,University of Pisa,https://www.unipi.it,Italy,Eastern & Southern Europe,0.92,0.53,0.28,0.8,0.7318,0.6337,0.64,25.76,11.66,4.2,12.0,7.32,4.44,1.92,67.29,100.0,0,0,0,0.0,67.29,B
3010,Polytechnic University of Turin,https://www.polito.it,Italy,Eastern & Southern Europe,1.0,0.53,0.726,0.625,0.888,0.8424,0.87,28.0,11.66,10.89,9.38,8.88,5.9,2.61,77.31,100.0,0,0,0,0.0,77.31,A
3013,University of Genoa,https://www.unige.it,Italy,Eastern & Southern Europe,1.0,0.53,0.88,0.7,0.8586,0.7971,0.73,28.0,11.66,13.2,10.5,8.59,5.58,2.19,79.72,100.0,0,0,0,0.0,79.72,A
3017,University of Catania,https://www.unict.it,Italy,Eastern & Southern Europe,0.67,0.53,0.364,0.725,0.8266,0.8922,0.65,18.76,11.66,5.46,10.88,8.27,6.25,1.95,63.22,100.0,0,0,0,0.0,63.22,C
3018,University of Palermo,https://www.unipa.it,Italy,Eastern & Southern Europe,0.55,0.74,0.2,0.6375,0.75,0.8275,0.6,15.4,16.28,3.0,9.56,7.5,5.79,1.8,59.34,100.0,0,0,0,0.0,59.34,C
3019,University of Perugia,https://www.unipg.it,Italy,Eastern & Southern Europe,0.82,0.79,0.31,0.425,0.92,0.7304,0.77,22.96,17.38,4.65,6.38,9.2,5.11,2.31,67.99,100.0,0,0,0,0.0,67.99,B
3020,Vita-Salute San Raffaele University,https://www.unisr.it,Italy,Eastern & Southern Europe,1.0,0.88,0.568,0.8,0.8612,0.9274,0.98,28.0,19.36,8.52,12.0,8.61,6.49,2.94,85.92,100.0,0,0,0,0.0,85.92,A+
3021,Bocconi University,https://www.unibocconi.it,Italy,Eastern & Southern Europe,1.0,0.53,0.42,0.625,0.9759,0.9294,0.81,28.0,11.66,6.3,9.38,9.76,6.51,2.43,74.03,100.0,0,0,0,0.0,74.03,B
3022,Ca' Foscari University of Venice,https://www.unive.it,Italy,Eastern & Southern Europe,1.0,0.41,0.8,0.8,0.7209,0.8186,0.92,28.0,9.02,12.0,12.0,7.21,5.73,2.76,76.72,100.0,0,0,0,0.0,76.72,A
3023,University of Modena and Reggio Emilia,https://www.unimore.it,Italy,Eastern & Southern Europe,0.92,0.26,0.64,0.9,0.6891,0.7821,0.88,25.76,5.72,9.6,13.5,6.89,5.47,2.64,69.59,100.0,0,0,0,0.0,69.59,B
3024,University of Parma,https://www.unipr.it,Italy,Eastern & Southern Europe,1.0,0.68,0.94,0.7375,0.9386,0.997,0.7,28.0,14.96,14.1,11.06,9.39,6.98,2.1,86.59,100.0,0,0,0,0.0,86.59,A+
3027,University of Trieste,https://www.units.it,Italy,Eastern & Southern Europe,1.0,0.59,0.98,0.8,0.7771,0.7937,0.79,28.0,12.98,14.7,12.0,7.77,5.56,2.37,83.38,100.0,0,0,0,0.0,83.38,A
3028,University of Salerno,https://www.unisa.it,Italy,Eastern & Southern Europe,0.4,0.21,0.226,0.8875,0.6903,0.6498,0.8,11.2,4.62,3.39,13.31,6.9,4.55,2.4,46.37,100.0,0,0,0,0.0,46.37,D
3029,Roma Tre University,https://www.uniroma3.it,Italy,Eastern & Southern Europe,1.0,0.53,0.8,0.675,0.8794,0.7811,0.9,28.0,11.66,12.0,10.12,8.79,5.47,2.7,78.75,100.0,0,0,0,0.0,78.75,A
3030,University of Calabria,https://www.unical.it,Italy,Eastern & Southern Europe,0.55,0.35,0.4,0.8,0.83,0.78,0.73,15.4,7.7,6.0,12.0,8.3,5.46,2.19,57.05,100.0,0,0,0,0.0,57.05,C
3032,University of Ferrara,https://www.unife.it,Italy,Eastern & Southern Europe,0.42,0.35,0.304,0.8,0.7773,0.7893,0.24,11.76,7.7,4.56,12.0,7.77,5.52,0.72,50.04,100.0,0,0,0,0.0,50.04,C
3033,University of Cagliari,https://www.unica.it,Italy,Eastern & Southern Europe,0.33,0.26,0.66,0.5375,0.6204,0.6418,0.54,9.24,5.72,9.9,8.06,6.2,4.49,1.62,45.24,100.0,0,0,0,0.0,45.24,D
3034,University of Messina,https://www.unime.it,Italy,Eastern & Southern Europe,0.65,0.59,0.66,0.9,0.83,0.7841,0.8,18.2,12.98,9.9,13.5,8.3,5.49,2.4,70.77,100.0,0,0,0,0.0,70.77,B
3035,University of Sassari,https://www.uniss.it,Italy,Eastern & Southern Europe,0.4,0.38,0.16,0.9,0.92,0.737,0.65,11.2,8.36,2.4,13.5,9.2,5.16,1.95,51.77,100.0,0,0,0,0.0,51.77,C
3036,Marche Polytechnic University,https://www.univpm.it,Italy,Eastern & Southern Europe,0.92,0.59,0.726,0.725,0.8329,0.7065,0.68,25.76,12.98,10.89,10.88,8.33,4.95,2.04,75.82,100.0,0,0,0,0.0,75.82,A
3037,Scuola Normale Superiore di Pisa,https://www.sns.it,Italy,Eastern & Southern Europe,0.92,0.85,0.72,0.7375,0.92,0.7201,0.73,25.76,18.7,10.8,11.06,9.2,5.04,2.19,82.75,100.0,0,0,0,0.0,82.75,A
3038,Sant'Anna School of Advanced Studies,https://www.santannapisa.it,Italy,Eastern & Southern Europe,1.0,0.2,0.84,0.8,0.84,0.7316,0.87,28.0,4.4,12.6,12.0,8.4,5.12,2.61,73.13,100.0,0,0,0,0.0,73.13,B
3039,University of Udine,https://www.uniud.it,Italy,Eastern & Southern Europe,0.55,0.18,0.0,0.8,0.888,0.8217,0.1,15.4,3.96,0.0,12.0,8.88,5.75,0.3,46.29,100.0,0,0,0,0.0,46.29,D
3042,Autonomous University of Madrid,https://www.uam.es,Spain,Eastern & Southern Europe,0.92,0.35,0.444,0.9,0.9964,0.7008,0.42,25.76,7.7,6.66,13.5,9.96,4.91,1.26,69.75,100.0,0,0,0,0.0,69.75,B
3043,Autonomous University of Barcelona,https://www.uab.cat,Spain,Eastern & Southern Europe,0.92,0.59,0.24,0.9,0.83,0.822,0.89,25.76,12.98,3.6,13.5,8.3,5.75,2.67,72.56,100.0,0,0,0,0.0,72.56,B
3045,University of Valencia,https://www.uv.es,Spain,Eastern & Southern Europe,0.0,0.0,0.02,0.0,0.32,0.5677,0.06,0.0,0.0,0.3,0.0,3.2,3.97,0.18,7.65,45.0,1,0,1,0.0,7.65,F
3046,Polytechnic University of Catalonia,https://www.upc.edu,Spain,Eastern & Southern Europe,0.88,0.59,0.3,0.725,0.9263,0.7145,0.87,24.64,12.98,4.5,10.88,9.26,5.0,2.61,69.87,100.0,0,0,0,0.0,69.87,B
3048,University of Navarra,https://www.unav.edu,Spain,Eastern & Southern Europe,1.0,0.44,0.92,0.7375,0.9192,0.9373,0.87,28.0,9.68,13.8,11.06,9.19,6.56,2.61,80.91,100.0,0,0,0,0.0,80.91,A
3049,University of Granada,https://www.ugr.es,Spain,Eastern & Southern Europe,0.88,0.15,0.286,1.0,0.8747,0.7718,0.44,24.64,3.3,4.29,15.0,8.75,5.4,1.32,62.7,100.0,0,0,0,0.0,62.7,C
3050,Polytechnic University of Madrid,https://www.upm.es,Spain,Eastern & Southern Europe,0.55,0.26,0.22,0.5375,0.8259,0.7364,0.3,15.4,5.72,3.3,8.06,8.26,5.15,0.9,46.8,100.0,0,0,0,0.0,46.8,D
3051,University of the Basque Country,https://www.ehu.eus,Spain,Eastern & Southern Europe,0.55,0.39,0.2,0.725,0.9056,0.6578,0.57,15.4,8.58,3.0,10.88,9.06,4.6,1.71,53.22,100.0,0,0,0,0.0,53.22,C
3052,Charles III University of Madrid,https://www.uc3m.es,Spain,Eastern & Southern Europe,0.55,0.85,0.8,0.8,0.9085,0.8404,0.84,15.4,18.7,12.0,12.0,9.08,5.88,2.52,75.59,100.0,0,0,0,0.0,75.59,A
3053,University of Santiago de Compostela,https://www.usc.gal,Spain,Eastern & Southern Europe,0.8,0.53,0.67,0.775,0.92,0.802,0.51,22.4,11.66,10.05,11.62,9.2,5.61,1.53,72.08,100.0,0,0,0,0.0,72.08,B
3054,University of Zaragoza,https://www.unizar.es,Spain,Eastern & Southern Europe,1.0,0.62,0.908,0.325,0.9019,0.619,0.87,28.0,13.64,13.62,4.88,9.02,4.33,2.61,76.1,100.0,0,0,0,0.0,76.1,A
3055,University of Salamanca,https://www.usal.es,Spain,Eastern & Southern Europe,0.1,0.15,0.344,0.5375,0.4067,0.611,0.34,2.8,3.3,5.16,8.06,4.07,4.28,1.02,28.69,100.0,0,0,0,0.0,28.69,F
3057,Rovira i Virgili University,https://www.urv.cat,Spain,Eastern & Southern Europe,0.88,0.59,0.8,0.8,0.8248,0.7967,0.73,24.64,12.98,12.0,12.0,8.25,5.58,2.19,77.63,100.0,0,0,0,0.0,77.63,A
3058,University of Malaga,https://www.uma.es,Spain,Eastern & Southern Europe,0.0,0.15,0.4,0.8,0.6778,0.5639,0.48,0.0,3.3,6.0,12.0,6.78,3.95,1.44,33.47,100.0,0,0,0,0.0,33.47,F
3059,University of Alicante,https://www.ua.es,Spain,Eastern & Southern Europe,0.92,0.56,0.848,0.725,0.8996,0.7419,0.89,25.76,12.32,12.72,10.88,9.0,5.19,2.67,78.53,100.0,0,0,0,0.0,78.53,A
3060,Polytechnic University of Valencia,https://www.upv.es,Spain,Eastern & Southern Europe,0.85,0.59,0.42,0.7,0.8897,0.7545,0.78,23.8,12.98,6.3,10.5,8.9,5.28,2.34,70.1,100.0,0,0,0,0.0,70.1,B
3061,University of Murcia,https://www.um.es,Spain,Eastern & Southern Europe,0.0,0.15,0.548,0.325,0.9024,0.8076,0.72,0.0,3.3,8.22,4.88,9.02,5.65,2.16,33.23,100.0,0,0,0,0.0,33.23,F
3062,University of Cordoba,https://www.uco.es,Spain,Eastern & Southern Europe,0.45,0.15,0.26,0.8,0.7914,0.6254,0.24,12.6,3.3,3.9,12.0,7.91,4.38,0.72,44.81,100.0,0,0,0,0.0,44.81,D
3063,University of Valladolid,https://www.uva.es,Spain,Eastern & Southern Europe,0.4,0.35,0.0,0.25,0.75,0.5088,0.14,11.2,7.7,0.0,3.75,7.5,3.56,0.42,34.13,100.0,0,0,0,0.0,34.13,F
3064,University of Oviedo,https://www.uniovi.es,Spain,Eastern & Southern Europe,0.8,0.15,0.68,0.2,0.84,0.7615,0.55,22.4,3.3,10.2,3.0,8.4,5.33,1.65,54.28,45.0,1,0,1,9.28,45.0,D
3066,University of Cantabria,https://web.unican.es,Spain,Eastern & Southern Europe,0.8,0.41,0.16,0.8,0.8332,0.8094,0.63,22.4,9.02,2.4,12.0,8.33,5.67,1.89,61.71,100.0,0,0,0,0.0,61.71,C
3067,University of Girona,https://www.udg.edu,Spain,Eastern & Southern Europe,0.92,0.59,0.948,0.8,0.7586,0.883,0.98,25.76,12.98,14.22,12.0,7.59,6.18,2.94,81.67,100.0,0,0,0,0.0,81.67,A
3068,University of the Balearic Islands,https://www.uib.eu,Spain,Eastern & Southern Europe,0.52,0.21,0.1,0.55,0.8439,0.8036,0.71,14.56,4.62,1.5,8.25,8.44,5.63,2.13,45.12,100.0,0,0,0,0.0,45.12,D
3070,Jaume I University,https://www.uji.es,Spain,Eastern & Southern Europe,0.67,0.41,0.78,0.3,0.92,0.7705,0.67,18.76,9.02,11.7,4.5,9.2,5.39,2.01,60.58,45.0,1,0,1,15.58,45.0,D
3071,University of Vigo,https://www.uvigo.gal,Spain,Eastern & Southern Europe,1.0,0.59,0.98,0.7375,0.8999,0.8305,0.87,28.0,12.98,14.7,11.06,9.0,5.81,2.61,84.16,100.0,0,0,0,0.0,84.16,A
3072,University of Extremadura,https://www.unex.es,Spain,Eastern & Southern Europe,0.0,0.15,0.38,0.8,0.72,0.9121,0.24,0.0,3.3,5.7,12.0,7.2,6.38,0.72,35.3,100.0,0,0,0,0.0,35.3,D
3073,Rey Juan Carlos University,https://www.urjc.es,Spain,Eastern & Southern Europe,0.3,0.15,0.34,0.8,0.5343,0.6819,0.31,8.4,3.3,5.1,12.0,5.34,4.77,0.93,39.85,100.0,0,0,0,0.0,39.85,D
3074,University of La Laguna,https://www.ull.es,Spain,Eastern & Southern Europe,1.0,0.53,0.882,0.5875,0.72,0.7964,0.67,28.0,11.66,13.23,8.81,7.2,5.57,2.01,76.49,100.0,0,0,0,0.0,76.49,A
3075,University of Almeria,https://www.ual.es,Spain,Eastern & Southern Europe,1.0,0.79,0.466,0.65,0.9464,0.5809,0.54,28.0,17.38,6.99,9.75,9.46,4.07,1.62,77.27,100.0,0,0,0,0.0,77.27,A
3076,University of Warsaw,https://www.uw.edu.pl,Poland,Eastern & Southern Europe,0.92,0.65,0.3,0.8,0.744,0.6437,0.44,25.76,14.3,4.5,12.0,7.44,4.51,1.32,69.83,100.0,0,0,0,0.0,69.83,B
3077,Jagiellonian University,https://www.uj.edu.pl,Poland,Eastern & Southern Europe,1.0,0.7,0.89,0.35,0.8935,0.6448,0.79,28.0,15.4,13.35,5.25,8.93,4.51,2.37,77.82,100.0,0,0,0,0.0,77.82,A
3078,Warsaw University of Technology,https://www.pw.edu.pl,Poland,Eastern & Southern Europe,0.1,0.15,0.086,0.8,0.7373,0.7449,0.46,2.8,3.3,1.29,12.0,7.37,5.21,1.38,33.36,100.0,0,0,0,0.0,33.36,F
3079,AGH University of Krakow,https://www.agh.edu.pl,Poland,Eastern & Southern Europe,0.85,0.35,0.684,0.625,0.91,0.9181,0.54,23.8,7.7,10.26,9.38,9.1,6.43,1.62,68.28,100.0,0,0,0,0.0,68.28,B
3080,Adam Mickiewicz University,https://www.amu.edu.pl,Poland,Eastern & Southern Europe,0.92,0.53,0.92,0.8,0.8893,0.9091,0.77,25.76,11.66,13.8,12.0,8.89,6.36,2.31,80.79,100.0,0,0,0,0.0,80.79,A
3081,University of Wroclaw,https://www.uwr.edu.pl,Poland,Eastern & Southern Europe,0.92,0.59,0.508,0.725,0.9439,0.4819,0.79,25.76,12.98,7.62,10.88,9.44,3.37,2.37,72.42,100.0,0,0,0,0.0,72.42,B
3082,Wroclaw University of Science and Technology,https://www.pwr.edu.pl,Poland,Eastern & Southern Europe,0.62,0.41,0.72,0.9,0.956,0.8126,0.3,17.36,9.02,10.8,13.5,9.56,5.69,0.9,66.83,100.0,0,0,0,0.0,66.83,B
3083,Gdansk University of Technology,https://www.pg.edu.pl,Poland,Eastern & Southern Europe,1.0,0.59,0.28,0.7375,0.9678,0.7441,0.86,28.0,12.98,4.2,11.06,9.68,5.21,2.58,73.71,100.0,0,0,0,0.0,73.71,B
3084,Nicolaus Copernicus University,https://www.umk.pl,Poland,Eastern & Southern Europe,0.92,0.59,0.888,0.675,0.7961,0.8016,0.87,25.76,12.98,13.32,10.12,7.96,5.61,2.61,78.37,100.0,0,0,0,0.0,78.37,A
3085,University of Lodz,https://www.uni.lodz.pl,Poland,Eastern & Southern Europe,0.92,0.85,0.32,0.4,0.92,0.5606,0.52,25.76,18.7,4.8,6.0,9.2,3.92,1.56,69.94,45.0,1,0,1,24.94,45.0,D
3086,University of Silesia in Katowice,https://www.us.edu.pl,Poland,Eastern & Southern Europe,0.92,0.35,0.584,0.4,0.968,0.7499,0.66,25.76,7.7,8.76,6.0,9.68,5.25,1.98,65.13,45.0,1,0,1,20.13,45.0,D
3087,Poznan University of Technology,https://www.put.poznan.pl,Poland,Eastern & Southern Europe,1.0,0.59,0.67,0.55,0.6003,0.7563,0.75,28.0,12.98,10.05,8.25,6.0,5.29,2.25,72.83,100.0,0,0,0,0.0,72.83,B
3088,Warsaw University of Life Sciences,https://www.sggw.edu.pl,Poland,Eastern & Southern Europe,0.8,0.41,0.8,0.875,0.917,0.6399,0.8,22.4,9.02,12.0,13.12,9.17,4.48,2.4,72.59,100.0,0,0,0,0.0,72.59,B
3089,Medical University of Warsaw,https://www.wum.edu.pl,Poland,Eastern & Southern Europe,0.67,0.26,0.34,0.8,0.92,0.7287,0.9,18.76,5.72,5.1,12.0,9.2,5.1,2.7,58.58,100.0,0,0,0,0.0,58.58,C
3090,University of Gdansk,https://www.ug.edu.pl,Poland,Eastern & Southern Europe,1.0,0.54,0.86,0.6,0.8276,0.6408,0.76,28.0,11.88,12.9,9.0,8.28,4.49,2.28,76.82,100.0,0,0,0,0.0,76.82,A
3091,Lodz University of Technology,https://www.p.lodz.pl,Poland,Eastern & Southern Europe,0.92,0.79,0.768,0.625,0.8985,0.8554,0.98,25.76,17.38,11.52,9.38,8.98,5.99,2.94,81.95,100.0,0,0,0,0.0,81.95,A
3092,Cracow University of Technology,https://www.pk.edu.pl,Poland,Eastern & Southern Europe,0.1,0.0,0.4,0.9,0.8253,0.8743,0.24,2.8,0.0,6.0,13.5,8.25,6.12,0.72,37.39,100.0,0,0,0,0.0,37.39,D
3093,Silesian University of Technology,https://www.polsl.pl,Poland,Eastern & Southern Europe,0.8,0.59,0.82,0.3,0.9275,0.8454,0.77,22.4,12.98,12.3,4.5,9.28,5.92,2.31,69.68,45.0,1,0,1,24.68,45.0,D
3094,Maria Curie-Sklodowska University,https://www.umcs.pl,Poland,Eastern & Southern Europe,0.92,0.35,0.45,0.8,0.909,0.6685,0.55,25.76,7.7,6.75,12.0,9.09,4.68,1.65,67.63,100.0,0,0,0,0.0,67.63,B
3095,SGH Warsaw School of Economics,https://www.sgh.waw.pl,Poland,Eastern & Southern Europe,0.92,0.59,0.8,0.8375,0.9767,0.7234,0.98,25.76,12.98,12.0,12.56,9.77,5.06,2.94,81.07,100.0,0,0,0,0.0,81.07,A
3096,University of Bialystok,https://www.uwb.edu.pl,Poland,Eastern & Southern Europe,0.92,0.35,0.424,0.5875,0.83,0.6502,0.76,25.76,7.7,6.36,8.81,8.3,4.55,2.28,63.76,100.0,0,0,0,0.0,63.76,C
3097,Cardinal Stefan Wyszynski University,https://www.uksw.edu.pl,Poland,Eastern & Southern Europe,0.92,0.39,0.344,0.625,0.7909,0.614,0.49,25.76,8.58,5.16,9.38,7.91,4.3,1.47,62.55,100.0,0,0,0,0.0,62.55,C
3098,Rzeszow University of Technology,https://www.prz.edu.pl,Poland,Eastern & Southern Europe,0.92,0.15,0.16,0.8375,0.8096,0.6108,0.69,25.76,3.3,2.4,12.56,8.1,4.28,2.07,58.46,100.0,0,0,0,0.0,58.46,C
3099,University of Szczecin,https://www.usz.edu.pl,Poland,Eastern & Southern Europe,0.1,0.2,0.18,0.5,0.7644,0.5609,0.3,2.8,4.4,2.7,7.5,7.64,3.93,0.9,29.87,60.0,0,1,1,0.0,29.87,F
3100,Kazimierz Wielki University,https://www.ukw.edu.pl,Poland,Eastern & Southern Europe,0.55,0.33,0.54,0.6375,0.7452,0.7489,0.34,15.4,7.26,8.1,9.56,7.45,5.24,1.02,54.04,100.0,0,0,0,0.0,54.04,C
3102,University of Porto,https://www.up.pt,Portugal,Eastern & Southern Europe,1.0,0.97,0.92,0.8,0.92,0.9333,0.83,28.0,21.34,13.8,12.0,9.2,6.53,2.49,93.36,100.0,0,0,0,0.0,93.36,A+
3104,NOVA University Lisbon,https://www.unl.pt,Portugal,Eastern & Southern Europe,0.8,0.35,0.8,0.8,0.8283,0.7443,0.79,22.4,7.7,12.0,12.0,8.28,5.21,2.37,69.96,100.0,0,0,0,0.0,69.96,B
3105,University of Aveiro,https://www.ua.pt,Portugal,Eastern & Southern Europe,0.0,0.15,0.368,0.7375,0.9143,0.7535,0.34,0.0,3.3,5.52,11.06,9.14,5.27,1.02,35.32,100.0,0,0,0,0.0,35.32,D
3106,University of Minho,https://www.uminho.pt,Portugal,Eastern & Southern Europe,0.92,0.33,0.42,0.8,0.6931,0.6667,0.72,25.76,7.26,6.3,12.0,6.93,4.67,2.16,65.08,100.0,0,0,0,0.0,65.08,B
3107,University of Beira Interior,https://www.ubi.pt,Portugal,Eastern & Southern Europe,0.1,0.2,0.362,0.5,0.6493,0.7195,0.48,2.8,4.4,5.43,7.5,6.49,5.04,1.44,33.1,100.0,0,0,0,0.0,33.1,F
3108,ISCTE University Institute of Lisbon,https://www.iscte-iul.pt,Portugal,Eastern & Southern Europe,0.77,0.38,0.344,0.7,0.84,0.8006,0.62,21.56,8.36,5.16,10.5,8.4,5.6,1.86,61.44,100.0,0,0,0,0.0,61.44,C
3109,University of Evora,https://www.uevora.pt,Portugal,Eastern & Southern Europe,0.92,0.53,0.34,0.7,0.83,0.8056,0.84,25.76,11.66,5.1,10.5,8.3,5.64,2.52,69.48,100.0,0,0,0,0.0,69.48,B
3110,University of Algarve,https://www.ualg.pt,Portugal,Eastern & Southern Europe,1.0,0.59,0.828,0.5375,0.8327,0.6996,0.98,28.0,12.98,12.42,8.06,8.33,4.9,2.94,77.63,100.0,0,0,0,0.0,77.63,A
3112,Catholic University of Portugal,https://www.ucp.pt,Portugal,Eastern & Southern Europe,0.8,0.41,0.72,0.7375,0.9099,0.662,0.56,22.4,9.02,10.8,11.06,9.1,4.63,1.68,68.7,100.0,0,0,0,0.0,68.7,B
3114,University of Madeira,https://www.uma.pt,Portugal,Eastern & Southern Europe,0.77,0.61,0.746,0.625,0.84,0.801,0.79,21.56,13.42,11.19,9.38,8.4,5.61,2.37,71.92,100.0,0,0,0,0.0,71.92,B
3115,Polytechnic Institute of Lisbon,https://www.ipl.pt,Portugal,Eastern & Southern Europe,0.55,0.35,0.768,0.625,0.8349,0.7344,0.87,15.4,7.7,11.52,9.38,8.35,5.14,2.61,60.09,100.0,0,0,0,0.0,60.09,C
3116,National and Kapodistrian University of Athens,https://www.uoa.gr,Greece,Eastern & Southern Europe,0.92,0.35,1.0,0.4,0.6795,0.8661,0.55,25.76,7.7,15.0,6.0,6.79,6.06,1.65,68.97,45.0,1,0,1,23.97,45.0,D
3117,Aristotle University of Thessaloniki,https://www.auth.gr,Greece,Eastern & Southern Europe,0.7,0.21,0.88,0.35,0.8668,0.6379,0.32,19.6,4.62,13.2,5.25,8.67,4.47,0.96,56.76,100.0,0,0,0,0.0,56.76,C
3118,National Technical University of Athens,https://www.ntua.gr,Greece,Eastern & Southern Europe,0.77,0.35,0.18,0.6,0.8626,0.5689,0.44,21.56,7.7,2.7,9.0,8.63,3.98,1.32,54.89,100.0,0,0,0,0.0,54.89,C
3119,University of Patras,https://www.upatras.gr,Greece,Eastern & Southern Europe,0.92,0.33,0.36,0.8,0.912,0.6826,0.67,25.76,7.26,5.4,12.0,9.12,4.78,2.01,66.33,100.0,0,0,0,0.0,66.33,B
3120,University of Crete,https://www.uoc.gr,Greece,Eastern & Southern Europe,0.8,0.59,0.866,0.7375,0.8852,0.616,0.64,22.4,12.98,12.99,11.06,8.85,4.31,1.92,74.52,100.0,0,0,0,0.0,74.52,B
3121,University of Ioannina,https://www.uoi.gr,Greece,Eastern & Southern Europe,1.0,0.35,0.504,0.5375,0.8817,0.8223,0.44,28.0,7.7,7.56,8.06,8.82,5.76,1.32,67.22,100.0,0,0,0,0.0,67.22,B
3122,University of Thessaly,https://www.uth.gr,Greece,Eastern & Southern Europe,0.85,0.41,0.904,0.9,0.9084,0.8361,0.73,23.8,9.02,13.56,13.5,9.08,5.85,2.19,77.01,100.0,0,0,0,0.0,77.01,A
3123,Athens University of Economics and Business,https://www.aueb.gr,Greece,Eastern & Southern Europe,1.0,0.21,0.664,0.35,0.7374,0.8116,0.73,28.0,4.62,9.96,5.25,7.37,5.68,2.19,63.07,100.0,0,0,0,0.0,63.07,C
3125,Democritus University of Thrace,https://www.duth.gr,Greece,Eastern & Southern Europe,0.85,0.21,0.486,0.625,0.8577,0.8603,0.73,23.8,4.62,7.29,9.38,8.58,6.02,2.19,61.87,100.0,0,0,0,0.0,61.87,C
3126,University of Macedonia,https://www.uom.gr,Greece,Eastern & Southern Europe,0.92,0.53,0.768,0.8,0.6186,0.7273,0.65,25.76,11.66,11.52,12.0,6.19,5.09,1.95,74.17,100.0,0,0,0,0.0,74.17,B
3127,Panteion University,https://www.panteion.gr,Greece,Eastern & Southern Europe,0.92,0.35,0.54,0.7,0.8606,0.613,0.54,25.76,7.7,8.1,10.5,8.61,4.29,1.62,66.58,100.0,0,0,0,0.0,66.58,B
3128,Agricultural University of Athens,https://www.aua.gr,Greece,Eastern & Southern Europe,0.85,0.53,0.9,0.7375,0.812,0.685,0.73,23.8,11.66,13.5,11.06,8.12,4.79,2.19,75.13,100.0,0,0,0,0.0,75.13,A
3129,Technical University of Crete,https://www.tuc.gr,Greece,Eastern & Southern Europe,0.5,0.35,0.52,0.3,0.8014,0.7222,0.32,14.0,7.7,7.8,4.5,8.01,5.06,0.96,48.03,45.0,1,0,1,3.03,45.0,D
3130,University of Piraeus,https://www.unipi.gr,Greece,Eastern & Southern Europe,1.0,0.39,0.384,0.7375,0.9581,0.5919,0.67,28.0,8.58,5.76,11.06,9.58,4.14,2.01,69.14,100.0,0,0,0,0.0,69.14,B
3131,Charles University,https://www.cuni.cz,Czechia,Eastern & Southern Europe,0.25,0.0,0.3,0.8,0.6173,0.5529,0.53,7.0,0.0,4.5,12.0,6.17,3.87,1.59,35.13,100.0,0,0,0,0.0,35.13,D
3132,Czech Technical University in Prague,https://www.cvut.cz,Czechia,Eastern & Southern Europe,1.0,0.41,0.366,0.425,0.4907,0.8783,0.62,28.0,9.02,5.49,6.38,4.91,6.15,1.86,61.8,100.0,0,0,0,0.0,61.8,C
3133,Masaryk University,https://www.muni.cz,Czechia,Eastern & Southern Europe,1.0,0.85,0.522,0.725,0.968,0.8587,0.87,28.0,18.7,7.83,10.88,9.68,6.01,2.61,83.71,100.0,0,0,0,0.0,83.71,A
3134,Brno University of Technology,https://www.vutbr.cz,Czechia,Eastern & Southern Europe,0.92,0.59,0.87,0.725,0.7617,0.9451,0.89,25.76,12.98,13.05,10.88,7.62,6.62,2.67,79.57,100.0,0,0,0,0.0,79.57,A
3135,Palacky University Olomouc,https://www.upol.cz,Czechia,Eastern & Southern Europe,0.92,0.41,0.42,0.625,0.7879,0.8331,0.76,25.76,9.02,6.3,9.38,7.88,5.83,2.28,66.45,100.0,0,0,0,0.0,66.45,B
3136,University of Chemistry and Technology Prague,https://www.vscht.cz,Czechia,Eastern & Southern Europe,0.3,0.0,0.4,0.1,0.732,0.6956,0.34,8.4,0.0,6.0,1.5,7.32,4.87,1.02,29.11,45.0,1,0,1,0.0,29.11,F
3137,Czech University of Life Sciences Prague,https://www.czu.cz,Czechia,Eastern & Southern Europe,0.92,0.21,0.968,0.8,0.63,0.7593,0.76,25.76,4.62,14.52,12.0,6.3,5.31,2.28,70.79,100.0,0,0,0,0.0,70.79,B
3138,VSB - Technical University of Ostrava,https://www.vsb.cz,Czechia,Eastern & Southern Europe,1.0,0.59,0.8,0.9,0.7446,0.6588,0.98,28.0,12.98,12.0,13.5,7.45,4.61,2.94,81.48,100.0,0,0,0,0.0,81.48,A
3139,University of West Bohemia,https://www.zcu.cz,Czechia,Eastern & Southern Europe,0.92,0.41,0.344,0.7375,0.9096,0.9433,0.32,25.76,9.02,5.16,11.06,9.1,6.6,0.96,67.66,100.0,0,0,0,0.0,67.66,B
3140,Mendel University in Brno,https://www.mendelu.cz,Czechia,Eastern & Southern Europe,1.0,0.35,0.502,0.7375,0.887,0.7632,0.73,28.0,7.7,7.53,11.06,8.87,5.34,2.19,70.7,100.0,0,0,0,0.0,70.7,B
3141,University of Ostrava,https://www.osu.cz,Czechia,Eastern & Southern Europe,0.92,0.85,0.34,0.9,0.8394,0.7207,0.77,25.76,18.7,5.1,13.5,8.39,5.04,2.31,78.81,100.0,0,0,0,0.0,78.81,A
3142,University of South Bohemia,https://www.jcu.cz,Czechia,Eastern & Southern Europe,1.0,0.59,0.8,0.45,0.8159,0.7435,0.73,28.0,12.98,12.0,6.75,8.16,5.2,2.19,75.28,100.0,0,0,0,0.0,75.28,A
3143,University of Bucharest,https://www.unibuc.ro,Romania,Eastern & Southern Europe,0.8,0.59,0.76,0.3,0.8909,0.6929,0.66,22.4,12.98,11.4,4.5,8.91,4.85,1.98,67.02,45.0,1,0,1,22.02,45.0,D
3144,Babes-Bolyai University,https://www.ubbcluj.ro,Romania,Eastern & Southern Europe,1.0,0.53,0.704,0.9,0.6925,0.8096,0.7,28.0,11.66,10.56,13.5,6.93,5.67,2.1,78.41,100.0,0,0,0,0.0,78.41,A
3145,Alexandru Ioan Cuza University,https://www.uaic.ro,Romania,Eastern & Southern Europe,0.8,0.53,0.266,0.65,0.7674,0.6677,0.58,22.4,11.66,3.99,9.75,7.67,4.67,1.74,61.89,100.0,0,0,0,0.0,61.89,C
3146,Politehnica University of Bucharest,https://www.upb.ro,Romania,Eastern & Southern Europe,0.88,0.15,0.246,0.525,0.6854,0.7238,0.54,24.64,3.3,3.69,7.88,6.85,5.07,1.62,53.05,100.0,0,0,0,0.0,53.05,C
3147,Politehnica University of Timisoara,https://www.upt.ro,Romania,Eastern & Southern Europe,0.25,0.35,0.52,0.425,0.75,0.9174,0.34,7.0,7.7,7.8,6.38,7.5,6.42,1.02,43.82,100.0,0,0,0,0.0,43.82,D
3148,West University of Timisoara,https://www.uvt.ro,Romania,Eastern & Southern Europe,0.0,0.15,0.758,0.9,0.8621,0.783,0.45,0.0,3.3,11.37,13.5,8.62,5.48,1.35,43.62,100.0,0,0,0,0.0,43.62,D
3149,Technical University of Cluj-Napoca,https://www.utcluj.ro,Romania,Eastern & Southern Europe,0.7,0.53,0.464,0.8,0.5069,0.9081,0.73,19.6,11.66,6.96,12.0,5.07,6.36,2.19,63.84,100.0,0,0,0,0.0,63.84,C
3150,Carol Davila University of Medicine and Pharmacy,https://www.umfcd.ro,Romania,Eastern & Southern Europe,0.92,0.41,0.71,0.7,0.6356,0.875,0.44,25.76,9.02,10.65,10.5,6.36,6.13,1.32,69.73,100.0,0,0,0,0.0,69.73,B
3151,Transilvania University of Brasov,https://www.unitbv.ro,Romania,Eastern & Southern Europe,0.92,0.85,0.34,0.675,0.5995,0.6747,0.46,25.76,18.7,5.1,10.12,5.99,4.72,1.38,71.78,100.0,0,0,0,0.0,71.78,B
3152,Bucharest University of Economic Studies,https://www.ase.ro,Romania,Eastern & Southern Europe,1.0,0.39,0.34,0.9,0.8385,0.808,0.49,28.0,8.58,5.1,13.5,8.39,5.66,1.47,70.69,100.0,0,0,0,0.0,70.69,B
3153,University of Craiova,https://www.ucv.ro,Romania,Eastern & Southern Europe,0.92,0.65,0.648,0.9,0.7288,0.9531,0.68,25.76,14.3,9.72,13.5,7.29,6.67,2.04,79.28,100.0,0,0,0,0.0,79.28,A
3154,Gheorghe Asachi Technical University of Iasi,https://www.tuiasi.ro,Romania,Eastern & Southern Europe,1.0,0.53,0.848,0.3,0.8503,0.7324,0.62,28.0,11.66,12.72,4.5,8.5,5.13,1.86,72.37,45.0,1,0,1,27.37,45.0,D
3155,Taras Shevchenko National University of Kyiv,https://www.knu.ua,Ukraine,Eastern & Southern Europe,1.0,0.2,0.68,0.0,0.3573,0.7646,0.63,28.0,4.4,10.2,0.0,3.57,5.35,1.89,53.41,45.0,1,0,1,8.41,45.0,D
3156,Igor Sikorsky Kyiv Polytechnic Institute,https://www.kpi.ua,Ukraine,Eastern & Southern Europe,0.8,0.64,0.848,0.6,0.7393,0.8653,0.73,22.4,14.08,12.72,9.0,7.39,6.06,2.19,73.84,100.0,0,0,0,0.0,73.84,B
3157,V. N. Karazin Kharkiv National University,https://www.karazin.ua,Ukraine,Eastern & Southern Europe,1.0,0.59,0.64,0.625,0.66,0.8312,0.87,28.0,12.98,9.6,9.38,6.6,5.82,2.61,74.98,100.0,0,0,0,0.0,74.98,B
3159,Ivan Franko National University of Lviv,https://www.lnu.edu.ua,Ukraine,Eastern & Southern Europe,0.92,0.35,0.24,0.8,0.74,0.7573,0.56,25.76,7.7,3.6,12.0,7.4,5.3,1.68,63.44,100.0,0,0,0,0.0,63.44,C
3161,National University of Kyiv-Mohyla Academy,https://www.ukma.edu.ua,Ukraine,Eastern & Southern Europe,0.85,0.47,0.18,0.7,0.739,0.8527,0.52,23.8,10.34,2.7,10.5,7.39,5.97,1.56,62.26,100.0,0,0,0,0.0,62.26,C
3162,Oles Honchar Dnipro National University,https://www.dnu.dp.ua,Ukraine,Eastern & Southern Europe,0.92,0.59,0.32,0.9,0.5348,0.743,0.52,25.76,12.98,4.8,13.5,5.35,5.2,1.56,69.15,100.0,0,0,0,0.0,69.15,B
3163,Kharkiv Polytechnic Institute,https://www.kpi.kharkov.ua,Ukraine,Eastern & Southern Europe,0.92,0.35,0.72,0.6375,0.7198,0.8551,0.73,25.76,7.7,10.8,9.56,7.2,5.99,2.19,69.2,100.0,0,0,0,0.0,69.2,B
3164,Vinnytsia National Technical University,https://www.vntu.edu.ua,Ukraine,Eastern & Southern Europe,1.0,0.41,0.22,0.625,0.7266,0.9114,0.73,28.0,9.02,3.3,9.38,7.27,6.38,2.19,65.53,100.0,0,0,0,0.0,65.53,B
3165,Yuriy Fedkovych Chernivtsi National University,https://www.chnu.edu.ua,Ukraine,Eastern & Southern Europe,0.65,0.35,0.626,0.8,0.92,0.9831,0.76,18.2,7.7,9.39,12.0,9.2,6.88,2.28,65.65,100.0,0,0,0,0.0,65.65,B
3166,Odesa I. I. Mechnikov National University,https://www.onu.edu.ua,Ukraine,Eastern & Southern Europe,1.0,0.38,0.424,0.8,0.8349,0.9632,0.62,28.0,8.36,6.36,12.0,8.35,6.74,1.86,71.67,100.0,0,0,0,0.0,71.67,B
3167,Eotvos Lorand University,https://www.elte.hu,Hungary,Eastern & Southern Europe,1.0,1.0,0.97,0.8,0.9871,0.8442,0.87,28.0,22.0,14.55,12.0,9.87,5.91,2.61,94.94,100.0,0,0,0,0.0,94.94,A+
3168,University of Szeged,https://www.u-szeged.hu,Hungary,Eastern & Southern Europe,0.92,0.71,0.584,0.2,0.83,0.7469,0.75,25.76,15.62,8.76,3.0,8.3,5.23,2.25,68.92,45.0,1,0,1,23.92,45.0,D
3169,University of Debrecen,https://www.unideb.hu,Hungary,Eastern & Southern Europe,0.92,0.41,0.486,0.6375,0.8188,0.7155,0.67,25.76,9.02,7.29,9.56,8.19,5.01,2.01,66.84,100.0,0,0,0,0.0,66.84,B
3170,Budapest University of Technology and Economics,https://www.bme.hu,Hungary,Eastern & Southern Europe,0.92,0.71,0.266,0.525,0.84,0.7087,0.78,25.76,15.62,3.99,7.88,8.4,4.96,2.34,68.95,100.0,0,0,0,0.0,68.95,B
3171,University of Pecs,https://www.pte.hu,Hungary,Eastern & Southern Europe,0.92,1.0,0.564,0.7,0.6417,0.6886,0.78,25.76,22.0,8.46,10.5,6.42,4.82,2.34,80.3,100.0,0,0,0,0.0,80.3,A
3172,Semmelweis University,https://www.semmelweis.hu,Hungary,Eastern & Southern Europe,0.92,0.71,0.824,0.9,0.7804,0.7899,0.76,25.76,15.62,12.36,13.5,7.8,5.53,2.28,82.85,100.0,0,0,0,0.0,82.85,A
3173,Corvinus University of Budapest,https://www.uni-corvinus.hu,Hungary,Eastern & Southern Europe,0.92,0.56,0.8,0.8,0.8731,0.8005,0.9,25.76,12.32,12.0,12.0,8.73,5.6,2.7,79.11,100.0,0,0,0,0.0,79.11,A
3175,University of Miskolc,https://www.uni-miskolc.hu,Hungary,Eastern & Southern Europe,0.92,0.97,0.34,0.8,0.8308,0.7128,0.87,25.76,21.34,5.1,12.0,8.31,4.99,2.61,80.11,100.0,0,0,0,0.0,80.11,A
3176,Obuda University,https://www.uni-obuda.hu,Hungary,Eastern & Southern Europe,0.92,1.0,0.44,0.9,0.6379,0.5788,0.76,25.76,22.0,6.6,13.5,6.38,4.05,2.28,80.57,100.0,0,0,0,0.0,80.57,A
3177,University of Zagreb,https://www.unizg.hr,Balkans,Eastern & Southern Europe,0.1,0.06,0.16,0.2,0.2566,0.654,0.2,2.8,1.32,2.4,3.0,2.57,4.58,0.6,17.26,45.0,1,0,1,0.0,17.26,F
3178,University of Rijeka,https://www.uniri.hr,Balkans,Eastern & Southern Europe,0.55,0.62,0.6,0.6,0.92,0.8592,0.9,15.4,13.64,9.0,9.0,9.2,6.01,2.7,64.95,100.0,0,0,0,0.0,64.95,C
3179,University of Split,https://www.unist.hr,Balkans,Eastern & Southern Europe,0.92,0.39,0.18,0.6,0.9951,0.7439,0.87,25.76,8.58,2.7,9.0,9.95,5.21,2.61,63.81,100.0,0,0,0,0.0,63.81,C
3180,University of Belgrade,https://www.bg.ac.rs,Balkans,Eastern & Southern Europe,0.92,0.53,0.604,0.7,0.618,0.7298,0.62,25.76,11.66,9.06,10.5,6.18,5.11,1.86,70.13,100.0,0,0,0,0.0,70.13,B
3182,University of Nis,https://www.ni.ac.rs,Balkans,Eastern & Southern Europe,0.8,0.33,0.56,0.6375,0.8135,0.664,0.66,22.4,7.26,8.4,9.56,8.13,4.65,1.98,62.38,100.0,0,0,0,0.0,62.38,C
3183,University of Ljubljana,https://www.uni-lj.si,Balkans,Eastern & Southern Europe,0.92,0.53,0.848,0.7375,0.9961,0.87,0.76,25.76,11.66,12.72,11.06,9.96,6.09,2.28,79.53,100.0,0,0,0,0.0,79.53,A
3184,University of Maribor,https://www.um.si,Balkans,Eastern & Southern Europe,0.92,0.2,0.678,0.7375,0.8097,0.9144,0.66,25.76,4.4,10.17,11.06,8.1,6.4,1.98,67.87,100.0,0,0,0,0.0,67.87,B
3185,University of Primorska,https://www.upr.si,Balkans,Eastern & Southern Europe,0.92,0.59,0.4,0.8,0.8821,0.9682,0.56,25.76,12.98,6.0,12.0,8.82,6.78,1.68,74.02,100.0,0,0,0,0.0,74.02,B
3186,Josip Juraj Strossmayer University of Osijek,https://www.unios.hr,Balkans,Eastern & Southern Europe,0.45,0.15,0.246,0.7,0.8085,0.6866,0.69,12.6,3.3,3.69,10.5,8.09,4.81,2.07,45.05,100.0,0,0,0,0.0,45.05,D
3187,University of Kragujevac,https://www.kg.ac.rs,Balkans,Eastern & Southern Europe,0.55,0.64,0.38,0.25,0.84,0.8371,0.18,15.4,14.08,5.7,3.75,8.4,5.86,0.54,53.73,100.0,0,0,0,0.0,53.73,C
3188,University of Nova Gorica,https://www.ung.si,Balkans,Eastern & Southern Europe,1.0,0.79,0.266,0.675,0.7702,0.9151,0.79,28.0,17.38,3.99,10.12,7.7,6.41,2.37,75.97,100.0,0,0,0,0.0,75.97,A
3189,Sofia University St. Kliment Ohridski,https://www.uni-sofia.bg,Bulgaria & Slovakia,Eastern & Southern Europe,0.3,0.03,0.14,0.2,0.4213,0.9662,0.0,8.4,0.66,2.1,3.0,4.21,6.76,0.0,25.14,45.0,1,0,1,0.0,25.14,F
3191,Plovdiv University Paisii Hilendarski,https://www.uni-plovdiv.bg,Bulgaria & Slovakia,Eastern & Southern Europe,0.82,0.38,0.286,0.7,0.7433,0.9393,0.3,22.96,8.36,4.29,10.5,7.43,6.58,0.9,61.02,100.0,0,0,0,0.0,61.02,C
3192,American University in Bulgaria,https://www.aubg.edu,Bulgaria & Slovakia,Eastern & Southern Europe,0.0,0.0,0.0,0.5,0.878,0.8352,0.2,0.0,0.0,0.0,7.5,8.78,5.85,0.6,22.73,100.0,0,0,0,0.0,22.73,F
3193,Comenius University Bratislava,https://www.uniba.sk,Bulgaria & Slovakia,Eastern & Southern Europe,0.8,0.15,0.464,0.4,0.6792,0.7957,0.77,22.4,3.3,6.96,6.0,6.79,5.57,2.31,53.33,45.0,1,0,1,8.33,45.0,D
3194,Slovak University of Technology in Bratislava,https://www.stuba.sk,Bulgaria & Slovakia,Eastern & Southern Europe,0.92,0.53,0.704,0.725,0.917,0.8212,0.84,25.76,11.66,10.56,10.88,9.17,5.75,2.52,76.29,100.0,0,0,0,0.0,76.29,A
3195,Technical University of Kosice,https://www.tuke.sk,Bulgaria & Slovakia,Eastern & Southern Europe,0.92,0.29,0.638,0.325,0.968,0.9592,0.24,25.76,6.38,9.57,4.88,9.68,6.71,0.72,63.7,100.0,0,0,0,0.0,63.7,C
3196,Pavol Jozef Safarik University,https://www.upjs.sk,Bulgaria & Slovakia,Eastern & Southern Europe,0.92,0.62,0.504,0.9,0.7107,0.7384,0.69,25.76,13.64,7.56,13.5,7.11,5.17,2.07,74.81,100.0,0,0,0,0.0,74.81,B
3197,University of Zilina,https://www.uniza.sk,Bulgaria & Slovakia,Eastern & Southern Europe,1.0,0.59,0.584,0.0,0.9604,0.42,0.64,28.0,12.98,8.76,0.0,9.6,2.94,1.92,64.2,45.0,1,0,1,19.2,45.0,D
3198,Matej Bel University,https://www.umb.sk,Bulgaria & Slovakia,Eastern & Southern Europe,0.92,0.41,0.22,0.725,0.8284,0.7658,0.69,25.76,9.02,3.3,10.88,8.28,5.36,2.07,64.67,100.0,0,0,0,0.0,64.67,C
3199,University of Tartu,https://www.ut.ee,Baltics,Eastern & Southern Europe,1.0,0.85,0.84,0.8,0.8949,0.9841,0.84,28.0,18.7,12.6,12.0,8.95,6.89,2.52,89.66,100.0,0,0,0,0.0,89.66,A+
3200,Tallinn University of Technology,https://www.taltech.ee,Baltics,Eastern & Southern Europe,0.4,0.26,0.6,0.6,0.8926,0.9692,0.4,11.2,5.72,9.0,9.0,8.93,6.78,1.2,51.83,100.0,0,0,0,0.0,51.83,C
3201,Tallinn University,https://www.tlu.ee,Baltics,Eastern & Southern Europe,1.0,0.85,0.9,0.625,0.8383,0.7406,0.87,28.0,18.7,13.5,9.38,8.38,5.18,2.61,85.75,100.0,0,0,0,0.0,85.75,A+
3202,Vilnius University,https://www.vu.lt,Baltics,Eastern & Southern Europe,0.0,0.0,0.52,0.625,0.7996,0.7857,0.34,0.0,0.0,7.8,9.38,8.0,5.5,1.02,31.69,100.0,0,0,0,0.0,31.69,F
3203,Kaunas University of Technology,https://www.ktu.edu,Baltics,Eastern & Southern Europe,0.92,0.53,0.548,0.8,0.9631,0.7927,0.76,25.76,11.66,8.22,12.0,9.63,5.55,2.28,75.1,100.0,0,0,0,0.0,75.1,A
3204,Vilnius Gediminas Technical University,https://www.vilniustech.lt,Baltics,Eastern & Southern Europe,1.0,0.85,0.9,0.625,0.8865,0.8253,0.78,28.0,18.7,13.5,9.38,8.86,5.78,2.34,86.56,100.0,0,0,0,0.0,86.56,A+
3205,Vytautas Magnus University,https://www.vdu.lt,Baltics,Eastern & Southern Europe,1.0,0.56,0.62,0.8,0.737,0.8015,0.87,28.0,12.32,9.3,12.0,7.37,5.61,2.61,77.21,100.0,0,0,0,0.0,77.21,A
3206,University of Latvia,https://www.lu.lv,Baltics,Eastern & Southern Europe,1.0,0.59,0.92,0.6,0.757,0.6649,0.64,28.0,12.98,13.8,9.0,7.57,4.65,1.92,77.92,100.0,0,0,0,0.0,77.92,A
3208,Riga Stradins University,https://www.rsu.lv,Baltics,Eastern & Southern Europe,1.0,0.38,0.89,0.8,0.8205,0.9572,0.73,28.0,8.36,13.35,12.0,8.2,6.7,2.19,78.81,100.0,0,0,0,0.0,78.81,A
3209,Estonian University of Life Sciences,https://www.emu.ee,Baltics,Eastern & Southern Europe,1.0,0.53,0.808,0.8375,0.9034,0.8034,0.76,28.0,11.66,12.12,12.56,9.03,5.62,2.28,81.28,100.0,0,0,0,0.0,81.28,A
3210,Lithuanian University of Health Sciences,https://www.lsmuni.lt,Baltics,Eastern & Southern Europe,1.0,0.53,0.72,0.8,0.8988,0.8547,0.79,28.0,11.66,10.8,12.0,8.99,5.98,2.37,79.8,100.0,0,0,0,0.0,79.8,A
3300,University of Salento,https://www.unisalento.it,Italy,Eastern & Southern Europe,0.25,0.26,0.382,0.625,0.7224,0.8972,0.65,7.0,5.72,5.73,9.38,7.22,6.28,1.95,43.28,100.0,0,0,0,0.0,43.28,D
3301,University of L'Aquila,https://www.univaq.it,Italy,Eastern & Southern Europe,0.92,0.59,0.42,0.3,0.83,0.6237,0.64,25.76,12.98,6.3,4.5,8.3,4.37,1.92,64.13,45.0,1,0,1,19.13,45.0,D
3302,University of Basilicata,https://www.unibas.it,Italy,Eastern & Southern Europe,0.55,0.79,0.08,0.8,0.84,0.7782,0.59,15.4,17.38,1.2,12.0,8.4,5.45,1.77,61.6,100.0,0,0,0,0.0,61.6,C
3303,Polytechnic University of Bari,https://www.poliba.it,Italy,Eastern & Southern Europe,1.0,0.56,0.768,0.7375,0.8523,0.6568,0.87,28.0,12.32,11.52,11.06,8.52,4.6,2.61,78.63,100.0,0,0,0,0.0,78.63,A
3304,University of Burgos,https://www.ubu.es,Spain,Eastern & Southern Europe,0.55,0.15,0.186,0.7,0.84,0.7682,0.59,15.4,3.3,2.79,10.5,8.4,5.38,1.77,47.54,100.0,0,0,0,0.0,47.54,D
3305,University of Jaen,https://www.ujaen.es,Spain,Eastern & Southern Europe,1.0,0.53,0.744,0.9,0.92,0.5848,0.79,28.0,11.66,11.16,13.5,9.2,4.09,2.37,79.98,100.0,0,0,0,0.0,79.98,A
3306,Pablo de Olavide University,https://www.upo.es,Spain,Eastern & Southern Europe,0.25,0.18,0.02,0.8,0.7459,0.7495,0.34,7.0,3.96,0.3,12.0,7.46,5.25,1.02,36.99,100.0,0,0,0,0.0,36.99,D
3307,Miguel Hernandez University,https://www.umh.es,Spain,Eastern & Southern Europe,1.0,0.59,0.94,0.7375,0.9648,0.9642,0.87,28.0,12.98,14.1,11.06,9.65,6.75,2.61,85.15,100.0,0,0,0,0.0,85.15,A+
3308,Public University of Navarre,https://www.unavarra.es,Spain,Eastern & Southern Europe,1.0,0.53,0.366,0.9,0.8049,0.7784,0.68,28.0,11.66,5.49,13.5,8.05,5.45,2.04,74.19,100.0,0,0,0,0.0,74.19,B
3309,University of Opole,https://www.uni.opole.pl,Poland,Eastern & Southern Europe,0.8,0.59,0.768,0.6,0.9398,0.5858,0.66,22.4,12.98,11.52,9.0,9.4,4.1,1.98,71.38,100.0,0,0,0,0.0,71.38,B
3310,University of Zielona Gora,https://www.uz.zgora.pl,Poland,Eastern & Southern Europe,0.77,0.15,0.31,0.4875,0.7901,0.7423,0.46,21.56,3.3,4.65,7.31,7.9,5.2,1.38,51.3,100.0,0,0,0,0.0,51.3,C
3311,West Pomeranian University of Technology,https://www.zut.edu.pl,Poland,Eastern & Southern Europe,0.92,0.33,0.588,0.9,0.83,0.7185,0.63,25.76,7.26,8.82,13.5,8.3,5.03,1.89,70.56,100.0,0,0,0,0.0,70.56,B
3312,University of West Attica,https://www.uniwa.gr,Greece,Eastern & Southern Europe,0.92,0.24,0.206,1.0,0.8569,0.8683,0.8,25.76,5.28,3.09,15.0,8.57,6.08,2.4,66.18,100.0,0,0,0,0.0,66.18,B
3313,Hellenic Mediterranean University,https://www.hmu.gr,Greece,Eastern & Southern Europe,1.0,0.41,0.968,0.3,0.8713,0.7529,0.81,28.0,9.02,14.52,4.5,8.71,5.27,2.43,72.45,45.0,1,0,1,27.45,45.0,D
3314,University of Zagreb Faculty,https://www.pmf.unizg.hr,Balkans,Eastern & Southern Europe,0.55,0.61,0.22,0.7,0.7463,0.7503,0.44,15.4,13.42,3.3,10.5,7.46,5.25,1.32,56.65,100.0,0,0,0,0.0,56.65,C
3315,University of Banja Luka,https://www.unibl.org,Balkans,Eastern & Southern Europe,0.8,0.53,0.738,0.8,0.8324,0.6566,0.98,22.4,11.66,11.07,12.0,8.32,4.6,2.94,72.99,100.0,0,0,0,0.0,72.99,B
3316,Sts. Cyril and Methodius University Skopje,https://www.ukim.edu.mk,Balkans,Eastern & Southern Europe,0.92,0.53,0.704,0.675,0.869,0.6438,0.73,25.76,11.66,10.56,10.12,8.69,4.51,2.19,73.49,100.0,0,0,0,0.0,73.49,B
3400,Sofia Medical University,https://www.mu-sofia.bg,Bulgaria & Slovakia,Eastern & Southern Europe,0.92,0.59,0.848,0.8,0.8405,0.8836,0.75,25.76,12.98,12.72,12.0,8.41,6.19,2.25,80.3,100.0,0,0,0,0.0,80.3,A
3402,University of National and World Economy,https://www.unwe.bg,Bulgaria & Slovakia,Eastern & Southern Europe,0.77,0.53,0.654,0.5875,0.968,0.808,0.74,21.56,11.66,9.81,8.81,9.68,5.66,2.22,69.4,100.0,0,0,0,0.0,69.4,B
3403,Slovak University of Agriculture in Nitra,https://www.uniag.sk,Bulgaria & Slovakia,Eastern & Southern Europe,0.92,0.91,0.768,0.8,0.7025,0.6703,0.87,25.76,20.02,11.52,12.0,7.03,4.69,2.61,83.63,100.0,0,0,0,0.0,83.63,A
4001,Tsinghua University,https://www.tsinghua.edu.cn,China,Asia (East & Southeast),0.8,0.35,0.406,0.2,0.47,0.638,0.54,22.4,7.7,6.09,3.0,4.7,4.47,1.62,49.98,45.0,1,0,1,4.98,45.0,D
4002,Peking University,https://www.pku.edu.cn,China,Asia (East & Southeast),1.0,0.35,0.568,0.2,0.47,0.816,0.67,28.0,7.7,8.52,3.0,4.7,5.71,2.01,59.64,45.0,1,0,1,14.64,45.0,D
4003,Fudan University,https://www.fudan.edu.cn,China,Asia (East & Southeast),0.75,0.35,0.22,0.0,0.47,0.776,0.58,21.0,7.7,3.3,0.0,4.7,5.43,1.74,43.87,45.0,1,0,1,0.0,43.87,D
4004,Shanghai Jiao Tong University,https://www.sjtu.edu.cn,China,Asia (East & Southeast),0.88,0.59,0.746,0.3,0.74,0.686,0.76,24.64,12.98,11.19,4.5,7.4,4.8,2.28,67.79,45.0,1,0,1,22.79,45.0,D
4005,Zhejiang University,https://www.zju.edu.cn,China,Asia (East & Southeast),0.8,0.35,0.808,0.1,0.6505,0.703,0.62,22.4,7.7,12.12,1.5,6.5,4.92,1.86,57.01,45.0,1,0,1,12.01,45.0,D
4006,University of Science and Technology of China,https://www.ustc.edu.cn,China,Asia (East & Southeast),0.0,0.0,0.0,0.5875,0.47,0.651,0.2,0.0,0.0,0.0,8.81,4.7,4.56,0.6,18.67,100.0,0,0,0,0.0,18.67,F
4007,Nanjing University,https://www.nju.edu.cn,China,Asia (East & Southeast),0.92,0.38,0.6,0.7,0.47,0.666,0.62,25.76,8.36,9.0,10.5,4.7,4.66,1.86,64.84,100.0,0,0,0,0.0,64.84,C
4008,Wuhan University,https://www.whu.edu.cn,China,Asia (East & Southeast),0.62,0.41,0.8,0.3,0.6106,0.609,0.54,17.36,9.02,12.0,4.5,6.11,4.26,1.62,54.87,45.0,1,0,1,9.87,45.0,D
4009,Sun Yat-sen University,https://www.sysu.edu.cn,China,Asia (East & Southeast),1.0,0.44,0.56,0.3,0.57,0.605,0.76,28.0,9.68,8.4,4.5,5.7,4.23,2.28,62.8,45.0,1,0,1,17.8,45.0,D
4010,Huazhong University of Science and Technology,https://www.hust.edu.cn,China,Asia (East & Southeast),0.92,0.85,0.834,0.2,0.4897,0.366,0.73,25.76,18.7,12.51,3.0,4.9,2.56,2.19,69.62,45.0,1,1,1,24.62,45.0,D
4011,Harbin Institute of Technology,https://www.hit.edu.cn,China,Asia (East & Southeast),0.0,0.0,0.02,0.0,0.7181,0.672,0.06,0.0,0.0,0.3,0.0,7.18,4.7,0.18,12.37,45.0,1,0,1,0.0,12.37,F
4012,Xi'an Jiaotong University,https://www.xjtu.edu.cn,China,Asia (East & Southeast),0.0,0.0,0.348,0.2,0.23,0.742,0.26,0.0,0.0,5.22,3.0,2.3,5.19,0.78,16.49,45.0,1,0,1,0.0,16.49,F
4013,Tongji University,https://www.tongji.edu.cn,China,Asia (East & Southeast),0.92,0.0,0.6,0.1,0.598,0.697,0.76,25.76,0.0,9.0,1.5,5.98,4.88,2.28,49.4,45.0,1,0,1,4.4,45.0,D
4014,Beijing Normal University,https://www.bnu.edu.cn,China,Asia (East & Southeast),0.0,0.0,0.02,0.0,0.47,0.556,0.24,0.0,0.0,0.3,0.0,4.7,3.89,0.72,9.61,45.0,1,0,1,0.0,9.61,F
4015,Nankai University,https://www.nankai.edu.cn,China,Asia (East & Southeast),1.0,0.53,0.624,0.2,0.56,0.632,0.62,28.0,11.66,9.36,3.0,5.6,4.42,1.86,63.9,45.0,1,0,1,18.9,45.0,D
4016,Tianjin University,https://www.tju.edu.cn,China,Asia (East & Southeast),1.0,0.59,0.8,0.2,0.6739,0.477,0.73,28.0,12.98,12.0,3.0,6.74,3.34,2.19,68.25,45.0,1,1,1,23.25,45.0,D
4018,Shandong University,https://www.sdu.edu.cn,China,Asia (East & Southeast),0.92,0.35,0.6,0.2,0.47,0.643,0.69,25.76,7.7,9.0,3.0,4.7,4.5,2.07,56.73,45.0,1,0,1,11.73,45.0,D
4019,Central South University,https://www.csu.edu.cn,China,Asia (East & Southeast),0.92,0.53,0.49,0.2,0.2579,0.657,0.73,25.76,11.66,7.35,3.0,2.58,4.6,2.19,57.14,45.0,1,0,1,12.14,45.0,D
4020,Xiamen University,https://www.xmu.edu.cn,China,Asia (East & Southeast),0.92,0.38,0.666,0.2,0.47,0.604,0.52,25.76,8.36,9.99,3.0,4.7,4.23,1.56,57.6,45.0,1,0,1,12.6,45.0,D
4021,Southeast University,https://www.seu.edu.cn,China,Asia (East & Southeast),0.92,0.53,0.6,0.2,0.47,0.83,0.64,25.76,11.66,9.0,3.0,4.7,5.81,1.92,61.85,45.0,1,0,1,16.85,45.0,D
4023,South China University of Technology,https://www.scut.edu.cn,China,Asia (East & Southeast),0.92,0.71,0.568,0.325,0.47,0.618,0.58,25.76,15.62,8.52,4.88,4.7,4.33,1.74,65.54,100.0,0,0,0,0.0,65.54,B
4024,Jilin University,https://www.jlu.edu.cn,China,Asia (East & Southeast),0.92,0.15,0.65,0.0,0.47,0.639,0.38,25.76,3.3,9.75,0.0,4.7,4.47,1.14,49.12,45.0,1,0,1,4.12,45.0,D
4025,Dalian University of Technology,https://www.dlut.edu.cn,China,Asia (East & Southeast),1.0,0.35,0.804,0.2,0.57,0.716,0.52,28.0,7.7,12.06,3.0,5.7,5.01,1.56,63.03,45.0,1,0,1,18.03,45.0,D
4026,Renmin University of China,https://www.ruc.edu.cn,China,Asia (East & Southeast),0.15,0.0,0.72,0.2,0.66,0.59,0.34,4.2,0.0,10.8,3.0,6.6,4.13,1.02,29.75,45.0,1,0,1,0.0,29.75,F
4029,Northwestern Polytechnical University,https://www.nwpu.edu.cn,China,Asia (East & Southeast),0.92,0.53,0.366,0.2,0.496,0.748,0.58,25.76,11.66,5.49,3.0,4.96,5.24,1.74,57.85,45.0,1,0,1,12.85,45.0,D
4030,East China Normal University,https://www.ecnu.edu.cn,China,Asia (East & Southeast),0.8,0.53,0.3,0.2,0.57,0.689,0.52,22.4,11.66,4.5,3.0,5.7,4.82,1.56,53.64,45.0,1,0,1,8.64,45.0,D
4031,Hunan University,https://www.hnu.edu.cn,China,Asia (East & Southeast),0.88,0.53,0.72,0.2,0.2567,0.358,0.73,24.64,11.66,10.8,3.0,2.57,2.51,2.19,57.36,45.0,1,1,1,12.36,45.0,D
4032,Beijing Institute of Technology,https://www.bit.edu.cn,China,Asia (East & Southeast),1.0,0.38,0.626,0.2,0.6983,0.356,0.65,28.0,8.36,9.39,3.0,6.98,2.49,1.95,60.17,45.0,1,1,1,15.17,45.0,D
4033,China Agricultural University,https://www.cau.edu.cn,China,Asia (East & Southeast),0.1,0.0,0.1,0.475,0.47,0.685,0.24,2.8,0.0,1.5,7.12,4.7,4.8,0.72,21.64,100.0,0,0,0,0.0,21.64,F
4034,University of Electronic Science and Technology of China,https://www.uestc.edu.cn,China,Asia (East & Southeast),0.1,0.0,0.32,0.7,0.7945,0.621,0.18,2.8,0.0,4.8,10.5,7.94,4.35,0.54,30.93,100.0,0,0,0,0.0,30.93,F
4038,Ocean University of China,https://www.ouc.edu.cn,China,Asia (East & Southeast),0.92,0.35,0.584,0.0,0.47,0.5,0.58,25.76,7.7,8.76,0.0,4.7,3.5,1.74,52.16,45.0,1,1,1,7.16,45.0,D
4039,Beijing Jiaotong University,https://www.bjtu.edu.cn,China,Asia (East & Southeast),1.0,0.47,0.22,0.0,0.47,0.353,0.58,28.0,10.34,3.3,0.0,4.7,2.47,1.74,50.55,45.0,1,1,1,5.55,45.0,D
4040,Wuhan University of Technology,https://www.whut.edu.cn,China,Asia (East & Southeast),0.62,0.35,0.22,0.775,0.6402,0.427,0.62,17.36,7.7,3.3,11.62,6.4,2.99,1.86,51.24,60.0,0,1,1,0.0,51.24,C
4041,Jinan University,https://www.jnu.edu.cn,China,Asia (East & Southeast),0.92,0.53,0.53,0.2,0.57,0.756,0.64,25.76,11.66,7.95,3.0,5.7,5.29,1.92,61.28,45.0,1,0,1,16.28,45.0,D
4042,Northeastern University China,https://www.neu.edu.cn,China,Asia (East & Southeast),0.77,0.35,0.22,0.0,0.47,0.409,0.42,21.56,7.7,3.3,0.0,4.7,2.86,1.26,41.38,45.0,1,1,1,0.0,41.38,D
4043,Zhengzhou University,https://www.zzu.edu.cn,China,Asia (East & Southeast),0.0,0.0,0.368,0.2,0.6519,0.836,0.1,0.0,0.0,5.52,3.0,6.52,5.85,0.3,21.19,45.0,1,0,1,0.0,21.19,F
4044,Nanchang University,https://www.ncu.edu.cn,China,Asia (East & Southeast),0.85,0.61,0.504,0.5,0.47,0.38,0.66,23.8,13.42,7.56,7.5,4.7,2.66,1.98,61.62,60.0,0,1,1,1.62,60.0,C
4045,Yunnan University,https://www.ynu.edu.cn,China,Asia (East & Southeast),0.88,0.53,0.568,0.2,0.6283,0.455,0.5,24.64,11.66,8.52,3.0,6.28,3.18,1.5,58.79,45.0,1,1,1,13.79,45.0,D
4046,Fuzhou University,https://www.fzu.edu.cn,China,Asia (East & Southeast),0.7,0.15,0.02,0.0,0.23,0.606,0.3,19.6,3.3,0.3,0.0,2.3,4.24,0.9,30.64,45.0,1,0,1,0.0,30.64,F
4047,Hefei University of Technology,https://www.hfut.edu.cn,China,Asia (East & Southeast),0.1,0.0,0.26,0.2,0.57,0.559,0.14,2.8,0.0,3.9,3.0,5.7,3.91,0.42,19.73,45.0,1,0,1,0.0,19.73,F
4048,Guangxi University,https://www.gxu.edu.cn,China,Asia (East & Southeast),0.92,0.53,0.668,0.2,0.47,0.612,0.58,25.76,11.66,10.02,3.0,4.7,4.28,1.74,61.16,45.0,1,0,1,16.16,45.0,D
4049,Shanghai University,https://www.shu.edu.cn,China,Asia (East & Southeast),0.88,0.53,0.46,0.6,0.57,0.567,0.65,24.64,11.66,6.9,9.0,5.7,3.97,1.95,63.82,100.0,0,0,0,0.0,63.82,C
4051,Beijing University of Chemical Technology,https://www.buct.edu.cn,China,Asia (East & Southeast),0.0,0.2,0.608,0.6375,0.57,0.685,0.2,0.0,4.4,9.12,9.56,5.7,4.8,0.6,34.18,100.0,0,0,0,0.0,34.18,F
4052,Donghua University,https://www.dhu.edu.cn,China,Asia (East & Southeast),0.0,0.0,0.02,0.2,0.384,0.703,0.1,0.0,0.0,0.3,3.0,3.84,4.92,0.3,12.36,45.0,1,0,1,0.0,12.36,F
4053,Capital Normal University,https://www.cnu.edu.cn,China,Asia (East & Southeast),0.55,0.35,0.18,0.5,0.47,0.661,0.6,15.4,7.7,2.7,7.5,4.7,4.63,1.8,44.43,100.0,0,0,0,0.0,44.43,D
4054,Jiangnan University,https://www.jiangnan.edu.cn,China,Asia (East & Southeast),0.8,0.35,0.32,0.0,0.4509,0.634,0.5,22.4,7.7,4.8,0.0,4.51,4.44,1.5,45.35,45.0,1,0,1,0.35,45.0,D
4055,Nanjing Agricultural University,https://www.njau.edu.cn,China,Asia (East & Southeast),0.1,0.0,0.26,0.7,0.4935,0.784,0.26,2.8,0.0,3.9,10.5,4.93,5.49,0.78,28.4,100.0,0,0,0,0.0,28.4,F
4056,University of Tokyo,https://www.u-tokyo.ac.jp,Japan,Asia (East & Southeast),1.0,0.59,0.92,0.9,0.7954,0.672,0.62,28.0,12.98,13.8,13.5,7.95,4.7,1.86,82.8,100.0,0,0,0,0.0,82.8,A
4057,Kyoto University,https://www.kyoto-u.ac.jp,Japan,Asia (East & Southeast),0.88,0.59,0.88,0.8375,0.8656,0.927,0.76,24.64,12.98,13.2,12.56,8.66,6.49,2.28,80.81,100.0,0,0,0,0.0,80.81,A
4058,Osaka University,https://www.osaka-u.ac.jp,Japan,Asia (East & Southeast),0.22,0.12,0.33,0.6,0.82,0.862,0.32,6.16,2.64,4.95,9.0,8.2,6.03,0.96,37.94,100.0,0,0,0,0.0,37.94,D
4059,Tohoku University,https://www.tohoku.ac.jp,Japan,Asia (East & Southeast),0.88,0.62,0.98,0.9,0.8785,0.79,0.54,24.64,13.64,14.7,13.5,8.78,5.53,1.62,82.41,100.0,0,0,0,0.0,82.41,A
4060,Nagoya University,https://www.nagoya-u.ac.jp,Japan,Asia (East & Southeast),0.88,0.59,0.764,0.75,0.9044,0.729,0.87,24.64,12.98,11.46,11.25,9.04,5.1,2.61,77.09,100.0,0,0,0,0.0,77.09,A
4061,Tokyo Institute of Technology,https://www.titech.ac.jp,Japan,Asia (East & Southeast),0.5,0.35,0.51,0.9,0.9391,0.926,0.62,14.0,7.7,7.65,13.5,9.39,6.48,1.86,60.58,100.0,0,0,0,0.0,60.58,C
4062,Kyushu University,https://www.kyushu-u.ac.jp,Japan,Asia (East & Southeast),1.0,0.53,1.0,0.4,0.7586,0.781,0.76,28.0,11.66,15.0,6.0,7.59,5.47,2.28,75.99,45.0,1,0,1,30.99,45.0,D
4063,Hokkaido University,https://www.hokudai.ac.jp,Japan,Asia (East & Southeast),0.0,0.0,0.19,0.0,0.8062,0.81,0.38,0.0,0.0,2.85,0.0,8.06,5.67,1.14,17.72,45.0,1,0,1,0.0,17.72,F
4064,Keio University,https://www.keio.ac.jp,Japan,Asia (East & Southeast),1.0,0.53,0.68,0.45,0.7335,0.819,0.62,28.0,11.66,10.2,6.75,7.33,5.73,1.86,71.54,100.0,0,0,0,0.0,71.54,B
4065,Waseda University,https://www.waseda.jp,Japan,Asia (East & Southeast),0.25,0.2,0.678,0.775,0.8058,0.802,0.54,7.0,4.4,10.17,11.62,8.06,5.61,1.62,48.49,100.0,0,0,0,0.0,48.49,D
4066,University of Tsukuba,https://www.tsukuba.ac.jp,Japan,Asia (East & Southeast),1.0,0.59,1.0,0.875,0.7617,0.919,0.87,28.0,12.98,15.0,13.12,7.62,6.43,2.61,85.76,100.0,0,0,0,0.0,85.76,A+
4067,Kobe University,https://www.kobe-u.ac.jp,Japan,Asia (East & Southeast),1.0,0.53,0.486,0.6375,0.6495,0.853,0.79,28.0,11.66,7.29,9.56,6.49,5.97,2.37,71.35,100.0,0,0,0,0.0,71.35,B
4068,Hiroshima University,https://www.hiroshima-u.ac.jp,Japan,Asia (East & Southeast),1.0,0.53,0.6,0.625,0.7192,0.85,0.62,28.0,11.66,9.0,9.38,7.19,5.95,1.86,73.04,100.0,0,0,0,0.0,73.04,B
4069,Tokyo Medical and Dental University,https://www.tmd.ac.jp,Japan,Asia (East & Southeast),0.67,0.59,0.46,0.7375,0.599,0.793,0.62,18.76,12.98,6.9,11.06,5.99,5.55,1.86,63.1,100.0,0,0,0,0.0,63.1,C
4070,Chiba University,https://www.chiba-u.ac.jp,Japan,Asia (East & Southeast),1.0,0.53,0.72,0.8,0.8058,0.778,0.87,28.0,11.66,10.8,12.0,8.06,5.45,2.61,78.57,100.0,0,0,0,0.0,78.57,A
4071,Okayama University,https://www.okayama-u.ac.jp,Japan,Asia (East & Southeast),1.0,0.35,0.666,0.9,0.6087,0.731,0.68,28.0,7.7,9.99,13.5,6.09,5.12,2.04,72.43,100.0,0,0,0,0.0,72.43,B
4072,Kanazawa University,https://www.kanazawa-u.ac.jp,Japan,Asia (East & Southeast),0.88,0.38,0.76,0.9,0.6841,0.881,0.79,24.64,8.36,11.4,13.5,6.84,6.17,2.37,73.28,100.0,0,0,0,0.0,73.28,B
4073,Nagasaki University,https://www.nagasaki-u.ac.jp,Japan,Asia (East & Southeast),0.25,0.2,0.68,0.8,0.538,0.686,0.68,7.0,4.4,10.2,12.0,5.38,4.8,2.04,45.82,100.0,0,0,0,0.0,45.82,D
4074,Kumamoto University,https://www.kumamoto-u.ac.jp,Japan,Asia (East & Southeast),0.92,0.35,0.64,0.725,0.4981,0.7085,0.68,25.76,7.7,9.6,10.88,4.98,4.96,2.04,65.92,100.0,0,0,0,0.0,65.92,B
4075,Niigata University,https://www.niigata-u.ac.jp,Japan,Asia (East & Southeast),0.8,0.21,0.728,0.9,0.7305,0.655,0.56,22.4,4.62,10.92,13.5,7.3,4.58,1.68,65.01,100.0,0,0,0,0.0,65.01,B
4076,Yokohama National University,https://www.ynu.ac.jp,Japan,Asia (East & Southeast),0.55,0.35,0.26,0.8,0.6026,0.695,0.54,15.4,7.7,3.9,12.0,6.03,4.86,1.62,51.51,100.0,0,0,0,0.0,51.51,C
4077,Tokyo University of Science,https://www.tus.ac.jp,Japan,Asia (East & Southeast),0.92,0.41,0.34,0.8,0.7802,0.792,0.62,25.76,9.02,5.1,12.0,7.8,5.54,1.86,67.09,100.0,0,0,0,0.0,67.09,B
4078,Hitotsubashi University,https://www.hit-u.ac.jp,Japan,Asia (East & Southeast),0.92,0.35,0.41,0.9,0.4576,0.782,0.76,25.76,7.7,6.15,13.5,4.58,5.47,2.28,65.44,100.0,0,0,0,0.0,65.44,B
4080,Gifu University,https://www.gifu-u.ac.jp,Japan,Asia (East & Southeast),0.58,0.41,0.79,0.7,0.7403,0.714,0.67,16.24,9.02,11.85,10.5,7.4,5.0,2.01,62.02,100.0,0,0,0,0.0,62.02,C
4081,Shinshu University,https://www.shinshu-u.ac.jp,Japan,Asia (East & Southeast),0.8,0.59,0.36,0.9,0.593,0.871,0.54,22.4,12.98,5.4,13.5,5.93,6.1,1.62,67.93,100.0,0,0,0,0.0,67.93,B
4082,Kagoshima University,https://www.kagoshima-u.ac.jp,Japan,Asia (East & Southeast),0.35,0.41,0.26,0.6,0.75,0.729,0.54,9.8,9.02,3.9,9.0,7.5,5.1,1.62,45.94,100.0,0,0,0,0.0,45.94,D
4083,Yamaguchi University,https://www.yamaguchi-u.ac.jp,Japan,Asia (East & Southeast),0.25,0.35,0.698,0.725,0.8814,0.661,0.54,7.0,7.7,10.47,10.88,8.81,4.63,1.62,51.11,100.0,0,0,0,0.0,51.11,C
4084,Ehime University,https://www.ehime-u.ac.jp,Japan,Asia (East & Southeast),1.0,0.53,0.366,0.9,0.8239,0.907,0.73,28.0,11.66,5.49,13.5,8.24,6.35,2.19,75.43,100.0,0,0,0,0.0,75.43,A
4085,Tokushima University,https://www.tokushima-u.ac.jp,Japan,Asia (East & Southeast),0.8,0.65,0.848,0.5375,0.7251,0.612,0.87,22.4,14.3,12.72,8.06,7.25,4.28,2.61,71.63,100.0,0,0,0,0.0,71.63,B
4086,Mie University,https://www.mie-u.ac.jp,Japan,Asia (East & Southeast),0.5,0.53,0.22,0.9,0.679,0.732,0.66,14.0,11.66,3.3,13.5,6.79,5.12,1.98,56.35,100.0,0,0,0,0.0,56.35,C
4087,Shizuoka University,https://www.shizuoka.ac.jp,Japan,Asia (East & Southeast),0.62,0.38,0.424,0.6,0.6222,0.749,0.83,17.36,8.36,6.36,9.0,6.22,5.24,2.49,55.03,100.0,0,0,0,0.0,55.03,C
4088,Nagoya Institute of Technology,https://www.nitech.ac.jp,Japan,Asia (East & Southeast),0.92,0.44,0.87,0.8375,0.6325,0.84,0.76,25.76,9.68,13.05,12.56,6.33,5.88,2.28,75.54,100.0,0,0,0,0.0,75.54,A
4089,Toyohashi University of Technology,https://www.tut.ac.jp,Japan,Asia (East & Southeast),0.8,0.59,0.424,0.9,0.707,0.872,0.58,22.4,12.98,6.36,13.5,7.07,6.1,1.74,70.15,100.0,0,0,0,0.0,70.15,B
4091,Doshisha University,https://www.doshisha.ac.jp,Japan,Asia (East & Southeast),1.0,0.53,0.366,0.825,0.8767,0.836,0.68,28.0,11.66,5.49,12.38,8.77,5.85,2.04,74.18,100.0,0,0,0,0.0,74.18,B
4092,Sophia University,https://www.sophia.ac.jp,Japan,Asia (East & Southeast),1.0,0.97,0.88,0.9,0.8561,0.768,0.62,28.0,21.34,13.2,13.5,8.56,5.38,1.86,91.84,100.0,0,0,0,0.0,91.84,A+
4093,Meiji University,https://www.meiji.ac.jp,Japan,Asia (East & Southeast),0.88,0.53,0.786,0.3,0.6318,0.755,0.73,24.64,11.66,11.79,4.5,6.32,5.28,2.19,66.38,45.0,1,0,1,21.38,45.0,D
4094,Kanazawa Institute of Technology,https://www.kanazawa-it.ac.jp,Japan,Asia (East & Southeast),0.15,0.2,0.3,0.1,0.8614,0.717,0.58,4.2,4.4,4.5,1.5,8.61,5.02,1.74,29.97,45.0,1,0,1,0.0,29.97,F
4095,Kwansei Gakuin University,https://www.kwansei.ac.jp,Japan,Asia (East & Southeast),0.8,0.79,0.664,0.6375,0.629,0.865,0.87,22.4,17.38,9.96,9.56,6.29,6.06,2.61,74.26,100.0,0,0,0,0.0,74.26,B
4096,Seoul National University,https://www.snu.ac.kr,South Korea,Asia (East & Southeast),1.0,0.71,0.91,0.7875,0.7009,0.624,0.66,28.0,15.62,13.65,11.81,7.01,4.37,1.98,82.44,100.0,0,0,0,0.0,82.44,A
4097,KAIST,https://www.kaist.ac.kr,South Korea,Asia (East & Southeast),1.0,0.65,0.42,0.2,0.686,0.746,0.7,28.0,14.3,6.3,3.0,6.86,5.22,2.1,65.78,45.0,1,0,1,20.78,45.0,D
4099,Korea University,https://www.korea.ac.kr,South Korea,Asia (East & Southeast),0.4,0.03,0.586,0.7,0.75,0.575,0.46,11.2,0.66,8.79,10.5,7.5,4.02,1.38,44.06,100.0,0,0,0,0.0,44.06,D
4101,Sungkyunkwan University,https://www.skku.edu,South Korea,Asia (East & Southeast),0.92,0.65,0.42,0.2,0.7395,0.817,0.73,25.76,14.3,6.3,3.0,7.4,5.72,2.19,64.66,45.0,1,0,1,19.66,45.0,D
4102,Hanyang University,https://www.hanyang.ac.kr,South Korea,Asia (East & Southeast),0.92,0.71,0.38,0.525,0.9097,0.727,0.62,25.76,15.62,5.7,7.88,9.1,5.09,1.86,71.0,100.0,0,0,0,0.0,71.0,B
4103,Kyung Hee University,https://www.khu.ac.kr,South Korea,Asia (East & Southeast),0.92,0.59,0.664,0.7375,0.7264,0.701,0.77,25.76,12.98,9.96,11.06,7.26,4.91,2.31,74.24,100.0,0,0,0,0.0,74.24,B
4104,Gwangju Institute of Science and Technology,https://www.gist.ac.kr,South Korea,Asia (East & Southeast),0.92,0.53,0.8,0.8,0.743,0.65,0.81,25.76,11.66,12.0,12.0,7.43,4.55,2.43,75.83,100.0,0,0,0,0.0,75.83,A
4105,Ewha Womans University,https://www.ewha.ac.kr,South Korea,Asia (East & Southeast),0.0,0.09,0.57,0.525,0.75,0.681,0.24,0.0,1.98,8.55,7.88,7.5,4.77,0.72,31.39,100.0,0,0,0,0.0,31.39,F
4106,UNIST,https://www.unist.ac.kr,South Korea,Asia (East & Southeast),0.55,0.44,0.464,0.8375,0.7202,0.742,0.68,15.4,9.68,6.96,12.56,7.2,5.19,2.04,59.04,100.0,0,0,0,0.0,59.04,C
4107,Pusan National University,https://www.pusan.ac.kr,South Korea,Asia (East & Southeast),0.0,0.0,0.02,0.0,0.75,0.607,0.06,0.0,0.0,0.3,0.0,7.5,4.25,0.18,12.23,45.0,1,0,1,0.0,12.23,F
4108,Chung-Ang University,https://www.cau.ac.kr,South Korea,Asia (East & Southeast),0.92,0.38,0.44,0.7,0.6381,0.674,0.7,25.76,8.36,6.6,10.5,6.38,4.72,2.1,64.42,100.0,0,0,0,0.0,64.42,C
4109,Kyungpook National University,https://www.knu.ac.kr,South Korea,Asia (East & Southeast),1.0,0.38,0.42,0.8,0.591,0.562,0.62,28.0,8.36,6.3,12.0,5.91,3.93,1.86,66.36,100.0,0,0,0,0.0,66.36,B
4110,Sogang University,https://www.sogang.ac.kr,South Korea,Asia (East & Southeast),0.8,0.41,0.42,0.675,0.75,0.698,0.69,22.4,9.02,6.3,10.12,7.5,4.89,2.07,62.3,100.0,0,0,0,0.0,62.3,C
4111,Sejong University,https://www.sejong.ac.kr,South Korea,Asia (East & Southeast),0.8,0.35,0.5,0.8,0.7125,0.74,0.8,22.4,7.7,7.5,12.0,7.13,5.18,2.4,64.31,100.0,0,0,0,0.0,64.31,C
4113,Inha University,https://www.inha.ac.kr,South Korea,Asia (East & Southeast),0.0,0.0,0.0,0.0,0.176,0.833,0.0,0.0,0.0,0.0,0.0,1.76,5.83,0.0,7.59,45.0,1,0,1,0.0,7.59,F
4114,Ajou University,https://www.ajou.ac.kr,South Korea,Asia (East & Southeast),1.0,0.59,0.44,0.6375,0.84,0.617,1.0,28.0,12.98,6.6,9.56,8.4,4.32,3.0,72.86,100.0,0,0,0,0.0,72.86,B
4115,Chonnam National University,https://www.jnu.ac.kr,South Korea,Asia (East & Southeast),0.0,0.0,0.02,0.0,0.47,0.671,0.06,0.0,0.0,0.3,0.0,4.7,4.7,0.18,9.88,45.0,1,0,1,0.0,9.88,F
4116,Jeonbuk National University,https://www.jbnu.ac.kr,South Korea,Asia (East & Southeast),0.92,0.79,0.664,0.4,0.6011,0.755,0.87,25.76,17.38,9.96,6.0,6.01,5.29,2.61,73.01,45.0,1,0,1,28.01,45.0,D
4117,Konkuk University,https://www.konkuk.ac.kr,South Korea,Asia (East & Southeast),0.92,0.53,0.3,0.6,0.6335,0.69,0.98,25.76,11.66,4.5,9.0,6.34,4.83,2.94,65.03,100.0,0,0,0,0.0,65.03,B
4118,Dongguk University,https://www.dongguk.edu,South Korea,Asia (East & Southeast),1.0,0.59,0.464,0.3,0.6589,0.829,0.75,28.0,12.98,6.96,4.5,6.59,5.8,2.25,67.08,45.0,1,0,1,22.08,45.0,D
4120,Kookmin University,https://www.kookmin.ac.kr,South Korea,Asia (East & Southeast),0.8,0.79,0.3,0.7,0.7176,0.751,0.73,22.4,17.38,4.5,10.5,7.18,5.26,2.19,69.4,100.0,0,0,0,0.0,69.4,B
4122,Gachon University,https://www.gachon.ac.kr,South Korea,Asia (East & Southeast),0.8,0.5,0.18,0.6,0.6436,0.891,0.57,22.4,11.0,2.7,9.0,6.44,6.24,1.71,59.48,100.0,0,0,0,0.0,59.48,C
4123,Chungbuk National University,https://www.chungbuk.ac.kr,South Korea,Asia (East & Southeast),0.92,0.64,0.26,0.8,0.75,0.543,0.69,25.76,14.08,3.9,12.0,7.5,3.8,2.07,69.11,100.0,0,0,0,0.0,69.11,B
4124,National Taiwan University,https://www.ntu.edu.tw,Taiwan,Asia (East & Southeast),0.92,0.59,0.504,0.9,0.83,0.794,0.87,25.76,12.98,7.56,13.5,8.3,5.56,2.61,76.27,100.0,0,0,0,0.0,76.27,A
4125,National Tsing Hua University,https://www.nthu.edu.tw,Taiwan,Asia (East & Southeast),0.55,0.26,0.24,0.2,0.6439,0.777,0.62,15.4,5.72,3.6,3.0,6.44,5.44,1.86,41.46,45.0,1,0,1,0.0,41.46,D
4126,National Yang Ming Chiao Tung University,https://www.nycu.edu.tw,Taiwan,Asia (East & Southeast),0.62,0.41,0.68,0.875,0.7197,0.785,0.68,17.36,9.02,10.2,13.12,7.2,5.5,2.04,64.44,100.0,0,0,0,0.0,64.44,C
4127,National Cheng Kung University,https://www.ncku.edu.tw,Taiwan,Asia (East & Southeast),0.55,0.2,0.28,0.1,0.7566,0.736,0.73,15.4,4.4,4.2,1.5,7.57,5.15,2.19,40.41,45.0,1,0,1,0.0,40.41,D
4129,National Central University,https://www.ncu.edu.tw,Taiwan,Asia (East & Southeast),0.8,0.35,0.704,0.3,0.76,0.942,0.54,22.4,7.7,10.56,4.5,7.6,6.59,1.62,60.97,45.0,1,0,1,15.97,45.0,D
4130,National Sun Yat-sen University,https://www.nsysu.edu.tw,Taiwan,Asia (East & Southeast),0.63,0.35,0.58,0.3,0.6596,0.783,0.73,17.64,7.7,8.7,4.5,6.6,5.48,2.19,52.81,45.0,1,0,1,7.81,45.0,D
4131,National Chung Hsing University,https://www.nchu.edu.tw,Taiwan,Asia (East & Southeast),1.0,0.41,0.728,0.875,0.7738,0.664,0.89,28.0,9.02,10.92,13.12,7.74,4.65,2.67,76.12,100.0,0,0,0,0.0,76.12,A
4132,Taipei Medical University,https://www.tmu.edu.tw,Taiwan,Asia (East & Southeast),0.5,0.35,0.266,0.8,0.686,0.767,0.71,14.0,7.7,3.99,12.0,6.86,5.37,2.13,52.05,100.0,0,0,0,0.0,52.05,C
4133,National Taiwan Normal University,https://www.ntnu.edu.tw,Taiwan,Asia (East & Southeast),0.67,0.2,0.508,0.0,0.6192,0.88,0.58,18.76,4.4,7.62,0.0,6.19,6.16,1.74,44.87,45.0,1,0,1,0.0,44.87,D
4134,National Chengchi University,https://www.nccu.edu.tw,Taiwan,Asia (East & Southeast),0.92,0.41,0.58,0.7375,0.751,0.849,0.54,25.76,9.02,8.7,11.06,7.51,5.94,1.62,69.62,100.0,0,0,0,0.0,69.62,B
4135,Chang Gung University,https://www.cgu.edu.tw,Taiwan,Asia (East & Southeast),0.67,0.35,0.38,0.9,0.7408,0.7495,0.87,18.76,7.7,5.7,13.5,7.41,5.25,2.61,60.92,100.0,0,0,0,0.0,60.92,C
4136,National Yunlin University of Science and Technology,https://www.yuntech.edu.tw,Taiwan,Asia (East & Southeast),1.0,0.59,0.794,0.6875,0.7901,0.629,0.76,28.0,12.98,11.91,10.31,7.9,4.4,2.28,77.79,100.0,0,0,0,0.0,77.79,A
4137,Asia University Taiwan,https://www.asia.edu.tw,Taiwan,Asia (East & Southeast),0.45,0.47,0.76,0.7375,0.7421,0.822,0.75,12.6,10.34,11.4,11.06,7.42,5.75,2.25,60.83,100.0,0,0,0,0.0,60.83,C
4138,University of Hong Kong,https://www.hku.hk,Hong Kong,Asia (East & Southeast),1.0,0.53,0.486,0.3,0.8619,0.695,0.62,28.0,11.66,7.29,4.5,8.62,4.86,1.86,66.79,45.0,1,0,1,21.79,45.0,D
4139,Chinese University of Hong Kong,https://www.cuhk.edu.hk,Hong Kong,Asia (East & Southeast),0.92,0.35,0.71,0.7875,0.7941,0.749,0.62,25.76,7.7,10.65,11.81,7.94,5.24,1.86,70.97,100.0,0,0,0,0.0,70.97,B
4140,Hong Kong University of Science and Technology,https://www.ust.hk,Hong Kong,Asia (East & Southeast),0.92,0.59,0.89,0.725,0.968,0.948,0.84,25.76,12.98,13.35,10.88,9.68,6.64,2.52,81.8,100.0,0,0,0,0.0,81.8,A
4141,City University of Hong Kong,https://www.cityu.edu.hk,Hong Kong,Asia (East & Southeast),1.0,0.53,0.72,0.6,0.887,0.638,0.76,28.0,11.66,10.8,9.0,8.87,4.47,2.28,75.08,100.0,0,0,0,0.0,75.08,A
4142,Hong Kong Polytechnic University,https://www.polyu.edu.hk,Hong Kong,Asia (East & Southeast),1.0,0.53,0.406,0.9,0.9982,0.827,0.62,28.0,11.66,6.09,13.5,9.98,5.79,1.86,76.88,100.0,0,0,0,0.0,76.88,A
4143,Hong Kong Baptist University,https://www.hkbu.edu.hk,Hong Kong,Asia (East & Southeast),0.92,0.59,0.8,0.7,0.892,0.9375,0.87,25.76,12.98,12.0,10.5,8.92,6.56,2.61,79.33,100.0,0,0,0,0.0,79.33,A
4144,Lingnan University,https://www.ln.edu.hk,Hong Kong,Asia (East & Southeast),1.0,0.53,0.8,0.9,0.9937,0.815,0.84,28.0,11.66,12.0,13.5,9.94,5.71,2.52,83.32,100.0,0,0,0,0.0,83.32,A
4145,University of Macau,https://www.um.edu.mo,Macau,Asia (East & Southeast),1.0,0.36,0.384,0.675,0.8302,0.871,0.76,28.0,7.92,5.76,10.12,8.3,6.1,2.28,68.48,100.0,0,0,0,0.0,68.48,B
4146,National University of Singapore,https://www.nus.edu.sg,Singapore,Asia (East & Southeast),1.0,0.53,0.834,0.9,0.6993,0.801,0.68,28.0,11.66,12.51,13.5,6.99,5.61,2.04,80.31,100.0,0,0,0,0.0,80.31,A
4147,Nanyang Technological University,https://www.ntu.edu.sg,Singapore,Asia (East & Southeast),1.0,1.0,0.8,0.9,0.7735,0.96,0.98,28.0,22.0,12.0,13.5,7.74,6.72,2.94,92.9,100.0,0,0,0,0.0,92.9,A+
4148,Singapore Management University,https://www.smu.edu.sg,Singapore,Asia (East & Southeast),0.92,0.41,0.786,0.8,0.8117,0.711,0.87,25.76,9.02,11.79,12.0,8.12,4.98,2.61,74.27,100.0,0,0,0,0.0,74.27,B
4149,Singapore University of Technology and Design,https://www.sutd.edu.sg,Singapore,Asia (East & Southeast),0.75,0.59,0.72,0.3,0.779,0.859,0.98,21.0,12.98,10.8,4.5,7.79,6.01,2.94,66.02,45.0,1,0,1,21.02,45.0,D
4150,University of Malaya,https://www.um.edu.my,Malaysia,Asia (East & Southeast),0.88,0.79,0.68,0.4,0.6026,0.66,0.54,24.64,17.38,10.2,6.0,6.03,4.62,1.62,70.49,45.0,1,0,1,25.49,45.0,D
4151,Universiti Kebangsaan Malaysia,https://www.ukm.my,Malaysia,Asia (East & Southeast),1.0,0.59,0.22,0.525,0.756,0.627,0.73,28.0,12.98,3.3,7.88,7.56,4.39,2.19,66.29,100.0,0,0,0,0.0,66.29,B
4153,Universiti Sains Malaysia,https://www.usm.my,Malaysia,Asia (East & Southeast),0.8,0.41,0.76,0.625,0.708,0.827,0.44,22.4,9.02,11.4,9.38,7.08,5.79,1.32,66.38,100.0,0,0,0,0.0,66.38,B
4154,Universiti Teknologi Malaysia,https://www.utm.my,Malaysia,Asia (East & Southeast),0.92,0.45,0.14,0.3,0.7173,0.778,0.62,25.76,9.9,2.1,4.5,7.17,5.45,1.86,56.74,45.0,1,0,1,11.74,45.0,D
4155,Universiti Teknologi PETRONAS,https://www.utp.edu.my,Malaysia,Asia (East & Southeast),1.0,0.53,0.54,0.2,0.7094,0.837,0.73,28.0,11.66,8.1,3.0,7.09,5.86,2.19,65.9,45.0,1,0,1,20.9,45.0,D
4156,Universiti Utara Malaysia,https://www.uum.edu.my,Malaysia,Asia (East & Southeast),1.0,0.44,0.584,0.6,0.8239,0.949,0.79,28.0,9.68,8.76,9.0,8.24,6.64,2.37,72.69,100.0,0,0,0,0.0,72.69,B
4157,International Islamic University Malaysia,https://www.iium.edu.my,Malaysia,Asia (East & Southeast),0.37,0.53,0.66,0.9,0.7903,0.653,0.78,10.36,11.66,9.9,13.5,7.9,4.57,2.34,60.23,100.0,0,0,0,0.0,60.23,C
4158,Universiti Teknologi MARA,https://www.uitm.edu.my,Malaysia,Asia (East & Southeast),1.0,0.67,0.68,0.4,0.7962,0.744,0.87,28.0,14.74,10.2,6.0,7.96,5.21,2.61,74.72,45.0,1,0,1,29.72,45.0,D
4159,Multimedia University,https://www.mmu.edu.my,Malaysia,Asia (East & Southeast),0.92,0.82,0.42,0.4,0.733,0.953,0.89,25.76,18.04,6.3,6.0,7.33,6.67,2.67,72.77,45.0,1,0,1,27.77,45.0,D
4160,Taylor's University,https://university.taylors.edu.my,Malaysia,Asia (East & Southeast),0.75,0.42,0.18,0.2,0.7465,0.918,0.53,21.0,9.24,2.7,3.0,7.47,6.43,1.59,51.42,45.0,1,0,1,6.42,45.0,D
4161,UCSI University,https://www.ucsiuniversity.edu.my,Malaysia,Asia (East & Southeast),1.0,0.53,0.688,0.6375,0.7953,0.843,0.76,28.0,11.66,10.32,9.56,7.95,5.9,2.28,75.68,100.0,0,0,0,0.0,75.68,A
4162,Universiti Malaysia Sarawak,https://www.unimas.my,Malaysia,Asia (East & Southeast),0.8,0.2,0.224,0.6,0.83,0.934,0.48,22.4,4.4,3.36,9.0,8.3,6.54,1.44,55.44,100.0,0,0,0,0.0,55.44,C
4164,Universiti Tunku Abdul Rahman,https://www.utar.edu.my,Malaysia,Asia (East & Southeast),1.0,0.82,0.38,0.775,0.6851,0.766,0.73,28.0,18.04,5.7,11.62,6.85,5.36,2.19,77.77,100.0,0,0,0,0.0,77.77,A
4166,Gadjah Mada University,https://www.ugm.ac.id,Indonesia,Asia (East & Southeast),0.67,0.59,0.484,0.5,0.8771,0.995,0.87,18.76,12.98,7.26,7.5,8.77,6.97,2.61,64.85,100.0,0,0,0,0.0,64.85,C
4167,Bandung Institute of Technology,https://www.itb.ac.id,Indonesia,Asia (East & Southeast),0.92,0.53,0.58,0.425,0.83,0.794,0.87,25.76,11.66,8.7,6.38,8.3,5.56,2.61,68.96,100.0,0,0,0,0.0,68.96,B
4168,IPB University,https://www.ipb.ac.id,Indonesia,Asia (East & Southeast),0.55,0.59,0.92,0.7,0.9124,0.985,0.62,15.4,12.98,13.8,10.5,9.12,6.9,1.86,70.56,100.0,0,0,0,0.0,70.56,B
4171,Diponegoro University,https://www.undip.ac.id,Indonesia,Asia (East & Southeast),0.55,0.53,0.768,0.625,0.8511,0.878,0.73,15.4,11.66,11.52,9.38,8.51,6.15,2.19,64.8,100.0,0,0,0,0.0,64.8,C
4172,Sepuluh Nopember Institute of Technology,https://www.its.ac.id,Indonesia,Asia (East & Southeast),0.92,0.82,0.6,0.6,0.8128,0.863,0.94,25.76,18.04,9.0,9.0,8.13,6.04,2.82,78.79,100.0,0,0,0,0.0,78.79,A
4173,Brawijaya University,https://www.ub.ac.id,Indonesia,Asia (East & Southeast),0.67,0.59,0.866,0.9,0.8018,0.826,0.73,18.76,12.98,12.99,13.5,8.02,5.78,2.19,74.22,100.0,0,0,0,0.0,74.22,B
4175,Hasanuddin University,https://www.unhas.ac.id,Indonesia,Asia (East & Southeast),0.67,0.64,0.688,0.5,0.795,0.986,0.74,18.76,14.08,10.32,7.5,7.95,6.9,2.22,67.73,100.0,0,0,0,0.0,67.73,B
4176,University of North Sumatra,https://www.usu.ac.id,Indonesia,Asia (East & Southeast),0.63,0.59,0.76,0.875,0.968,0.971,0.87,17.64,12.98,11.4,13.12,9.68,6.8,2.61,74.23,100.0,0,0,0,0.0,74.23,B
4177,Andalas University,https://www.unand.ac.id,Indonesia,Asia (East & Southeast),0.0,0.15,0.4,0.5,0.7996,0.888,0.2,0.0,3.3,6.0,7.5,8.0,6.22,0.6,31.61,100.0,0,0,0,0.0,31.61,F
4178,Bina Nusantara University,https://www.binus.ac.id,Indonesia,Asia (East & Southeast),0.8,0.18,0.658,0.7375,0.7384,0.618,0.73,22.4,3.96,9.87,11.06,7.38,4.33,2.19,61.19,100.0,0,0,0,0.0,61.19,C
4180,Chulalongkorn University,https://www.chula.ac.th,Thailand,Asia (East & Southeast),1.0,0.59,0.42,0.8,0.9584,0.872,0.87,28.0,12.98,6.3,12.0,9.58,6.1,2.61,77.58,100.0,0,0,0,0.0,77.58,A
4181,Mahidol University,https://www.mahidol.ac.th,Thailand,Asia (East & Southeast),0.92,0.59,0.768,0.775,0.7585,0.969,0.87,25.76,12.98,11.52,11.62,7.59,6.78,2.61,78.86,100.0,0,0,0,0.0,78.86,A
4182,Chiang Mai University,https://www.cmu.ac.th,Thailand,Asia (East & Southeast),0.92,0.53,0.96,0.9,0.5003,0.802,0.76,25.76,11.66,14.4,13.5,5.0,5.61,2.28,78.22,100.0,0,0,0,0.0,78.22,A
4183,Kasetsart University,https://www.ku.ac.th,Thailand,Asia (East & Southeast),0.8,0.41,0.76,0.625,0.92,0.921,0.65,22.4,9.02,11.4,9.38,9.2,6.45,1.95,69.79,100.0,0,0,0,0.0,69.79,B
4184,Thammasat University,https://www.tu.ac.th,Thailand,Asia (East & Southeast),1.0,0.41,0.77,0.9,0.9296,0.789,0.87,28.0,9.02,11.55,13.5,9.3,5.52,2.61,79.5,100.0,0,0,0,0.0,79.5,A
4186,Prince of Songkla University,https://www.psu.ac.th,Thailand,Asia (East & Southeast),0.0,0.0,0.02,0.575,0.7187,0.796,0.32,0.0,0.0,0.3,8.62,7.19,5.57,0.96,22.64,100.0,0,0,0,0.0,22.64,F
4187,King Mongkut's University of Technology Thonburi,https://www.kmutt.ac.th,Thailand,Asia (East & Southeast),0.92,0.53,0.57,0.4,0.7484,0.9245,0.76,25.76,11.66,8.55,6.0,7.48,6.47,2.28,68.21,45.0,1,0,1,23.21,45.0,D
4188,King Mongkut's Institute of Technology Ladkrabang,https://www.kmitl.ac.th,Thailand,Asia (East & Southeast),0.8,0.35,0.75,0.5375,0.8212,0.9375,0.76,22.4,7.7,11.25,8.06,8.21,6.56,2.28,66.47,100.0,0,0,0,0.0,66.47,B
4189,Suranaree University of Technology,https://www.sut.ac.th,Thailand,Asia (East & Southeast),0.92,0.59,0.66,0.7,0.5242,0.879,0.9,25.76,12.98,9.9,10.5,5.24,6.15,2.7,73.24,100.0,0,0,0,0.0,73.24,B
4190,Naresuan University,https://www.nu.ac.th,Thailand,Asia (East & Southeast),0.0,0.2,0.0,0.8,0.7358,0.668,0.38,0.0,4.4,0.0,12.0,7.36,4.68,1.14,29.57,100.0,0,0,0,0.0,29.57,F
4191,Silpakorn University,https://www.su.ac.th,Thailand,Asia (East & Southeast),0.92,0.38,0.3,0.6,0.92,0.964,0.62,25.76,8.36,4.5,9.0,9.2,6.75,1.86,65.43,100.0,0,0,0,0.0,65.43,B
4193,Burapha University,https://www.buu.ac.th,Thailand,Asia (East & Southeast),0.92,0.41,0.246,0.7,0.7716,0.874,0.54,25.76,9.02,3.69,10.5,7.72,6.12,1.62,64.42,100.0,0,0,0,0.0,64.42,C
4194,University of the Philippines Diliman,https://upd.edu.ph,Philippines,Asia (East & Southeast),0.67,0.53,0.582,0.8,0.6041,0.861,0.98,18.76,11.66,8.73,12.0,6.04,6.03,2.94,66.16,100.0,0,0,0,0.0,66.16,B
4195,Ateneo de Manila University,https://www.ateneo.edu,Philippines,Asia (East & Southeast),1.0,0.53,0.74,0.8,0.6596,0.978,0.76,28.0,11.66,11.1,12.0,6.6,6.85,2.28,78.48,100.0,0,0,0,0.0,78.48,A
4196,De La Salle University,https://www.dlsu.edu.ph,Philippines,Asia (East & Southeast),1.0,0.59,0.42,0.7375,0.599,0.931,1.0,28.0,12.98,6.3,11.06,5.99,6.52,3.0,73.85,100.0,0,0,0,0.0,73.85,B
4197,University of Santo Tomas,https://www.ust.edu.ph,Philippines,Asia (East & Southeast),0.63,0.41,0.8,0.675,0.6099,0.832,0.39,17.64,9.02,12.0,10.12,6.1,5.82,1.17,61.88,100.0,0,0,0,0.0,61.88,C
4198,Mapua University,https://www.mapua.edu.ph,Philippines,Asia (East & Southeast),1.0,0.74,0.744,0.2,0.7476,0.955,0.89,28.0,16.28,11.16,3.0,7.48,6.68,2.67,75.27,45.0,1,0,1,30.27,45.0,D
4199,University of San Carlos,https://www.usc.edu.ph,Philippines,Asia (East & Southeast),0.92,0.59,0.68,0.8,0.8169,0.993,0.89,25.76,12.98,10.2,12.0,8.17,6.95,2.67,78.73,100.0,0,0,0,0.0,78.73,A
4200,Silliman University,https://su.edu.ph,Philippines,Asia (East & Southeast),0.75,0.62,0.72,0.7,0.7486,0.731,0.86,21.0,13.64,10.8,10.5,7.49,5.12,2.58,71.12,100.0,0,0,0,0.0,71.12,B
4201,Polytechnic University of the Philippines,https://www.pup.edu.ph,Philippines,Asia (East & Southeast),1.0,0.41,0.64,0.8,0.5728,0.788,0.87,28.0,9.02,9.6,12.0,5.73,5.52,2.61,72.47,100.0,0,0,0,0.0,72.47,B
4202,University of the East,https://www.ue.edu.ph,Philippines,Asia (East & Southeast),1.0,0.94,0.728,0.3,0.5889,0.74,0.89,28.0,20.68,10.92,4.5,5.89,5.18,2.67,77.84,45.0,1,0,1,32.84,45.0,D
4203,Far Eastern University,https://www.feu.edu.ph,Philippines,Asia (East & Southeast),0.92,0.59,0.888,0.7375,0.5617,0.739,0.87,25.76,12.98,13.32,11.06,5.62,5.17,2.61,76.52,100.0,0,0,0,0.0,76.52,A
4204,Vietnam National University Hanoi,https://www.vnu.edu.vn,Vietnam,Asia (East & Southeast),0.25,0.0,0.4,0.6,0.746,0.881,0.32,7.0,0.0,6.0,9.0,7.46,6.17,0.96,36.59,100.0,0,0,0,0.0,36.59,D
4205,Vietnam National University Ho Chi Minh City,https://vnuhcm.edu.vn,Vietnam,Asia (East & Southeast),0.0,0.0,0.38,0.0,0.5834,0.756,0.1,0.0,0.0,5.7,0.0,5.83,5.29,0.3,17.13,45.0,1,0,1,0.0,17.13,F
4207,Ton Duc Thang University,https://www.tdtu.edu.vn,Vietnam,Asia (East & Southeast),0.8,0.53,0.8,0.6,0.7264,0.815,0.55,22.4,11.66,12.0,9.0,7.26,5.7,1.65,69.68,100.0,0,0,0,0.0,69.68,B
4208,Duy Tan University,https://www.duytan.edu.vn,Vietnam,Asia (East & Southeast),0.55,0.41,0.56,0.3,0.7231,0.842,0.73,15.4,9.02,8.4,4.5,7.23,5.89,2.19,52.64,45.0,1,0,1,7.64,45.0,D
4209,Can Tho University,https://www.ctu.edu.vn,Vietnam,Asia (East & Southeast),0.55,0.41,0.548,0.3,0.6505,0.745,0.62,15.4,9.02,8.22,4.5,6.51,5.22,1.86,50.72,45.0,1,0,1,5.72,45.0,D
4210,Hue University,https://www.hueuni.edu.vn,Vietnam,Asia (East & Southeast),0.55,0.38,0.32,0.2,0.3486,0.663,0.52,15.4,8.36,4.8,3.0,3.49,4.64,1.56,41.25,45.0,1,0,1,0.0,41.25,D
4211,University of Danang,https://www.udn.vn,Vietnam,Asia (East & Southeast),0.8,0.47,0.8,0.525,0.7424,0.78,0.59,22.4,10.34,12.0,7.88,7.42,5.46,1.77,67.27,100.0,0,0,0,0.0,67.27,B
4214,Universiti Brunei Darussalam,https://www.ubd.edu.bn,Other SE/E Asia,Asia (East & Southeast),1.0,0.85,0.688,0.3,0.6392,0.717,0.79,28.0,18.7,10.32,4.5,6.39,5.02,2.37,75.3,45.0,1,0,1,30.3,45.0,D
4215,National University of Mongolia,https://www.num.edu.mn,Other SE/E Asia,Asia (East & Southeast),0.0,0.0,0.68,0.8,0.801,0.7,0.24,0.0,0.0,10.2,12.0,8.01,4.9,0.72,35.83,100.0,0,0,0,0.0,35.83,D
4216,Royal University of Phnom Penh,https://www.rupp.edu.kh,Other SE/E Asia,Asia (East & Southeast),1.0,0.59,0.68,0.8,0.7474,0.926,0.76,28.0,12.98,10.2,12.0,7.47,6.48,2.28,79.42,100.0,0,0,0,0.0,79.42,A
4300,Southwest Jiaotong University,https://www.swjtu.edu.cn,China,Asia (East & Southeast),0.92,0.44,0.22,0.0,0.294,0.675,0.58,25.76,9.68,3.3,0.0,2.94,4.73,1.74,48.14,45.0,1,0,1,3.14,45.0,D
4301,Central China Normal University,https://www.ccnu.edu.cn,China,Asia (East & Southeast),0.77,0.79,0.18,0.0,0.57,0.38,0.5,21.56,17.38,2.7,0.0,5.7,2.66,1.5,51.5,45.0,1,1,1,6.5,45.0,D
4304,Beijing Forestry University,https://www.bjfu.edu.cn,China,Asia (East & Southeast),0.8,0.47,0.702,0.2,0.4935,0.494,0.5,22.4,10.34,10.53,3.0,4.93,3.46,1.5,56.16,45.0,1,1,1,11.16,45.0,D
4305,Saitama University,https://www.saitama-u.ac.jp,Japan,Asia (East & Southeast),0.8,0.53,0.42,0.2,0.6353,0.988,0.69,22.4,11.66,6.3,3.0,6.35,6.92,2.07,58.7,45.0,1,0,1,13.7,45.0,D
4306,Yamagata University,https://www.yamagata-u.ac.jp,Japan,Asia (East & Southeast),0.8,0.35,0.614,0.8,0.6037,0.7095,0.64,22.4,7.7,9.21,12.0,6.04,4.97,1.92,64.23,100.0,0,0,0,0.0,64.23,C
4307,Kagawa University,https://www.kagawa-u.ac.jp,Japan,Asia (East & Southeast),0.88,0.53,0.02,0.8375,0.7719,0.734,0.68,24.64,11.66,0.3,12.56,7.72,5.14,2.04,64.06,100.0,0,0,0,0.0,64.06,C
4308,University of Yangon,https://www.uy.edu.mm,Other SE/E Asia,Asia (East & Southeast),0.92,0.71,0.22,0.8,0.6412,0.854,0.79,25.76,15.62,3.3,12.0,6.41,5.98,2.37,71.44,100.0,0,0,0,0.0,71.44,B
4309,Institute of Technology of Cambodia,https://www.itc.edu.kh,Other SE/E Asia,Asia (East & Southeast),0.67,0.53,0.266,0.8,0.794,0.709,0.68,18.76,11.66,3.99,12.0,7.94,4.96,2.04,61.35,100.0,0,0,0,0.0,61.35,C
4310,National University of Laos,https://www.nuol.edu.la,Other SE/E Asia,Asia (East & Southeast),0.92,0.38,0.344,0.475,0.6591,0.734,0.76,25.76,8.36,5.16,7.12,6.59,5.14,2.28,60.41,100.0,0,0,0,0.0,60.41,C
4311,Universiti Malaysia Terengganu,https://www.umt.edu.my,Malaysia,Asia (East & Southeast),0.63,0.61,0.226,0.35,0.708,0.623,0.76,17.64,13.42,3.39,5.25,7.08,4.36,2.28,53.42,100.0,0,0,0,0.0,53.42,C
4312,Universiti Malaysia Sabah,https://www.ums.edu.my,Malaysia,Asia (East & Southeast),1.0,0.62,0.14,0.9,0.882,0.684,0.62,28.0,13.64,2.1,13.5,8.82,4.79,1.86,72.71,100.0,0,0,0,0.0,72.71,B
4313,Universitas Negeri Yogyakarta,https://www.uny.ac.id,Indonesia,Asia (East & Southeast),0.8,0.2,0.634,0.2,0.6189,0.724,0.63,22.4,4.4,9.51,3.0,6.19,5.07,1.89,52.46,45.0,1,0,1,7.46,45.0,D
5001,Indian Institute of Technology Bombay,https://www.iitb.ac.in,India,South & Central Asia + Oceania,0.92,0.41,0.94,0.8,0.84,0.8796,0.73,25.76,9.02,14.1,12.0,8.4,6.16,2.19,77.63,100.0,0,0,0,0.0,77.63,A
5003,Indian Institute of Technology Madras,https://www.iitm.ac.in,India,South & Central Asia + Oceania,1.0,0.59,0.91,1.0,0.906,0.9744,0.87,28.0,12.98,13.65,15.0,9.06,6.82,2.61,88.12,100.0,0,0,0,0.0,88.12,A+
5004,Indian Institute of Technology Kanpur,https://www.iitk.ac.in,India,South & Central Asia + Oceania,1.0,0.53,0.42,0.8,0.9656,0.7471,0.98,28.0,11.66,6.3,12.0,9.66,5.23,2.94,75.78,100.0,0,0,0,0.0,75.78,A
5006,Indian Institute of Technology Roorkee,https://www.iitr.ac.in,India,South & Central Asia + Oceania,1.0,0.59,0.704,0.1,0.6955,0.7611,0.75,28.0,12.98,10.56,1.5,6.95,5.33,2.25,67.57,45.0,1,0,1,22.57,45.0,D
5007,Indian Institute of Technology Guwahati,https://www.iitg.ac.in,India,South & Central Asia + Oceania,0.92,0.47,0.92,0.775,0.6761,0.6515,0.76,25.76,10.34,13.8,11.62,6.76,4.56,2.28,75.13,100.0,0,0,0,0.0,75.13,A
5008,Indian Institute of Science,https://www.iisc.ac.in,India,South & Central Asia + Oceania,0.92,0.59,0.8,0.525,0.7738,0.7692,0.84,25.76,12.98,12.0,7.88,7.74,5.38,2.52,74.26,100.0,0,0,0,0.0,74.26,B
5009,Indian Institute of Technology Hyderabad,https://www.iith.ac.in,India,South & Central Asia + Oceania,1.0,0.71,0.866,0.4875,0.7421,0.7814,0.84,28.0,15.62,12.99,7.31,7.42,5.47,2.52,79.33,100.0,0,0,0,0.0,79.33,A
5010,Indian Institute of Technology Indore,https://www.iiti.ac.in,India,South & Central Asia + Oceania,0.92,0.35,0.764,0.475,0.7415,0.875,0.73,25.76,7.7,11.46,7.12,7.42,6.13,2.19,67.78,100.0,0,0,0,0.0,67.78,B
5011,Indian Institute of Technology BHU Varanasi,https://www.iitbhu.ac.in,India,South & Central Asia + Oceania,0.92,0.71,0.968,0.675,0.9051,0.6904,0.73,25.76,15.62,14.52,10.12,9.05,4.83,2.19,82.1,100.0,0,0,0,0.0,82.1,A
5012,Indian Institute of Technology ISM Dhanbad,https://www.iitism.ac.in,India,South & Central Asia + Oceania,0.92,0.44,0.784,0.775,0.7635,0.6583,0.68,25.76,9.68,11.76,11.62,7.63,4.61,2.04,73.11,100.0,0,0,0,0.0,73.11,B
5013,Indian Institute of Technology Ropar,https://www.iitrpr.ac.in,India,South & Central Asia + Oceania,1.0,0.59,0.94,0.6,0.8276,0.7511,0.75,28.0,12.98,14.1,9.0,8.28,5.26,2.25,79.86,100.0,0,0,0,0.0,79.86,A
5014,Indian Institute of Technology Gandhinagar,https://www.iitgn.ac.in,India,South & Central Asia + Oceania,1.0,0.56,0.8,0.8,0.8225,0.8787,0.73,28.0,12.32,12.0,12.0,8.22,6.15,2.19,80.89,100.0,0,0,0,0.0,80.89,A
5015,University of Delhi,https://www.du.ac.in,India,South & Central Asia + Oceania,1.0,0.59,0.91,0.775,0.7662,0.6831,0.73,28.0,12.98,13.65,11.62,7.66,4.78,2.19,80.89,100.0,0,0,0,0.0,80.89,A
5016,Jawaharlal Nehru University,https://www.jnu.ac.in,India,South & Central Asia + Oceania,1.0,0.71,0.97,0.875,0.75,0.7209,0.98,28.0,15.62,14.55,13.12,7.5,5.05,2.94,86.78,100.0,0,0,0,0.0,86.78,A+
5017,University of Hyderabad,https://www.uohyd.ac.in,India,South & Central Asia + Oceania,1.0,0.53,0.782,0.775,0.7028,0.8089,0.87,28.0,11.66,11.73,11.62,7.03,5.66,2.61,78.32,100.0,0,0,0,0.0,78.32,A
5018,Banaras Hindu University,https://www.bhu.ac.in,India,South & Central Asia + Oceania,0.8,0.85,0.758,0.425,0.5533,0.5442,0.59,22.4,18.7,11.37,6.38,5.53,3.81,1.77,69.96,100.0,0,0,0,0.0,69.96,B
5021,Jamia Millia Islamia,https://www.jmi.ac.in,India,South & Central Asia + Oceania,1.0,0.71,0.77,0.9,0.92,0.7973,0.79,28.0,15.62,11.55,13.5,9.2,5.58,2.37,85.82,100.0,0,0,0,0.0,85.82,A+
5022,Aligarh Muslim University,https://www.amu.ac.in,India,South & Central Asia + Oceania,1.0,0.59,0.8,0.9,0.8997,0.7367,0.96,28.0,12.98,12.0,13.5,9.0,5.16,2.88,83.51,100.0,0,0,0,0.0,83.51,A
5023,Savitribai Phule Pune University,https://www.unipune.ac.in,India,South & Central Asia + Oceania,0.62,0.59,0.42,0.3,0.2567,0.9299,0.69,17.36,12.98,6.3,4.5,2.57,6.51,2.07,52.29,45.0,1,0,1,7.29,45.0,D
5024,University of Calcutta,https://www.caluniv.ac.in,India,South & Central Asia + Oceania,0.92,0.53,0.53,0.1,0.5897,0.6585,0.77,25.76,11.66,7.95,1.5,5.9,4.61,2.31,59.69,45.0,1,0,1,14.69,45.0,D
5027,Manipal Academy of Higher Education,https://www.manipal.edu,India,South & Central Asia + Oceania,1.0,0.74,0.8,0.8,0.7693,0.8246,0.75,28.0,16.28,12.0,12.0,7.69,5.77,2.25,84.0,100.0,0,0,0,0.0,84.0,A
5028,Vellore Institute of Technology,https://www.vit.ac.in,India,South & Central Asia + Oceania,1.0,0.53,0.44,0.7,0.7041,0.8114,0.73,28.0,11.66,6.6,10.5,7.04,5.68,2.19,71.67,100.0,0,0,0,0.0,71.67,B
5029,Birla Institute of Technology and Science Pilani,https://www.bits-pilani.ac.in,India,South & Central Asia + Oceania,1.0,0.71,0.544,0.3,0.7459,0.8427,0.87,28.0,15.62,8.16,4.5,7.46,5.9,2.61,72.25,45.0,1,0,1,27.25,45.0,D
5030,Amrita Vishwa Vidyapeetham,https://www.amrita.edu,India,South & Central Asia + Oceania,0.88,0.59,0.822,0.3,0.8264,0.8635,0.73,24.64,12.98,12.33,4.5,8.26,6.04,2.19,70.95,45.0,1,0,1,25.95,45.0,D
5031,SRM Institute of Science and Technology,https://www.srmist.edu.in,India,South & Central Asia + Oceania,1.0,0.91,0.42,0.8,0.5897,0.8891,0.86,28.0,20.02,6.3,12.0,5.9,6.22,2.58,81.02,100.0,0,0,0,0.0,81.02,A
5033,Thapar Institute of Engineering and Technology,https://www.thapar.edu,India,South & Central Asia + Oceania,0.75,0.62,0.42,0.625,0.8135,0.9346,0.69,21.0,13.64,6.3,9.38,8.13,6.54,2.07,67.06,100.0,0,0,0,0.0,67.06,B
5034,NIT Tiruchirappalli,https://www.nitt.edu,India,South & Central Asia + Oceania,0.92,0.53,0.746,0.7,0.7219,0.6566,0.75,25.76,11.66,11.19,10.5,7.22,4.6,2.25,73.17,100.0,0,0,0,0.0,73.17,B
5035,NIT Karnataka Surathkal,https://www.nitk.ac.in,India,South & Central Asia + Oceania,1.0,0.71,0.94,0.3,0.7479,0.843,1.0,28.0,15.62,14.1,4.5,7.48,5.9,3.0,78.6,45.0,1,0,1,33.6,45.0,D
5036,NIT Warangal,https://www.nitw.ac.in,India,South & Central Asia + Oceania,1.0,0.71,1.0,0.8,0.6487,0.7084,1.0,28.0,15.62,15.0,12.0,6.49,4.96,3.0,85.07,100.0,0,0,0,0.0,85.07,A+
5038,NIT Calicut,https://www.nitc.ac.in,India,South & Central Asia + Oceania,0.88,0.65,0.864,0.7,0.8275,0.8796,0.84,24.64,14.3,12.96,10.5,8.28,6.16,2.52,79.35,100.0,0,0,0,0.0,79.35,A
5039,Osmania University,https://www.osmania.ac.in,India,South & Central Asia + Oceania,1.0,0.74,1.0,0.3,0.7305,0.536,0.84,28.0,16.28,15.0,4.5,7.3,3.75,2.52,77.36,45.0,1,0,1,32.36,45.0,D
5040,Panjab University,https://www.puchd.ac.in,India,South & Central Asia + Oceania,1.0,0.53,0.68,0.525,0.75,0.8529,0.9,28.0,11.66,10.2,7.88,7.5,5.97,2.7,73.91,100.0,0,0,0,0.0,73.91,B
5041,Cochin University of Science and Technology,https://www.cusat.ac.in,India,South & Central Asia + Oceania,1.0,0.62,0.77,0.0,0.6495,0.8911,0.84,28.0,13.64,11.55,0.0,6.49,6.24,2.52,68.44,45.0,1,0,1,23.44,45.0,D
5043,Ashoka University,https://www.ashoka.edu.in,India,South & Central Asia + Oceania,1.0,0.71,0.824,0.8,0.8311,0.9953,0.87,28.0,15.62,12.36,12.0,8.31,6.97,2.61,85.87,100.0,0,0,0,0.0,85.87,A+
5044,O.P. Jindal Global University,https://www.jgu.edu.in,India,South & Central Asia + Oceania,1.0,0.56,0.34,0.3,0.7484,0.8749,0.87,28.0,12.32,5.1,4.5,7.48,6.12,2.61,66.14,45.0,1,0,1,21.14,45.0,D
5045,IIIT Hyderabad,https://www.iiit.ac.in,India,South & Central Asia + Oceania,0.75,0.59,1.0,0.6,0.618,0.804,0.64,21.0,12.98,15.0,9.0,6.18,5.63,1.92,71.71,100.0,0,0,0,0.0,71.71,B
5046,Indian Statistical Institute,https://www.isical.ac.in,India,South & Central Asia + Oceania,0.67,0.53,0.42,0.8,0.5336,0.8987,0.73,18.76,11.66,6.3,12.0,5.34,6.29,2.19,62.54,100.0,0,0,0,0.0,62.54,C
5047,Tata Institute of Fundamental Research,https://www.tifr.res.in,India,South & Central Asia + Oceania,0.63,0.44,0.18,0.525,0.83,0.7708,0.76,17.64,9.68,2.7,7.88,8.3,5.4,2.28,53.87,100.0,0,0,0,0.0,53.87,C
5048,All India Institute of Medical Sciences Delhi,https://www.aiims.edu,India,South & Central Asia + Oceania,0.92,0.41,0.424,0.2,0.4584,0.7008,0.84,25.76,9.02,6.36,3.0,4.58,4.91,2.52,56.15,45.0,1,0,1,11.15,45.0,D
5049,Christ University,https://www.christuniversity.in,India,South & Central Asia + Oceania,0.67,0.39,0.3,0.625,0.92,0.7717,0.54,18.76,8.58,4.5,9.38,9.2,5.4,1.62,57.44,100.0,0,0,0,0.0,57.44,C
5050,Pondicherry University,https://www.pondiuni.edu.in,India,South & Central Asia + Oceania,1.0,0.53,0.86,0.6,0.6933,0.6356,0.73,28.0,11.66,12.9,9.0,6.93,4.45,2.19,75.13,100.0,0,0,0,0.0,75.13,A
5051,Tezpur University,https://www.tezu.ernet.in,India,South & Central Asia + Oceania,1.0,0.65,0.76,0.3,0.4999,0.7958,0.84,28.0,14.3,11.4,4.5,5.0,5.57,2.52,71.29,45.0,1,0,1,26.29,45.0,D
5052,Visva-Bharati University,https://www.visvabharati.ac.in,India,South & Central Asia + Oceania,0.0,0.2,0.0,0.0,0.23,0.8791,0.26,0.0,4.4,0.0,0.0,2.3,6.15,0.78,13.63,45.0,1,0,1,0.0,13.63,F
5054,University of Kerala,https://www.keralauniversity.ac.in,India,South & Central Asia + Oceania,0.92,0.71,0.92,0.8375,0.7463,0.6193,0.74,25.76,15.62,13.8,12.56,7.46,4.34,2.22,81.76,100.0,0,0,0,0.0,81.76,A
5055,University of Calicut,https://www.uoc.ac.in,India,South & Central Asia + Oceania,1.0,0.85,0.68,0.2,0.724,0.8703,0.67,28.0,18.7,10.2,3.0,7.24,6.09,2.01,75.24,45.0,1,0,1,30.24,45.0,D
5056,Bharathiar University,https://www.b-u.ac.in,India,South & Central Asia + Oceania,0.92,0.74,0.94,0.775,0.9186,0.6895,0.73,25.76,16.28,14.1,11.62,9.19,4.83,2.19,83.97,100.0,0,0,0,0.0,83.97,A
5058,Gujarat University,https://www.gujaratuniversity.ac.in,India,South & Central Asia + Oceania,1.0,0.71,0.808,0.8,0.8274,0.8352,0.87,28.0,15.62,12.12,12.0,8.27,5.85,2.61,84.47,100.0,0,0,0,0.0,84.47,A
5059,University of Lucknow,https://www.lkouniv.ac.in,India,South & Central Asia + Oceania,1.0,0.71,0.59,0.8375,0.84,0.7177,0.98,28.0,15.62,8.85,12.56,8.4,5.02,2.94,81.4,100.0,0,0,0,0.0,81.4,A
5061,Guru Gobind Singh Indraprastha University,https://www.ipu.ac.in,India,South & Central Asia + Oceania,1.0,0.53,0.4,0.6,0.7112,0.8184,0.72,28.0,11.66,6.0,9.0,7.11,5.73,2.16,69.66,100.0,0,0,0,0.0,69.66,B
5063,Maharaja Sayajirao University of Baroda,https://www.msubaroda.ac.in,India,South & Central Asia + Oceania,0.92,0.59,1.0,0.875,0.6404,0.774,0.98,25.76,12.98,15.0,13.12,6.4,5.42,2.94,81.63,100.0,0,0,0,0.0,81.63,A
5064,Sri Venkateswara University,https://www.svuniversity.edu.in,India,South & Central Asia + Oceania,1.0,0.53,0.888,0.7,0.8179,0.5939,0.71,28.0,11.66,13.32,10.5,8.18,4.16,2.13,77.95,100.0,0,0,0,0.0,77.95,A
5065,Bharathidasan University,https://www.bdu.ac.in,India,South & Central Asia + Oceania,1.0,0.71,0.8,0.575,0.7518,0.7527,0.69,28.0,15.62,12.0,8.62,7.52,5.27,2.07,79.1,100.0,0,0,0,0.0,79.1,A
5066,Quaid-i-Azam University,https://www.qau.edu.pk,Pakistan,South & Central Asia + Oceania,1.0,0.53,0.544,0.6,0.7715,0.7426,0.87,28.0,11.66,8.16,9.0,7.71,5.2,2.61,72.34,100.0,0,0,0,0.0,72.34,B
5067,National University of Sciences and Technology,https://www.nust.edu.pk,Pakistan,South & Central Asia + Oceania,1.0,0.59,0.644,0.8,0.8252,0.8768,0.89,28.0,12.98,9.66,12.0,8.25,6.14,2.67,79.7,100.0,0,0,0,0.0,79.7,A
5068,Lahore University of Management Sciences,https://www.lums.edu.pk,Pakistan,South & Central Asia + Oceania,1.0,0.59,0.504,0.8,0.7852,0.5901,0.98,28.0,12.98,7.56,12.0,7.85,4.13,2.94,75.46,100.0,0,0,0,0.0,75.46,A
5069,University of the Punjab,https://www.pu.edu.pk,Pakistan,South & Central Asia + Oceania,1.0,0.62,0.42,0.7,0.7244,0.7151,0.62,28.0,13.64,6.3,10.5,7.24,5.01,1.86,72.55,100.0,0,0,0,0.0,72.55,B
5070,University of Engineering and Technology Lahore,https://www.uet.edu.pk,Pakistan,South & Central Asia + Oceania,0.92,0.85,0.968,0.7,0.7749,0.79,0.72,25.76,18.7,14.52,10.5,7.75,5.53,2.16,84.92,100.0,0,0,0,0.0,84.92,A
5071,University of Karachi,https://www.uok.edu.pk,Pakistan,South & Central Asia + Oceania,0.1,0.15,0.02,0.525,0.768,0.6101,0.51,2.8,3.3,0.3,7.88,7.68,4.27,1.53,27.76,100.0,0,0,0,0.0,27.76,F
5072,Aga Khan University,https://www.aku.edu,Pakistan,South & Central Asia + Oceania,1.0,0.59,0.746,0.8,0.6557,0.6987,0.75,28.0,12.98,11.19,12.0,6.56,4.89,2.25,77.87,100.0,0,0,0,0.0,77.87,A
5073,COMSATS University Islamabad,https://www.comsats.edu.pk,Pakistan,South & Central Asia + Oceania,0.92,0.97,0.938,0.6,0.75,0.6825,0.87,25.76,21.34,14.07,9.0,7.5,4.78,2.61,85.06,100.0,0,0,0,0.0,85.06,A+
5074,University of Agriculture Faisalabad,https://www.uaf.edu.pk,Pakistan,South & Central Asia + Oceania,1.0,0.38,0.68,0.3,0.5553,0.7323,0.98,28.0,8.36,10.2,4.5,5.55,5.13,2.94,64.68,45.0,1,0,1,19.68,45.0,D
5077,Bahauddin Zakariya University,https://www.bzu.edu.pk,Pakistan,South & Central Asia + Oceania,1.0,0.74,0.4,0.5875,0.6247,0.814,0.8,28.0,16.28,6.0,8.81,6.25,5.7,2.4,73.44,100.0,0,0,0,0.0,73.44,B
5078,GIK Institute of Engineering Sciences and Technology,https://www.giki.edu.pk,Pakistan,South & Central Asia + Oceania,1.0,0.85,0.834,0.3,0.6512,0.7319,0.73,28.0,18.7,12.51,4.5,6.51,5.12,2.19,77.54,45.0,1,0,1,32.54,45.0,D
5079,Pakistan Institute of Engineering and Applied Sciences,https://www.pieas.edu.pk,Pakistan,South & Central Asia + Oceania,1.0,0.53,0.56,0.8,0.6724,0.752,0.66,28.0,11.66,8.4,12.0,6.72,5.26,1.98,74.03,100.0,0,0,0,0.0,74.03,B
5080,International Islamic University Islamabad,https://www.iiu.edu.pk,Pakistan,South & Central Asia + Oceania,1.0,0.59,0.6,0.6,0.7028,0.7926,0.9,28.0,12.98,9.0,9.0,7.03,5.55,2.7,74.26,100.0,0,0,0,0.0,74.26,B
5081,University of Sindh,https://www.usindh.edu.pk,Pakistan,South & Central Asia + Oceania,1.0,0.65,0.8,0.625,0.7107,0.6624,0.79,28.0,14.3,12.0,9.38,7.11,4.64,2.37,77.79,100.0,0,0,0,0.0,77.79,A
5082,Mehran University of Engineering and Technology,https://www.muet.edu.pk,Pakistan,South & Central Asia + Oceania,1.0,0.53,0.94,0.6,0.7384,0.7397,1.0,28.0,11.66,14.1,9.0,7.38,5.18,3.0,78.32,100.0,0,0,0,0.0,78.32,A
5083,NED University of Engineering and Technology,https://www.neduet.edu.pk,Pakistan,South & Central Asia + Oceania,1.0,0.59,0.92,0.8,0.6796,0.7094,0.78,28.0,12.98,13.8,12.0,6.8,4.97,2.34,80.88,100.0,0,0,0,0.0,80.88,A
5085,Air University,https://www.au.edu.pk,Pakistan,South & Central Asia + Oceania,1.0,0.85,0.704,0.6,0.704,0.7359,1.0,28.0,18.7,10.56,9.0,7.04,5.15,3.0,81.45,100.0,0,0,0,0.0,81.45,A
5086,Bahria University,https://www.bahria.edu.pk,Pakistan,South & Central Asia + Oceania,0.75,0.59,0.62,0.0,0.7957,0.7435,0.65,21.0,12.98,9.3,0.0,7.96,5.2,1.95,58.39,45.0,1,0,1,13.39,45.0,D
5087,University of Management and Technology,https://www.umt.edu.pk,Pakistan,South & Central Asia + Oceania,0.88,0.94,0.42,0.3,0.4859,0.7702,0.73,24.64,20.68,6.3,4.5,4.86,5.39,2.19,68.56,45.0,1,0,1,23.56,45.0,D
5088,University of Health Sciences Lahore,https://www.uhs.edu.pk,Pakistan,South & Central Asia + Oceania,0.3,0.32,0.24,0.0,0.57,0.9448,0.26,8.4,7.04,3.6,0.0,5.7,6.61,0.78,32.13,45.0,1,0,1,0.0,32.13,F
5089,Riphah International University,https://www.riphah.edu.pk,Pakistan,South & Central Asia + Oceania,0.88,0.35,0.3,0.9,0.7343,0.9773,0.69,24.64,7.7,4.5,13.5,7.34,6.84,2.07,66.59,100.0,0,0,0,0.0,66.59,B
5090,University of Engineering and Technology Taxila,https://www.uettaxila.edu.pk,Pakistan,South & Central Asia + Oceania,0.92,0.97,0.42,0.0,0.6609,0.6476,0.76,25.76,21.34,6.3,0.0,6.61,4.53,2.28,66.82,45.0,1,0,1,21.82,45.0,D
5091,University of Dhaka,https://www.du.ac.bd,Bangladesh,South & Central Asia + Oceania,1.0,0.53,0.54,0.625,0.6883,0.9261,0.89,28.0,11.66,8.1,9.38,6.88,6.48,2.67,73.17,100.0,0,0,0,0.0,73.17,B
5092,Bangladesh University of Engineering and Technology,https://www.buet.ac.bd,Bangladesh,South & Central Asia + Oceania,0.92,0.44,0.534,0.6,0.717,0.7045,0.75,25.76,9.68,8.01,9.0,7.17,4.93,2.25,66.8,100.0,0,0,0,0.0,66.8,B
5093,BRAC University,https://www.bracu.ac.bd,Bangladesh,South & Central Asia + Oceania,1.0,0.71,0.76,0.8,0.6998,0.8986,0.68,28.0,15.62,11.4,12.0,7.0,6.29,2.04,82.35,100.0,0,0,0,0.0,82.35,A
5094,North South University,https://www.northsouth.edu,Bangladesh,South & Central Asia + Oceania,1.0,0.85,0.94,0.675,0.6502,0.9223,0.98,28.0,18.7,14.1,10.12,6.5,6.46,2.94,86.82,100.0,0,0,0,0.0,86.82,A+
5095,Jahangirnagar University,https://www.juniv.edu,Bangladesh,South & Central Asia + Oceania,1.0,0.35,0.866,0.4375,0.7435,0.8478,0.74,28.0,7.7,12.99,6.56,7.43,5.93,2.22,70.84,100.0,0,0,0,0.0,70.84,B
5096,University of Chittagong,https://www.cu.ac.bd,Bangladesh,South & Central Asia + Oceania,0.92,0.53,0.62,0.775,0.5776,0.844,0.87,25.76,11.66,9.3,11.62,5.78,5.91,2.61,72.64,100.0,0,0,0,0.0,72.64,B
5097,University of Rajshahi,https://www.ru.ac.bd,Bangladesh,South & Central Asia + Oceania,0.67,0.35,0.3,0.7,0.6617,0.8743,0.65,18.76,7.7,4.5,10.5,6.62,6.12,1.95,56.15,100.0,0,0,0,0.0,56.15,C
5098,Bangladesh Agricultural University,https://www.bau.edu.bd,Bangladesh,South & Central Asia + Oceania,1.0,0.53,0.88,0.2,0.6635,0.9346,0.61,28.0,11.66,13.2,3.0,6.64,6.54,1.83,70.87,45.0,1,0,1,25.87,45.0,D
5099,Khulna University,https://www.ku.ac.bd,Bangladesh,South & Central Asia + Oceania,0.92,0.53,0.79,0.775,0.75,0.8872,0.79,25.76,11.66,11.85,11.62,7.5,6.21,2.37,76.98,100.0,0,0,0,0.0,76.98,A
5101,Islamic University of Technology,https://www.iutoic-dhaka.edu,Bangladesh,South & Central Asia + Oceania,1.0,0.53,0.704,0.0,0.47,0.7789,0.75,28.0,11.66,10.56,0.0,4.7,5.45,2.25,62.62,45.0,1,0,1,17.62,45.0,D
5103,American International University-Bangladesh,https://www.aiub.edu,Bangladesh,South & Central Asia + Oceania,0.92,0.53,0.968,0.8,0.7461,0.9158,1.0,25.76,11.66,14.52,12.0,7.46,6.41,3.0,80.81,100.0,0,0,0,0.0,80.81,A
5104,Daffodil International University,https://www.daffodilvarsity.edu.bd,Bangladesh,South & Central Asia + Oceania,0.88,0.74,0.6,0.7,0.7916,0.8418,0.87,24.64,16.28,9.0,10.5,7.92,5.89,2.61,76.84,100.0,0,0,0,0.0,76.84,A
5105,East West University,https://www.ewubd.edu,Bangladesh,South & Central Asia + Oceania,1.0,0.59,0.97,0.2,0.7958,0.7745,0.75,28.0,12.98,14.55,3.0,7.96,5.42,2.25,74.16,45.0,1,0,1,29.16,45.0,D
5106,Khulna University of Engineering and Technology,https://www.kuet.ac.bd,Bangladesh,South & Central Asia + Oceania,0.92,0.85,0.908,0.6,0.7486,0.7067,0.89,25.76,18.7,13.62,9.0,7.49,4.95,2.67,82.18,100.0,0,0,0,0.0,82.18,A
5107,Rajshahi University of Engineering and Technology,https://www.ruet.ac.bd,Bangladesh,South & Central Asia + Oceania,0.92,0.79,0.82,0.775,0.683,0.9962,0.96,25.76,17.38,12.3,11.62,6.83,6.97,2.88,83.75,100.0,0,0,0,0.0,83.75,A
5108,Chittagong University of Engineering and Technology,https://www.cuet.ac.bd,Bangladesh,South & Central Asia + Oceania,0.92,0.79,0.92,0.575,0.6885,0.9063,0.87,25.76,17.38,13.8,8.62,6.89,6.34,2.61,81.4,100.0,0,0,0,0.0,81.4,A
5109,Bangladesh University of Professionals,https://www.bup.edu.bd,Bangladesh,South & Central Asia + Oceania,1.0,0.71,0.91,0.6,0.6762,0.7607,0.89,28.0,15.62,13.65,9.0,6.76,5.33,2.67,81.03,100.0,0,0,0,0.0,81.03,A
5110,Jagannath University,https://www.jnu.ac.bd,Bangladesh,South & Central Asia + Oceania,0.92,0.35,0.866,0.575,0.6787,0.9574,0.87,25.76,7.7,12.99,8.62,6.79,6.7,2.61,71.17,100.0,0,0,0,0.0,71.17,B
5111,University of Melbourne,https://www.unimelb.edu.au,Australia,South & Central Asia + Oceania,0.0,0.0,0.0,0.0,0.506,0.9536,0.0,0.0,0.0,0.0,0.0,5.06,6.67,0.0,11.73,45.0,1,0,1,0.0,11.73,F
5112,University of Sydney,https://www.sydney.edu.au,Australia,South & Central Asia + Oceania,1.0,0.33,0.32,0.9,0.8103,0.8739,0.79,28.0,7.26,4.8,13.5,8.1,6.12,2.37,70.15,100.0,0,0,0,0.0,70.15,B
5113,Australian National University,https://www.anu.edu.au,Australia,South & Central Asia + Oceania,1.0,0.59,0.34,0.7,0.7808,0.9668,0.64,28.0,12.98,5.1,10.5,7.81,6.77,1.92,73.08,100.0,0,0,0,0.0,73.08,B
5114,University of New South Wales,https://www.unsw.edu.au,Australia,South & Central Asia + Oceania,1.0,0.88,0.34,0.9,0.8495,0.9896,0.89,28.0,19.36,5.1,13.5,8.5,6.93,2.67,84.05,100.0,0,0,0,0.0,84.05,A
5115,University of Queensland,https://www.uq.edu.au,Australia,South & Central Asia + Oceania,1.0,0.85,0.406,0.7375,0.9049,0.8834,0.9,28.0,18.7,6.09,11.06,9.05,6.18,2.7,81.79,100.0,0,0,0,0.0,81.79,A
5116,Monash University,https://www.monash.edu,Australia,South & Central Asia + Oceania,1.0,0.85,0.666,0.725,0.8696,0.9697,0.78,28.0,18.7,9.99,10.88,8.7,6.79,2.34,85.39,100.0,0,0,0,0.0,85.39,A+
5117,University of Western Australia,https://www.uwa.edu.au,Australia,South & Central Asia + Oceania,1.0,0.85,0.2,0.6,0.83,0.7378,0.87,28.0,18.7,3.0,9.0,8.3,5.16,2.61,74.77,100.0,0,0,0,0.0,74.77,B
5118,University of Adelaide,https://www.adelaide.edu.au,Australia,South & Central Asia + Oceania,0.92,0.88,0.22,0.8,0.8984,0.8313,0.73,25.76,19.36,3.3,12.0,8.98,5.82,2.19,77.41,100.0,0,0,0,0.0,77.41,A
5119,University of Technology Sydney,https://www.uts.edu.au,Australia,South & Central Asia + Oceania,1.0,0.85,0.3,0.7375,0.8832,0.8938,0.87,28.0,18.7,4.5,11.06,8.83,6.26,2.61,79.96,100.0,0,0,0,0.0,79.96,A
5120,Macquarie University,https://www.mq.edu.au,Australia,South & Central Asia + Oceania,0.67,0.79,0.2,0.0,0.7094,0.8512,0.24,18.76,17.38,3.0,0.0,7.09,5.96,0.72,52.91,45.0,1,0,1,7.91,45.0,D
5121,RMIT University,https://www.rmit.edu.au,Australia,South & Central Asia + Oceania,1.0,0.85,0.34,0.7,0.7718,0.8825,0.56,28.0,18.7,5.1,10.5,7.72,6.18,1.68,77.88,100.0,0,0,0,0.0,77.88,A
5122,Curtin University,https://www.curtin.edu.au,Australia,South & Central Asia + Oceania,1.0,0.85,0.83,0.7375,0.8718,0.8295,0.92,28.0,18.7,12.45,11.06,8.72,5.81,2.76,87.5,100.0,0,0,0,0.0,87.5,A+
5123,Deakin University,https://www.deakin.edu.au,Australia,South & Central Asia + Oceania,1.0,0.88,0.34,0.9,0.7181,0.8891,0.62,28.0,19.36,5.1,13.5,7.18,6.22,1.86,81.22,100.0,0,0,0,0.0,81.22,A
5124,Queensland University of Technology,https://www.qut.edu.au,Australia,South & Central Asia + Oceania,1.0,1.0,0.84,0.6875,0.6505,0.8654,0.81,28.0,22.0,12.6,10.31,6.5,6.06,2.43,87.91,100.0,0,0,0,0.0,87.91,A+
5125,Griffith University,https://www.griffith.edu.au,Australia,South & Central Asia + Oceania,0.92,0.39,0.666,0.4,0.57,0.8455,0.36,25.76,8.58,9.99,6.0,5.7,5.92,1.08,63.03,45.0,1,0,1,18.03,45.0,D
5126,University of Newcastle,https://www.newcastle.edu.au,Australia,South & Central Asia + Oceania,1.0,0.85,0.866,0.8,0.6,0.8939,0.78,28.0,18.7,12.99,12.0,6.0,6.26,2.34,86.29,100.0,0,0,0,0.0,86.29,A+
5127,University of Wollongong,https://www.uow.edu.au,Australia,South & Central Asia + Oceania,1.0,0.85,0.92,0.8,0.8365,0.8519,0.76,28.0,18.7,13.8,12.0,8.36,5.96,2.28,89.11,100.0,0,0,0,0.0,89.11,A+
5128,University of Tasmania,https://www.utas.edu.au,Australia,South & Central Asia + Oceania,1.0,0.85,0.6,0.8,0.8143,0.891,0.87,28.0,18.7,9.0,12.0,8.14,6.24,2.61,84.69,100.0,0,0,0,0.0,84.69,A
5129,La Trobe University,https://www.latrobe.edu.au,Australia,South & Central Asia + Oceania,1.0,0.85,0.4,0.9,0.7348,0.6675,0.89,28.0,18.7,6.0,13.5,7.35,4.67,2.67,80.89,100.0,0,0,0,0.0,80.89,A
5130,James Cook University,https://www.jcu.edu.au,Australia,South & Central Asia + Oceania,1.0,0.85,0.22,0.625,0.83,0.8844,0.76,28.0,18.7,3.3,9.38,8.3,6.19,2.28,76.15,100.0,0,0,0,0.0,76.15,A
5131,Flinders University,https://www.flinders.edu.au,Australia,South & Central Asia + Oceania,1.0,0.41,0.58,0.7,0.7342,0.8474,0.73,28.0,9.02,8.7,10.5,7.34,5.93,2.19,71.68,100.0,0,0,0,0.0,71.68,B
5132,Western Sydney University,https://www.westernsydney.edu.au,Australia,South & Central Asia + Oceania,1.0,0.59,0.822,0.3,0.8196,0.731,0.76,28.0,12.98,12.33,4.5,8.2,5.12,2.28,73.4,45.0,1,0,1,28.4,45.0,D
5133,Swinburne University of Technology,https://www.swinburne.edu.au,Australia,South & Central Asia + Oceania,1.0,0.88,0.424,0.3,0.8753,0.8681,0.86,28.0,19.36,6.36,4.5,8.75,6.08,2.58,75.63,45.0,1,0,1,30.63,45.0,D
5134,Charles Darwin University,https://www.cdu.edu.au,Australia,South & Central Asia + Oceania,1.0,0.82,0.88,0.8,0.8216,0.8218,0.62,28.0,18.04,13.2,12.0,8.22,5.75,1.86,87.07,100.0,0,0,0,0.0,87.07,A+
5135,Central Queensland University,https://www.cqu.edu.au,Australia,South & Central Asia + Oceania,1.0,0.67,0.3,0.8375,0.8218,0.8834,0.34,28.0,14.74,4.5,12.56,8.22,6.18,1.02,75.22,100.0,0,0,0,0.0,75.22,A
5136,Murdoch University,https://www.murdoch.edu.au,Australia,South & Central Asia + Oceania,1.0,0.88,0.8,0.7375,0.7393,0.8188,0.76,28.0,19.36,12.0,11.06,7.39,5.73,2.28,85.83,100.0,0,0,0,0.0,85.83,A+
5137,Edith Cowan University,https://www.ecu.edu.au,Australia,South & Central Asia + Oceania,0.75,0.88,0.8,1.0,0.8093,0.9365,0.76,21.0,19.36,12.0,15.0,8.09,6.56,2.28,84.29,100.0,0,0,0,0.0,84.29,A
5138,Victoria University,https://www.vu.edu.au,Australia,South & Central Asia + Oceania,0.75,0.88,0.648,0.875,0.8618,0.9043,0.78,21.0,19.36,9.72,13.12,8.62,6.33,2.34,80.49,100.0,0,0,0,0.0,80.49,A
5139,Southern Cross University,https://www.scu.edu.au,Australia,South & Central Asia + Oceania,1.0,0.88,0.84,0.9,0.904,0.9336,0.98,28.0,19.36,12.6,13.5,9.04,6.54,2.94,91.98,100.0,0,0,0,0.0,91.98,A+
5140,University of Southern Queensland,https://www.usq.edu.au,Australia,South & Central Asia + Oceania,0.85,0.85,0.34,0.625,0.811,0.8303,0.62,23.8,18.7,5.1,9.38,8.11,5.81,1.86,72.76,100.0,0,0,0,0.0,72.76,B
5141,University of Canberra,https://www.canberra.edu.au,Australia,South & Central Asia + Oceania,1.0,0.85,0.8,0.6875,0.8939,0.8682,0.56,28.0,18.7,12.0,10.31,8.94,6.08,1.68,85.71,100.0,0,0,0,0.0,85.71,A+
5142,Bond University,https://www.bond.edu.au,Australia,South & Central Asia + Oceania,0.75,0.41,0.08,0.55,0.8959,0.9033,0.65,21.0,9.02,1.2,8.25,8.96,6.32,1.95,56.7,100.0,0,0,0,0.0,56.7,C
5143,Australian Catholic University,https://www.acu.edu.au,Australia,South & Central Asia + Oceania,1.0,0.88,0.8,0.8,0.7157,0.855,0.81,28.0,19.36,12.0,12.0,7.16,5.98,2.43,86.93,100.0,0,0,0,0.0,86.93,A+
5144,Charles Sturt University,https://www.csu.edu.au,Australia,South & Central Asia + Oceania,0.75,0.59,0.68,0.8375,0.7364,0.7085,0.45,21.0,12.98,10.2,12.56,7.36,4.96,1.35,70.42,100.0,0,0,0,0.0,70.42,B
5145,University of New England,https://www.une.edu.au,Australia,South & Central Asia + Oceania,1.0,0.97,0.92,1.0,0.7649,0.8521,0.87,28.0,21.34,13.8,15.0,7.65,5.96,2.61,94.36,100.0,0,0,0,0.0,94.36,A+
5146,University of the Sunshine Coast,https://www.usc.edu.au,Australia,South & Central Asia + Oceania,1.0,0.79,0.46,0.8375,0.8402,0.7837,0.5,28.0,17.38,6.9,12.56,8.4,5.49,1.5,80.23,100.0,0,0,0,0.0,80.23,A
5147,Federation University Australia,https://www.federation.edu.au,Australia,South & Central Asia + Oceania,0.75,0.62,0.02,0.35,0.8573,0.9355,0.58,21.0,13.64,0.3,5.25,8.57,6.55,1.74,57.05,100.0,0,0,0,0.0,57.05,C
5149,University of Auckland,https://www.auckland.ac.nz,New Zealand,South & Central Asia + Oceania,1.0,0.88,0.54,0.625,0.8943,0.909,0.92,28.0,19.36,8.1,9.38,8.94,6.36,2.76,82.9,100.0,0,0,0,0.0,82.9,A
5150,University of Otago,https://www.otago.ac.nz,New Zealand,South & Central Asia + Oceania,1.0,0.85,0.92,0.8,0.8936,0.8493,0.87,28.0,18.7,13.8,12.0,8.94,5.95,2.61,89.99,100.0,0,0,0,0.0,89.99,A+
5151,Victoria University of Wellington,https://www.wgtn.ac.nz,New Zealand,South & Central Asia + Oceania,1.0,0.59,0.42,0.9,0.8259,0.9374,0.55,28.0,12.98,6.3,13.5,8.26,6.56,1.65,77.25,100.0,0,0,0,0.0,77.25,A
5153,Massey University,https://www.massey.ac.nz,New Zealand,South & Central Asia + Oceania,1.0,0.85,0.72,0.6875,0.754,0.982,0.83,28.0,18.7,10.8,10.31,7.54,6.87,2.49,84.72,100.0,0,0,0,0.0,84.72,A
5154,University of Waikato,https://www.waikato.ac.nz,New Zealand,South & Central Asia + Oceania,1.0,0.97,0.822,0.45,0.8703,0.9128,0.53,28.0,21.34,12.33,6.75,8.7,6.39,1.59,85.1,100.0,0,0,0,0.0,85.1,A+
5155,Lincoln University,https://www.lincoln.ac.nz,New Zealand,South & Central Asia + Oceania,1.0,0.97,0.804,0.6875,0.8208,0.818,0.87,28.0,21.34,12.06,10.31,8.21,5.73,2.61,88.26,100.0,0,0,0,0.0,88.26,A+
5156,Auckland University of Technology,https://www.aut.ac.nz,New Zealand,South & Central Asia + Oceania,1.0,0.85,0.34,0.8375,0.7928,0.9782,0.89,28.0,18.7,5.1,12.56,7.93,6.85,2.67,81.81,100.0,0,0,0,0.0,81.81,A
5157,University of Colombo,https://www.cmb.ac.lk,Sri Lanka,South & Central Asia + Oceania,1.0,0.53,0.384,0.8,0.698,0.8222,0.62,28.0,11.66,5.76,12.0,6.98,5.76,1.86,72.01,100.0,0,0,0,0.0,72.01,B
5158,University of Peradeniya,https://www.pdn.ac.lk,Sri Lanka,South & Central Asia + Oceania,0.75,0.59,0.746,0.1,0.8374,0.6828,0.98,21.0,12.98,11.19,1.5,8.37,4.78,2.94,62.76,45.0,1,0,1,17.76,45.0,D
5160,University of Kelaniya,https://www.kln.ac.lk,Sri Lanka,South & Central Asia + Oceania,1.0,0.15,0.28,0.6375,0.506,0.7579,0.51,28.0,3.3,4.2,9.56,5.06,5.31,1.53,56.96,100.0,0,0,0,0.0,56.96,C
5161,University of Sri Jayewardenepura,https://www.sjp.ac.lk,Sri Lanka,South & Central Asia + Oceania,1.0,0.35,0.42,0.3,0.7064,0.8542,0.87,28.0,7.7,6.3,4.5,7.06,5.98,2.61,62.15,45.0,1,0,1,17.15,45.0,D
5162,University of Ruhuna,https://www.ruh.ac.lk,Sri Lanka,South & Central Asia + Oceania,1.0,0.41,0.424,0.2,0.7836,0.8618,0.52,28.0,9.02,6.36,3.0,7.84,6.03,1.56,61.81,45.0,1,0,1,16.81,45.0,D
5163,University of Jaffna,https://www.jfn.ac.lk,Sri Lanka,South & Central Asia + Oceania,1.0,0.53,0.42,0.8,0.765,0.9204,0.87,28.0,11.66,6.3,12.0,7.65,6.44,2.61,74.66,100.0,0,0,0,0.0,74.66,B
5164,Eastern University Sri Lanka,https://www.esn.ac.lk,Sri Lanka,South & Central Asia + Oceania,1.0,0.53,0.758,0.8,0.75,0.8715,0.87,28.0,11.66,11.37,12.0,7.5,6.1,2.61,79.24,100.0,0,0,0,0.0,79.24,A
5166,Sri Lanka Institute of Information Technology,https://www.sliit.lk,Sri Lanka,South & Central Asia + Oceania,1.0,0.97,0.22,0.725,0.8132,0.981,1.0,28.0,21.34,3.3,10.88,8.13,6.87,3.0,81.51,100.0,0,0,0,0.0,81.51,A
5167,Tribhuvan University,https://www.tribhuvan-university.edu.np,Nepal,South & Central Asia + Oceania,0.92,0.33,0.366,0.8,0.6879,0.629,0.79,25.76,7.26,5.49,12.0,6.88,4.4,2.37,64.16,100.0,0,0,0,0.0,64.16,C
5168,Kathmandu University,https://www.ku.edu.np,Nepal,South & Central Asia + Oceania,0.92,0.53,0.768,0.8,0.7352,0.9441,0.68,25.76,11.66,11.52,12.0,7.35,6.61,2.04,76.94,100.0,0,0,0,0.0,76.94,A
5169,Pokhara University,https://www.pu.edu.np,Nepal,South & Central Asia + Oceania,0.92,0.59,0.8,0.8,0.7424,0.8032,0.89,25.76,12.98,12.0,12.0,7.42,5.62,2.67,78.46,100.0,0,0,0,0.0,78.46,A
5171,Mid-Western University,https://www.mwu.edu.np,Nepal,South & Central Asia + Oceania,0.92,0.35,0.88,0.6,0.8283,0.8502,0.88,25.76,7.7,13.2,9.0,8.28,5.95,2.64,72.53,100.0,0,0,0,0.0,72.53,B
5172,Far Western University,https://www.fwu.edu.np,Nepal,South & Central Asia + Oceania,0.92,0.65,0.76,0.5,0.3857,0.6631,0.73,25.76,14.3,11.4,7.5,3.86,4.64,2.19,69.65,100.0,0,0,0,0.0,69.65,B
5173,Nazarbayev University,https://www.nu.edu.kz,Central Asia,South & Central Asia + Oceania,1.0,0.85,1.0,0.7,0.8736,0.6952,0.84,28.0,18.7,15.0,10.5,8.74,4.87,2.52,88.32,100.0,0,0,0,0.0,88.32,A+
5174,Al-Farabi Kazakh National University,https://www.kaznu.kz,Central Asia,South & Central Asia + Oceania,1.0,0.53,0.66,0.8,0.7978,0.6657,0.75,28.0,11.66,9.9,12.0,7.98,4.66,2.25,76.45,100.0,0,0,0,0.0,76.45,A
5175,L.N. Gumilyov Eurasian National University,https://www.enu.kz,Central Asia,South & Central Asia + Oceania,0.25,0.35,0.68,0.6,0.7399,0.7998,0.68,7.0,7.7,10.2,9.0,7.4,5.6,2.04,48.94,100.0,0,0,0,0.0,48.94,D
5176,Satbayev University,https://www.satbayev.university,Central Asia,South & Central Asia + Oceania,0.85,0.59,0.22,0.8,0.8383,0.7433,0.73,23.8,12.98,3.3,12.0,8.38,5.2,2.19,67.86,100.0,0,0,0,0.0,67.86,B
5178,National University of Uzbekistan,https://www.nuu.uz,Central Asia,South & Central Asia + Oceania,1.0,0.39,0.88,0.625,0.7431,0.7009,0.87,28.0,8.58,13.2,9.38,7.43,4.91,2.61,74.1,100.0,0,0,0,0.0,74.1,B
5179,Tashkent State Technical University,https://www.tdtu.uz,Central Asia,South & Central Asia + Oceania,0.3,0.0,0.6,0.2,0.7216,0.8332,0.1,8.4,0.0,9.0,3.0,7.22,5.83,0.3,33.75,45.0,1,0,1,0.0,33.75,F
5180,Westminster International University in Tashkent,https://www.wiut.uz,Central Asia,South & Central Asia + Oceania,0.88,0.97,0.8,0.5,0.7205,0.8085,0.84,24.64,21.34,12.0,7.5,7.2,5.66,2.52,80.86,100.0,0,0,0,0.0,80.86,A
5183,Samarkand State University,https://www.samdu.uz,Central Asia,South & Central Asia + Oceania,1.0,0.65,0.68,0.8,0.8346,0.8247,0.89,28.0,14.3,10.2,12.0,8.35,5.77,2.67,81.29,100.0,0,0,0,0.0,81.29,A
5184,Kyrgyz National University,https://www.university.kg,Central Asia,South & Central Asia + Oceania,0.0,0.0,0.0,0.7,0.8601,0.7928,0.1,0.0,0.0,0.0,10.5,8.6,5.55,0.3,24.95,100.0,0,0,0,0.0,24.95,F
5300,Indian Institute of Technology Patna,https://www.iitp.ac.in,India,South & Central Asia + Oceania,0.92,0.53,0.68,0.7,0.75,0.7584,0.75,25.76,11.66,10.2,10.5,7.5,5.31,2.25,73.18,100.0,0,0,0,0.0,73.18,B
5301,Indian Institute of Technology Jodhpur,https://www.iitj.ac.in,India,South & Central Asia + Oceania,0.92,0.59,0.88,0.1,0.7461,0.8341,0.73,25.76,12.98,13.2,1.5,7.46,5.84,2.19,68.93,45.0,1,0,1,23.93,45.0,D
5302,Indian Institute of Technology Bhubaneswar,https://www.iitbbs.ac.in,India,South & Central Asia + Oceania,1.0,0.41,0.866,0.8,0.9382,0.6819,0.79,28.0,9.02,12.99,12.0,9.38,4.77,2.37,78.53,100.0,0,0,0,0.0,78.53,A
5303,Indian Institute of Technology Mandi,https://www.iitmandi.ac.in,India,South & Central Asia + Oceania,1.0,0.41,0.64,0.6,0.6907,0.9281,0.87,28.0,9.02,9.6,9.0,6.91,6.5,2.61,71.63,100.0,0,0,0,0.0,71.63,B
5304,Delhi Technological University,https://www.dtu.ac.in,India,South & Central Asia + Oceania,1.0,0.71,0.8,0.2,0.2763,0.6498,0.75,28.0,15.62,12.0,3.0,2.76,4.55,2.25,68.18,45.0,1,0,1,23.18,45.0,D
5305,Netaji Subhas University of Technology,https://www.nsut.ac.in,India,South & Central Asia + Oceania,1.0,0.65,0.66,0.5375,0.6019,0.6557,0.67,28.0,14.3,9.9,8.06,6.02,4.59,2.01,72.88,100.0,0,0,0,0.0,72.88,B
5306,IIIT Delhi,https://www.iiitd.ac.in,India,South & Central Asia + Oceania,1.0,0.71,0.34,0.3,0.6464,0.5969,0.73,28.0,15.62,5.1,4.5,6.46,4.18,2.19,66.05,45.0,1,0,1,21.05,45.0,D
5307,IIIT Bangalore,https://www.iiitb.ac.in,India,South & Central Asia + Oceania,1.0,0.47,0.584,0.9,0.6196,0.9091,0.76,28.0,10.34,8.76,13.5,6.2,6.36,2.28,75.44,100.0,0,0,0,0.0,75.44,A
5308,KIIT University,https://www.kiit.ac.in,India,South & Central Asia + Oceania,1.0,0.71,1.0,0.7375,0.7816,0.8914,0.98,28.0,15.62,15.0,11.06,7.82,6.24,2.94,86.68,100.0,0,0,0,0.0,86.68,A+
5309,Lovely Professional University,https://www.lpu.in,India,South & Central Asia + Oceania,1.0,0.97,0.34,0.7375,0.8801,0.9905,0.98,28.0,21.34,5.1,11.06,8.8,6.93,2.94,84.18,100.0,0,0,0,0.0,84.18,A
5310,Chandigarh University,https://www.cuchd.in,India,South & Central Asia + Oceania,0.92,0.85,0.34,0.8,0.8177,0.8806,0.89,25.76,18.7,5.1,12.0,8.18,6.16,2.67,78.57,100.0,0,0,0,0.0,78.57,A
5311,Symbiosis International University,https://www.siu.edu.in,India,South & Central Asia + Oceania,1.0,0.74,0.97,0.9,0.8283,0.7897,0.84,28.0,16.28,14.55,13.5,8.28,5.53,2.52,88.66,100.0,0,0,0,0.0,88.66,A+
5312,Sharda University,https://www.sharda.ac.in,India,South & Central Asia + Oceania,1.0,0.97,0.92,0.6,0.7331,0.8967,1.0,28.0,21.34,13.8,9.0,7.33,6.28,3.0,88.75,100.0,0,0,0,0.0,88.75,A+
5313,MNIT Jaipur,https://www.mnit.ac.in,India,South & Central Asia + Oceania,0.92,0.62,0.68,0.575,0.8253,0.8769,1.0,25.76,13.64,10.2,8.62,8.25,6.14,3.0,75.62,100.0,0,0,0,0.0,75.62,A
5314,MNNIT Allahabad,https://www.mnnit.ac.in,India,South & Central Asia + Oceania,1.0,0.41,0.68,0.2,0.5683,0.8758,0.69,28.0,9.02,10.2,3.0,5.68,6.13,2.07,64.1,45.0,1,0,1,19.1,45.0,D
5316,Alagappa University,https://www.alagappauniversity.ac.in,India,South & Central Asia + Oceania,1.0,0.74,1.0,0.7375,0.7697,0.857,0.8,28.0,16.28,15.0,11.06,7.7,6.0,2.4,86.44,100.0,0,0,0,0.0,86.44,A+
5317,Jamia Hamdard,https://www.jamiahamdard.edu,India,South & Central Asia + Oceania,0.48,0.53,0.366,0.5375,0.6199,0.486,0.65,13.44,11.66,5.49,8.06,6.2,3.4,1.95,50.2,100.0,0,0,0,0.0,50.2,C
5318,FAST National University Pakistan,https://www.nu.edu.pk,Pakistan,South & Central Asia + Oceania,1.0,0.97,0.624,0.7375,0.5517,0.556,0.89,28.0,21.34,9.36,11.06,5.52,3.89,2.67,81.84,100.0,0,0,0,0.0,81.84,A
5319,Institute of Business Administration Karachi,https://www.iba.edu.pk,Pakistan,South & Central Asia + Oceania,1.0,0.85,0.808,0.7,0.6933,0.8455,0.75,28.0,18.7,12.12,10.5,6.93,5.92,2.25,84.42,100.0,0,0,0,0.0,84.42,A
5321,University of Gujrat,https://www.uog.edu.pk,Pakistan,South & Central Asia + Oceania,1.0,0.59,0.42,0.5,0.65,0.7937,0.65,28.0,12.98,6.3,7.5,6.5,5.56,1.95,68.79,100.0,0,0,0,0.0,68.79,B
5322,Comilla University,https://www.cou.ac.bd,Bangladesh,South & Central Asia + Oceania,1.0,0.53,0.62,0.5,0.6973,0.7617,0.84,28.0,11.66,9.3,7.5,6.97,5.33,2.52,71.28,100.0,0,0,0,0.0,71.28,B
5323,University of Barisal,https://www.bu.ac.bd,Bangladesh,South & Central Asia + Oceania,0.92,0.53,0.844,0.675,0.7456,0.9441,0.79,25.76,11.66,12.66,10.12,7.46,6.61,2.37,76.64,100.0,0,0,0,0.0,76.64,A
5324,Bangladesh University of Textiles,https://www.butex.edu.bd,Bangladesh,South & Central Asia + Oceania,1.0,0.59,0.588,0.7,0.5789,0.8724,0.65,28.0,12.98,8.82,10.5,5.79,6.11,1.95,74.15,100.0,0,0,0,0.0,74.15,B
5325,Patuakhali Science and Technology University,https://www.pstu.ac.bd,Bangladesh,South & Central Asia + Oceania,0.92,0.53,0.888,0.775,0.6914,0.9886,0.79,25.76,11.66,13.32,11.62,6.91,6.92,2.37,78.57,100.0,0,0,0,0.0,78.57,A
5326,Rajarata University of Sri Lanka,https://www.rjt.ac.lk,Sri Lanka,South & Central Asia + Oceania,1.0,0.15,0.746,0.9,0.7819,0.9204,0.87,28.0,3.3,11.19,13.5,7.82,6.44,2.61,72.86,100.0,0,0,0,0.0,72.86,B
5327,Sabaragamuwa University of Sri Lanka,https://www.sab.ac.lk,Sri Lanka,South & Central Asia + Oceania,1.0,0.33,0.85,0.6,0.629,0.9052,0.88,28.0,7.26,12.75,9.0,6.29,6.34,2.64,72.28,100.0,0,0,0,0.0,72.28,B
5328,Uva Wellassa University,https://www.uwu.ac.lk,Sri Lanka,South & Central Asia + Oceania,1.0,0.71,0.54,0.2,0.6915,0.6242,0.65,28.0,15.62,8.1,3.0,6.92,4.37,1.95,67.96,45.0,1,0,1,22.96,45.0,D
5329,Kabul University,https://www.ku.edu.af,Central Asia,South & Central Asia + Oceania,0.88,0.06,0.68,0.525,0.6884,0.6829,0.52,24.64,1.32,10.2,7.88,6.88,4.78,1.56,57.26,100.0,0,0,0,0.0,57.26,C
5330,Royal University of Bhutan,https://www.rub.edu.bt,Central Asia,South & Central Asia + Oceania,0.8,0.74,0.706,0.8,0.678,0.7776,0.66,22.4,16.28,10.59,12.0,6.78,5.44,1.98,75.47,100.0,0,0,0,0.0,75.47,A
5331,Maldives National University,https://www.mnu.edu.mv,Central Asia,South & Central Asia + Oceania,1.0,0.88,0.8,0.3,0.57,0.6506,0.87,28.0,19.36,12.0,4.5,5.7,4.55,2.61,76.72,45.0,1,0,1,31.72,45.0,D
5332,Tajik National University,https://www.tnu.tj,Central Asia,South & Central Asia + Oceania,1.0,0.53,0.614,0.7,0.7281,0.5436,0.44,28.0,11.66,9.21,10.5,7.28,3.81,1.32,71.78,100.0,0,0,0,0.0,71.78,B
5400,Indian Institute of Technology Dharwad,https://www.iitdh.ac.in,India,South & Central Asia + Oceania,1.0,0.53,0.92,0.675,0.7018,0.7416,0.86,28.0,11.66,13.8,10.12,7.02,5.19,2.58,78.37,100.0,0,0,0,0.0,78.37,A
5401,Indian Institute of Technology Bhilai,https://www.iitbhilai.ac.in,India,South & Central Asia + Oceania,0.8,0.53,0.91,0.8,0.6465,0.6723,0.73,22.4,11.66,13.65,12.0,6.46,4.71,2.19,73.07,100.0,0,0,0,0.0,73.07,B
5402,Indian Institute of Technology Goa,https://www.iitgoa.ac.in,India,South & Central Asia + Oceania,1.0,0.65,0.768,0.7375,0.7936,0.5749,0.73,28.0,14.3,11.52,11.06,7.94,4.02,2.19,79.03,100.0,0,0,0,0.0,79.03,A
5404,Indian Institute of Technology Tirupati,https://www.iittp.ac.in,India,South & Central Asia + Oceania,1.0,0.71,0.764,0.575,0.75,0.9716,0.98,28.0,15.62,11.46,8.62,7.5,6.8,2.94,80.95,100.0,0,0,0,0.0,80.95,A
5405,Indian Institute of Technology Palakkad,https://www.iitpkd.ac.in,India,South & Central Asia + Oceania,0.92,0.65,0.84,0.475,0.708,0.7273,0.73,25.76,14.3,12.6,7.12,7.08,5.09,2.19,74.15,100.0,0,0,0,0.0,74.15,B
5406,NIT Agartala,https://www.nita.ac.in,India,South & Central Asia + Oceania,0.92,0.71,1.0,0.575,0.827,0.7992,0.73,25.76,15.62,15.0,8.62,8.27,5.59,2.19,81.06,100.0,0,0,0,0.0,81.06,A
5407,NIT Hamirpur,https://www.nith.ac.in,India,South & Central Asia + Oceania,0.8,0.71,0.902,0.2,0.7723,0.8322,0.86,22.4,15.62,13.53,3.0,7.72,5.83,2.58,70.68,45.0,1,0,1,25.68,45.0,D
5408,NIT Jalandhar,https://www.nitj.ac.in,India,South & Central Asia + Oceania,1.0,0.74,0.584,0.2,0.6395,0.669,0.86,28.0,16.28,8.76,3.0,6.39,4.68,2.58,69.7,45.0,1,0,1,24.7,45.0,D
5409,NIT Raipur,https://www.nitrr.ac.in,India,South & Central Asia + Oceania,0.92,0.85,0.42,0.575,0.5699,0.7247,0.76,25.76,18.7,6.3,8.62,5.7,5.07,2.28,72.44,100.0,0,0,0,0.0,72.44,B
5410,NIT Srinagar,https://www.nitsri.ac.in,India,South & Central Asia + Oceania,1.0,0.41,0.54,0.3,0.4085,0.9479,0.87,28.0,9.02,8.1,4.5,4.09,6.64,2.61,62.95,45.0,1,0,1,17.95,45.0,D
5411,IIIT Allahabad,https://www.iiita.ac.in,India,South & Central Asia + Oceania,0.92,0.59,0.9,0.1,0.57,0.6603,0.62,25.76,12.98,13.5,1.5,5.7,4.62,1.86,65.92,45.0,1,0,1,20.92,45.0,D
5412,IIIT Gwalior,https://www.iiitm.ac.in,India,South & Central Asia + Oceania,0.92,0.65,0.91,0.9,0.75,0.7048,0.7,25.76,14.3,13.65,13.5,7.5,4.93,2.1,81.74,100.0,0,0,0,0.0,81.74,A
5413,Central University of Rajasthan,https://www.curaj.ac.in,India,South & Central Asia + Oceania,0.92,0.38,0.92,0.675,0.7699,0.8693,0.86,25.76,8.36,13.8,10.12,7.7,6.09,2.58,74.41,100.0,0,0,0,0.0,74.41,B
5414,Central University of Kerala,https://www.cukerala.ac.in,India,South & Central Asia + Oceania,1.0,0.71,0.91,0.675,0.7885,0.8645,0.87,28.0,15.62,13.65,10.12,7.88,6.05,2.61,83.94,100.0,0,0,0,0.0,83.94,A
5416,Central University of Karnataka,https://www.cuk.ac.in,India,South & Central Asia + Oceania,0.92,0.65,0.78,0.5375,0.7689,0.7275,0.77,25.76,14.3,11.7,8.06,7.69,5.09,2.31,74.91,100.0,0,0,0,0.0,74.91,B
5417,Central University of Tamil Nadu,https://www.cutn.ac.in,India,South & Central Asia + Oceania,1.0,0.59,0.94,0.4375,0.8279,0.6204,0.73,28.0,12.98,14.1,6.56,8.28,4.34,2.19,76.45,100.0,0,0,0,0.0,76.45,A
5418,Central University of Haryana,https://www.cuh.ac.in,India,South & Central Asia + Oceania,0.1,0.41,0.34,0.5875,0.75,0.9213,0.46,2.8,9.02,5.1,8.81,7.5,6.45,1.38,41.06,100.0,0,0,0,0.0,41.06,D
5419,Gauhati University,https://www.gauhati.ac.in,India,South & Central Asia + Oceania,1.0,0.85,1.0,0.9,0.8357,0.9972,0.73,28.0,18.7,15.0,13.5,8.36,6.98,2.19,92.73,100.0,0,0,0,0.0,92.73,A+
5420,Dibrugarh University,https://www.dibru.ac.in,India,South & Central Asia + Oceania,1.0,0.85,0.48,0.7,0.83,0.9062,0.87,28.0,18.7,7.2,10.5,8.3,6.34,2.61,81.65,100.0,0,0,0,0.0,81.65,A
5423,University of Burdwan,https://www.buruniv.ac.in,India,South & Central Asia + Oceania,1.0,0.59,0.76,0.675,0.6007,0.7721,0.73,28.0,12.98,11.4,10.12,6.01,5.4,2.19,76.11,100.0,0,0,0,0.0,76.11,A
5424,Vidyasagar University,https://www.vidyasagar.ac.in,India,South & Central Asia + Oceania,1.0,0.65,1.0,0.7,0.8265,0.8949,0.98,28.0,14.3,15.0,10.5,8.26,6.26,2.94,85.27,100.0,0,0,0,0.0,85.27,A+
5426,Tribhuvan Institute of Engineering,https://www.ioe.edu.np,Nepal,South & Central Asia + Oceania,0.88,0.65,0.768,0.675,0.57,0.8525,0.69,24.64,14.3,11.52,10.12,5.7,5.97,2.07,74.32,100.0,0,0,0,0.0,74.32,B
6001,University of Sao Paulo,https://www5.usp.br,Brazil,Latin America & Africa,0.0,0.0,0.49,0.6375,0.618,0.648,0.2,0.0,0.0,7.35,9.56,6.18,4.54,0.6,28.23,100.0,0,0,0,0.0,28.23,F
6002,University of Campinas,https://www.unicamp.br,Brazil,Latin America & Africa,0.92,0.2,0.804,0.625,0.8072,0.8146,0.52,25.76,4.4,12.06,9.38,8.07,5.7,1.56,66.93,100.0,0,0,0,0.0,66.93,B
6003,Federal University of Rio de Janeiro,https://www.ufrj.br,Brazil,Latin America & Africa,0.65,0.15,0.14,0.6375,0.8266,0.8369,0.45,18.2,3.3,2.1,9.56,8.27,5.86,1.35,48.64,100.0,0,0,0,0.0,48.64,D
6004,Sao Paulo State University,https://www.unesp.br,Brazil,Latin America & Africa,0.0,0.15,0.16,0.2,0.7104,0.7771,0.21,0.0,3.3,2.4,3.0,7.1,5.44,0.63,21.87,45.0,1,0,1,0.0,21.87,F
6005,Federal University of Minas Gerais,https://www.ufmg.br,Brazil,Latin America & Africa,0.0,0.0,0.31,0.8,0.6861,0.6665,0.24,0.0,0.0,4.65,12.0,6.86,4.67,0.72,28.9,100.0,0,0,0,0.0,28.9,F
6006,Federal University of Rio Grande do Sul,https://www.ufrgs.br,Brazil,Latin America & Africa,0.0,0.15,0.364,0.475,0.7143,0.7709,0.35,0.0,3.3,5.46,7.12,7.14,5.4,1.05,29.47,100.0,0,0,0,0.0,29.47,F
6007,University of Brasilia,https://www.unb.br,Brazil,Latin America & Africa,0.65,0.0,0.02,0.9,0.7343,0.6559,0.4,18.2,0.0,0.3,13.5,7.34,4.59,1.2,45.13,100.0,0,0,0,0.0,45.13,D
6009,Federal University of Parana,https://www.ufpr.br,Brazil,Latin America & Africa,0.0,0.0,0.224,0.7,0.7379,0.7055,0.24,0.0,0.0,3.36,10.5,7.38,4.94,0.72,26.9,100.0,0,0,0,0.0,26.9,F
6011,Federal University of Ceara,https://www.ufc.br,Brazil,Latin America & Africa,0.0,0.03,0.14,0.2,0.5508,0.8559,0.1,0.0,0.66,2.1,3.0,5.51,5.99,0.3,17.56,45.0,1,0,1,0.0,17.56,F
6012,Federal University of Bahia,https://www.ufba.br,Brazil,Latin America & Africa,0.0,0.0,0.61,0.8,0.66,0.8378,0.24,0.0,0.0,9.15,12.0,6.6,5.86,0.72,34.33,100.0,0,0,0,0.0,34.33,F
6013,Federal University of Sao Carlos,https://www.ufscar.br,Brazil,Latin America & Africa,0.0,0.0,0.086,0.775,0.7356,0.7172,0.1,0.0,0.0,1.29,11.62,7.36,5.02,0.3,25.59,100.0,0,0,0,0.0,25.59,F
6014,Federal University of Vicosa,https://www.ufv.br,Brazil,Latin America & Africa,0.1,0.0,0.38,0.8,0.6739,0.78,0.24,2.8,0.0,5.7,12.0,6.74,5.46,0.72,33.42,100.0,0,0,0,0.0,33.42,F
6015,Fluminense Federal University,https://www.uff.br,Brazil,Latin America & Africa,0.0,0.06,0.242,0.8,0.816,0.8324,0.35,0.0,1.32,3.63,12.0,8.16,5.83,1.05,31.99,100.0,0,0,0,0.0,31.99,F
6016,Pontifical Catholic University of Rio de Janeiro,https://www.puc-rio.br,Brazil,Latin America & Africa,0.92,0.15,0.02,0.3,0.75,0.7382,0.68,25.76,3.3,0.3,4.5,7.5,5.17,2.04,48.57,45.0,1,0,1,3.57,45.0,D
6017,Federal University of Goias,https://www.ufg.br,Brazil,Latin America & Africa,0.0,0.0,0.72,0.8,0.8072,0.8065,0.35,0.0,0.0,10.8,12.0,8.07,5.65,1.05,37.57,100.0,0,0,0,0.0,37.57,D
6018,Federal University of Paraiba,https://www.ufpb.br,Brazil,Latin America & Africa,0.0,0.0,0.26,0.8,0.8066,0.61,0.18,0.0,0.0,3.9,12.0,8.07,4.27,0.54,28.78,100.0,0,0,0,0.0,28.78,F
6019,Federal University of Rio Grande do Norte,https://www.ufrn.br,Brazil,Latin America & Africa,0.8,0.15,0.0,0.5,0.6356,0.778,0.44,22.4,3.3,0.0,7.5,6.36,5.45,1.32,46.32,100.0,0,0,0,0.0,46.32,D
6021,Federal University of Espirito Santo,https://www.ufes.br,Brazil,Latin America & Africa,0.67,0.53,0.02,0.8,0.8709,0.7865,0.4,18.76,11.66,0.3,12.0,8.71,5.51,1.2,58.13,100.0,0,0,0,0.0,58.13,C
6022,Federal University of Uberlandia,https://www.ufu.br,Brazil,Latin America & Africa,0.0,0.0,0.63,0.675,0.6854,0.9127,0.1,0.0,0.0,9.45,10.12,6.85,6.39,0.3,33.12,100.0,0,0,0,0.0,33.12,F
6023,Federal University of Juiz de Fora,https://www.ufjf.br,Brazil,Latin America & Africa,0.0,0.06,0.4,0.7,0.6888,0.8627,0.26,0.0,1.32,6.0,10.5,6.89,6.04,0.78,31.53,100.0,0,0,0,0.0,31.53,F
6024,Rio de Janeiro State University,https://www.uerj.br,Brazil,Latin America & Africa,0.1,0.21,0.63,0.8,0.6853,0.6289,0.35,2.8,4.62,9.45,12.0,6.85,4.4,1.05,41.18,100.0,0,0,0,0.0,41.18,D
6025,State University of Maringa,https://www.uem.br,Brazil,Latin America & Africa,0.52,0.2,0.18,0.2,0.7264,0.8608,0.73,14.56,4.4,2.7,3.0,7.26,6.03,2.19,40.14,45.0,1,0,1,0.0,40.14,D
6026,State University of Londrina,https://www.uel.br,Brazil,Latin America & Africa,0.0,0.0,0.466,0.4,0.7979,0.7129,0.24,0.0,0.0,6.99,6.0,7.98,4.99,0.72,26.68,45.0,1,0,1,0.0,26.68,F
6027,Federal University of Santa Maria,https://www.ufsm.br,Brazil,Latin America & Africa,0.3,0.15,0.7,0.675,0.9461,0.8908,0.21,8.4,3.3,10.5,10.12,9.46,6.24,0.63,48.65,100.0,0,0,0,0.0,48.65,D
6028,Federal University of ABC,https://www.ufabc.edu.br,Brazil,Latin America & Africa,0.55,0.15,0.3,0.5,0.765,0.6249,0.52,15.4,3.3,4.5,7.5,7.65,4.37,1.56,44.28,100.0,0,0,0,0.0,44.28,D
6029,Federal University of Pelotas,https://www.ufpel.edu.br,Brazil,Latin America & Africa,0.88,0.0,0.3,0.7,0.4476,0.6701,0.32,24.64,0.0,4.5,10.5,4.48,4.69,0.96,49.77,100.0,0,0,0,0.0,49.77,D
6030,Mackenzie Presbyterian University,https://www.mackenzie.br,Brazil,Latin America & Africa,0.67,0.82,0.584,0.9,0.7336,0.7839,0.76,18.76,18.04,8.76,13.5,7.34,5.49,2.28,74.16,100.0,0,0,0,0.0,74.16,B
6031,Pontifical Catholic University of Rio Grande do Sul,https://www.pucrs.br,Brazil,Latin America & Africa,0.52,0.33,0.344,0.6,0.7516,0.7676,0.76,14.56,7.26,5.16,9.0,7.52,5.37,2.28,51.15,100.0,0,0,0,0.0,51.15,C
6032,Federal University of Mato Grosso do Sul,https://www.ufms.br,Brazil,Latin America & Africa,0.0,0.15,0.64,0.5,0.7925,0.8588,0.31,0.0,3.3,9.6,7.5,7.92,6.01,0.93,35.27,100.0,0,0,0,0.0,35.27,D
6033,Getulio Vargas Foundation,https://www.fgv.br,Brazil,Latin America & Africa,0.1,0.06,0.76,0.6,0.8996,0.7712,0.3,2.8,1.32,11.4,9.0,9.0,5.4,0.9,39.81,100.0,0,0,0,0.0,39.81,D
6034,Pontifical Catholic University of Sao Paulo,https://www.pucsp.br,Brazil,Latin America & Africa,0.0,0.03,0.38,0.0,0.83,0.8937,0.06,0.0,0.66,5.7,0.0,8.3,6.26,0.18,21.1,45.0,1,0,1,0.0,21.1,F
6035,State University of Feira de Santana,https://www.uefs.br,Brazil,Latin America & Africa,0.0,0.0,0.0,0.0,0.41,0.6397,0.06,0.0,0.0,0.0,0.0,4.1,4.48,0.18,8.76,45.0,1,0,1,0.0,8.76,F
6037,Federal University of Alagoas,https://www.ufal.edu.br,Brazil,Latin America & Africa,0.0,0.09,0.61,0.775,0.6973,0.7918,0.1,0.0,1.98,9.15,11.62,6.97,5.54,0.3,35.57,100.0,0,0,0,0.0,35.57,D
6038,Federal University of Sergipe,https://www.ufs.br,Brazil,Latin America & Africa,0.0,0.0,0.104,0.8,0.6735,0.7782,0.1,0.0,0.0,1.56,12.0,6.73,5.45,0.3,26.04,100.0,0,0,0,0.0,26.04,F
6039,Federal University of Maranhao,https://www.ufma.br,Brazil,Latin America & Africa,0.0,0.0,0.0,0.675,0.6739,0.6576,0.04,0.0,0.0,0.0,10.12,6.74,4.6,0.12,21.59,100.0,0,0,0,0.0,21.59,F
6040,University of the State of Rio de Janeiro Norte,https://www.uenf.br,Brazil,Latin America & Africa,0.0,0.0,0.69,0.7,0.7219,0.6239,0.44,0.0,0.0,10.35,10.5,7.22,4.37,1.32,33.76,100.0,0,0,0,0.0,33.76,F
6044,Autonomous Metropolitan University,https://www.uam.mx,Mexico,Latin America & Africa,0.0,0.0,0.0,0.0,0.7356,0.8673,0.26,0.0,0.0,0.0,0.0,7.36,6.07,0.78,14.21,45.0,1,0,1,0.0,14.21,F
6045,University of Guadalajara,https://www.udg.mx,Mexico,Latin America & Africa,0.45,0.15,0.02,0.7375,0.7465,0.7447,0.66,12.6,3.3,0.3,11.06,7.47,5.21,1.98,41.92,100.0,0,0,0,0.0,41.92,D
6046,Autonomous University of Puebla,https://www.buap.mx,Mexico,Latin America & Africa,0.0,0.0,0.26,0.1,0.6278,0.8643,0.44,0.0,0.0,3.9,1.5,6.28,6.05,1.32,19.05,45.0,1,0,1,0.0,19.05,F
6047,Autonomous University of Nuevo Leon,https://www.uanl.mx,Mexico,Latin America & Africa,0.92,0.35,0.22,0.7375,0.7485,0.9696,0.68,25.76,7.7,3.3,11.06,7.48,6.79,2.04,64.13,100.0,0,0,0,0.0,64.13,C
6050,Autonomous Technological Institute of Mexico,https://www.itam.mx,Mexico,Latin America & Africa,0.92,0.74,0.77,0.9,0.6118,0.7467,0.87,25.76,16.28,11.55,13.5,6.12,5.23,2.61,81.05,100.0,0,0,0,0.0,81.05,A
6052,University of Guanajuato,https://www.ugto.mx,Mexico,Latin America & Africa,0.92,0.38,0.12,0.2,0.7408,0.7215,0.41,25.76,8.36,1.8,3.0,7.41,5.05,1.23,52.61,45.0,1,0,1,7.61,45.0,D
6053,Veracruzana University,https://www.uv.mx,Mexico,Latin America & Africa,0.65,0.47,0.02,0.7,0.84,0.9686,0.24,18.2,10.34,0.3,10.5,8.4,6.78,0.72,55.24,100.0,0,0,0,0.0,55.24,C
6055,Autonomous University of Yucatan,https://www.uady.mx,Mexico,Latin America & Africa,0.0,0.0,0.14,0.1,0.6739,0.8659,0.1,0.0,0.0,2.1,1.5,6.74,6.06,0.3,16.7,45.0,1,0,1,0.0,16.7,F
6056,Autonomous University of Chihuahua,https://www.uach.mx,Mexico,Latin America & Africa,0.0,0.0,0.14,0.5875,0.8712,0.7577,0.41,0.0,0.0,2.1,8.81,8.71,5.3,1.23,26.16,100.0,0,0,0,0.0,26.16,F
6059,University of Buenos Aires,https://www.uba.ar,Argentina,Latin America & Africa,0.0,0.0,0.0,0.7375,0.7702,0.8796,0.1,0.0,0.0,0.0,11.06,7.7,6.16,0.3,25.22,100.0,0,0,0,0.0,25.22,F
6060,National University of Cordoba,https://www.unc.edu.ar,Argentina,Latin America & Africa,0.0,0.0,0.0,0.7,0.7017,0.8584,0.1,0.0,0.0,0.0,10.5,7.02,6.01,0.3,23.83,100.0,0,0,0,0.0,23.83,F
6061,National University of La Plata,https://www.unlp.edu.ar,Argentina,Latin America & Africa,0.0,0.0,0.02,0.7,0.7453,0.9353,0.1,0.0,0.0,0.3,10.5,7.45,6.55,0.3,25.1,100.0,0,0,0,0.0,25.1,F
6063,Austral University,https://www.austral.edu.ar,Argentina,Latin America & Africa,1.0,0.53,0.91,0.4875,0.7867,0.7396,0.55,28.0,11.66,13.65,7.31,7.87,5.18,1.65,75.32,100.0,0,0,0,0.0,75.32,A
6065,National University of the Littoral,https://www.unl.edu.ar,Argentina,Latin America & Africa,0.0,0.0,0.02,0.625,0.53,0.8114,0.35,0.0,0.0,0.3,9.38,5.3,5.68,1.05,21.71,100.0,0,0,0,0.0,21.71,F
6066,National University of Cuyo,https://www.uncuyo.edu.ar,Argentina,Latin America & Africa,0.0,0.15,0.14,0.6375,0.7377,0.9167,0.41,0.0,3.3,2.1,9.56,7.38,6.42,1.23,29.99,100.0,0,0,0,0.0,29.99,F
6067,National University of Tucuman,https://www.unt.edu.ar,Argentina,Latin America & Africa,0.0,0.15,0.0,0.5,0.7459,0.8545,0.35,0.0,3.3,0.0,7.5,7.46,5.98,1.05,25.29,100.0,0,0,0,0.0,25.29,F
6068,National University of the South,https://www.uns.edu.ar,Argentina,Latin America & Africa,0.0,0.0,0.58,0.5,0.75,0.902,0.24,0.0,0.0,8.7,7.5,7.5,6.31,0.72,30.73,100.0,0,0,0,0.0,30.73,F
6069,Torcuato di Tella University,https://www.utdt.edu,Argentina,Latin America & Africa,0.3,0.15,0.14,0.6875,0.5278,0.8819,0.43,8.4,3.3,2.1,10.31,5.28,6.17,1.29,36.85,100.0,0,0,0,0.0,36.85,D
6070,University of San Andres,https://www.udesa.edu.ar,Argentina,Latin America & Africa,0.3,0.0,0.35,0.3,0.7318,0.9853,0.55,8.4,0.0,5.25,4.5,7.32,6.9,1.65,34.02,45.0,1,0,1,0.0,34.02,F
6072,University of the Andes,https://www.uniandes.edu.co,Colombia,Latin America & Africa,0.0,0.15,0.83,0.525,0.8479,0.9794,0.4,0.0,3.3,12.45,7.88,8.48,6.86,1.2,40.16,100.0,0,0,0,0.0,40.16,D
6073,University of Antioquia,https://www.udea.edu.co,Colombia,Latin America & Africa,0.0,0.0,0.424,0.3,0.8673,0.8084,0.24,0.0,0.0,6.36,4.5,8.67,5.66,0.72,25.91,45.0,1,0,1,0.0,25.91,F
6075,University of Valle,https://www.univalle.edu.co,Colombia,Latin America & Africa,0.0,0.15,0.02,0.6,0.7091,0.6969,0.44,0.0,3.3,0.3,9.0,7.09,4.88,1.32,25.89,100.0,0,0,0,0.0,25.89,F
6076,University of Rosario,https://www.urosario.edu.co,Colombia,Latin America & Africa,0.8,0.18,0.58,0.8,0.8937,0.8013,0.56,22.4,3.96,8.7,12.0,8.94,5.61,1.68,63.29,100.0,0,0,0,0.0,63.29,C
6077,Externado University of Colombia,https://www.uexternado.edu.co,Colombia,Latin America & Africa,0.3,0.15,0.402,0.8,0.8634,0.6758,0.24,8.4,3.3,6.03,12.0,8.63,4.73,0.72,43.81,100.0,0,0,0,0.0,43.81,D
6078,Industrial University of Santander,https://www.uis.edu.co,Colombia,Latin America & Africa,0.55,0.2,0.28,0.5,0.8732,0.83,0.48,15.4,4.4,4.2,7.5,8.73,5.81,1.44,47.48,100.0,0,0,0,0.0,47.48,D
6080,Pontifical Bolivarian University,https://www.upb.edu.co,Colombia,Latin America & Africa,0.0,0.15,0.122,0.6,0.7539,0.9235,0.44,0.0,3.3,1.83,9.0,7.54,6.46,1.32,29.45,100.0,0,0,0,0.0,29.45,F
6081,University of Chile,https://www.uchile.cl,Chile,Latin America & Africa,0.92,0.15,0.14,0.8,0.7738,0.8186,0.77,25.76,3.3,2.1,12.0,7.74,5.73,2.31,58.94,100.0,0,0,0,0.0,58.94,C
6082,Pontifical Catholic University of Chile,https://www.uc.cl,Chile,Latin America & Africa,0.92,0.41,0.28,0.4,0.891,0.8951,0.92,25.76,9.02,4.2,6.0,8.91,6.27,2.76,62.92,45.0,1,0,1,17.92,45.0,D
6085,University of Santiago Chile,https://www.usach.cl,Chile,Latin America & Africa,1.0,0.53,0.77,0.8,0.7884,0.7813,0.87,28.0,11.66,11.55,12.0,7.88,5.47,2.61,79.17,100.0,0,0,0,0.0,79.17,A
6086,Austral University of Chile,https://www.uach.cl,Chile,Latin America & Africa,0.0,0.15,0.02,0.5,0.581,0.5798,0.31,0.0,3.3,0.3,7.5,5.81,4.06,0.93,21.9,100.0,0,0,0,0.0,21.9,F
6087,Adolfo Ibanez University,https://www.uai.cl,Chile,Latin America & Africa,0.15,0.0,0.084,0.5375,0.8098,0.9882,0.65,4.2,0.0,1.26,8.06,8.1,6.92,1.95,30.49,100.0,0,0,0,0.0,30.49,F
6088,University of Valparaiso,https://www.uv.cl,Chile,Latin America & Africa,0.0,0.0,0.14,0.625,0.7704,0.7933,0.2,0.0,0.0,2.1,9.38,7.7,5.55,0.6,25.33,100.0,0,0,0,0.0,25.33,F
6089,University of La Frontera,https://www.ufro.cl,Chile,Latin America & Africa,0.8,0.2,0.346,0.7,0.667,0.7006,0.21,22.4,4.4,5.19,10.5,6.67,4.9,0.63,54.69,100.0,0,0,0,0.0,54.69,C
6090,Diego Portales University,https://www.udp.cl,Chile,Latin America & Africa,0.22,0.15,0.0,0.3,0.57,0.7942,0.54,6.16,3.3,0.0,4.5,5.7,5.56,1.62,26.84,45.0,1,0,1,0.0,26.84,F
6091,National University of San Marcos,https://www.unmsm.edu.pe,Peru & Andes,Latin America & Africa,0.0,0.15,0.02,0.1,0.798,0.9402,0.24,0.0,3.3,0.3,1.5,7.98,6.58,0.72,20.38,45.0,1,0,1,0.0,20.38,F
6092,Pontifical Catholic University of Peru,https://www.pucp.edu.pe,Peru & Andes,Latin America & Africa,0.92,0.53,0.22,0.9,0.66,0.8555,0.74,25.76,11.66,3.3,13.5,6.6,5.99,2.22,69.03,100.0,0,0,0,0.0,69.03,B
6093,Cayetano Heredia University,https://www.cayetano.edu.pe,Peru & Andes,Latin America & Africa,0.1,0.15,0.568,0.625,0.7884,0.9267,0.49,2.8,3.3,8.52,9.38,7.88,6.49,1.47,39.84,100.0,0,0,0,0.0,39.84,D
6094,National University of Engineering Peru,https://www.uni.edu.pe,Peru & Andes,Latin America & Africa,0.0,0.15,0.478,0.575,0.7135,0.8745,0.44,0.0,3.3,7.17,8.62,7.14,6.12,1.32,33.67,100.0,0,0,0,0.0,33.67,F
6096,National Agrarian University La Molina,https://www.lamolina.edu.pe,Peru & Andes,Latin America & Africa,0.0,0.0,0.4,0.7375,0.75,0.7904,0.55,0.0,0.0,6.0,11.06,7.5,5.53,1.65,31.75,100.0,0,0,0,0.0,31.75,F
6097,University of the Republic Uruguay,https://www.udelar.edu.uy,Peru & Andes,Latin America & Africa,0.0,0.15,0.54,0.9,0.83,0.6433,0.32,0.0,3.3,8.1,13.5,8.3,4.5,0.96,38.66,100.0,0,0,0,0.0,38.66,D
6098,University of Costa Rica,https://www.ucr.ac.cr,Peru & Andes,Latin America & Africa,0.18,0.21,0.818,0.8,0.7819,0.9422,0.29,5.04,4.62,12.27,12.0,7.82,6.6,0.87,49.21,100.0,0,0,0,0.0,49.21,D
6099,University of Puerto Rico,https://www.upr.edu,Peru & Andes,Latin America & Africa,0.25,0.39,0.446,0.6375,0.8705,0.8309,0.1,7.0,8.58,6.69,9.56,8.7,5.82,0.3,46.65,100.0,0,0,0,0.0,46.65,D
6100,San Francisco de Quito University,https://www.usfq.edu.ec,Peru & Andes,Latin America & Africa,1.0,0.59,0.92,0.8,0.9163,0.9294,0.76,28.0,12.98,13.8,12.0,9.16,6.51,2.28,84.73,100.0,0,0,0,0.0,84.73,A
6104,Higher University of San Andres Bolivia,https://www.umsa.bo,Peru & Andes,Latin America & Africa,0.0,0.35,0.89,0.525,0.8178,0.6695,0.55,0.0,7.7,13.35,7.88,8.18,4.69,1.65,43.44,100.0,0,0,0,0.0,43.44,D
6105,National University of Asuncion,https://www.una.py,Peru & Andes,Latin America & Africa,0.0,0.15,0.52,0.8,0.6948,0.999,0.44,0.0,3.3,7.8,12.0,6.95,6.99,1.32,38.36,100.0,0,0,0,0.0,38.36,D
6106,University of Cape Town,https://www.uct.ac.za,South Africa,Latin America & Africa,1.0,0.88,0.92,0.525,0.5797,0.732,0.62,28.0,19.36,13.8,7.88,5.8,5.12,1.86,81.82,100.0,0,0,0,0.0,81.82,A
6107,University of the Witwatersrand,https://www.wits.ac.za,South Africa,Latin America & Africa,1.0,0.44,0.84,0.8,0.6862,0.7234,0.76,28.0,9.68,12.6,12.0,6.86,5.06,2.28,76.49,100.0,0,0,0,0.0,76.49,A
6108,Stellenbosch University,https://www.sun.ac.za,South Africa,Latin America & Africa,1.0,0.44,0.624,0.8,0.9639,0.8283,0.56,28.0,9.68,9.36,12.0,9.64,5.8,1.68,76.16,100.0,0,0,0,0.0,76.16,A
6109,University of Pretoria,https://www.up.ac.za,South Africa,Latin America & Africa,1.0,0.71,0.92,0.7375,0.8235,0.9588,0.67,28.0,15.62,13.8,11.06,8.23,6.71,2.01,85.44,100.0,0,0,0,0.0,85.44,A+
6110,University of KwaZulu-Natal,https://www.ukzn.ac.za,South Africa,Latin America & Africa,1.0,0.88,0.54,0.6875,0.7716,0.6122,0.7,28.0,19.36,8.1,10.31,7.72,4.29,2.1,79.87,100.0,0,0,0,0.0,79.87,A
6111,University of Johannesburg,https://www.uj.ac.za,South Africa,Latin America & Africa,1.0,0.62,0.72,0.8,0.7306,0.8503,0.87,28.0,13.64,10.8,12.0,7.31,5.95,2.61,80.31,100.0,0,0,0,0.0,80.31,A
6112,Rhodes University,https://www.ru.ac.za,South Africa,Latin America & Africa,1.0,0.44,0.3,0.3,0.6358,0.875,0.79,28.0,9.68,4.5,4.5,6.36,6.12,2.37,61.53,45.0,1,0,1,16.53,45.0,D
6113,North-West University,https://www.nwu.ac.za,South Africa,Latin America & Africa,1.0,0.15,0.54,0.8,0.804,0.8041,0.84,28.0,3.3,8.1,12.0,8.04,5.63,2.52,67.59,100.0,0,0,0,0.0,67.59,B
6114,University of the Western Cape,https://www.uwc.ac.za,South Africa,Latin America & Africa,1.0,0.85,0.42,0.7,0.798,0.9578,0.87,28.0,18.7,6.3,10.5,7.98,6.7,2.61,80.79,100.0,0,0,0,0.0,80.79,A
6115,University of the Free State,https://www.ufs.ac.za,South Africa,Latin America & Africa,1.0,0.53,0.38,0.3,0.717,0.6943,0.34,28.0,11.66,5.7,4.5,7.17,4.86,1.02,62.91,45.0,1,0,1,17.91,45.0,D
6116,Nelson Mandela University,https://www.mandela.ac.za,South Africa,Latin America & Africa,1.0,0.71,0.72,0.2,0.47,0.7496,0.65,28.0,15.62,10.8,3.0,4.7,5.25,1.95,69.32,45.0,1,0,1,24.32,45.0,D
6117,University of South Africa,https://www.unisa.ac.za,South Africa,Latin America & Africa,1.0,0.85,0.866,0.8,0.7339,0.6988,0.73,28.0,18.7,12.99,12.0,7.34,4.89,2.19,86.11,100.0,0,0,0,0.0,86.11,A+
6119,Ain Shams University,https://www.asu.edu.eg,Egypt & North Africa,Latin America & Africa,0.88,0.62,0.8,0.7875,0.75,0.8471,0.87,24.64,13.64,12.0,11.81,7.5,5.93,2.61,78.13,100.0,0,0,0,0.0,78.13,A
6120,Alexandria University,https://www.alexu.edu.eg,Egypt & North Africa,Latin America & Africa,0.67,0.39,0.286,0.6,0.8188,0.8003,0.87,18.76,8.58,4.29,9.0,8.19,5.6,2.61,57.03,100.0,0,0,0,0.0,57.03,C
6121,Mansoura University,https://www.mans.edu.eg,Egypt & North Africa,Latin America & Africa,0.92,0.35,0.7,0.4,0.868,0.9471,0.73,25.76,7.7,10.5,6.0,8.68,6.63,2.19,67.46,45.0,1,0,1,22.46,45.0,D
6122,Assiut University,https://www.aun.edu.eg,Egypt & North Africa,Latin America & Africa,1.0,0.42,0.85,0.875,0.6684,0.639,0.76,28.0,9.24,12.75,13.12,6.68,4.47,2.28,76.55,100.0,0,0,0,0.0,76.55,A
6124,Helwan University,https://www.helwan.edu.eg,Egypt & North Africa,Latin America & Africa,0.92,0.53,0.584,0.7,0.84,0.8424,0.75,25.76,11.66,8.76,10.5,8.4,5.9,2.25,73.23,100.0,0,0,0,0.0,73.23,B
6125,American University in Cairo,https://www.aucegypt.edu,Egypt & North Africa,Latin America & Africa,1.0,0.59,0.89,0.9,0.8239,0.9456,0.98,28.0,12.98,13.35,13.5,8.24,6.62,2.94,85.63,100.0,0,0,0,0.0,85.63,A+
6128,Mohammed V University in Rabat,https://www.um5.ac.ma,Egypt & North Africa,Latin America & Africa,0.4,0.35,0.25,0.4375,0.7199,0.7992,0.41,11.2,7.7,3.75,6.56,7.2,5.59,1.23,43.24,100.0,0,0,0,0.0,43.24,D
6129,Cadi Ayyad University,https://www.uca.ma,Egypt & North Africa,Latin America & Africa,0.55,0.39,0.91,0.8,0.75,0.8839,0.87,15.4,8.58,13.65,12.0,7.5,6.19,2.61,65.93,100.0,0,0,0,0.0,65.93,B
6130,Hassan II University of Casablanca,https://www.univh2c.ma,Egypt & North Africa,Latin America & Africa,0.6,0.53,0.306,0.7375,0.7476,0.5616,0.8,16.8,11.66,4.59,11.06,7.48,3.93,2.4,57.92,100.0,0,0,0,0.0,57.92,C
6131,University of Tunis El Manar,https://www.utm.rnu.tn,Egypt & North Africa,Latin America & Africa,0.1,0.53,0.02,0.8,0.4061,0.8245,0.55,2.8,11.66,0.3,12.0,4.06,5.77,1.65,38.24,100.0,0,0,0,0.0,38.24,D
6132,University of Ibadan,https://www.ui.edu.ng,Sub-Saharan Africa,Latin America & Africa,0.92,0.53,0.88,0.575,0.75,0.808,0.61,25.76,11.66,13.2,8.62,7.5,5.66,1.83,74.23,100.0,0,0,0,0.0,74.23,B
6134,University of Nigeria Nsukka,https://www.unn.edu.ng,Sub-Saharan Africa,Latin America & Africa,1.0,0.59,0.92,0.4,0.7511,0.9824,0.73,28.0,12.98,13.8,6.0,7.51,6.88,2.19,77.36,45.0,1,0,1,32.36,45.0,D
6135,Obafemi Awolowo University,https://www.oauife.edu.ng,Sub-Saharan Africa,Latin America & Africa,1.0,0.35,0.8,0.6375,0.8228,0.829,0.73,28.0,7.7,12.0,9.56,8.23,5.8,2.19,73.48,100.0,0,0,0,0.0,73.48,B
6137,Covenant University,https://www.covenantuniversity.edu.ng,Sub-Saharan Africa,Latin America & Africa,1.0,0.59,0.648,0.0,0.7705,0.9137,0.76,28.0,12.98,9.72,0.0,7.71,6.4,2.28,67.08,45.0,1,0,1,22.08,45.0,D
6138,University of Ilorin,https://www.unilorin.edu.ng,Sub-Saharan Africa,Latin America & Africa,1.0,0.53,0.54,0.7375,0.5554,0.8535,0.87,28.0,11.66,8.1,11.06,5.55,5.97,2.61,72.96,100.0,0,0,0,0.0,72.96,B
6139,University of Benin,https://www.uniben.edu,Sub-Saharan Africa,Latin America & Africa,0.92,0.35,0.406,0.875,0.7383,0.684,0.62,25.76,7.7,6.09,13.12,7.38,4.79,1.86,66.71,100.0,0,0,0,0.0,66.71,B
6140,University of Port Harcourt,https://www.uniport.edu.ng,Sub-Saharan Africa,Latin America & Africa,1.0,0.91,0.768,0.9,0.6866,0.6522,0.62,28.0,20.02,11.52,13.5,6.87,4.57,1.86,86.33,100.0,0,0,0,0.0,86.33,A+
6142,University of Nairobi,https://www.uonbi.ac.ke,Sub-Saharan Africa,Latin America & Africa,1.0,0.88,0.768,0.8,0.583,0.6551,0.89,28.0,19.36,11.52,12.0,5.83,4.59,2.67,83.97,100.0,0,0,0,0.0,83.97,A
6143,Kenyatta University,https://www.ku.ac.ke,Sub-Saharan Africa,Latin America & Africa,1.0,0.35,0.746,0.3,0.6346,0.7447,0.9,28.0,7.7,11.19,4.5,6.35,5.21,2.7,65.65,45.0,1,0,1,20.65,45.0,D
6144,Moi University,https://www.mu.ac.ke,Sub-Saharan Africa,Latin America & Africa,1.0,0.59,0.94,0.8,0.7297,0.6786,0.98,28.0,12.98,14.1,12.0,7.3,4.75,2.94,82.07,100.0,0,0,0,0.0,82.07,A
6145,Jomo Kenyatta University of Agriculture and Technology,https://www.jkuat.ac.ke,Sub-Saharan Africa,Latin America & Africa,1.0,0.59,0.366,0.7,0.7408,0.6612,0.73,28.0,12.98,5.49,10.5,7.41,4.63,2.19,71.2,100.0,0,0,0,0.0,71.2,B
6146,Strathmore University,https://www.strathmore.edu,Sub-Saharan Africa,Latin America & Africa,0.85,0.59,0.42,0.8,0.8577,0.7067,0.54,23.8,12.98,6.3,12.0,8.58,4.95,1.62,70.22,100.0,0,0,0,0.0,70.22,B
6147,University of Ghana,https://www.ug.edu.gh,Sub-Saharan Africa,Latin America & Africa,1.0,0.35,1.0,0.7375,0.765,0.6992,0.76,28.0,7.7,15.0,11.06,7.65,4.89,2.28,76.59,100.0,0,0,0,0.0,76.59,A
6148,Kwame Nkrumah University of Science and Technology,https://www.knust.edu.gh,Sub-Saharan Africa,Latin America & Africa,1.0,0.85,0.866,0.8,0.5966,0.6019,0.79,28.0,18.7,12.99,12.0,5.97,4.21,2.37,84.24,100.0,0,0,0,0.0,84.24,A
6149,University of Cape Coast,https://www.ucc.edu.gh,Sub-Saharan Africa,Latin America & Africa,0.75,0.53,0.79,0.9,0.8741,0.9657,0.89,21.0,11.66,11.85,13.5,8.74,6.76,2.67,76.18,100.0,0,0,0,0.0,76.18,A
6150,Cheikh Anta Diop University,https://www.ucad.sn,Sub-Saharan Africa,Latin America & Africa,1.0,0.65,0.64,0.8,0.6437,0.7587,0.69,28.0,14.3,9.6,12.0,6.44,5.31,2.07,77.72,100.0,0,0,0,0.0,77.72,A
6151,University of Dar es Salaam,https://www.udsm.ac.tz,Sub-Saharan Africa,Latin America & Africa,1.0,0.65,0.88,0.6,0.7473,0.6957,0.98,28.0,14.3,13.2,9.0,7.47,4.87,2.94,79.78,100.0,0,0,0,0.0,79.78,A
6152,Makerere University,https://www.mak.ac.ug,Sub-Saharan Africa,Latin America & Africa,1.0,0.91,0.97,0.7,0.7512,0.7516,0.84,28.0,20.02,14.55,10.5,7.51,5.26,2.52,88.36,100.0,0,0,0,0.0,88.36,A+
6153,Addis Ababa University,https://www.aau.edu.et,Sub-Saharan Africa,Latin America & Africa,0.67,0.38,0.746,0.725,0.7943,0.8457,0.62,18.76,8.36,11.19,10.88,7.94,5.92,1.86,64.91,100.0,0,0,0,0.0,64.91,C
6154,University of Botswana,https://www.ub.bw,Sub-Saharan Africa,Latin America & Africa,0.52,0.61,0.8,0.7,0.6671,0.6309,0.54,14.56,13.42,12.0,10.5,6.67,4.42,1.62,63.19,100.0,0,0,0,0.0,63.19,C
6155,University of Zimbabwe,https://www.uz.ac.zw,Sub-Saharan Africa,Latin America & Africa,1.0,0.61,0.3,0.7,0.633,0.862,0.65,28.0,13.42,4.5,10.5,6.33,6.03,1.95,70.73,100.0,0,0,0,0.0,70.73,B
6301,Federal University of Campina Grande,https://www.ufcg.edu.br,Brazil,Latin America & Africa,0.0,0.0,0.0,0.4375,0.84,0.6665,0.1,0.0,0.0,0.0,6.56,8.4,4.67,0.3,19.93,100.0,0,0,0,0.0,19.93,F
6302,Federal University of Ouro Preto,https://www.ufop.br,Brazil,Latin America & Africa,0.67,0.33,0.06,0.8,0.5297,0.6093,0.44,18.76,7.26,0.9,12.0,5.3,4.27,1.32,49.8,100.0,0,0,0,0.0,49.8,D
6305,Ceara State University,https://www.uece.br,Brazil,Latin America & Africa,0.0,0.15,0.14,0.6,0.6994,0.6933,0.21,0.0,3.3,2.1,9.0,6.99,4.85,0.63,26.88,100.0,0,0,0,0.0,26.88,F
6306,Amazonas State University,https://www.uea.edu.br,Brazil,Latin America & Africa,0.0,0.0,0.206,0.8,0.657,0.8725,0.24,0.0,0.0,3.09,12.0,6.57,6.11,0.72,28.49,100.0,0,0,0,0.0,28.49,F
6307,Federal University of Grande Dourados,https://www.ufgd.edu.br,Brazil,Latin America & Africa,0.92,0.41,0.89,0.9,0.9137,0.7284,0.77,25.76,9.02,13.35,13.5,9.14,5.1,2.31,78.18,100.0,0,0,0,0.0,78.18,A
6308,Federal University of Rio Grande,https://www.furg.br,Brazil,Latin America & Africa,0.52,0.59,0.28,0.875,0.887,0.7419,0.55,14.56,12.98,4.2,13.12,8.87,5.19,1.65,60.58,100.0,0,0,0,0.0,60.58,C
6309,University of Fortaleza,https://www.unifor.br,Brazil,Latin America & Africa,0.0,0.03,0.262,0.625,0.8895,0.8118,0.24,0.0,0.66,3.93,9.38,8.9,5.68,0.72,29.26,100.0,0,0,0,0.0,29.26,F
6310,Autonomous University of Queretaro,https://www.uaq.mx,Mexico,Latin America & Africa,0.0,0.15,0.12,0.8,0.644,0.8748,0.41,0.0,3.3,1.8,12.0,6.44,6.12,1.23,30.89,100.0,0,0,0,0.0,30.89,F
6311,Autonomous University of Hidalgo,https://www.uaeh.edu.mx,Mexico,Latin America & Africa,0.0,0.0,0.4,0.7,0.7181,0.8738,0.4,0.0,0.0,6.0,10.5,7.18,6.12,1.2,31.0,100.0,0,0,0,0.0,31.0,F
6312,University of Sonora,https://www.unison.mx,Mexico,Latin America & Africa,0.0,0.0,0.14,0.7375,0.7492,0.7041,0.44,0.0,0.0,2.1,11.06,7.49,4.93,1.32,26.9,100.0,0,0,0,0.0,26.9,F
6315,National University of Mar del Plata,https://www.mdp.edu.ar,Argentina,Latin America & Africa,0.15,0.15,0.244,0.8,0.66,0.7842,0.46,4.2,3.3,3.66,12.0,6.6,5.49,1.38,36.63,100.0,0,0,0,0.0,36.63,D
6317,National University of San Luis,https://www.unsl.edu.ar,Argentina,Latin America & Africa,0.52,0.33,0.4,0.9,0.7487,0.8545,0.42,14.56,7.26,6.0,13.5,7.49,5.98,1.26,56.05,100.0,0,0,0,0.0,56.05,C
6321,Catholic University of the North,https://www.ucn.cl,Chile,Latin America & Africa,0.0,0.15,0.02,0.8,0.7374,0.8633,0.45,0.0,3.3,0.3,12.0,7.37,6.04,1.35,30.37,100.0,0,0,0,0.0,30.37,F
6322,University of Lima,https://www.ulima.edu.pe,Peru & Andes,Latin America & Africa,1.0,0.41,0.18,0.625,0.7246,0.8516,0.89,28.0,9.02,2.7,9.38,7.25,5.96,2.67,64.97,100.0,0,0,0,0.0,64.97,C
6324,Tshwane University of Technology,https://www.tut.ac.za,South Africa,Latin America & Africa,1.0,0.85,0.8,0.7375,0.798,0.9261,0.9,28.0,18.7,12.0,11.06,7.98,6.48,2.7,86.93,100.0,0,0,0,0.0,86.93,A+
6325,Cape Peninsula University of Technology,https://www.cput.ac.za,South Africa,Latin America & Africa,0.92,0.59,0.702,0.625,0.8538,0.7761,0.62,25.76,12.98,10.53,9.38,8.54,5.43,1.86,74.48,100.0,0,0,0,0.0,74.48,B
6326,Durban University of Technology,https://www.dut.ac.za,South Africa,Latin America & Africa,1.0,0.62,1.0,0.775,0.6116,0.6716,0.76,28.0,13.64,15.0,11.62,6.12,4.7,2.28,81.36,100.0,0,0,0,0.0,81.36,A
6327,University of Limpopo,https://www.ul.ac.za,South Africa,Latin America & Africa,1.0,0.91,0.92,0.8,0.5964,0.8931,0.98,28.0,20.02,13.8,12.0,5.96,6.25,2.94,88.98,100.0,0,0,0,0.0,88.98,A+
6328,University of Fort Hare,https://www.ufh.ac.za,South Africa,Latin America & Africa,1.0,0.71,1.0,0.7375,0.8431,0.9951,0.73,28.0,15.62,15.0,11.06,8.43,6.97,2.19,87.27,100.0,0,0,0,0.0,87.27,A+
6329,University of Zululand,https://www.unizulu.ac.za,South Africa,Latin America & Africa,0.75,0.35,0.49,0.7,0.8417,0.6414,0.84,21.0,7.7,7.35,10.5,8.42,4.49,2.52,61.98,100.0,0,0,0,0.0,61.98,C
6331,University of Carthage,https://www.ucar.rnu.tn,Egypt & North Africa,Latin America & Africa,0.88,0.53,0.504,0.675,0.7189,0.7673,0.73,24.64,11.66,7.56,10.12,7.19,5.37,2.19,68.73,100.0,0,0,0,0.0,68.73,B
6332,Houari Boumediene University of Science and Technology,https://www.usthb.dz,Egypt & North Africa,Latin America & Africa,0.92,0.35,0.706,0.8,0.6796,0.7306,0.68,25.76,7.7,10.59,12.0,6.8,5.11,2.04,70.0,100.0,0,0,0,0.0,70.0,B
6333,Ferhat Abbas University of Setif,https://www.univ-setif.dz,Egypt & North Africa,Latin America & Africa,0.0,0.15,0.086,0.6375,0.6457,0.9049,0.1,0.0,3.3,1.29,9.56,6.46,6.33,0.3,27.24,100.0,0,0,0,0.0,27.24,F
6335,Mohammed VI Polytechnic University,https://www.um6p.ma,Egypt & North Africa,Latin America & Africa,0.55,0.62,0.568,0.8,0.6667,0.8078,0.75,15.4,13.64,8.52,12.0,6.67,5.65,2.25,64.13,100.0,0,0,0,0.0,64.13,C
6336,University of Rwanda,https://www.ur.ac.rw,Sub-Saharan Africa,Latin America & Africa,0.92,0.47,0.8,0.8,0.5733,0.6982,0.66,25.76,10.34,12.0,12.0,5.73,4.89,1.98,72.7,100.0,0,0,0,0.0,72.7,B
6337,Sokoine University of Agriculture,https://www.sua.ac.tz,Sub-Saharan Africa,Latin America & Africa,1.0,0.71,0.88,0.9,0.75,0.9931,0.84,28.0,15.62,13.2,13.5,7.5,6.95,2.52,87.29,100.0,0,0,0,0.0,87.29,A+
6338,Jimma University,https://www.ju.edu.et,Sub-Saharan Africa,Latin America & Africa,1.0,0.67,0.786,0.625,0.7181,0.762,0.76,28.0,14.74,11.79,9.38,7.18,5.33,2.28,78.7,100.0,0,0,0,0.0,78.7,A
6339,Mekelle University,https://www.mu.edu.et,Sub-Saharan Africa,Latin America & Africa,0.67,0.15,0.68,0.7,0.798,0.7852,0.53,18.76,3.3,10.2,10.5,7.98,5.5,1.59,57.83,100.0,0,0,0,0.0,57.83,C
6340,University of Zambia,https://www.unza.zm,Sub-Saharan Africa,Latin America & Africa,1.0,0.41,0.734,0.8,0.7148,0.7888,0.72,28.0,9.02,11.01,12.0,7.15,5.52,2.16,74.86,100.0,0,0,0,0.0,74.86,B
6342,University of Mauritius,https://www.uom.ac.mu,Sub-Saharan Africa,Latin America & Africa,1.0,0.59,0.34,0.7,0.7334,0.4229,0.98,28.0,12.98,5.1,10.5,7.33,2.96,2.94,69.81,100.0,0,0,0,0.0,69.81,B
6343,University of Malawi,https://www.unima.ac.mw,Sub-Saharan Africa,Latin America & Africa,0.92,0.59,0.68,0.3,0.5973,0.7122,0.89,25.76,12.98,10.2,4.5,5.97,4.99,2.67,67.07,45.0,1,0,1,22.07,45.0,D
6344,Nnamdi Azikiwe University,https://www.unizik.edu.ng,Sub-Saharan Africa,Latin America & Africa,0.92,0.65,0.768,0.5,0.798,0.9971,0.8,25.76,14.3,11.52,7.5,7.98,6.98,2.4,76.44,100.0,0,0,0,0.0,76.44,A
6345,University of Jos,https://www.unijos.edu.ng,Sub-Saharan Africa,Latin America & Africa,1.0,0.59,0.804,0.8,0.608,0.7136,0.76,28.0,12.98,12.06,12.0,6.08,5.0,2.28,78.4,100.0,0,0,0,0.0,78.4,A
6349,University of Education Winneba,https://www.uew.edu.gh,Sub-Saharan Africa,Latin America & Africa,1.0,0.35,0.968,0.7,0.8143,0.7629,0.84,28.0,7.7,14.52,10.5,8.14,5.34,2.52,76.72,100.0,0,0,0,0.0,76.72,A
6350,Felix Houphouet-Boigny University,https://www.univ-fhb.edu.ci,Sub-Saharan Africa,Latin America & Africa,0.8,0.18,0.48,0.7,0.6935,0.8215,0.54,22.4,3.96,7.2,10.5,6.94,5.75,1.62,58.37,100.0,0,0,0,0.0,58.37,C
6351,University of Lome,https://www.univ-lome.tg,Sub-Saharan Africa,Latin America & Africa,0.73,0.59,0.4,0.3,0.7049,0.623,0.65,20.44,12.98,6.0,4.5,7.05,4.36,1.95,57.28,45.0,1,0,1,12.28,45.0,D
6353,Technical University of Kenya,https://www.tukenya.ac.ke,Sub-Saharan Africa,Latin America & Africa,1.0,0.65,1.0,0.6,0.75,0.9618,0.89,28.0,14.3,15.0,9.0,7.5,6.73,2.67,83.2,100.0,0,0,0,0.0,83.2,A
6354,Multimedia University of Kenya,https://www.mmu.ac.ke,Sub-Saharan Africa,Latin America & Africa,0.92,0.53,0.746,0.3,0.7504,0.6378,0.92,25.76,11.66,11.19,4.5,7.5,4.46,2.76,67.84,45.0,1,0,1,22.84,45.0,D
6401,Federal University of Lavras,https://www.ufla.br,Brazil,Latin America & Africa,0.0,0.18,0.02,0.9,0.747,0.8284,0.35,0.0,3.96,0.3,13.5,7.47,5.8,1.05,32.08,100.0,0,0,0,0.0,32.08,F
6403,Federal University of Alfenas,https://www.unifal-mg.edu.br,Brazil,Latin America & Africa,0.0,0.0,0.0,0.5,0.518,0.7104,0.0,0.0,0.0,0.0,7.5,5.18,4.97,0.0,17.65,100.0,0,0,0,0.0,17.65,F
6404,Federal University of the Semi-Arid Region,https://www.ufersa.edu.br,Brazil,Latin America & Africa,0.0,0.21,0.12,0.8,0.6998,0.7202,0.35,0.0,4.62,1.8,12.0,7.0,5.04,1.05,31.51,100.0,0,0,0,0.0,31.51,F
6405,Federal Technological University of Parana,https://www.utfpr.edu.br,Brazil,Latin America & Africa,0.0,0.15,0.12,0.45,0.6402,0.611,0.25,0.0,3.3,1.8,6.75,6.4,4.28,0.75,23.28,100.0,0,0,0,0.0,23.28,F
6411,Federal University of Jequitinhonha and Mucuri Valleys,https://www.ufvjm.edu.br,Brazil,Latin America & Africa,0.0,0.15,0.5,0.775,0.7452,0.7205,0.15,0.0,3.3,7.5,11.62,7.45,5.04,0.45,35.37,100.0,0,0,0,0.0,35.37,D
6413,CEFET Rio de Janeiro,https://www.cefet-rj.br,Brazil,Latin America & Africa,0.4,0.15,0.12,0.8,0.7873,0.8755,0.41,11.2,3.3,1.8,12.0,7.87,6.13,1.23,43.53,100.0,0,0,0,0.0,43.53,D
6414,State University of Goias,https://www.ueg.br,Brazil,Latin America & Africa,0.0,0.15,0.61,0.4875,0.5701,0.7575,0.21,0.0,3.3,9.15,7.31,5.7,5.3,0.63,31.4,100.0,0,0,0,0.0,31.4,F
6415,State University of Santa Cruz,https://www.uesc.br,Brazil,Latin America & Africa,0.25,0.15,0.14,0.5,0.7137,0.7976,0.66,7.0,3.3,2.1,7.5,7.14,5.58,1.98,34.6,100.0,0,0,0,0.0,34.6,F
6419,State University of Montes Claros,https://www.unimontes.br,Brazil,Latin America & Africa,0.0,0.06,0.488,0.625,0.7565,0.7107,0.38,0.0,1.32,7.32,9.38,7.56,4.97,1.14,31.69,100.0,0,0,0,0.0,31.69,F
6422,Autonomous University of Ciudad Juarez,https://www.uacj.mx,Mexico,Latin America & Africa,0.0,0.0,0.186,0.7,0.66,0.7904,0.3,0.0,0.0,2.79,10.5,6.6,5.53,0.9,26.32,100.0,0,0,0,0.0,26.32,F
6423,Autonomous University of Nayarit,https://www.uan.edu.mx,Mexico,Latin America & Africa,0.0,0.15,0.14,0.675,0.738,0.8013,0.3,0.0,3.3,2.1,10.12,7.38,5.61,0.9,29.41,100.0,0,0,0,0.0,29.41,F
6424,University of Guadalajara CUCEA,https://www.cucea.udg.mx,Mexico,Latin America & Africa,0.0,0.0,0.464,0.8,0.7293,0.6475,0.24,0.0,0.0,6.96,12.0,7.29,4.53,0.72,31.51,100.0,0,0,0,0.0,31.51,F
6430,Federal University of Technology Owerri,https://www.futo.edu.ng,Sub-Saharan Africa,Latin America & Africa,0.45,0.64,0.678,0.575,0.7135,0.8256,0.75,12.6,14.08,10.17,8.62,7.14,5.78,2.25,60.64,100.0,0,0,0,0.0,60.64,C
6431,Ladoke Akintola University of Technology,https://www.lautech.edu.ng,Sub-Saharan Africa,Latin America & Africa,0.92,0.35,0.56,0.8,0.6123,0.7398,0.76,25.76,7.7,8.4,12.0,6.12,5.18,2.28,67.44,100.0,0,0,0,0.0,67.44,B
6436,Minia University,https://www.minia.edu.eg,Egypt & North Africa,Latin America & Africa,0.0,0.0,0.52,0.6,0.8012,0.8303,0.1,0.0,0.0,7.8,9.0,8.01,5.81,0.3,30.92,100.0,0,0,0,0.0,30.92,F
6437,Beni-Suef University,https://www.bsu.edu.eg,Egypt & North Africa,Latin America & Africa,0.1,0.0,0.466,0.7,0.5879,0.731,0.26,2.8,0.0,6.99,10.5,5.88,5.12,0.78,32.07,100.0,0,0,0,0.0,32.07,F
6439,South Valley University,https://www.svu.edu.eg,Egypt & North Africa,Latin America & Africa,0.7,0.2,0.544,0.5,0.51,0.2097,0.51,19.6,4.4,8.16,7.5,5.1,1.47,1.53,47.76,60.0,0,1,1,0.0,47.76,D
6500,Federal University of Tocantins,https://www.uft.edu.br,Brazil,Latin America & Africa,0.0,0.0,0.0,0.6875,0.66,0.8525,0.1,0.0,0.0,0.0,10.31,6.6,5.97,0.3,23.18,100.0,0,0,0,0.0,23.18,F
6501,Federal University of Piaui,https://www.ufpi.br,Brazil,Latin America & Africa,0.0,0.15,0.12,0.7375,0.7029,0.7192,0.4,0.0,3.3,1.8,11.06,7.03,5.03,1.2,29.43,100.0,0,0,0,0.0,29.43,F
6503,Federal University of Acre,https://www.ufac.br,Brazil,Latin America & Africa,0.0,0.03,0.64,0.775,0.821,0.8236,0.1,0.0,0.66,9.6,11.62,8.21,5.77,0.3,36.16,100.0,0,0,0,0.0,36.16,D
6504,State University of Ponta Grossa,https://www.uepg.br,Brazil,Latin America & Africa,0.0,0.0,0.02,0.7,0.7308,0.8614,0.21,0.0,0.0,0.3,10.5,7.31,6.03,0.63,24.77,100.0,0,0,0,0.0,24.77,F
6506,University of Caxias do Sul,https://www.ucs.br,Brazil,Latin America & Africa,1.0,0.38,0.3,0.5375,0.7313,0.8786,0.87,28.0,8.36,4.5,8.06,7.31,6.15,2.61,65.0,100.0,0,0,0,0.0,65.0,B
6509,Anahuac University,https://www.anahuac.mx,Mexico,Latin America & Africa,0.0,0.18,0.504,0.8,0.8345,0.8967,0.6,0.0,3.96,7.56,12.0,8.35,6.28,1.8,39.94,100.0,0,0,0,0.0,39.94,D
6511,University of Quintana Roo,https://www.uqroo.mx,Mexico,Latin America & Africa,0.0,0.03,0.204,0.575,0.7374,0.8855,0.66,0.0,0.66,3.06,8.62,7.37,6.2,1.98,27.9,100.0,0,0,0,0.0,27.9,F
6512,National University of the Northeast,https://www.unne.edu.ar,Argentina,Latin America & Africa,0.0,0.15,0.066,0.55,0.7148,0.7604,0.24,0.0,3.3,0.99,8.25,7.15,5.32,0.72,25.73,100.0,0,0,0,0.0,25.73,F
6513,National University of Salta,https://www.unsa.edu.ar,Argentina,Latin America & Africa,0.0,0.15,0.68,0.7,0.7143,0.6871,0.1,0.0,3.3,10.2,10.5,7.14,4.81,0.3,36.25,100.0,0,0,0,0.0,36.25,D
6514,National University of Rio Cuarto,https://www.unrc.edu.ar,Argentina,Latin America & Africa,0.0,0.15,0.12,0.5,0.7123,0.8763,0.1,0.0,3.3,1.8,7.5,7.12,6.13,0.3,26.16,100.0,0,0,0,0.0,26.16,F
6515,University of Bio-Bio,https://www.ubiobio.cl,Chile,Latin America & Africa,0.0,0.0,0.6,0.8,0.8284,0.8094,0.24,0.0,0.0,9.0,12.0,8.28,5.67,0.72,35.67,100.0,0,0,0,0.0,35.67,D
6516,University of Antofagasta,https://www.uantof.cl,Chile,Latin America & Africa,0.8,0.0,0.0,0.7,0.869,0.745,0.3,22.4,0.0,0.0,10.5,8.69,5.21,0.9,47.7,100.0,0,0,0,0.0,47.7,D
6517,Ricardo Palma University,https://www.urp.edu.pe,Peru & Andes,Latin America & Africa,0.0,0.15,0.52,0.5,0.7136,0.9412,0.52,0.0,3.3,7.8,7.5,7.14,6.59,1.56,33.88,100.0,0,0,0,0.0,33.88,F
6518,University of Panama,https://www.up.ac.pa,Peru & Andes,Latin America & Africa,0.0,0.15,0.488,0.675,0.8189,0.7465,0.3,0.0,3.3,7.32,10.12,8.19,5.23,0.9,35.06,100.0,0,0,0,0.0,35.06,D
6520,University of the West Indies,https://www.uwi.edu,Peru & Andes,Latin America & Africa,0.63,0.35,0.634,0.2,0.8254,0.71,0.58,17.64,7.7,9.51,3.0,8.25,4.97,1.74,52.81,45.0,1,0,1,7.81,45.0,D
6521,Walter Sisulu University,https://www.wsu.ac.za,South Africa,Latin America & Africa,1.0,1.0,0.72,0.675,0.9377,0.6318,0.84,28.0,22.0,10.8,10.12,9.38,4.42,2.52,87.25,100.0,0,0,0,0.0,87.25,A+
6522,Central University of Technology Free State,https://www.cut.ac.za,South Africa,Latin America & Africa,1.0,0.71,0.54,0.8,0.7485,0.8276,1.0,28.0,15.62,8.1,12.0,7.48,5.79,3.0,80.0,100.0,0,0,0,0.0,80.0,A
6523,University of Venda,https://www.univen.ac.za,South Africa,Latin America & Africa,1.0,0.71,0.884,0.8,0.6714,0.6908,0.76,28.0,15.62,13.26,12.0,6.71,4.84,2.28,82.71,100.0,0,0,0,0.0,82.71,A
6525,Aswan University,https://www.aswu.edu.eg,Egypt & North Africa,Latin America & Africa,0.0,0.0,0.446,0.8,0.8427,0.8441,0.1,0.0,0.0,6.69,12.0,8.43,5.91,0.3,33.33,100.0,0,0,0,0.0,33.33,F
6526,University of Constantine 1,https://www.umc.edu.dz,Egypt & North Africa,Latin America & Africa,0.73,0.35,0.56,0.0,0.5935,0.8039,0.21,20.44,7.7,8.4,0.0,5.93,5.63,0.63,48.73,45.0,1,0,1,3.73,45.0,D
6528,Bahir Dar University,https://www.bdu.edu.et,Sub-Saharan Africa,Latin America & Africa,0.92,0.38,0.768,0.8,0.7352,0.7506,0.69,25.76,8.36,11.52,12.0,7.35,5.25,2.07,72.32,100.0,0,0,0,0.0,72.32,B
6529,Hawassa University,https://www.hu.edu.et,Sub-Saharan Africa,Latin America & Africa,0.92,0.35,0.746,0.625,0.7183,0.9549,0.83,25.76,7.7,11.19,9.38,7.18,6.68,2.49,70.38,100.0,0,0,0,0.0,70.38,B
6530,National University of Science and Technology Zimbabwe,https://www.nust.ac.zw,Sub-Saharan Africa,Latin America & Africa,1.0,0.67,0.42,0.7,0.7896,0.9275,0.69,28.0,14.74,6.3,10.5,7.9,6.49,2.07,76.0,100.0,0,0,0,0.0,76.0,A
6531,Copperbelt University,https://www.cbu.ac.zm,Sub-Saharan Africa,Latin America & Africa,1.0,0.59,0.446,0.6875,0.4614,0.8947,0.76,28.0,12.98,6.69,10.31,4.61,6.26,2.28,71.14,100.0,0,0,0,0.0,71.14,B
6533,University of Uyo,https://www.uniuyo.edu.ng,Sub-Saharan Africa,Latin America & Africa,1.0,0.35,0.34,0.6875,0.7988,0.7643,0.72,28.0,7.7,5.1,10.31,7.99,5.35,2.16,66.61,100.0,0,0,0,0.0,66.61,B
