uni_id,name,url,country,region,a01_logo,a02_primary_nav,a03_nav_item_count,a04_search_bar,a05_language_toggle,a06_breadcrumb,a07_qs_badge,a09_national_rank,a11_accreditation,a12_accred_count,a13_achievements,a14_stats_block,a15_stat_item_count,a16_notice_board,a17_notice_timestamp,a20_news_events,a21_calendar_link,a22_admission_notice,a23_upcoming_events,a24_event_count,a25_event_images,a26_event_captions,a27_event_datetime,a28_contests,a29_video_content,a30_image_gallery,a31_social_feed_embed,a32_vision_mission,a33_about_blurb,a34_department_links,a35_faculty_link,a36_research_highlight,a37_programs_listing,a38_scholarship,a39_library_link,a40_career_link,a41_alumni_link,a42_faq_link,a43_contact_link,a44_student_portal,a45_prospectus,a46_admissions_policy,a47_footer_contact,a48_footer_sitemap,a49_copyright_line,a50_social_links,a51_quick_links,a53_contrast_ratio,a53_contrast_ratio_was_missing,a54_banner_carousel,a57_logo_prominence,a58_live_chat,a59_feedback_form,a60_trust_seal,a61_testimonials,a63_mobile_score,a65_https,a66_broken_links,a67_gzip,a69_title_meta,a70_favicon,a71_sitemap_robots,a72_alt_text_pct,a72_alt_text_pct_was_missing,a73_accessible_design,a74_a11y_toggle,a75_bookmark,broken_links_log,load_time_z_region,notice_recency_days,notice_recency_days_was_missing,website_score,grade
5145,University of New England,https://www.une.edu.au,Australia,South & Central Asia + Oceania,1,1,6,1,0,1,0,1,1,1,1,0,0,0,1,1,1,1,1,11,1,1,1,1,0,1,0,1,1,1,1,1,1,1,1,1,1,1,1,0,1,1,1,1,1,1,1,15.91,0,1,1,0,0,0,1,90,1,0,1,1,1,1,13.8,0,1,1,0,0.0,0.21790067512186465,1.0,0,95.39,A+
3167,Eotvos Lorand University,https://www.elte.hu,Hungary,Eastern & Southern Europe,1,1,5,1,1,0,1,1,1,1,1,1,10,1,1,1,1,1,1,15,1,1,1,1,0,1,0,1,1,1,1,1,1,1,1,1,1,1,1,0,1,1,1,0,1,1,1,19.44,0,1,1,1,0,0,0,100,1,1,1,1,1,0,86.2,0,1,1,0,0.6931471805599453,-0.6315313132573119,5.0,0,94.95,A+
5139,Southern Cross University,https://www.scu.edu.au,Australia,South & Central Asia + Oceania,1,1,6,1,1,0,1,1,1,1,1,0,0,0,1,1,1,1,1,4,1,1,0,0,0,1,0,1,1,1,1,1,1,1,1,1,1,1,1,1,0,1,1,1,1,1,1,16.04,0,1,1,1,0,0,0,100,1,0,1,1,1,1,83.0,0,1,0,0,0.0,-0.5243044709993069,0.0,0,93.27,A+
2038,"City, University of London",https://www.city.ac.uk,United Kingdom,Western & Northern Europe,1,1,2,1,0,1,0,1,1,2,1,1,8,0,1,1,1,1,1,18,1,1,1,0,0,1,0,1,1,1,1,1,1,1,1,1,1,1,1,0,1,1,0,0,1,1,1,16.67,0,1,1,0,0,1,0,100,1,0,1,1,1,1,87.9,0,1,1,0,0.0,-1.0115677310277602,0.0,0,92.85,A+
4147,Nanyang Technological University,https://www.ntu.edu.sg,Singapore,Asia (East & Southeast),1,1,7,1,0,1,1,1,1,0,1,0,0,1,1,1,1,1,1,0,1,1,0,0,0,1,0,1,1,1,1,1,1,1,1,1,1,1,1,1,1,1,1,0,1,1,1,12.63,0,1,1,1,0,0,0,100,1,0,1,1,1,1,47.1,0,1,0,0,0.0,-0.6267857970491191,0.0,0,92.7,A+
2046,RWTH Aachen University,https://www.rwth-aachen.de,Germany,Western & Northern Europe,1,1,6,1,1,0,0,1,0,0,1,0,0,1,1,1,1,1,1,4,0,0,1,1,0,1,0,1,1,1,1,1,1,1,1,1,1,1,1,1,0,1,0,1,1,1,1,16.98,0,1,1,0,0,0,0,90,1,0,1,1,1,0,91.7,0,1,1,0,0.0,0.5372269600725149,0.0,0,92.59,A+
4092,Sophia University,https://www.sophia.ac.jp,Japan,Asia (East & Southeast),1,1,5,1,1,0,0,0,0,0,1,1,7,1,1,1,0,1,1,12,1,1,1,1,1,1,0,1,1,1,1,1,1,1,1,1,1,1,1,0,1,1,0,1,1,1,1,13.46,0,1,1,0,0,0,1,100,1,1,0,1,1,1,41.6,0,1,0,0,0.6931471805599453,0.09881958726790997,0.0,0,92.35,A+
2078,Sorbonne University,https://www.sorbonne-universite.fr,France,Western & Northern Europe,1,1,5,1,1,0,0,0,1,0,1,1,10,1,1,1,1,1,1,2,1,1,1,1,0,1,0,1,1,1,1,1,1,1,1,1,1,1,1,0,0,1,1,1,1,1,1,12.63,0,1,0,0,0,0,0,90,1,0,1,0,1,1,34.6,0,1,1,1,0.0,-1.2358725829563266,0.0,0,92.18,A+
2309,Maynooth University,https://www.maynoothuniversity.ie,Belgium/Ireland/Iceland,Western & Northern Europe,1,1,20,1,0,0,0,1,0,0,1,1,10,1,1,1,0,1,1,7,1,1,1,1,0,1,0,1,1,1,1,1,1,1,1,1,1,1,1,1,1,1,1,1,1,1,1,12.63,0,1,1,0,0,1,1,75,1,0,1,1,1,1,72.7,0,1,1,0,0.0,-1.0181150077867562,0.0,0,91.68,A+
2029,University of Leicester,https://www.le.ac.uk,United Kingdom,Western & Northern Europe,1,1,8,1,0,0,0,1,1,1,1,1,6,1,1,1,0,1,1,11,1,1,1,1,0,1,0,1,1,1,1,1,1,1,1,1,1,1,1,0,1,1,0,0,1,1,1,11.03,0,1,1,0,0,0,1,100,1,0,1,1,1,1,100.0,0,1,1,0,0.0,-0.06342505963241415,0.0,0,91.59,A+
6327,University of Limpopo,https://www.ul.ac.za,South Africa,Latin America & Africa,1,1,9,1,0,0,0,0,1,1,1,1,10,1,1,1,1,1,1,6,1,0,0,0,1,1,0,1,1,1,1,1,1,1,1,1,1,0,1,1,1,1,1,0,1,1,1,4.32,0,1,1,0,0,0,0,90,1,0,1,1,1,1,19.1,0,1,0,0,0.0,-0.14120190421117038,6.0,0,90.81,A+
5127,University of Wollongong,https://www.uow.edu.au,Australia,South & Central Asia + Oceania,1,1,7,1,0,0,0,1,0,0,1,0,0,0,1,1,1,1,1,3,0,1,1,0,0,1,0,1,1,1,1,1,1,1,1,1,1,1,1,0,0,1,1,0,1,1,1,17.63,0,1,1,0,0,0,1,100,1,0,1,1,0,1,35.0,0,1,1,0,0.0,-0.029446725934543186,0.0,0,90.29,A+
6152,Makerere University,https://www.mak.ac.ug,Sub-Saharan Africa,Latin America & Africa,1,1,6,1,0,0,0,0,1,1,1,1,4,1,1,1,1,1,1,14,1,1,1,0,0,1,0,1,1,1,1,1,1,1,1,1,1,0,1,1,1,1,0,0,1,1,0,14.55,0,1,1,0,0,0,0,75,1,0,1,0,1,1,31.6,0,1,1,0,0.0,0.11096033722367503,4.0,0,90.24,A+
5155,Lincoln University,https://www.lincoln.ac.nz,New Zealand,South & Central Asia + Oceania,1,1,19,1,0,0,0,1,1,1,1,1,10,0,1,1,1,1,1,20,1,1,0,1,0,1,0,1,1,1,1,1,1,1,1,1,1,1,1,0,1,1,1,0,1,1,1,15.91,0,1,1,0,0,0,1,100,1,0,1,1,1,1,90.0,0,1,0,0,0.0,1.03554840799476,0.0,0,89.67,A+
5173,Nazarbayev University,https://www.nu.edu.kz,Central Asia,South & Central Asia + Oceania,1,1,7,1,1,0,0,1,1,1,1,1,10,1,1,1,1,1,1,6,1,0,1,1,1,1,0,1,1,1,1,1,1,1,1,1,1,1,1,1,0,1,0,0,1,1,0,11.9,0,1,0,0,0,0,1,90,1,0,1,0,1,1,84.6,0,1,0,0,0.0,1.3963041036066757,0.0,0,89.59,A+
2191,Vrije Universiteit Brussel,https://www.vub.be,Belgium/Ireland/Iceland,Western & Northern Europe,1,1,4,1,1,1,0,0,0,0,0,1,9,0,1,1,1,1,1,12,1,1,1,1,0,1,0,1,1,1,1,1,1,1,1,1,1,1,1,1,1,0,1,0,0,1,1,21.0,0,1,1,0,0,1,1,100,1,0,1,1,1,0,97.7,0,1,0,0,0.0,0.4142836520424791,0.0,0,89.46,A+
2060,FAU Erlangen-Nuremberg,https://www.fau.de,Germany,Western & Northern Europe,1,1,1,1,1,0,0,1,1,0,1,1,7,1,1,1,1,1,1,13,0,0,1,1,0,1,0,1,1,1,1,1,1,1,1,1,1,1,1,1,0,1,0,0,1,1,1,21.0,0,1,1,0,0,1,1,90,1,0,1,1,1,0,93.8,0,1,1,1,0.0,-0.7933251723945604,1.0,0,89.45,A+
5150,University of Otago,https://www.otago.ac.nz,New Zealand,South & Central Asia + Oceania,1,1,7,1,0,0,0,1,0,0,1,0,0,1,1,1,1,1,1,3,1,1,0,0,0,1,0,1,1,1,1,1,1,1,1,1,1,1,1,1,0,1,1,0,1,1,1,15.42,0,1,1,0,0,0,0,100,1,0,1,1,1,1,82.6,0,1,1,0,0.0,0.2578216983490189,0.0,0,89.43,A+
5312,Sharda University,https://www.sharda.ac.in,India,South & Central Asia + Oceania,1,1,8,0,0,0,0,1,1,1,1,1,10,1,1,1,1,1,1,3,1,1,0,1,0,1,0,1,1,1,1,1,1,1,1,1,1,1,1,1,1,1,1,0,1,1,1,11.29,0,1,1,0,0,1,1,75,1,2,1,1,1,1,82.1,0,1,0,0,1.0986122886681098,-0.4837316759643624,4.0,0,89.36,A+
5122,Curtin University,https://www.curtin.edu.au,Australia,South & Central Asia + Oceania,0,1,4,1,0,0,1,1,1,1,1,1,5,0,1,1,1,1,1,1,1,1,1,1,1,1,1,1,1,1,1,1,1,1,1,1,1,1,1,1,0,1,1,0,1,1,1,8.72,0,1,0,0,0,0,0,90,1,0,1,1,1,0,93.2,0,1,1,0,0.0,-0.0762113531434953,0.0,0,89.04,A+
5124,Queensland University of Technology,https://www.qut.edu.au,Australia,South & Central Asia + Oceania,0,1,16,1,0,0,0,1,0,0,1,0,0,0,1,1,1,1,1,6,1,1,0,1,0,1,0,1,1,1,1,1,1,1,1,1,1,1,1,1,1,1,1,0,1,1,1,11.46,0,1,0,1,0,0,1,75,1,0,1,1,1,1,20.0,0,1,0,0,0.0,0.1225790482325376,0.0,0,88.97,A+
1081,University of Arizona,https://www.arizona.edu,United States,North America,1,1,3,1,0,0,0,1,0,0,1,0,1,0,1,1,1,1,1,6,1,1,1,1,0,1,0,1,1,1,1,1,1,1,1,1,1,1,1,0,0,1,1,0,1,1,1,15.43,0,1,1,0,0,0,0,90,1,0,1,1,1,1,66.7,0,1,1,0,0.0,0.45054317975663494,6.0,0,88.91,A+
5311,Symbiosis International University,https://www.siu.edu.in,India,South & Central Asia + Oceania,1,1,7,1,0,0,0,0,1,1,1,1,10,1,1,1,1,1,1,13,1,1,1,0,1,1,0,1,1,1,1,1,1,1,1,1,1,1,1,1,1,0,0,1,1,1,1,15.95,0,1,1,1,0,0,1,100,1,1,0,1,1,1,98.1,0,1,0,0,0.6931471805599453,-0.05877645728510535,0.0,0,88.7,A+
6140,University of Port Harcourt,https://www.uniport.edu.ng,Sub-Saharan Africa,Latin America & Africa,1,1,6,1,0,0,0,1,0,0,1,1,4,1,1,1,0,1,1,9,1,1,0,1,0,1,0,1,1,1,1,1,1,1,1,1,1,0,1,0,1,1,0,1,1,1,1,4.67,0,1,1,0,0,0,0,90,1,0,0,0,1,1,73.5,0,1,0,0,0.0,0.5579242212352727,18.0,0,88.43,A+
2020,Lancaster University,https://www.lancaster.ac.uk,United Kingdom,Western & Northern Europe,1,1,2,1,0,0,1,1,0,0,1,0,0,1,1,1,1,1,1,0,1,1,0,0,0,1,0,1,1,1,1,1,1,1,1,1,1,1,1,0,1,1,1,0,1,1,1,16.52,0,1,1,0,0,0,1,100,1,0,1,1,1,1,88.9,0,1,1,0,0.0,-1.1211739938079897,5.0,0,88.41,A+
2057,University of Mannheim,https://www.uni-mannheim.de,Germany,Western & Northern Europe,1,1,6,1,1,1,0,1,0,0,1,1,4,1,1,1,1,1,1,19,1,1,1,1,0,1,0,1,1,1,1,1,1,1,1,1,1,1,1,1,0,0,0,1,0,1,1,13.01,0,1,1,0,0,1,0,90,1,0,1,1,1,1,88.6,0,1,1,1,0.0,-0.7567089208905455,0.0,0,88.38,A+
2098,University of Caen Normandy,https://www.unicaen.fr,France,Western & Northern Europe,1,1,5,1,1,1,0,1,1,2,1,0,0,1,1,1,1,1,1,20,1,0,1,1,0,1,0,1,1,1,1,1,1,1,1,1,1,1,1,1,0,0,1,1,0,1,1,21.0,0,1,0,0,0,1,1,75,1,0,1,1,1,0,52.6,0,1,1,0,0.0,-1.2569693636242025,0.0,0,88.3,A+
6521,Walter Sisulu University,https://www.wsu.ac.za,South Africa,Latin America & Africa,1,1,10,1,1,0,0,0,1,1,1,1,10,0,1,1,1,1,1,0,0,0,0,1,0,1,0,1,1,1,1,1,1,1,1,1,1,1,1,1,1,1,0,0,1,1,0,19.68,0,1,0,1,0,0,0,90,1,1,1,0,1,0,69.2,0,1,1,0,0.6931471805599453,0.22315710760625374,7.0,0,88.23,A+
6324,Tshwane University of Technology,https://www.tut.ac.za,South Africa,Latin America & Africa,1,1,4,1,0,0,0,0,1,1,0,0,0,1,1,1,1,1,1,0,1,1,0,0,0,1,0,1,1,1,1,1,1,1,1,1,1,1,1,1,0,1,1,0,1,1,1,8.2,0,1,1,0,0,0,0,90,1,0,1,1,1,0,100.0,0,1,0,0,0.0,-1.3774700678642082,0.0,0,88.06,A+
3005,Polytechnic University of Milan,https://www.polimi.it,Italy,Eastern & Southern Europe,1,1,8,0,1,0,0,1,0,0,1,1,10,1,1,1,1,1,1,12,1,1,1,1,1,1,0,1,1,1,1,1,1,1,1,1,1,1,1,1,0,1,1,0,0,1,1,13.93,0,1,1,0,0,1,0,100,1,0,1,1,1,0,8.3,0,1,1,0,0.0,0.359628595362218,0.0,0,87.71,A+
3204,Vilnius Gediminas Technical University,https://www.vilniustech.lt,Baltics,Eastern & Southern Europe,1,1,1,1,1,0,0,0,0,0,1,1,6,1,1,1,1,1,1,5,1,1,0,1,0,1,0,1,1,1,1,1,1,1,1,1,1,1,1,0,0,1,1,0,0,1,1,21.0,0,1,1,0,0,1,1,90,1,1,1,1,1,0,98.3,0,1,0,0,0.6931471805599453,-0.42445000937801036,0.0,0,87.66,A+
6337,Sokoine University of Agriculture,https://www.sua.ac.tz,Sub-Saharan Africa,Latin America & Africa,1,1,6,1,0,0,0,0,1,1,1,0,0,1,1,1,0,1,1,6,1,1,1,0,0,1,0,1,1,1,1,1,1,1,1,1,1,1,1,1,1,0,0,1,1,1,1,16.67,0,1,1,0,0,0,0,75,1,0,1,1,1,1,100.0,0,1,0,0,0.0,-1.2882736354100583,0.0,0,87.54,A+
5003,Indian Institute of Technology Madras,https://www.iitm.ac.in,India,South & Central Asia + Oceania,1,1,9,1,1,1,0,1,1,0,1,1,8,1,1,1,1,1,1,2,1,1,1,1,1,1,0,1,1,1,1,1,1,1,1,1,1,1,1,0,0,0,1,1,1,1,1,21.0,0,1,1,0,0,0,0,75,1,0,1,1,1,1,85.1,0,1,1,0,0.0,-0.9349207099071778,1.0,0,87.54,A+
2302,University of Lausanne,https://www.unil.ch,Switzerland/Austria,Western & Northern Europe,1,1,7,1,1,1,0,0,0,0,1,0,0,0,1,1,1,1,1,8,1,1,0,0,0,1,0,1,1,1,1,1,1,1,1,1,1,1,1,1,0,0,1,1,1,1,1,21.0,0,1,1,0,0,0,0,90,1,0,1,1,1,1,100.0,0,1,1,0,0.0,0.1616072674915966,0.0,0,87.38,A+
2019,Queen Mary University of London,https://www.qmul.ac.uk,United Kingdom,Western & Northern Europe,1,1,6,1,1,0,0,1,0,0,0,0,1,0,1,1,1,1,1,6,1,1,1,0,0,1,0,0,1,1,1,1,1,1,1,1,1,0,1,1,1,0,0,1,1,1,0,10.6,0,1,1,0,0,0,1,90,1,0,1,1,1,1,47.6,0,1,1,0,0.0,-0.7377945658090017,0.0,0,87.38,A+
5094,North South University,https://www.northsouth.edu,Bangladesh,South & Central Asia + Oceania,1,1,10,1,0,0,1,1,1,1,1,0,0,1,1,1,1,1,1,20,1,1,1,0,1,1,0,1,1,1,1,1,1,1,1,1,1,1,1,1,0,1,1,0,1,1,0,4.61,0,1,0,0,0,0,0,75,1,0,1,1,1,1,87.3,0,1,0,0,0.0,-0.3848253041321887,0.0,0,87.36,A+
6125,American University in Cairo,https://www.aucegypt.edu,Egypt & North Africa,Latin America & Africa,1,1,9,1,1,0,0,0,1,1,1,1,3,0,1,1,1,1,1,13,1,1,1,0,1,1,0,1,1,1,1,1,1,1,1,1,1,1,1,1,0,0,1,1,1,1,1,12.52,0,1,1,0,0,0,0,75,1,0,1,1,1,1,82.9,0,1,0,0,0.0,-0.610745388262262,7.0,0,87.29,A+
5308,KIIT University,https://www.kiit.ac.in,India,South & Central Asia + Oceania,1,1,14,1,0,0,1,1,1,2,1,1,10,1,1,1,1,1,1,9,1,1,1,1,1,1,0,1,1,1,1,1,1,1,1,1,1,1,1,1,1,0,1,0,1,1,1,9.74,0,1,0,0,0,0,1,90,1,5,1,1,1,1,82.6,0,1,0,0,1.791759469228055,-0.9394831125617098,0.0,0,87.25,A+
3024,University of Parma,https://www.unipr.it,Italy,Eastern & Southern Europe,1,1,4,1,1,0,0,0,0,0,0,1,10,1,1,1,1,1,1,20,1,1,1,1,0,1,0,1,1,1,1,1,1,1,1,1,1,0,1,0,1,0,1,0,1,1,1,17.4,0,1,1,1,0,1,0,100,1,0,1,1,1,1,43.4,0,1,1,0,0.0,-1.4768744559964342,0.0,0,87.16,A+
5424,Vidyasagar University,https://www.vidyasagar.ac.in,India,South & Central Asia + Oceania,1,1,9,0,0,0,0,1,1,1,1,1,8,1,1,1,1,1,1,11,1,0,1,1,1,1,0,1,1,1,1,1,1,1,1,1,1,0,1,1,1,0,1,1,1,1,1,12.0,0,1,1,0,0,0,1,75,1,0,1,1,1,0,96.1,0,1,1,0,0.0,-0.8140170395620825,0.0,0,87.06,A+
6328,University of Fort Hare,https://www.ufh.ac.za,South Africa,Latin America & Africa,1,1,4,1,0,0,0,0,1,1,1,1,8,1,1,1,1,1,1,8,0,0,1,1,0,1,0,1,1,1,1,1,1,1,1,1,1,1,1,0,1,0,0,0,1,1,1,12.63,0,1,1,0,0,0,0,90,1,0,1,1,1,1,65.0,0,1,1,0,0.0,-1.3454939883051737,0.0,0,87.06,A+
1054,University of Colorado Boulder,https://www.colorado.edu,United States,North America,1,1,6,1,1,0,0,1,0,0,1,0,0,1,1,1,1,1,1,20,1,1,1,1,0,1,0,1,1,1,1,1,1,1,1,1,1,1,0,0,0,1,0,0,1,1,1,18.88,0,1,0,0,0,0,1,90,1,0,1,0,1,0,92.3,0,1,1,0,0.0,-0.7230380484344183,0.0,0,86.93,A+
1093,University of Houston,https://www.uh.edu,United States,North America,1,1,4,1,0,0,0,1,0,1,1,1,10,1,1,1,1,1,1,7,0,0,0,0,1,1,0,1,1,1,1,1,1,1,1,1,1,1,1,0,0,1,1,0,1,1,1,18.88,0,1,1,0,0,0,0,75,1,0,1,1,0,1,77.8,0,1,1,0,0.0,1.1482698481674858,0.0,0,86.79,A+
5143,Australian Catholic University,https://www.acu.edu.au,Australia,South & Central Asia + Oceania,1,1,7,1,0,0,0,1,0,0,0,1,10,0,1,1,0,1,1,11,1,1,1,1,0,1,0,1,1,1,1,1,1,1,1,1,1,1,1,1,0,1,1,0,1,1,1,4.86,0,1,1,1,0,1,1,75,1,0,1,1,1,1,64.4,0,1,1,0,0.0,0.18058673912587173,0.0,0,86.79,A+
2061,University of Stuttgart,https://www.uni-stuttgart.de,Germany,Western & Northern Europe,1,1,3,1,1,0,0,1,0,0,1,1,9,1,1,1,1,1,1,4,1,1,1,0,0,1,0,1,1,1,1,1,1,1,0,1,1,1,1,0,0,1,0,0,1,1,1,12.63,0,1,1,0,0,1,0,90,1,0,0,1,1,0,67.6,0,1,1,0,0.0,-0.3869090298731792,0.0,0,86.78,A+
1059,Texas A&M University,https://www.tamu.edu,United States,North America,1,1,3,1,0,0,0,1,1,1,1,0,0,1,1,1,1,1,1,12,1,1,0,0,1,1,0,1,1,1,1,1,1,1,1,0,0,1,1,1,0,1,1,0,1,1,1,21.0,0,1,1,0,0,0,1,75,1,0,1,1,1,1,100.0,0,1,1,0,0.0,-0.18648458311847335,0.0,0,86.67,A+
5136,Murdoch University,https://www.murdoch.edu.au,Australia,South & Central Asia + Oceania,1,1,4,1,0,0,0,1,0,1,1,0,0,0,1,1,0,1,1,4,1,1,1,1,1,1,0,1,1,1,1,1,1,1,1,1,1,1,1,0,0,1,1,0,1,1,1,21.0,0,1,1,1,0,0,0,75,1,0,1,1,0,1,88.5,0,1,0,0,0.0,0.15516763862205105,4.0,0,86.58,A+
5319,Institute of Business Administration Karachi,https://www.iba.edu.pk,Pakistan,South & Central Asia + Oceania,1,1,5,1,0,0,0,0,1,1,1,1,6,0,1,1,1,1,1,6,1,1,0,0,1,1,0,1,1,1,1,1,1,1,1,1,1,1,1,0,0,1,0,0,1,1,0,5.74,0,1,0,0,0,1,0,75,1,0,1,1,0,0,88.9,0,1,0,0,0.0,-0.7283090468376618,14.0,0,86.53,A+
6117,University of South Africa,https://www.unisa.ac.za,South Africa,Latin America & Africa,1,1,9,1,0,0,0,0,1,1,1,1,10,1,1,1,1,1,1,1,1,1,0,1,0,1,0,1,1,1,1,1,1,1,1,1,1,1,1,0,0,1,0,0,1,1,1,15.43,0,1,0,0,0,0,0,75,1,0,1,1,0,0,82.9,0,1,0,0,0.0,2.2020276452289838,0.0,0,86.52,A+
3403,Slovak University of Agriculture in Nitra,https://www.uniag.sk,Bulgaria & Slovakia,Eastern & Southern Europe,1,1,8,1,0,0,0,1,1,1,1,1,9,1,1,1,1,1,1,0,1,1,1,1,0,1,0,1,1,1,1,1,1,1,1,0,1,0,1,0,1,1,1,0,1,1,1,21.0,0,1,1,0,0,0,0,75,1,1,1,0,0,0,54.2,0,1,0,0,0.6931471805599453,-0.5285280695457216,29.0,0,86.52,A+
5070,University of Engineering and Technology Lahore,https://www.uet.edu.pk,Pakistan,South & Central Asia + Oceania,1,1,7,1,0,0,1,1,0,0,1,1,2,1,1,1,1,1,1,7,1,1,1,1,0,1,0,1,1,1,1,1,1,1,1,0,1,1,1,0,0,1,1,0,1,0,0,7.46,0,1,1,0,0,0,0,90,1,1,1,0,1,1,76.0,0,1,0,0,0.6931471805599453,-0.6792632183014439,27.0,0,86.36,A+
6100,San Francisco de Quito University,https://www.usfq.edu.ec,Peru & Andes,Latin America & Africa,1,1,5,1,1,0,0,1,0,0,1,0,0,0,1,1,1,1,1,12,1,1,1,1,1,1,0,1,1,1,1,1,1,1,1,1,1,1,1,0,0,0,1,0,1,1,1,15.43,0,1,0,0,0,0,0,100,1,0,1,1,1,1,95.9,0,1,0,0,0.0,-0.4762495097661459,0.0,0,86.3,A+
2030,Loughborough University,https://www.lboro.ac.uk,United Kingdom,Western & Northern Europe,0,1,4,1,0,1,0,0,0,0,0,0,1,0,1,1,0,1,1,0,0,0,0,1,0,1,0,1,1,1,1,1,1,1,1,1,1,1,1,0,1,1,1,0,1,1,1,6.66,0,1,0,0,0,1,0,75,1,1,1,1,1,1,0.0,1,1,1,0,0.6931471805599453,-1.3925222417086014,0.0,0,86.25,A+
5153,Massey University,https://www.massey.ac.nz,New Zealand,South & Central Asia + Oceania,1,1,19,1,0,0,0,1,0,0,1,0,0,0,1,1,1,1,1,0,1,1,0,1,0,1,0,1,1,1,1,1,1,1,1,1,1,1,1,1,0,1,1,0,1,0,1,16.29,0,1,0,0,0,0,0,90,1,0,1,1,1,1,57.1,0,1,0,0,0.0,-1.031708823364033,0.0,0,86.22,A+
1117,Worcester Polytechnic Institute,https://www.wpi.edu,United States,North America,1,1,6,1,0,0,0,0,0,0,1,0,0,0,1,1,1,1,1,1,1,1,0,1,1,1,0,1,1,1,1,1,1,1,1,1,1,1,1,0,0,1,0,0,0,1,1,15.81,0,1,1,0,0,0,1,100,1,0,0,1,1,0,51.1,0,1,1,0,0.0,0.5789845498322668,12.0,0,86.21,A+
2100,University of Burgundy,https://www.u-bourgogne.fr,France,Western & Northern Europe,1,1,10,1,1,0,0,1,0,0,1,1,10,0,1,1,1,1,0,15,1,1,1,1,0,1,0,1,1,1,1,1,1,1,1,1,1,0,1,1,1,0,1,0,0,1,1,21.0,0,1,1,0,0,0,1,75,1,0,1,1,1,0,76.9,0,1,1,0,0.0,0.5799055048718963,25.0,0,86.14,A+
1099,West Virginia University,https://www.wvu.edu,United States,North America,1,1,8,1,0,0,0,1,1,1,1,1,5,1,1,1,1,1,1,0,0,0,0,0,0,1,0,1,1,1,1,1,1,1,1,1,1,1,1,1,0,1,1,0,1,1,1,13.33,0,1,1,0,0,0,0,75,1,0,1,1,1,1,44.4,0,1,0,0,0.0,0.6487986493733762,5.0,0,86.08,A+
5036,NIT Warangal,https://www.nitw.ac.in,India,South & Central Asia + Oceania,1,1,9,1,0,0,0,1,1,2,1,1,10,1,1,1,1,1,1,3,1,1,1,1,0,1,0,1,1,1,1,1,1,1,1,1,1,1,1,1,1,0,1,0,1,1,1,8.06,0,1,1,0,0,1,0,75,1,0,1,0,1,1,19.1,0,1,0,0,0.0,0.7414363797294004,0.0,0,86.04,A+
5316,Alagappa University,https://www.alagappauniversity.ac.in,India,South & Central Asia + Oceania,1,1,14,1,0,0,0,1,1,1,1,1,10,1,1,1,1,1,1,8,0,0,1,1,0,1,0,1,1,1,1,1,1,1,1,1,1,1,1,1,1,0,0,0,1,0,1,20.14,0,1,1,1,0,0,0,75,1,0,1,1,1,0,44.2,0,1,1,0,0.0,-0.4399000218904666,0.0,0,85.99,A+
2075,University of Bremen,https://www.uni-bremen.de,Germany,Western & Northern Europe,1,1,3,1,1,0,0,1,1,1,1,1,10,0,1,1,1,1,1,20,1,1,1,1,0,1,0,1,1,1,1,1,1,1,1,1,1,1,1,1,0,0,1,1,1,1,1,16.1,0,1,1,0,0,1,1,90,1,0,1,1,1,0,89.1,0,1,1,0,0.0,-0.8878969478022802,12.0,0,85.95,A+
6109,University of Pretoria,https://www.up.ac.za,South Africa,Latin America & Africa,1,1,4,1,0,0,0,0,0,1,1,1,2,1,1,1,1,1,1,5,1,1,0,0,1,1,0,0,1,1,1,1,1,1,1,1,1,1,1,1,1,0,1,0,1,1,1,12.63,0,1,1,0,0,0,0,100,1,0,1,1,1,1,92.9,0,1,0,0,0.0,-0.7587048792042874,0.0,0,85.55,A+
2015,University of Sheffield,https://www.sheffield.ac.uk,United Kingdom,Western & Northern Europe,1,1,2,1,0,0,1,1,0,0,1,0,0,0,1,1,0,1,1,4,1,1,1,1,0,1,0,1,1,1,1,1,1,1,1,1,1,1,1,0,0,1,1,0,1,1,1,11.77,0,1,1,0,0,0,1,100,1,0,1,1,1,1,32.3,0,1,1,0,0.0,-0.761558755526839,15.0,0,85.39,A+
5021,Jamia Millia Islamia,https://www.jmi.ac.in,India,South & Central Asia + Oceania,1,1,5,1,1,0,0,1,1,1,0,0,0,1,1,1,1,1,1,1,1,1,0,0,1,1,0,1,1,1,1,1,1,1,1,1,1,1,1,0,1,0,1,1,1,1,1,21.0,0,1,1,0,0,0,0,75,1,0,1,1,1,0,100.0,0,1,1,0,0.0,0.11557250129879201,82.0,0,85.31,A+
2155,University of Southern Denmark,https://www.sdu.dk,Denmark,Western & Northern Europe,1,1,6,1,1,0,1,1,1,1,1,1,10,1,1,1,1,1,1,0,1,1,1,1,1,1,0,1,1,1,1,1,1,1,1,1,1,1,1,1,0,1,1,0,1,1,1,21.0,0,1,1,0,0,0,0,75,1,0,1,1,1,0,2.5,0,1,0,0,0.0,1.33356980735188,15.0,0,85.29,A+
5126,University of Newcastle,https://www.newcastle.edu.au,Australia,South & Central Asia + Oceania,1,1,8,1,0,0,0,1,0,0,1,0,1,1,1,1,1,1,1,2,1,1,0,1,1,1,0,1,1,1,1,1,1,1,1,1,1,1,1,0,0,1,1,0,1,1,1,1.61,0,0,1,0,0,1,1,75,1,1,1,1,1,1,78.0,0,1,1,0,0.6931471805599453,-0.4561943170852235,0.0,0,85.24,A+
3020,Vita-Salute San Raffaele University,https://www.unisr.it,Italy,Eastern & Southern Europe,1,1,6,1,0,0,0,1,1,1,1,0,0,0,1,1,0,1,1,0,1,1,0,0,0,1,0,1,1,1,1,1,1,1,1,1,1,1,1,1,0,1,1,0,1,1,1,12.63,0,1,1,1,0,0,0,100,1,0,1,1,1,1,53.1,0,1,1,0,0.0,-0.3873688416418377,28.0,0,85.23,A+
2042,Technical University of Munich,https://www.tum.de,Germany,Western & Northern Europe,1,1,7,1,1,0,0,1,1,0,1,1,2,0,1,1,1,1,1,4,1,1,1,1,1,1,0,1,1,1,1,1,1,1,1,1,1,1,1,1,0,0,1,0,0,1,1,16.15,0,0,0,0,0,1,0,100,1,0,1,1,1,0,20.8,0,1,1,0,0.0,0.747467291555831,0.0,0,85.22,A+
6353,Technical University of Kenya,https://www.tukenya.ac.ke,Sub-Saharan Africa,Latin America & Africa,1,1,8,0,0,0,0,0,1,1,1,0,0,1,1,1,1,1,1,4,1,1,1,1,0,1,0,1,1,1,1,1,1,1,1,1,1,0,1,0,1,0,1,0,1,1,1,21.0,0,1,1,0,0,1,0,75,1,0,1,1,1,1,100.0,0,1,0,0,0.0,-0.7920834183931045,0.0,0,85.11,A+
3037,Scuola Normale Superiore di Pisa,https://www.sns.it,Italy,Eastern & Southern Europe,1,1,4,1,1,0,0,0,0,0,1,0,0,0,1,1,0,1,1,9,0,0,0,1,0,1,0,1,1,1,1,1,1,1,1,0,1,1,1,1,0,1,0,1,1,1,0,14.0,0,1,1,0,0,0,0,75,1,0,0,0,1,0,100.0,0,1,1,0,0.0,-1.2088868862702788,0.0,0,85.08,A+
5054,University of Kerala,https://www.keralauniversity.ac.in,India,South & Central Asia + Oceania,0,1,13,1,0,0,1,1,1,1,1,1,3,0,1,1,1,1,1,5,1,1,1,0,0,1,0,1,1,1,1,1,1,1,1,0,1,1,1,1,1,0,0,1,1,0,1,12.63,0,1,0,0,0,0,0,75,1,2,1,0,0,0,95.9,0,1,0,0,1.0986122886681098,0.00574895168613136,4.0,0,85.07,A+
2087,University of Bordeaux,https://www.u-bordeaux.fr,France,Western & Northern Europe,1,1,1,1,1,0,0,0,1,0,1,1,6,1,1,1,1,1,1,16,1,1,1,1,0,1,0,1,1,1,1,1,1,1,1,1,1,1,1,1,0,0,1,1,1,1,1,19.85,0,1,1,0,0,0,0,100,1,0,1,1,1,0,15.6,0,1,1,0,0.0,-1.3226846229459774,0.0,0,85.0,A+
5073,COMSATS University Islamabad,https://www.comsats.edu.pk,Pakistan,South & Central Asia + Oceania,1,1,6,0,0,0,0,1,0,0,1,1,10,1,1,1,1,1,1,13,1,1,1,1,1,1,0,1,1,1,1,1,1,1,1,0,1,1,1,1,1,1,1,0,1,1,1,15.43,0,1,1,0,0,0,1,75,1,14,1,1,1,1,100.0,0,1,0,0,2.70805020110221,0.7575677319722096,13.0,0,84.98,A
2059,University of Wuerzburg,https://www.uni-wuerzburg.de,Germany,Western & Northern Europe,1,1,6,1,1,0,0,1,1,0,1,1,3,1,1,1,1,1,1,7,1,1,1,1,0,1,0,1,1,1,1,1,1,1,1,1,1,1,1,0,0,0,0,1,1,1,0,7.0,0,1,1,0,0,1,0,75,1,0,1,0,1,0,73.8,0,1,1,0,0.0,-0.34641291066012997,0.0,0,84.87,A
6148,Kwame Nkrumah University of Science and Technology,https://www.knust.edu.gh,Sub-Saharan Africa,Latin America & Africa,1,1,8,1,0,0,0,0,1,1,0,0,0,1,1,1,1,1,1,1,1,1,0,0,1,1,1,1,1,1,1,1,1,1,1,1,1,1,1,0,0,1,1,0,1,1,1,4.83,0,1,1,0,0,0,0,75,1,3,1,0,1,1,35.0,0,1,0,0,1.3862943611198906,2.5229104085231584,4.0,0,84.72,A
3307,Miguel Hernandez University,https://www.umh.es,Spain,Eastern & Southern Europe,1,1,3,1,1,0,0,1,1,1,1,1,8,1,1,1,1,1,1,20,0,0,1,0,0,1,0,1,1,1,1,1,1,1,1,1,1,1,1,0,0,0,1,0,1,1,1,16.48,0,1,1,0,0,0,0,100,1,0,1,1,1,1,64.7,0,1,1,0,0.0,-0.9113418640007978,0.0,0,84.7,A
5058,Gujarat University,https://www.gujaratuniversity.ac.in,India,South & Central Asia + Oceania,1,1,8,1,1,0,0,1,0,0,1,1,10,1,1,1,0,1,0,5,0,0,1,0,1,1,0,1,1,1,1,1,1,1,1,1,1,1,1,1,1,0,1,0,1,1,1,7.94,0,1,1,0,0,0,1,75,1,0,1,1,1,0,23.6,0,1,1,0,0.0,-0.11580649046675434,12.0,0,84.64,A
5412,IIIT Gwalior,https://www.iiitm.ac.in,India,South & Central Asia + Oceania,1,1,9,1,0,0,0,1,0,0,0,1,10,1,1,1,1,1,1,1,1,1,1,1,1,1,0,1,1,1,1,1,1,1,1,0,1,0,1,0,1,0,1,1,1,1,1,15.43,0,1,1,0,0,1,0,75,1,0,0,0,1,1,100.0,0,1,0,0,0.0,-0.05291051101499298,0.0,0,84.53,A
5128,University of Tasmania,https://www.utas.edu.au,Australia,South & Central Asia + Oceania,1,1,6,1,0,0,0,1,0,0,1,0,0,0,1,1,0,1,1,0,0,0,0,0,1,1,0,1,1,1,1,1,1,1,1,1,1,1,1,1,0,1,1,0,1,1,1,21.0,0,1,1,0,0,0,1,75,1,0,1,1,1,1,83.3,0,1,1,0,0.0,-0.02651375279948714,0.0,0,84.5,A
3305,University of Jaen,https://www.ujaen.es,Spain,Eastern & Southern Europe,1,1,5,1,1,0,0,0,0,0,0,1,9,0,1,1,1,1,1,20,1,1,1,0,0,1,0,1,1,1,1,1,1,1,1,1,1,0,1,1,0,0,1,1,0,1,1,9.56,0,1,1,0,0,0,0,100,1,0,0,0,1,0,100.0,0,1,0,0,0.0,0.47517136439521934,46.0,0,84.48,A
3071,University of Vigo,https://www.uvigo.gal,Spain,Eastern & Southern Europe,1,1,3,1,1,0,1,1,1,1,1,1,10,1,1,1,1,1,1,8,1,1,1,1,0,1,0,1,1,1,1,1,1,1,1,1,1,1,1,0,0,0,1,0,0,1,1,21.0,0,1,1,0,0,0,0,75,1,0,1,1,1,0,78.9,0,1,1,0,0.0,-0.06743180986983695,0.0,0,84.45,A
1020,"University of California, Davis",https://www.ucdavis.edu,United States,North America,1,1,6,1,0,0,0,1,0,0,0,0,0,0,1,1,1,1,1,0,1,1,0,1,1,1,0,1,1,1,1,1,1,1,1,1,1,1,1,0,0,1,0,0,1,1,0,21.0,0,1,0,0,0,0,0,100,1,0,1,0,1,1,100.0,0,1,1,0,0.0,0.057968347025470636,8.0,0,84.44,A
5141,University of Canberra,https://www.canberra.edu.au,Australia,South & Central Asia + Oceania,1,1,16,1,0,0,0,1,0,0,1,0,0,1,1,1,1,1,1,0,1,1,0,0,0,1,0,0,1,1,1,1,1,1,1,1,1,1,1,0,0,1,1,0,1,1,1,12.63,0,1,1,0,0,0,0,100,1,0,1,1,1,1,82.9,0,1,1,0,0.0,0.1067735818936236,0.0,0,84.34,A
2074,University of Marburg,https://www.uni-marburg.de,Germany,Western & Northern Europe,1,1,6,1,1,0,0,0,0,0,0,1,10,0,1,1,1,1,1,6,1,1,1,0,0,1,0,1,1,1,1,1,1,1,1,1,1,1,1,1,0,0,1,0,0,1,1,12.63,0,1,1,0,0,1,1,90,1,0,1,1,1,0,2.3,0,1,1,0,0.0,0.03720900907067268,1.0,0,84.3,A
2049,University of Tuebingen,https://uni-tuebingen.de,Germany,Western & Northern Europe,1,1,4,1,1,0,0,1,0,0,1,1,4,1,1,1,1,1,1,1,1,1,1,0,0,1,0,1,1,1,1,1,1,1,1,1,1,1,1,1,0,0,1,0,1,1,1,8.49,0,1,1,1,0,1,1,100,1,0,1,1,1,0,61.5,0,1,1,0,0.0,-1.1347535307896108,0.0,0,84.28,A
5137,Edith Cowan University,https://www.ecu.edu.au,Australia,South & Central Asia + Oceania,1,1,5,1,0,1,0,1,0,0,1,1,3,0,1,1,0,1,1,7,1,1,1,1,0,1,1,1,1,0,1,1,1,1,1,1,1,1,1,0,0,1,1,1,1,1,1,21.0,0,1,1,1,0,0,1,100,1,0,1,1,1,1,19.4,0,1,1,0,0.0,-0.548745913791442,0.0,0,84.2,A
1039,Georgetown University,https://www.georgetown.edu,United States,North America,0,1,5,1,0,0,0,0,0,0,1,0,0,1,1,1,1,1,1,12,1,1,1,1,1,1,0,1,1,1,1,1,1,1,1,1,1,1,1,0,0,0,1,0,1,1,1,21.0,0,1,0,0,0,0,1,75,1,0,1,0,1,1,84.8,0,1,1,0,0.0,-0.21300151113408766,5.0,0,84.17,A
3209,Estonian University of Life Sciences,https://www.emu.ee,Baltics,Eastern & Southern Europe,1,1,4,1,1,0,0,0,0,0,1,1,4,0,1,1,1,1,1,20,1,1,1,1,1,1,0,1,1,1,1,1,1,1,1,1,1,0,1,0,0,0,1,1,0,1,1,15.43,0,1,1,0,0,0,0,75,1,0,1,0,1,1,82.4,0,1,1,0,0.0,-0.2994130283159406,11.0,0,84.05,A
6142,University of Nairobi,https://www.uonbi.ac.ke,Sub-Saharan Africa,Latin America & Africa,1,1,6,1,0,0,0,1,0,0,1,0,0,1,1,1,0,1,1,6,1,1,0,0,0,1,1,1,1,1,1,1,1,1,1,1,1,1,1,1,0,1,1,0,1,1,1,4.48,0,1,1,1,0,1,0,75,1,0,0,0,1,1,34.6,0,1,0,0,0.0,0.5025270658588741,27.0,0,84.0,A
2197,Dublin City University,https://www.dcu.ie,Belgium/Ireland/Iceland,Western & Northern Europe,1,1,6,1,0,0,0,1,1,1,1,1,6,0,1,1,1,1,1,6,1,1,1,1,0,1,0,1,1,1,1,1,1,1,1,1,1,1,1,1,0,0,1,0,0,1,1,15.29,0,1,1,1,0,1,0,75,1,0,1,1,1,0,99.2,0,1,1,0,0.0,0.5064305101320525,11.0,0,83.97,A
3091,Lodz University of Technology,https://www.p.lodz.pl,Poland,Eastern & Southern Europe,1,1,2,1,1,0,0,1,1,1,1,0,0,1,1,1,1,1,1,0,1,1,0,1,0,1,0,1,1,1,1,1,1,1,1,0,1,0,1,1,0,1,1,0,1,1,1,15.43,0,1,1,0,0,0,0,100,1,0,1,1,1,0,77.5,0,1,0,0,0.0,-0.3155352751577547,10.0,0,83.9,A
2094,ENS de Lyon,https://www.ens-lyon.fr,France,Western & Northern Europe,1,1,20,1,1,0,0,1,1,2,1,1,10,1,1,1,1,1,1,0,0,0,0,1,1,1,0,1,1,1,1,1,1,1,1,1,1,1,1,1,1,0,1,1,1,1,1,21.0,0,1,1,0,0,0,0,75,1,0,1,0,1,0,91.4,0,1,1,0,0.0,1.922582223929705,0.0,0,83.89,A
2152,Aarhus University,https://international.au.dk,Denmark,Western & Northern Europe,1,1,5,1,1,0,0,1,0,0,0,0,0,1,1,1,0,1,1,0,0,0,1,0,0,1,0,1,1,1,1,1,1,1,1,1,1,1,1,1,0,1,1,0,1,1,1,18.16,0,1,1,0,0,1,0,75,1,1,1,1,1,0,16.7,0,1,1,0,0.6931471805599453,-0.40388345110020574,8.0,0,83.84,A
5108,Chittagong University of Engineering and Technology,https://www.cuet.ac.bd,Bangladesh,South & Central Asia + Oceania,1,1,10,0,0,0,0,0,0,0,1,0,0,1,1,1,1,1,1,3,1,1,0,0,0,1,0,1,1,1,1,1,1,1,1,0,1,0,1,1,0,1,1,0,1,1,1,5.33,0,1,1,0,0,0,0,75,1,0,1,1,1,0,100.0,0,1,0,0,0.0,-0.9417643138889756,0.0,0,83.78,A
5106,Khulna University of Engineering and Technology,https://www.kuet.ac.bd,Bangladesh,South & Central Asia + Oceania,1,1,6,0,0,0,0,0,0,0,1,1,10,1,1,1,1,1,1,20,1,1,1,1,1,1,0,1,1,1,1,1,1,1,1,0,1,1,1,1,0,1,1,0,1,1,1,13.3,0,1,0,0,0,1,0,75,1,0,1,0,1,0,98.5,0,1,0,0,0.0,-0.062361202227951884,30.0,0,83.75,A
4096,Seoul National University,https://www.snu.ac.kr,South Korea,Asia (East & Southeast),1,1,20,1,0,0,0,0,0,0,1,1,7,1,1,1,1,1,1,1,1,1,1,0,1,1,0,1,1,1,1,1,1,1,1,1,0,1,1,0,1,0,1,1,1,1,1,15.43,0,1,1,0,0,0,0,75,1,0,0,0,1,1,52.9,0,1,0,0,0.0,1.5028740325295948,0.0,0,83.69,A
3027,University of Trieste,https://www.units.it,Italy,Eastern & Southern Europe,1,1,7,1,1,0,0,0,0,0,0,1,6,1,1,1,1,1,1,4,1,1,1,1,1,1,0,1,1,1,1,1,1,1,1,1,1,1,1,1,0,0,1,0,0,1,1,1.3,0,1,1,0,0,0,0,100,1,0,1,1,1,0,96.4,0,1,1,0,0.0,0.2623577060832724,0.0,0,83.67,A
1089,University of New Mexico,https://www.unm.edu,United States,North America,1,1,5,1,0,1,0,0,0,0,1,1,10,0,1,1,1,1,1,20,1,1,1,0,0,1,0,1,1,1,1,1,1,1,1,1,1,1,1,0,1,0,0,0,1,1,0,2.41,0,1,0,0,0,1,0,75,1,0,1,0,1,0,98.4,0,1,1,0,0.0,-0.3629878852224059,0.0,0,83.67,A
5114,University of New South Wales,https://www.unsw.edu.au,Australia,South & Central Asia + Oceania,1,1,5,1,0,1,1,1,0,0,1,1,3,0,0,1,1,1,1,0,1,1,0,0,0,1,0,1,1,1,1,1,1,1,1,1,1,1,1,1,0,1,1,0,1,1,1,17.9,0,1,1,1,1,1,0,100,1,0,1,1,1,1,44.1,0,1,1,0,0.0,-1.1027519504131729,3650.0,1,83.66,A
1187,University of Victoria,https://www.uvic.ca,Canada,North America,1,1,6,1,0,0,0,1,0,0,0,0,1,0,1,1,1,1,1,0,1,1,0,0,0,1,0,1,1,1,1,1,1,0,1,1,1,0,1,1,0,1,0,0,1,1,1,15.43,0,1,1,1,0,0,0,100,1,0,1,1,1,1,100.0,0,1,1,0,0.0,-0.6345792338823302,0.0,0,83.49,A
4059,Tohoku University,https://www.tohoku.ac.jp,Japan,Asia (East & Southeast),1,1,7,1,1,0,0,0,0,0,0,1,8,1,1,1,1,1,1,7,1,1,1,0,0,1,0,1,1,1,1,1,1,1,0,1,1,1,1,0,0,0,0,1,0,1,1,21.0,0,1,1,1,0,0,0,100,1,1,0,1,1,0,59.2,0,1,0,0,0.6931471805599453,-0.7299277128508206,0.0,0,83.43,A
2048,Technical University of Berlin,https://www.tu.berlin,Germany,Western & Northern Europe,1,1,3,1,1,0,0,1,0,0,1,1,9,1,1,1,1,1,1,13,0,0,1,0,0,1,0,1,1,1,1,1,1,1,1,1,1,1,1,1,0,0,0,0,1,1,0,21.0,0,1,1,0,0,1,0,100,1,0,1,1,1,0,82.4,0,1,1,0,0.0,-0.9681617110329349,4.0,0,83.42,A
6144,Moi University,https://www.mu.ac.ke,Sub-Saharan Africa,Latin America & Africa,1,1,7,1,0,0,0,0,1,0,1,1,2,1,1,1,1,1,1,20,0,1,1,0,1,1,0,1,1,1,1,1,1,1,1,1,1,1,1,1,0,0,1,0,1,1,1,13.58,0,1,1,0,0,0,0,90,1,0,1,0,1,0,38.5,0,1,0,0,0.0,0.15962568637711844,0.0,0,83.37,A
2058,University of Muenster,https://www.uni-muenster.de,Germany,Western & Northern Europe,1,1,2,1,1,0,0,1,0,0,1,0,1,0,1,1,1,1,1,1,1,1,1,1,0,1,0,1,0,1,1,1,1,1,1,1,1,1,1,1,0,0,1,1,1,1,1,21.0,0,1,1,0,0,0,0,100,1,0,1,1,1,0,94.1,0,1,1,0,0.0,-0.6010292290655298,1.0,0,83.36,A
2001,University of Oxford,https://www.ox.ac.uk,United Kingdom,Western & Northern Europe,1,1,3,1,0,0,0,0,0,0,1,0,0,0,1,1,1,1,1,9,0,0,1,1,0,1,0,1,1,1,1,1,1,1,1,1,1,0,1,0,0,0,0,0,1,1,1,5.47,0,1,1,0,0,1,0,100,1,0,1,1,1,1,90.9,0,1,1,0,0.0,-0.7945376310536337,1.0,0,83.36,A
1006,Columbia University,https://www.columbia.edu,United States,North America,1,1,7,1,0,0,0,0,0,0,1,1,6,1,1,1,1,1,1,20,1,1,1,0,1,1,0,1,1,1,1,1,1,1,1,1,1,1,1,0,0,0,0,0,1,1,1,7.02,0,1,1,1,0,0,0,75,1,0,1,0,1,0,98.2,0,1,1,0,0.0,-1.1959923192129136,0.0,0,83.29,A
2017,Durham University,https://www.durham.ac.uk,United Kingdom,Western & Northern Europe,1,1,6,1,0,0,1,1,0,0,1,0,0,1,1,1,0,1,1,0,1,1,0,0,1,1,0,0,1,1,1,1,1,1,1,1,1,1,1,0,0,1,0,0,1,1,1,15.43,0,1,1,1,0,1,1,100,1,0,1,1,1,1,90.0,0,1,1,0,0.0,0.3529332438933684,0.0,0,83.25,A
2073,University of Regensburg,https://www.uni-regensburg.de,Germany,Western & Northern Europe,1,1,3,1,1,0,0,1,0,0,1,0,1,0,1,1,1,1,1,3,1,1,1,0,1,1,0,1,0,1,1,1,1,1,1,1,1,1,1,1,0,0,1,0,0,1,1,21.0,0,1,1,0,0,1,0,75,1,0,1,1,1,0,14.3,0,1,1,0,0.0,-0.704088215086763,1.0,0,83.23,A
5056,Bharathiar University,https://www.b-u.ac.in,India,South & Central Asia + Oceania,1,1,11,1,1,0,1,1,0,0,1,1,10,1,1,1,1,1,1,20,1,1,1,0,1,1,0,1,1,1,1,1,1,1,1,0,1,1,1,1,1,0,0,1,1,1,0,17.4,0,1,1,1,0,0,0,75,1,0,1,0,1,1,98.4,0,1,1,0,0.0,2.0915816795669477,0.0,0,83.16,A
4144,Lingnan University,https://www.ln.edu.hk,Hong Kong,Asia (East & Southeast),1,1,8,1,1,0,1,1,1,1,1,1,5,1,1,1,0,1,1,7,1,1,0,0,0,1,0,1,1,1,1,1,1,1,1,1,1,0,1,1,0,0,0,1,1,1,1,17.4,0,1,1,0,0,0,0,100,1,0,1,1,1,1,93.1,0,1,1,0,0.0,1.492439441825921,0.0,0,83.12,A
5103,American International University-Bangladesh,https://www.aiub.edu,Bangladesh,South & Central Asia + Oceania,1,1,9,1,0,0,0,0,1,1,1,1,10,1,1,1,1,1,1,6,1,1,1,1,0,1,0,1,1,1,1,1,1,1,1,0,1,0,1,1,0,0,1,0,1,1,1,5.59,0,1,1,0,0,1,0,90,1,0,1,1,1,0,100.0,0,1,0,0,0.0,-1.054846722540588,13.0,0,83.08,A
5414,Central University of Kerala,https://www.cukerala.ac.in,India,South & Central Asia + Oceania,1,1,11,0,0,0,0,0,0,0,1,1,9,1,1,1,1,1,1,1,1,1,1,0,1,1,1,1,1,1,1,1,1,1,1,1,1,1,1,1,1,0,1,1,1,1,1,15.43,0,1,1,0,0,0,0,75,1,1,1,1,1,1,59.2,0,1,1,0,0.6931471805599453,-0.08778030273177256,0.0,0,83.08,A
1167,California Polytechnic State University,https://www.calpoly.edu,Canada,North America,1,1,3,1,0,0,0,1,0,0,1,1,4,1,1,1,1,1,1,14,1,1,0,1,0,1,0,1,1,1,1,1,1,1,1,1,1,1,1,0,0,0,1,0,1,1,1,17.78,0,1,1,0,0,1,0,100,1,0,1,1,1,1,92.3,0,1,1,0,0.0,-1.1634676496937617,0.0,0,83.04,A
6523,University of Venda,https://www.univen.ac.za,South Africa,Latin America & Africa,1,1,8,1,0,0,0,0,0,0,1,0,1,1,1,1,1,1,1,20,1,1,0,1,1,1,0,1,1,1,1,1,1,1,1,1,1,1,1,0,1,0,1,0,1,1,1,5.74,0,1,1,0,0,0,1,90,1,0,1,0,1,1,30.7,0,1,0,0,0.0,1.998110015058647,0.0,0,83.03,A
1186,Concordia University,https://www.concordia.ca,Canada,North America,1,1,5,1,1,0,0,1,0,0,1,1,2,1,1,1,1,1,1,7,1,1,0,0,0,1,0,1,1,1,1,1,1,1,1,1,1,1,1,1,0,0,1,0,1,1,1,21.0,0,1,1,0,0,1,0,75,1,0,1,1,1,1,86.7,0,1,1,0,0.0,2.4065809479084312,5.0,0,82.97,A
2167,Aalto University,https://www.aalto.fi,Finland,Western & Northern Europe,1,1,7,1,1,0,0,1,0,0,0,1,8,1,1,1,1,1,1,9,1,1,1,0,0,1,0,1,1,1,1,1,1,0,1,1,0,0,1,1,0,0,1,0,0,1,1,13.77,0,1,1,0,0,1,0,100,1,0,1,1,1,0,89.2,0,1,0,0,0.0,-1.3563909736682158,0.0,0,82.97,A
3133,Masaryk University,https://www.muni.cz,Czechia,Eastern & Southern Europe,1,1,2,1,1,1,0,0,1,1,1,0,0,1,0,1,1,1,1,16,1,0,0,0,0,1,0,1,1,1,1,1,1,1,1,1,1,1,1,0,0,1,1,0,1,1,1,20.12,0,1,1,0,0,0,0,90,1,0,1,1,1,1,100.0,0,1,1,0,0.0,0.2865410763459939,3650.0,1,82.89,A
5156,Auckland University of Technology,https://www.aut.ac.nz,New Zealand,South & Central Asia + Oceania,1,1,4,1,0,0,0,1,0,0,1,1,7,0,0,1,0,1,1,4,1,0,0,1,0,1,0,1,1,1,1,1,1,1,1,1,1,1,1,1,0,1,1,1,1,1,1,20.37,0,1,0,0,0,1,0,90,1,0,1,1,1,1,94.3,0,1,0,0,0.0,-0.9543109211889383,3650.0,1,82.87,A
3171,University of Pecs,https://www.pte.hu,Hungary,Eastern & Southern Europe,1,1,9,1,1,0,0,1,1,1,0,1,7,0,1,1,1,1,0,0,1,1,1,0,0,1,1,1,1,1,1,1,1,1,1,0,1,1,1,1,1,1,0,0,0,1,0,5.02,0,1,0,1,0,1,1,75,1,0,1,0,1,0,9.2,0,1,0,0,0.0,0.09056620917994168,36.0,0,82.78,A
5093,BRAC University,https://www.bracu.ac.bd,Bangladesh,South & Central Asia + Oceania,1,1,7,1,0,0,0,0,0,0,0,1,10,1,1,1,0,1,0,8,1,1,0,1,1,1,0,1,1,1,1,1,1,1,1,1,1,1,1,0,1,0,1,0,1,1,1,14.8,0,1,1,0,0,0,0,75,1,0,1,1,1,1,52.0,0,1,0,0,0.0,-0.07132306458506807,1.0,0,82.69,A
1058,Rutgers University,https://www.rutgers.edu,United States,North America,0,1,4,1,0,0,0,1,1,1,1,1,10,1,1,1,1,1,1,14,1,1,1,1,0,1,0,1,1,1,1,1,1,1,1,1,1,0,1,0,0,0,1,0,1,1,1,9.74,0,1,0,0,0,0,0,90,1,0,0,1,1,1,100.0,0,1,1,0,0.0,3.574154434595947,0.0,0,82.6,A
2180,University of Bern,https://www.unibe.ch,Switzerland/Austria,Western & Northern Europe,1,1,7,1,1,0,0,1,1,0,1,1,2,1,1,1,1,1,1,2,1,1,1,1,0,1,0,1,1,1,1,1,1,1,1,1,1,1,1,1,0,0,1,0,1,1,1,5.74,0,1,1,0,0,1,1,75,1,0,0,1,1,1,79.2,0,1,0,0,0.0,4.594356125063701,0.0,0,82.59,A
4140,Hong Kong University of Science and Technology,https://www.ust.hk,Hong Kong,Asia (East & Southeast),1,1,2,1,1,0,1,1,1,0,1,1,10,0,1,1,1,1,1,17,1,1,1,1,1,1,0,1,1,1,1,1,1,1,1,0,1,1,1,1,0,0,0,1,1,1,1,15.23,0,1,1,0,0,0,1,90,1,0,1,1,1,1,100.0,0,1,1,0,0.0,-0.4451837857640217,0.0,0,82.56,A
1162,University of San Francisco,https://www.usfca.edu,United States,North America,1,1,6,1,0,0,0,1,0,0,1,1,8,1,1,1,1,1,1,11,1,1,0,1,0,1,1,1,1,1,1,1,1,1,1,1,1,1,1,0,0,0,1,0,1,1,1,21.0,0,1,0,0,0,0,0,90,1,0,1,1,1,1,71.9,0,1,1,0,0.0,0.09277181504596457,0.0,0,82.54,A
5027,Manipal Academy of Higher Education,https://www.manipal.edu,India,South & Central Asia + Oceania,1,1,5,1,0,0,1,1,0,0,1,0,0,1,1,1,0,1,1,4,1,1,0,1,0,1,0,1,1,1,1,1,1,1,1,1,1,1,1,1,1,0,0,0,1,1,1,12.63,0,1,1,1,0,1,0,100,1,0,1,1,1,1,43.9,0,1,0,0,0.0,0.8507711004862183,0.0,0,82.52,A
5109,Bangladesh University of Professionals,https://www.bup.edu.bd,Bangladesh,South & Central Asia + Oceania,1,1,8,0,0,0,0,1,0,0,1,1,9,1,1,1,1,1,1,1,1,1,1,1,0,1,0,1,1,1,1,1,1,1,1,1,1,1,1,1,1,0,1,0,1,1,1,15.43,0,1,0,0,0,1,0,75,1,1,1,0,1,0,34.8,0,1,0,0,0.6931471805599453,-1.0584314674834343,7.0,0,82.5,A
2176,ETH Zurich,https://ethz.ch,Switzerland/Austria,Western & Northern Europe,1,1,7,1,1,0,0,0,0,0,1,1,6,1,1,1,1,1,1,8,1,1,1,0,0,1,0,1,1,1,1,1,1,1,1,1,1,1,1,1,0,0,0,0,1,1,0,21.0,0,1,0,0,0,1,1,100,1,0,1,0,1,0,27.6,0,1,1,0,0.0,1.6842128515558876,0.0,0,82.48,A
5115,University of Queensland,https://www.uq.edu.au,Australia,South & Central Asia + Oceania,1,1,4,1,0,0,1,1,1,1,0,0,0,0,0,1,1,1,1,1,1,1,0,1,0,1,0,1,1,1,1,1,1,1,1,1,1,1,1,1,0,1,1,0,1,1,1,11.53,0,1,1,0,0,0,1,100,1,1,1,1,1,1,94.4,0,1,1,0,0.6931471805599453,-0.3607097472439487,3650.0,1,82.42,A
2016,University of Nottingham,https://www.nottingham.ac.uk,United Kingdom,Western & Northern Europe,1,1,6,1,0,0,1,1,0,0,1,1,2,0,0,1,1,1,1,3,1,1,0,0,0,1,0,0,1,1,1,1,1,1,1,1,1,1,1,0,0,1,1,0,1,1,1,15.41,0,1,1,0,0,0,0,75,1,0,1,1,0,1,100.0,0,1,1,0,0.0,-0.6228534849288497,3650.0,1,82.28,A
2196,University of Galway,https://www.universityofgalway.ie,Belgium/Ireland/Iceland,Western & Northern Europe,0,1,8,1,0,1,1,1,1,1,1,1,8,0,1,1,0,1,1,0,1,0,0,1,0,1,0,0,1,1,1,1,1,1,1,1,1,1,1,0,0,1,0,0,1,1,0,6.03,0,0,0,0,0,0,1,75,1,0,1,1,1,0,78.0,0,1,1,0,0.0,0.3946418217654912,7.0,0,82.25,A
3138,VSB - Technical University of Ostrava,https://www.vsb.cz,Czechia,Eastern & Southern Europe,1,1,7,1,0,1,0,1,1,1,1,1,6,1,1,1,1,1,1,0,1,1,0,1,0,1,0,1,1,1,1,1,1,1,1,1,1,1,1,1,0,0,1,0,1,1,1,16.57,0,1,1,0,0,0,0,75,1,0,1,0,1,0,94.1,0,1,0,0,0.0,0.3870364149933021,0.0,0,82.21,A
3176,Obuda University,https://www.uni-obuda.hu,Hungary,Eastern & Southern Europe,1,1,7,1,1,1,1,1,0,0,1,1,4,0,0,1,1,1,1,12,1,1,0,0,0,1,0,1,1,1,1,1,1,1,1,0,1,1,1,0,1,1,1,0,0,1,1,1.14,0,1,1,1,0,0,0,90,1,0,0,0,1,0,17.4,0,1,1,0,0.0,0.5366150384701333,3650.0,1,82.2,A
5063,Maharaja Sayajirao University of Baroda,https://www.msubaroda.ac.in,India,South & Central Asia + Oceania,1,1,11,1,0,0,0,1,1,1,1,1,2,1,1,1,1,1,1,5,0,0,1,0,1,1,1,1,1,1,1,1,1,1,1,0,1,1,1,1,0,0,1,1,1,1,1,21.0,0,1,1,0,0,0,0,75,1,4,1,1,1,0,15.3,0,1,0,0,1.6094379124341003,-0.44641773996836936,4.0,0,82.16,A
1062,Lehigh University,https://www1.lehigh.edu,United States,North America,1,1,12,1,0,1,0,1,1,1,1,1,10,0,1,1,0,1,1,3,1,1,1,1,1,1,0,1,1,1,1,1,1,1,1,1,1,1,1,0,0,0,1,0,1,1,1,18.42,0,1,1,1,0,0,1,75,1,0,1,1,1,1,76.7,0,1,1,0,0.0,0.37285686721089,19.0,0,82.07,A
5180,Westminster International University in Tashkent,https://www.wiut.uz,Central Asia,South & Central Asia + Oceania,1,1,9,0,0,0,0,1,1,1,1,1,10,0,1,1,0,1,1,4,1,1,1,1,1,1,0,1,1,1,1,1,1,1,0,1,1,1,1,1,1,1,0,0,1,1,0,12.63,0,1,1,0,1,0,0,90,1,0,1,1,1,1,32.4,0,1,0,0,0.0,2.2178624673263125,0.0,0,82.07,A
1004,Yale University,https://www.yale.edu,United States,North America,1,1,4,1,0,0,0,0,0,0,1,0,0,0,1,1,1,1,0,5,1,1,1,0,0,1,0,1,1,1,1,1,1,1,1,1,1,1,1,0,0,0,0,0,1,1,0,21.0,0,1,1,0,0,0,0,100,1,0,1,1,1,0,30.8,0,1,1,0,0.0,-1.415585629342219,5.0,0,82.07,A
5011,Indian Institute of Technology BHU Varanasi,https://www.iitbhu.ac.in,India,South & Central Asia + Oceania,1,1,11,0,1,0,0,1,0,0,1,1,10,1,1,1,1,1,1,9,1,1,1,1,1,1,1,1,1,1,1,1,1,1,1,0,1,1,1,1,1,0,0,1,1,1,1,15.43,0,1,0,0,0,0,0,75,1,1,1,0,1,1,84.1,0,1,1,0,0.6931471805599453,0.292854433017746,18.0,0,82.05,A
1100,University of Cincinnati,https://www.uc.edu,United States,North America,0,1,4,1,0,0,0,1,1,3,1,1,6,1,1,1,1,1,1,15,1,1,0,1,1,1,0,1,1,1,1,1,1,1,1,1,1,1,1,1,0,0,1,0,1,1,1,12.63,0,1,0,0,0,1,1,75,1,0,1,0,1,1,69.2,0,1,1,0,0.0,-0.15250976909846764,4.0,0,82.02,A
2077,PSL University,https://psl.eu,France,Western & Northern Europe,1,1,6,1,1,0,0,1,1,0,1,1,7,1,1,1,1,1,1,1,1,1,1,0,0,1,0,1,1,1,1,1,1,1,1,0,1,1,1,0,0,0,0,1,1,1,1,21.0,0,1,1,0,0,0,1,75,1,0,1,0,1,0,95.3,0,1,1,0,0.0,-0.21037504911210206,13.0,0,82.02,A
1185,York University,https://www.yorku.ca,Canada,North America,1,1,3,1,0,0,0,1,1,1,0,1,4,0,1,1,0,1,1,0,1,1,0,0,1,1,0,1,1,1,1,1,1,1,1,1,1,1,1,0,0,1,1,0,0,1,1,15.43,0,1,1,0,0,1,1,90,1,0,1,1,1,1,14.6,0,1,1,0,0.0,0.34551128519478785,11.0,0,82.0,A
1009,California Institute of Technology,https://www.caltech.edu,Canada,North America,1,1,8,1,0,0,0,1,0,0,1,0,0,1,1,1,1,1,1,14,1,1,0,1,0,1,0,1,1,1,1,1,1,1,1,1,1,1,1,0,0,0,0,0,1,1,0,12.63,0,1,1,0,0,0,0,100,1,0,1,1,1,1,90.5,0,1,1,0,0.0,-1.4829137668818648,0.0,0,81.98,A
1030,Georgia Institute of Technology,https://www.gatech.edu,United States,North America,1,1,7,1,0,1,0,1,1,1,0,0,0,1,1,1,1,1,1,0,1,1,0,0,1,1,0,1,1,1,1,1,1,1,1,1,1,0,1,1,0,0,1,0,1,1,1,21.0,0,1,1,1,0,0,0,75,1,1,0,1,1,1,85.7,0,1,1,0,0.6931471805599453,-0.2755648881709275,15.0,0,81.93,A
5149,University of Auckland,https://www.auckland.ac.nz,New Zealand,South & Central Asia + Oceania,0,1,2,1,0,0,0,1,1,0,1,0,0,1,0,1,1,1,1,6,0,0,0,1,0,1,0,1,1,1,1,1,1,1,1,1,1,1,1,1,0,1,1,0,1,1,1,8.84,0,0,0,1,0,0,0,100,1,0,1,1,1,1,83.3,0,1,1,0,0.0,-0.15116511103937635,3650.0,1,81.88,A
5146,University of the Sunshine Coast,https://www.usc.edu.au,Australia,South & Central Asia + Oceania,1,1,4,1,0,0,0,1,0,0,0,0,0,0,0,1,1,1,1,12,1,1,0,0,0,1,0,0,1,1,1,1,1,1,1,1,1,0,1,0,0,1,1,1,1,1,1,18.88,0,1,1,0,0,1,0,100,1,0,1,1,0,1,37.5,0,1,1,0,0.0,0.8595700198913869,3650.0,1,81.78,A
6151,University of Dar es Salaam,https://www.udsm.ac.tz,Sub-Saharan Africa,Latin America & Africa,1,1,7,0,0,0,0,0,1,1,1,1,7,1,1,1,0,1,1,12,0,0,1,1,1,1,0,1,1,1,1,1,1,1,1,1,1,0,1,1,1,0,1,0,1,1,1,12.63,0,1,1,0,0,0,0,75,1,0,1,0,1,1,97.0,0,1,0,0,0.0,1.6089274677940777,0.0,0,81.75,A
2305,University of Salzburg,https://www.plus.ac.at,Switzerland/Austria,Western & Northern Europe,1,1,4,1,1,1,0,0,1,1,1,1,5,1,1,1,0,1,1,12,1,1,1,0,0,1,0,1,1,1,1,1,1,1,1,1,1,1,1,1,0,0,0,0,1,1,0,9.07,0,1,1,0,0,1,0,90,1,0,1,1,1,0,84.2,0,1,0,0,0.0,0.24793432401761784,12.0,0,81.74,A
2064,Leipzig University,https://www.uni-leipzig.de,Germany,Western & Northern Europe,1,1,5,1,1,0,0,1,1,1,1,1,10,1,1,1,0,1,1,1,1,1,1,0,1,1,0,1,1,1,1,1,1,1,1,1,1,1,1,1,0,0,0,1,1,1,0,12.64,0,1,1,0,0,1,0,100,1,0,1,1,1,0,100.0,0,1,1,0,0.0,0.7901458363552124,0.0,0,81.72,A
1171,University of Alberta,https://www.ualberta.ca,Canada,North America,0,1,5,1,1,0,0,1,0,0,1,1,8,0,0,1,1,1,1,1,1,1,0,0,1,1,0,1,1,1,1,1,1,1,1,1,1,1,1,1,0,1,0,0,1,1,1,14.45,0,1,0,1,0,0,1,90,1,2,1,1,1,1,50.0,0,1,0,0,1.0986122886681098,0.34281815969320206,3650.0,1,81.71,A
1164,Pepperdine University,https://www.pepperdine.edu,United States,North America,1,1,5,1,0,0,0,1,1,1,0,0,1,1,1,1,1,1,1,1,1,1,0,0,1,0,1,1,1,1,1,1,1,1,1,1,1,0,1,0,0,0,1,0,1,1,1,21.0,0,0,0,0,0,0,1,75,1,0,1,1,1,1,78.6,0,1,1,0,0.0,-0.01039560801478492,1.0,0,81.71,A
1083,University of Utah,https://www.utah.edu,United States,North America,1,1,8,1,0,0,0,1,0,0,1,1,3,1,1,1,1,1,1,1,0,0,1,0,1,1,0,1,1,1,1,1,1,1,1,1,1,0,1,0,0,0,1,0,1,1,1,13.47,0,1,0,1,0,0,1,75,1,0,1,1,1,0,68.8,0,1,1,0,0.0,0.2788046381555084,6.0,0,81.68,A
4146,National University of Singapore,https://www.nus.edu.sg,Singapore,Asia (East & Southeast),1,1,8,1,0,1,0,0,0,0,0,0,0,1,1,1,1,1,1,2,0,0,0,0,0,1,0,1,1,1,1,1,1,1,1,1,1,0,1,0,0,0,1,0,1,1,1,12.63,0,1,1,0,0,0,0,75,1,0,0,1,1,1,51.6,0,1,0,0,0.0,0.10624419988398594,17.0,0,81.67,A
5183,Samarkand State University,https://www.samdu.uz,Central Asia,South & Central Asia + Oceania,1,1,8,1,1,0,1,1,1,2,1,1,10,1,1,1,0,1,1,0,1,1,1,0,0,1,0,1,1,1,1,1,1,1,1,1,1,0,1,0,1,0,1,0,1,1,1,14.22,0,1,0,0,0,1,0,75,1,2,1,1,1,1,94.1,0,1,0,0,1.0986122886681098,0.13985100113897977,3.0,0,81.62,A
3173,Corvinus University of Budapest,https://www.uni-corvinus.hu,Hungary,Eastern & Southern Europe,1,1,8,1,1,0,0,1,1,2,0,1,4,0,1,1,0,1,1,4,1,1,1,1,1,1,0,1,1,1,1,1,1,1,1,0,1,0,1,1,0,0,1,0,1,1,1,21.0,0,1,1,1,0,0,1,90,1,2,1,1,1,0,84.1,0,1,0,0,1.0986122886681098,-0.11633595862333981,0.0,0,81.62,A
5166,Sri Lanka Institute of Information Technology,https://www.sliit.lk,Sri Lanka,South & Central Asia + Oceania,1,1,1,1,0,0,0,1,1,1,1,1,3,0,0,1,0,1,1,0,1,1,0,1,0,1,0,1,1,1,1,1,1,1,1,1,1,1,1,1,1,1,1,1,1,1,1,21.0,0,1,0,0,0,1,1,75,1,0,1,1,1,1,82.2,0,1,1,0,0.0,-1.0198139878718606,3650.0,1,81.61,A
1163,Loyola Marymount University,https://www.lmu.edu,United States,North America,1,1,3,1,0,0,0,1,1,1,0,1,3,1,1,1,1,1,1,2,1,1,1,0,1,1,0,1,1,1,1,1,1,1,1,1,1,1,1,0,0,0,1,0,1,1,1,21.0,0,1,0,0,0,1,0,75,1,0,1,1,1,1,75.0,0,1,1,0,0.0,-0.03815551703113118,0.0,0,81.61,A
5059,University of Lucknow,https://www.lkouniv.ac.in,India,South & Central Asia + Oceania,1,1,13,1,1,1,0,1,1,1,1,0,0,1,1,1,1,1,1,2,0,0,1,1,0,1,0,1,1,1,1,1,1,1,1,1,1,1,1,1,1,0,1,0,1,1,1,12.63,0,1,1,0,0,0,0,75,1,0,1,0,0,1,100.0,0,1,0,0,0.0,0.03133099514189952,453.0,0,81.56,A
2040,University of Kent,https://www.kent.ac.uk,United Kingdom,Western & Northern Europe,1,1,20,1,0,1,0,1,1,1,1,1,10,1,0,1,1,1,1,0,1,1,1,0,1,1,0,1,1,1,1,1,1,1,1,1,1,1,1,1,0,1,1,0,1,1,1,21.0,0,1,0,1,0,1,1,90,1,0,1,1,1,1,98.3,0,1,1,0,0.0,0.2542391090447991,3650.0,1,81.48,A
5083,NED University of Engineering and Technology,https://www.neduet.edu.pk,Pakistan,South & Central Asia + Oceania,1,1,8,1,0,0,0,1,1,0,0,1,4,1,1,1,1,1,1,3,0,0,0,1,1,1,0,1,1,1,1,1,1,1,1,1,1,1,1,1,0,0,0,0,1,1,1,12.63,0,1,1,0,0,1,0,75,1,0,1,0,1,1,37.1,0,1,0,0,0.0,0.6446482662725448,0.0,0,81.43,A
4057,Kyoto University,https://www.kyoto-u.ac.jp,Japan,Asia (East & Southeast),1,1,4,1,1,0,0,0,0,0,1,0,1,1,1,1,0,1,1,5,1,1,1,0,0,1,0,1,1,1,1,1,1,1,0,1,1,1,1,0,0,0,1,1,1,1,1,18.77,0,1,1,0,0,0,1,90,1,0,1,1,1,0,76.7,0,1,0,0,0.0,-1.8211451022081229,0.0,0,81.4,A
1110,Iowa State University,https://www.iastate.edu,United States,North America,1,1,9,1,0,0,0,0,0,0,1,0,1,0,0,1,1,1,1,20,1,1,0,0,1,1,0,1,1,1,1,1,1,1,1,1,0,0,1,0,0,1,1,0,1,1,1,8.86,0,1,1,0,0,0,0,75,1,0,1,1,1,1,81.2,0,1,1,0,0.0,0.3602198937034488,3650.0,1,81.39,A
6106,University of Cape Town,https://www.uct.ac.za,South Africa,Latin America & Africa,1,1,1,1,0,0,1,1,0,0,1,0,0,1,1,1,1,1,1,8,1,1,0,1,1,1,0,1,1,1,1,1,1,1,1,1,1,1,1,0,0,1,0,0,1,1,0,2.73,0,1,1,1,0,0,0,75,1,0,1,1,1,0,100.0,0,1,0,0,0.0,2.9638437161266924,0.0,0,81.21,A
2164,Royal Danish Academy,https://royaldanishacademy.com,Denmark,Western & Northern Europe,1,1,2,0,1,0,0,0,0,0,0,1,6,0,1,1,1,1,1,4,1,1,1,0,0,1,0,1,1,1,1,1,1,1,1,1,1,0,1,1,0,0,1,0,1,1,1,19.48,0,1,1,0,0,0,0,100,1,0,1,1,1,0,95.8,0,1,1,0,0.0,-0.6354630549832123,0.0,0,81.18,A
3210,Lithuanian University of Health Sciences,https://www.lsmuni.lt,Baltics,Eastern & Southern Europe,1,1,5,1,1,0,0,0,1,1,0,0,0,0,1,1,0,1,1,4,1,0,0,0,1,1,0,1,1,1,1,1,1,1,1,1,1,0,1,0,0,0,1,0,1,1,1,21.0,0,1,1,0,0,0,0,75,1,0,1,1,1,1,77.8,0,1,1,0,0.0,0.3196812504097228,0.0,0,81.14,A
1041,University of Rochester,https://www.rochester.edu,United States,North America,1,1,6,1,0,0,0,1,0,0,1,0,0,0,0,1,1,1,1,0,1,1,0,0,1,1,0,1,1,1,1,1,1,1,1,1,1,1,1,0,0,1,1,0,1,1,1,21.0,0,1,1,1,0,0,0,75,1,0,1,1,1,1,86.4,0,1,1,0,0.0,-0.8881473580316417,3650.0,1,81.13,A
6522,Central University of Technology Free State,https://www.cut.ac.za,South Africa,Latin America & Africa,1,1,8,1,0,0,0,0,1,1,1,1,10,1,0,1,1,1,1,12,1,1,0,1,0,1,0,1,1,1,1,1,1,1,1,1,1,1,1,1,1,0,1,0,1,1,1,12.63,0,1,1,0,0,1,0,75,1,0,0,1,1,0,98.3,0,1,0,0,0.0,-0.8564563154001089,3650.0,1,81.11,A
2047,Karlsruhe Institute of Technology,https://www.kit.edu,Germany,Western & Northern Europe,0,1,7,1,1,1,0,1,0,1,1,1,10,0,1,1,1,1,1,3,1,1,1,0,0,1,0,1,0,1,1,1,1,0,0,1,1,1,1,1,0,0,1,1,0,1,1,21.0,0,1,0,0,0,1,0,90,1,0,1,1,1,1,69.2,0,1,1,0,0.0,-0.892504290706759,0.0,0,81.09,A
1051,Michigan State University,https://msu.edu,United States,North America,1,1,3,1,0,0,0,0,0,0,1,0,0,1,1,1,1,1,1,0,0,0,0,1,0,1,0,1,1,1,1,1,1,1,1,1,1,1,1,1,0,0,1,1,1,1,1,15.43,0,1,1,0,0,0,0,75,1,0,0,0,1,1,78.3,0,1,1,0,0.0,-0.406285056747901,13.0,0,81.03,A
5164,Eastern University Sri Lanka,https://www.esn.ac.lk,Sri Lanka,South & Central Asia + Oceania,1,1,8,1,0,0,0,0,0,0,1,0,1,1,1,1,0,1,1,2,1,1,1,0,0,1,0,1,1,1,1,1,1,1,1,1,1,0,1,1,0,0,1,0,1,1,1,8.23,0,1,1,0,0,0,0,75,1,0,1,0,1,1,100.0,0,1,0,0,0.0,-1.1451171179195403,11.0,0,81.03,A
6326,Durban University of Technology,https://www.dut.ac.za,South Africa,Latin America & Africa,1,1,10,1,0,0,0,1,0,0,1,0,0,1,1,1,1,1,1,6,1,1,1,1,1,1,1,1,1,1,1,1,1,1,1,1,1,1,1,0,0,0,1,0,1,1,1,4.48,0,1,1,1,0,0,0,90,1,2,1,1,0,0,23.1,0,1,0,0,1.0986122886681098,1.5379630105270967,7.0,0,81.02,A
5031,SRM Institute of Science and Technology,https://www.srmist.edu.in,India,South & Central Asia + Oceania,1,1,9,1,0,1,0,1,1,1,1,1,10,1,0,1,1,1,1,0,1,1,0,1,0,1,0,1,1,1,1,1,1,1,1,1,1,0,1,1,1,1,0,0,1,1,0,1.0,0,1,1,0,1,1,0,90,1,0,1,1,1,1,45.7,0,1,1,0,0.0,-0.013967145499524422,3650.0,1,80.99,A
6338,Jimma University,https://www.ju.edu.et,Sub-Saharan Africa,Latin America & Africa,1,1,1,1,0,0,0,0,0,0,1,1,4,0,1,1,1,1,1,1,0,1,0,0,1,1,0,1,1,1,1,1,1,0,1,1,1,1,1,0,0,1,1,0,1,1,1,9.74,0,1,1,0,0,0,0,90,1,0,1,0,1,0,30.9,0,1,0,0,0.0,-0.6969966554938692,0.0,0,80.96,A
2099,University of Poitiers,https://www.univ-poitiers.fr,France,Western & Northern Europe,1,1,9,1,1,0,0,0,0,0,1,0,0,0,1,1,1,1,1,0,0,0,0,1,1,1,1,0,1,1,1,1,1,1,1,1,1,1,1,1,0,0,0,1,0,1,0,13.55,0,1,0,0,0,0,0,90,1,0,1,1,1,0,90.9,0,1,1,0,0.0,-0.3776943440642218,0.0,0,80.96,A
5038,NIT Calicut,https://www.nitc.ac.in,India,South & Central Asia + Oceania,1,1,8,1,1,0,0,1,1,1,1,1,10,1,1,1,1,1,1,20,1,1,0,1,0,1,0,1,1,1,1,1,1,1,0,1,1,0,1,1,1,0,0,0,0,1,0,13.85,0,1,0,0,0,0,0,75,1,0,1,1,1,1,86.6,0,1,0,0,0.0,0.026605649535420064,0.0,0,80.93,A
3183,University of Ljubljana,https://www.uni-lj.si,Balkans,Eastern & Southern Europe,1,1,3,1,1,0,0,0,0,0,1,0,0,1,1,1,0,1,1,7,1,1,1,1,0,1,0,1,1,1,1,1,1,1,1,0,1,0,1,0,0,0,1,0,1,1,1,7.01,0,1,1,0,0,0,0,100,1,0,1,0,1,1,95.7,0,1,1,0,0.0,-1.3384022692328525,8.0,0,80.9,A
5404,Indian Institute of Technology Tirupati,https://www.iittp.ac.in,India,South & Central Asia + Oceania,1,1,10,0,0,0,0,0,1,1,1,1,6,1,1,1,1,1,1,20,1,1,1,1,0,1,0,1,1,1,1,1,1,1,1,1,1,1,1,1,1,0,1,0,1,1,1,18.24,0,1,1,0,0,0,0,75,1,0,1,1,1,1,100.0,0,1,0,0,0.0,-0.9065686362683011,101.0,0,80.87,A
1097,Mississippi State University,https://www.msstate.edu,United States,North America,1,1,2,1,0,0,0,0,0,0,1,0,1,1,1,1,1,1,1,5,1,0,1,1,0,1,1,1,1,1,1,1,1,1,1,1,1,0,1,0,0,0,1,0,1,1,1,15.91,0,1,0,0,0,0,1,75,1,0,0,1,1,1,58.8,0,1,0,0,0.0,0.016535647001073486,0.0,0,80.85,A
5014,Indian Institute of Technology Gandhinagar,https://www.iitgn.ac.in,India,South & Central Asia + Oceania,1,1,5,1,1,0,0,0,0,0,1,0,1,1,1,1,1,1,1,0,0,0,0,1,1,1,0,1,1,1,1,1,1,1,1,1,1,0,1,1,0,0,0,0,1,1,1,8.06,0,1,0,1,0,0,0,75,1,1,1,1,1,1,81.5,0,1,0,0,0.6931471805599453,-0.24339082184169988,0.0,0,80.85,A
2300,University of Luxembourg,https://www.uni.lu,Switzerland/Austria,Western & Northern Europe,1,1,4,1,1,0,0,1,0,0,1,0,0,1,1,1,1,1,1,1,1,1,1,1,0,1,0,1,1,1,1,1,1,1,1,1,1,1,1,0,0,0,0,0,1,1,1,5.04,0,1,1,0,0,1,0,100,1,1,0,1,0,0,47.9,0,1,1,0,0.6931471805599453,0.1407529785555352,1.0,0,80.82,A
5402,Indian Institute of Technology Goa,https://www.iitgoa.ac.in,India,South & Central Asia + Oceania,1,1,4,1,0,0,0,0,0,0,1,0,0,1,1,1,1,1,1,0,0,0,1,1,1,1,0,1,1,1,1,1,1,1,1,1,1,0,1,1,1,0,0,0,1,1,1,12.63,0,1,1,0,0,0,1,90,1,1,0,0,1,1,95.2,0,1,0,0,0.6931471805599453,4.000295418680758,22.0,0,80.65,A
1154,Denison University,https://denison.edu,United States,North America,1,1,6,1,0,0,0,0,1,1,1,0,0,1,1,1,1,1,1,6,1,1,1,1,1,1,0,1,1,1,1,1,1,1,1,1,1,1,0,0,0,0,1,0,0,1,1,8.36,0,1,0,1,0,0,0,75,1,0,1,1,1,1,97.7,0,1,0,0,0.0,-0.002937722010393492,1.0,0,80.65,A
1094,Texas Tech University,https://www.ttu.edu,United States,North America,1,1,3,1,0,1,0,1,0,0,1,0,0,0,1,1,1,1,1,2,0,0,0,1,1,1,0,1,1,1,1,1,1,1,1,1,1,1,1,0,0,1,0,0,1,1,0,1.66,0,1,1,0,0,1,0,100,1,2,1,1,1,0,97.8,0,1,1,0,1.0986122886681098,0.40372422872906616,106.0,0,80.62,A
4195,Ateneo de Manila University,https://www.ateneo.edu,Philippines,Asia (East & Southeast),1,1,8,1,0,0,0,0,0,0,1,0,0,0,1,1,0,1,1,20,1,1,1,1,0,1,0,1,1,1,1,1,1,1,1,1,1,0,1,0,0,0,1,0,1,1,1,17.04,0,1,0,0,0,0,0,75,1,0,1,1,1,1,24.8,0,1,0,0,0.0,-1.1760064654328881,0.0,0,80.59,A
6050,Autonomous Technological Institute of Mexico,https://www.itam.mx,Mexico,Latin America & Africa,1,1,5,1,0,1,1,1,1,1,1,0,0,1,1,1,1,1,1,1,0,0,0,0,0,1,0,1,1,1,1,1,1,1,1,0,1,1,1,0,1,0,1,0,1,1,1,3.72,0,1,1,1,0,0,0,75,1,0,1,0,1,1,88.9,0,1,0,0,0.0,0.16958314974857225,36.0,0,80.56,A
5400,Indian Institute of Technology Dharwad,https://www.iitdh.ac.in,India,South & Central Asia + Oceania,1,1,12,1,1,0,0,1,1,1,1,1,10,1,1,1,1,1,1,20,1,1,1,1,1,1,0,1,1,1,1,1,1,1,1,1,1,0,1,1,0,0,0,0,0,1,0,18.88,0,1,0,0,0,1,0,75,1,0,1,0,1,1,5.4,0,1,0,0,0.0,0.13805862866755636,0.0,0,80.52,A
3303,Polytechnic University of Bari,https://www.poliba.it,Italy,Eastern & Southern Europe,1,1,3,1,1,0,0,0,1,0,1,1,10,0,1,1,0,1,1,6,1,1,1,1,0,1,0,1,1,1,1,1,1,1,1,1,1,0,1,0,0,0,1,0,1,1,1,13.97,0,1,1,1,1,0,0,75,1,0,1,0,1,0,38.9,0,1,1,0,0.0,0.4339700669105831,8.0,0,80.51,A
1015,Northwestern University,https://www.northwestern.edu,United States,North America,1,1,6,1,0,0,0,1,0,0,1,0,0,1,1,1,1,1,1,0,1,1,0,1,1,1,0,1,1,1,1,1,1,1,1,1,1,1,1,1,0,0,1,0,1,1,1,13.19,0,1,1,1,0,1,0,75,1,0,1,1,1,1,97.2,0,1,1,0,0.0,-0.30560359568861545,23.0,0,80.51,A
5082,Mehran University of Engineering and Technology,https://www.muet.edu.pk,Pakistan,South & Central Asia + Oceania,1,1,5,0,0,0,0,0,1,1,1,1,6,1,1,1,1,1,1,20,1,0,1,0,1,1,0,1,1,1,1,1,1,1,1,1,1,0,1,1,0,0,1,0,1,1,1,21.0,0,1,1,0,0,1,0,75,1,0,1,0,1,1,87.5,0,1,0,0,0.0,0.14653166216883012,2.0,0,80.38,A
2111,Maastricht University,https://www.maastrichtuniversity.nl,Netherlands,Western & Northern Europe,1,1,4,0,1,0,0,1,1,1,1,1,4,0,1,1,1,1,1,1,1,1,1,1,0,1,0,1,1,1,1,1,1,1,1,1,1,1,1,1,0,0,1,0,0,1,1,17.02,0,1,0,0,0,0,0,100,1,0,1,0,1,0,100.0,0,1,1,0,0.0,1.709674483396428,7.0,0,80.35,A
2148,University of South-Eastern Norway,https://www.usn.no,Norway,Western & Northern Europe,0,1,0,1,1,0,0,0,1,1,0,1,6,1,1,1,1,1,0,1,1,1,1,0,0,1,0,1,1,1,1,1,1,1,1,1,1,1,1,1,0,0,1,0,0,1,1,15.33,0,1,0,0,0,1,1,90,1,0,1,1,1,1,87.5,0,1,1,0,0.0,0.8306419555682616,4.0,0,80.33,A
1302,Memorial University of Newfoundland,https://www.mun.ca,Canada,North America,1,1,4,1,0,0,0,0,1,1,1,0,0,0,1,1,1,1,1,0,1,1,0,1,1,1,0,1,1,1,1,1,1,1,1,1,1,1,1,1,0,0,0,0,1,1,1,12.63,0,1,1,0,0,0,0,100,1,0,1,0,1,1,52.0,0,1,1,0,0.0,-0.27473623417043963,4.0,0,80.31,A
3110,University of Algarve,https://www.ualg.pt,Portugal,Eastern & Southern Europe,1,1,3,0,1,0,1,1,1,1,1,0,0,0,1,1,1,1,1,20,1,0,1,1,1,1,0,1,1,1,1,1,1,1,1,1,1,1,1,1,0,0,1,0,1,1,1,21.0,0,1,0,0,0,0,0,75,1,0,1,0,1,0,92.1,0,1,0,0,0.0,-0.00670468009900357,21.0,0,80.2,A
5325,Patuakhali Science and Technology University,https://www.pstu.ac.bd,Bangladesh,South & Central Asia + Oceania,1,1,11,1,0,0,0,0,0,0,0,1,10,1,1,1,1,1,1,6,0,0,0,0,0,1,0,1,1,1,1,1,1,1,1,0,1,0,1,1,0,0,1,0,1,1,1,21.0,0,1,1,0,0,0,0,75,1,0,1,1,1,1,45.5,0,1,0,0,0.0,-1.098189547758641,8.0,0,80.17,A
2085,University of Montpellier,https://www.umontpellier.fr,France,Western & Northern Europe,1,1,8,1,1,0,0,1,0,0,1,1,10,1,1,1,1,1,1,0,1,0,1,0,0,1,0,1,1,1,1,1,1,1,1,0,1,1,1,0,0,0,1,1,0,1,1,21.0,0,1,1,0,0,0,0,90,1,0,1,0,1,0,2.1,0,1,1,0,0.0,-0.9288780504789588,0.0,0,80.17,A
1067,University of Massachusetts Amherst,https://www.umass.edu,United States,North America,1,1,3,1,0,0,0,1,0,0,1,1,5,1,1,1,1,1,1,20,1,1,0,0,1,1,0,1,1,1,1,1,1,1,1,1,1,1,1,0,0,0,0,0,1,1,1,18.26,0,1,1,0,0,0,0,90,1,1,1,0,1,1,100.0,0,1,1,0,0.6931471805599453,0.2864696876600217,0.0,0,80.14,A
6111,University of Johannesburg,https://www.uj.ac.za,South Africa,Latin America & Africa,1,1,8,1,0,0,0,0,0,0,1,0,0,0,1,1,1,1,1,0,0,0,0,1,0,1,0,1,1,1,1,1,1,1,1,1,1,1,1,1,0,0,1,0,1,1,1,15.43,0,1,1,1,0,0,0,90,1,1,1,1,1,1,39.1,0,1,0,0,0.6931471805599453,-0.07318261216673219,4.0,0,80.12,A
3084,Nicolaus Copernicus University,https://www.umk.pl,Poland,Eastern & Southern Europe,1,1,11,0,0,0,0,1,1,1,1,1,6,0,1,1,1,1,1,6,1,1,1,1,0,1,0,1,1,1,1,1,1,1,1,0,1,1,1,0,0,0,1,1,1,1,1,16.67,0,1,1,0,0,0,1,90,1,0,1,1,1,0,97.9,0,1,0,0,0.0,0.18443351301450422,15.0,0,80.1,A
6150,Cheikh Anta Diop University,https://www.ucad.sn,Sub-Saharan Africa,Latin America & Africa,1,1,8,1,0,0,0,0,1,1,0,1,5,1,1,1,0,1,0,0,0,0,1,0,1,1,1,1,1,1,1,1,1,1,1,1,0,0,1,0,1,0,1,0,1,1,1,5.89,0,1,1,0,0,0,0,75,1,1,1,0,1,1,40.5,0,1,0,1,0.6931471805599453,-0.3660161828652622,0.0,0,80.08,A
1191,Universidad de las Americas Puebla,https://www.udlap.mx,United States,North America,1,1,7,1,0,0,0,1,1,1,1,0,0,1,0,1,1,1,0,3,1,1,0,0,1,1,0,1,1,1,1,1,1,1,1,0,1,0,1,1,1,1,1,0,1,0,1,1.11,0,1,1,0,0,0,0,75,1,2,1,0,0,1,16.0,0,1,0,0,1.0986122886681098,0.03165858250997858,3650.0,1,80.07,A
3153,University of Craiova,https://www.ucv.ro,Romania,Eastern & Southern Europe,1,1,8,1,0,0,0,0,0,0,0,0,1,1,1,1,0,1,1,0,0,0,1,1,0,1,0,1,1,1,1,1,1,1,1,0,1,0,1,0,1,0,1,1,1,1,1,15.43,0,1,0,0,0,0,0,75,1,1,1,1,1,1,77.8,0,1,0,0,0.6931471805599453,-1.329624601507865,26.0,0,80.01,A
1146,Smith College,https://www.smith.edu,United States,North America,0,1,5,1,0,0,0,0,0,0,1,0,0,0,1,1,1,1,1,0,0,0,0,0,1,1,0,1,1,1,1,1,1,1,1,1,1,0,1,0,0,0,1,0,1,1,1,15.85,0,1,0,0,0,0,0,100,1,0,1,1,1,1,16.7,0,1,1,0,0.0,-0.03173344852734948,1.0,0,79.98,A
3144,Babes-Bolyai University,https://www.ubbcluj.ro,Romania,Eastern & Southern Europe,1,1,9,1,1,0,0,0,0,0,0,1,2,0,1,1,0,1,1,8,1,1,1,0,0,1,0,1,1,1,1,1,1,1,1,1,1,0,1,0,0,0,1,1,1,1,1,1.41,0,1,1,0,0,1,0,75,1,0,1,1,1,0,87.5,0,1,1,0,0.0,0.09020793702790156,62.0,0,79.92,A
4164,Universiti Tunku Abdul Rahman,https://www.utar.edu.my,Malaysia,Asia (East & Southeast),1,1,11,1,0,1,0,0,0,0,1,0,1,1,0,1,1,1,0,0,0,0,0,0,0,1,0,1,1,1,1,1,1,1,1,1,1,0,1,1,0,1,0,0,1,1,0,21.0,0,1,0,1,0,0,0,75,1,0,1,0,1,0,40.9,0,1,0,0,0.0,-0.5465197147131645,3650.0,1,79.91,A
1133,Bard College,https://www.bard.edu,United States,North America,1,1,9,1,0,0,0,0,1,0,0,1,5,1,1,1,1,1,1,7,1,1,0,1,1,1,0,1,1,1,1,0,1,1,1,1,1,0,1,0,0,0,1,0,1,1,1,15.91,0,0,1,0,0,0,0,75,1,0,1,1,1,1,85.7,0,1,0,0,0.0,0.052167769022054916,0.0,0,79.9,A
3206,University of Latvia,https://www.lu.lv,Baltics,Eastern & Southern Europe,1,1,5,0,1,0,1,1,0,0,1,1,10,0,1,1,1,1,1,7,0,0,1,0,0,1,0,1,1,1,1,1,1,1,1,1,1,1,1,0,0,0,0,0,1,1,1,17.22,0,1,1,0,1,1,0,50,1,0,1,0,0,1,96.7,0,1,0,0,0.0,1.0356881462622916,7.0,0,79.86,A
1166,San Jose State University,https://www.sjsu.edu,United States,North America,1,1,5,1,0,0,0,1,1,1,0,1,2,1,1,1,1,1,1,0,1,1,0,0,0,1,0,1,1,1,1,1,1,1,1,1,1,1,1,0,0,0,1,0,0,1,1,19.8,0,1,1,0,0,0,0,75,1,0,1,0,0,1,87.5,0,1,1,0,0.0,1.1712649966810258,0.0,0,79.86,A
5129,La Trobe University,https://www.latrobe.edu.au,Australia,South & Central Asia + Oceania,1,1,7,1,0,0,0,1,1,1,1,0,0,0,1,1,1,1,1,0,0,0,0,0,0,1,0,1,1,1,1,1,1,1,1,1,1,1,1,0,0,1,1,1,1,1,1,15.52,0,1,1,0,0,1,1,75,1,8,1,1,1,0,22.2,0,1,1,0,2.1972245773362196,0.01682907241856591,368.0,0,79.79,A
6345,University of Jos,https://www.unijos.edu.ng,Sub-Saharan Africa,Latin America & Africa,1,1,7,1,0,0,0,0,0,0,1,1,10,0,1,1,1,1,1,20,1,1,0,1,1,1,0,1,1,1,1,1,1,1,1,1,1,1,1,0,0,0,1,0,1,1,1,4.94,0,1,1,0,0,0,0,75,1,1,1,0,1,1,40.0,0,1,0,0,0.6931471805599453,0.13339969130019078,0.0,0,79.73,A
3077,Jagiellonian University,https://www.uj.edu.pl,Poland,Eastern & Southern Europe,1,1,0,0,1,0,0,1,1,1,1,1,10,0,1,1,1,1,1,17,1,1,1,1,0,1,0,1,1,1,1,1,1,1,1,1,0,1,0,0,0,1,1,0,1,1,1,8.47,0,1,1,0,0,1,0,75,1,0,1,0,1,0,72.7,0,1,1,0,0.0,0.7583855005830878,0.0,0,79.73,A
1112,Drexel University,https://drexel.edu,United States,North America,0,1,4,1,0,0,0,1,1,1,1,1,10,0,1,1,0,1,1,8,1,1,0,1,1,1,1,1,1,1,1,1,1,1,1,1,1,0,1,0,0,0,1,0,1,1,1,12.63,0,1,0,0,0,0,1,100,1,0,1,1,1,1,66.7,0,1,0,0,0.0,1.0732766611233264,0.0,0,79.6,A
5420,Dibrugarh University,https://www.dibru.ac.in,India,South & Central Asia + Oceania,1,1,9,0,0,0,0,0,0,0,1,1,10,1,1,1,1,1,1,0,0,0,0,0,0,1,0,1,1,1,1,1,1,1,1,1,1,1,1,1,0,1,1,1,1,1,1,21.0,0,1,0,0,0,0,0,75,1,0,1,1,1,1,100.0,0,1,1,0,0.0,-0.1394332184991516,742.0,0,79.58,A
5013,Indian Institute of Technology Ropar,https://www.iitrpr.ac.in,India,South & Central Asia + Oceania,1,1,6,0,0,0,0,1,0,0,1,1,10,1,1,1,1,1,1,20,1,1,1,1,1,1,0,1,1,1,1,1,1,1,1,1,1,1,1,1,0,0,0,0,1,1,1,21.0,0,1,1,0,0,1,0,75,1,1,1,0,1,1,97.4,0,1,1,0,0.6931471805599453,-0.14432150705757854,5.0,0,79.56,A
3208,Riga Stradins University,https://www.rsu.lv,Baltics,Eastern & Southern Europe,1,1,9,1,1,0,0,1,1,1,1,1,10,0,1,1,1,1,1,15,1,1,1,0,0,1,0,1,1,1,1,1,1,0,1,1,1,0,1,0,0,0,0,1,1,1,0,21.0,0,1,0,1,0,0,0,75,1,0,1,1,1,1,20.0,0,1,1,0,0.0,-0.7889919240790302,0.0,0,79.54,A
1095,Louisiana State University,https://www.lsu.edu,United States,North America,1,1,5,1,0,0,0,1,1,1,1,0,0,1,1,1,1,1,1,20,1,1,1,1,1,1,0,1,1,1,1,1,1,1,1,1,0,1,0,0,0,0,1,0,1,1,1,16.3,0,1,1,1,0,0,0,90,1,0,0,1,1,1,100.0,0,1,1,0,0.0,0.6896098588974073,0.0,0,79.52,A
5081,University of Sindh,https://www.usindh.edu.pk,Pakistan,South & Central Asia + Oceania,1,1,2,1,0,0,0,0,0,0,0,0,0,1,1,1,1,1,1,0,1,1,1,0,0,1,0,1,1,1,1,1,1,1,1,1,1,0,1,1,1,0,1,0,1,1,1,15.43,0,1,1,0,0,0,0,75,1,3,1,0,1,1,61.1,0,1,0,0,1.3862943611198906,0.1188313603377436,4.0,0,79.44,A
4172,Sepuluh Nopember Institute of Technology,https://www.its.ac.id,Indonesia,Asia (East & Southeast),1,1,6,0,1,0,0,1,1,0,1,1,6,0,1,1,1,1,1,9,0,0,1,1,0,1,0,1,1,1,1,1,1,1,1,0,1,0,1,1,0,1,1,0,1,0,1,5.89,0,1,1,1,0,0,0,90,1,0,1,1,1,1,13.3,0,1,1,0,0.0,0.1706577309585894,3650.0,1,79.4,A
4070,Chiba University,https://www.chiba-u.ac.jp,Japan,Asia (East & Southeast),1,1,7,1,1,0,0,0,1,1,1,0,0,0,1,1,1,1,1,0,0,0,0,0,0,1,0,1,1,1,1,1,1,0,1,1,1,1,1,0,1,0,1,0,1,1,1,15.64,0,1,1,0,0,0,0,75,1,0,0,1,1,1,65.6,0,1,0,0,0.0,0.36690830226999827,0.0,0,79.39,A
2311,Munster Technological University,https://www.mtu.ie,Belgium/Ireland/Iceland,Western & Northern Europe,0,1,4,1,0,0,0,0,0,0,1,0,0,0,1,1,0,1,1,3,1,1,0,0,0,1,0,1,1,0,1,1,1,1,1,1,1,1,1,1,0,1,1,0,1,1,1,15.43,0,1,1,0,0,1,0,75,1,0,1,0,1,1,97.0,0,1,1,0,0.0,-0.5915720515247577,0.0,0,79.38,A
1199,Seattle University,https://www.seattleu.edu,United States,North America,0,1,8,1,0,0,0,0,0,0,0,1,2,0,1,1,1,1,1,7,1,1,1,1,0,1,0,1,1,1,1,1,1,1,1,1,1,1,1,0,0,0,1,0,1,1,1,21.0,0,1,0,0,0,0,1,90,1,0,1,1,1,1,95.8,0,1,1,0,0.0,-0.8935336090348133,3650.0,1,79.35,A
2018,University of St Andrews,https://www.st-andrews.ac.uk,United Kingdom,Western & Northern Europe,1,1,1,1,0,0,0,1,0,0,1,0,0,0,1,1,0,1,1,0,0,1,0,1,0,1,0,0,1,1,1,1,1,1,1,1,1,1,1,0,0,1,1,0,1,1,1,16.24,0,1,0,1,0,0,1,100,1,0,1,0,1,1,91.7,0,1,1,0,0.0,0.44677754410564446,39.0,0,79.33,A
4184,Thammasat University,https://www.tu.ac.th,Thailand,Asia (East & Southeast),1,1,9,1,1,0,0,1,1,0,1,0,0,1,1,1,1,1,1,1,1,1,0,1,1,1,0,1,1,1,1,1,1,0,1,1,1,1,1,0,0,0,1,1,1,1,1,12.18,0,1,1,0,0,0,0,90,1,0,1,0,1,0,61.9,0,1,1,0,0.0,-1.1810230955788852,68.0,0,79.32,A
5310,Chandigarh University,https://www.cuchd.in,India,South & Central Asia + Oceania,1,1,8,1,0,0,1,1,1,2,1,1,10,0,0,1,1,1,1,0,1,1,0,1,0,1,0,1,1,1,1,1,1,1,1,0,1,1,1,0,0,1,1,0,1,1,1,15.43,0,1,1,0,0,1,0,100,1,0,1,1,1,1,86.8,0,1,0,0,0.0,0.02253207573673081,3650.0,1,79.31,A
3134,Brno University of Technology,https://www.vutbr.cz,Czechia,Eastern & Southern Europe,1,1,2,1,0,1,0,0,0,0,1,1,2,1,1,1,1,1,0,1,1,1,1,1,0,1,0,1,1,1,1,1,1,1,1,0,1,1,1,1,0,0,1,0,1,1,1,17.39,0,1,0,0,0,1,0,75,1,1,1,1,1,1,38.5,0,1,1,0,0.6931471805599453,-1.2371903862814637,0.0,0,79.28,A
6344,Nnamdi Azikiwe University,https://www.unizik.edu.ng,Sub-Saharan Africa,Latin America & Africa,1,1,7,0,0,0,0,0,1,1,1,1,10,0,1,1,0,1,1,8,1,1,1,1,0,1,0,1,1,1,1,1,1,1,1,0,1,0,1,1,1,0,0,0,1,0,0,16.79,0,1,0,0,0,0,0,90,1,0,1,1,1,1,100.0,0,1,0,0,0.0,-1.5404358768449038,9.0,0,79.27,A
6349,University of Education Winneba,https://www.uew.edu.gh,Sub-Saharan Africa,Latin America & Africa,1,1,7,1,0,0,0,0,1,1,1,1,4,1,1,1,1,1,1,9,1,1,1,1,1,1,1,1,1,1,1,1,1,0,1,1,1,0,1,1,0,0,0,0,1,1,0,21.0,0,1,1,0,0,0,0,100,1,0,0,0,1,1,83.3,0,1,0,0,0.0,-0.7118627275695609,13.0,0,79.21,A
1017,Brown University,https://www.brown.edu,United States,North America,0,1,4,1,0,0,0,0,0,0,0,0,1,0,1,1,0,1,1,1,1,1,1,1,1,1,0,1,1,1,1,1,1,1,1,1,1,1,1,0,0,0,1,0,1,1,1,21.0,0,0,0,0,0,0,0,75,1,0,1,1,1,1,64.8,0,1,1,0,0.0,-0.32093369469764277,5.0,0,79.2,A
2090,Universite Cote d'Azur,https://univ-cotedazur.fr,France,Western & Northern Europe,1,1,8,1,1,0,0,1,1,0,0,1,2,1,0,1,1,1,1,0,1,1,0,1,0,1,0,1,1,1,1,1,1,1,1,1,1,1,1,1,1,0,0,1,1,1,1,16.1,0,0,1,0,0,0,0,75,1,0,0,1,1,0,86.0,0,1,0,0,0.0,1.1335141286047798,3650.0,1,79.1,A
2110,University of Twente,https://www.utwente.nl,Netherlands,Western & Northern Europe,1,1,5,1,1,0,0,1,0,0,1,0,0,1,0,1,1,1,1,17,1,1,1,1,1,1,0,1,1,1,1,1,1,1,1,1,1,1,1,1,0,0,1,0,1,1,1,15.83,0,1,0,0,0,0,0,100,1,0,1,1,1,0,40.0,0,1,0,0,0.0,0.054183430297699404,3650.0,1,79.04,A
5064,Sri Venkateswara University,https://www.svuniversity.edu.in,India,South & Central Asia + Oceania,1,1,9,1,0,0,0,1,1,1,1,0,0,0,1,1,1,1,1,12,1,0,1,0,0,1,0,1,1,1,1,1,1,0,1,1,1,1,1,0,1,0,0,0,1,0,0,12.63,0,1,0,0,0,1,1,90,1,1,1,0,1,0,44.4,0,1,1,0,0.6931471805599453,0.9328943482677924,17.0,0,79.01,A
2022,Cardiff University,https://www.cardiff.ac.uk,United Kingdom,Western & Northern Europe,1,1,6,1,1,0,0,1,1,1,1,1,3,1,1,1,0,0,1,0,0,1,0,1,0,1,0,1,1,1,1,1,1,1,1,1,1,1,1,1,1,0,1,0,1,1,1,18.73,0,1,0,1,0,0,0,90,1,0,1,1,1,1,60.0,0,1,1,0,0.0,-1.0205399251049028,0.0,0,78.95,A
1194,Howard University,https://howard.edu,United States,North America,0,1,3,1,0,0,0,1,1,1,1,0,0,1,1,1,1,1,1,18,1,1,0,1,1,1,0,1,1,1,1,1,1,1,1,1,1,1,1,0,0,0,1,0,1,1,1,1.0,0,1,0,0,0,0,0,75,1,0,1,1,1,1,95.7,0,1,1,0,0.0,0.24400117013501443,0.0,0,78.87,A
3010,Polytechnic University of Turin,https://www.polito.it,Italy,Eastern & Southern Europe,1,1,1,1,1,0,1,1,0,0,1,0,1,1,1,1,0,1,1,1,1,1,0,1,0,1,0,1,1,1,1,1,1,1,1,1,1,0,1,1,0,0,1,0,0,1,1,14.95,0,1,1,0,0,0,0,90,1,0,1,1,1,0,100.0,0,1,0,0,0.0,-0.1682854206691856,0.0,0,78.87,A
6147,University of Ghana,https://www.ug.edu.gh,Sub-Saharan Africa,Latin America & Africa,1,1,4,1,0,0,0,0,0,0,1,0,0,1,1,1,1,1,1,5,1,1,1,0,1,1,0,1,1,1,1,1,1,0,1,1,1,0,1,0,0,0,1,0,1,1,1,15.43,0,1,0,0,0,0,0,90,1,0,0,0,1,1,66.7,0,1,0,0,0.0,-0.10698188924448394,5.0,0,78.86,A
5169,Pokhara University,https://www.pu.edu.np,Nepal,South & Central Asia + Oceania,1,1,5,1,0,0,0,0,0,0,1,1,10,1,1,1,0,1,1,8,0,0,0,0,0,1,0,1,1,1,1,1,1,1,1,0,1,1,1,1,0,0,1,0,1,1,1,12.63,0,1,1,0,0,1,0,75,1,0,1,0,1,1,91.7,0,1,0,0,0.0,-0.4001419416152601,3.0,0,78.77,A
2025,University of Liverpool,https://www.liverpool.ac.uk,United Kingdom,Western & Northern Europe,1,1,4,1,0,0,1,1,0,0,1,0,0,0,1,1,1,1,1,0,1,1,0,1,0,1,0,1,1,1,1,1,1,1,1,1,1,1,1,0,0,0,0,0,1,1,0,14.6,0,1,0,1,0,0,1,100,1,0,1,1,1,1,83.3,0,1,1,0,0.0,-0.7314897807818205,0.0,0,78.55,A
5067,National University of Sciences and Technology,https://www.nust.edu.pk,Pakistan,South & Central Asia + Oceania,1,1,8,1,1,0,0,1,1,1,1,1,10,1,1,1,0,1,1,20,1,1,1,1,1,1,0,1,1,1,1,1,1,1,1,1,1,1,1,0,0,0,1,0,1,1,1,15.43,0,1,1,0,0,1,0,75,1,0,1,1,1,1,84.2,0,1,0,0,0.0,0.03165688104579476,150.0,0,78.52,A
4181,Mahidol University,https://www.mahidol.ac.th,Thailand,Asia (East & Southeast),1,1,10,1,1,0,0,0,0,0,1,0,0,1,1,1,0,1,1,4,1,1,0,0,0,1,0,1,1,1,1,1,1,1,1,0,1,1,1,1,0,0,1,0,1,1,1,6.1,0,1,1,0,0,0,0,90,1,0,1,1,1,1,21.6,0,1,0,0,0.0,-0.9087204112541594,19.0,0,78.46,A
5050,Pondicherry University,https://www.pondiuni.edu.in,India,South & Central Asia + Oceania,1,1,7,0,0,0,0,0,1,1,1,1,10,0,1,1,1,1,1,20,1,1,1,1,1,1,0,1,1,1,1,1,1,1,1,1,1,0,1,0,0,0,0,0,1,1,1,21.0,0,1,0,0,0,0,0,90,1,0,0,0,1,1,17.5,0,1,0,0,0.0,0.8370838925226226,0.0,0,78.46,A
3090,University of Gdansk,https://www.ug.edu.pl,Poland,Eastern & Southern Europe,1,1,8,0,0,0,0,0,0,0,1,1,8,0,1,1,1,0,0,7,1,1,1,1,0,1,0,1,1,1,1,1,1,1,1,1,1,1,1,0,1,0,1,0,0,1,1,18.42,0,1,1,1,0,0,0,75,1,0,1,0,1,0,97.4,0,1,1,0,0.0,0.8370262379559369,1.0,0,78.42,A
4216,Royal University of Phnom Penh,https://www.rupp.edu.kh,Other SE/E Asia,Asia (East & Southeast),1,1,9,1,0,0,0,0,0,0,1,0,0,1,1,1,0,1,1,0,1,1,0,1,0,1,0,1,1,1,1,1,1,1,1,1,1,1,1,0,0,0,1,0,1,1,1,19.08,0,1,1,0,0,0,0,75,1,0,1,1,1,1,97.1,0,1,0,0,0.0,-0.3075274545578596,0.0,0,78.4,A
5405,Indian Institute of Technology Palakkad,https://www.iitpkd.ac.in,India,South & Central Asia + Oceania,1,1,10,0,1,0,0,0,0,0,1,1,7,0,1,1,1,1,1,7,1,1,0,0,0,1,0,1,1,1,1,1,1,1,1,0,1,0,1,1,1,0,0,0,1,1,0,7.39,0,1,0,0,0,0,0,75,1,0,0,0,0,1,7.1,0,1,0,0,0.0,-0.7447662849843661,0.0,0,78.39,A
3188,University of Nova Gorica,https://www.ung.si,Balkans,Eastern & Southern Europe,1,1,11,0,0,1,0,0,0,0,0,0,0,0,0,1,0,1,1,2,0,0,0,0,0,1,0,1,1,1,1,1,1,1,1,1,1,0,1,1,0,1,1,0,0,1,1,16.3,0,1,1,0,0,0,0,90,1,0,1,1,1,0,16.1,0,1,1,0,0.0,-1.2893189844033295,3650.0,1,78.35,A
2007,King's College London,https://www.kcl.ac.uk,United Kingdom,Western & Northern Europe,1,1,6,1,0,0,0,0,0,0,0,1,4,0,1,1,1,0,1,4,1,1,0,0,0,1,1,1,1,1,1,1,1,1,1,1,1,0,1,0,0,0,1,0,0,1,1,6.13,0,1,0,0,0,0,1,75,1,0,1,1,0,1,100.0,0,1,1,0,0.0,-1.2096834759203428,0.0,0,78.35,A
5119,University of Technology Sydney,https://www.uts.edu.au,Australia,South & Central Asia + Oceania,1,1,3,1,0,0,1,1,0,0,1,0,0,1,0,1,0,1,1,0,1,1,0,0,1,1,0,1,1,1,1,1,1,1,1,1,1,1,1,1,0,1,1,0,1,1,1,21.0,0,1,1,0,0,0,0,100,1,0,1,1,1,1,72.4,0,1,1,0,0.0,-0.04525219227345748,3650.0,1,78.34,A
5416,Central University of Karnataka,https://www.cuk.ac.in,India,South & Central Asia + Oceania,1,1,13,0,1,0,0,0,0,0,0,0,0,1,1,1,0,1,0,20,1,1,1,0,0,1,1,1,1,1,1,1,1,1,1,0,1,0,1,1,1,0,1,0,1,0,1,15.43,0,1,1,0,0,1,0,75,1,0,1,0,1,0,36.6,0,1,0,0,0.0,-0.3453931097608773,0.0,0,78.31,A
2082,Grenoble Alpes University,https://www.univ-grenoble-alpes.fr,France,Western & Northern Europe,1,1,1,1,0,0,0,1,1,1,1,1,6,1,1,1,1,1,1,0,1,1,0,1,0,1,0,1,1,1,1,1,1,1,1,1,1,1,1,1,0,0,0,1,1,0,0,21.0,0,0,1,1,0,0,1,75,1,0,1,1,1,0,73.1,0,1,1,1,0.0,-0.734642173295411,0.0,0,78.28,A
2303,University of Fribourg,https://www.unifr.ch,Switzerland/Austria,Western & Northern Europe,1,1,1,0,1,1,0,1,1,0,0,1,5,1,1,1,0,1,1,5,0,0,1,0,0,1,0,1,1,1,1,1,1,1,1,1,1,0,1,1,0,0,0,0,1,1,1,11.65,0,1,1,0,0,0,0,75,1,0,1,0,1,1,25.0,0,1,0,0,0.0,-0.3815742117732565,0.0,0,78.27,A
2005,University of Edinburgh,https://www.ed.ac.uk,United Kingdom,Western & Northern Europe,1,1,10,1,0,0,0,1,1,1,1,0,0,0,1,1,0,1,1,1,1,1,1,0,0,1,0,1,1,1,1,1,1,0,1,1,1,0,1,1,0,0,1,0,1,0,1,9.28,0,1,1,0,0,0,0,100,1,0,1,1,1,1,100.0,0,1,1,0,0.0,-1.7145512615584784,1.0,0,78.26,A
3059,University of Alicante,https://www.ua.es,Spain,Eastern & Southern Europe,1,1,1,1,1,0,0,0,0,0,1,1,2,1,1,1,0,1,1,4,1,1,1,0,0,0,0,1,1,1,1,1,1,1,1,0,1,0,1,1,0,0,1,1,1,1,1,15.43,0,0,1,1,0,1,0,75,1,0,1,1,1,0,78.6,0,1,1,0,0.0,1.517564190756514,11.0,0,78.24,A
5138,Victoria University,https://www.vu.edu.au,Australia,South & Central Asia + Oceania,1,1,11,1,0,0,0,1,1,1,1,1,2,1,1,1,0,1,1,0,1,0,0,0,1,1,0,0,1,0,1,1,1,1,1,1,1,1,1,1,0,1,1,1,1,1,1,15.13,0,1,0,1,0,0,0,90,1,0,1,1,1,1,82.8,0,1,1,0,0.0,-0.10700757106158562,8.0,0,78.23,A
6307,Federal University of Grande Dourados,https://www.ufgd.edu.br,Brazil,Latin America & Africa,1,1,7,1,1,0,0,0,0,0,1,1,10,1,1,1,1,1,1,2,1,0,1,1,0,1,1,1,1,1,1,1,1,0,1,0,0,1,1,1,0,0,1,1,0,1,1,12.63,0,1,1,0,0,0,0,75,1,3,1,0,1,1,93.1,0,1,1,0,1.3862943611198906,-0.5020547669541389,0.0,0,78.19,A
4143,Hong Kong Baptist University,https://www.hkbu.edu.hk,Hong Kong,Asia (East & Southeast),1,1,8,0,0,0,0,0,1,1,1,0,0,1,1,1,1,1,1,0,0,0,0,0,0,1,0,1,1,1,1,1,1,1,1,0,1,1,1,0,0,0,1,1,1,1,1,9.28,0,1,0,0,0,0,0,100,1,0,1,1,1,1,81.0,0,1,1,0,0.0,-0.39401415827485087,0.0,0,78.18,A
3205,Vytautas Magnus University,https://www.vdu.lt,Baltics,Eastern & Southern Europe,1,1,5,1,1,0,0,0,0,0,1,0,0,1,1,1,0,1,0,0,1,1,0,1,0,1,1,1,1,1,1,1,1,1,1,1,1,0,1,1,0,0,1,0,0,1,1,11.73,0,1,1,1,0,0,1,90,1,2,1,1,1,0,2.6,0,1,0,0,1.0986122886681098,-0.11830645545956173,0.0,0,78.16,A
5174,Al-Farabi Kazakh National University,https://www.kaznu.kz,Central Asia,South & Central Asia + Oceania,1,1,6,1,1,0,0,0,1,1,0,0,1,1,1,1,0,1,1,0,1,1,0,1,0,1,0,1,1,1,1,1,1,1,1,1,1,0,1,0,0,0,1,0,0,0,1,15.43,0,1,1,0,0,0,0,75,1,0,0,1,1,0,58.6,0,1,0,0,0.0,2.5000796600995003,1.0,0,78.15,A
1018,Dartmouth College,https://www.dartmouth.edu,United States,North America,1,1,6,1,0,1,0,0,0,0,1,1,4,0,0,1,1,1,1,12,1,1,0,1,1,1,0,1,1,1,1,1,1,1,1,1,1,1,1,0,0,0,0,0,1,1,1,17.22,0,1,1,1,0,0,1,100,1,0,1,1,1,1,100.0,0,1,1,0,0.0,0.057554020025226894,3650.0,1,78.15,A
1157,Claremont McKenna College,https://www.cmc.edu,United States,North America,1,1,9,1,0,0,0,0,1,1,1,0,0,0,0,1,1,1,1,0,1,0,0,0,1,1,0,1,1,1,1,1,1,1,1,1,1,1,0,0,0,1,1,0,1,1,1,16.3,0,1,1,0,0,0,0,75,1,0,1,1,1,1,100.0,0,1,1,0,0.0,-1.1504163491860766,3650.0,1,78.11,A
5065,Bharathidasan University,https://www.bdu.ac.in,India,South & Central Asia + Oceania,1,1,11,0,0,0,0,0,1,1,1,1,4,1,1,1,1,1,1,0,0,0,1,0,0,1,0,1,1,1,1,1,1,1,1,1,1,1,1,0,1,0,0,0,1,0,1,15.43,0,1,0,0,0,0,0,75,1,0,1,1,1,0,32.0,0,1,1,0,0.0,0.8642953654978665,0.0,0,78.06,A
2179,University of Geneva,https://www.unige.ch,Switzerland/Austria,Western & Northern Europe,1,1,4,1,1,0,0,0,1,0,1,1,10,0,1,1,1,1,1,3,1,1,1,1,0,1,0,1,1,1,1,1,1,0,1,1,1,1,1,0,0,0,1,0,0,1,1,15.91,0,1,1,0,0,0,0,75,1,1,1,0,0,1,22.6,0,1,0,0,0.6931471805599453,1.2525775689257814,0.0,0,77.99,A
2125,Stockholm University,https://www.su.se,Sweden,Western & Northern Europe,1,1,10,1,1,0,0,0,0,0,0,1,10,0,1,1,1,1,0,20,1,1,1,0,0,1,0,0,1,1,1,1,1,0,1,1,0,1,1,1,0,0,1,0,0,1,1,8.72,0,1,1,0,0,0,0,90,1,0,1,0,1,0,59.3,0,1,1,0,0.0,1.4979792015222237,0.0,0,77.94,A
5302,Indian Institute of Technology Bhubaneswar,https://www.iitbbs.ac.in,India,South & Central Asia + Oceania,1,1,9,1,1,0,0,1,0,0,0,0,0,1,1,1,1,1,1,2,1,1,0,0,0,1,0,1,1,1,1,1,1,0,1,1,1,1,1,1,0,0,1,0,1,1,1,14.35,0,1,0,0,0,0,0,90,1,0,1,0,1,1,69.6,0,1,1,0,0.0,3.9124691675810186,0.0,0,77.86,A
1011,Johns Hopkins University,https://www.jhu.edu,United States,North America,1,1,3,1,0,0,0,0,0,0,1,0,0,0,1,1,1,1,1,7,1,1,0,0,1,1,0,1,1,1,1,1,1,1,1,1,1,1,1,0,0,0,0,0,1,1,0,1.7,0,1,1,0,0,0,0,90,1,0,1,1,1,1,74.4,0,1,1,0,0.0,-0.2084439141314039,6.0,0,77.8,A
1084,University of Oregon,https://www.uoregon.edu,United States,North America,1,1,4,1,0,0,0,0,0,0,1,0,1,0,0,1,1,1,1,0,1,1,0,1,0,1,0,1,1,1,1,1,1,1,1,1,1,1,1,1,0,1,0,0,1,1,0,3.36,0,1,1,0,0,0,0,100,1,0,1,1,1,1,85.7,0,1,1,0,0.0,-0.7737931059643051,3650.0,1,77.78,A
1024,Carnegie Mellon University,https://www.cmu.edu,United States,North America,1,1,4,1,0,0,0,1,0,0,1,1,10,0,1,1,1,1,1,10,1,1,0,1,1,1,0,1,1,1,1,1,1,1,1,1,1,1,0,0,0,0,1,0,1,1,1,21.0,0,1,1,0,0,0,0,90,1,0,1,1,1,1,100.0,0,1,1,0,0.0,0.667857691384599,0.0,0,77.77,A
2028,University of Sussex,https://www.sussex.ac.uk,United Kingdom,Western & Northern Europe,1,1,5,1,0,0,0,1,0,0,1,0,0,0,1,1,1,1,1,0,1,1,0,1,1,1,0,0,1,0,1,1,1,1,1,1,1,0,1,0,0,1,0,0,1,1,1,21.0,0,1,0,0,0,1,0,75,1,0,1,1,1,1,16.7,0,1,1,0,0.0,-1.2004687901113855,0.0,0,77.76,A
2031,University of Aberdeen,https://www.abdn.ac.uk,United Kingdom,Western & Northern Europe,1,1,6,1,0,0,1,1,0,0,1,1,5,0,0,1,0,1,1,0,0,0,0,1,1,1,0,1,1,1,1,1,1,1,1,1,1,1,1,0,0,1,1,0,0,1,1,9.32,0,1,1,0,0,1,0,100,1,0,1,1,1,1,61.9,0,1,1,0,0.0,3.2150631545018773,3650.0,1,77.73,A
1156,Pomona College,https://www.pomona.edu,United States,North America,0,1,7,1,0,0,0,0,0,0,0,0,1,0,1,1,1,1,1,18,1,1,0,0,1,1,0,1,1,1,1,1,1,1,0,1,1,1,1,0,0,0,0,0,1,1,0,21.0,0,1,0,0,0,0,0,100,1,0,1,1,1,1,72.0,0,1,1,0,0.0,-0.29669556518337015,0.0,0,77.7,A
2166,University of Helsinki,https://www.helsinki.fi,Finland,Western & Northern Europe,0,1,2,0,1,1,0,0,0,0,1,0,0,0,1,1,1,1,1,0,1,1,1,1,0,1,0,1,1,1,1,1,1,1,1,1,1,0,1,1,0,0,1,0,1,1,1,21.0,0,1,0,0,0,0,0,100,1,0,1,1,1,0,63.6,0,1,1,0,0.0,0.6138543473259497,4.0,0,77.64,A
4142,Hong Kong Polytechnic University,https://www.polyu.edu.hk,Hong Kong,Asia (East & Southeast),1,1,7,1,1,0,1,1,0,0,1,0,0,0,0,1,1,1,1,1,1,1,0,1,0,1,0,1,1,1,1,1,1,1,1,1,1,0,1,0,0,0,0,1,1,1,1,9.59,0,1,1,0,0,0,1,100,1,0,1,1,1,1,98.0,0,1,1,0,0.0,0.9147243142128878,3650.0,1,77.63,A
5121,RMIT University,https://www.rmit.edu.au,Australia,South & Central Asia + Oceania,0,1,6,1,0,0,0,1,0,0,1,1,2,0,0,1,1,1,1,0,1,1,0,0,0,1,0,1,1,1,1,1,1,1,1,1,1,1,1,0,0,1,0,0,1,1,0,18.62,0,1,0,0,0,0,1,75,1,0,1,1,1,1,45.8,0,1,1,0,0.0,0.01585141470688047,3650.0,1,77.63,A
6063,Austral University,https://www.austral.edu.ar,Argentina,Latin America & Africa,1,1,20,0,1,0,0,1,1,1,0,1,10,1,1,1,1,1,1,2,1,1,1,1,0,1,0,1,1,1,1,1,1,1,1,1,0,0,1,0,0,0,0,0,1,1,1,21.0,0,1,1,0,0,0,0,90,1,3,1,0,1,1,19.1,0,1,0,0,1.3862943611198906,-0.6069587472618497,4.0,0,77.63,A
4136,National Yunlin University of Science and Technology,https://www.yuntech.edu.tw,Taiwan,Asia (East & Southeast),1,1,20,1,0,0,0,1,0,0,1,1,7,1,1,1,1,1,0,1,1,1,0,0,0,1,0,1,1,1,1,1,1,1,1,1,1,1,1,0,0,0,1,0,1,1,1,20.86,0,1,1,0,0,0,0,75,1,39,0,1,1,0,60.6,0,1,1,0,3.6888794541139363,-1.0273135479055322,8.0,0,77.6,A
2092,Nantes University,https://www.univ-nantes.fr,France,Western & Northern Europe,1,1,1,1,1,1,0,1,1,0,1,1,4,0,1,1,1,1,1,7,1,1,1,1,0,1,1,1,1,1,1,1,1,0,0,1,1,1,1,1,0,0,0,1,1,1,1,7.12,0,0,1,0,0,0,0,75,1,0,1,1,1,0,75.0,0,1,1,0,0.0,0.1436628793373113,0.0,0,77.57,A
1172,McMaster University,https://www.mcmaster.ca,Canada,North America,0,1,4,0,0,0,0,0,0,0,1,0,0,0,1,1,1,1,1,0,1,0,0,0,0,1,0,1,1,1,1,1,1,0,1,1,1,0,1,0,0,1,1,0,0,0,1,15.43,0,1,0,0,0,0,0,75,1,0,1,1,0,1,98.4,0,1,0,0,0.0,0.6881597143965534,1.0,0,77.47,A
1109,Illinois Institute of Technology,https://www.iit.edu,United States,North America,1,1,6,1,0,0,0,1,0,0,1,1,2,0,1,1,1,1,1,1,1,1,0,1,0,1,0,1,1,1,1,1,1,1,1,1,1,1,1,0,0,0,1,0,1,1,1,15.91,0,1,1,1,0,0,1,90,1,0,1,1,1,1,91.1,0,1,0,0,0.0,-0.21610896363591756,195.0,0,77.46,A
5423,University of Burdwan,https://www.buruniv.ac.in,India,South & Central Asia + Oceania,1,1,11,0,0,1,0,1,1,1,1,0,0,1,1,1,1,1,0,0,1,1,1,1,0,1,0,1,1,1,1,1,1,1,1,1,1,1,1,0,0,0,0,0,1,1,1,15.43,0,1,0,0,0,0,0,75,1,0,1,0,1,0,2.9,0,1,0,0,0.0,-0.7985374591270635,0.0,0,77.37,A
2198,University of Limerick,https://www.ul.ie,Belgium/Ireland/Iceland,Western & Northern Europe,1,1,5,1,0,0,0,0,0,0,1,1,7,1,1,1,1,1,1,0,1,1,1,1,1,1,0,1,1,1,1,1,1,1,1,0,1,1,1,1,0,0,0,0,1,1,0,10.44,0,1,0,1,0,1,0,90,1,0,0,0,1,1,100.0,0,1,1,0,0.0,-0.5532583578980405,4.0,0,77.34,A
4161,UCSI University,https://www.ucsiuniversity.edu.my,Malaysia,Asia (East & Southeast),1,1,3,1,1,0,0,1,0,0,1,0,0,0,1,1,1,1,1,0,1,1,0,1,1,1,0,1,1,1,1,1,1,1,1,1,1,0,1,0,0,0,1,0,1,1,0,11.76,0,1,0,0,0,0,1,75,1,9,1,1,1,1,56.5,0,1,0,0,2.302585092994046,-1.416403382029072,12.0,0,77.31,A
4141,City University of Hong Kong,https://www.cityu.edu.hk,Hong Kong,Asia (East & Southeast),1,1,7,0,1,0,1,1,0,0,1,0,1,0,1,1,1,1,1,0,1,1,0,1,1,1,0,1,1,1,1,1,1,1,1,1,1,0,1,0,0,0,1,0,1,1,1,12.13,0,1,1,0,0,0,0,75,1,0,0,0,1,1,66.7,0,1,1,0,0.0,0.9030857322741744,0.0,0,77.28,A
1401,Wilfrid Laurier University,https://www.wlu.ca,Canada,North America,1,1,5,1,0,0,0,1,0,0,1,0,0,0,1,1,1,1,1,7,1,0,0,1,1,1,0,1,1,1,1,1,1,0,1,1,1,1,1,0,0,0,0,0,1,1,1,9.74,0,1,1,1,0,0,1,75,1,0,1,1,1,1,97.6,0,1,1,0,0.0,0.20795472111378888,0.0,0,77.23,A
1130,Colgate University,https://www.colgate.edu,United States,North America,1,1,5,1,0,0,0,0,0,0,0,1,9,1,0,1,1,1,1,10,0,0,0,0,1,1,0,1,1,1,1,1,1,1,1,1,1,0,1,1,0,0,1,0,1,1,1,21.0,0,1,1,0,0,0,1,75,1,0,1,0,1,0,100.0,0,1,0,0,0.0,-0.16597539660639665,3650.0,1,77.21,A
5104,Daffodil International University,https://www.daffodilvarsity.edu.bd,Bangladesh,South & Central Asia + Oceania,1,1,6,0,0,0,1,1,1,1,1,1,2,0,1,1,0,1,1,0,0,0,1,1,1,1,0,1,1,1,1,1,1,1,0,1,1,1,1,0,1,0,1,1,1,1,1,21.0,0,1,0,1,0,0,0,90,1,0,1,1,1,0,93.0,0,1,0,0,0.0,-0.1705553223211369,3.0,0,77.18,A
6132,University of Ibadan,https://www.ui.edu.ng,Sub-Saharan Africa,Latin America & Africa,1,1,12,0,0,0,0,0,1,1,0,1,3,1,1,1,0,1,1,7,1,1,1,0,0,1,0,1,1,1,1,1,1,1,1,0,1,0,1,0,0,0,0,0,1,0,1,7.08,0,1,1,0,0,0,0,75,1,0,0,0,1,1,100.0,0,1,0,0,0.0,-1.5536189973648566,1.0,0,77.17,A
2174,LUT University,https://www.lut.fi,Finland,Western & Northern Europe,1,1,5,1,1,0,0,1,0,0,1,1,10,0,1,1,1,1,0,5,1,1,1,0,1,1,0,1,1,1,0,1,1,0,1,1,1,1,1,1,0,0,1,0,0,1,1,21.0,0,1,1,0,0,0,0,100,1,0,1,1,1,1,78.6,0,1,0,0,0.0,0.5129777868910483,0.0,0,77.16,A
2122,Lund University,https://www.lunduniversity.lu.se,Sweden,Western & Northern Europe,1,1,1,1,0,0,0,0,1,1,1,1,2,0,1,1,1,1,1,12,1,1,1,1,0,0,0,1,1,1,1,1,1,0,1,1,1,1,1,1,0,0,1,0,0,1,1,15.43,0,0,1,0,0,0,0,100,1,4,1,1,1,1,100.0,0,1,1,0,1.6094379124341003,1.4089847359462413,0.0,0,77.15,A
3194,Slovak University of Technology in Bratislava,https://www.stuba.sk,Bulgaria & Slovakia,Eastern & Southern Europe,1,1,2,1,1,0,0,1,1,1,1,0,1,1,1,1,1,1,1,0,1,1,1,1,0,1,0,1,1,1,1,1,1,1,1,0,1,0,1,1,0,0,0,1,1,1,1,12.1,0,1,1,0,0,0,0,75,1,0,0,1,1,0,96.7,0,1,1,0,0.0,-0.8876959019661369,39.0,0,77.15,A
1111,University of St. Thomas,https://www.stthomas.edu,United States,North America,0,1,1,1,0,0,0,1,1,1,1,1,10,0,1,1,1,1,0,0,1,1,0,0,1,1,0,1,1,1,1,1,1,1,1,1,1,1,1,0,0,0,1,0,1,1,1,21.0,0,1,0,0,0,0,0,75,1,0,1,1,1,1,86.4,0,1,1,0,0.0,1.753187268523686,4.0,0,77.14,A
1138,Swarthmore College,https://www.swarthmore.edu,United States,North America,1,1,5,1,0,0,0,0,0,0,0,1,4,0,1,1,1,1,1,4,1,1,1,0,1,1,0,1,1,0,1,1,1,1,1,1,1,1,1,0,0,0,1,0,1,1,1,21.0,0,1,1,0,0,0,0,75,1,0,1,1,1,1,91.7,0,1,1,0,0.0,-0.08041687105601618,0.0,0,77.05,A
1075,Clemson University,https://www.clemson.edu,United States,North America,1,1,6,1,0,0,0,1,1,1,1,1,2,0,1,1,1,1,1,7,1,1,0,0,1,1,0,1,1,1,1,1,1,1,1,1,1,1,0,0,0,0,0,0,1,1,1,19.8,0,1,1,0,0,0,0,75,1,0,1,1,0,1,42.4,0,1,1,0,0.0,3.7645376912080533,1.0,0,77.03,A
2012,University of Southampton,https://www.southampton.ac.uk,United Kingdom,Western & Northern Europe,1,1,0,1,1,0,0,1,0,0,1,0,1,1,0,1,0,1,1,0,1,1,0,0,0,1,0,1,1,1,1,1,1,1,0,1,1,0,1,0,1,1,1,1,1,1,1,21.0,0,1,1,0,0,1,1,100,1,0,1,0,1,1,91.7,0,1,1,0,0.0,0.37087763204765367,3650.0,1,77.01,A
2102,Delft University of Technology,https://www.tudelft.nl,Netherlands,Western & Northern Europe,1,1,2,1,1,0,0,0,0,0,1,1,10,1,1,1,0,1,1,0,1,1,1,1,0,1,0,1,1,1,1,1,1,1,1,1,1,1,1,1,0,0,0,0,0,1,1,14.85,0,1,1,0,0,1,1,100,1,0,1,1,1,1,87.0,0,1,1,0,0.0,0.08376742157908869,0.0,0,76.93,A
4124,National Taiwan University,https://www.ntu.edu.tw,Taiwan,Asia (East & Southeast),1,1,5,1,0,0,1,1,0,0,1,1,6,1,0,1,1,1,1,20,1,1,0,0,1,1,0,1,1,1,1,1,1,1,1,0,1,1,1,1,0,0,1,1,1,1,1,21.0,0,1,1,0,0,0,0,100,1,1,0,1,1,0,100.0,0,1,0,0,0.6931471805599453,-0.909322406871679,3650.0,1,76.93,A
3036,Marche Polytechnic University,https://www.univpm.it,Italy,Eastern & Southern Europe,1,1,1,1,1,0,0,0,0,0,0,1,6,1,1,1,0,1,1,2,0,0,0,0,0,1,0,1,1,1,1,1,1,1,1,0,1,1,1,0,0,0,1,1,0,1,1,16.39,0,1,1,0,0,0,0,75,1,0,1,0,1,0,92.3,0,1,0,0,0.0,-0.05095129087598239,0.0,0,76.91,A
5072,Aga Khan University,https://www.aku.edu,Pakistan,South & Central Asia + Oceania,1,1,9,1,0,0,0,0,0,0,1,1,8,1,1,1,0,1,1,2,1,1,0,1,0,1,0,1,1,1,1,1,1,1,1,1,1,1,1,1,0,0,0,0,1,1,1,5.74,0,1,1,0,0,1,0,75,1,1,0,1,1,1,53.8,0,1,0,0,0.6931471805599453,3.102316810497711,0.0,0,76.84,A
2097,Clermont Auvergne University,https://www.uca.fr,France,Western & Northern Europe,1,1,2,1,1,0,0,1,0,0,1,1,2,0,1,1,0,1,1,1,1,1,0,0,0,1,0,1,1,1,1,1,1,1,1,1,0,1,0,1,0,0,1,1,1,1,1,19.6,0,1,1,0,0,0,0,100,1,1,1,1,1,0,87.5,0,1,1,0,0.6931471805599453,-0.7060281489412803,0.0,0,76.78,A
3122,University of Thessaly,https://www.uth.gr,Greece,Eastern & Southern Europe,1,1,6,1,1,0,0,1,0,0,1,0,0,1,1,1,1,1,1,6,0,0,1,0,0,1,0,1,0,1,0,1,1,0,1,1,1,1,1,1,0,0,1,1,1,1,1,18.1,0,1,1,0,0,0,0,75,1,0,0,1,1,0,87.5,0,1,1,0,0.0,-1.1528172944759696,55.0,0,76.78,A
6119,Ain Shams University,https://www.asu.edu.eg,Egypt & North Africa,Latin America & Africa,1,1,17,1,0,0,0,1,1,2,1,1,10,1,1,1,0,1,1,6,1,1,0,1,1,1,0,1,1,1,1,1,1,1,0,1,1,1,1,0,0,0,1,1,1,1,1,8.06,0,1,1,1,1,0,0,75,1,0,1,1,1,1,100.0,0,1,0,0,0.0,0.47125221611473045,0.0,0,76.75,A
3114,University of Madeira,https://www.uma.pt,Portugal,Eastern & Southern Europe,1,1,2,1,1,0,0,0,1,1,0,1,8,0,1,1,1,1,0,1,0,0,0,1,0,1,0,1,1,1,0,1,1,0,1,0,1,0,1,0,0,1,1,0,1,1,1,19.63,0,1,1,0,0,0,1,75,1,0,1,0,1,0,100.0,0,1,0,0,0.0,-1.407369658500613,0.0,0,76.74,A
3052,Charles III University of Madrid,https://www.uc3m.es,Spain,Eastern & Southern Europe,1,1,5,1,0,0,0,1,1,1,1,1,5,0,1,1,0,1,1,4,1,1,1,0,1,1,0,1,1,0,1,1,1,1,0,0,1,1,1,1,0,1,0,0,1,1,1,11.37,0,1,1,0,0,0,0,100,1,0,1,1,1,0,98.3,0,1,1,0,0.0,-0.13263734154117432,0.0,0,76.73,A
1043,Wake Forest University,https://www.wfu.edu,United States,North America,1,1,2,1,0,1,0,1,0,0,0,1,10,0,1,1,1,1,1,0,1,1,0,0,1,1,0,1,1,1,1,1,1,1,1,1,1,1,1,0,0,0,0,0,1,1,1,15.91,0,1,1,0,0,0,0,90,1,0,1,1,1,1,60.0,0,1,0,0,0.0,0.03082992850949036,41.0,0,76.73,A
5426,Tribhuvan Institute of Engineering,https://www.ioe.edu.np,Nepal,South & Central Asia + Oceania,1,1,11,1,0,0,0,1,0,0,0,0,0,1,1,1,1,1,1,0,1,0,0,1,0,1,0,1,1,1,1,1,1,1,0,1,0,0,1,1,1,0,1,0,1,1,0,15.43,0,1,1,0,0,0,0,75,1,0,1,0,1,1,0.0,0,1,0,0,0.0,-0.9196040724241064,11.0,0,76.64,A
4088,Nagoya Institute of Technology,https://www.nitech.ac.jp,Japan,Asia (East & Southeast),1,1,4,1,0,0,0,1,0,0,1,0,0,1,1,1,1,1,0,1,1,1,1,1,0,1,0,1,1,1,1,1,1,1,1,0,1,1,0,0,0,0,1,1,1,1,1,12.63,0,1,1,0,0,0,0,50,1,0,0,1,1,0,62.7,0,1,0,0,0.0,-1.2089155591906295,7.0,0,76.6,A
4060,Nagoya University,https://www.nagoya-u.ac.jp,Japan,Asia (East & Southeast),1,1,0,1,0,1,0,0,1,1,1,1,10,1,1,1,1,1,1,20,1,1,1,1,1,1,0,1,1,1,1,1,1,1,0,1,1,1,1,0,0,0,1,1,1,1,1,17.31,0,1,1,0,0,0,0,100,1,0,0,1,1,0,93.9,0,1,1,0,0.0,0.1347386591132497,95.0,0,76.56,A
2063,Kiel University,https://www.uni-kiel.de,Germany,Western & Northern Europe,1,1,7,1,1,0,0,1,0,0,1,1,10,1,1,1,1,1,1,1,1,1,1,1,0,1,0,1,0,0,1,1,1,1,1,1,1,0,1,0,0,0,0,0,1,1,1,21.0,0,1,1,0,0,1,0,100,1,0,1,1,1,0,96.7,0,1,1,0,0.0,-0.7074830993321684,0.0,0,76.54,A
3057,Rovira i Virgili University,https://www.urv.cat,Spain,Eastern & Southern Europe,1,1,9,1,1,0,0,1,0,0,1,0,0,1,1,1,1,1,1,0,0,0,1,1,0,1,0,1,1,1,1,1,1,1,0,1,1,1,1,1,0,0,0,0,1,1,1,8.86,0,1,1,0,0,0,0,75,1,0,1,1,1,0,22.2,0,1,1,0,0.0,0.24480237063329718,0.0,0,76.49,A
5417,Central University of Tamil Nadu,https://www.cutn.ac.in,India,South & Central Asia + Oceania,1,1,4,0,0,0,0,1,0,0,1,1,10,1,1,1,1,1,1,20,1,1,1,0,1,1,0,1,1,1,1,1,1,1,1,1,1,1,1,1,0,0,0,0,1,1,0,13.77,0,1,1,0,0,0,0,75,1,0,0,0,1,1,97.7,0,1,1,0,0.0,2.079035072266985,4.0,0,76.48,A
3022,Ca' Foscari University of Venice,https://www.unive.it,Italy,Eastern & Southern Europe,1,1,6,1,0,0,0,0,1,0,0,1,10,1,1,1,1,1,1,0,1,1,1,1,1,1,0,1,1,1,1,1,1,0,1,1,1,1,1,1,0,0,1,0,1,1,1,15.43,0,1,1,0,0,1,0,85,1,0,1,1,1,0,43.6,0,1,0,0,0.0,0.0049391648423065615,0.0,0,76.46,A
6107,University of the Witwatersrand,https://www.wits.ac.za,South Africa,Latin America & Africa,1,1,6,1,0,0,0,0,0,0,1,1,2,0,1,1,1,1,1,5,1,0,0,1,1,1,0,1,1,1,1,1,1,0,1,1,1,1,1,0,0,0,1,0,1,1,1,12.45,0,1,1,1,0,0,0,75,1,1,1,1,1,0,41.7,0,1,0,0,0.6931471805599453,0.9311187287203244,0.0,0,76.44,A
5307,IIIT Bangalore,https://www.iiitb.ac.in,India,South & Central Asia + Oceania,1,1,7,1,0,0,0,0,0,0,1,1,9,0,1,1,1,1,1,10,1,0,0,0,0,1,0,1,1,1,1,1,1,0,1,1,1,0,1,0,1,0,1,1,1,1,1,2.16,0,1,1,0,0,0,0,75,1,0,0,1,1,1,78.6,0,1,1,0,0.0,-1.0123186120822725,206.0,0,76.35,A
1103,Bowling Green State University,https://www.bgsu.edu,United States,North America,1,1,8,1,0,0,0,1,0,0,0,0,0,0,0,1,1,1,1,0,1,1,0,0,1,1,1,1,1,1,1,1,1,1,1,1,1,1,0,0,0,1,1,0,0,0,1,21.0,0,1,0,1,0,1,1,90,1,0,1,1,1,1,55.9,0,1,1,0,0.0,0.3461327756951538,3650.0,1,76.32,A
1119,Clark University,https://www.clarku.edu,United States,North America,1,1,5,1,0,1,0,1,1,1,1,1,3,0,0,1,1,1,1,0,1,1,0,1,0,1,0,1,1,1,1,1,1,1,1,1,1,1,1,0,0,0,1,0,1,1,1,16.81,0,1,0,0,0,0,0,90,1,0,1,1,1,1,83.3,0,1,1,1,0.0,0.17688019609549085,3650.0,1,76.31,A
4203,Far Eastern University,https://www.feu.edu.ph,Philippines,Asia (East & Southeast),1,1,4,1,0,0,0,0,1,1,1,0,0,1,1,1,1,1,1,3,1,1,0,0,0,1,0,1,1,1,1,1,1,1,1,0,1,1,1,0,0,0,1,0,1,1,1,5.47,0,1,1,0,0,0,0,90,1,1,0,1,1,1,0.0,0,1,0,0,0.6931471805599453,0.41065331714309344,22.0,0,76.3,A
4131,National Chung Hsing University,https://www.nchu.edu.tw,Taiwan,Asia (East & Southeast),1,1,10,1,1,0,0,0,0,0,1,0,0,1,1,1,1,1,0,0,1,1,0,0,1,1,0,1,1,1,1,1,1,0,1,1,1,1,1,1,0,0,1,1,1,1,1,12.63,0,1,1,0,0,1,0,75,1,0,0,1,1,0,40.0,0,1,0,0,0.0,2.8212444348976486,8.0,0,76.24,A
4189,Suranaree University of Technology,https://www.sut.ac.th,Thailand,Asia (East & Southeast),1,1,6,1,1,0,0,1,1,1,0,0,0,0,1,1,1,1,0,0,1,0,0,0,0,1,0,1,1,1,1,1,1,1,1,0,1,1,1,1,0,0,1,0,0,1,0,13.08,0,1,1,0,0,0,0,20,1,0,1,0,1,1,60.7,0,0,0,0,0.0,-1.8749233773732121,0.0,0,76.24,A
2052,University of Bonn,https://www.uni-bonn.de,Germany,Western & Northern Europe,1,1,5,1,1,1,0,1,0,0,1,1,10,0,1,1,1,1,1,4,0,0,1,0,0,1,0,1,1,1,0,1,1,0,1,1,1,1,1,0,0,0,0,0,1,1,0,17.64,0,1,1,0,0,1,0,75,1,0,1,1,1,0,100.0,0,1,1,1,0.0,-0.4480169462904751,0.0,0,76.2,A
1151,Macalester College,https://www.macalester.edu,United States,North America,1,1,3,1,0,0,0,1,0,0,0,1,5,1,0,1,1,1,1,20,1,1,0,0,0,1,0,1,1,1,1,1,1,1,1,1,1,1,1,0,0,0,1,0,1,1,1,21.0,0,1,1,0,0,0,0,100,1,0,1,1,1,1,53.3,0,1,0,0,0.0,-1.141301155180709,3650.0,1,76.19,A
3128,Agricultural University of Athens,https://www.aua.gr,Greece,Eastern & Southern Europe,1,1,3,1,0,0,0,1,0,0,1,1,10,1,1,1,1,1,1,3,0,0,0,1,1,1,0,1,1,1,0,1,1,1,1,1,1,0,1,1,0,0,0,0,0,1,1,12.63,0,1,1,0,0,0,0,75,1,0,1,0,1,1,81.0,0,1,1,0,0.0,2.544730450656096,4.0,0,76.17,A
2043,Heidelberg University,https://www.uni-heidelberg.de,Germany,Western & Northern Europe,1,1,4,0,1,0,0,1,1,1,1,0,0,0,1,1,1,1,1,3,0,0,0,1,0,1,0,0,1,1,1,1,1,1,1,0,1,1,1,0,0,0,1,0,1,1,1,5.2,0,1,1,0,0,0,0,100,1,0,1,1,1,0,5.3,0,1,1,0,0.0,-0.7193651941910869,0.0,0,76.11,A
5080,International Islamic University Islamabad,https://www.iiu.edu.pk,Pakistan,South & Central Asia + Oceania,1,1,7,0,0,0,0,1,1,1,0,0,0,0,1,1,0,1,1,0,1,1,0,0,0,1,0,1,1,1,1,1,1,1,1,1,1,1,1,1,0,0,1,0,1,1,1,12.63,0,1,1,0,0,0,0,90,1,0,1,0,0,1,22.2,0,1,0,0,0.0,-0.7105482650753769,1.0,0,76.07,A
3203,Kaunas University of Technology,https://www.ktu.edu,Baltics,Eastern & Southern Europe,1,1,5,1,1,0,0,1,0,1,1,0,0,0,1,1,1,1,1,20,1,1,0,1,0,1,0,1,1,1,1,1,1,1,1,0,1,0,1,0,0,0,1,0,1,1,1,11.55,0,1,1,0,0,0,0,90,1,0,1,1,1,0,94.6,0,1,1,0,0.0,0.2625368421592928,211.0,0,76.02,A
2062,Ulm University,https://www.uni-ulm.de,Germany,Western & Northern Europe,1,1,5,1,1,0,0,1,0,0,1,1,3,1,1,1,1,1,1,8,1,1,1,0,0,1,0,1,0,1,1,1,1,0,0,1,1,1,1,0,0,0,1,0,1,1,1,12.63,0,1,1,0,0,1,0,75,1,0,1,1,1,1,73.5,0,1,1,0,0.0,0.5600211828630934,0.0,0,75.99,A
4091,Doshisha University,https://www.doshisha.ac.jp,Japan,Asia (East & Southeast),1,1,1,1,1,1,0,0,0,0,0,0,0,1,0,1,0,1,1,2,1,1,0,1,0,1,0,1,1,1,1,1,1,1,1,1,1,0,1,0,0,0,1,1,1,1,1,17.4,0,1,1,0,0,0,0,100,1,0,0,1,1,0,57.7,0,1,0,0,0.0,-1.0666439282501499,3650.0,1,75.96,A
5118,University of Adelaide,https://www.adelaide.edu.au,Australia,South & Central Asia + Oceania,1,1,6,1,0,0,0,0,0,0,1,0,0,0,0,1,0,1,1,0,0,0,0,0,0,1,0,1,1,1,1,1,1,1,1,0,1,1,1,1,0,1,0,0,1,1,1,16.58,0,1,1,1,1,0,1,100,1,0,1,1,1,1,87.5,0,1,1,0,0.0,0.5699389228045851,3650.0,1,75.95,A
2131,Orebro University,https://www.oru.se,Sweden,Western & Northern Europe,1,1,5,1,1,0,0,0,0,0,0,1,3,1,1,1,0,1,0,0,0,0,0,0,0,0,0,0,1,1,1,1,1,0,1,1,1,0,1,1,0,0,1,0,0,1,1,11.39,0,0,1,0,0,0,0,100,1,0,0,1,1,0,100.0,0,1,1,0,0.0,-1.007445371586911,0.0,0,75.94,A
5004,Indian Institute of Technology Kanpur,https://www.iitk.ac.in,India,South & Central Asia + Oceania,1,1,8,1,1,0,0,0,1,0,1,0,0,1,0,1,1,1,1,0,1,1,0,1,1,1,0,1,1,1,1,1,1,1,1,1,1,0,1,1,0,0,1,0,1,1,1,17.04,0,1,1,0,0,0,0,90,1,0,0,1,1,1,97.3,0,1,1,0,0.0,1.0850830653868209,3650.0,1,75.93,A
4095,Kwansei Gakuin University,https://www.kwansei.ac.jp,Japan,Asia (East & Southeast),1,1,3,0,1,0,0,0,1,1,1,1,7,1,1,1,1,1,0,0,1,1,0,1,1,1,0,1,1,1,1,1,1,1,0,0,1,0,1,0,0,1,1,1,1,1,1,12.63,0,1,1,0,0,0,1,50,1,0,1,1,0,1,7.4,0,1,0,0,0.0,-0.18311502693713025,83.0,0,75.9,A
6122,Assiut University,https://www.aun.edu.eg,Egypt & North Africa,Latin America & Africa,1,1,11,1,1,0,0,1,0,0,1,1,10,1,1,1,0,0,1,19,1,1,1,1,1,1,0,1,1,1,1,1,1,1,1,1,1,1,1,0,0,0,1,1,1,1,1,3.79,0,1,1,1,0,0,0,75,1,0,0,0,1,0,8.7,0,1,1,0,0.0,-0.2182670608677041,0.0,0,75.85,A
1180,Dalhousie University,https://www.dal.ca,Canada,North America,1,1,6,0,0,0,0,1,0,0,1,1,3,1,0,1,0,1,1,0,0,0,0,1,0,1,0,1,1,1,1,1,1,1,1,1,1,1,1,1,0,1,0,0,1,1,1,15.52,0,1,1,0,0,0,1,90,1,0,1,1,1,1,62.5,0,1,1,0,0.0,-0.5983256213609826,3650.0,1,75.85,A
3053,University of Santiago de Compostela,https://www.usc.gal,Spain,Eastern & Southern Europe,1,1,10,1,1,0,0,0,0,0,0,0,0,0,1,0,1,1,0,17,1,1,1,0,0,1,0,1,0,1,1,1,1,1,0,0,1,0,1,1,0,0,0,0,0,1,1,18.73,0,1,1,0,0,0,0,75,1,0,1,0,1,0,100.0,0,1,1,0,0.0,-1.4295825319271127,0.0,0,75.83,A
2130,Swedish University of Agricultural Sciences,https://www.slu.se,Sweden,Western & Northern Europe,1,1,1,0,1,1,0,1,0,0,0,1,8,0,1,1,0,1,0,9,1,1,1,1,0,1,0,1,1,1,1,1,1,0,1,1,1,1,1,1,0,0,1,0,0,1,1,20.53,0,1,1,0,0,0,0,100,1,0,1,1,1,1,70.0,0,1,1,0,0.0,-0.7183952272638284,0.0,0,75.83,A
5330,Royal University of Bhutan,https://www.rub.edu.bt,Central Asia,South & Central Asia + Oceania,1,1,7,1,0,0,0,0,0,0,1,1,3,1,1,1,0,1,0,1,1,0,0,0,0,1,0,1,1,1,1,1,1,1,0,0,0,1,1,0,1,0,1,0,1,1,1,12.63,0,1,1,1,0,0,0,90,1,0,1,0,1,1,11.1,0,1,0,0,0.0,-0.06904186325780223,1.0,0,75.82,A
2113,Tilburg University,https://www.tilburguniversity.edu,Netherlands,Western & Northern Europe,0,1,10,1,1,1,0,1,0,0,1,0,1,0,0,1,1,1,1,0,1,1,0,0,0,1,0,1,1,1,1,1,1,0,1,1,1,1,1,1,1,0,0,0,1,1,1,21.0,0,1,0,0,0,0,0,100,1,0,1,0,1,0,100.0,0,1,1,0,0.0,-0.19655302039866596,3650.0,1,75.79,A
1196,University of Denver,https://www.du.edu,United States,North America,1,1,1,1,0,0,0,1,1,1,1,0,1,0,0,1,0,1,1,0,1,1,0,1,1,1,0,1,1,1,1,1,1,1,1,1,1,1,1,0,0,1,0,0,1,1,1,7.75,0,1,1,1,0,0,1,100,1,1,1,1,1,1,87.0,0,1,0,0,0.6931471805599453,-0.021789600521494118,3650.0,1,75.78,A
2089,University of Lorraine,https://www.univ-lorraine.fr,France,Western & Northern Europe,1,1,9,1,1,0,0,1,0,0,0,1,2,0,0,1,1,1,1,13,1,0,0,0,0,1,0,1,1,1,1,1,1,1,1,1,1,1,1,0,0,0,0,0,1,1,0,15.91,0,1,1,0,0,0,0,90,1,0,1,1,1,0,42.1,0,1,1,0,0.0,-0.9468224386332443,3650.0,1,75.76,A
1107,Loyola University Chicago,https://www.luc.edu,United States,North America,1,1,3,1,0,0,0,1,1,1,1,0,1,0,0,1,1,1,1,9,1,1,0,1,1,1,0,1,1,1,1,1,1,1,1,1,1,0,1,0,0,0,1,0,1,1,1,21.0,0,1,1,1,0,0,0,75,1,0,1,1,1,1,59.1,0,1,0,0,0.0,-0.12122808058004772,3650.0,1,75.74,A
3308,Public University of Navarre,https://www.unavarra.es,Spain,Eastern & Southern Europe,1,1,5,1,1,0,0,1,0,0,0,1,10,1,0,1,0,1,1,2,1,1,0,0,0,1,0,1,1,1,1,1,1,1,1,1,1,0,1,0,0,0,1,1,1,1,1,18.58,0,1,0,0,0,0,0,75,1,0,0,1,1,0,64.8,0,1,0,0,0.0,-0.2594656833634454,3650.0,1,75.7,A
5413,Central University of Rajasthan,https://www.curaj.ac.in,India,South & Central Asia + Oceania,1,1,10,1,0,0,1,1,1,1,1,0,1,0,1,1,1,1,1,7,1,1,1,0,0,1,0,1,1,1,1,1,1,0,1,0,1,0,1,1,0,0,0,0,1,1,0,19.26,0,1,1,1,0,1,0,75,1,0,0,1,1,1,44.4,0,1,1,0,0.0,-0.612456608002941,0.0,0,75.69,A
3083,Gdansk University of Technology,https://www.pg.edu.pl,Poland,Eastern & Southern Europe,1,1,4,1,1,0,1,1,1,1,1,0,0,0,0,1,1,1,0,0,1,1,0,0,0,1,0,1,1,1,1,1,1,1,1,1,1,1,1,1,0,0,0,0,0,1,1,10.73,0,1,1,0,0,1,0,100,1,1,0,0,1,1,67.4,0,1,1,0,0.6931471805599453,-1.043723424179694,3650.0,1,75.65,A
6030,Mackenzie Presbyterian University,https://www.mackenzie.br,Brazil,Latin America & Africa,1,1,8,1,1,1,0,0,1,3,0,1,2,0,1,1,1,1,0,0,0,0,0,1,0,1,0,1,1,0,1,1,1,0,1,0,1,1,1,1,1,1,0,0,1,1,1,12.63,0,1,1,1,0,0,1,75,1,0,1,0,1,1,16.7,0,1,0,0,0.0,-0.2548011342235313,77.0,0,75.64,A
2045,Free University of Berlin,https://www.fu-berlin.de,Germany,Western & Northern Europe,1,1,7,1,1,1,0,1,0,0,1,1,3,0,0,1,1,1,1,9,0,1,0,1,0,1,0,1,1,1,1,1,1,0,1,1,1,0,1,0,0,0,0,0,1,1,1,21.0,0,1,0,0,0,1,0,100,1,0,1,1,1,0,75.0,0,1,1,0,0.0,-1.0316945447683774,3650.0,1,75.57,A
1136,Amherst College,https://www.amherst.edu,United States,North America,0,1,6,1,0,0,0,0,0,0,1,1,2,0,0,1,1,1,1,6,1,1,0,0,1,1,0,1,1,1,1,1,1,1,1,1,1,1,1,0,0,0,0,0,1,1,0,7.89,0,1,0,0,0,0,0,100,1,0,1,0,1,1,100.0,0,1,1,0,0.0,-0.16804703160761647,3650.0,1,75.54,A
5130,James Cook University,https://www.jcu.edu.au,Australia,South & Central Asia + Oceania,1,1,2,1,0,0,0,1,0,0,1,1,2,0,0,1,0,1,1,0,0,0,0,1,0,1,0,1,1,1,1,1,1,1,1,1,1,1,1,0,0,1,1,0,1,1,1,21.0,0,1,0,0,0,0,1,75,1,0,1,1,1,1,100.0,0,1,1,0,0.0,0.011614897956243736,3650.0,1,75.53,A
3157,V. N. Karazin Kharkiv National University,https://www.karazin.ua,Ukraine,Eastern & Southern Europe,1,1,1,1,1,0,0,1,0,0,1,1,7,1,1,1,0,1,0,0,1,1,0,1,0,1,0,1,1,1,1,1,1,1,1,1,1,1,1,1,0,0,1,0,1,1,1,14.86,0,1,1,0,0,0,0,75,1,0,1,0,1,1,0.0,0,1,0,0,0.0,-0.6677168006133837,7.0,0,75.52,A
4103,Kyung Hee University,https://www.khu.ac.kr,South Korea,Asia (East & Southeast),1,1,3,1,0,0,0,1,0,0,1,1,5,1,1,1,1,1,0,0,0,0,1,0,0,1,0,1,1,1,1,1,1,1,1,0,0,1,1,1,0,0,1,1,1,1,0,7.46,0,0,1,0,0,0,0,75,1,0,0,0,1,1,75.5,0,1,0,0,0.0,-0.08579240210478548,53.0,0,75.52,A
5305,Netaji Subhas University of Technology,https://www.nsut.ac.in,India,South & Central Asia + Oceania,1,1,13,0,1,0,0,1,1,0,0,0,0,1,1,1,0,1,1,0,1,1,1,0,1,1,1,1,1,1,1,1,1,1,1,1,1,0,1,0,1,0,0,0,0,1,1,1.63,0,1,1,0,0,1,0,75,1,1,0,0,1,0,69.6,0,1,0,0,0.6931471805599453,-0.7084300067000585,0.0,0,75.51,A
1065,Syracuse University,https://www.syracuse.edu,United States,North America,1,1,5,1,0,0,0,1,1,1,0,1,8,0,0,1,1,1,1,10,1,1,0,0,1,1,0,1,1,1,1,1,1,1,1,0,1,1,1,0,0,0,1,0,0,1,1,12.63,0,1,1,0,0,0,1,100,1,0,1,1,1,1,85.7,0,1,1,0,0.0,-0.03981282503210689,3650.0,1,75.5,A
1046,Ohio State University,https://www.osu.edu,United States,North America,1,1,9,1,0,0,0,1,0,0,0,0,0,1,1,1,1,1,0,0,1,1,0,1,0,1,0,1,1,1,1,1,1,1,1,1,1,1,1,1,0,0,1,0,1,1,1,15.77,0,1,1,0,0,0,1,90,1,0,1,1,1,1,94.2,0,1,0,0,0.0,-0.19042068962079112,410.0,0,75.47,A
1042,Tufts University,https://www.tufts.edu,United States,North America,1,1,4,1,0,1,0,1,0,0,1,1,8,0,0,1,1,1,1,0,1,1,0,1,1,1,0,1,1,1,1,1,1,1,1,1,1,1,1,0,0,0,0,0,1,1,1,21.0,0,1,1,1,0,0,1,100,1,0,1,1,1,0,89.7,0,1,1,0,0.0,-0.3062250861889814,3650.0,1,75.43,A
1056,University of Iowa,https://uiowa.edu,United States,North America,0,1,3,1,0,0,0,0,0,0,1,1,4,1,1,1,1,1,1,2,1,1,1,0,1,1,0,1,1,1,1,1,1,0,1,1,1,1,1,1,0,0,0,0,1,1,0,21.0,0,1,0,1,0,0,0,90,1,0,1,1,1,1,83.3,0,1,1,0,0.0,0.3078075281725862,3.0,0,75.34,A
1128,Rochester Institute of Technology,https://www.rit.edu,United States,North America,0,1,1,1,0,0,0,1,1,1,1,0,0,0,0,1,1,1,1,5,1,1,0,1,1,1,0,1,1,1,1,1,1,1,1,1,1,1,1,0,0,0,1,0,1,1,1,15.43,0,1,0,0,0,1,0,100,1,0,1,1,1,1,96.6,0,1,1,0,0.0,-0.06923004204942886,3650.0,1,75.28,A
4148,Singapore Management University,https://www.smu.edu.sg,Singapore,Asia (East & Southeast),1,1,8,1,0,0,1,1,1,0,1,0,0,0,1,1,1,1,1,1,1,1,0,1,1,1,0,1,1,1,1,1,1,0,1,0,1,1,1,0,0,0,1,0,1,1,1,21.0,0,1,1,0,0,0,0,75,1,0,0,0,1,1,80.7,0,1,1,0,0.0,-0.15642655456042517,0.0,0,75.26,A
6530,National University of Science and Technology Zimbabwe,https://www.nust.ac.zw,Sub-Saharan Africa,Latin America & Africa,1,1,9,1,0,0,0,0,0,0,1,0,0,1,0,1,1,1,1,0,1,0,0,1,0,1,0,1,1,1,1,1,1,0,1,1,1,1,1,1,0,1,0,0,1,0,0,21.0,0,1,1,0,0,0,0,90,1,0,1,1,1,1,90.9,0,1,0,0,0.0,-0.472042130876799,3650.0,1,75.24,A
2006,University of Manchester,https://www.manchester.ac.uk,United Kingdom,Western & Northern Europe,1,1,7,1,0,0,1,1,0,0,1,1,2,1,0,1,1,1,1,1,1,1,0,0,0,1,0,1,1,1,1,1,1,1,0,1,1,1,1,0,1,0,1,0,1,1,1,21.0,0,1,1,0,0,0,1,100,1,0,0,1,1,1,63.0,0,1,1,0,0.0,0.37354504109761527,3650.0,1,75.24,A
5163,University of Jaffna,https://www.jfn.ac.lk,Sri Lanka,South & Central Asia + Oceania,1,1,9,1,0,0,0,0,1,1,1,1,5,1,0,1,0,1,1,11,0,0,0,0,0,1,0,1,1,1,1,1,1,1,1,1,1,0,1,0,0,0,1,0,1,1,1,10.17,0,1,1,0,0,0,0,90,1,1,1,1,1,1,66.7,0,1,0,0,0.6931471805599453,-0.7423221407051527,3650.0,1,75.24,A
5008,Indian Institute of Science,https://www.iisc.ac.in,India,South & Central Asia + Oceania,1,1,1,1,1,0,0,1,1,1,1,1,10,1,1,1,0,1,1,3,0,0,0,1,0,1,0,1,1,1,1,1,1,1,1,0,1,1,1,1,0,0,0,0,1,1,0,21.0,0,1,1,0,0,0,0,75,1,0,0,0,1,1,40.0,0,1,0,0,0.0,-0.7868055665868386,0.0,0,75.23,A
2104,Leiden University,https://www.universiteitleiden.nl,Netherlands,Western & Northern Europe,1,1,5,1,1,0,0,0,0,0,1,0,0,1,1,1,0,0,1,7,0,1,1,0,1,1,0,0,1,1,1,1,1,1,1,1,1,0,1,0,0,0,0,0,0,1,1,7.06,0,1,1,0,0,0,0,90,1,0,0,1,1,0,14.3,0,1,0,0,0.0,0.747467291555831,0.0,0,75.23,A
6325,Cape Peninsula University of Technology,https://www.cput.ac.za,South Africa,Latin America & Africa,1,1,2,1,1,0,0,0,0,1,1,0,0,0,1,1,0,1,1,18,1,1,0,1,0,1,0,1,1,1,1,1,1,1,1,0,1,1,1,0,0,0,0,0,1,1,1,12.63,0,1,1,0,0,0,0,90,1,0,1,1,1,0,65.6,0,1,0,0,0.0,0.47391688941131693,0.0,0,75.18,A
4085,Tokushima University,https://www.tokushima-u.ac.jp,Japan,Asia (East & Southeast),1,1,4,0,0,0,0,0,1,1,1,0,0,0,1,1,1,1,0,4,1,1,1,0,1,1,0,1,1,1,1,1,1,1,0,0,1,0,1,0,1,0,1,0,1,1,1,21.0,0,1,1,0,0,0,0,75,1,2,1,0,1,0,17.4,0,1,1,0,1.0986122886681098,0.5778074336077188,8.0,0,75.14,A
5068,Lahore University of Management Sciences,https://www.lums.edu.pk,Pakistan,South & Central Asia + Oceania,1,1,6,1,0,0,0,1,1,1,1,1,10,1,0,1,1,1,1,20,1,1,0,1,1,1,0,1,1,1,1,1,1,1,1,1,1,1,1,1,0,0,1,0,1,1,1,12.63,0,1,1,0,1,0,0,75,1,1,1,0,1,0,56.4,0,1,1,0,0.6931471805599453,1.3498653623016188,3650.0,1,75.13,A
6124,Helwan University,https://www.helwan.edu.eg,Egypt & North Africa,Latin America & Africa,1,1,8,1,1,0,0,1,1,1,1,0,1,0,1,1,1,1,0,0,1,0,0,1,0,1,0,1,1,1,1,1,1,1,1,0,1,0,1,0,0,0,0,0,1,1,0,14.94,0,1,1,0,1,1,0,75,1,1,1,1,1,1,100.0,0,1,0,0,0.6931471805599453,-0.017364718901399376,89.0,0,75.12,A
1126,Stony Brook University,https://www.stonybrook.edu,United States,North America,1,1,4,1,0,0,0,1,0,0,0,1,9,0,0,1,1,1,1,12,1,1,0,1,1,1,0,1,1,1,1,1,1,1,1,1,1,0,1,1,0,0,1,0,1,1,1,8.72,0,1,1,0,0,0,0,75,1,0,1,1,1,1,85.7,0,1,1,0,0.0,1.41468210932436,3650.0,1,75.11,A
1125,Binghamton University,https://www.binghamton.edu,United States,North America,1,1,9,1,0,0,0,1,0,0,0,0,1,0,0,1,1,1,1,0,0,0,0,0,1,1,0,1,1,1,1,1,1,1,1,1,1,0,1,0,0,0,1,0,1,1,1,11.03,0,1,0,1,0,0,0,75,1,0,1,1,1,1,100.0,0,1,1,0,0.0,-0.7853942619711363,3650.0,1,75.06,A
2021,University of York,https://www.york.ac.uk,United Kingdom,Western & Northern Europe,1,1,5,1,0,0,1,1,0,0,1,0,0,0,1,1,0,1,1,1,1,1,0,1,0,1,0,1,1,1,1,1,1,0,1,1,1,1,1,0,0,0,1,0,1,1,1,19.59,0,1,1,1,0,0,0,90,1,0,1,1,1,1,11.8,0,1,1,0,0.0,-1.0581261435361762,1.0,0,75.02,A
3196,Pavol Jozef Safarik University,https://www.upjs.sk,Bulgaria & Slovakia,Eastern & Southern Europe,1,1,8,1,0,0,0,1,0,0,1,0,0,0,1,1,0,1,1,0,1,0,0,0,0,1,0,0,1,1,1,1,1,1,1,0,1,1,1,1,0,0,1,1,1,1,1,21.0,0,1,1,1,0,1,0,90,1,0,1,0,1,0,26.5,0,1,0,0,0.0,-0.3957882372147852,46.0,0,75.02,A
1012,"University of California, Berkeley",https://www.berkeley.edu,United States,North America,1,1,3,1,0,0,0,1,1,1,1,0,0,0,0,1,1,1,1,0,1,1,0,0,1,1,0,1,1,1,1,1,1,1,1,1,1,1,1,0,0,0,0,1,1,1,1,15.13,0,1,1,0,0,0,0,90,1,0,1,1,1,1,42.9,0,1,1,0,0.0,-0.3441360067113049,3650.0,1,74.99,B
5324,Bangladesh University of Textiles,https://www.butex.edu.bd,Bangladesh,South & Central Asia + Oceania,1,1,9,1,0,0,0,0,0,0,0,0,0,1,1,1,0,1,0,0,0,0,1,0,0,1,0,1,1,1,1,1,1,1,1,1,1,1,1,1,0,0,0,0,0,1,0,3.98,0,1,0,0,0,0,0,90,1,0,1,0,1,1,18.2,0,1,0,0,0.0,-1.1475612621987539,22.0,0,74.99,B
2195,University College Cork,https://www.ucc.ie,Belgium/Ireland/Iceland,Western & Northern Europe,1,1,3,1,0,0,0,1,0,0,1,1,8,0,1,1,0,1,1,0,1,1,1,0,0,1,0,1,1,1,1,1,1,0,1,1,1,1,1,0,0,0,1,1,1,1,1,21.0,0,1,1,0,0,1,0,100,1,0,1,1,1,0,81.1,0,1,1,0,0.0,-0.09713141035465264,5.0,0,74.97,B
2108,Eindhoven University of Technology,https://www.tue.nl,Netherlands,Western & Northern Europe,1,1,6,1,1,0,0,0,0,0,1,1,4,0,0,1,1,1,1,0,1,1,1,0,0,1,0,1,1,1,1,1,1,1,1,1,0,1,1,1,0,0,1,0,1,1,1,5.02,0,1,0,0,0,1,0,75,1,0,1,1,1,1,93.8,0,1,0,0,0.0,-0.08815921627751022,3650.0,1,74.96,B
3316,Sts. Cyril and Methodius University Skopje,https://www.ukim.edu.mk,Balkans,Eastern & Southern Europe,1,1,10,1,1,0,0,1,1,1,1,1,8,1,1,1,1,1,1,0,0,0,1,1,1,1,0,1,1,1,1,1,1,1,1,0,1,0,1,0,0,0,0,0,1,1,0,15.43,0,1,0,0,0,0,0,90,1,0,0,0,1,1,80.0,0,1,0,0,0.0,0.7773739246412248,70.0,0,74.96,B
1197,Gonzaga University,https://www.gonzaga.edu,United States,North America,1,1,1,1,0,0,0,1,0,0,1,1,7,1,1,1,0,1,1,11,1,1,0,1,1,1,0,1,1,1,1,1,1,1,1,1,1,1,1,1,0,0,1,0,0,1,1,12.63,0,1,1,0,0,0,1,75,1,1,1,1,1,1,79.2,0,1,1,0,0.6931471805599453,1.3108931957632453,34.0,0,74.96,B
1044,"University of California, Santa Cruz",https://www.ucsc.edu,United States,North America,0,1,7,1,0,0,0,1,1,1,1,0,0,0,1,1,1,1,1,0,0,0,0,1,1,1,0,1,1,1,1,1,1,1,1,1,1,1,0,0,0,0,0,0,1,1,0,21.0,0,1,0,0,0,0,0,90,1,2,1,0,1,1,100.0,0,1,1,0,1.0986122886681098,-0.3462076417125251,11.0,0,74.92,B
2011,University of Glasgow,https://www.gla.ac.uk,United Kingdom,Western & Northern Europe,1,1,4,1,0,0,0,1,0,0,1,0,0,0,1,1,0,0,1,1,0,0,0,0,0,1,0,1,1,1,1,1,1,1,1,1,1,1,1,0,0,0,1,0,1,1,1,12.29,0,1,0,0,0,0,1,90,1,0,1,1,1,1,96.9,0,1,1,0,0.0,-1.0127801896868334,0.0,0,74.88,B
1078,University of Kansas,https://ku.edu,United States,North America,1,1,7,1,0,0,0,1,0,0,0,1,9,0,0,1,1,1,0,0,0,0,0,0,0,1,0,1,1,1,1,1,1,1,1,1,1,1,1,1,0,0,1,0,1,1,1,12.63,0,1,0,0,0,0,0,100,1,0,1,1,1,1,100.0,0,1,1,0,0.0,1.2332068832175003,3650.0,1,74.86,B
3087,Poznan University of Technology,https://www.put.poznan.pl,Poland,Eastern & Southern Europe,1,1,0,1,1,0,0,0,0,0,1,0,0,0,1,1,1,1,1,1,1,1,0,1,1,1,0,1,0,1,1,1,1,1,1,1,1,1,1,1,0,0,1,0,0,1,1,1.51,0,1,1,0,0,1,0,75,1,0,0,0,1,1,72.0,0,1,0,0,0.0,-0.6028695410940871,49.0,0,74.82,B
6138,University of Ilorin,https://www.unilorin.edu.ng,Sub-Saharan Africa,Latin America & Africa,1,1,4,1,0,0,0,0,1,0,1,0,1,1,0,1,1,1,1,10,1,1,0,0,1,1,0,1,1,1,1,1,1,1,1,1,1,0,1,0,0,0,1,0,1,1,1,2.49,0,1,1,0,0,0,0,90,1,0,1,0,1,1,41.5,0,1,0,0,0.0,-0.9392014335572607,3650.0,1,74.81,B
4173,Brawijaya University,https://www.ub.ac.id,Indonesia,Asia (East & Southeast),1,1,7,1,1,0,1,1,1,1,1,1,5,1,1,1,1,1,1,1,0,0,0,1,1,1,0,1,1,0,1,1,1,1,1,0,1,1,1,0,0,0,0,1,1,1,1,12.63,0,1,1,0,0,0,0,75,1,0,1,0,1,1,62.1,0,1,0,0,0.0,-0.4349498602661878,1.0,0,74.81,B
1101,Miami University,https://www.miamioh.edu,United States,North America,1,1,5,1,0,0,0,1,0,0,1,0,0,1,0,1,1,1,1,1,1,1,0,1,1,1,0,1,1,1,1,1,1,1,1,1,1,1,1,0,0,0,1,0,1,1,1,21.0,0,1,1,0,0,0,0,100,1,1,1,1,1,1,65.9,0,1,1,0,0.6931471805599453,2.2205481247988876,3650.0,1,74.8,B
6340,University of Zambia,https://www.unza.zm,Sub-Saharan Africa,Latin America & Africa,1,1,6,1,0,0,0,0,1,1,0,0,0,1,1,1,1,1,1,1,1,1,1,0,1,1,0,1,1,1,1,1,1,0,1,1,1,1,1,1,0,0,0,0,1,0,1,21.0,0,1,0,0,0,0,0,75,1,0,1,0,1,1,64.7,0,1,0,1,0.0,-0.3131434548224722,175.0,0,74.77,B
5096,University of Chittagong,https://www.cu.ac.bd,Bangladesh,South & Central Asia + Oceania,1,1,11,1,0,0,0,0,0,0,1,1,8,1,0,1,1,1,1,4,1,1,1,0,1,1,0,1,1,1,1,1,1,1,1,0,1,0,1,1,0,0,1,0,1,1,1,4.21,0,1,1,0,0,0,0,90,1,0,1,0,1,1,13.0,0,1,0,0,0.0,-0.7998410027426441,3650.0,1,74.76,B
5079,Pakistan Institute of Engineering and Applied Sciences,https://www.pieas.edu.pk,Pakistan,South & Central Asia + Oceania,1,1,9,1,0,0,0,1,0,0,1,0,0,1,1,1,0,1,1,8,1,1,1,1,1,1,0,1,1,1,1,1,1,1,1,1,0,0,1,0,0,0,1,0,1,1,1,5.74,0,1,0,0,0,0,0,75,1,0,1,0,1,1,68.3,0,1,0,0,0.0,0.08868691422744346,3650.0,1,74.76,B
2158,IT University of Copenhagen,https://en.itu.dk,Denmark,Western & Northern Europe,1,1,5,1,1,1,0,1,0,0,1,1,3,0,1,1,0,1,1,0,1,1,1,0,1,1,0,1,1,0,1,1,1,0,1,1,1,1,1,1,0,1,1,0,0,1,1,12.63,0,1,1,0,0,1,0,75,1,0,0,1,0,1,85.7,0,1,1,0,0.0,1.7208291030599023,2.0,0,74.75,B
1165,San Diego State University,https://www.sdsu.edu,United States,North America,1,1,4,1,0,0,0,1,1,1,0,1,7,1,0,1,0,1,1,6,1,1,1,0,1,1,0,1,1,1,1,1,1,1,1,1,1,1,1,0,0,0,1,0,1,1,1,21.0,0,1,1,0,0,0,0,75,1,0,1,1,1,1,100.0,0,1,1,0,0.0,0.546252716812993,3650.0,1,74.75,B
2182,University of Vienna,https://www.univie.ac.at,Switzerland/Austria,Western & Northern Europe,1,1,4,1,1,0,1,1,0,0,1,1,10,1,1,1,0,1,1,1,0,1,1,0,0,1,0,1,1,0,1,1,1,1,1,1,1,1,1,1,0,0,0,1,1,1,1,16.43,0,1,1,0,0,1,0,100,1,0,1,1,1,0,26.1,0,1,1,0,0.0,-0.39345630663217523,0.0,0,74.73,B
3038,Sant'Anna School of Advanced Studies,https://www.santannapisa.it,Italy,Eastern & Southern Europe,1,1,5,1,1,0,0,0,0,0,1,1,10,1,1,1,0,1,0,4,1,1,1,1,0,1,0,1,1,1,1,1,1,0,1,1,1,0,0,1,0,0,1,0,1,1,1,16.14,0,1,1,0,0,0,0,75,1,2,1,0,1,1,100.0,0,1,0,0,1.0986122886681098,0.005297436994346995,0.0,0,74.72,B
5401,Indian Institute of Technology Bhilai,https://www.iitbhilai.ac.in,India,South & Central Asia + Oceania,1,1,9,1,1,0,0,0,0,0,1,1,2,1,1,1,1,1,1,1,1,1,1,0,0,1,0,1,1,1,1,1,1,1,0,0,1,0,1,1,0,0,0,1,1,1,0,12.63,0,1,0,0,0,0,1,20,1,0,0,1,1,0,81.5,0,1,0,0,0.0,1.6309419544111734,0.0,0,74.68,B
1033,Boston University,https://www.bu.edu,United States,North America,0,1,3,1,0,0,0,0,0,0,1,0,0,1,0,1,1,1,1,0,1,1,0,0,0,1,0,1,1,1,1,1,1,1,1,1,1,1,1,1,0,0,1,0,1,1,1,12.61,0,1,0,0,0,0,0,100,1,0,0,1,1,1,30.0,0,1,1,0,0.0,-1.0932392231524082,3650.0,1,74.67,B
4071,Okayama University,https://www.okayama-u.ac.jp,Japan,Asia (East & Southeast),1,1,5,1,0,0,0,0,0,0,0,0,0,0,1,1,0,1,1,1,1,0,0,0,0,1,0,1,1,1,1,1,1,0,1,1,1,0,1,0,0,0,1,1,1,1,1,4.17,0,1,1,0,0,0,0,75,1,1,0,1,1,0,65.7,0,1,0,0,0.6931471805599453,-0.2184321031649503,0.0,0,74.65,B
3142,University of South Bohemia,https://www.jcu.cz,Czechia,Eastern & Southern Europe,1,1,0,1,1,0,0,0,0,0,1,1,10,1,1,1,1,1,1,0,0,0,1,1,0,1,0,1,1,1,1,1,1,1,1,1,1,1,1,1,0,0,0,0,1,1,0,16.67,0,1,1,0,0,0,0,90,1,1,1,0,1,1,2.4,0,1,1,0,0.6931471805599453,-0.06187859151321197,0.0,0,74.47,B
1040,University of Virginia,https://www.virginia.edu,United States,North America,1,1,5,1,0,0,0,0,0,0,1,1,5,1,0,1,1,1,1,3,1,1,0,0,1,1,0,1,1,1,1,1,1,1,1,1,0,0,1,0,0,0,0,0,1,1,1,5.74,0,1,1,0,0,0,0,75,1,0,1,1,1,1,79.2,0,1,1,0,0.0,1.945642160137012,3650.0,1,74.37,B
1188,Carleton University,https://carleton.ca,Canada,North America,1,1,10,1,0,0,0,0,0,0,1,1,5,0,0,1,1,1,1,4,1,1,0,0,1,1,0,1,1,1,1,1,1,1,1,1,1,1,1,1,0,0,0,0,1,1,0,12.63,0,1,1,0,0,0,0,90,1,0,1,1,1,1,42.1,0,1,1,0,0.0,-0.03173344852734948,3650.0,1,74.33,B
1037,University of Notre Dame,https://www.nd.edu,United States,North America,1,1,3,1,1,0,0,0,0,0,0,0,1,1,0,1,1,1,1,0,1,1,0,1,1,1,0,1,1,1,1,1,1,1,1,1,1,1,1,0,0,0,1,0,1,1,1,7.46,0,1,0,0,0,0,0,100,1,0,1,1,1,1,100.0,0,1,1,0,0.0,5.329450771129539,3650.0,1,74.29,B
3021,Bocconi University,https://www.unibocconi.it,Italy,Eastern & Southern Europe,1,1,2,1,1,0,0,1,0,0,0,0,1,1,0,1,1,1,1,0,1,1,0,0,1,1,0,1,1,1,1,1,1,1,1,1,1,0,1,1,0,0,1,0,1,1,1,19.32,0,1,0,0,0,1,0,100,1,0,1,1,1,1,75.0,0,1,1,0,0.0,-0.40689467392803486,3650.0,1,74.15,B
3088,Warsaw University of Life Sciences,https://www.sggw.edu.pl,Poland,Eastern & Southern Europe,1,1,10,1,1,0,0,1,1,1,0,1,9,0,1,1,0,1,1,5,1,1,1,0,0,1,0,1,1,1,1,1,1,0,0,0,0,1,1,1,0,0,1,1,1,1,1,21.0,0,1,1,0,0,0,0,90,1,0,1,0,1,0,51.4,0,1,1,0,0.0,0.8635383772069201,0.0,0,74.15,B
3120,University of Crete,https://www.uoc.gr,Greece,Eastern & Southern Europe,1,1,4,1,1,0,0,0,0,0,1,1,3,1,1,1,1,1,1,2,1,1,0,1,0,1,0,1,1,1,1,1,1,1,0,0,1,1,1,0,0,0,0,0,1,1,1,5.49,0,1,1,0,0,1,0,90,1,0,0,0,1,1,72.0,0,1,1,0,0.0,2.489377403165867,4.0,0,74.14,B
1069,Florida State University,https://www.fsu.edu,United States,North America,1,1,3,1,0,0,0,1,0,0,1,0,0,1,1,1,1,1,1,7,0,0,1,0,1,1,0,1,1,1,1,1,1,0,1,1,1,1,0,0,0,0,0,0,1,1,1,9.0,0,1,1,1,0,0,0,75,1,0,0,1,0,1,50.0,0,1,0,0,0.0,-0.17736938911310585,0.0,0,74.02,B
5178,National University of Uzbekistan,https://www.nuu.uz,Central Asia,South & Central Asia + Oceania,1,1,2,1,1,0,0,1,1,1,1,1,10,1,1,1,0,0,1,7,1,1,1,1,1,1,0,1,1,1,1,1,1,1,1,1,1,1,1,0,0,0,1,0,1,1,1,13.61,0,1,0,0,0,0,0,90,1,0,1,0,1,1,3.8,0,1,0,0,0.0,0.9312649187483167,1.0,0,73.97,B
5322,Comilla University,https://www.cou.ac.bd,Bangladesh,South & Central Asia + Oceania,1,1,6,0,0,0,0,0,1,1,1,0,0,1,0,1,1,1,1,5,1,1,1,0,0,1,0,1,1,1,1,1,1,1,1,1,1,0,1,1,0,0,0,0,1,1,0,15.43,0,1,1,0,0,0,0,75,1,2,1,0,1,0,50.0,0,1,0,0,1.0986122886681098,-1.0931383162482662,3650.0,1,73.92,B
1074,University of South Carolina,https://www.sc.edu,United States,North America,1,1,9,1,0,0,0,0,0,0,1,0,0,0,0,1,1,1,1,0,1,1,0,1,1,1,0,1,1,1,1,1,1,1,1,1,1,0,1,0,0,0,0,0,1,1,1,15.91,0,1,1,0,0,0,0,75,1,0,1,1,0,1,66.7,0,1,1,0,0.0,-0.43363063876400315,3650.0,1,73.9,B
4176,University of North Sumatra,https://www.usu.ac.id,Indonesia,Asia (East & Southeast),1,1,10,1,1,0,1,1,1,1,1,1,10,1,1,1,1,1,0,0,1,1,0,1,0,1,0,1,1,0,1,1,1,1,0,1,1,1,1,0,0,0,1,1,1,1,1,21.0,0,0,0,0,0,0,0,90,1,0,1,1,1,1,100.0,0,1,1,0,0.0,-0.9811605505623584,0.0,0,73.89,B
5313,MNIT Jaipur,https://www.mnit.ac.in,India,South & Central Asia + Oceania,1,1,10,0,0,0,0,1,1,1,1,0,1,1,1,1,0,1,1,0,1,0,1,1,1,1,0,1,1,1,1,1,1,1,1,0,1,1,1,1,0,0,1,0,1,1,1,21.0,0,1,0,1,0,1,0,75,1,0,1,1,1,0,94.9,0,1,1,0,0.0,-0.6970240000637288,0.0,0,73.88,B
1135,Williams College,https://www.williams.edu,United States,North America,0,1,4,0,1,0,0,0,0,0,0,1,10,1,1,1,0,1,1,15,1,1,1,1,1,1,1,1,1,0,1,1,1,1,0,1,1,1,1,0,0,1,1,0,1,1,1,21.0,0,1,0,0,0,0,0,90,1,2,1,0,1,1,100.0,0,1,1,0,1.0986122886681098,0.34924022819698375,0.0,0,73.82,B
6528,Bahir Dar University,https://www.bdu.edu.et,Sub-Saharan Africa,Latin America & Africa,1,1,7,1,0,0,0,0,0,1,0,0,0,1,1,1,0,1,1,9,1,1,0,0,0,1,0,1,1,1,1,1,1,1,1,0,0,0,0,1,0,0,1,0,1,1,1,21.0,0,1,1,0,0,0,0,75,1,0,1,0,1,1,84.2,0,1,0,0,0.0,0.11825312729854258,12.0,0,73.8,B
1118,Brandeis University,https://www.brandeis.edu,United States,North America,1,1,7,1,0,0,0,1,0,0,1,0,0,1,0,1,1,1,0,0,0,0,0,1,1,1,0,1,1,1,1,1,1,1,1,1,1,1,1,0,0,0,1,0,1,1,1,21.0,0,1,0,0,0,0,0,75,1,0,0,1,1,1,45.8,0,1,1,0,0.0,-0.07171600405089279,3650.0,1,73.73,B
1195,Baylor College of Medicine,https://www.bcm.edu,United States,North America,1,1,5,1,0,1,0,0,1,1,1,0,0,0,0,1,1,1,1,0,0,0,0,0,0,1,0,1,1,1,1,1,1,1,0,1,1,1,1,1,0,0,1,0,1,1,1,12.63,0,1,1,0,0,0,0,100,1,0,0,1,1,0,100.0,0,1,0,0,0.0,0.467530586766638,3650.0,1,73.69,B
3081,University of Wroclaw,https://www.uwr.edu.pl,Poland,Eastern & Southern Europe,1,1,2,1,1,0,0,1,0,0,0,0,0,0,1,1,0,1,0,0,1,0,0,1,0,1,0,1,1,1,1,1,1,1,1,0,1,1,1,1,0,0,1,1,0,1,1,21.0,0,1,1,0,0,0,0,90,1,6,1,0,1,0,75.0,0,1,1,0,1.9459101490553132,1.3599244438587759,23.0,0,73.54,B
1134,Vassar College,https://www.vassar.edu,United States,North America,1,1,5,1,0,0,0,0,1,1,1,1,5,1,0,1,1,1,1,1,1,1,0,0,1,1,0,1,1,1,1,1,1,1,1,1,0,0,0,0,0,0,0,0,1,1,1,8.86,0,1,1,0,0,0,0,100,1,0,1,1,1,1,100.0,0,1,0,0,0.0,-1.296880943772321,3650.0,1,73.54,B
1092,Texas Christian University,https://www.tcu.edu,United States,North America,1,1,6,1,0,0,0,1,1,1,0,1,3,1,0,1,1,1,1,2,1,1,0,1,1,1,0,1,1,1,1,1,1,1,1,1,1,1,0,0,0,0,1,0,1,1,1,16.52,0,1,0,0,0,0,0,100,1,0,1,1,1,1,64.0,0,1,1,0,0.0,-0.5096596433087723,3650.0,1,73.35,B
1114,Villanova University,https://www1.villanova.edu,United States,North America,1,1,8,1,0,0,0,0,0,0,1,1,10,1,1,1,1,1,1,1,1,1,1,1,1,1,0,1,1,1,1,1,1,1,1,0,1,1,1,1,0,0,1,0,1,1,1,14.94,0,1,1,1,0,1,0,75,1,1,0,1,1,0,100.0,0,1,1,0,0.6931471805599453,2.381099837393427,460.0,0,73.32,B
6108,Stellenbosch University,https://www.sun.ac.za,South Africa,Latin America & Africa,1,1,5,1,1,0,0,0,0,0,1,1,8,1,1,1,0,1,1,5,1,1,0,0,1,1,0,0,1,1,1,1,1,0,1,1,1,1,1,0,0,0,1,0,1,1,1,13.02,0,1,1,1,0,0,0,90,1,1,1,1,1,0,95.5,0,1,1,0,0.6931471805599453,-0.5195855123264168,138.0,0,73.28,B
2144,BI Norwegian Business School,https://www.bi.edu,Norway,Western & Northern Europe,1,1,2,1,1,0,0,1,1,1,0,0,0,0,1,1,0,1,1,0,1,1,0,1,0,1,0,0,1,0,1,1,1,1,1,0,1,1,1,1,0,1,0,0,1,1,1,21.0,0,1,0,0,0,0,0,90,1,0,1,1,1,1,85.7,0,1,0,0,0.0,-0.19461308654414863,0.0,0,73.28,B
5332,Tajik National University,https://www.tnu.tj,Central Asia,South & Central Asia + Oceania,1,1,9,1,1,0,0,0,0,0,0,1,10,1,1,1,0,1,0,14,0,0,1,0,0,1,0,1,1,1,1,1,1,1,1,1,0,0,1,0,0,0,0,0,0,1,0,21.0,0,1,0,0,0,0,0,75,1,15,1,0,1,1,14.3,0,1,0,0,2.772588722239781,2.363696409319386,98.0,0,73.26,B
5409,NIT Raipur,https://www.nitrr.ac.in,India,South & Central Asia + Oceania,1,1,10,0,0,0,0,0,0,0,1,0,0,1,0,1,1,1,1,0,1,1,1,1,1,1,0,1,1,1,1,1,1,1,1,0,1,1,1,0,0,1,1,0,1,1,1,12.63,0,1,1,0,0,0,0,75,1,2,1,0,1,0,30.8,0,0,0,0,1.0986122886681098,-0.7017493456702082,3650.0,1,73.22,B
2127,University of Gothenburg,https://www.gu.se,Sweden,Western & Northern Europe,0,1,7,1,1,0,0,1,0,0,1,1,8,0,1,1,0,1,0,3,1,0,1,0,0,1,0,1,1,0,1,1,1,0,1,1,1,1,1,1,0,1,1,0,0,1,1,1.99,0,1,0,0,0,0,0,75,1,0,1,0,1,1,0.0,0,1,1,0,0.0,1.1580057935180614,0.0,0,73.16,B
5327,Sabaragamuwa University of Sri Lanka,https://www.sab.ac.lk,Sri Lanka,South & Central Asia + Oceania,1,1,7,0,0,0,0,1,1,1,1,1,2,1,1,1,0,0,1,18,1,0,1,1,0,1,0,1,1,1,1,1,1,1,1,1,0,0,1,1,0,0,1,0,1,1,1,4.06,0,1,1,0,0,0,0,75,1,1,1,1,1,1,90.5,0,1,0,0,0.6931471805599453,-0.6443934265846643,0.0,0,73.15,B
1076,University of Kentucky,https://www.uky.edu,United States,North America,0,1,4,1,0,1,0,1,1,1,0,1,6,0,0,1,1,1,0,0,0,0,0,0,0,1,0,1,1,1,1,1,1,1,1,1,1,1,1,0,0,0,0,0,1,1,0,21.0,0,1,0,0,0,0,0,100,1,0,0,0,1,1,75.0,0,1,1,0,0.0,1.1014508971399166,3650.0,1,73.09,B
1066,George Washington University,https://www.gwu.edu,United States,North America,1,1,7,1,0,0,0,0,1,1,1,0,1,1,1,0,1,1,0,20,1,1,1,1,1,1,0,1,1,1,1,1,1,0,0,1,1,1,1,0,0,0,1,0,1,1,1,9.74,0,1,1,1,0,0,1,90,1,0,1,1,1,1,92.3,0,1,1,0,0.0,-0.04582056653564448,0.0,0,73.09,B
5140,University of Southern Queensland,https://www.usq.edu.au,Australia,South & Central Asia + Oceania,1,1,1,1,0,0,0,0,0,0,1,0,0,0,0,1,1,1,1,0,0,0,0,0,0,1,0,1,1,1,0,1,1,1,1,1,1,1,1,0,0,1,0,0,1,1,1,14.94,0,1,1,0,0,0,0,100,1,0,1,1,1,1,80.0,0,1,0,0,0.0,0.5825670015805218,3650.0,1,73.07,B
1014,Duke University,https://www.duke.edu,United States,North America,1,1,3,1,0,0,0,0,0,1,0,0,1,0,0,1,1,1,0,0,1,1,0,1,1,1,0,1,1,1,1,1,1,1,1,1,1,1,1,0,0,0,1,0,0,1,1,21.0,0,1,1,0,0,0,0,90,1,0,1,1,1,1,97.2,0,1,1,0,0.0,1.4155107633248483,3650.0,1,73.05,B
2071,Leibniz University Hannover,https://www.uni-hannover.de,Germany,Western & Northern Europe,1,1,20,1,1,0,0,0,0,0,1,1,5,0,1,1,1,1,1,2,1,1,1,0,0,1,0,1,0,0,1,1,1,1,1,1,1,1,1,0,0,0,0,1,1,1,0,19.8,0,1,1,0,0,0,0,75,1,0,1,1,1,0,95.2,0,1,1,0,0.0,-0.30979665915611515,22.0,0,73.05,B
1070,North Carolina State University,https://www.ncsu.edu,United States,North America,0,1,5,1,0,0,1,1,0,0,0,1,5,0,0,1,1,1,1,16,1,1,0,0,0,1,0,1,1,1,1,1,1,0,1,1,1,1,1,0,0,0,1,0,1,1,1,12.63,0,1,0,0,0,0,0,90,1,0,1,1,1,1,85.0,0,1,1,0,0.0,-1.019281853608859,3650.0,1,73.05,B
1129,Clarkson University,https://www.clarkson.edu,United States,North America,1,1,5,1,0,0,0,1,1,1,1,0,0,0,0,1,1,1,1,0,0,0,0,1,1,1,0,1,1,1,1,1,1,1,1,0,1,1,1,1,0,0,1,0,1,1,1,9.68,0,1,1,1,0,0,0,75,1,0,1,1,1,1,88.9,0,1,1,0,0.0,-0.15955332810261497,3650.0,1,73.04,B
1131,Hamilton College,https://www.hamilton.edu,United States,North America,1,1,3,1,0,0,0,0,0,0,1,1,3,0,0,1,1,1,1,1,1,1,0,1,1,1,0,1,1,1,1,1,1,1,1,1,1,1,1,0,0,0,1,0,1,1,1,1.0,0,1,0,0,0,0,0,100,1,0,1,1,1,1,95.5,0,1,1,0,0.0,-0.11708481057760771,3650.0,1,73.04,B
4196,De La Salle University,https://www.dlsu.edu.ph,Philippines,Asia (East & Southeast),1,1,3,1,0,0,0,1,1,1,1,0,0,1,0,1,1,1,1,0,1,1,0,1,0,1,0,1,1,1,1,1,1,1,1,1,1,1,1,1,0,0,1,0,1,1,1,21.0,0,1,1,0,0,1,0,75,1,0,1,1,1,1,2.6,0,1,0,0,0.0,-0.3271926447301687,3650.0,1,73.02,B
1159,Scripps College,https://www.scrippscollege.edu,United States,North America,1,1,3,1,0,0,0,0,0,1,1,1,5,0,0,1,0,1,1,11,1,1,0,0,0,1,0,1,1,1,1,1,1,1,1,1,0,1,1,0,0,0,1,0,1,1,1,12.63,0,1,1,0,0,1,1,75,1,1,1,1,1,1,35.7,0,1,1,0,0.6931471805599453,-0.6550884203944068,3650.0,1,72.92,B
2069,Bielefeld University,https://www.uni-bielefeld.de,Germany,Western & Northern Europe,1,1,7,1,0,0,0,0,0,0,0,1,3,1,1,1,1,1,1,3,1,1,1,0,0,1,0,1,0,0,1,1,1,0,1,1,1,1,1,1,0,0,0,0,1,1,1,21.0,0,1,0,0,0,0,1,90,1,0,1,1,1,0,100.0,0,1,1,0,0.0,-0.692448611959659,0.0,0,72.92,B
2120,Hanze University of Applied Sciences,https://www.hanze.nl,Netherlands,Western & Northern Europe,1,1,5,1,1,1,0,0,1,1,1,0,0,0,1,1,0,1,1,15,1,1,1,1,1,1,0,0,0,0,1,1,1,1,0,1,1,1,1,1,0,0,0,0,0,1,1,12.63,0,1,0,0,0,0,1,100,1,0,1,0,1,1,99.2,0,1,0,0,0.0,0.15263507341445373,0.0,0,72.91,B
4308,University of Yangon,https://www.uy.edu.mm,Other SE/E Asia,Asia (East & Southeast),1,1,9,1,1,1,0,0,1,2,1,1,4,0,0,1,0,1,1,0,0,0,1,1,0,1,0,1,1,1,1,1,1,1,1,0,0,1,1,0,1,0,1,0,1,1,0,12.63,0,1,1,0,0,1,0,90,1,0,1,0,1,1,3.4,0,0,0,0,0.0,-1.0445707556077626,3650.0,1,72.9,B
5066,Quaid-i-Azam University,https://www.qau.edu.pk,Pakistan,South & Central Asia + Oceania,1,1,6,0,0,0,1,1,0,0,1,1,10,1,1,1,0,1,1,11,1,1,0,1,0,1,1,1,1,1,1,1,1,1,1,1,1,0,1,1,0,0,1,0,1,1,1,12.63,0,1,1,0,0,0,0,90,1,0,1,0,1,1,72.7,0,1,0,0,0.0,0.1295855951662829,242.0,0,72.89,B
4114,Ajou University,https://www.ajou.ac.kr,South Korea,Asia (East & Southeast),1,1,3,0,1,0,0,1,1,0,1,0,0,1,1,1,1,1,0,0,1,1,1,1,0,1,0,1,1,1,1,1,1,1,1,1,1,1,1,1,0,0,1,1,1,1,1,12.63,0,1,1,0,0,1,0,75,1,0,0,0,1,1,100.0,0,1,0,0,0.0,2.0530980269425636,897.0,0,72.89,B
5300,Indian Institute of Technology Patna,https://www.iitp.ac.in,India,South & Central Asia + Oceania,1,1,7,0,0,0,0,1,0,0,1,1,5,1,1,1,0,1,1,0,0,0,1,1,1,1,0,1,1,1,1,1,1,1,1,0,1,0,1,1,0,0,0,1,1,1,1,21.0,0,1,1,0,0,1,0,75,1,8,1,1,1,1,100.0,0,1,0,0,2.1972245773362196,-0.09543862147330835,0.0,0,72.82,B
3076,University of Warsaw,https://www.uw.edu.pl,Poland,Eastern & Southern Europe,1,1,6,1,0,0,0,1,0,0,0,0,0,0,0,1,1,1,0,0,0,0,0,0,0,1,0,1,1,1,1,1,1,1,1,0,0,0,1,0,1,0,0,1,1,1,0,11.24,0,1,1,0,0,0,0,75,1,1,1,0,1,0,27.3,0,1,1,0,0.6931471805599453,0.1964356301078548,3650.0,1,72.78,B
4156,Universiti Utara Malaysia,https://www.uum.edu.my,Malaysia,Asia (East & Southeast),1,1,5,0,0,0,0,1,1,1,0,1,5,0,1,1,0,1,0,3,1,0,1,0,0,1,0,1,1,1,1,1,1,1,1,1,1,1,0,0,0,0,1,0,1,1,1,21.0,0,1,1,0,0,0,0,75,1,0,1,1,1,1,93.3,0,1,1,0,0.0,-0.4584276893494543,127.0,0,72.76,B
5095,Jahangirnagar University,https://www.juniv.edu,Bangladesh,South & Central Asia + Oceania,1,1,14,0,0,0,0,0,1,1,1,0,0,1,1,1,1,1,1,1,1,1,0,1,0,1,0,1,1,1,1,1,1,0,1,1,0,0,1,1,0,0,0,0,1,1,0,12.63,0,1,1,0,0,0,0,75,1,0,1,0,1,1,92.9,0,1,0,0,0.0,-0.8317778213243674,1.0,0,72.74,B
4207,Ton Duc Thang University,https://www.tdtu.edu.vn,Vietnam,Asia (East & Southeast),1,1,6,0,1,0,0,1,1,1,0,1,3,0,1,1,0,1,1,8,1,1,1,1,1,1,0,1,1,1,1,1,1,1,0,0,0,0,1,0,0,0,0,0,1,1,1,15.43,0,1,1,0,0,0,0,75,1,0,0,1,1,1,13.6,0,1,0,0,0.0,0.0014969624355652003,4.0,0,72.74,B
5326,Rajarata University of Sri Lanka,https://www.rjt.ac.lk,Sri Lanka,South & Central Asia + Oceania,1,1,7,1,0,0,0,0,1,1,1,1,6,1,1,1,0,0,1,1,1,1,0,1,1,1,0,1,1,1,1,1,1,0,1,1,1,0,1,0,0,0,1,1,1,1,1,12.63,0,1,1,0,0,0,0,90,1,0,1,1,1,1,82.9,0,1,0,0,0.0,-0.37651521358286283,0.0,0,72.66,B
2123,Uppsala University,https://www.uu.se,Sweden,Western & Northern Europe,1,1,4,1,1,0,0,0,0,0,0,1,9,0,1,1,0,1,0,20,1,1,1,1,0,1,0,0,1,1,1,1,1,0,1,1,1,1,1,0,0,0,1,0,1,1,0,6.93,0,1,1,0,0,0,0,90,1,0,1,1,1,1,31.0,0,1,0,0,0.0,3.1777194278024186,0.0,0,72.63,B
3152,Bucharest University of Economic Studies,https://www.ase.ro,Romania,Eastern & Southern Europe,1,1,6,1,1,0,0,1,0,0,0,0,0,0,0,1,1,0,1,0,0,0,0,1,0,1,0,0,1,1,1,1,1,1,1,1,0,1,1,1,0,0,1,1,1,1,1,15.52,0,1,1,0,0,0,0,90,1,0,1,0,1,0,52.6,0,1,0,0,0.0,-1.531331823106562,3650.0,1,72.62,B
5172,Far Western University,https://www.fwu.edu.np,Nepal,South & Central Asia + Oceania,1,1,8,0,0,0,0,0,1,1,1,1,4,1,1,1,0,1,0,7,1,1,0,0,0,1,1,1,1,1,1,1,1,1,1,0,0,0,1,0,1,0,1,0,1,0,0,3.54,0,1,1,0,0,0,0,75,1,0,1,0,1,0,8.3,0,0,0,0,0.0,0.20991647047643391,1.0,0,72.58,B
2133,Lulea University of Technology,https://www.ltu.se,Sweden,Western & Northern Europe,1,1,8,1,1,0,0,0,0,0,0,0,1,0,1,1,1,1,0,11,1,1,1,0,0,1,0,0,1,0,1,1,1,0,1,1,0,1,1,0,0,0,1,0,0,1,1,16.86,0,1,1,0,0,0,0,75,1,0,1,1,1,1,87.5,0,1,1,0,0.0,0.059518248397621695,0.0,0,72.57,B
1079,University of Nebraska-Lincoln,https://www.unl.edu,United States,North America,1,1,6,1,0,1,0,1,0,0,1,0,1,1,0,1,1,1,1,3,1,1,0,1,0,1,0,1,1,1,1,1,1,0,1,1,1,1,1,0,0,0,0,0,1,1,0,10.05,0,1,0,0,0,0,1,100,1,1,1,0,1,1,86.4,0,1,1,0,0.6931471805599453,-0.516910365813042,3650.0,1,72.56,B
5077,Bahauddin Zakariya University,https://www.bzu.edu.pk,Pakistan,South & Central Asia + Oceania,1,1,20,1,0,0,0,1,1,1,1,1,10,1,0,1,1,1,1,0,1,1,0,0,0,1,0,1,1,1,1,1,1,1,1,1,1,1,1,1,1,0,0,0,0,0,0,3.9,0,1,0,1,0,0,0,75,1,0,1,1,0,1,93.8,0,1,0,0,0.0,0.2060058396296924,3650.0,1,72.53,B
5113,Australian National University,https://www.anu.edu.au,Australia,South & Central Asia + Oceania,1,1,8,1,0,0,0,0,0,0,1,0,0,0,0,1,1,1,1,0,1,1,0,1,0,1,1,1,1,1,1,1,1,1,1,1,1,1,1,0,0,0,0,0,1,1,0,21.0,0,1,1,0,0,1,0,75,1,0,1,1,1,1,52.8,0,1,1,0,0.0,-0.8290077911412587,3650.0,1,72.46,B
1178,Simon Fraser University,https://www.sfu.ca,Canada,North America,1,1,5,1,0,0,0,1,0,0,1,0,0,0,0,1,0,1,1,1,1,1,0,1,1,1,0,1,1,1,1,1,1,1,1,1,1,0,1,1,0,0,0,0,1,1,1,21.0,0,1,1,0,0,0,1,90,1,0,1,1,1,1,41.0,0,1,0,0,0.0,0.8424965219874336,3650.0,1,72.26,B
2307,Hasselt University,https://www.uhasselt.be,Belgium/Ireland/Iceland,Western & Northern Europe,1,1,5,1,1,0,0,1,0,0,0,1,8,0,0,0,0,1,0,1,1,0,0,1,0,1,0,1,1,1,1,1,1,0,1,1,1,1,1,1,0,1,0,0,1,1,0,21.0,0,1,0,0,0,0,1,90,1,0,0,1,1,1,97.3,0,1,0,0,0.0,-0.4087332857364992,3650.0,1,72.24,B
4120,Kookmin University,https://www.kookmin.ac.kr,South Korea,Asia (East & Southeast),1,1,7,1,0,0,0,0,0,0,1,1,5,0,0,1,1,1,0,0,0,0,1,1,1,1,0,1,1,1,1,1,1,1,0,0,1,0,1,1,0,1,0,0,1,1,0,7.46,0,1,1,0,0,0,1,75,1,0,0,1,1,1,67.2,0,1,0,0,0.0,1.2227454051771134,3650.0,1,72.13,B
3166,Odesa I. I. Mechnikov National University,https://www.onu.edu.ua,Ukraine,Eastern & Southern Europe,1,1,5,1,1,0,0,1,0,0,1,0,0,0,1,1,0,1,1,0,0,0,1,1,0,1,0,1,1,1,1,1,1,1,1,1,1,0,0,0,0,0,0,1,1,1,0,7.46,0,0,1,0,0,0,0,75,1,0,1,1,1,1,94.4,0,1,0,0,0.0,-0.8964735696911247,109.0,0,72.12,B
1170,McGill University,https://www.mcgill.ca,Canada,North America,0,1,7,1,1,0,1,1,0,0,1,0,0,1,0,1,0,1,1,0,0,0,0,1,0,1,0,1,1,1,1,1,1,1,1,1,1,1,1,0,0,0,0,0,1,1,0,21.0,0,1,0,0,0,0,0,75,1,0,1,0,1,1,100.0,0,1,1,0,0.0,-1.7816435340577692,3650.0,1,72.08,B
4312,Universiti Malaysia Sabah,https://www.ums.edu.my,Malaysia,Asia (East & Southeast),1,1,7,1,1,1,1,1,0,0,1,1,10,0,0,0,1,1,0,0,0,0,0,1,1,1,0,1,1,1,1,1,1,1,1,1,1,1,1,0,0,0,0,0,1,1,1,15.5,0,1,1,1,0,0,0,75,1,0,0,1,1,0,62.2,0,1,1,0,0.0,1.0236855209839466,3650.0,1,72.08,B
3140,Mendel University in Brno,https://www.mendelu.cz,Czechia,Eastern & Southern Europe,1,1,14,1,1,0,0,0,0,0,1,1,4,1,0,1,1,1,1,17,0,0,0,0,0,1,0,1,1,1,1,1,1,0,1,1,1,0,1,1,0,0,0,1,0,1,0,17.04,0,1,0,0,0,0,0,75,1,0,1,0,1,0,66.7,0,1,1,0,0.0,-0.6904670822679437,3650.0,1,72.02,B
3311,West Pomeranian University of Technology,https://www.zut.edu.pl,Poland,Eastern & Southern Europe,1,1,5,1,0,1,0,1,1,1,1,0,0,1,1,1,0,0,0,0,0,0,1,1,0,1,0,1,0,1,1,1,1,1,1,0,0,0,1,0,0,0,1,1,0,1,0,7.46,0,1,0,0,0,0,0,75,1,0,1,0,1,0,100.0,0,1,1,0,0.0,-0.12153090482792436,18.0,0,71.91,B
5110,Jagannath University,https://www.jnu.ac.bd,Bangladesh,South & Central Asia + Oceania,1,1,10,0,0,0,0,0,0,1,1,0,0,1,1,1,1,1,1,2,1,1,0,1,0,1,0,1,1,1,1,1,1,0,1,0,1,0,1,1,0,0,1,0,1,1,1,21.0,0,1,1,0,0,0,1,75,1,1,1,1,1,1,36.5,0,1,0,0,0.6931471805599453,-1.1592931547389789,0.0,0,71.9,B
1091,Southern Methodist University,https://www.smu.edu,United States,North America,0,1,4,1,0,0,0,1,0,0,0,0,0,0,1,1,1,1,1,6,1,1,0,0,1,1,1,1,1,0,1,1,1,1,1,1,1,1,1,0,0,0,0,0,1,1,1,5.74,0,1,0,1,0,0,0,75,1,0,1,1,0,1,21.1,0,1,0,0,0.0,0.5151781917946949,0.0,0,71.89,B
4201,Polytechnic University of the Philippines,https://www.pup.edu.ph,Philippines,Asia (East & Southeast),1,1,5,1,0,0,0,1,0,0,1,0,0,1,1,1,0,1,0,0,0,0,0,0,1,1,1,1,1,1,1,1,1,0,1,1,1,1,1,1,0,0,1,0,1,1,1,2.53,0,1,1,0,0,0,0,75,1,1,1,1,1,0,100.0,0,1,0,0,0.6931471805599453,-0.10164495336613627,0.0,0,71.85,B
5045,IIIT Hyderabad,https://www.iiit.ac.in,India,South & Central Asia + Oceania,1,1,6,0,0,0,0,1,0,0,1,0,0,1,1,1,1,1,1,9,1,1,1,1,1,1,0,1,1,0,1,1,1,1,1,1,1,1,1,0,0,0,0,0,1,1,1,10.17,0,1,0,0,0,1,0,90,1,1,0,1,1,1,0.0,0,1,0,0,0.6931471805599453,-0.15621634254975106,0.0,0,71.82,B
5012,Indian Institute of Technology ISM Dhanbad,https://www.iitism.ac.in,India,South & Central Asia + Oceania,1,1,12,1,1,0,1,1,0,0,0,1,3,1,1,1,0,1,1,12,1,1,1,0,1,1,0,1,1,1,1,1,1,0,1,0,1,1,1,0,0,0,1,0,1,1,1,14.74,0,1,1,1,0,0,0,75,1,0,0,0,1,1,1.7,0,1,1,0,0.0,0.27362716468793297,50.0,0,71.81,B
6531,Copperbelt University,https://www.cbu.ac.zm,Sub-Saharan Africa,Latin America & Africa,1,1,20,1,0,0,0,1,1,0,0,1,3,1,0,1,1,1,0,2,1,1,0,1,1,1,0,1,1,1,1,1,1,1,1,1,1,1,1,1,0,0,0,0,1,1,1,1.0,0,1,1,0,0,0,0,75,1,0,0,1,1,1,45.5,0,1,0,0,0.0,-0.826864417211704,3650.0,1,71.78,B
3043,Autonomous University of Barcelona,https://www.uab.cat,Spain,Eastern & Southern Europe,1,1,5,1,0,0,1,1,0,0,1,1,8,1,0,1,0,1,0,0,0,0,0,1,0,1,0,1,1,1,1,1,1,1,1,0,1,1,1,1,0,0,1,1,0,1,1,18.73,0,1,0,0,0,1,0,75,1,0,1,1,1,0,100.0,0,1,1,0,0.0,-0.017273708584193036,3650.0,1,71.78,B
1145,Wesleyan University,https://www.wesleyan.edu,United States,North America,1,1,5,1,0,0,0,0,0,0,0,1,5,1,0,1,0,1,1,3,1,1,1,1,1,1,1,1,1,1,1,1,1,0,1,1,1,1,1,0,0,0,1,0,1,1,1,21.0,0,1,1,0,0,0,0,90,1,1,1,1,1,0,63.2,0,1,1,0,0.6931471805599453,-0.46346218278156925,3650.0,1,71.74,B
1177,University of Ottawa,https://www.uottawa.ca,Canada,North America,1,1,4,0,1,0,0,0,0,0,1,1,3,0,1,1,0,1,1,0,1,1,0,1,0,1,0,1,1,1,1,1,1,0,1,1,1,1,1,1,0,0,1,0,0,1,1,13.79,0,1,1,0,0,0,0,100,1,0,1,1,1,1,88.9,0,1,1,0,0.0,0.08262080353998698,0.0,0,71.71,B
4200,Silliman University,https://su.edu.ph,Philippines,Asia (East & Southeast),1,1,7,1,0,0,0,1,1,2,1,1,2,0,1,1,1,1,1,0,0,0,0,1,1,1,0,1,1,0,1,1,1,1,1,1,1,1,1,1,0,0,0,0,1,1,0,5.74,0,1,1,1,0,1,0,90,1,3,1,0,1,1,96.7,0,1,0,0,1.3862943611198906,-0.36953300316238474,5.0,0,71.7,B
2142,University of Agder,https://www.uia.no,Norway,Western & Northern Europe,0,1,1,1,1,1,0,0,0,0,0,1,2,0,1,1,0,0,0,16,0,0,1,0,0,1,0,0,1,1,1,1,1,0,1,1,0,0,1,1,0,0,1,0,0,1,1,12.63,0,1,0,0,0,0,0,75,1,0,1,1,1,0,87.5,0,1,1,0,0.0,-0.4831782474036019,0.0,0,71.68,B
1080,University of Oklahoma,https://www.ou.edu,United States,North America,1,1,7,1,0,0,0,1,0,0,1,0,0,1,1,1,1,1,1,0,1,1,1,1,1,1,1,1,1,1,1,1,1,1,1,0,1,0,0,0,0,0,0,0,1,1,0,12.98,0,1,0,0,0,0,0,75,1,0,1,1,0,1,100.0,0,1,1,0,0.0,0.5640687778234835,4.0,0,71.65,B
3163,Kharkiv Polytechnic Institute,https://www.kpi.kharkov.ua,Ukraine,Eastern & Southern Europe,1,1,3,1,0,0,1,1,1,1,1,0,0,0,1,1,0,1,1,6,1,1,0,0,0,1,0,1,1,1,1,1,1,0,1,0,1,0,1,0,0,0,0,0,1,1,0,13.99,0,1,1,0,0,0,0,90,1,0,1,0,1,1,32.0,0,1,0,0,0.0,-1.134903686873954,4.0,0,71.62,B
4167,Bandung Institute of Technology,https://www.itb.ac.id,Indonesia,Asia (East & Southeast),1,1,2,0,0,0,0,1,1,1,1,0,0,0,1,1,0,1,1,0,1,1,0,0,0,1,0,1,1,1,1,1,1,1,1,0,1,0,1,0,0,0,1,0,0,1,1,8.86,0,1,1,0,0,0,0,75,1,0,0,0,1,1,100.0,0,1,1,0,0.0,-1.3465718903967914,4.0,0,71.62,B
4139,Chinese University of Hong Kong,https://www.cuhk.edu.hk,Hong Kong,Asia (East & Southeast),1,1,20,1,0,0,0,1,0,0,1,0,0,0,1,1,0,1,1,1,1,1,1,0,0,1,0,1,1,1,1,1,1,0,1,0,1,0,1,0,0,0,0,1,1,1,1,6.29,0,1,1,0,0,0,0,75,1,15,0,1,1,1,89.4,0,1,1,0,2.772588722239781,-0.6424376831046301,0.0,0,71.59,B
6145,Jomo Kenyatta University of Agriculture and Technology,https://www.jkuat.ac.ke,Sub-Saharan Africa,Latin America & Africa,1,1,7,1,0,0,0,0,1,1,1,1,2,1,0,1,0,1,1,1,1,1,0,1,0,1,0,1,1,1,1,1,1,1,1,1,1,1,1,0,0,0,0,0,1,1,0,21.0,0,1,1,0,0,0,0,75,1,0,1,0,0,0,90.0,0,1,0,0,0.0,-0.12339066691293618,3650.0,1,71.55,B
1005,Princeton University,https://www.princeton.edu,United States,North America,1,1,0,1,0,0,0,0,1,1,1,0,1,1,1,1,1,1,1,0,1,1,0,0,0,1,0,1,1,0,1,1,1,1,1,1,1,1,1,0,0,0,1,0,1,1,1,8.86,0,1,0,0,0,0,0,90,1,0,1,1,1,1,87.5,0,1,1,0,0.0,-1.70665034701361,5.0,0,71.52,B
2172,University of Eastern Finland,https://www.uef.fi,Finland,Western & Northern Europe,1,1,11,1,1,0,0,0,0,0,0,1,10,0,1,1,0,1,0,20,1,1,1,0,0,1,0,0,1,1,0,1,1,0,1,1,1,1,1,0,0,0,0,0,1,1,1,21.0,0,1,1,0,0,1,0,100,1,0,1,1,1,1,52.7,0,1,0,0,0.0,0.035026583484340595,0.0,0,71.51,B
3019,University of Perugia,https://www.unipg.it,Italy,Eastern & Southern Europe,1,1,1,0,1,0,0,0,1,1,1,0,0,0,1,0,1,1,0,1,0,0,1,0,0,1,0,1,1,1,1,0,1,1,1,0,0,0,1,0,0,1,1,0,1,1,1,15.43,0,1,1,0,0,0,0,100,1,0,1,0,1,0,100.0,0,1,0,0,0.0,-0.26788507893639285,3650.0,1,71.5,B
1142,Colby College,https://www.colby.edu,United States,North America,0,1,5,1,0,0,0,0,0,0,0,0,1,1,0,1,1,1,1,6,1,0,0,0,1,1,0,1,1,0,1,1,1,1,1,1,1,0,1,0,0,0,1,1,0,1,1,21.0,0,1,0,0,0,1,0,90,1,3,1,1,1,1,100.0,0,1,0,0,1.3862943611198906,-0.8172974409899222,3650.0,1,71.49,B
2183,TU Wien,https://www.tuwien.at,Switzerland/Austria,Western & Northern Europe,1,1,3,1,1,0,0,0,0,1,1,1,10,1,1,1,0,1,1,12,1,1,1,1,0,1,0,1,1,0,1,1,1,0,1,1,0,1,1,1,0,0,0,0,1,1,1,19.43,0,1,0,0,0,1,1,100,1,0,1,1,1,0,93.3,0,1,1,0,0.0,-0.47760093757186445,1.0,0,71.49,B
3046,Polytechnic University of Catalonia,https://www.upc.edu,Spain,Eastern & Southern Europe,1,1,2,1,1,0,0,1,1,0,1,0,0,0,0,1,1,1,0,0,1,1,0,0,1,1,0,1,1,1,1,1,1,1,0,1,1,1,1,0,0,0,1,1,1,1,1,18.76,0,1,1,0,0,0,0,90,1,0,1,0,1,0,59.0,0,1,1,0,0.0,-0.08767418646011464,3650.0,1,71.48,B
1032,University of Florida,https://www.ufl.edu,United States,North America,1,1,2,0,0,0,0,1,0,0,0,1,2,1,0,1,1,1,1,1,1,1,0,1,0,1,1,1,1,1,1,1,1,1,1,1,1,0,1,1,0,0,1,0,1,1,1,15.43,0,1,1,0,0,0,0,90,1,0,1,1,1,1,72.2,0,1,1,0,0.0,-0.959204438573483,3650.0,1,71.43,B
3137,Czech University of Life Sciences Prague,https://www.czu.cz,Czechia,Eastern & Southern Europe,1,1,6,1,0,0,0,0,0,0,1,0,0,1,1,1,1,0,1,5,1,1,1,0,0,1,0,1,1,1,1,1,1,0,1,0,1,1,1,0,0,0,1,0,1,1,1,15.43,0,1,1,0,0,0,0,75,1,0,1,0,1,0,11.1,0,1,0,0,0.0,-0.6297399524971105,13.0,0,71.26,B
3150,Carol Davila University of Medicine and Pharmacy,https://www.umfcd.ro,Romania,Eastern & Southern Europe,1,1,5,1,0,0,0,0,0,0,0,0,0,0,1,1,0,1,1,1,1,1,1,0,0,1,0,1,1,1,1,1,1,0,1,0,0,1,1,0,0,0,0,0,1,1,0,14.59,0,1,1,0,0,0,0,75,1,0,1,0,1,1,13.3,0,1,0,0,0.0,-1.4546615825699345,7.0,0,71.2,B
2080,Universite Paris Cite,https://u-paris.fr,France,Western & Northern Europe,1,1,5,1,1,0,0,0,0,0,1,0,0,0,1,1,1,1,1,0,0,0,0,0,0,1,0,0,1,1,1,1,0,1,1,1,0,1,1,1,0,0,0,0,0,1,1,10.05,0,1,1,0,0,0,0,75,1,1,1,0,1,0,55.6,0,1,1,0,0.6931471805599453,-0.21983222665287397,0.0,0,71.19,B
2033,University of Strathclyde,https://www.strath.ac.uk,United Kingdom,Western & Northern Europe,1,1,3,1,0,0,0,0,0,0,1,1,7,1,0,1,0,1,1,0,1,1,1,0,1,1,0,1,1,1,1,1,1,1,1,1,1,1,1,0,0,0,0,0,0,1,1,21.0,0,1,1,1,0,1,1,75,1,0,1,1,1,1,84.2,0,1,1,0,0.0,-0.9722840704737842,3650.0,1,71.19,B
2053,University of Hamburg,https://www.uni-hamburg.de,Germany,Western & Northern Europe,1,1,4,1,1,0,0,0,0,0,0,1,2,1,1,1,1,1,1,2,1,1,1,0,1,1,0,0,1,0,1,1,1,0,1,1,1,0,1,0,0,0,0,1,1,1,1,8.32,0,1,1,0,0,1,0,100,1,0,1,1,0,1,100.0,0,1,1,0,0.0,1.2409379657986774,0.0,0,71.16,B
5144,Charles Sturt University,https://www.csu.edu.au,Australia,South & Central Asia + Oceania,1,1,4,1,0,1,0,1,0,0,0,0,0,0,1,1,1,1,0,0,1,1,0,1,1,1,0,0,1,0,1,1,1,1,1,1,1,1,1,1,0,0,0,0,1,1,1,6.19,0,1,1,0,0,0,0,75,1,2,1,0,1,1,41.7,0,1,1,0,1.0986122886681098,0.12404553480006576,5.0,0,71.14,B
4089,Toyohashi University of Technology,https://www.tut.ac.jp,Japan,Asia (East & Southeast),1,1,7,1,0,0,0,0,0,0,0,0,0,0,1,1,0,1,1,0,0,0,0,0,0,1,0,1,1,1,1,1,1,1,0,0,0,1,1,0,0,0,1,1,1,1,1,12.63,0,1,1,0,0,0,0,75,1,0,1,1,0,0,57.9,0,1,0,0,0.0,-1.3012215538769771,112.0,0,71.14,B
4064,Keio University,https://www.keio.ac.jp,Japan,Asia (East & Southeast),1,1,0,0,0,0,0,1,0,0,1,1,10,1,1,1,0,1,1,0,1,1,0,1,0,1,0,1,1,1,1,1,1,1,1,1,1,0,1,0,0,0,0,1,1,1,1,17.1,0,1,1,0,0,0,0,75,1,0,1,1,1,0,21.5,0,1,1,0,0.0,-0.05187998231784458,4.0,0,71.12,B
5112,University of Sydney,https://www.sydney.edu.au,Australia,South & Central Asia + Oceania,1,1,6,1,0,1,1,1,0,0,0,0,1,0,0,1,1,0,1,0,1,1,0,1,0,1,0,1,1,1,1,1,1,1,1,1,1,0,1,1,0,0,1,0,0,1,1,18.42,0,1,1,0,0,0,0,90,1,0,1,1,1,1,38.9,0,1,1,0,0.0,0.06098661239635693,3650.0,1,71.01,B
2189,University of Antwerp,https://www.uantwerpen.be,Belgium/Ireland/Iceland,Western & Northern Europe,1,1,3,1,1,0,0,0,0,0,1,0,1,0,1,1,1,1,0,0,0,0,0,0,0,0,0,0,0,1,1,1,1,0,1,1,1,1,1,1,0,0,0,0,1,1,0,12.07,0,0,0,0,0,0,0,90,1,0,1,1,1,0,11.1,0,1,0,0,0.0,0.759106894682935,14.0,0,70.86,B
6529,Hawassa University,https://www.hu.edu.et,Sub-Saharan Africa,Latin America & Africa,1,1,2,1,1,0,0,1,0,0,1,1,9,1,1,1,0,1,1,2,1,1,0,0,1,1,0,1,1,1,1,1,1,0,1,0,1,0,1,1,0,0,1,0,1,0,1,15.43,0,1,1,0,0,0,1,75,1,0,1,1,1,1,10.5,0,1,0,0,0.0,-0.7282715052380129,7.0,0,70.8,B
4123,Chungbuk National University,https://www.chungbuk.ac.kr,South Korea,Asia (East & Southeast),1,1,5,1,0,0,0,0,0,0,0,1,7,1,0,1,0,1,0,0,0,0,1,1,1,1,0,1,1,1,1,1,1,0,1,0,0,0,1,1,0,1,1,1,1,1,0,9.74,0,1,1,1,0,0,0,75,1,1,0,0,0,1,100.0,0,1,0,0,0.6931471805599453,1.996109108484036,3650.0,1,70.8,B
3402,University of National and World Economy,https://www.unwe.bg,Bulgaria & Slovakia,Eastern & Southern Europe,1,1,20,1,1,0,0,0,1,1,1,1,7,0,1,1,0,1,1,15,1,1,1,0,1,1,0,1,1,1,0,1,1,1,1,0,0,0,1,1,0,0,0,0,0,1,0,12.63,0,1,1,0,0,0,0,100,1,4,1,1,1,1,67.6,0,1,1,0,1.6094379124341003,-0.017273708584193036,34.0,0,70.79,B
3180,University of Belgrade,https://www.bg.ac.rs,Balkans,Eastern & Southern Europe,1,1,6,1,0,0,0,0,0,0,1,0,0,1,1,1,0,1,1,4,1,0,0,0,0,1,0,1,1,1,1,1,1,1,1,0,1,0,1,0,0,0,0,0,0,1,0,12.63,0,1,0,0,0,0,0,90,1,0,1,0,1,1,0.0,0,1,0,0,0.0,0.3850659181570802,133.0,0,70.76,B
5018,Banaras Hindu University,https://www.bhu.ac.in,India,South & Central Asia + Oceania,1,1,1,0,0,0,0,0,0,0,1,1,4,1,1,1,0,1,1,2,1,1,1,0,0,1,1,1,0,1,1,1,1,1,0,0,1,1,1,1,0,1,0,1,1,1,0,12.63,0,1,1,0,0,0,0,75,1,4,0,0,1,0,21.4,0,0,0,0,1.6094379124341003,-0.011848887124206058,14.0,0,70.75,B
1064,University of Delaware,https://www.udel.edu,United States,North America,1,1,4,1,0,0,0,1,0,0,1,1,4,1,0,1,0,1,1,0,0,0,0,0,1,1,0,1,1,1,1,1,1,1,1,1,1,0,1,0,0,0,0,0,1,1,1,10.89,0,1,1,0,0,0,0,90,1,0,1,1,1,0,94.4,0,1,1,0,0.0,0.10271566305181994,3650.0,1,70.74,B
6342,University of Mauritius,https://www.uom.ac.mu,Sub-Saharan Africa,Latin America & Africa,1,1,8,1,0,0,0,0,1,1,1,0,0,0,0,1,1,1,1,0,0,0,0,0,0,1,0,1,1,1,1,1,1,1,1,1,1,1,1,1,0,0,1,0,1,1,0,15.43,0,1,1,0,0,0,0,75,1,44,0,0,1,1,82.4,0,1,0,0,3.8066624897703196,0.3542870829908923,3650.0,1,70.68,B
1001,Harvard University,https://www.harvard.edu,United States,North America,1,1,1,1,0,0,0,0,1,1,1,0,0,1,0,1,0,1,1,0,1,1,0,0,0,1,0,1,1,1,1,1,1,1,1,1,1,1,1,0,0,0,0,0,1,1,1,15.13,0,1,0,0,0,0,0,90,1,0,1,1,1,1,76.2,0,1,1,0,0.0,-1.52621093840736,3650.0,1,70.65,B
6155,University of Zimbabwe,https://www.uz.ac.zw,Sub-Saharan Africa,Latin America & Africa,1,1,7,1,0,0,0,0,0,0,0,1,6,1,0,1,0,1,1,0,0,0,0,0,0,1,0,1,1,1,1,1,1,0,1,1,1,0,1,1,0,1,0,0,1,1,0,5.33,0,1,0,0,0,0,0,75,1,1,1,1,1,1,47.8,0,1,0,0,0.6931471805599453,-0.19112946703141784,3650.0,1,70.59,B
2023,University of Exeter,https://www.exeter.ac.uk,United Kingdom,Western & Northern Europe,1,1,7,1,0,0,1,1,0,0,1,0,0,0,0,1,1,0,1,0,0,0,0,1,0,1,0,0,1,1,1,1,1,1,1,1,1,1,1,0,0,0,0,1,1,1,1,12.63,0,1,1,0,0,1,0,75,1,0,1,1,1,1,100.0,0,1,1,0,0.0,-1.28800830529648,3650.0,1,70.52,B
5131,Flinders University,https://www.flinders.edu.au,Australia,South & Central Asia + Oceania,1,1,8,1,0,0,0,1,1,2,1,0,0,0,1,1,0,1,1,0,1,1,0,1,1,1,0,1,1,1,1,1,1,0,1,1,1,1,1,0,0,0,0,0,0,1,0,12.63,0,1,1,0,0,0,1,75,1,0,1,1,1,1,21.9,0,1,1,0,0.0,0.29236560416190327,6.0,0,70.49,B
4183,Kasetsart University,https://www.ku.ac.th,Thailand,Asia (East & Southeast),1,1,1,1,1,0,0,1,0,0,1,1,2,1,1,1,1,1,0,0,1,1,0,0,0,1,0,1,1,1,1,1,1,0,0,0,0,1,1,1,0,0,0,1,1,1,0,15.92,0,1,1,0,0,1,0,100,1,0,0,1,1,1,100.0,0,1,0,0,0.0,-1.5492437482950767,6.0,0,70.46,B
5069,University of the Punjab,https://www.pu.edu.pk,Pakistan,South & Central Asia + Oceania,1,1,6,0,0,0,0,1,0,0,1,1,7,1,0,1,1,1,1,0,1,1,0,0,1,1,0,1,1,1,1,1,1,1,1,1,1,1,1,0,0,0,0,1,1,1,1,21.0,0,1,1,1,0,0,0,75,1,0,1,0,1,1,17.1,0,1,1,0,0.0,0.5072873577807452,3650.0,1,70.45,B
2010,University of Warwick,https://warwick.ac.uk,United Kingdom,Western & Northern Europe,1,1,1,1,0,0,1,1,0,0,1,0,1,0,1,1,1,0,1,2,1,1,1,1,0,1,0,1,1,1,1,1,1,0,1,1,1,1,1,1,0,0,0,0,1,1,1,19.56,0,1,1,0,0,0,0,90,1,0,1,1,1,1,25.9,0,1,1,0,0.0,-1.2479971695470602,11.0,0,70.3,B
2056,TU Dresden,https://tu-dresden.de,Germany,Western & Northern Europe,1,1,2,1,1,1,0,0,0,0,1,1,10,0,1,1,1,1,1,6,1,1,1,0,0,1,0,0,0,1,0,1,1,0,0,1,0,1,1,1,0,0,0,0,1,1,1,21.0,0,1,1,0,0,0,0,100,1,0,1,1,1,0,100.0,0,1,1,0,0.0,2.7339595585815792,0.0,0,70.29,B
1169,University of British Columbia,https://www.ubc.ca,Canada,North America,0,1,9,1,0,0,0,0,0,0,0,0,0,0,0,1,1,1,1,0,0,0,0,0,0,0,0,1,1,1,1,1,1,0,1,1,1,1,1,0,0,0,0,0,1,1,1,15.91,0,0,0,0,0,0,0,100,1,1,1,1,1,1,100.0,0,1,1,0,0.6931471805599453,-0.3615377407215521,3650.0,1,70.27,B
2024,University of Bath,https://www.bath.ac.uk,United Kingdom,Western & Northern Europe,0,1,3,1,0,0,1,1,0,0,0,0,0,0,1,1,0,0,1,3,1,1,1,1,1,1,0,0,1,1,1,1,1,0,1,1,1,1,1,0,0,0,1,0,1,1,1,15.74,0,1,0,0,0,1,0,75,1,0,1,1,1,1,81.0,0,1,1,0,0.0,0.40094660679267247,0.0,0,70.23,B
1147,Mount Holyoke College,https://www.mtholyoke.edu,United States,North America,1,1,2,1,0,0,0,0,0,0,1,1,7,0,1,1,1,1,1,0,1,1,0,1,1,1,0,1,1,1,1,1,1,1,0,1,1,1,0,0,0,0,1,0,1,1,1,15.91,0,1,1,1,0,0,1,90,1,0,0,1,1,1,100.0,0,1,0,0,0.0,-1.1328074516757076,79.0,0,70.21,B
4175,Hasanuddin University,https://www.unhas.ac.id,Indonesia,Asia (East & Southeast),1,1,6,0,0,0,0,1,1,1,1,0,0,0,1,1,1,1,1,0,1,0,0,1,0,1,0,1,1,0,1,1,1,1,1,0,0,0,0,1,0,1,0,0,1,1,0,8.21,0,1,0,0,0,0,0,90,1,0,1,1,1,1,96.7,0,1,0,0,0.0,-1.3853002751238894,10.0,0,70.18,B
3170,Budapest University of Technology and Economics,https://www.bme.hu,Hungary,Eastern & Southern Europe,1,1,2,0,1,1,0,1,0,0,1,0,0,0,0,1,0,1,1,2,1,1,0,0,0,1,0,1,1,1,1,1,1,1,1,0,1,1,1,0,1,0,1,0,0,1,1,14.0,0,1,1,0,0,1,1,75,1,2,1,0,1,1,100.0,0,1,0,0,1.0986122886681098,0.25340090228226475,3650.0,1,70.15,B
4168,IPB University,https://www.ipb.ac.id,Indonesia,Asia (East & Southeast),1,1,5,1,1,0,0,1,0,0,1,1,9,1,1,1,1,1,1,20,1,0,1,0,0,1,0,1,1,0,1,1,1,1,0,0,1,1,1,0,0,0,0,0,0,1,0,5.49,0,1,1,0,0,0,0,90,1,0,1,1,1,1,100.0,0,1,1,0,0.0,-1.3848989447122098,0.0,0,70.14,B
2114,Amsterdam University of Applied Sciences,https://www.amsterdamuas.com,Netherlands,Western & Northern Europe,1,1,3,1,1,0,0,0,0,0,0,0,0,0,0,1,1,1,1,0,0,0,0,1,0,0,0,1,1,1,0,1,1,0,1,0,0,1,1,0,0,1,0,0,1,1,1,10.34,0,0,0,0,0,1,0,100,1,1,1,0,1,0,100.0,0,1,0,0,0.6931471805599453,-0.5641704858297004,3650.0,1,70.0,B
2083,Claude Bernard University Lyon 1,https://www.univ-lyon1.fr,France,Western & Northern Europe,1,1,4,1,1,0,0,0,0,0,1,0,1,1,0,1,1,1,1,0,1,1,0,0,0,1,0,1,1,1,1,1,1,0,1,1,1,0,1,1,0,0,0,0,1,1,1,14.79,0,0,1,0,0,0,0,75,1,0,1,0,1,0,52.6,0,1,1,1,0.0,-0.7028757564276897,3650.0,1,69.77,B
1053,University of Pittsburgh,https://www.pitt.edu,United States,North America,1,1,6,1,0,0,0,1,0,0,1,1,3,0,0,1,0,1,1,0,1,1,0,0,1,1,0,1,1,1,1,1,1,1,0,1,1,1,1,0,0,0,1,0,0,1,1,15.43,0,1,1,0,0,0,0,75,1,0,1,0,1,0,100.0,0,1,1,0,0.0,-1.3362420087954983,3650.0,1,69.73,B
6146,Strathmore University,https://www.strathmore.edu,Sub-Saharan Africa,Latin America & Africa,1,1,7,1,1,0,0,0,0,0,0,1,4,1,0,1,1,1,1,0,1,0,0,0,0,1,0,1,1,1,0,1,1,1,1,1,1,1,1,0,0,0,0,0,1,1,1,21.0,0,1,1,0,0,0,0,90,1,1,1,1,1,0,69.2,0,1,0,0,0.6931471805599453,1.9159258807534085,3650.0,1,69.51,B
3023,University of Modena and Reggio Emilia,https://www.unimore.it,Italy,Eastern & Southern Europe,1,1,8,1,1,0,0,0,1,1,1,1,3,1,1,1,0,1,0,0,1,1,0,1,0,1,0,1,1,1,1,1,1,0,1,0,0,1,0,1,0,0,1,1,1,1,1,1.3,0,1,1,0,0,0,0,75,1,0,1,0,1,0,87.9,0,1,1,0,0.0,-1.0722060602668988,0.0,0,69.42,B
1055,University of Georgia,https://www.uga.edu,United States,North America,1,1,5,1,0,0,0,1,0,0,0,1,3,1,1,1,1,0,1,7,1,1,0,1,1,1,0,1,1,1,1,1,1,1,0,1,1,0,0,0,0,0,1,0,1,1,1,15.43,0,1,0,0,0,1,0,75,1,0,0,1,1,1,22.2,0,1,1,0,0.0,0.05030329752095734,1.0,0,69.41,B
2173,Abo Akademi University,https://www.abo.fi,Finland,Western & Northern Europe,1,1,2,1,1,0,0,0,0,0,0,1,10,0,1,1,1,0,1,4,1,1,1,0,1,1,0,0,1,1,1,1,1,0,1,0,1,1,1,0,0,0,1,0,0,1,1,16.31,0,1,1,0,0,1,0,90,1,0,1,1,1,1,28.2,0,1,1,0,0.0,0.37354504109761527,0.0,0,69.37,B
3121,University of Ioannina,https://www.uoi.gr,Greece,Eastern & Southern Europe,1,1,4,0,1,0,0,0,0,0,0,0,0,0,1,1,0,1,1,0,1,1,0,0,0,1,0,1,1,1,1,1,1,0,1,1,0,0,1,0,0,0,0,0,1,1,1,12.08,0,1,1,0,0,0,0,90,1,0,1,0,1,1,93.1,0,1,0,0,0.0,-0.5828063005798294,48.0,0,69.32,B
3060,Polytechnic University of Valencia,https://www.upv.es,Spain,Eastern & Southern Europe,1,1,5,0,1,0,0,1,0,0,1,1,2,1,0,1,1,1,1,0,1,1,0,1,1,1,0,1,1,1,0,1,1,1,1,1,1,1,1,0,0,0,1,1,1,1,1,18.88,0,1,1,0,0,1,0,75,1,0,0,1,1,0,69.2,0,1,1,0,0.0,-0.03232113896988618,3650.0,1,69.31,B
6113,North-West University,https://www.nwu.ac.za,South Africa,Latin America & Africa,1,1,6,1,1,0,0,1,1,1,1,0,0,1,0,1,1,0,1,6,1,1,0,1,1,1,0,1,1,1,1,1,1,0,1,1,1,0,1,1,0,0,0,0,1,1,1,12.63,0,1,1,0,0,0,0,75,1,0,1,0,1,0,64.0,0,1,0,0,0.0,-1.3445122665643259,3650.0,1,69.3,B
1102,Kent State University,https://www.kent.edu,United States,North America,1,1,2,0,0,0,0,1,1,1,1,1,4,0,0,1,1,1,1,13,1,1,0,0,1,1,0,1,1,1,1,1,1,1,1,1,1,1,1,1,0,0,0,0,1,1,0,19.63,0,1,1,1,0,0,0,75,1,0,1,1,1,1,79.2,0,1,1,0,0.0,-0.1181206280782178,3650.0,1,69.29,B
2121,Karolinska Institute,https://ki.se,Sweden,Western & Northern Europe,1,1,1,1,1,0,0,0,0,0,1,0,0,0,1,1,1,1,0,9,1,1,0,0,0,1,0,0,1,0,1,1,1,0,1,1,0,1,1,0,0,0,1,0,1,1,1,21.0,0,1,1,0,0,0,0,100,1,0,0,1,1,0,95.7,0,1,1,0,0.0,0.1919187339684299,0.0,0,69.28,B
2146,Norwegian School of Economics,https://www.nhh.no,Norway,Western & Northern Europe,1,1,5,1,1,0,0,0,0,0,0,0,0,1,1,1,1,0,0,14,1,1,1,0,0,1,0,1,1,0,1,1,1,0,1,1,1,1,1,1,0,0,1,0,0,1,1,14.16,0,1,0,0,0,1,0,90,1,0,1,1,1,0,100.0,0,1,1,0,0.0,-0.019534056173959286,0.0,0,69.23,B
1010,Cornell University,https://www.cornell.edu,United States,North America,1,1,1,1,0,0,0,0,0,0,1,1,5,0,1,1,1,1,1,6,0,0,1,0,1,1,0,1,1,1,1,1,1,0,1,1,1,1,1,0,0,0,0,0,1,1,1,13.39,0,1,1,0,0,0,0,50,1,0,1,1,1,1,65.6,0,1,1,0,0.0,-0.05680023204210993,3650.0,1,69.22,B
2034,Queen's University Belfast,https://www.qub.ac.uk,United Kingdom,Western & Northern Europe,1,1,11,1,0,0,1,1,1,1,1,1,3,0,0,1,0,0,1,2,1,1,0,0,1,1,0,1,1,1,1,1,1,1,1,1,1,1,1,0,0,0,1,0,0,1,1,7.68,0,1,0,0,0,0,0,90,1,0,1,1,1,1,100.0,0,1,1,0,0.0,-0.11119593079990327,3650.0,1,69.15,B
1155,Reed College,https://www.reed.edu,United States,North America,1,1,4,1,0,0,0,0,0,0,1,0,0,0,0,1,0,1,1,12,1,1,0,0,1,1,0,1,1,0,1,1,1,1,0,1,1,1,1,1,0,1,1,0,1,1,1,21.0,0,1,0,0,0,0,0,75,1,0,1,1,1,1,75.0,0,1,0,0,0.0,0.15699250008378013,3650.0,1,69.08,B
2115,Rotterdam University of Applied Sciences,https://www.rotterdamuas.com,Netherlands,Western & Northern Europe,0,1,1,1,1,1,0,0,0,0,0,0,0,0,1,1,1,1,1,0,1,0,0,0,0,1,0,0,1,1,1,1,1,0,1,1,0,1,1,1,0,0,0,0,1,1,0,11.9,0,1,0,0,0,0,0,75,1,0,1,1,1,0,0.0,0,1,0,0,0.0,0.689026784188496,41.0,0,68.95,B
1072,University of Alabama,https://www.ua.edu,United States,North America,1,1,7,1,0,0,0,1,0,0,1,0,0,1,0,1,1,1,0,0,1,1,0,1,1,1,0,1,1,1,1,1,1,0,1,1,1,0,1,0,0,0,1,0,1,1,1,21.0,0,1,1,0,0,0,1,90,1,0,1,1,1,1,38.9,0,1,1,0,0.0,1.123617391652969,3650.0,1,68.94,B
2128,Linkoping University,https://liu.se,Sweden,Western & Northern Europe,1,1,3,1,1,0,0,0,0,0,0,0,0,0,1,1,1,1,0,2,1,1,0,0,0,0,0,1,1,0,1,1,1,0,1,1,1,1,1,0,0,0,0,0,0,1,0,16.88,0,0,1,0,0,0,1,100,1,0,1,1,1,1,76.9,0,1,1,0,0.0,-0.909963695397415,19.0,0,68.92,B
4211,University of Danang,https://www.udn.vn,Vietnam,Asia (East & Southeast),1,1,1,1,0,0,0,0,1,1,1,0,0,1,1,1,0,1,1,4,1,1,0,1,1,1,0,1,1,1,1,1,1,0,0,0,0,0,1,0,1,0,0,0,1,0,0,15.43,0,1,1,0,0,0,0,90,1,1,1,0,1,1,47.8,0,1,0,0,0.6931471805599453,-0.379766928660219,4.0,0,68.91,B
5321,University of Gujrat,https://www.uog.edu.pk,Pakistan,South & Central Asia + Oceania,1,1,7,0,0,0,0,0,0,0,0,0,0,1,0,1,1,1,1,0,0,0,0,0,0,1,0,1,1,1,1,1,1,1,1,1,1,1,1,1,0,0,0,0,1,1,0,12.63,0,1,1,0,0,0,0,75,1,0,1,0,1,1,100.0,0,0,0,0,0.0,-0.2388284191871679,3650.0,1,68.9,B
2150,Molde University College,https://www.himolde.no,Norway,Western & Northern Europe,1,1,1,1,1,1,0,0,0,0,1,1,8,1,1,1,0,1,0,20,0,0,1,0,0,0,0,0,1,0,1,1,1,1,1,0,0,1,1,1,0,0,1,0,0,1,0,19.09,0,0,0,0,0,0,0,75,1,0,1,0,1,0,66.7,0,1,1,0,0.0,0.17082195330055397,0.0,0,68.84,B
2003,Imperial College London,https://www.imperial.ac.uk,United Kingdom,Western & Northern Europe,1,1,10,1,0,0,1,1,0,0,1,0,0,1,0,1,0,0,1,0,1,1,0,0,0,1,0,1,1,1,1,1,1,1,1,1,1,1,1,0,0,0,1,1,1,1,1,17.51,0,1,0,0,0,0,0,100,1,0,1,1,1,1,20.0,0,1,1,0,0.0,-0.8343062750712389,3650.0,1,68.83,B
4134,National Chengchi University,https://www.nccu.edu.tw,Taiwan,Asia (East & Southeast),1,1,4,1,1,0,0,0,0,0,0,1,10,1,1,0,1,1,0,0,0,1,0,0,0,1,0,1,1,1,1,1,1,0,1,0,1,1,1,0,0,0,0,1,0,1,0,18.58,0,1,0,0,0,0,1,50,1,0,1,1,1,1,90.2,0,1,0,0,0.0,0.36470098500575965,0.0,0,68.72,B
2013,University of Leeds,https://www.leeds.ac.uk,United Kingdom,Western & Northern Europe,0,1,4,1,0,0,1,1,1,1,1,0,0,0,0,1,1,1,1,0,1,1,0,0,0,1,0,1,1,1,1,1,1,0,1,1,1,1,1,1,0,0,0,0,1,1,0,15.43,0,1,0,0,0,0,1,75,1,0,1,1,1,1,91.7,0,1,1,0,0.0,-1.2724888344603413,3650.0,1,68.72,B
6533,University of Uyo,https://www.uniuyo.edu.ng,Sub-Saharan Africa,Latin America & Africa,1,1,20,1,1,0,0,0,0,0,1,0,0,0,0,1,1,1,1,0,0,0,1,0,0,1,0,1,1,1,1,1,1,0,1,1,1,0,1,0,0,0,1,0,1,0,1,12.63,0,1,1,0,0,0,0,75,1,0,1,0,1,1,59.5,0,1,0,0,0.0,-0.0608409674246484,3650.0,1,68.7,B
4188,King Mongkut's Institute of Technology Ladkrabang,https://www.kmitl.ac.th,Thailand,Asia (East & Southeast),1,1,3,0,1,0,0,0,0,0,1,1,10,0,1,1,0,1,1,15,1,1,1,1,0,1,0,1,1,1,1,1,1,0,0,0,1,0,1,0,0,0,1,0,0,1,1,15.43,0,1,1,0,0,0,0,75,1,0,1,1,1,1,80.2,0,1,0,0,0.0,-0.39401415827485087,0.0,0,68.59,B
2051,University of Goettingen,https://www.uni-goettingen.de,Germany,Western & Northern Europe,1,1,7,1,1,1,0,1,0,0,1,1,6,1,1,1,1,0,1,2,1,1,1,0,0,1,0,1,0,0,0,1,1,1,1,1,1,0,1,1,0,0,1,0,0,1,1,5.03,0,1,1,0,0,0,1,75,1,0,1,1,1,0,87.0,0,1,1,0,0.0,-0.8549180722754856,0.0,0,68.49,B
6139,University of Benin,https://www.uniben.edu,Sub-Saharan Africa,Latin America & Africa,1,1,10,1,0,0,0,0,0,0,1,0,0,0,0,1,1,1,1,1,1,1,0,0,0,1,0,1,1,1,1,1,1,0,1,0,1,0,1,0,0,0,0,1,1,1,1,15.43,0,1,1,0,0,0,0,75,1,12,1,0,1,1,87.4,0,1,0,0,2.5649493574615367,-0.6193003920039335,3650.0,1,68.43,B
2086,Sciences Po,https://www.sciencespo.fr,France,Western & Northern Europe,1,1,5,0,1,0,0,1,0,0,0,1,10,1,0,1,1,1,1,0,1,1,1,1,1,1,0,1,1,0,1,1,1,1,1,1,1,1,1,1,1,0,1,0,1,1,1,21.0,0,1,1,1,0,1,0,90,1,0,1,1,1,0,47.5,0,1,1,0,0.0,0.08497988023816179,3650.0,1,68.42,B
2091,Toulouse III - Paul Sabatier University,https://www.univ-tlse3.fr,France,Western & Northern Europe,1,1,7,1,1,0,0,1,1,0,0,1,10,1,0,1,1,1,1,0,1,1,0,1,0,0,1,1,1,0,1,1,1,1,1,1,1,1,1,1,0,0,1,1,1,0,1,1.0,0,0,1,0,0,0,0,75,1,0,1,1,1,0,72.7,0,1,1,0,0.0,-0.5685353370023644,3650.0,1,68.33,B
1160,University of San Diego,https://www.sandiego.edu,United States,North America,1,1,7,1,0,0,0,1,0,0,1,1,6,1,0,1,1,1,1,0,0,1,0,1,1,1,0,1,1,1,1,1,1,1,1,1,1,1,0,0,0,0,0,0,0,1,0,21.0,0,1,1,1,0,1,1,90,1,0,1,1,0,1,84.6,0,1,0,0,0.0,0.4316913012455343,3650.0,1,68.33,B
3008,University of Pisa,https://www.unipi.it,Italy,Eastern & Southern Europe,1,1,5,1,0,1,0,1,0,0,1,0,0,1,0,1,0,1,1,0,0,0,0,1,0,1,0,1,1,1,1,1,1,1,1,0,1,0,1,0,0,0,0,0,0,1,0,15.43,0,1,0,0,0,1,0,90,1,1,1,0,1,0,40.0,0,1,0,0,0.6931471805599453,0.2840331712817115,3650.0,1,68.31,B
3184,University of Maribor,https://www.um.si,Balkans,Eastern & Southern Europe,1,1,4,1,1,0,0,1,0,0,1,0,0,0,1,1,0,1,1,1,1,1,1,1,0,1,1,1,1,1,1,1,1,0,1,0,0,0,0,0,0,0,1,0,1,1,1,21.0,0,1,1,0,0,0,0,75,1,0,1,1,1,1,15.0,0,1,1,0,0.0,-0.20142559473291444,13.0,0,68.23,B
4151,Universiti Kebangsaan Malaysia,https://www.ukm.my,Malaysia,Asia (East & Southeast),1,1,1,1,1,0,0,0,1,0,1,0,0,0,0,1,0,1,1,0,0,0,0,1,0,1,0,1,1,1,1,1,1,1,1,1,1,1,1,0,0,0,0,0,1,1,0,12.63,0,1,0,0,0,0,1,90,1,0,0,0,0,0,7.1,0,1,0,0,0.0,-0.30792878496953957,3650.0,1,68.22,B
2147,Inland Norway University of Applied Sciences,https://www.inn.no,Norway,Western & Northern Europe,1,1,1,1,1,0,0,0,0,0,0,1,2,0,1,1,0,0,0,20,1,0,1,0,0,1,0,0,1,1,1,1,1,0,1,1,0,0,1,1,0,0,0,0,0,1,1,15.13,0,0,1,0,0,0,0,75,1,0,1,1,1,0,89.5,0,1,1,0,0.0,0.5675384265493483,0.0,0,68.22,B
1153,Kenyon College,https://www.kenyon.edu,United States,North America,0,1,2,1,0,0,0,1,0,0,1,1,4,0,0,1,1,1,1,1,1,1,0,1,1,1,0,1,1,1,1,1,1,1,1,1,1,1,0,0,0,0,1,0,1,1,1,21.0,0,1,0,0,0,0,1,100,1,0,1,1,1,1,0.0,0,1,1,0,0.0,-0.10817678007236245,3650.0,1,68.15,B
3127,Panteion University,https://www.panteion.gr,Greece,Eastern & Southern Europe,1,1,5,1,1,0,0,0,0,0,0,1,10,1,0,1,1,1,1,8,1,1,0,0,1,1,0,1,1,1,1,1,1,0,1,0,1,0,1,0,0,0,0,0,1,1,0,21.0,0,1,1,0,0,0,0,90,1,0,1,0,1,0,71.9,0,1,0,0,0.0,2.6214006911927235,3650.0,1,68.12,B
2162,University College of Northern Denmark,https://www.ucn.dk,Denmark,Western & Northern Europe,1,1,4,0,1,1,0,0,0,0,0,0,0,0,1,1,0,1,0,1,0,0,1,0,0,1,0,0,1,0,1,1,1,0,1,1,0,0,1,0,0,0,1,0,0,1,1,14.17,0,1,1,0,0,1,0,100,1,0,0,1,1,0,100.0,0,1,0,0,0.0,-0.9005065178566428,4.0,0,68.02,B
1021,"University of California, Santa Barbara",https://www.ucsb.edu,United States,North America,0,1,5,1,0,0,0,1,0,0,0,1,2,0,0,1,0,1,1,0,0,0,0,0,1,1,0,1,1,1,1,1,1,0,1,1,1,1,1,0,0,0,1,0,1,1,1,9.24,0,1,0,0,0,0,1,75,1,0,1,1,1,1,50.0,0,1,1,0,0.0,-1.1531094746876625,3650.0,1,68.01,B
1161,Santa Clara University,https://www.scu.edu,United States,North America,0,1,7,1,0,0,0,1,1,1,0,1,4,0,0,1,1,1,1,0,0,0,0,0,1,1,0,1,1,1,1,1,1,0,0,1,1,1,1,1,0,0,1,0,1,1,1,15.43,0,1,0,1,0,0,0,75,1,0,1,1,1,1,80.0,0,1,1,0,0.0,-0.6532239488933089,3650.0,1,67.95,B
5176,Satbayev University,https://www.satbayev.university,Central Asia,South & Central Asia + Oceania,1,1,7,1,1,0,0,0,1,1,1,1,4,0,0,1,0,1,1,0,1,1,0,1,1,1,0,1,1,1,0,1,1,1,1,1,1,1,1,0,0,0,0,0,1,1,1,19.77,0,1,0,0,0,0,0,75,1,0,1,1,1,0,98.1,0,1,0,0,0.0,1.6032416525800868,3650.0,1,67.88,B
1071,"University of Tennessee, Knoxville",https://www.utk.edu,United States,North America,1,1,4,1,0,0,0,0,0,0,0,1,2,0,0,1,1,1,0,0,0,0,0,1,1,1,0,1,1,0,1,1,1,1,1,1,1,1,1,0,0,0,1,0,0,1,1,8.72,0,1,1,0,0,0,1,90,1,0,1,1,1,1,89.5,0,1,1,0,0.0,-1.402327165334412,3650.0,1,67.84,B
4049,Shanghai University,https://www.shu.edu.cn,China,Asia (East & Southeast),1,1,6,0,0,0,0,0,0,0,0,0,0,0,0,1,1,1,1,3,1,1,0,1,0,1,0,1,1,1,1,1,1,1,0,1,0,0,1,1,0,0,1,0,1,0,1,12.63,0,1,0,0,0,0,0,75,1,2,1,0,0,0,0.0,0,1,0,0,1.0986122886681098,0.6424216298881624,3650.0,1,67.67,B
4023,South China University of Technology,https://www.scut.edu.cn,China,Asia (East & Southeast),1,1,2,0,0,0,0,1,0,0,1,0,1,0,1,1,0,1,1,0,1,0,0,1,0,1,0,1,1,1,1,1,1,1,1,0,1,1,1,0,1,0,0,0,1,0,0,12.21,0,1,1,0,0,0,0,75,1,2,0,0,0,0,0.0,0,0,0,0,1.0986122886681098,-0.5394964325087684,18.0,0,67.65,B
4109,Kyungpook National University,https://www.knu.ac.kr,South Korea,Asia (East & Southeast),1,1,7,1,0,0,1,1,0,0,1,1,3,1,0,1,1,1,1,0,1,1,1,1,1,1,0,1,1,1,1,1,1,1,1,1,1,0,0,0,0,0,0,1,1,1,0,7.46,0,0,0,0,0,0,0,75,1,0,0,0,1,0,45.2,0,0,0,0,0.0,1.2185314358544763,3650.0,1,67.59,B
1028,University of Illinois Urbana-Champaign,https://illinois.edu,United States,North America,0,1,3,1,0,0,0,1,0,0,1,1,4,1,0,1,1,1,1,0,1,1,0,1,1,1,0,1,1,1,1,1,1,0,1,1,1,1,1,0,0,0,0,0,1,1,1,14.52,0,1,0,0,0,1,0,90,1,0,1,1,1,1,27.6,0,1,1,0,0.0,0.34012503419161627,3650.0,1,67.54,B
3119,University of Patras,https://www.upatras.gr,Greece,Eastern & Southern Europe,1,1,9,1,1,0,1,1,0,0,1,0,0,1,0,1,1,0,0,0,1,1,0,0,0,1,0,0,1,1,1,1,1,1,1,0,1,0,1,1,0,0,1,0,0,1,1,19.26,0,1,1,0,0,0,0,75,1,0,1,0,1,0,91.3,0,1,1,0,0.0,0.1817464718742018,3650.0,1,67.5,B
4145,University of Macau,https://www.um.edu.mo,Macau,Asia (East & Southeast),1,1,10,0,1,0,0,1,0,0,1,1,10,1,0,1,0,0,1,20,1,1,0,1,1,1,0,1,1,1,1,1,1,1,1,1,1,0,1,0,0,0,1,1,1,1,1,8.34,0,1,1,1,0,0,0,90,1,0,1,1,1,0,5.5,0,1,1,0,0.0,-0.4062547358310839,3650.0,1,67.44,B
4081,Shinshu University,https://www.shinshu-u.ac.jp,Japan,Asia (East & Southeast),1,1,7,1,0,0,0,1,0,0,0,0,0,1,1,0,0,1,0,6,0,0,1,0,0,1,0,1,1,1,1,1,1,1,0,0,1,1,1,0,0,0,0,1,1,1,1,21.0,0,1,1,0,0,0,0,75,1,0,1,1,0,0,46.7,0,0,0,0,0.0,-1.2560718825630026,3650.0,1,67.42,B
4153,Universiti Sains Malaysia,https://www.usm.my,Malaysia,Asia (East & Southeast),1,1,2,1,1,0,0,1,0,0,0,0,0,1,1,1,1,1,0,0,0,0,0,0,1,1,0,1,1,1,1,1,1,0,0,0,0,1,1,0,0,0,0,0,1,1,1,5.15,0,1,1,0,0,0,1,90,1,0,0,1,1,0,14.3,0,1,0,0,0.0,-0.7712647452538373,0.0,0,67.42,B
4191,Silpakorn University,https://www.su.ac.th,Thailand,Asia (East & Southeast),1,1,5,0,1,0,0,0,0,0,1,0,0,0,0,1,1,1,0,0,1,1,0,1,0,1,0,1,1,1,1,1,1,1,1,0,1,0,0,0,0,0,0,0,1,1,1,13.5,0,1,1,0,0,0,0,100,1,0,1,1,1,1,100.0,0,1,0,0,0.0,-0.6673201686287761,3650.0,1,67.37,B
6431,Ladoke Akintola University of Technology,https://www.lautech.edu.ng,Sub-Saharan Africa,Latin America & Africa,1,1,8,1,0,0,0,1,0,0,1,0,1,1,1,1,0,1,1,6,1,1,1,0,1,1,0,1,1,1,1,1,1,0,1,0,1,0,1,0,0,0,1,0,1,1,1,3.77,0,1,1,0,0,0,0,75,1,0,1,0,1,1,87.0,0,1,0,0,0.0,0.2047848864561062,495.0,0,67.34,B
4075,Niigata University,https://www.niigata-u.ac.jp,Japan,Asia (East & Southeast),1,1,5,1,0,0,0,0,0,0,0,1,8,0,1,1,0,0,0,10,1,1,1,1,0,1,0,1,1,1,1,1,1,0,0,0,1,1,1,0,0,0,0,1,1,1,1,12.63,0,1,1,0,0,1,0,100,1,0,0,0,1,0,20.0,0,1,0,0,0.0,-0.2445185799241353,8.0,0,67.29,B
3169,University of Debrecen,https://www.unideb.hu,Hungary,Eastern & Southern Europe,1,1,3,1,1,0,0,1,0,0,0,1,10,1,0,1,1,1,1,2,1,1,0,0,0,1,0,1,1,1,1,1,1,0,1,0,1,1,1,1,0,0,0,0,1,1,0,14.78,0,1,1,0,0,1,0,75,1,0,1,0,1,0,77.8,0,1,0,0,0.0,-0.11400718963507779,3650.0,1,67.24,B
1085,Oregon State University,https://oregonstate.edu,United States,North America,1,1,5,0,0,0,0,1,0,0,1,1,4,0,0,1,1,1,1,0,0,0,0,0,0,1,0,1,1,1,1,1,1,0,1,1,1,1,1,0,0,0,1,0,1,1,1,9.74,0,1,1,0,0,0,0,75,1,0,1,1,1,1,71.4,0,1,1,0,0.0,-0.5167032023129197,3650.0,1,67.23,B
2116,The Hague University of Applied Sciences,https://www.thehagueuniversity.com,Netherlands,Western & Northern Europe,0,1,5,0,1,0,0,0,0,0,0,0,0,0,0,1,0,1,1,0,0,0,0,0,1,1,0,1,1,1,0,1,1,0,1,1,0,1,1,1,0,1,0,0,0,1,1,12.94,0,1,0,0,0,0,0,100,1,0,1,0,1,0,47.4,0,1,1,0,0.0,0.7302503785969894,3650.0,1,67.21,B
2171,University of Jyvaskyla,https://www.jyu.fi,Finland,Western & Northern Europe,1,1,3,1,1,0,0,0,0,0,0,1,6,1,1,1,1,1,0,8,1,1,1,0,0,1,0,0,1,1,0,1,0,0,1,1,0,1,1,1,0,0,1,0,0,1,1,21.0,0,1,1,0,0,1,0,100,1,0,1,1,1,0,54.5,0,1,0,1,0.0,0.0020477079575461346,0.0,0,67.01,B
4126,National Yang Ming Chiao Tung University,https://www.nycu.edu.tw,Taiwan,Asia (East & Southeast),1,1,10,1,0,0,0,1,0,0,0,1,3,0,1,1,1,1,0,0,1,1,0,1,0,1,0,1,1,1,1,1,0,0,1,0,1,1,1,0,0,0,1,1,1,1,1,15.43,0,1,1,0,0,0,0,75,1,0,1,0,1,0,69.2,0,1,0,0,0.0,-1.0564100027523158,1.0,0,66.94,B
1124,Fordham University,https://www.fordham.edu,United States,North America,1,1,1,1,0,0,0,0,0,0,0,1,3,1,0,1,1,1,1,0,0,0,0,0,1,1,0,1,1,1,1,1,1,1,1,1,1,1,0,0,0,0,0,0,0,1,1,12.63,0,1,1,0,0,1,0,90,1,0,1,1,1,1,72.2,0,1,1,0,0.0,0.6985178894026529,3650.0,1,66.91,B
3082,Wroclaw University of Science and Technology,https://www.pwr.edu.pl,Poland,Eastern & Southern Europe,1,1,8,1,1,0,0,1,0,0,0,0,1,0,1,1,1,1,1,0,0,0,1,0,0,1,0,1,0,1,1,1,0,0,1,0,0,1,1,0,0,0,0,1,1,1,1,15.43,0,1,0,0,0,0,0,90,1,0,1,1,1,0,87.1,0,1,1,0,0.0,0.03467575346165273,6.0,0,66.87,B
3139,University of West Bohemia,https://www.zcu.cz,Czechia,Eastern & Southern Europe,1,1,4,1,1,0,0,0,0,0,1,1,6,1,0,1,0,1,0,20,1,1,0,0,0,1,0,0,1,1,1,1,1,0,1,0,0,1,1,0,0,0,0,0,1,1,1,6.82,0,1,1,0,0,0,0,100,1,0,1,1,1,1,95.8,0,1,0,0,0.0,-0.590330015772676,3650.0,1,66.87,B
2037,"Royal Holloway, University of London",https://www.royalholloway.ac.uk,United Kingdom,Western & Northern Europe,1,1,4,1,0,0,0,0,0,0,1,0,0,0,0,1,1,0,1,0,1,1,0,0,0,1,0,0,1,1,1,1,1,1,1,1,1,1,1,1,1,0,1,0,0,1,1,1.44,0,1,1,0,0,1,0,75,1,0,1,1,1,1,0.0,0,1,1,0,0.0,-0.32095127881958985,3650.0,1,66.83,B
2129,Umea University,https://www.umu.se,Sweden,Western & Northern Europe,1,1,0,1,1,0,0,0,0,0,1,1,3,0,0,1,0,1,0,3,1,0,0,0,0,1,0,0,1,1,1,1,1,0,1,1,0,1,1,1,0,0,1,0,0,1,1,21.0,0,1,1,0,0,0,0,100,1,0,1,1,0,1,44.4,0,1,1,0,0.0,0.13105330928294873,3650.0,1,66.8,B
4074,Kumamoto University,https://www.kumamoto-u.ac.jp,Japan,Asia (East & Southeast),1,1,2,1,0,0,0,0,0,0,0,0,0,1,1,1,0,1,0,0,0,1,0,0,0,1,0,1,1,1,1,1,1,0,1,0,1,0,1,0,0,0,1,1,1,1,1,17.76,0,1,1,0,0,0,0,30,1,1,0,1,0,0,26.2,0,0,1,0,0.6931471805599453,-0.30732678935201985,6.0,0,66.73,B
4111,Sejong University,https://www.sejong.ac.kr,South Korea,Asia (East & Southeast),0,1,6,1,1,0,1,1,1,1,0,1,10,1,0,1,1,1,0,5,1,1,0,1,0,1,0,1,1,1,1,1,1,0,0,0,1,0,1,1,0,0,1,1,1,0,0,18.88,0,1,0,0,0,0,0,55,1,0,1,0,1,1,41.9,0,1,0,0,0.0,0.23888390094415074,3650.0,1,66.73,B
4007,Nanjing University,https://www.nju.edu.cn,China,Asia (East & Southeast),1,1,9,1,0,0,0,1,0,0,1,1,10,0,1,1,0,1,1,0,0,0,0,1,0,1,0,1,1,1,1,1,1,1,1,0,1,0,0,0,0,0,0,0,1,1,0,12.63,0,1,0,0,0,0,0,75,1,0,1,0,1,0,0.0,0,0,0,0,0.0,0.29226084569756056,2.0,0,66.61,B
2193,Trinity College Dublin,https://www.tcd.ie,Belgium/Ireland/Iceland,Western & Northern Europe,1,1,7,1,0,0,0,0,0,0,0,0,0,0,1,1,0,0,1,20,1,1,0,0,1,1,0,0,1,1,1,1,1,0,1,0,1,1,1,0,0,0,1,0,0,1,1,21.0,0,1,1,0,0,0,0,90,1,0,1,0,1,0,62.5,0,1,1,0,0.0,1.295741097188792,0.0,0,66.58,B
4171,Diponegoro University,https://www.undip.ac.id,Indonesia,Asia (East & Southeast),1,1,2,1,1,0,0,1,0,0,1,1,6,1,1,1,1,1,1,0,1,1,0,0,0,1,0,1,0,0,1,1,1,1,0,0,1,0,1,1,0,0,1,0,1,1,1,12.63,0,1,1,0,0,0,0,90,1,0,1,0,1,1,63.2,0,1,0,0,0.0,-1.8329843493526758,16.0,0,66.57,B
2160,University College Copenhagen,https://www.kp.dk,Denmark,Western & Northern Europe,1,1,4,1,1,0,0,0,0,0,0,0,0,0,1,1,0,1,0,0,1,0,1,0,0,1,0,0,1,0,1,1,1,0,1,1,0,0,1,0,0,0,1,0,0,1,1,21.0,0,1,0,0,0,1,0,90,1,0,1,1,1,1,100.0,0,1,0,0,0.0,-0.19364311961688985,5.0,0,66.49,B
1050,University of Minnesota Twin Cities,https://twin-cities.umn.edu,United States,North America,0,1,4,1,0,0,0,1,0,0,0,1,3,0,1,1,1,1,1,0,1,1,0,1,1,1,0,1,1,0,1,1,1,1,1,1,1,1,1,0,0,0,0,0,1,1,1,12.63,0,1,0,0,0,0,0,100,1,0,1,1,1,1,90.0,0,1,1,0,0.0,0.015292666000341518,375.0,0,66.43,B
6154,University of Botswana,https://www.ub.bw,Sub-Saharan Africa,Latin America & Africa,1,1,5,1,0,0,0,0,0,0,0,1,2,0,1,1,0,1,1,5,1,1,1,0,0,1,0,1,0,0,0,1,1,0,1,0,1,0,1,0,0,1,1,0,1,1,0,5.15,0,1,0,0,0,0,0,75,1,1,0,0,1,1,84.2,0,1,0,0,0.6931471805599453,0.2418098206823573,0.0,0,66.4,B
5089,Riphah International University,https://www.riphah.edu.pk,Pakistan,South & Central Asia + Oceania,0,1,5,1,0,0,1,1,1,1,1,0,1,1,0,1,0,1,1,0,1,1,0,1,0,1,0,1,1,1,1,1,1,0,0,1,1,0,1,0,0,0,0,1,1,1,1,12.63,0,1,0,0,0,1,0,75,1,0,1,1,1,1,83.3,0,1,0,0,0.0,-0.9442084581681893,3650.0,1,66.38,B
1121,University of New Hampshire,https://www.unh.edu,United States,North America,1,1,4,1,0,0,0,0,0,0,1,0,0,0,1,1,0,1,1,0,0,0,1,1,0,1,0,1,1,1,1,1,1,0,1,0,1,1,1,0,0,0,1,0,1,1,1,16.54,0,1,1,0,0,0,0,100,1,0,1,1,1,0,44.1,0,1,1,0,0.0,-0.28716604417775893,185.0,0,66.23,B
4078,Hitotsubashi University,https://www.hit-u.ac.jp,Japan,Asia (East & Southeast),1,1,6,1,0,0,0,0,0,0,1,1,10,1,0,1,0,1,1,2,1,1,1,1,0,1,0,1,1,1,1,1,1,0,1,0,1,0,1,0,0,0,1,1,1,1,1,21.0,0,1,1,0,0,0,0,50,1,0,0,1,1,0,14.1,0,0,0,0,0.0,-0.3061227981169805,3650.0,1,66.18,B
6322,University of Lima,https://www.ulima.edu.pe,Peru & Andes,Latin America & Africa,1,1,1,1,1,0,0,0,1,1,1,1,10,0,0,1,0,1,0,0,1,1,0,1,1,1,0,1,1,1,1,1,1,1,1,1,1,0,0,0,0,0,1,0,1,1,1,21.0,0,1,1,1,0,1,0,75,1,0,1,1,1,0,12.9,0,1,0,0,0.0,-0.429267112168441,3650.0,1,66.18,B
4194,University of the Philippines Diliman,https://upd.edu.ph,Philippines,Asia (East & Southeast),1,1,7,1,0,0,0,1,1,0,1,0,0,1,1,1,1,1,1,13,1,1,0,0,1,1,0,1,1,0,1,1,1,1,1,0,1,0,1,1,0,0,1,0,1,1,1,15.43,0,1,1,0,0,0,0,90,1,2,1,1,1,1,22.9,0,0,0,0,1.0986122886681098,-0.13355072109467833,380.0,0,66.06,B
6129,Cadi Ayyad University,https://www.uca.ma,Egypt & North Africa,Latin America & Africa,1,1,8,1,0,0,0,1,1,0,1,1,4,1,1,1,1,0,1,2,1,1,1,1,0,1,0,1,1,0,1,1,1,1,0,0,1,1,1,0,0,0,1,0,1,1,1,15.43,0,1,1,0,0,0,0,75,1,0,1,1,1,0,100.0,0,1,0,0,0.0,-0.7136859250882778,0.0,0,66.04,B
1175,Queen's University,https://www.queensu.ca,Canada,North America,1,1,3,1,0,0,1,1,0,0,1,0,0,0,0,0,1,1,0,0,1,1,0,1,1,1,0,1,1,1,1,1,1,0,1,1,1,0,1,1,0,0,1,0,1,1,1,15.28,0,1,0,1,0,0,0,90,1,0,1,1,1,1,29.4,0,1,1,0,0.0,-0.021168110021128134,3650.0,1,65.98,B
1152,Oberlin College,https://www.oberlin.edu,United States,North America,1,1,2,1,1,1,0,0,1,1,1,0,0,1,0,1,0,1,1,0,1,1,0,1,1,1,0,1,1,1,1,1,1,1,1,0,1,1,1,0,0,0,0,0,1,0,0,19.38,0,1,1,1,0,0,0,75,1,0,1,0,1,1,7.6,0,1,1,0,0.0,0.6096447478503207,3650.0,1,65.98,B
3106,University of Minho,https://www.uminho.pt,Portugal,Eastern & Southern Europe,1,1,5,1,1,1,0,0,1,1,1,1,3,1,0,1,0,0,1,6,0,1,0,0,1,1,0,1,0,1,1,1,1,1,1,0,1,0,1,1,0,0,0,0,1,1,0,21.0,0,1,0,0,0,1,0,50,1,0,1,0,1,0,39.5,0,1,0,0,0.0,0.29424392761486057,3650.0,1,65.95,B
2306,Medical University of Vienna,https://www.meduniwien.ac.at,Switzerland/Austria,Western & Northern Europe,0,1,20,1,1,0,0,0,0,1,0,1,4,0,0,1,0,1,1,7,1,0,0,0,1,1,0,1,1,1,1,1,1,0,1,1,1,0,1,0,0,0,0,0,1,1,1,18.62,0,1,0,0,0,0,0,75,1,0,1,1,1,0,0.0,0,1,0,0,0.0,1.2011693217810717,3650.0,1,65.88,B
3312,University of West Attica,https://www.uniwa.gr,Greece,Eastern & Southern Europe,1,1,5,1,1,1,0,0,1,1,1,1,4,0,0,0,1,0,0,1,1,1,0,0,0,1,0,0,1,1,1,1,1,0,1,0,1,1,1,1,0,0,1,1,1,1,1,19.43,0,1,1,1,0,1,1,90,1,0,1,1,1,0,68.4,0,1,0,0,0.0,-0.5417841391712133,3650.0,1,65.74,B
1173,University of Waterloo,https://uwaterloo.ca,Canada,North America,0,1,1,1,0,0,0,1,0,0,0,1,4,0,0,1,0,1,1,9,1,1,0,1,0,1,0,1,1,1,1,1,1,0,0,1,0,0,1,0,0,0,1,0,1,1,1,21.0,0,1,0,0,0,0,0,100,1,0,1,1,1,0,100.0,0,1,1,0,0.0,-1.0383408956200817,3650.0,1,65.66,B
2055,Goethe University Frankfurt,https://www.goethe-university-frankfurt.de,Germany,Western & Northern Europe,1,1,5,0,1,0,0,0,0,0,0,0,0,0,1,1,1,1,1,1,1,1,1,1,0,1,0,0,1,1,1,1,1,0,0,0,1,1,1,1,0,0,0,0,1,1,0,11.71,0,1,1,0,0,1,0,100,1,0,1,1,1,0,59.3,0,1,1,0,0.0,-0.8212117215532468,156.0,0,65.64,B
1082,Arizona State University,https://www.asu.edu,United States,North America,1,1,6,1,0,0,0,1,0,0,1,0,0,0,0,1,0,1,1,0,1,1,0,1,1,1,0,1,1,1,1,1,1,0,0,1,1,1,1,1,0,0,0,0,1,1,1,17.58,0,1,1,0,0,1,0,100,1,0,1,0,1,1,93.8,0,1,1,0,0.0,-0.5554427768357312,3650.0,1,65.61,B
2134,Karlstad University,https://www.kau.se,Sweden,Western & Northern Europe,1,1,4,0,1,0,0,0,0,0,0,0,0,0,1,1,1,1,0,0,0,0,0,0,0,1,0,0,1,0,1,1,1,0,1,1,1,1,1,1,0,0,1,0,1,1,1,21.0,0,1,1,1,0,0,0,75,1,0,1,1,1,0,100.0,0,1,1,0,0.0,-0.033356084887395374,0.0,0,65.54,B
1139,Haverford College,https://www.haverford.edu,United States,North America,1,1,4,1,0,0,0,0,0,0,0,1,8,0,0,1,0,1,1,2,1,1,0,1,1,1,0,1,1,1,1,1,1,0,1,0,1,0,1,0,0,0,1,0,1,1,1,15.91,0,1,0,1,0,0,0,75,1,1,1,1,1,1,100.0,0,1,0,0,0.6931471805599453,-0.12847880308431728,3650.0,1,65.49,B
2109,Radboud University,https://www.ru.nl,Netherlands,Western & Northern Europe,1,1,1,1,1,0,0,0,0,0,1,0,0,1,1,1,0,1,1,7,1,1,1,0,0,1,0,0,1,0,1,1,1,0,0,1,1,0,1,0,0,0,0,0,1,1,1,12.21,0,1,1,0,0,0,0,100,1,2,1,1,1,0,100.0,0,1,0,0,1.0986122886681098,-1.2659415577013453,0.0,0,65.46,B
3135,Palacky University Olomouc,https://www.upol.cz,Czechia,Eastern & Southern Europe,1,1,1,1,0,0,1,1,0,0,1,1,4,1,0,1,1,1,1,0,1,1,0,0,0,1,1,1,1,1,1,1,1,0,1,0,1,1,1,0,0,0,1,0,1,1,1,7.59,0,1,0,0,0,0,0,75,1,0,0,1,1,0,58.7,0,1,1,0,0.0,-1.0852829938163704,3650.0,1,65.44,B
5033,Thapar Institute of Engineering and Technology,https://www.thapar.edu,India,South & Central Asia + Oceania,1,1,2,1,0,0,1,1,1,1,0,1,10,1,0,1,1,1,1,0,1,1,0,0,1,1,0,1,1,0,1,1,1,1,1,1,0,1,1,0,0,0,1,0,1,1,1,12.63,0,1,0,1,0,0,0,75,1,0,1,1,1,1,82.5,0,1,1,0,0.0,-0.5317998467888949,3650.0,1,65.41,B
1026,University of Washington,https://www.washington.edu,United States,North America,0,1,7,1,0,0,0,1,1,1,0,0,0,0,0,1,1,1,1,1,0,0,0,0,0,1,0,1,1,1,1,1,0,1,1,1,1,1,1,0,0,0,0,0,1,1,0,10.86,0,1,0,0,0,0,0,75,1,0,0,1,0,0,71.4,0,1,1,0,0.0,-0.15955332810261497,3650.0,1,65.37,B
6047,Autonomous University of Nuevo Leon,https://www.uanl.mx,Mexico,Latin America & Africa,1,1,4,1,1,0,0,0,0,0,0,0,0,0,0,1,0,1,1,0,0,0,0,1,0,1,0,1,1,1,1,1,1,0,1,0,1,0,1,0,0,0,1,0,1,1,1,5.74,0,1,1,0,0,0,0,75,1,0,1,1,1,1,56.1,0,1,0,0,0.0,-0.8829628024029931,3650.0,1,65.3,B
3149,Technical University of Cluj-Napoca,https://www.utcluj.ro,Romania,Eastern & Southern Europe,1,1,7,1,0,0,0,1,1,1,1,0,0,0,1,1,1,1,1,0,0,0,1,0,0,1,0,1,0,1,1,0,1,1,0,0,1,0,1,0,0,0,1,0,1,1,1,7.02,0,1,1,0,0,0,0,75,1,0,1,1,1,0,4.2,0,0,0,0,0.0,-1.155325199540252,260.0,0,65.29,B
3003,University of Bologna,https://www.unibo.it,Italy,Eastern & Southern Europe,1,1,2,1,1,0,0,0,1,0,1,1,2,1,0,1,0,1,1,1,1,1,0,1,1,1,0,1,1,0,0,1,1,1,1,1,1,1,1,1,1,0,1,0,1,1,1,12.63,0,1,1,1,0,0,0,100,1,0,1,0,0,0,54.2,0,1,1,0,0.0,-0.7442079050739909,3650.0,1,65.27,B
5167,Tribhuvan University,https://www.tribhuvan-university.edu.np,Nepal,South & Central Asia + Oceania,1,1,8,1,0,0,0,0,1,1,0,0,1,1,0,1,0,0,1,2,1,1,0,0,0,1,0,1,1,1,1,1,1,1,1,0,1,0,1,0,0,0,1,0,1,1,1,15.43,0,1,1,0,0,0,0,75,1,0,1,0,1,0,42.9,0,1,0,0,0.0,0.9535881031651336,3650.0,1,65.22,B
1115,Rensselaer Polytechnic Institute,https://www.rpi.edu,United States,North America,1,1,4,0,0,0,0,0,1,1,0,0,0,0,0,1,1,1,1,0,1,1,0,0,0,1,0,1,1,1,1,1,1,0,1,0,1,0,1,0,0,0,1,0,1,1,1,15.43,0,1,1,0,0,0,1,75,1,0,1,0,1,1,100.0,0,1,1,0,0.0,-1.3756030738186757,3650.0,1,65.22,B
4108,Chung-Ang University,https://www.cau.ac.kr,South Korea,Asia (East & Southeast),0,1,6,1,0,0,0,0,0,0,1,1,10,1,1,1,1,1,0,0,0,0,1,1,0,1,0,1,1,1,1,1,1,0,1,0,1,0,1,0,0,0,1,0,1,1,0,21.0,0,1,0,1,0,0,0,75,1,0,0,0,0,1,14.3,0,1,0,0,0.0,-0.16846646691081846,681.0,0,65.06,B
3198,Matej Bel University,https://www.umb.sk,Bulgaria & Slovakia,Eastern & Southern Europe,1,1,1,1,1,0,0,0,1,1,0,0,0,0,0,1,0,1,1,0,1,0,0,0,1,1,0,1,1,1,1,1,1,0,1,0,0,1,1,0,0,0,1,1,1,1,1,14.25,0,1,1,0,0,0,0,75,1,0,1,1,1,0,87.5,0,1,0,0,0.0,0.6758037695377956,3650.0,1,65.04,B
2095,Paris-Est Creteil University,https://www.u-pec.fr,France,Western & Northern Europe,1,1,4,1,1,1,0,0,0,0,1,0,0,1,0,1,0,1,0,0,1,1,0,1,0,1,0,1,1,0,1,1,1,0,1,1,1,0,1,1,1,0,0,1,1,1,1,16.3,0,1,1,0,0,0,0,75,1,0,1,1,1,0,47.9,0,1,1,1,0.0,1.851289654776193,3650.0,1,64.93,C
6506,University of Caxias do Sul,https://www.ucs.br,Brazil,Latin America & Africa,1,1,4,0,0,0,0,1,1,0,1,1,9,1,0,1,0,1,1,0,1,1,0,0,1,1,0,1,1,1,1,1,1,1,1,1,1,0,0,0,0,0,1,0,1,1,1,15.43,0,1,0,0,0,0,0,90,1,0,1,1,0,1,39.6,0,1,0,0,0.0,-0.38116274686691043,3650.0,1,64.91,C
3164,Vinnytsia National Technical University,https://www.vntu.edu.ua,Ukraine,Eastern & Southern Europe,1,1,2,1,1,0,0,0,1,1,1,1,4,0,0,1,0,1,1,0,1,1,1,1,0,1,0,1,1,1,1,1,1,0,1,1,1,1,1,0,0,0,0,1,1,1,0,10.73,0,1,0,0,0,0,0,75,1,0,1,1,1,1,13.7,0,1,0,0,0.0,-0.14446032255850452,3650.0,1,64.84,C
2106,University of Groningen,https://www.rug.nl,Netherlands,Western & Northern Europe,1,1,6,1,1,0,0,0,0,0,1,0,0,0,0,1,0,1,1,0,1,1,0,0,0,0,0,0,1,1,1,1,1,0,1,1,1,1,1,1,0,0,0,0,1,1,1,10.37,0,0,1,0,0,0,0,50,1,0,1,1,1,0,7.1,0,1,1,0,0.0,0.6955740609474923,3650.0,1,64.77,C
3178,University of Rijeka,https://www.uniri.hr,Balkans,Eastern & Southern Europe,1,1,9,0,1,0,0,1,1,1,1,0,0,0,1,1,0,1,1,0,0,0,1,0,0,1,0,1,1,0,1,1,1,1,0,0,0,1,1,1,0,0,1,0,1,1,1,21.0,0,1,0,1,0,1,0,75,1,2,1,1,1,0,100.0,0,1,1,0,1.0986122886681098,-0.9263892943864909,0.0,0,64.77,C
1096,University of Mississippi,https://olemiss.edu,United States,North America,1,1,6,1,0,0,0,0,0,0,0,1,2,1,1,1,0,1,1,1,1,1,0,0,0,1,0,1,1,1,1,1,1,0,1,1,1,1,0,0,0,0,1,0,1,1,1,15.91,0,1,1,0,0,0,1,75,1,0,1,1,1,1,87.1,0,1,1,0,0.0,0.14746297907816888,578.0,0,64.76,C
3145,Alexandru Ioan Cuza University,https://www.uaic.ro,Romania,Eastern & Southern Europe,1,1,0,1,1,1,0,0,0,0,1,0,0,0,0,1,0,1,1,1,1,1,0,0,0,1,1,1,1,1,1,1,1,1,0,0,1,0,1,0,0,0,0,0,0,0,1,4.67,0,1,1,0,0,0,1,90,1,0,1,0,1,0,65.0,0,1,0,0,0.0,0.287974164954155,3650.0,1,64.7,C
6153,Addis Ababa University,https://www.aau.edu.et,Sub-Saharan Africa,Latin America & Africa,1,1,1,1,0,1,1,1,0,0,1,0,0,1,1,1,0,1,1,1,1,1,0,1,0,1,0,1,1,0,1,1,1,0,1,0,1,0,1,0,0,0,0,0,1,1,1,20.01,0,0,0,1,0,0,0,90,1,0,1,1,1,0,95.9,0,1,0,0,0.0,-0.37316872697715164,1.0,0,64.68,C
5092,Bangladesh University of Engineering and Technology,https://www.buet.ac.bd,Bangladesh,South & Central Asia + Oceania,1,1,9,0,0,0,1,1,0,0,1,1,4,1,1,1,0,1,1,2,0,0,1,1,0,1,0,1,1,1,1,1,1,1,1,0,1,1,0,1,0,0,0,0,1,1,1,9.74,0,1,1,0,0,1,0,75,1,6,1,1,1,0,66.7,0,1,0,0,1.9459101490553132,-0.3554955727816265,260.0,0,64.64,C
4178,Bina Nusantara University,https://www.binus.ac.id,Indonesia,Asia (East & Southeast),1,1,4,1,0,0,0,0,1,1,1,0,0,0,1,1,0,0,1,1,1,1,1,0,1,1,0,1,1,1,1,1,1,1,0,0,0,0,0,0,0,0,1,1,0,0,0,15.91,0,1,1,0,0,0,0,75,1,0,0,0,1,0,87.5,0,1,0,0,0.0,0.08055905353648046,8.0,0,64.59,C
4166,Gadjah Mada University,https://www.ugm.ac.id,Indonesia,Asia (East & Southeast),1,1,8,0,1,0,0,0,1,1,1,0,0,0,1,1,0,1,1,0,1,1,0,0,1,1,0,1,1,0,1,1,1,1,1,0,1,1,1,0,0,0,1,0,0,1,0,17.73,0,1,1,0,0,0,0,90,1,0,1,1,1,1,24.5,0,1,1,0,0.0,-1.7689721486897523,40.0,0,64.58,C
2184,University of Innsbruck,https://www.uibk.ac.at,Switzerland/Austria,Western & Northern Europe,1,1,0,1,1,0,0,0,1,1,0,0,1,0,0,1,1,1,1,0,1,1,0,0,1,1,0,1,1,1,1,1,1,0,0,1,1,0,1,1,0,0,1,0,0,1,1,13.2,0,0,1,1,0,1,0,100,1,0,1,0,1,0,17.6,0,1,1,0,0.0,-0.12089560007249014,3650.0,1,64.51,C
1149,Grinnell College,https://www.grinnell.edu,United States,North America,1,1,5,1,0,0,0,0,0,0,1,1,4,0,0,1,1,1,1,0,1,1,0,0,0,1,0,1,1,0,1,1,1,1,1,1,1,0,0,0,0,0,1,0,0,1,1,12.63,0,1,1,0,0,0,0,90,1,0,1,1,1,1,88.9,0,1,1,0,0.0,-0.3895048132380202,3650.0,1,64.49,C
1016,University of Michigan,https://www.umich.edu,United States,North America,1,1,9,1,0,0,0,0,0,0,1,0,1,1,0,1,1,0,1,2,1,1,0,0,0,1,0,0,1,1,1,1,1,0,1,1,1,0,1,0,0,0,0,0,1,1,0,18.26,0,0,0,0,0,0,0,75,1,0,1,1,1,1,100.0,0,1,0,0,0.0,-1.5547995014241942,3650.0,1,64.41,C
3159,Ivan Franko National University of Lviv,https://www.lnu.edu.ua,Ukraine,Eastern & Southern Europe,0,1,7,1,1,0,0,1,0,0,1,1,6,0,1,1,0,1,0,0,0,0,1,0,0,1,0,1,1,1,1,1,1,0,1,0,1,0,1,0,0,0,0,0,1,1,1,11.29,0,1,0,0,0,0,0,75,1,0,0,0,1,1,0.0,1,1,1,0,0.0,-0.6120054809711148,686.0,0,64.41,C
2105,Erasmus University Rotterdam,https://www.eur.nl,Netherlands,Western & Northern Europe,1,1,3,1,1,0,0,1,0,0,1,0,0,0,1,1,1,1,1,0,0,0,0,0,0,1,0,1,1,0,0,1,1,0,1,1,1,1,1,1,0,0,0,0,0,1,1,14.5,0,1,0,0,0,1,0,75,1,1,1,1,1,0,100.0,0,1,1,0,0.6931471805599453,-0.17157637202175535,0.0,0,64.39,C
1025,University of Wisconsin-Madison,https://www.wisc.edu,United States,North America,1,1,6,1,0,0,0,1,0,0,1,0,1,1,0,1,1,1,1,1,1,1,0,1,0,1,0,1,1,1,1,1,0,0,1,1,1,1,1,0,0,0,1,0,1,1,1,16.88,0,1,0,0,0,0,0,90,1,0,1,1,0,1,100.0,0,1,1,0,0.0,-1.4671693408725939,3650.0,1,64.34,C
6329,University of Zululand,https://www.unizulu.ac.za,South Africa,Latin America & Africa,1,1,7,1,1,0,0,0,1,0,1,1,4,1,0,1,1,1,0,1,1,1,1,0,0,1,1,1,1,0,1,1,1,0,1,1,1,0,1,1,0,0,0,0,1,1,0,8.21,0,1,0,0,0,0,0,90,1,0,1,0,1,0,55.2,0,1,0,0,0.0,0.8852582988264457,3650.0,1,64.16,C
4080,Gifu University,https://www.gifu-u.ac.jp,Japan,Asia (East & Southeast),1,1,6,1,0,0,0,0,1,1,0,0,1,0,1,1,1,1,0,2,0,0,1,0,0,1,0,1,1,1,1,1,0,0,0,1,1,1,1,0,0,0,0,0,1,1,0,21.0,0,1,1,0,0,1,0,75,1,0,0,1,1,0,89.5,0,1,0,0,0.0,0.30931738819395105,4.0,0,64.07,C
1303,Toronto Metropolitan University,https://www.torontomu.ca,Canada,North America,1,1,8,1,0,1,0,0,0,0,1,0,0,0,0,1,0,1,1,0,1,0,0,0,1,1,0,1,1,0,1,1,1,1,1,1,1,0,1,0,0,0,0,0,0,1,0,21.0,0,1,0,0,0,0,0,90,1,0,1,1,1,0,85.7,0,1,1,0,0.0,3.4875600915449563,3650.0,1,63.91,C
4309,Institute of Technology of Cambodia,https://www.itc.edu.kh,Other SE/E Asia,Asia (East & Southeast),1,1,9,1,0,0,0,0,0,0,0,0,0,0,0,1,0,1,1,2,1,0,0,0,0,1,1,1,1,0,1,1,1,1,1,0,1,0,1,0,0,0,1,0,0,1,1,10.35,0,1,1,0,0,0,0,90,1,0,1,0,1,1,95.6,0,1,0,0,0.0,0.7945258559147962,3650.0,1,63.89,C
2117,Fontys University of Applied Sciences,https://www.fontys.edu,Netherlands,Western & Northern Europe,1,1,5,1,1,1,0,0,1,1,0,0,0,1,1,1,1,1,1,1,1,1,1,1,1,1,0,0,1,0,1,1,1,0,0,1,0,1,1,1,0,0,1,0,0,0,1,8.32,0,1,1,0,0,0,0,100,1,0,1,1,1,0,25.0,0,1,0,0,0.0,0.28333811686255894,3650.0,1,63.76,C
3161,National University of Kyiv-Mohyla Academy,https://www.ukma.edu.ua,Ukraine,Eastern & Southern Europe,1,1,5,1,0,0,1,1,0,0,1,1,2,0,0,1,0,1,0,0,0,0,0,0,0,1,0,1,1,1,0,1,1,0,1,1,0,0,1,0,1,0,0,0,1,1,0,19.95,0,1,0,0,0,0,0,75,1,0,1,1,1,1,88.2,0,1,0,0,0.0,0.35819550675405654,3650.0,1,63.7,C
1120,University of Vermont,https://www.uvm.edu,United States,North America,1,1,6,1,0,0,0,1,0,0,0,1,3,0,0,1,1,1,1,1,1,1,0,0,1,1,0,1,1,0,1,1,1,1,1,0,1,1,1,1,0,0,0,0,1,1,1,1.38,0,1,0,0,0,0,0,75,1,0,1,1,1,1,33.3,0,1,1,0,0.0,-0.5865173018540293,3650.0,1,63.62,C
3179,University of Split,https://www.unist.hr,Balkans,Eastern & Southern Europe,1,1,5,0,1,0,0,1,1,1,1,0,0,0,0,1,0,0,0,0,1,1,0,1,0,1,0,1,1,1,1,1,1,1,1,0,1,1,1,0,0,0,1,0,1,1,1,21.0,0,1,1,0,1,0,0,100,1,0,1,1,1,0,94.6,0,1,1,0,0.0,1.4401774059158063,3650.0,1,63.44,C
5046,Indian Statistical Institute,https://www.isical.ac.in,India,South & Central Asia + Oceania,1,1,8,1,0,0,0,0,0,0,1,0,1,1,0,1,1,1,1,0,0,0,0,0,0,1,0,1,1,0,1,1,1,1,1,0,1,0,1,1,0,0,0,0,1,1,1,13.92,0,1,0,0,0,0,0,75,1,0,1,1,1,0,12.5,0,0,0,0,0.0,-0.8337331367477383,3650.0,1,63.44,C
3097,Cardinal Stefan Wyszynski University,https://www.uksw.edu.pl,Poland,Eastern & Southern Europe,1,1,1,1,1,0,0,0,1,1,0,0,0,0,1,0,1,0,0,0,1,1,1,1,0,1,0,0,1,1,1,1,1,1,1,0,0,1,1,0,0,0,1,0,1,1,1,15.13,0,1,1,0,0,0,0,90,1,0,1,0,1,0,21.2,0,1,0,0,0.0,2.5999043620703044,116.0,0,63.39,C
1045,University of Miami,https://www.miami.edu,United States,North America,1,1,2,1,0,0,0,1,1,1,0,1,2,1,0,1,1,1,1,5,1,1,0,0,0,1,0,1,1,1,1,1,1,0,1,1,1,1,0,0,0,0,0,0,1,1,0,20.82,0,1,0,1,0,0,0,75,1,0,1,1,1,1,91.5,0,1,1,0,0.0,0.835452962983286,3650.0,1,63.37,C
3115,Polytechnic Institute of Lisbon,https://www.ipl.pt,Portugal,Eastern & Southern Europe,1,1,1,1,1,0,0,0,0,0,1,1,10,0,1,1,0,1,1,3,1,1,1,0,0,1,0,1,1,0,1,1,1,0,0,0,1,0,1,1,0,0,1,0,1,1,1,7.13,0,1,1,0,0,0,0,75,1,0,1,0,1,0,94.4,0,1,0,0,0.0,-0.31499786692969417,28.0,0,63.33,C
1057,University of Connecticut,https://uconn.edu,United States,North America,0,1,8,0,0,0,0,0,0,0,0,0,0,1,1,1,0,1,1,2,1,1,1,1,0,1,0,1,1,1,1,1,1,0,0,1,1,1,1,1,0,0,1,0,1,1,1,19.02,0,1,0,0,0,0,0,75,1,0,1,1,1,1,100.0,0,1,1,0,0.0,0.4273408677429724,3650.0,1,63.31,C
4157,International Islamic University Malaysia,https://www.iium.edu.my,Malaysia,Asia (East & Southeast),1,1,9,1,0,0,0,0,0,0,1,0,0,0,1,1,1,1,0,0,1,0,0,0,0,1,0,1,1,0,1,1,0,1,1,0,1,0,1,0,0,0,1,1,0,1,1,21.0,0,1,1,0,0,1,0,90,1,0,1,0,1,0,26.3,0,1,1,0,0.0,0.49232405591992723,0.0,0,63.22,C
3096,University of Bialystok,https://www.uwb.edu.pl,Poland,Eastern & Southern Europe,1,1,20,0,0,0,0,0,0,0,1,1,10,0,1,1,0,1,1,0,1,1,1,1,0,1,0,1,1,1,1,1,1,0,1,0,1,0,1,0,0,0,1,1,1,1,1,21.0,0,1,1,0,0,0,0,75,1,59,1,1,1,0,100.0,0,1,1,0,4.0943445622221,-0.8796347785452299,113.0,0,63.21,C
4069,Tokyo Medical and Dental University,https://www.tmd.ac.jp,Japan,Asia (East & Southeast),1,1,4,1,0,0,1,1,0,0,1,1,6,1,1,1,0,1,0,20,1,0,1,1,0,1,0,1,1,0,1,1,1,1,1,0,1,1,1,0,0,0,0,1,1,1,0,15.91,0,1,1,0,0,0,0,75,1,0,1,0,1,0,2.6,0,1,0,0,0.0,-1.310251488139772,662.0,0,63.2,C
6430,Federal University of Technology Owerri,https://www.futo.edu.ng,Sub-Saharan Africa,Latin America & Africa,1,1,12,0,0,0,0,0,0,0,0,1,6,0,1,1,0,1,1,2,1,1,1,1,0,1,0,1,1,0,1,1,0,0,1,1,1,0,1,1,0,1,1,0,1,0,1,19.9,0,1,0,1,0,0,0,75,1,0,1,0,1,1,63.6,0,1,0,0,0.0,-0.610745388262262,24.0,0,63.13,C
3049,University of Granada,https://www.ugr.es,Spain,Eastern & Southern Europe,1,1,6,1,0,1,0,1,0,0,0,0,0,0,0,1,0,0,1,1,1,1,0,0,0,1,0,1,1,1,1,1,1,0,0,1,0,0,1,0,0,0,0,1,1,1,1,6.04,0,1,1,0,0,0,0,100,1,0,1,1,1,0,100.0,0,1,1,0,0.0,0.493084971997235,3650.0,1,63.07,C
1027,New York University,https://www.nyu.edu,United States,North America,1,1,5,1,0,1,0,0,0,0,1,0,0,1,0,1,0,1,1,0,0,0,0,0,0,1,0,1,1,0,1,1,1,0,0,0,1,1,1,0,0,1,0,0,1,1,1,19.68,0,1,1,0,1,0,0,90,1,0,0,1,0,0,53.8,0,1,1,0,0.0,-1.1477232236844905,3650.0,1,63.03,C
4135,Chang Gung University,https://www.cgu.edu.tw,Taiwan,Asia (East & Southeast),1,1,6,1,0,0,0,0,0,0,1,0,0,1,0,1,1,1,0,0,1,1,0,0,0,1,0,1,1,0,1,1,1,0,1,0,1,0,1,1,0,0,1,1,1,1,1,15.43,0,1,1,0,0,0,0,75,1,0,1,0,1,0,90.0,0,1,0,0,0.0,-0.4060540706252441,3650.0,1,63.03,C
2145,OsloMet,https://www.oslomet.no,Norway,Western & Northern Europe,1,1,7,1,1,0,0,0,0,0,0,0,1,0,0,1,0,1,0,0,1,1,0,0,0,1,0,0,0,0,1,1,1,1,1,1,1,0,1,0,0,0,0,0,0,1,0,15.91,0,1,0,0,0,0,1,90,1,0,0,1,1,0,100.0,0,1,0,0,0.0,0.011262393766503094,3650.0,1,62.96,C
6335,Mohammed VI Polytechnic University,https://www.um6p.ma,Egypt & North Africa,Latin America & Africa,1,1,7,1,0,0,0,1,1,1,1,0,0,0,1,1,0,1,1,0,1,1,1,0,1,1,0,1,1,0,1,1,1,1,0,0,1,1,1,0,0,0,0,0,1,1,1,15.43,0,1,1,1,0,1,0,50,1,0,1,1,1,1,96.4,0,1,0,0,0.0,2.305669411869891,8.0,0,62.93,C
2153,Technical University of Denmark,https://www.dtu.dk,Denmark,Western & Northern Europe,0,1,7,1,1,0,0,0,1,1,0,1,3,0,0,1,1,0,0,10,1,1,0,0,1,0,0,0,0,1,0,1,1,0,1,1,1,0,1,1,0,0,1,0,1,1,1,21.0,0,0,0,0,0,0,0,90,1,0,1,1,0,0,40.0,0,1,0,0,0.0,0.5306796833135191,3650.0,1,62.9,C
2039,Heriot-Watt University,https://www.hw.ac.uk,United Kingdom,Western & Northern Europe,0,1,2,1,1,0,0,1,0,0,1,0,0,0,1,1,1,0,0,0,0,0,0,0,0,1,0,1,0,0,0,1,1,1,1,1,0,1,1,0,0,0,1,0,1,1,1,21.0,0,1,0,0,0,0,0,90,1,0,1,1,1,1,23.3,0,1,1,0,0.0,-1.4526601911986385,5.0,0,62.66,C
2081,Aix-Marseille University,https://www.univ-amu.fr,France,Western & Northern Europe,1,1,2,0,1,0,0,0,0,0,1,0,0,1,1,1,0,0,0,0,1,1,1,0,0,1,0,1,1,1,1,1,1,0,0,1,1,1,1,1,0,0,0,1,0,1,1,16.88,0,0,1,0,0,0,0,100,1,0,1,1,1,0,24.0,0,1,1,0,0.0,-0.35756753032360444,0.0,0,62.29,C
1144,Trinity College,https://www.trincoll.edu,United States,North America,0,1,3,1,0,0,0,0,0,0,0,1,6,1,1,1,0,1,1,19,1,1,1,1,1,1,0,1,1,0,1,1,1,0,0,1,1,1,0,0,0,0,1,0,1,1,1,21.0,0,1,0,0,0,0,0,100,1,0,1,1,1,1,55.6,0,1,0,0,0.0,-0.08704610305991976,0.0,0,62.26,C
3191,Plovdiv University Paisii Hilendarski,https://www.uni-plovdiv.bg,Bulgaria & Slovakia,Eastern & Southern Europe,1,1,7,1,0,0,0,0,0,0,0,0,0,0,0,1,0,1,1,2,1,1,0,0,0,1,1,1,0,1,1,0,1,1,1,0,0,0,0,0,0,0,0,0,1,1,0,21.0,0,1,0,0,0,0,0,75,1,0,1,1,1,1,92.7,0,1,0,0,0.0,-0.5507409429722212,3650.0,1,62.25,C
6076,University of Rosario,https://www.urosario.edu.co,Colombia,Latin America & Africa,1,1,8,1,1,0,1,1,0,0,1,1,10,1,1,0,0,0,0,6,1,1,0,0,0,1,0,0,1,1,1,1,1,0,0,0,1,0,1,0,0,0,1,0,0,1,1,12.63,0,1,1,1,0,0,0,100,1,4,1,1,1,1,72.9,0,1,0,0,1.6094379124341003,-0.07009720098121124,0.0,0,62.24,C
4137,Asia University Taiwan,https://www.asia.edu.tw,Taiwan,Asia (East & Southeast),1,1,3,1,1,0,0,1,0,0,1,1,10,1,1,1,1,1,0,0,0,1,0,0,0,1,0,1,1,0,1,1,0,0,1,1,1,0,1,1,1,0,0,1,1,1,0,18.58,0,1,0,0,0,1,0,50,1,1,1,1,1,0,81.1,0,1,0,0,0.6931471805599453,-0.3143500715564159,0.0,0,62.23,C
1141,Middlebury College,https://www.middlebury.edu,United States,North America,1,1,1,1,0,0,0,0,0,0,1,0,0,0,0,1,0,1,1,0,0,1,0,1,1,1,0,1,1,1,1,1,1,1,0,1,1,1,0,1,0,0,0,0,1,1,0,16.29,0,1,1,0,0,0,1,90,1,0,1,1,1,1,100.0,0,1,0,0,0.0,-1.3242265257884231,3650.0,1,62.23,C
3123,Athens University of Economics and Business,https://www.aueb.gr,Greece,Eastern & Southern Europe,1,1,0,0,1,0,0,1,0,0,1,0,1,1,1,1,1,0,0,0,1,1,1,1,0,1,0,1,1,1,1,1,1,0,1,1,1,1,1,1,0,0,0,1,1,1,0,4.48,0,1,0,0,0,0,1,75,1,0,1,1,1,0,89.5,0,1,0,0,0.0,0.043274285110620286,31.0,0,62.15,C
4122,Gachon University,https://www.gachon.ac.kr,South Korea,Asia (East & Southeast),1,1,6,0,0,0,0,0,1,1,0,1,4,0,0,1,0,1,0,0,0,0,1,0,1,1,0,1,1,1,1,1,1,1,0,0,0,0,0,0,1,0,0,1,1,1,0,12.63,0,1,0,0,0,1,0,75,1,0,0,1,1,1,16.7,0,1,0,0,0.0,-0.6303977707542369,3650.0,1,61.98,C
3108,ISCTE University Institute of Lisbon,https://www.iscte-iul.pt,Portugal,Eastern & Southern Europe,1,1,6,1,1,0,0,1,0,0,1,1,6,0,1,1,0,1,1,0,1,1,0,0,0,1,0,1,1,1,0,1,1,1,1,0,1,0,0,0,0,0,0,0,1,1,0,21.0,0,1,0,0,0,0,0,75,1,0,1,1,1,0,100.0,0,1,0,0,0.0,0.1935694528915323,228.0,0,61.77,C
6308,Federal University of Rio Grande,https://www.furg.br,Brazil,Latin America & Africa,1,1,10,1,1,1,0,0,0,0,0,0,0,0,0,1,1,1,0,0,1,1,0,0,0,1,0,1,1,0,0,1,1,1,1,0,0,1,1,1,0,0,0,1,0,1,0,12.81,0,1,1,0,0,0,0,75,1,10,1,1,1,0,66.7,0,1,1,0,2.3978952727983707,-0.7309361785345991,3650.0,1,61.69,C
1038,Emory University,https://www.emory.edu,United States,North America,1,1,2,1,0,0,0,0,0,0,0,0,1,0,0,1,0,1,1,0,1,1,0,1,1,1,0,1,1,1,1,1,1,0,0,1,1,1,1,0,0,0,1,0,1,1,1,21.0,0,1,1,0,0,0,0,100,1,0,1,0,1,1,37.9,0,1,1,0,0.0,0.057968347025470636,3650.0,1,61.58,C
4310,National University of Laos,https://www.nuol.edu.la,Other SE/E Asia,Asia (East & Southeast),1,1,10,0,1,0,0,0,0,0,1,0,0,0,1,1,0,1,1,0,1,1,0,0,0,1,0,1,1,1,1,1,1,1,1,0,1,0,0,0,0,0,1,0,1,1,0,15.43,0,1,1,0,0,0,0,75,1,2,1,0,0,1,30.3,0,0,0,0,1.0986122886681098,-0.3211726885549722,187.0,0,61.55,C
6130,Hassan II University of Casablanca,https://www.univh2c.ma,Egypt & North Africa,Latin America & Africa,1,1,3,1,1,0,0,0,1,1,0,1,10,0,1,1,0,1,0,1,1,1,0,1,0,1,0,1,1,0,0,1,1,1,1,1,0,0,1,1,0,0,1,0,1,1,1,21.0,0,1,1,0,0,0,0,75,1,0,0,0,1,0,23.7,0,1,0,0,0.0,1.1895920384891898,957.0,0,61.31,C
2026,University of Reading,https://www.reading.ac.uk,United Kingdom,Western & Northern Europe,1,1,2,1,0,0,0,1,0,0,0,1,2,1,0,1,0,0,0,0,0,0,0,0,0,1,0,1,1,1,1,1,1,0,0,1,1,0,1,0,1,0,1,1,1,1,1,21.0,0,1,1,0,0,0,0,75,1,1,0,1,1,1,25.0,0,1,1,0,0.6931471805599453,-1.0957123619674496,3650.0,1,60.76,C
1002,Massachusetts Institute of Technology,https://www.mit.edu,United States,North America,0,1,11,1,0,0,0,0,0,0,0,0,0,0,1,1,0,1,1,1,1,1,0,1,0,0,0,1,1,0,1,1,0,1,0,1,1,0,1,0,0,0,0,0,0,1,1,21.0,0,0,0,0,0,1,0,75,1,0,1,0,1,1,100.0,0,1,1,0,0.0,-1.8156183480777752,0.0,0,60.7,C
6021,Federal University of Espirito Santo,https://www.ufes.br,Brazil,Latin America & Africa,1,1,7,1,1,1,0,1,0,0,0,0,0,0,0,0,0,1,0,0,0,0,0,0,0,1,0,1,1,0,1,1,1,1,1,0,0,0,1,0,0,0,0,0,1,0,0,21.0,0,1,0,0,0,0,0,75,1,0,1,0,1,0,52.9,0,1,1,0,0.0,-0.983939895747314,3650.0,1,60.57,C
3132,Czech Technical University in Prague,https://www.cvut.cz,Czechia,Eastern & Southern Europe,1,1,2,0,1,0,0,0,0,0,1,0,0,1,0,1,0,1,1,2,1,1,0,0,0,1,0,1,1,1,1,1,1,0,1,1,1,1,1,0,0,0,0,0,1,1,1,1.41,0,1,1,0,0,0,0,75,1,0,1,1,1,0,6.7,0,1,0,0,0.0,-0.6129011613512158,3650.0,1,60.45,C
3098,Rzeszow University of Technology,https://www.prz.edu.pl,Poland,Eastern & Southern Europe,1,1,4,1,0,0,0,0,0,0,0,0,0,0,0,1,0,0,0,0,1,1,0,0,0,1,0,1,1,1,1,1,1,0,1,0,0,0,1,1,0,0,1,1,0,1,1,21.0,0,1,1,0,0,0,0,75,1,2,1,0,1,0,78.6,0,1,1,0,1.0986122886681098,0.5697552125338624,3650.0,1,60.43,C
2136,University of Oslo,https://www.uio.no,Norway,Western & Northern Europe,1,1,1,1,1,0,0,0,1,1,1,0,0,0,1,1,0,0,0,17,1,1,1,0,0,0,0,0,1,0,1,1,1,0,1,0,0,0,1,1,0,0,1,0,0,1,0,21.0,0,0,0,0,0,0,0,75,1,0,1,1,1,0,100.0,0,1,1,0,0.0,-0.7133029008957203,0.0,0,60.18,C
3125,Democritus University of Thrace,https://www.duth.gr,Greece,Eastern & Southern Europe,1,1,1,1,1,1,0,0,0,0,1,0,0,1,0,1,1,0,1,1,1,1,0,0,0,1,0,1,1,1,0,1,1,0,1,1,1,1,1,1,0,0,0,0,1,1,0,16.95,0,1,0,0,0,0,0,90,1,0,1,1,1,0,15.0,0,1,1,0,0.0,-0.4122687562086398,3650.0,1,60.05,C
4044,Nanchang University,https://www.ncu.edu.cn,China,Asia (East & Southeast),1,1,8,0,0,0,0,0,0,0,1,0,0,0,1,1,0,1,1,0,0,0,0,0,1,1,0,1,1,1,0,1,1,0,1,1,0,0,1,0,0,1,1,0,1,1,0,21.0,0,1,1,0,0,0,0,75,0,0,1,0,1,0,0.0,0,0,0,0,0.0,0.7152630996080411,33.0,0,60.0,C
3018,University of Palermo,https://www.unipa.it,Italy,Eastern & Southern Europe,1,1,3,0,0,1,0,1,1,1,0,0,0,0,0,1,0,1,1,0,0,0,0,0,0,1,1,0,1,0,1,1,1,1,0,0,0,1,1,1,1,0,1,0,0,1,1,12.63,0,1,1,1,0,0,0,75,1,0,1,1,1,0,100.0,0,1,0,0,0.0,-0.05399660416832528,3650.0,1,59.95,C
2119,HAN University of Applied Sciences,https://www.han.nl,Netherlands,Western & Northern Europe,1,1,8,0,1,1,0,0,0,0,0,1,5,1,0,1,1,1,1,1,1,1,1,0,0,1,0,0,1,0,1,1,1,0,0,1,1,1,1,1,0,0,0,0,1,1,1,21.0,0,1,0,0,0,1,0,100,1,0,1,1,1,0,90.9,0,1,0,1,0.0,4.224798725778149,3650.0,1,59.9,C
4106,UNIST,https://www.unist.ac.kr,South Korea,Asia (East & Southeast),1,1,3,1,1,0,0,0,0,0,1,1,10,0,1,1,0,1,0,0,0,0,0,1,1,1,0,1,1,0,1,1,1,1,0,0,0,1,0,0,0,0,1,1,1,1,1,21.0,0,1,1,0,0,1,0,75,1,0,1,0,1,1,11.2,0,1,0,0,0.0,0.22584066256455823,44.0,0,59.85,C
4197,University of Santo Tomas,https://www.ust.edu.ph,Philippines,Asia (East & Southeast),1,1,10,1,0,0,0,1,1,0,1,0,0,1,1,1,0,1,1,6,1,1,0,1,1,1,0,0,0,0,1,1,1,0,0,1,1,1,1,0,0,0,0,0,1,1,0,6.78,0,1,1,0,0,0,0,90,1,0,1,1,1,1,0.0,0,1,0,0,0.0,0.6586755115611932,4.0,0,59.84,C
1063,Northeastern University,https://www.northeastern.edu,United States,North America,1,1,20,1,0,0,0,0,0,0,0,0,0,0,0,1,0,1,1,0,1,0,0,1,1,1,0,1,1,1,1,1,1,0,1,1,1,0,0,0,0,0,0,0,1,1,0,9.93,0,1,0,1,0,0,0,90,1,2,1,0,1,1,46.7,0,1,1,0,1.0986122886681098,-0.13179341908626907,3650.0,1,59.8,C
6081,University of Chile,https://www.uchile.cl,Chile,Latin America & Africa,1,1,7,1,1,0,0,0,1,0,1,0,0,0,0,0,1,0,0,0,0,0,0,0,0,1,0,1,1,1,1,1,1,0,1,0,0,0,1,0,0,0,1,0,1,1,1,21.0,0,1,1,0,0,0,0,75,1,0,1,1,1,1,40.0,0,1,0,0,0.0,1.5191700514880146,3650.0,1,59.79,C
2165,Design School Kolding,https://www.designskolenkolding.dk,Denmark,Western & Northern Europe,1,1,5,1,1,0,0,0,0,0,0,1,4,0,1,1,0,0,1,0,1,1,1,0,1,1,0,1,1,0,1,1,1,0,0,1,1,0,1,0,0,0,1,0,0,1,1,21.0,0,1,0,0,0,1,0,75,1,0,1,1,1,1,95.7,0,1,0,0,0.0,0.40191657371993106,6.0,0,59.1,C
2070,University of Duisburg-Essen,https://www.uni-due.de,Germany,Western & Northern Europe,1,1,7,0,1,0,0,0,0,0,0,1,3,0,1,1,1,1,1,0,1,1,1,0,0,1,0,1,1,0,0,1,1,0,0,1,1,1,1,1,0,0,1,0,1,1,1,21.0,0,1,1,0,0,0,0,75,1,0,1,0,1,0,71.4,0,1,1,0,0.0,0.9004795743308857,4.0,0,58.83,C
2107,Wageningen University & Research,https://www.wur.nl,Netherlands,Western & Northern Europe,0,1,6,1,1,0,0,0,0,0,0,0,0,0,0,1,0,1,1,0,1,1,1,0,1,1,0,0,1,0,1,1,1,0,1,1,1,1,1,0,0,0,0,0,0,1,1,19.42,0,1,0,0,0,0,0,80,1,0,1,1,1,0,11.1,0,1,1,0,0.0,0.3922169044473446,3650.0,1,58.72,C
3314,University of Zagreb Faculty,https://www.pmf.unizg.hr,Balkans,Eastern & Southern Europe,1,1,6,1,0,0,0,0,0,0,0,1,4,0,0,1,0,1,1,0,1,1,0,0,1,1,0,1,1,0,1,1,1,0,0,0,0,0,1,0,0,1,0,0,1,1,0,14.99,0,1,0,0,0,0,0,75,1,0,1,0,1,0,28.6,0,1,1,0,0.0,-0.5693710948783175,3650.0,1,58.71,C
3089,Medical University of Warsaw,https://www.wum.edu.pl,Poland,Eastern & Southern Europe,1,1,6,1,1,0,0,0,1,2,0,1,10,0,0,1,1,1,1,0,1,1,1,1,0,1,0,1,1,0,1,1,1,0,1,0,1,1,0,1,0,0,1,0,1,1,1,14.16,0,1,1,0,0,0,0,75,1,0,0,1,1,0,100.0,0,1,1,0,0.0,0.20736293074508438,3650.0,1,58.6,C
4086,Mie University,https://www.mie-u.ac.jp,Japan,Asia (East & Southeast),1,1,5,1,0,0,0,0,0,0,1,1,10,0,0,1,0,1,1,0,1,0,1,0,0,1,0,1,1,1,1,1,0,1,0,0,0,0,1,0,0,0,1,1,1,1,1,21.0,0,1,1,0,0,0,0,100,1,1,0,1,1,0,2.6,0,1,0,0,0.6931471805599453,-0.22706070701606526,3650.0,1,58.57,C
2175,University of Vaasa,https://www.uwasa.fi,Finland,Western & Northern Europe,1,1,9,1,1,0,0,1,1,2,0,1,10,1,1,1,0,1,0,8,1,0,1,0,0,1,0,0,1,0,0,1,0,0,1,1,1,1,1,0,0,0,1,0,0,1,1,21.0,0,1,1,0,0,0,0,100,1,0,1,0,1,0,100.0,0,1,0,0,0.0,0.9157565534352093,0.0,0,58.55,C
3030,University of Calabria,https://www.unical.it,Italy,Eastern & Southern Europe,1,1,7,1,0,0,0,0,0,0,1,0,0,0,1,0,0,1,0,0,1,1,1,1,0,1,0,1,0,0,1,1,1,0,0,0,1,0,1,1,0,0,1,0,1,1,1,17.4,0,1,0,0,0,0,0,100,1,7,1,1,1,0,100.0,0,1,0,0,2.0794415416798357,-1.4387184718041406,0.0,0,58.4,C
3118,National Technical University of Athens,https://www.ntua.gr,Greece,Eastern & Southern Europe,1,1,6,0,1,0,0,0,0,0,0,0,0,0,0,1,0,1,0,0,1,1,0,0,0,1,0,1,0,1,0,1,1,0,1,0,0,0,1,0,0,0,1,0,1,1,1,9.01,0,1,0,0,0,0,0,90,1,0,0,0,1,0,73.8,0,1,0,0,0.0,0.8703455480956861,3650.0,1,58.21,C
5160,University of Kelaniya,https://www.kln.ac.lk,Sri Lanka,South & Central Asia + Oceania,1,1,14,1,0,0,0,1,0,0,0,0,0,1,0,1,0,0,1,0,0,0,0,0,0,1,0,1,1,1,1,1,1,0,1,1,0,0,1,1,0,0,0,0,0,0,0,21.0,0,1,1,0,0,0,0,55,1,0,1,0,1,0,0.0,0,1,0,0,0.0,-0.6975128289195714,3650.0,1,58.13,C
3001,Sapienza University of Rome,https://www.uniroma1.it,Italy,Eastern & Southern Europe,1,1,6,1,1,0,1,1,0,0,1,0,0,0,1,1,0,0,0,2,1,1,1,0,0,1,0,1,0,0,0,1,1,1,0,0,0,0,0,1,0,0,1,0,1,1,1,21.0,0,1,1,0,0,0,0,90,1,0,1,1,0,1,100.0,0,1,0,0,0.0,-1.468813332575527,3.0,0,57.22,C
6089,University of La Frontera,https://www.ufro.cl,Chile,Latin America & Africa,1,1,9,1,0,0,0,0,1,1,0,1,10,0,0,1,1,1,0,1,1,1,0,1,0,1,0,0,0,1,1,1,1,0,0,0,0,0,0,0,0,0,0,0,0,1,0,21.0,0,1,0,0,0,0,0,90,1,0,1,0,1,1,7.4,0,1,0,0,0.0,1.22353156152992,3650.0,1,56.99,C
5097,University of Rajshahi,https://www.ru.ac.bd,Bangladesh,South & Central Asia + Oceania,1,1,9,0,0,0,0,0,0,0,0,1,7,1,0,1,0,1,1,0,0,0,1,0,0,1,0,1,1,0,1,1,1,0,1,0,1,0,1,1,0,0,0,1,1,1,1,12.63,0,1,1,0,0,0,0,90,1,0,1,0,1,1,5.9,0,1,0,0,0.0,-1.1658108728168814,3650.0,1,56.87,C
1049,"University of Maryland, College Park",https://umd.edu,United States,North America,1,1,0,0,0,0,0,1,0,0,0,1,3,0,0,1,1,1,1,0,0,0,0,1,1,1,0,1,1,1,1,1,1,0,0,0,0,1,1,1,0,0,1,0,0,1,0,21.0,0,1,1,1,0,0,0,75,1,0,1,1,1,1,100.0,0,1,0,0,0.0,-0.2960740746830042,3650.0,1,56.86,C
3117,Aristotle University of Thessaloniki,https://www.auth.gr,Greece,Eastern & Southern Europe,1,1,0,0,1,0,0,0,0,0,0,0,1,1,1,1,0,0,1,5,1,1,1,0,0,1,0,1,0,1,1,0,1,0,0,0,0,1,1,0,0,0,0,0,1,1,1,12.63,0,1,1,0,0,1,0,90,1,0,1,0,1,0,77.8,0,1,0,0,0.0,0.9710200228190147,0.0,0,56.85,C
2163,University College Absalon,https://phabsalon.dk,Denmark,Western & Northern Europe,1,1,7,1,1,0,0,0,0,0,0,1,3,0,0,1,0,1,0,0,1,1,1,0,1,1,0,0,1,0,1,1,1,0,0,1,0,0,1,0,0,0,1,0,0,1,1,9.54,0,1,1,0,0,0,0,75,1,0,1,0,1,1,100.0,0,1,0,0,0.0,0.7867509521098067,3650.0,1,56.83,C
4087,Shizuoka University,https://www.shizuoka.ac.jp,Japan,Asia (East & Southeast),1,1,6,0,0,0,0,0,0,0,1,1,4,0,1,1,0,1,1,0,1,1,0,0,0,1,0,1,1,1,1,1,0,1,1,0,1,0,0,1,0,0,1,0,1,0,1,12.09,0,1,1,0,0,0,0,75,1,1,0,1,0,0,8.4,0,1,0,0,0.6931471805599453,-0.6707314771280541,102.0,0,56.82,C
4311,Universiti Malaysia Terengganu,https://www.umt.edu.my,Malaysia,Asia (East & Southeast),1,1,0,0,1,0,0,1,0,0,1,0,0,0,0,1,0,1,0,1,1,1,0,1,0,1,0,1,1,0,1,1,1,0,0,1,1,0,1,0,0,1,1,0,0,1,1,21.0,0,1,1,0,0,0,0,90,1,0,1,0,1,0,0.0,0,1,0,0,0.0,1.5311678265530193,3650.0,1,56.65,C
6053,Veracruzana University,https://www.uv.mx,Mexico,Latin America & Africa,1,1,9,1,1,0,0,0,0,0,0,0,1,0,0,0,0,1,0,0,0,1,0,0,0,1,0,0,1,1,0,1,1,0,0,0,0,0,1,0,1,0,0,0,1,1,0,15.43,0,1,0,0,0,0,0,75,1,0,1,1,1,1,100.0,0,1,0,0,0.0,-0.86585279491965,3650.0,1,56.54,C
6339,Mekelle University,https://www.mu.edu.et,Sub-Saharan Africa,Latin America & Africa,1,1,6,1,0,0,0,1,0,0,1,0,0,1,1,1,0,0,1,0,0,0,0,0,0,0,0,0,1,0,1,1,1,0,1,0,1,0,1,1,0,0,0,0,1,1,0,15.33,0,0,1,0,0,0,0,90,1,21,1,1,1,1,100.0,0,1,0,0,3.091042453358316,-1.2093151582533188,7.0,0,56.5,C
3100,Kazimierz Wielki University,https://www.ukw.edu.pl,Poland,Eastern & Southern Europe,1,1,3,1,0,0,0,0,0,0,0,1,3,0,1,1,0,0,0,0,1,1,1,0,0,1,0,0,1,0,1,1,1,1,0,0,0,0,1,0,0,0,1,0,0,0,0,21.0,0,1,1,0,0,0,0,75,1,0,1,1,1,0,94.7,0,1,0,0,0.0,1.3043922602925275,7.0,0,56.47,C
3187,University of Kragujevac,https://www.kg.ac.rs,Balkans,Eastern & Southern Europe,0,1,0,0,1,0,0,0,0,0,1,0,0,0,1,0,0,1,0,0,1,1,0,1,0,1,0,0,0,0,1,1,1,1,0,0,1,0,0,0,0,1,0,0,0,0,0,21.0,0,1,0,0,0,0,0,75,1,0,0,1,1,0,100.0,0,1,0,0,0.0,-1.1547877913121913,0.0,0,56.43,C
6317,National University of San Luis,https://www.unsl.edu.ar,Argentina,Latin America & Africa,1,1,6,1,0,0,0,0,0,0,1,1,9,1,0,1,1,0,1,0,1,1,0,1,0,1,0,0,0,1,1,0,0,1,1,0,1,0,1,0,0,0,1,1,0,1,1,13.06,0,1,1,0,0,0,0,75,1,0,1,1,1,0,98.6,0,1,0,0,0.0,-0.4486210550594358,3650.0,1,56.37,C
2103,Utrecht University,https://www.uu.nl,Netherlands,Western & Northern Europe,1,1,5,1,1,0,0,0,0,0,0,0,0,0,0,1,0,0,1,0,0,0,0,0,0,1,0,1,1,0,1,1,1,0,1,1,1,0,1,1,0,0,0,0,0,1,0,10.37,0,1,1,0,0,0,0,100,1,0,1,1,1,0,33.3,0,1,0,0,0.0,-1.327291965850456,3650.0,1,56.27,C
2124,KTH Royal Institute of Technology,https://www.kth.se,Sweden,Western & Northern Europe,1,1,3,1,1,0,1,1,0,0,0,0,0,0,0,1,0,1,1,0,1,1,0,0,0,1,0,0,0,0,0,1,1,0,1,1,1,0,1,1,0,0,1,0,0,0,1,15.69,0,0,1,0,0,0,0,75,1,0,1,1,1,0,93.8,0,1,1,0,0.0,-0.3597499559099365,3650.0,1,55.67,C
5142,Bond University,https://www.bond.edu.au,Australia,South & Central Asia + Oceania,1,1,0,1,1,0,0,1,0,0,0,0,1,1,0,0,0,1,0,0,0,0,0,0,1,1,0,1,1,0,1,1,1,0,1,1,1,1,1,1,0,0,0,0,0,1,1,17.06,0,1,0,0,0,0,1,100,1,0,1,1,1,1,75.0,0,1,0,0,0.0,-0.10244516840705364,3650.0,1,55.5,C
2186,KU Leuven,https://www.kuleuven.be,Belgium/Ireland/Iceland,Western & Northern Europe,1,1,2,1,1,0,0,0,0,0,1,0,0,0,0,1,0,1,1,0,0,0,1,0,0,1,0,0,0,1,0,1,1,0,0,1,1,1,1,1,0,0,0,0,1,1,0,12.63,0,1,0,0,0,0,0,75,1,0,1,1,1,0,100.0,0,1,1,0,0.0,-0.1567843763810607,3650.0,1,55.44,C
5329,Kabul University,https://www.ku.edu.af,Central Asia,South & Central Asia + Oceania,1,1,2,1,0,0,0,0,0,0,1,0,0,1,1,1,0,0,1,0,1,1,0,0,0,1,1,1,1,1,1,1,1,0,0,1,0,1,0,0,0,0,0,0,1,1,0,11.37,0,1,1,0,0,0,0,75,1,2,1,0,1,1,43.3,0,1,0,0,1.0986122886681098,0.43836248910692394,0.0,0,55.4,C
1098,University of Arkansas,https://www.uark.edu,United States,North America,1,1,1,1,0,0,0,1,1,0,1,1,7,0,0,1,0,1,1,2,1,1,0,0,1,1,0,1,1,0,1,1,0,1,1,1,1,0,1,0,0,0,1,0,1,1,1,15.43,0,1,1,0,0,0,1,90,1,1,1,0,1,1,77.8,0,1,1,0,0.6931471805599453,0.2779759841550202,3650.0,1,55.3,C
5049,Christ University,https://www.christuniversity.in,India,South & Central Asia + Oceania,1,1,2,1,1,0,0,0,0,0,0,0,0,1,0,1,0,0,1,0,1,0,0,1,0,1,0,1,1,0,1,1,1,1,1,0,1,1,1,0,0,0,0,0,1,1,1,12.63,0,1,1,0,0,0,0,75,1,0,0,1,1,1,100.0,0,1,1,0,0.0,0.4039815262459873,3650.0,1,55.24,C
2065,Friedrich Schiller University Jena,https://www.uni-jena.de,Germany,Western & Northern Europe,0,1,6,0,1,0,0,1,1,0,1,1,6,0,1,1,0,0,1,1,1,1,1,0,1,1,0,0,0,0,0,1,1,0,0,1,0,1,1,1,0,0,0,0,0,1,1,21.0,0,1,0,0,0,1,0,100,1,0,1,1,1,0,100.0,0,1,1,0,0.0,-0.9458524717059855,0.0,0,54.8,C
3146,Politehnica University of Bucharest,https://www.upb.ro,Romania,Eastern & Southern Europe,1,1,1,1,1,0,0,0,0,0,0,0,0,0,0,1,0,0,0,1,1,1,0,0,1,1,0,1,1,1,1,1,1,0,0,1,1,0,1,0,0,0,0,0,1,1,0,3.09,0,1,1,0,0,0,1,90,1,0,1,0,1,1,55.6,0,1,0,0,0.0,0.4771418612314409,3650.0,1,54.79,C
4132,Taipei Medical University,https://www.tmu.edu.tw,Taiwan,Asia (East & Southeast),1,1,5,1,0,0,1,1,0,0,1,0,0,0,0,1,0,1,1,1,1,1,0,0,0,1,0,1,1,1,1,1,0,0,0,0,1,0,1,1,0,0,0,1,0,0,0,15.43,0,1,1,0,0,1,0,55,1,0,0,1,0,0,100.0,0,1,0,0,0.0,-0.43896316438298544,3650.0,1,54.64,C
2050,University of Freiburg,https://uni-freiburg.de,Germany,Western & Northern Europe,1,1,7,1,1,0,0,1,0,0,0,0,1,0,0,1,0,1,0,0,1,1,0,0,1,1,0,0,0,0,1,1,1,0,0,0,0,1,1,0,0,0,1,0,0,1,1,14.35,0,1,0,0,0,0,0,90,1,0,1,0,1,0,71.2,0,1,1,0,0.0,0.43344049885583785,3650.0,1,54.43,C
2041,Ludwig Maximilian University of Munich,https://www.lmu.de,Germany,Western & Northern Europe,1,1,3,1,0,0,0,1,0,0,0,1,3,0,0,1,0,1,0,2,0,0,0,0,0,0,0,0,0,0,0,1,1,0,0,1,0,0,1,0,0,0,1,1,1,1,1,21.0,0,0,1,0,0,0,0,90,1,0,1,1,1,1,85.7,0,1,1,0,0.0,-0.7351271567590404,3650.0,1,54.37,C
3051,University of the Basque Country,https://www.ehu.eus,Spain,Eastern & Southern Europe,1,1,1,1,1,1,0,0,0,0,0,1,7,0,0,1,0,0,1,0,1,1,1,0,0,1,0,1,1,0,1,1,1,1,0,0,0,1,1,1,0,0,0,1,0,1,0,19.95,0,1,1,0,0,1,0,75,1,0,1,0,1,0,84.6,0,1,1,0,0.0,0.40262125360705575,3650.0,1,53.73,C
4083,Yamaguchi University,https://www.yamaguchi-u.ac.jp,Japan,Asia (East & Southeast),1,1,2,1,1,0,0,0,0,0,0,0,0,0,1,1,0,1,0,14,1,1,1,0,1,1,0,1,1,0,1,1,0,0,0,0,1,0,1,0,0,0,0,1,1,1,1,21.0,0,1,0,0,0,0,0,90,1,2,0,1,0,0,26.9,0,1,1,0,1.0986122886681098,0.08657900971167692,13.0,0,53.57,C
2035,University of East Anglia,https://www.uea.ac.uk,United Kingdom,Western & Northern Europe,1,1,0,1,0,0,0,1,0,0,1,0,0,0,0,1,0,0,1,0,1,1,0,1,0,1,0,0,1,0,1,1,1,1,0,1,1,1,1,0,0,0,1,0,1,1,1,20.29,0,1,0,0,0,0,1,90,1,0,1,1,1,1,100.0,0,1,1,0,0.0,-0.9068113028838243,3650.0,1,53.5,C
4076,Yokohama National University,https://www.ynu.ac.jp,Japan,Asia (East & Southeast),1,1,5,1,1,0,0,0,0,0,0,0,0,1,0,1,0,1,0,0,1,1,0,0,1,1,0,1,1,0,1,1,1,0,0,0,1,0,1,0,0,0,0,0,1,1,1,12.63,0,1,1,0,0,0,0,75,1,3,0,1,1,0,5.6,0,0,0,0,1.3862943611198906,-0.2950862117957868,3650.0,1,52.37,C
3035,University of Sassari,https://www.uniss.it,Italy,Eastern & Southern Europe,1,1,5,1,1,0,0,0,1,0,0,0,0,0,0,1,0,1,0,0,1,1,1,1,0,1,0,1,0,0,0,1,1,0,0,0,1,0,1,0,0,0,1,1,0,1,1,12.63,0,1,1,1,0,0,0,75,1,0,1,1,1,0,100.0,0,1,1,0,0.0,2.2536343271233403,3650.0,1,52.33,C
2159,VIA University College,https://www.via.dk,Denmark,Western & Northern Europe,1,1,6,0,1,0,0,1,0,0,0,1,5,0,0,1,0,0,1,0,1,1,1,0,0,1,0,0,0,0,1,1,1,0,1,1,1,0,1,1,0,0,0,0,0,1,1,12.08,0,1,0,1,0,1,0,75,1,0,1,1,1,0,85.7,0,1,0,0,0.0,0.07140034325654067,3650.0,1,51.95,C
6003,Federal University of Rio de Janeiro,https://www.ufrj.br,Brazil,Latin America & Africa,1,1,4,1,1,0,1,1,1,1,0,0,0,0,0,0,1,0,0,0,0,0,0,0,0,1,0,0,1,1,0,1,1,0,0,0,0,0,1,0,0,0,1,0,1,0,0,19.89,0,1,1,0,0,0,0,75,1,0,1,0,1,1,85.7,0,1,0,0,0.0,-0.7422961015358351,3650.0,1,50.93,C
6031,Pontifical Catholic University of Rio Grande do Sul,https://www.pucrs.br,Brazil,Latin America & Africa,1,1,6,0,1,0,0,1,0,0,1,0,0,0,1,1,0,0,1,0,0,0,1,1,0,1,0,1,1,0,0,1,1,1,1,0,1,0,1,0,0,0,1,0,1,1,1,5.74,0,1,1,0,0,0,0,90,1,25,1,1,1,1,25.0,0,1,0,0,3.258096538021482,-0.895304447145077,265.0,0,50.76,C
3032,University of Ferrara,https://www.unife.it,Italy,Eastern & Southern Europe,1,1,5,1,0,1,0,0,0,0,0,0,0,0,1,1,0,1,0,0,0,0,0,1,0,1,0,0,1,0,0,0,1,0,1,0,0,0,1,0,0,0,0,0,1,1,0,16.88,0,1,1,0,0,0,0,75,1,1,1,0,1,1,50.0,0,1,1,0,0.6931471805599453,-0.6017947246379661,343.0,0,50.74,C
6027,Federal University of Santa Maria,https://www.ufsm.br,Brazil,Latin America & Africa,1,1,10,1,1,0,0,0,0,0,0,0,0,0,1,0,1,0,0,3,1,1,1,0,1,1,0,0,0,0,0,0,1,0,0,0,0,0,1,1,0,0,0,0,0,1,0,17.04,0,1,1,0,0,0,0,90,1,0,0,1,1,1,77.1,0,1,1,0,0.0,-0.7908212047263005,0.0,0,50.71,C
3304,University of Burgos,https://www.ubu.es,Spain,Eastern & Southern Europe,1,1,8,0,1,1,0,0,0,0,0,0,0,0,0,0,1,0,0,1,1,1,0,0,1,1,0,0,1,0,1,1,1,0,0,0,1,0,1,1,0,0,1,0,0,1,1,14.07,0,1,1,0,0,0,0,75,1,0,1,0,1,0,100.0,0,1,0,0,0.0,-0.8155040633300136,3650.0,1,50.46,C
6078,Industrial University of Santander,https://www.uis.edu.co,Colombia,Latin America & Africa,0,1,9,0,1,0,0,0,0,0,0,0,0,0,0,1,0,1,0,3,0,0,0,0,0,1,0,1,1,0,1,1,1,0,0,0,1,0,0,0,0,0,0,0,0,1,0,12.63,0,1,0,0,0,0,0,90,1,0,1,0,1,1,84.2,0,1,0,0,0.0,-0.6737158256394842,3650.0,1,50.45,C
6302,Federal University of Ouro Preto,https://www.ufop.br,Brazil,Latin America & Africa,1,1,7,1,0,1,0,1,0,0,0,0,0,0,1,0,0,0,0,0,1,1,0,0,1,1,0,1,1,0,1,1,1,1,1,0,0,0,1,0,0,0,0,0,0,1,0,1.17,0,1,0,0,0,0,0,75,1,2,0,0,1,1,33.3,0,1,1,0,1.0986122886681098,0.8158365471522251,403.0,0,50.15,C
4065,Waseda University,https://www.waseda.jp,Japan,Asia (East & Southeast),1,1,11,1,1,0,0,0,0,0,0,0,0,0,1,1,0,1,1,1,1,1,1,0,1,1,1,1,1,0,1,1,0,0,0,0,1,0,0,0,0,0,0,0,1,1,1,12.63,0,1,1,0,0,0,0,90,1,0,1,1,1,0,29.5,0,1,0,0,0.0,0.10323422179638753,8.0,0,49.82,D
2072,Johannes Gutenberg University Mainz,https://www.uni-mainz.de,Germany,Western & Northern Europe,1,1,5,1,1,0,0,0,0,0,1,0,1,1,0,0,0,0,0,0,0,0,0,0,0,1,0,1,0,1,0,1,1,0,0,0,0,0,1,0,0,0,1,0,1,1,1,12.48,0,1,1,0,0,0,0,75,1,0,1,0,0,1,33.3,0,1,1,0,0.0,0.8316119224955202,3650.0,1,48.97,D
6439,South Valley University,https://www.svu.edu.eg,Egypt & North Africa,Latin America & Africa,1,1,8,0,1,0,0,0,1,1,0,0,0,1,1,1,0,1,0,0,0,0,0,1,0,1,0,1,1,1,1,0,1,0,0,0,0,0,0,0,0,0,0,0,1,0,0,13.3,0,1,0,0,0,0,0,35,0,4,0,0,1,0,18.8,0,0,0,0,1.6094379124341003,1.6542269138360435,65.0,0,48.42,D
5175,L.N. Gumilyov Eurasian National University,https://www.enu.kz,Central Asia,South & Central Asia + Oceania,1,1,6,0,1,0,1,1,0,0,0,1,10,1,1,1,0,1,1,0,1,1,1,0,1,1,0,1,1,1,0,0,0,0,0,0,1,0,1,0,0,0,1,0,1,1,1,21.0,0,1,1,0,0,0,0,75,1,0,1,1,0,1,30.8,0,0,1,0,0.0,0.4375477743471862,1.0,0,48.23,D
4053,Capital Normal University,https://www.cnu.edu.cn,China,Asia (East & Southeast),1,1,6,0,0,0,0,0,0,0,0,1,2,0,0,1,0,1,0,0,0,0,0,0,0,1,0,1,1,0,1,1,1,0,0,0,0,0,1,0,0,0,1,0,1,1,0,12.63,0,1,1,0,0,1,0,75,1,0,0,0,1,0,0.0,0,0,0,0,0.0,-0.2993001811184246,3650.0,1,47.88,D
1122,University of Maine,https://www.maine.edu,United States,North America,1,1,7,0,0,0,0,0,1,1,0,0,0,0,0,1,0,0,0,0,1,1,0,0,1,1,0,0,1,0,1,1,1,1,0,1,1,1,0,0,0,0,0,0,1,1,0,15.13,0,1,1,0,0,0,0,90,1,0,1,0,0,1,83.3,0,1,1,0,0.0,0.07764887953705948,3650.0,1,47.7,D
6516,University of Antofagasta,https://www.uantof.cl,Chile,Latin America & Africa,1,1,9,1,1,0,0,1,0,0,0,1,2,0,0,0,0,0,0,0,1,1,0,0,0,1,0,0,1,1,1,1,1,0,0,0,1,0,0,0,0,0,0,0,0,0,0,11.98,0,1,1,0,0,0,0,100,1,1,1,0,1,1,7.4,0,1,1,0,0.6931471805599453,-0.22450800622023517,3650.0,1,47.64,D
3028,University of Salerno,https://www.unisa.it,Italy,Eastern & Southern Europe,1,1,20,1,1,1,0,0,1,0,0,0,0,0,0,1,0,0,0,2,1,1,0,0,0,1,0,1,1,0,0,1,1,0,0,0,0,1,1,1,0,0,1,1,0,1,1,1.01,0,1,1,0,0,0,0,75,1,0,1,0,1,0,100.0,0,1,1,0,0.0,0.512431668207412,3650.0,1,47.44,D
6019,Federal University of Rio Grande do Norte,https://www.ufrn.br,Brazil,Latin America & Africa,1,1,7,0,0,0,0,0,0,0,0,0,0,0,0,0,0,0,0,0,0,1,0,0,0,1,0,1,0,1,1,1,1,0,0,0,0,0,1,0,0,0,1,0,0,1,0,8.32,0,1,1,0,0,0,0,75,1,0,0,1,1,1,13.3,0,1,0,0,0.0,0.466483853373471,3650.0,1,47.4,D
3186,Josip Juraj Strossmayer University of Osijek,https://www.unios.hr,Balkans,Eastern & Southern Europe,1,1,5,1,1,0,0,0,0,0,0,0,0,0,0,1,0,0,0,1,1,1,0,0,0,1,0,1,1,0,1,0,1,0,0,0,0,0,1,1,0,0,1,0,1,1,0,3.61,0,1,1,0,0,0,0,90,1,0,1,0,1,0,72.7,0,1,1,0,0.0,0.11474957944266287,3650.0,1,47.24,D
6028,Federal University of ABC,https://www.ufabc.edu.br,Brazil,Latin America & Africa,1,1,8,0,0,0,0,1,0,0,1,0,0,0,0,1,1,0,0,0,1,1,0,0,0,1,0,1,1,0,1,1,1,0,0,0,0,0,1,0,0,0,0,0,1,1,0,9.52,0,1,1,0,0,0,1,90,1,0,0,0,0,1,66.7,0,1,0,0,0.0,0.2956642704659951,3650.0,1,47.15,D
6099,University of Puerto Rico,https://www.upr.edu,Peru & Andes,Latin America & Africa,1,1,4,1,1,0,0,0,0,0,0,0,0,0,1,0,0,0,0,2,1,1,0,0,1,1,0,0,0,1,0,0,0,1,0,0,0,1,1,0,0,0,0,0,0,1,0,9.1,0,1,0,0,0,0,0,90,1,1,1,1,0,1,81.5,0,1,0,0,0.6931471805599453,-0.28789918148639204,4.0,0,47.05,D
3039,University of Udine,https://www.uniud.it,Italy,Eastern & Southern Europe,1,1,6,1,1,1,0,1,0,0,0,0,0,0,0,0,0,0,0,0,0,1,0,0,0,1,0,0,0,0,1,1,1,1,0,0,0,0,0,0,0,0,0,0,0,1,0,15.43,0,1,1,0,0,0,0,90,1,0,1,1,0,1,100.0,0,1,0,0,0.0,0.26576129152765543,3650.0,1,47.0,D
3033,University of Cagliari,https://www.unica.it,Italy,Eastern & Southern Europe,1,1,4,0,1,0,0,0,0,0,0,1,5,0,1,1,0,1,0,5,1,1,0,0,0,1,0,1,0,0,1,1,0,0,0,1,1,1,0,0,0,0,1,0,0,1,1,1.3,0,1,1,0,0,0,0,75,1,0,1,0,1,0,100.0,0,1,0,0,0.0,0.8097975544008728,0.0,0,46.86,D
6007,University of Brasilia,https://www.unb.br,Brazil,Latin America & Africa,1,1,7,1,0,1,0,0,0,0,0,0,0,0,0,0,0,0,0,0,1,0,0,0,0,1,0,1,0,1,0,1,1,0,0,0,0,0,0,0,0,0,1,0,1,0,1,11.66,0,1,1,0,0,0,0,75,1,1,1,0,1,0,83.3,0,1,0,0,0.6931471805599453,-0.035456448125590116,3650.0,1,46.54,D
3050,Polytechnic University of Madrid,https://www.upm.es,Spain,Eastern & Southern Europe,1,1,3,0,0,0,1,1,0,0,0,0,0,0,0,1,0,1,1,0,0,0,0,0,0,1,0,1,0,0,1,1,1,0,0,0,0,1,0,0,0,0,0,0,1,1,1,21.0,0,1,1,0,0,0,0,75,1,0,1,0,1,0,95.5,0,1,1,0,0.0,-0.36139411061891497,3650.0,1,46.51,D
3148,West University of Timisoara,https://www.uvt.ro,Romania,Eastern & Southern Europe,1,1,8,1,1,0,1,1,1,1,0,0,1,0,1,1,1,0,0,1,1,1,1,1,0,1,0,0,0,0,0,0,0,0,0,0,1,0,1,0,0,0,1,1,1,1,1,12.63,0,1,1,0,0,0,0,90,1,0,1,0,1,1,73.3,0,1,0,0,0.0,-0.084449737091752,14.0,0,46.35,D
6104,Higher University of San Andres Bolivia,https://www.umsa.bo,Peru & Andes,Latin America & Africa,1,1,1,1,1,0,0,0,0,0,0,1,10,0,1,1,1,1,1,18,1,1,1,0,0,1,0,1,0,0,0,0,0,0,0,0,0,0,1,1,0,0,1,0,1,1,0,8.69,0,1,1,0,0,0,0,75,1,4,0,1,1,1,76.9,0,1,0,0,1.6094379124341003,1.1175056135183832,1.0,0,46.01,D
3062,University of Cordoba,https://www.uco.es,Spain,Eastern & Southern Europe,1,1,7,1,1,0,0,0,0,0,0,1,2,1,1,0,1,0,0,0,0,0,1,0,0,1,0,0,1,0,1,0,1,0,0,0,0,0,1,0,0,0,0,0,0,1,1,12.63,0,1,1,0,0,0,1,75,1,1,0,0,1,0,53.3,0,1,0,0,0.6931471805599453,-0.26949730362057434,1257.0,0,45.58,D
4099,Korea University,https://www.korea.ac.kr,South Korea,Asia (East & Southeast),1,1,9,0,0,0,1,1,0,0,1,1,10,0,1,0,1,0,0,2,0,0,0,1,1,1,0,0,1,0,0,1,1,0,0,0,0,0,0,0,0,0,1,1,1,1,1,14.94,0,1,1,1,0,0,0,75,1,0,0,0,0,1,100.0,0,1,0,0,0.0,2.357507144201671,5.0,0,45.46,D
6128,Mohammed V University in Rabat,https://www.um5.ac.ma,Egypt & North Africa,Latin America & Africa,1,1,3,0,0,0,0,0,1,1,0,1,6,0,1,0,0,1,0,13,1,1,1,0,0,1,0,1,0,0,0,1,1,0,0,0,0,0,1,0,0,0,0,0,1,1,0,6.29,0,1,1,0,0,0,0,75,1,0,0,1,1,0,95.6,0,1,0,0,0.0,-0.5819949658517262,3650.0,1,45.04,D
5006,Indian Institute of Technology Roorkee,https://www.iitr.ac.in,India,South & Central Asia + Oceania,1,0,0,0,0,0,0,1,0,0,1,1,8,1,1,1,1,1,1,0,1,0,1,1,1,1,0,1,1,1,1,1,1,1,1,1,1,1,1,1,0,0,0,1,1,1,0,21.0,0,1,0,0,0,1,0,75,1,0,1,1,0,0,65.3,0,0,1,0,0.0,0.09911526315208781,42.0,0,45.0,D
5023,Savitribai Phule Pune University,https://www.unipune.ac.in,India,South & Central Asia + Oceania,1,0,0,1,0,0,0,1,0,0,1,0,1,1,0,1,1,1,1,0,0,0,1,0,0,1,0,1,1,1,1,1,0,1,1,0,1,1,1,1,0,0,0,1,1,0,0,1.38,0,0,0,0,0,0,0,0,1,2,1,1,1,1,63.6,0,1,0,0,1.0986122886681098,-0.8203718146880375,3650.0,1,45.0,D
4130,National Sun Yat-sen University,https://www.nsysu.edu.tw,Taiwan,Asia (East & Southeast),1,0,0,1,1,0,0,0,1,0,1,0,1,0,1,1,0,1,1,0,0,0,0,0,1,1,0,1,1,0,1,1,1,0,0,1,1,0,1,0,0,0,0,1,0,1,0,4.95,0,1,0,0,0,0,0,50,1,0,1,1,1,0,74.2,0,1,0,0,0.0,0.32476860904362226,0.0,0,45.0,D
4133,National Taiwan Normal University,https://www.ntnu.edu.tw,Taiwan,Asia (East & Southeast),1,0,0,0,1,0,0,0,0,0,0,0,0,0,1,1,0,1,0,0,1,0,0,0,1,1,0,1,1,0,1,1,1,0,1,0,0,0,0,0,0,0,1,0,0,1,0,12.63,0,1,1,0,0,0,0,75,1,2,1,1,1,1,10.8,0,0,0,0,1.0986122886681098,-0.259568470362127,14.0,0,45.0,D
4129,National Central University,https://www.ncu.edu.tw,Taiwan,Asia (East & Southeast),1,0,0,1,1,0,0,0,0,0,0,1,2,1,1,1,1,1,1,0,0,1,0,0,1,1,0,1,1,1,1,1,1,0,0,0,1,0,1,0,0,0,0,1,1,1,0,18.58,0,1,0,0,0,0,0,50,1,0,1,1,1,1,100.0,0,1,0,0,0.0,-0.4140806788588394,35.0,0,45.0,D
4118,Dongguk University,https://www.dongguk.edu,South Korea,Asia (East & Southeast),1,0,0,1,0,0,0,1,0,0,1,1,3,0,1,1,1,1,1,0,1,1,1,1,1,1,0,1,1,1,1,1,1,1,1,1,1,1,1,1,0,0,0,1,1,1,0,21.0,0,1,0,0,0,1,0,75,1,3,1,1,1,1,24.4,0,1,0,0,1.3862943611198906,-0.23368265880878175,221.0,0,45.0,D
4097,KAIST,https://www.kaist.ac.kr,South Korea,Asia (East & Southeast),0,0,0,1,0,0,0,0,1,0,0,1,6,1,0,1,1,1,1,0,0,0,0,0,1,1,0,1,1,1,1,1,1,1,1,1,1,0,1,1,1,0,0,0,1,1,0,9.0,0,1,0,0,0,0,0,55,1,0,0,1,1,1,100.0,0,1,0,0,0.0,1.4222066197819612,3650.0,1,45.0,D
4101,Sungkyunkwan University,https://www.skku.edu,South Korea,Asia (East & Southeast),1,0,0,1,0,0,1,1,0,0,1,1,10,1,0,1,1,1,1,0,1,1,0,1,0,1,0,1,1,1,1,1,1,1,1,0,1,0,1,1,1,0,0,0,1,1,0,12.63,0,1,0,0,0,0,1,75,1,0,1,1,1,1,88.7,0,1,0,0,0.0,1.3088307784824251,3650.0,1,45.0,D
6137,Covenant University,https://www.covenantuniversity.edu.ng,Sub-Saharan Africa,Latin America & Africa,1,0,0,0,0,0,0,1,1,1,0,1,9,1,1,1,0,1,1,0,1,0,0,0,1,1,0,1,1,1,1,1,1,1,1,1,1,1,1,1,0,0,0,0,1,1,0,19.95,0,1,1,0,0,0,0,90,1,0,1,1,1,1,71.8,0,1,0,0,0.0,-0.3477842076780933,29.0,0,45.0,D
4300,Southwest Jiaotong University,https://www.swjtu.edu.cn,China,Asia (East & Southeast),1,0,0,0,0,0,0,1,0,0,1,0,0,0,0,1,0,1,1,0,0,0,0,1,1,1,0,1,1,1,1,1,1,1,1,0,1,1,0,0,0,0,0,0,1,0,0,21.0,0,1,0,0,0,0,0,20,1,0,0,1,0,0,0.0,0,0,0,0,0.0,0.2924615109034003,3650.0,1,45.0,D
4198,Mapua University,https://www.mapua.edu.ph,Philippines,Asia (East & Southeast),1,0,0,0,0,0,1,1,1,1,1,1,9,1,1,1,1,1,1,5,1,1,0,1,1,1,0,1,1,1,1,1,1,1,1,1,1,1,1,0,1,0,1,1,1,1,1,17.93,0,1,1,1,0,1,1,75,1,0,1,1,1,1,97.3,0,1,0,0,0.0,-0.5455163886839649,161.0,0,45.0,D
4202,University of the East,https://www.ue.edu.ph,Philippines,Asia (East & Southeast),1,0,0,1,0,0,0,1,1,1,1,1,2,1,1,1,1,1,0,0,0,0,0,1,1,1,0,1,1,1,1,1,1,1,1,1,1,0,1,0,1,1,1,0,1,1,1,13.2,0,1,1,1,0,1,0,75,1,0,0,1,1,1,1.1,0,1,0,0,0.0,1.88193060636114,19.0,0,45.0,D
4208,Duy Tan University,https://www.duytan.edu.vn,Vietnam,Asia (East & Southeast),1,0,0,1,0,0,1,1,1,2,1,0,0,0,1,1,0,1,0,0,1,1,1,1,0,1,0,1,1,0,1,1,1,0,0,0,1,1,1,0,0,0,0,1,1,1,0,15.43,0,1,0,0,0,0,0,100,1,0,1,0,1,1,92.5,0,0,0,0,0.0,-0.6362170617235935,4.0,0,45.0,D
4209,Can Tho University,https://www.ctu.edu.vn,Vietnam,Asia (East & Southeast),1,0,0,1,0,0,0,0,0,0,1,0,0,0,1,1,0,1,1,0,1,0,0,0,1,1,0,1,1,0,1,1,1,0,0,0,1,1,1,0,0,0,0,1,0,1,0,5.73,0,1,1,0,0,0,0,75,1,0,1,0,1,1,50.0,0,1,0,0,0.0,0.15861781860819613,13.0,0,45.0,D
5120,Macquarie University,https://www.mq.edu.au,Australia,South & Central Asia + Oceania,0,0,0,0,0,0,0,0,0,0,0,0,0,0,0,1,0,1,1,0,0,0,0,0,0,1,0,0,1,0,1,1,1,1,1,0,1,0,1,0,0,1,0,0,0,0,0,11.53,0,1,0,0,0,0,0,75,1,0,1,1,1,1,60.0,0,1,0,0,0.0,0.2213224771127637,3650.0,1,45.0,D
1301,Montana State University,https://www.montana.edu,United States,North America,1,0,0,1,0,1,0,0,0,0,1,0,0,0,0,1,1,1,1,1,1,1,0,1,0,1,0,1,1,1,1,1,1,1,1,1,1,1,1,0,0,0,0,0,0,1,1,12.63,0,1,1,0,0,0,0,75,1,0,1,1,1,1,92.1,0,1,1,0,0.0,-0.6020545643631783,3650.0,1,45.0,D
4045,Yunnan University,https://www.ynu.edu.cn,China,Asia (East & Southeast),1,0,0,1,0,0,0,0,0,0,0,0,0,0,1,1,0,1,1,0,1,1,0,1,0,1,0,1,1,1,1,1,1,1,0,1,1,0,1,0,0,0,0,0,1,0,0,21.0,0,1,0,0,0,0,0,75,0,0,1,1,0,0,77.3,0,0,0,0,0.0,1.0002076919006797,11.0,0,45.0,D
5074,University of Agriculture Faisalabad,https://www.uaf.edu.pk,Pakistan,South & Central Asia + Oceania,1,0,0,1,0,0,0,0,1,1,1,0,0,1,1,1,0,1,1,0,0,0,1,1,0,1,0,1,1,1,1,1,1,1,1,1,1,0,0,1,0,0,1,0,1,1,1,4.87,0,1,1,0,0,0,0,75,1,1,1,0,1,0,12.5,0,1,0,0,0.6931471805599453,-0.7628529526505462,3.0,0,45.0,D
4048,Guangxi University,https://www.gxu.edu.cn,China,Asia (East & Southeast),1,0,0,1,0,0,0,0,0,0,1,1,7,0,1,1,1,1,1,0,1,0,0,1,0,1,0,1,1,1,1,1,1,1,1,0,1,0,1,0,0,0,0,0,0,0,0,15.43,0,1,0,0,0,0,0,75,1,0,1,0,0,0,0.0,0,0,0,0,0.0,0.49493270359584574,21.0,0,45.0,D
4054,Jiangnan University,https://www.jiangnan.edu.cn,China,Asia (East & Southeast),1,0,0,0,1,0,0,1,0,0,0,1,4,0,0,1,0,1,1,7,0,0,0,0,0,1,0,1,1,1,1,1,1,0,0,0,1,0,1,0,0,0,0,0,0,0,0,21.0,0,1,0,0,0,0,0,20,1,0,1,0,0,0,13.8,0,0,0,0,0.0,0.16885174410603038,3650.0,1,45.0,D
5087,University of Management and Technology,https://www.umt.edu.pk,Pakistan,South & Central Asia + Oceania,1,0,0,1,0,0,0,1,1,1,1,1,2,1,0,1,0,1,1,7,1,1,0,0,0,1,0,1,1,1,1,1,1,1,0,1,1,0,1,0,1,1,0,0,1,1,1,1.49,0,1,0,1,0,0,1,75,1,0,1,0,1,0,7.4,0,1,1,0,0.0,-0.7929973987608463,3650.0,1,45.0,D
5086,Bahria University,https://www.bahria.edu.pk,Pakistan,South & Central Asia + Oceania,1,0,0,0,0,0,0,1,0,0,0,1,4,1,0,1,1,1,1,4,1,1,1,1,1,1,0,1,1,0,1,1,1,1,1,1,1,1,1,1,0,0,0,0,1,1,0,15.43,0,1,0,0,0,0,0,75,1,0,1,0,0,0,65.5,0,1,1,0,0.0,-0.93410599514744,3650.0,1,45.0,D
5078,GIK Institute of Engineering Sciences and Technology,https://www.giki.edu.pk,Pakistan,South & Central Asia + Oceania,1,0,0,1,0,0,0,0,1,1,1,0,0,1,1,1,1,1,1,1,0,0,0,1,0,1,0,1,1,1,1,1,1,1,1,1,1,1,1,0,0,1,0,0,1,1,1,8.32,0,1,1,0,0,0,0,90,1,2,1,1,1,0,3.4,0,1,0,0,1.0986122886681098,0.44243606290561316,12.0,0,45.0,D
3129,Technical University of Crete,https://www.tuc.gr,Greece,Eastern & Southern Europe,1,0,0,1,1,1,0,0,0,0,1,0,0,0,1,0,1,1,0,0,1,1,0,0,0,1,0,0,1,1,1,1,0,0,0,0,0,0,1,0,0,0,0,0,1,1,0,12.63,0,1,0,0,0,0,0,75,1,0,1,0,0,0,61.7,0,1,0,0,0.0,-0.6743448354261297,0.0,0,45.0,D
5098,Bangladesh Agricultural University,https://www.bau.edu.bd,Bangladesh,South & Central Asia + Oceania,1,0,0,1,0,0,0,1,0,0,1,0,1,1,1,1,0,1,1,6,1,1,1,1,1,1,0,1,1,1,1,1,1,1,1,1,0,0,1,1,0,0,0,0,1,0,0,18.45,0,1,1,0,0,1,0,90,1,1,1,1,1,1,6.4,0,1,0,0,0.6931471805599453,-0.9002138611423459,3.0,0,45.0,D
5090,University of Engineering and Technology Taxila,https://www.uettaxila.edu.pk,Pakistan,South & Central Asia + Oceania,1,0,0,0,0,0,0,0,1,0,0,0,0,1,0,1,1,1,1,0,0,0,1,1,1,1,0,1,1,1,1,1,1,1,1,0,1,1,1,1,1,1,0,0,1,1,0,4.81,0,1,1,0,0,0,0,75,1,2,1,0,0,1,90.8,0,1,0,0,1.0986122886681098,0.3357084293799563,3650.0,1,45.0,D
5105,East West University,https://www.ewubd.edu,Bangladesh,South & Central Asia + Oceania,1,0,0,1,1,0,0,0,0,0,1,1,10,1,1,1,1,1,1,14,1,1,1,1,0,1,0,1,1,1,1,1,1,1,1,1,1,1,1,1,0,0,0,0,1,1,0,13.57,0,1,1,0,0,1,0,75,1,0,1,1,1,0,56.9,0,1,0,0,0.0,0.3145258456267724,0.0,0,45.0,D
5101,Islamic University of Technology,https://www.iutoic-dhaka.edu,Bangladesh,South & Central Asia + Oceania,1,0,0,0,0,0,1,1,0,0,1,0,1,1,1,1,1,1,1,0,0,0,0,1,1,1,0,1,1,1,1,1,1,1,1,1,1,0,1,1,0,0,0,0,1,1,0,12.63,0,1,1,0,0,1,0,75,1,5,1,0,1,1,0.0,0,0,0,0,1.791759469228055,-1.039693028009464,37.0,0,45.0,D
5048,All India Institute of Medical Sciences Delhi,https://www.aiims.edu,India,South & Central Asia + Oceania,1,0,0,1,0,0,0,0,1,1,1,0,0,1,1,1,0,1,1,0,0,0,1,0,1,1,0,1,1,1,1,1,1,0,1,0,1,1,1,1,0,0,0,0,1,1,0,10.86,0,1,1,0,0,0,0,20,1,0,1,0,0,0,22.0,0,0,1,0,0.0,-0.4689038673371337,314.0,0,45.0,D
5055,University of Calicut,https://www.uoc.ac.in,India,South & Central Asia + Oceania,0,0,0,1,0,0,0,1,1,1,1,0,0,1,1,1,0,1,1,0,0,0,0,1,0,1,0,1,1,1,1,1,1,1,1,1,1,1,1,0,0,1,0,0,1,1,0,12.63,0,1,0,0,0,0,0,75,1,0,1,1,1,0,73.2,0,1,0,0,0.0,-0.6432528259210314,0.0,0,45.0,D
5051,Tezpur University,https://www.tezu.ernet.in,India,South & Central Asia + Oceania,1,0,0,1,0,0,0,0,1,1,1,0,0,1,1,1,1,1,0,0,1,0,1,1,0,1,0,1,1,1,1,1,1,1,1,1,1,0,1,1,1,0,0,1,1,1,0,16.97,0,1,0,0,0,0,0,20,1,3,0,1,1,1,48.9,0,0,1,0,1.3862943611198906,-0.6993052013909947,0.0,0,45.0,D
1061,Case Western Reserve University,https://case.edu,United States,North America,1,0,0,0,0,0,0,1,0,0,1,1,10,1,0,1,0,1,1,7,0,0,0,0,1,1,0,0,1,1,1,1,1,1,1,1,1,0,1,1,0,0,1,0,1,1,1,21.0,0,1,1,0,0,0,0,100,1,0,0,1,1,1,59.4,0,1,0,0,0.0,0.44494976525334146,3650.0,1,45.0,D
6121,Mansoura University,https://www.mans.edu.eg,Egypt & North Africa,Latin America & Africa,1,0,0,1,1,0,0,1,1,1,1,0,0,0,1,1,1,1,1,0,0,0,0,1,1,1,0,1,1,1,1,1,1,0,1,0,1,0,1,0,0,0,0,1,0,1,1,12.63,0,1,1,0,0,0,0,75,1,0,1,1,1,1,50.6,0,1,1,0,0.0,-0.6166357187073472,5.0,0,45.0,D
6112,Rhodes University,https://www.ru.ac.za,South Africa,Latin America & Africa,1,0,0,1,0,0,0,0,0,0,0,0,0,0,0,1,1,1,0,0,0,0,0,0,0,1,0,1,1,1,1,1,1,1,1,1,1,1,0,1,0,0,1,0,1,1,1,5.33,0,0,1,0,0,0,0,75,1,2,1,1,0,1,50.0,0,1,0,0,1.0986122886681098,-0.6919478008266531,3650.0,1,45.0,D
5035,NIT Karnataka Surathkal,https://www.nitk.ac.in,India,South & Central Asia + Oceania,1,0,0,1,0,0,1,1,1,1,1,1,10,1,1,1,1,1,1,20,1,1,1,1,0,1,1,1,1,1,1,1,1,1,1,1,1,1,1,1,1,0,1,0,1,1,1,14.55,0,1,1,0,0,1,0,75,1,0,1,0,1,1,29.6,0,1,1,0,0.0,-0.7996780597906965,0.0,0,45.0,D
5041,Cochin University of Science and Technology,https://www.cusat.ac.in,India,South & Central Asia + Oceania,1,0,0,0,0,0,0,1,1,1,1,1,10,0,1,1,0,1,1,16,1,1,1,0,1,1,0,1,1,1,1,1,1,1,1,1,1,1,1,1,0,0,0,0,1,1,0,12.63,0,1,0,1,0,0,0,75,1,0,1,1,1,0,19.5,0,1,0,0,0.0,-0.7949527141842171,0.0,0,45.0,D
5044,O.P. Jindal Global University,https://www.jgu.edu.in,India,South & Central Asia + Oceania,1,0,0,1,0,0,0,1,1,1,1,1,10,0,0,1,1,1,1,0,1,1,0,0,1,1,0,1,1,1,1,1,1,1,1,1,1,0,1,0,0,0,1,0,1,1,1,12.63,0,1,1,1,0,0,0,75,1,0,1,1,1,1,98.2,0,1,0,0,0.0,0.050884149375607826,3650.0,1,45.0,D
6354,Multimedia University of Kenya,https://www.mmu.ac.ke,Sub-Saharan Africa,Latin America & Africa,1,0,0,1,1,0,0,0,1,1,0,0,1,1,1,1,0,1,1,1,0,0,0,0,0,1,0,1,1,1,1,1,1,1,1,0,1,0,1,1,0,0,1,0,1,1,1,5.33,0,1,1,0,0,1,0,90,1,3,0,0,1,1,33.3,0,1,0,0,1.3862943611198906,-0.32562534552753414,5.0,0,45.0,D
6526,University of Constantine 1,https://www.umc.edu.dz,Egypt & North Africa,Latin America & Africa,1,0,0,0,1,0,0,0,0,0,0,0,0,0,1,1,0,1,0,0,0,0,0,0,0,1,0,0,0,1,0,1,1,0,0,1,0,0,1,1,0,0,0,0,1,1,0,1.66,0,1,0,0,0,0,0,75,1,0,1,1,1,1,61.1,0,1,0,0,0.0,2.934672555827222,0.0,0,45.0,D
6351,University of Lome,https://www.univ-lome.tg,Sub-Saharan Africa,Latin America & Africa,1,0,0,1,1,0,0,0,0,0,0,0,1,0,1,1,0,1,1,6,0,0,0,1,0,1,1,1,1,1,0,1,1,1,0,1,1,1,1,1,0,0,0,0,1,1,1,5.33,0,1,1,0,0,0,0,90,1,2,1,0,1,0,10.5,0,1,0,0,1.0986122886681098,0.3932754606988382,784.0,0,45.0,D
3085,University of Lodz,https://www.uni.lodz.pl,Poland,Eastern & Southern Europe,1,0,0,1,1,0,0,0,0,0,1,0,0,0,0,1,1,1,1,0,1,1,0,1,1,1,0,1,1,1,1,1,1,1,1,0,0,1,1,0,0,1,0,1,0,1,1,19.34,0,1,0,0,0,0,0,75,1,4,1,0,0,0,100.0,0,1,1,0,1.6094379124341003,0.14699407312629112,3650.0,1,45.0,D
3116,National and Kapodistrian University of Athens,https://www.uoa.gr,Greece,Eastern & Southern Europe,1,0,0,1,0,0,0,1,0,0,0,1,5,1,1,1,1,1,1,12,1,1,1,0,0,1,0,1,1,1,1,1,1,0,1,0,0,0,1,1,0,0,0,1,1,1,1,12.63,0,1,1,0,0,0,0,75,1,0,1,0,1,1,37.0,0,1,0,0,0.0,-1.296842699596176,1.0,0,45.0,D
3086,University of Silesia in Katowice,https://www.us.edu.pl,Poland,Eastern & Southern Europe,1,0,0,1,1,0,0,1,0,0,1,0,0,1,1,1,0,1,1,0,0,0,0,1,0,1,0,1,1,1,1,1,1,0,1,0,0,0,1,0,0,0,1,1,1,1,1,13.65,0,1,1,0,0,0,0,90,1,0,1,1,1,0,100.0,0,1,1,0,0.0,1.2943606400353984,71.0,0,45.0,D
3070,Jaume I University,https://www.uji.es,Spain,Eastern & Southern Europe,1,0,0,1,1,0,0,1,0,0,1,1,7,1,1,1,1,1,1,0,1,1,0,0,1,1,0,0,1,0,1,1,1,0,1,0,1,1,1,1,0,0,1,0,0,1,1,19.8,0,1,1,0,0,0,0,75,1,0,1,0,1,1,100.0,0,1,1,0,0.0,-0.00939172123930603,0.0,0,45.0,D
1047,Pennsylvania State University,https://www.psu.edu,United States,North America,1,0,0,0,0,0,1,1,0,0,1,0,0,0,0,1,1,1,0,0,0,0,0,0,1,0,0,1,1,1,1,1,1,1,1,1,1,1,1,0,0,1,0,0,1,1,0,21.0,0,0,0,0,0,0,0,90,1,1,1,1,1,1,90.0,0,1,1,0,0.6931471805599453,-0.39033346723850804,3650.0,1,45.0,D
4301,Central China Normal University,https://www.ccnu.edu.cn,China,Asia (East & Southeast),1,0,0,0,0,0,0,0,0,0,0,0,0,0,0,1,0,1,0,0,0,0,0,0,1,1,0,1,1,1,0,1,1,1,1,0,1,0,1,0,0,1,0,0,1,0,0,12.63,0,1,0,0,0,0,0,75,0,0,1,0,0,0,0.0,0,1,0,0,0.0,0.1174814514110194,3650.0,1,45.0,D
4214,Universiti Brunei Darussalam,https://www.ubd.edu.bn,Other SE/E Asia,Asia (East & Southeast),1,0,0,1,0,0,0,1,0,0,0,0,0,0,1,1,1,1,1,0,0,0,0,0,1,1,0,1,1,1,1,1,1,1,1,1,1,1,1,1,0,1,1,0,1,1,1,5.33,0,1,1,0,0,0,0,90,1,2,1,1,1,0,21.1,0,1,0,0,1.0986122886681098,1.1298374148732466,8.0,0,45.0,D
4313,Universitas Negeri Yogyakarta,https://www.uny.ac.id,Indonesia,Asia (East & Southeast),1,0,0,1,0,0,0,0,1,1,1,1,4,0,1,1,0,1,1,2,1,1,0,0,1,1,0,1,1,1,1,1,1,0,0,0,0,0,0,0,0,0,0,0,1,1,0,4.54,0,1,1,0,0,0,0,75,1,0,1,0,1,1,60.0,0,1,0,0,0.0,0.41687393852413007,8.0,0,45.0,D
5024,University of Calcutta,https://www.caluniv.ac.in,India,South & Central Asia + Oceania,1,0,0,0,0,0,0,1,1,1,1,1,6,1,0,1,1,1,1,1,1,1,1,1,0,1,0,1,1,1,1,1,1,1,1,0,0,0,1,0,0,0,1,0,1,1,1,19.11,0,1,1,0,0,0,0,75,1,1,0,0,1,0,1.2,0,1,0,0,0.6931471805599453,-0.7173918690571748,3650.0,1,45.0,D
5029,Birla Institute of Technology and Science Pilani,https://www.bits-pilani.ac.in,India,South & Central Asia + Oceania,1,0,0,1,0,0,0,1,1,1,1,1,9,1,1,1,1,1,1,0,0,0,1,0,0,1,0,1,1,1,1,1,1,1,1,1,1,1,1,0,1,0,1,0,1,1,1,15.43,0,1,1,0,1,0,0,90,1,2,1,1,1,1,50.5,0,1,0,0,1.0986122886681098,0.027909193151000752,359.0,0,45.0,D
4304,Beijing Forestry University,https://www.bjfu.edu.cn,China,Asia (East & Southeast),1,0,0,1,0,0,0,0,0,0,0,1,10,0,1,1,0,1,1,13,1,1,0,1,1,1,0,1,1,1,1,1,1,0,0,0,1,0,1,0,1,0,0,0,1,0,0,12.63,0,1,0,0,0,0,0,75,0,0,1,0,1,0,1.7,0,0,0,0,0.0,-0.4321405473844292,0.0,0,45.0,D
4305,Saitama University,https://www.saitama-u.ac.jp,Japan,Asia (East & Southeast),1,0,0,1,0,0,0,0,1,1,1,0,0,1,0,1,1,1,1,0,0,0,0,0,0,1,0,1,1,1,1,1,1,1,0,0,1,0,1,0,0,0,0,0,1,0,0,19.06,0,1,0,0,0,0,0,90,1,0,1,1,1,1,4.3,0,0,1,0,0.0,-1.446101832493375,3650.0,1,45.0,D
4116,Jeonbuk National University,https://www.jbnu.ac.kr,South Korea,Asia (East & Southeast),1,0,0,1,0,0,0,0,0,0,1,0,0,1,1,1,1,1,0,0,0,0,1,0,1,1,0,1,1,1,1,1,1,1,1,0,1,0,1,1,0,1,1,1,1,1,1,21.0,0,1,1,0,0,0,0,55,1,0,0,0,1,1,27.9,0,1,0,0,0.0,-0.4345485298545079,35.0,0,45.0,D
5133,Swinburne University of Technology,https://www.swinburne.edu.au,Australia,South & Central Asia + Oceania,1,0,0,1,0,0,0,1,1,1,1,0,0,0,1,1,0,1,1,0,1,1,0,0,0,1,0,1,1,1,1,1,1,1,1,1,1,1,1,1,0,1,0,0,1,1,1,11.98,0,1,1,1,0,1,1,100,1,0,1,1,0,1,65.2,0,1,1,0,0.0,-0.15067628218353363,95.0,0,45.0,D
4021,Southeast University,https://www.seu.edu.cn,China,Asia (East & Southeast),1,0,0,1,0,0,0,0,0,0,1,1,6,0,1,1,0,1,1,0,1,0,0,1,1,1,0,1,1,1,1,1,1,1,1,0,1,0,1,0,0,0,0,0,1,1,0,15.72,0,1,0,0,0,1,0,75,1,0,1,1,1,0,0.0,0,0,0,0,0.0,-0.14699528988595076,4.0,0,45.0,D
4025,Dalian University of Technology,https://www.dlut.edu.cn,China,Asia (East & Southeast),1,0,0,1,0,0,0,0,0,0,1,1,10,0,1,1,1,1,1,4,0,0,1,0,1,1,0,1,1,1,1,1,1,0,1,1,0,0,1,0,0,0,0,0,0,1,0,12.63,0,1,0,0,0,0,0,75,1,0,1,1,0,0,0.0,0,1,0,0,0.0,0.9903750968145254,50.0,0,45.0,D
4029,Northwestern Polytechnical University,https://www.nwpu.edu.cn,China,Asia (East & Southeast),1,0,0,1,0,0,0,0,0,0,1,0,0,1,0,1,0,1,1,1,1,1,0,0,1,1,0,1,1,1,1,1,1,1,1,0,1,0,1,0,0,0,0,0,1,0,0,20.27,0,1,0,0,0,0,0,55,1,0,1,1,1,0,25.0,0,0,0,0,0.0,1.3082287828649053,3650.0,1,45.0,D
4024,Jilin University,https://www.jlu.edu.cn,China,Asia (East & Southeast),1,0,0,0,0,0,0,1,0,0,1,1,10,0,1,1,1,0,0,1,1,0,0,0,0,1,0,0,1,1,1,1,1,0,1,0,1,0,1,0,0,0,0,0,1,0,0,21.0,0,1,0,0,0,0,0,75,1,0,0,0,1,0,0.0,0,0,0,0,0.0,-0.14659395947427084,62.0,0,45.0,D
4187,King Mongkut's University of Technology Thonburi,https://www.kmutt.ac.th,Thailand,Asia (East & Southeast),1,0,0,1,1,0,0,0,0,0,1,0,0,1,1,1,1,1,0,1,1,1,0,0,1,1,0,1,1,1,1,1,1,1,1,0,1,0,1,0,0,0,1,1,1,1,1,11.49,0,1,1,0,0,0,0,75,1,0,1,1,1,1,24.1,0,1,0,0,0.0,-0.30732678935201985,188.0,0,45.0,D
4031,Hunan University,https://www.hnu.edu.cn,China,Asia (East & Southeast),1,0,0,1,0,0,0,0,1,1,1,1,10,0,1,1,1,1,1,0,0,0,0,1,0,1,0,1,1,1,1,1,1,1,0,1,1,0,1,0,0,0,0,0,1,1,0,21.0,0,0,0,0,0,0,0,0,0,0,1,0,1,0,2.2,0,0,0,0,0.0,2.013566981392106,0.0,0,45.0,D
3154,Gheorghe Asachi Technical University of Iasi,https://www.tuiasi.ro,Romania,Eastern & Southern Europe,1,0,0,1,1,0,0,0,0,0,1,0,0,1,1,1,0,1,1,9,1,0,1,1,0,1,0,1,1,1,1,1,1,1,1,1,1,0,1,0,0,0,0,0,1,1,1,7.49,0,1,1,0,0,0,0,90,1,0,1,0,1,0,62.5,0,1,0,0,0.0,-0.28723177514656995,15.0,0,45.0,D
1143,Bates College,https://www.bates.edu,United States,North America,1,0,0,1,0,0,0,0,0,0,1,0,0,1,1,1,1,1,1,0,0,0,0,0,0,1,0,1,1,0,1,1,1,1,1,1,1,0,0,0,0,0,1,0,0,1,1,21.0,0,0,0,0,0,0,0,75,1,1,1,1,1,1,85.7,0,1,0,0,0.6931471805599453,0.008041943496071962,54.0,0,45.0,D
5301,Indian Institute of Technology Jodhpur,https://www.iitj.ac.in,India,South & Central Asia + Oceania,1,0,0,0,0,0,0,1,0,0,1,1,5,1,1,1,0,1,1,7,1,1,1,0,0,1,0,1,1,1,1,1,1,1,1,0,1,1,1,1,0,0,0,1,1,1,0,15.43,0,1,1,0,0,0,0,75,1,0,1,1,1,1,95.7,0,1,0,0,0.0,0.5261887402066633,0.0,0,45.0,D
5304,Delhi Technological University,https://www.dtu.ac.in,India,South & Central Asia + Oceania,1,0,0,1,0,0,0,0,1,1,1,0,0,1,1,1,1,1,1,0,0,0,1,1,0,1,0,1,1,1,1,1,1,1,1,1,1,1,1,0,1,0,0,0,1,1,0,4.67,0,1,0,0,0,1,0,0,1,4,1,1,1,0,53.8,0,0,0,0,1.6094379124341003,3.7495262156334506,0.0,0,45.0,D
5306,IIIT Delhi,https://www.iiitd.ac.in,India,South & Central Asia + Oceania,1,0,0,1,0,0,0,1,0,0,1,1,4,0,0,1,0,1,1,10,1,1,0,0,1,1,0,1,1,1,1,1,1,1,1,1,1,1,1,1,1,0,0,0,1,1,1,5.83,0,1,1,0,0,0,1,75,1,0,0,0,1,0,4.8,0,1,1,0,0.0,0.1752096217116021,3650.0,1,45.0,D
1116,Stevens Institute of Technology,https://www.stevens.edu,United States,North America,0,0,0,0,0,0,0,1,1,1,1,1,3,1,1,1,0,1,1,7,1,1,0,1,1,1,1,1,1,1,1,1,1,1,1,1,1,1,1,0,0,1,0,1,1,1,1,21.0,0,1,0,0,0,0,1,90,1,0,1,1,1,1,78.3,0,1,0,0,0.0,-0.4052492392472909,32.0,0,45.0,D
4008,Wuhan University,https://www.whu.edu.cn,China,Asia (East & Southeast),1,0,0,1,0,0,0,0,0,0,0,1,4,1,1,1,0,1,1,6,1,1,0,1,0,1,0,1,1,1,1,1,0,0,1,0,1,1,1,0,0,0,0,0,1,1,1,15.43,0,1,1,0,0,0,0,75,1,0,1,0,0,0,5.1,0,1,0,0,0.0,0.5553329305536515,4.0,0,45.0,D
4009,Sun Yat-sen University,https://www.sysu.edu.cn,China,Asia (East & Southeast),1,0,0,1,0,0,0,1,0,0,1,1,10,0,1,1,0,1,0,0,0,0,0,1,1,1,0,1,1,1,1,1,1,1,1,1,1,1,0,0,0,0,1,0,1,1,1,12.63,0,1,1,0,0,0,0,75,1,1,1,0,1,0,0.0,0,1,0,0,0.6931471805599453,0.7000125439642096,4.0,0,45.0,D
4018,Shandong University,https://www.sdu.edu.cn,China,Asia (East & Southeast),1,0,0,1,0,0,0,0,0,0,1,1,8,0,1,1,0,1,1,0,0,0,0,0,0,1,0,1,1,1,1,1,1,0,1,0,1,0,1,1,0,0,0,0,1,0,0,21.0,0,1,0,0,0,0,0,75,1,0,1,0,0,0,0.0,0,0,0,0,0.0,0.10022424370878948,7.0,0,45.0,D
4013,Tongji University,https://www.tongji.edu.cn,China,Asia (East & Southeast),1,0,0,0,0,0,0,0,0,0,1,1,10,0,1,1,0,0,1,0,1,1,0,1,1,1,0,1,1,1,1,1,1,0,1,0,1,0,0,0,0,0,1,0,1,1,1,21.0,0,1,0,0,0,0,0,90,1,0,0,0,1,0,0.0,0,0,1,0,0.0,-0.5519376752708413,4.0,0,45.0,D
4015,Nankai University,https://www.nankai.edu.cn,China,Asia (East & Southeast),1,0,0,1,1,0,0,0,0,0,1,1,10,0,1,1,0,1,1,3,1,0,0,1,1,1,0,1,1,1,1,1,1,1,1,1,1,0,1,0,0,0,0,0,1,1,0,21.0,0,1,0,0,0,0,0,75,1,2,1,0,0,0,0.0,0,0,0,0,1.0986122886681098,-0.14197865973995352,35.0,0,45.0,D
4016,Tianjin University,https://www.tju.edu.cn,China,Asia (East & Southeast),1,0,0,1,1,0,0,0,1,1,1,1,10,1,1,1,1,1,1,0,0,0,0,1,1,1,0,1,1,1,1,1,1,1,1,1,1,1,1,0,0,0,0,0,1,1,0,21.0,0,1,0,0,0,0,0,75,0,2,1,1,0,0,0.6,0,1,0,0,1.0986122886681098,0.0075169186107616635,1.0,0,45.0,D
5158,University of Peradeniya,https://www.pdn.ac.lk,Sri Lanka,South & Central Asia + Oceania,1,0,0,0,1,0,0,1,1,1,1,1,10,1,1,1,0,1,1,2,0,0,0,1,1,1,0,1,1,0,1,1,1,1,1,1,1,1,1,1,0,0,1,0,1,1,1,21.0,0,0,0,0,0,0,0,75,1,0,1,0,1,1,97.1,0,1,0,0,0.0,3.84468489957083,5.0,0,45.0,D
3168,University of Szeged,https://www.u-szeged.hu,Hungary,Eastern & Southern Europe,1,0,0,1,0,0,0,1,1,0,1,1,6,0,1,1,1,1,0,0,1,1,0,0,0,1,0,1,1,1,1,1,1,1,1,0,1,1,1,0,1,0,0,0,1,1,0,14.31,0,1,0,0,0,1,0,75,1,0,1,1,1,0,100.0,0,1,1,0,0.0,1.331441807771571,40.0,0,45.0,D
5162,University of Ruhuna,https://www.ruh.ac.lk,Sri Lanka,South & Central Asia + Oceania,1,0,0,1,0,0,0,1,0,0,1,1,10,0,1,1,1,1,0,0,0,0,0,0,1,1,1,1,1,1,1,1,1,0,1,1,0,1,1,0,0,0,0,0,1,1,0,12.63,0,1,1,0,0,0,1,90,1,0,1,1,1,0,84.6,0,1,0,0,0.0,-0.47786572969425006,228.0,0,45.0,D
4039,Beijing Jiaotong University,https://www.bjtu.edu.cn,China,Asia (East & Southeast),1,0,0,0,0,0,0,0,0,0,1,0,1,0,0,1,0,1,1,0,1,1,0,0,0,1,0,1,1,1,1,1,1,0,1,1,1,0,1,0,1,0,0,0,1,0,0,12.82,0,1,0,0,0,0,0,75,0,1,0,0,1,0,0.0,0,0,0,0,0.6931471805599453,-0.2292680242803042,3650.0,1,45.0,D
4032,Beijing Institute of Technology,https://www.bit.edu.cn,China,Asia (East & Southeast),1,0,0,1,0,0,0,1,1,0,0,0,0,0,1,1,0,1,0,1,1,1,0,1,0,1,0,1,1,1,1,1,1,1,1,1,1,0,0,0,0,0,0,0,1,1,0,21.0,0,1,0,0,0,0,0,75,0,0,1,0,0,0,50.8,0,1,0,0,0.0,0.4054360217912565,5.0,0,45.0,D
1179,University of Calgary,https://www.ucalgary.ca,Canada,North America,1,0,0,1,0,0,0,1,0,0,0,1,10,0,1,1,1,1,1,20,1,1,0,0,1,1,0,1,1,1,1,1,1,1,1,1,1,1,1,1,0,1,0,0,1,1,1,10.86,0,1,1,0,0,0,1,100,1,0,1,1,1,1,72.7,0,1,0,0,0.0,0.2566381436424556,0.0,0,45.0,D
6082,Pontifical Catholic University of Chile,https://www.uc.cl,Chile,Latin America & Africa,1,0,0,1,1,0,0,0,1,1,0,1,4,0,0,1,1,1,0,0,1,1,0,0,0,1,0,1,1,1,1,1,1,0,1,0,1,1,1,1,0,0,1,1,0,1,1,15.43,0,1,0,0,0,1,0,100,1,0,1,1,1,1,70.4,0,1,0,0,0.0,-0.14540928310051723,3650.0,1,45.0,D
5132,Western Sydney University,https://www.westernsydney.edu.au,Australia,South & Central Asia + Oceania,1,0,0,1,0,0,0,0,0,0,1,0,0,0,1,1,1,1,1,16,1,1,0,0,1,1,0,1,1,1,1,1,1,1,1,1,1,1,1,0,0,0,1,0,1,1,1,15.72,0,1,1,0,0,0,1,75,1,1,0,1,1,1,88.8,0,1,1,0,0.6931471805599453,0.4435766635692461,1.0,0,45.0,D
4020,Xiamen University,https://www.xmu.edu.cn,China,Asia (East & Southeast),1,0,0,1,0,0,0,0,0,0,1,1,4,0,1,1,0,1,1,2,1,1,0,0,1,1,0,1,1,1,1,1,1,1,1,0,0,0,0,0,0,0,0,0,1,1,0,21.0,0,1,0,0,0,0,0,75,1,0,1,0,0,0,0.0,0,0,0,0,0.0,0.6313850435669685,4.0,0,45.0,D
4019,Central South University,https://www.csu.edu.cn,China,Asia (East & Southeast),1,0,0,1,0,0,0,0,0,0,1,1,3,1,1,1,0,1,1,1,1,1,0,1,0,1,0,1,1,1,1,1,1,1,1,0,1,0,1,1,0,0,0,0,1,1,0,21.0,0,1,0,0,0,0,0,0,1,0,1,0,0,0,2.4,0,0,0,0,0.0,-0.040843395996650884,291.0,0,45.0,D
2004,University College London,https://www.ucl.ac.uk,United Kingdom,Western & Northern Europe,1,0,0,1,0,0,1,1,0,0,1,0,0,0,1,1,0,1,1,0,1,1,0,1,0,1,0,1,1,1,1,1,1,1,1,1,1,1,1,1,0,0,1,0,1,1,1,17.4,0,1,1,0,0,1,0,100,1,0,1,1,1,1,100.0,0,1,1,0,0.0,-1.3454788457365559,0.0,0,45.0,D
5125,Griffith University,https://www.griffith.edu.au,Australia,South & Central Asia + Oceania,0,0,0,1,0,1,1,1,0,0,1,1,3,0,1,1,0,0,1,2,1,1,0,1,0,1,0,0,1,1,1,1,1,1,1,0,1,1,1,0,0,0,0,0,1,1,1,21.0,0,1,0,0,0,0,0,75,1,0,1,1,1,1,0.0,0,1,0,0,0.0,0.2980686074800682,0.0,0,45.0,D
1402,University of Windsor,https://www.uwindsor.ca,Canada,North America,1,0,0,1,0,0,1,1,0,0,1,0,0,0,0,1,0,0,1,0,1,0,0,0,0,1,0,0,1,1,1,1,1,0,1,0,1,0,1,0,0,0,0,0,0,1,1,12.63,0,1,0,0,0,0,0,75,1,0,1,0,1,1,65.0,0,1,1,0,0.0,1.5509956924046273,3650.0,1,45.0,D
4005,Zhejiang University,https://www.zju.edu.cn,China,Asia (East & Southeast),1,0,0,0,0,0,0,0,0,0,1,1,10,0,1,1,1,1,1,3,1,0,0,1,0,1,0,1,1,1,1,1,1,0,0,0,1,0,1,0,0,0,0,0,1,1,1,10.16,0,1,1,0,0,0,0,75,1,0,1,0,0,0,20.0,0,1,0,0,0.0,-0.34665716969663757,18.0,0,45.0,D
4004,Shanghai Jiao Tong University,https://www.sjtu.edu.cn,China,Asia (East & Southeast),1,0,0,1,1,0,0,1,0,0,1,1,10,1,1,1,0,1,1,2,1,0,0,1,1,1,0,1,1,1,1,1,1,1,0,1,1,1,1,0,0,0,1,0,1,1,1,17.4,0,1,1,0,0,0,0,75,1,0,1,0,1,1,0.0,0,1,1,0,0.0,2.1520259734216274,6.0,0,45.0,D
1150,Carleton College,https://www.carleton.edu,Canada,North America,1,0,0,1,0,0,0,1,0,0,1,1,10,1,0,1,1,1,1,0,0,0,0,0,0,1,0,1,1,1,1,0,1,1,1,1,1,0,1,0,0,0,1,0,0,0,1,12.63,0,1,0,0,0,0,0,90,1,0,1,1,0,1,100.0,0,1,1,0,0.0,-1.1321859611753418,3650.0,1,45.0,D
1158,Harvey Mudd College,https://www.hmc.edu,United States,North America,1,0,0,1,0,0,0,1,0,0,1,0,1,0,0,1,1,1,1,15,0,0,0,1,1,0,0,1,1,1,1,1,1,1,0,1,1,1,1,0,0,0,1,0,1,1,1,15.43,0,0,0,0,0,0,1,75,1,0,1,0,1,1,28.6,0,1,1,0,0.0,0.5648974318239718,3650.0,1,45.0,D
3197,University of Zilina,https://www.uniza.sk,Bulgaria & Slovakia,Eastern & Southern Europe,1,0,0,0,1,0,0,1,1,1,1,1,10,1,1,1,0,1,1,0,0,0,1,0,1,1,0,0,1,1,1,1,1,1,1,1,1,1,1,1,0,0,0,0,1,1,0,15.43,0,1,1,0,0,0,0,90,1,1129,0,1,1,0,91.7,0,1,1,0,7.029972911706386,4.864184362965092,39.0,0,45.0,D
2310,Technological University Dublin,https://www.tudublin.ie,Belgium/Ireland/Iceland,Western & Northern Europe,1,0,0,1,1,0,0,0,0,0,1,1,10,1,1,1,1,1,1,0,1,0,0,0,0,1,0,1,1,1,1,1,1,1,1,1,1,1,1,0,0,0,0,1,1,1,0,15.91,0,1,0,1,0,0,0,90,1,0,1,1,1,1,96.8,0,1,1,0,0.0,-0.745554301227071,1.0,0,45.0,D
1087,Colorado State University,https://www.colostate.edu,United States,North America,1,0,0,1,0,0,0,0,0,0,1,1,3,0,0,1,1,1,1,10,1,1,0,1,1,1,0,1,1,1,1,1,1,1,1,1,1,0,1,0,0,0,0,0,1,1,1,21.0,0,1,0,0,0,0,0,90,1,0,1,1,1,1,89.7,0,1,1,0,0.0,-0.24179723765104363,3650.0,1,45.0,D
3301,University of L'Aquila,https://www.univaq.it,Italy,Eastern & Southern Europe,1,0,0,1,0,0,0,1,1,0,1,1,8,1,0,1,1,1,1,0,0,0,0,1,0,1,0,0,1,1,1,1,1,1,1,0,1,1,1,1,0,0,0,1,1,1,0,19.65,0,1,0,0,0,0,0,75,1,0,1,0,0,0,100.0,0,1,1,0,0.0,0.32666755737450887,3650.0,1,45.0,D
2301,University of St. Gallen,https://www.unisg.ch,Switzerland/Austria,Western & Northern Europe,0,0,0,1,1,1,0,1,1,2,1,1,10,0,1,1,1,1,1,14,1,1,1,1,1,1,0,1,1,1,1,1,1,0,1,1,1,1,1,1,1,0,1,0,1,1,1,21.0,0,1,0,0,0,0,0,100,1,0,1,1,1,1,44.0,0,1,0,0,0.0,0.7831135761325866,0.0,0,45.0,D
5328,Uva Wellassa University,https://www.uwu.ac.lk,Sri Lanka,South & Central Asia + Oceania,1,0,0,0,0,1,0,0,0,0,0,0,0,1,0,1,1,1,1,4,1,0,0,1,1,1,1,1,1,1,1,1,1,1,1,1,1,1,1,1,1,0,0,0,1,1,1,21.0,0,1,1,0,0,0,1,75,1,0,0,0,1,1,45.6,0,1,0,0,0.0,1.4970028479102724,3650.0,1,45.0,D
2185,Graz University of Technology,https://www.tugraz.at,Switzerland/Austria,Western & Northern Europe,1,0,0,0,1,0,0,0,0,0,0,0,0,1,0,1,0,0,1,0,1,1,0,0,1,1,0,1,0,1,1,1,1,1,1,1,1,0,1,1,0,0,0,0,0,0,0,21.0,0,1,0,0,0,0,0,75,1,0,1,1,0,0,100.0,0,1,1,0,0.0,1.288466345234352,3650.0,1,45.0,D
4001,Tsinghua University,https://www.tsinghua.edu.cn,China,Asia (East & Southeast),1,0,0,1,0,0,0,0,0,0,0,1,3,0,0,1,1,1,1,1,1,1,0,0,1,1,0,1,1,1,1,1,1,0,0,0,1,0,1,0,0,0,0,0,1,1,0,21.0,0,1,0,0,0,0,1,75,1,0,1,0,0,0,0.0,0,0,0,0,0.0,0.14176194131764575,3650.0,1,45.0,D
4160,Taylor's University,https://university.taylors.edu.my,Malaysia,Asia (East & Southeast),1,0,0,1,0,0,1,1,1,1,1,0,0,0,0,1,0,0,0,0,1,1,0,1,1,1,0,0,1,0,1,1,1,1,1,1,1,1,1,0,0,0,0,0,1,1,0,16.3,0,1,1,1,0,0,0,75,1,0,1,1,1,1,96.2,0,1,0,0,0.0,-0.27200971312419986,3650.0,1,45.0,D
4159,Multimedia University,https://www.mmu.edu.my,Malaysia,Asia (East & Southeast),1,0,0,1,0,0,0,0,1,0,1,0,0,1,0,1,1,1,1,0,0,0,0,1,0,1,0,1,1,1,1,1,1,1,1,0,1,0,1,0,0,1,1,1,1,1,1,12.63,0,1,1,1,0,1,0,90,1,0,1,1,1,1,40.8,0,1,0,0,0.0,-0.5073899995743866,3650.0,1,45.0,D
4158,Universiti Teknologi MARA,https://www.uitm.edu.my,Malaysia,Asia (East & Southeast),1,0,0,1,1,0,1,1,1,1,1,1,7,0,1,1,1,1,0,0,1,1,0,1,0,1,0,1,1,1,1,1,1,0,1,1,1,1,1,0,0,1,1,1,1,1,1,2.85,0,1,1,0,0,0,0,90,1,1,0,1,1,0,93.8,0,1,1,0,0.6931471805599453,-0.29749419426586554,0.0,0,45.0,D
5331,Maldives National University,https://www.mnu.edu.mv,Central Asia,South & Central Asia + Oceania,1,0,0,1,0,0,0,0,1,1,1,0,1,1,1,1,1,1,1,0,0,0,1,1,0,1,0,1,1,1,1,1,1,1,1,1,1,1,1,0,0,1,1,0,1,1,1,7.19,0,1,1,1,0,0,0,75,1,1,1,0,1,1,0.0,0,1,0,0,0.6931471805599453,2.3920484829582627,0.0,0,45.0,D
3313,Hellenic Mediterranean University,https://www.hmu.gr,Greece,Eastern & Southern Europe,1,0,0,1,1,0,0,0,0,0,0,1,8,1,1,1,1,1,1,3,1,1,1,0,1,1,0,1,1,1,1,1,1,0,1,1,1,1,1,1,0,0,1,0,1,1,1,5.74,0,1,1,0,0,1,0,90,1,0,1,1,1,0,51.9,0,1,1,0,0.0,1.145140288710607,26.0,0,45.0,D
1105,Marquette University,https://www.marquette.edu,United States,North America,1,0,0,1,0,0,0,1,0,0,1,1,10,0,0,1,0,1,0,0,1,1,0,1,0,1,0,1,1,1,1,1,1,1,1,1,1,1,1,0,0,0,1,0,1,1,1,15.43,0,1,1,0,0,0,0,75,1,0,1,1,0,1,87.0,0,1,1,0,0.0,1.4126104743231405,3650.0,1,45.0,D
5411,IIIT Allahabad,https://www.iiita.ac.in,India,South & Central Asia + Oceania,1,0,0,0,0,0,0,1,0,0,1,0,0,1,1,1,1,1,1,8,1,1,0,0,0,1,0,1,1,1,1,1,1,1,1,0,1,1,1,0,0,0,0,1,0,1,0,12.63,0,1,0,0,1,0,0,75,1,1,0,0,1,1,0.0,0,1,0,0,0.6931471805599453,-0.006634712661883881,0.0,0,45.0,D
5410,NIT Srinagar,https://www.nitsri.ac.in,India,South & Central Asia + Oceania,1,0,0,1,0,0,0,1,1,1,1,0,1,1,0,1,1,1,1,6,0,0,0,0,0,1,1,1,1,1,1,1,1,0,1,1,1,1,1,0,0,0,1,0,1,1,1,5.33,0,1,1,0,0,0,0,75,1,1,1,1,1,1,0.0,0,0,0,0,0.6931471805599453,-1.040833628673097,3650.0,1,45.0,D
5408,NIT Jalandhar,https://www.nitj.ac.in,India,South & Central Asia + Oceania,1,0,0,1,0,0,0,1,1,1,1,1,4,1,1,1,0,1,1,0,1,1,0,1,0,1,0,1,1,1,1,1,1,1,1,1,1,1,1,1,1,0,0,0,1,1,0,20.19,0,1,1,1,0,1,0,75,1,5,1,0,1,1,14.9,0,1,0,0,1.791759469228055,0.06831904523399747,78.0,0,45.0,D
6052,University of Guanajuato,https://www.ugto.mx,Mexico,Latin America & Africa,1,0,0,1,0,0,0,0,1,1,0,0,0,0,0,0,1,1,0,0,0,0,0,0,0,0,0,1,0,1,1,1,1,1,1,0,0,0,0,0,0,0,0,0,0,1,0,12.63,0,0,0,0,0,0,0,75,1,2,0,1,1,1,90.0,0,1,0,0,1.0986122886681098,1.0241018021748864,3650.0,1,45.0,D
4149,Singapore University of Technology and Design,https://www.sutd.edu.sg,Singapore,Asia (East & Southeast),1,0,0,1,0,0,1,1,1,1,1,0,1,0,1,1,1,1,1,0,1,0,0,1,1,1,0,1,1,0,1,1,1,1,1,1,1,1,1,1,0,0,1,0,1,1,1,21.0,0,1,1,0,0,0,1,90,1,0,1,1,1,0,80.0,0,1,0,0,0.0,-0.31896537129073327,0.0,0,45.0,D
4154,Universiti Teknologi Malaysia,https://www.utm.my,Malaysia,Asia (East & Southeast),1,0,0,1,0,0,1,1,0,0,1,0,1,0,0,0,1,0,0,0,0,0,0,1,0,1,1,1,1,1,1,1,1,1,1,0,1,0,1,0,1,0,0,0,1,1,1,5.74,0,1,1,0,0,0,1,90,1,0,0,0,1,1,13.3,0,1,1,0,0.0,-0.842300228121157,3650.0,1,45.0,D
4150,University of Malaya,https://www.um.edu.my,Malaysia,Asia (East & Southeast),1,0,0,1,0,0,0,1,0,0,0,0,0,0,1,1,0,1,0,3,1,1,0,1,0,1,1,1,1,1,1,1,1,1,0,1,1,0,1,0,0,1,0,1,1,1,1,5.33,0,1,1,0,0,0,0,75,1,3,0,1,1,0,27.3,0,1,0,0,1.3862943611198906,0.007115588199082113,0.0,0,45.0,D
3093,Silesian University of Technology,https://www.polsl.pl,Poland,Eastern & Southern Europe,1,0,0,1,1,0,0,1,1,0,1,1,10,1,1,1,0,1,1,20,1,1,1,1,0,1,0,1,1,1,1,1,1,1,0,0,0,1,1,0,0,0,1,0,1,1,1,15.43,0,1,1,0,0,0,0,90,1,0,1,1,1,0,60.1,0,1,1,0,0.0,-0.217906113726769,1.0,0,45.0,D
3064,University of Oviedo,https://www.uniovi.es,Spain,Eastern & Southern Europe,1,0,0,1,1,0,0,1,0,0,0,0,0,0,1,1,1,0,0,0,1,1,1,0,1,1,0,1,1,1,1,1,1,0,0,0,0,0,1,1,0,0,0,0,1,1,0,21.0,0,1,1,0,0,0,0,75,1,0,0,1,1,0,100.0,0,1,0,0,0.0,-0.07298502822646193,6.0,0,45.0,D
6520,University of the West Indies,https://www.uwi.edu,Peru & Andes,Latin America & Africa,1,0,0,1,0,0,0,1,0,0,1,0,0,0,1,1,0,1,1,2,1,1,0,0,1,1,0,1,1,0,1,1,1,0,0,1,1,0,1,0,0,0,0,0,1,0,0,9.29,0,1,0,0,0,0,0,75,1,0,0,1,1,0,95.0,0,1,1,0,0.0,0.38514119484610126,11.0,0,45.0,D
3300,University of Salento,https://www.unisalento.it,Italy,Eastern & Southern Europe,1,1,1,1,0,0,0,0,1,1,0,1,6,0,0,1,1,1,0,16,1,1,0,0,0,1,0,1,0,0,1,1,0,0,0,0,1,1,0,0,0,0,1,0,0,1,1,21.0,0,1,1,0,0,0,0,75,1,0,1,1,1,0,71.7,0,1,0,0,0.0,-0.9437654937604463,3650.0,1,44.8,D
6413,CEFET Rio de Janeiro,https://www.cefet-rj.br,Brazil,Latin America & Africa,1,1,7,1,1,0,0,0,0,0,0,0,0,0,0,0,1,0,0,0,0,0,0,0,0,0,1,1,0,0,0,1,1,0,0,0,0,0,1,1,0,0,0,0,0,1,1,12.63,0,0,0,0,0,0,0,75,1,0,1,1,1,1,50.0,0,1,0,0,0.0,-0.004321844344424617,3650.0,1,44.77,D
4003,Fudan University,https://www.fudan.edu.cn,China,Asia (East & Southeast),1,0,0,0,0,0,0,0,0,0,1,1,7,0,0,1,0,1,1,0,1,0,0,0,1,1,0,1,1,0,1,1,1,0,1,1,1,0,1,0,0,0,0,0,1,0,0,12.63,0,1,0,0,0,0,0,75,1,2,1,1,1,0,0.0,0,0,0,0,1.0986122886681098,0.012132218345079344,3650.0,1,44.6,D
3004,University of Padua,https://www.unipd.it,Italy,Eastern & Southern Europe,1,1,6,1,1,0,0,0,0,0,0,1,3,0,0,1,0,1,0,20,1,1,1,0,1,1,0,1,0,0,0,1,0,0,0,0,0,0,0,0,0,0,1,0,1,1,1,21.0,0,1,1,1,0,0,0,90,1,0,1,1,1,1,76.9,0,1,0,0,0.0,-1.6694457377181031,3650.0,1,43.16,D
3068,University of the Balearic Islands,https://www.uib.eu,Spain,Eastern & Southern Europe,0,1,0,1,1,0,0,1,0,0,1,0,0,1,0,0,0,0,0,0,0,0,0,0,1,1,0,1,1,0,0,1,1,0,1,0,0,1,1,1,0,0,1,1,1,1,0,16.1,0,0,0,0,0,0,0,75,1,0,1,1,1,0,33.3,0,1,1,0,0.0,0.15738396553546052,3650.0,1,43.05,D
3006,University of Naples Federico II,https://www.unina.it,Italy,Eastern & Southern Europe,1,1,1,0,1,1,0,0,0,0,0,1,3,0,1,1,1,0,0,20,1,1,1,0,1,1,0,1,0,0,0,0,0,0,0,0,0,1,1,0,0,0,1,0,1,1,1,21.0,0,1,1,0,0,0,0,100,1,0,1,1,1,0,100.0,0,1,0,0,0.0,0.5584696397445924,0.0,0,42.29,D
4042,Northeastern University China,https://www.neu.edu.cn,China,Asia (East & Southeast),1,0,0,0,0,0,0,0,0,0,1,1,9,0,0,1,0,1,1,0,1,0,0,0,0,1,0,0,1,1,0,1,1,0,1,0,1,0,1,0,0,0,0,0,1,1,0,21.0,0,1,0,0,0,0,0,75,0,0,1,0,1,0,0.0,0,0,0,0,0.0,0.24249587464926883,3650.0,1,41.93,D
6024,Rio de Janeiro State University,https://www.uerj.br,Brazil,Latin America & Africa,1,1,6,1,0,0,0,0,0,0,0,0,0,0,1,0,1,0,0,1,1,1,1,0,1,1,0,0,1,0,0,1,0,0,0,0,0,1,1,1,0,0,0,0,1,1,1,12.63,0,1,1,0,1,0,0,90,1,1,0,1,1,0,14.0,0,1,0,0,0.6931471805599453,2.8014388909979098,0.0,0,41.88,D
3073,Rey Juan Carlos University,https://www.urjc.es,Spain,Eastern & Southern Europe,1,1,7,1,0,0,0,0,0,0,0,1,8,0,0,0,1,0,0,4,0,0,1,0,0,1,0,0,0,0,0,0,1,0,0,0,1,0,1,1,0,0,0,0,1,1,1,1.82,0,1,1,0,0,0,0,75,1,0,0,1,1,0,85.1,0,1,0,0,0.0,1.2271846115278395,3650.0,1,41.5,D
6093,Cayetano Heredia University,https://www.cayetano.edu.pe,Peru & Andes,Latin America & Africa,1,1,1,1,0,0,0,0,0,0,0,0,1,0,1,0,0,0,0,9,1,1,1,0,1,1,0,0,1,0,0,1,0,0,0,0,0,0,1,1,0,0,1,0,1,1,1,21.0,0,1,0,0,0,0,0,90,1,2,1,1,1,1,89.6,0,1,0,0,1.0986122886681098,-0.7965712892084077,25.0,0,41.5,D
6025,State University of Maringa,https://www.uem.br,Brazil,Latin America & Africa,1,0,0,1,1,0,0,1,0,0,1,0,0,0,0,1,0,1,0,0,0,0,0,0,0,1,0,1,1,0,0,1,1,0,1,0,0,0,0,1,0,0,1,0,1,0,0,12.63,0,0,1,0,0,0,0,75,1,0,1,1,1,1,13.6,0,1,0,0,0.0,0.19118102804721862,3650.0,1,41.35,D
5418,Central University of Haryana,https://www.cuh.ac.in,India,South & Central Asia + Oceania,1,1,20,1,0,0,0,0,0,0,0,0,0,0,0,1,1,1,1,0,0,0,0,0,0,1,0,1,1,0,0,1,0,0,0,0,0,1,1,0,0,0,0,0,1,1,0,21.0,0,1,0,0,0,1,0,75,1,0,1,1,1,1,100.0,0,1,0,0,0.0,-0.38335881756466067,3650.0,1,41.24,D
6509,Anahuac University,https://www.anahuac.mx,Mexico,Latin America & Africa,1,1,9,1,1,0,0,1,1,1,1,1,6,0,1,0,0,0,0,11,0,0,1,0,0,1,0,1,0,0,0,0,0,0,0,0,0,0,1,1,0,0,0,0,1,1,1,12.63,0,1,1,1,0,0,0,75,1,0,0,1,1,1,94.0,0,1,0,0,0.0,-0.8493037712882198,67.0,0,41.2,D
4210,Hue University,https://www.hueuni.edu.vn,Vietnam,Asia (East & Southeast),0,0,0,1,0,0,0,0,0,0,1,0,0,1,1,1,0,1,0,0,0,0,1,0,0,1,1,1,1,0,1,1,1,1,0,0,1,0,0,0,0,0,0,0,1,0,0,21.0,0,1,0,0,0,0,0,0,1,0,0,1,1,0,43.4,0,0,0,0,0.0,2.8316790256013227,581.0,0,40.89,D
6097,University of the Republic Uruguay,https://www.udelar.edu.uy,Peru & Andes,Latin America & Africa,1,1,5,1,0,1,0,0,0,0,1,1,8,0,1,0,0,0,0,20,1,1,1,0,1,1,0,0,0,0,0,0,0,0,0,0,0,0,1,0,0,0,1,0,1,1,1,18.26,0,1,1,0,0,0,0,100,1,0,1,0,1,0,100.0,0,1,0,0,0.0,0.8294404055611129,0.0,0,40.71,D
6033,Getulio Vargas Foundation,https://www.fgv.br,Brazil,Latin America & Africa,1,1,8,0,1,0,0,1,0,0,0,1,10,0,1,1,0,0,0,8,1,1,1,1,0,1,0,1,0,0,0,1,0,0,0,0,0,1,0,0,0,0,0,0,1,1,1,15.43,0,1,1,0,0,0,0,75,1,0,1,1,1,0,78.6,0,1,1,0,0.0,0.5830282486083744,0.0,0,39.68,D
6017,Federal University of Goias,https://www.ufg.br,Brazil,Latin America & Africa,1,1,7,1,1,0,0,0,1,1,0,1,10,0,1,0,1,0,0,7,1,1,1,0,1,1,0,0,0,0,0,0,0,0,0,0,0,0,0,0,0,0,1,0,1,1,1,21.0,0,1,1,0,0,0,0,75,1,0,1,1,1,0,66.9,0,1,0,0,0.0,-0.014419553678856575,4.0,0,39.51,D
6131,University of Tunis El Manar,https://www.utm.rnu.tn,Egypt & North Africa,Latin America & Africa,1,1,6,1,0,0,0,1,1,0,0,1,5,0,0,0,0,1,0,0,0,0,1,0,0,1,1,1,0,0,0,1,0,1,0,0,0,0,1,0,0,0,1,0,1,1,1,4.48,0,1,1,0,0,0,0,75,1,0,1,1,1,1,2.6,0,0,0,0,0.0,1.0957674892567586,3650.0,1,39.32,D
4127,National Cheng Kung University,https://www.ncku.edu.tw,Taiwan,Asia (East & Southeast),1,0,0,0,1,0,1,1,0,0,1,0,1,1,0,1,0,1,1,0,0,0,0,0,0,1,0,1,1,0,1,1,1,0,0,0,1,0,0,1,0,0,0,1,0,1,0,10.05,0,1,0,0,0,0,0,50,1,10,1,1,1,1,96.3,0,1,0,0,2.3978952727983707,0.06470650227512931,3650.0,1,39.17,D
4058,Osaka University,https://www.osaka-u.ac.jp,Japan,Asia (East & Southeast),1,1,5,0,1,1,0,0,0,0,1,1,10,0,0,1,0,0,1,2,1,1,1,0,1,1,0,0,1,0,0,1,0,0,1,0,0,0,0,0,1,0,0,0,1,1,0,21.0,0,1,0,0,0,0,0,75,1,0,1,1,1,0,79.0,0,1,0,0,0.0,-0.3406372135214411,3650.0,1,38.87,D
6315,National University of Mar del Plata,https://www.mdp.edu.ar,Argentina,Latin America & Africa,1,1,8,1,0,0,0,1,1,1,0,0,0,0,0,1,0,0,0,20,1,1,0,0,1,1,0,0,0,0,1,0,0,0,0,0,0,0,1,1,0,0,1,0,0,1,1,21.0,0,1,1,0,0,0,0,50,1,1,1,1,1,0,89.2,0,1,0,0,0.6931471805599453,-0.1144149252823299,3650.0,1,38.63,D
6513,National University of Salta,https://www.unsa.edu.ar,Argentina,Latin America & Africa,1,1,8,1,0,0,0,0,0,0,0,0,0,0,1,1,1,0,0,0,1,0,1,0,1,1,0,0,0,0,0,0,0,0,0,0,0,0,1,0,0,0,0,0,1,1,0,16.62,0,1,1,0,0,0,0,90,1,1,1,0,1,1,28.6,0,1,0,0,0.6931471805599453,0.5469850361229709,1.0,0,38.2,D
6503,Federal University of Acre,https://www.ufac.br,Brazil,Latin America & Africa,1,1,10,1,1,0,0,0,0,0,0,0,0,0,1,0,1,0,0,20,0,0,1,0,0,1,0,0,0,0,0,0,0,0,0,0,0,0,0,0,0,0,0,0,0,1,1,14.74,0,0,1,1,0,0,0,75,1,0,1,0,1,1,80.0,0,1,0,0,0.0,-0.6069587472618497,1.0,0,37.82,D
3092,Cracow University of Technology,https://www.pk.edu.pl,Poland,Eastern & Southern Europe,1,1,5,1,0,1,0,0,0,0,0,0,1,0,1,0,0,0,0,0,0,0,1,0,0,1,0,0,0,0,0,1,0,0,0,0,0,0,0,0,0,0,1,0,1,1,1,10.17,0,1,1,0,0,0,0,75,1,0,1,1,1,0,94.9,0,1,1,0,0.0,-0.6007199081818451,0.0,0,37.39,D
2169,Tampere University,https://www.tuni.fi,Finland,Western & Northern Europe,0,1,4,0,1,0,0,0,0,0,0,0,0,0,0,0,0,1,0,0,0,0,0,0,0,0,0,0,0,0,0,1,0,0,1,0,0,0,1,1,0,0,1,0,0,0,1,21.0,0,0,0,0,1,0,0,70,1,0,1,1,1,0,0.0,0,1,0,0,0.0,-0.765923606699503,3650.0,1,37.31,D
6032,Federal University of Mato Grosso do Sul,https://www.ufms.br,Brazil,Latin America & Africa,1,1,9,0,1,0,0,0,0,0,0,0,0,0,1,0,1,0,0,20,1,1,1,0,0,1,1,0,0,0,0,0,0,0,0,0,0,0,1,1,0,0,1,0,0,0,0,4.76,0,1,1,0,0,0,0,90,1,0,1,1,1,1,86.0,0,1,0,0,0.0,0.21137644671608302,1.0,0,37.29,D
6069,Torcuato di Tella University,https://www.utdt.edu,Argentina,Latin America & Africa,1,1,16,1,0,0,0,0,1,1,1,1,2,0,0,0,1,0,0,0,0,0,0,0,0,1,0,0,0,0,0,0,1,0,0,0,0,0,1,0,0,0,1,0,1,1,1,14.13,0,1,1,0,0,0,0,75,1,0,1,1,1,1,10.3,0,0,0,0,0.0,-0.035456448125590116,3650.0,1,37.28,D
6411,Federal University of Jequitinhonha and Mucuri Valleys,https://www.ufvjm.edu.br,Brazil,Latin America & Africa,0,1,10,1,0,0,0,0,0,0,0,0,0,0,1,0,1,0,0,0,0,0,1,0,0,1,0,0,0,0,0,0,0,0,0,0,0,0,1,1,0,0,0,0,0,1,1,14.74,0,1,0,0,1,0,0,75,1,1,0,1,1,1,94.7,0,1,0,0,0.6931471805599453,1.049626567436923,1.0,0,36.95,D
3306,Pablo de Olavide University,https://www.upo.es,Spain,Eastern & Southern Europe,1,1,5,1,0,0,0,0,0,0,0,0,0,0,0,0,0,0,0,0,1,1,0,0,0,1,0,0,0,0,1,1,0,0,0,0,1,0,1,0,0,0,1,0,1,1,1,12.63,0,1,0,1,0,0,0,75,1,1,1,1,0,0,95.5,0,1,0,0,0.6931471805599453,-0.037336949098450666,3650.0,1,36.95,D
3072,University of Extremadura,https://www.unex.es,Spain,Eastern & Southern Europe,1,1,5,1,0,0,0,0,0,0,0,1,6,0,1,0,0,0,0,0,1,1,1,0,0,1,0,0,0,0,0,0,0,0,0,0,0,0,1,0,0,0,1,0,0,1,1,15.43,0,1,1,0,0,0,0,75,1,0,1,1,1,0,69.4,0,1,0,0,0.0,-1.2767794590819186,1.0,0,36.94,D
3058,University of Malaga,https://www.uma.es,Spain,Eastern & Southern Europe,1,1,5,1,0,0,0,0,0,0,0,1,6,0,0,1,1,0,0,6,1,1,0,0,1,1,0,0,1,0,0,0,0,0,0,0,1,0,1,0,0,0,1,0,0,1,1,12.63,0,1,0,0,0,0,0,75,1,0,0,0,1,0,35.9,0,1,0,0,0.0,1.0450032222153396,3650.0,1,36.91,D
6040,University of the State of Rio de Janeiro Norte,https://www.uenf.br,Brazil,Latin America & Africa,1,1,9,1,0,0,0,0,0,0,0,0,0,0,1,0,1,0,0,18,0,0,1,0,0,1,0,1,0,0,0,0,0,0,0,0,0,0,0,0,0,0,1,0,1,1,0,21.0,0,1,1,0,0,0,0,90,1,0,1,0,0,0,33.3,0,1,0,0,0.0,0.295804516428973,1.0,0,36.71,D
3105,University of Aveiro,https://www.ua.pt,Portugal,Eastern & Southern Europe,1,1,4,1,1,0,0,0,0,0,0,0,0,0,1,0,0,0,0,0,0,0,0,0,0,1,0,0,0,0,0,0,0,0,0,0,1,0,1,0,0,0,1,0,1,1,1,21.0,0,1,0,0,0,0,0,100,1,0,0,1,1,0,93.8,0,1,0,0,0.0,-0.028917553525503167,11.0,0,36.62,D
1181,Universidad Nacional Autonoma de Mexico (UNAM),https://www.unam.mx,United States,North America,1,1,6,1,0,0,0,0,0,0,0,0,0,0,1,0,1,0,0,2,1,1,1,0,1,1,1,0,0,0,0,0,0,0,0,0,0,0,0,0,0,0,0,0,0,1,1,19.42,0,1,1,0,0,0,0,75,1,1,1,1,1,1,100.0,0,1,0,0,0.6931471805599453,-0.3710672617271633,1.0,0,36.4,D
6515,University of Bio-Bio,https://www.ubiobio.cl,Chile,Latin America & Africa,1,1,7,1,0,0,0,0,0,0,0,1,4,0,1,0,0,0,0,5,0,1,1,0,0,1,0,0,0,0,0,0,0,0,0,0,0,0,0,0,0,0,1,0,1,1,1,15.43,0,1,1,0,0,0,0,75,1,0,1,1,1,0,98.2,0,1,1,0,0.0,-0.022133081642658814,1.0,0,36.19,D
3063,University of Valladolid,https://www.uva.es,Spain,Eastern & Southern Europe,0,1,0,0,0,0,0,0,0,0,0,0,0,0,0,0,0,1,0,0,0,0,0,0,1,1,0,0,1,0,0,1,1,0,0,0,0,0,1,0,0,0,0,0,0,0,0,15.43,0,1,0,0,0,0,0,75,1,6,1,0,1,0,100.0,0,1,0,0,1.9459101490553132,0.4921892916171344,3650.0,1,36.13,D
6012,Federal University of Bahia,https://www.ufba.br,Brazil,Latin America & Africa,1,1,7,1,0,0,0,0,0,0,0,0,0,0,1,0,1,0,0,1,1,1,1,0,0,1,0,0,0,0,0,0,0,0,0,0,0,0,0,0,0,0,1,0,0,1,1,12.63,0,1,1,0,0,0,0,75,1,0,1,1,1,0,25.0,0,1,0,0,0.0,-0.29687492311699837,1.0,0,36.07,D
2137,University of Bergen,https://www.uib.no,Norway,Western & Northern Europe,1,1,7,0,1,1,0,0,0,0,0,0,0,0,1,0,0,0,0,4,1,1,1,0,0,1,0,0,0,0,0,0,0,0,0,0,0,0,0,0,0,0,0,0,0,1,1,18.53,0,1,1,1,0,0,0,100,1,0,1,0,1,0,89.5,0,1,0,0,0.0,-0.08694675761843669,0.0,0,36.05,D
6415,State University of Santa Cruz,https://www.uesc.br,Brazil,Latin America & Africa,1,1,8,0,1,0,0,0,0,0,1,0,0,0,0,0,1,0,0,0,0,0,0,0,0,1,0,1,1,0,1,1,0,0,0,0,0,0,1,0,0,0,1,0,1,1,0,15.43,0,0,1,0,0,0,0,75,1,0,1,1,1,0,8.9,0,1,0,0,0.0,0.16916241185963757,3650.0,1,35.92,D
2149,Volda University College,https://www.hivolda.no,Norway,Western & Northern Europe,1,1,4,1,1,0,0,0,0,0,0,1,10,0,1,0,0,0,0,13,1,1,1,0,0,1,0,0,0,0,0,0,0,0,0,0,0,0,0,1,0,0,1,0,0,1,1,14.11,0,1,1,0,0,0,0,75,1,0,1,0,1,1,19.4,0,1,0,0,0.0,-0.40145853378205915,1.0,0,35.47,D
4051,Beijing University of Chemical Technology,https://www.buct.edu.cn,China,Asia (East & Southeast),1,1,4,1,0,0,0,0,0,0,0,0,0,1,1,1,0,1,0,0,0,0,0,0,0,1,0,0,0,0,0,0,0,0,0,0,0,0,0,0,0,0,1,0,1,0,0,16.48,0,1,0,0,0,0,0,75,1,2,1,0,1,0,0.0,0,1,0,0,1.0986122886681098,-0.23087334592702313,8.0,0,35.23,D
6070,University of San Andres,https://www.udesa.edu.ar,Argentina,Latin America & Africa,1,0,0,1,0,0,0,0,1,1,0,0,0,0,1,0,1,0,0,17,1,1,1,0,1,1,0,1,0,0,0,0,1,0,0,0,0,0,0,0,0,0,1,0,0,1,1,11.13,0,1,0,0,0,0,0,90,1,0,1,1,1,1,40.0,0,1,0,0,0.0,-1.1731316998049373,3650.0,1,35.05,D
6014,Federal University of Vicosa,https://www.ufv.br,Brazil,Latin America & Africa,1,1,7,1,0,0,0,0,0,0,0,0,0,0,1,0,0,0,0,0,1,0,1,0,1,1,0,0,0,0,0,1,0,0,0,0,0,0,0,0,0,0,1,0,0,1,1,17.61,0,1,1,0,0,0,0,75,1,0,1,0,1,1,33.3,0,1,0,0,0.0,-0.22156284099769236,1.0,0,34.63,F
3078,Warsaw University of Technology,https://www.pw.edu.pl,Poland,Eastern & Southern Europe,1,1,5,1,0,0,0,0,1,1,0,1,4,0,0,0,0,0,0,1,1,1,0,1,0,1,0,0,0,0,0,1,0,0,0,0,0,0,1,1,0,0,1,0,1,1,1,15.43,0,1,1,0,0,0,0,75,1,0,1,1,1,0,86.4,0,1,0,0,0.0,1.4091868647643189,3650.0,1,34.32,F
5179,Tashkent State Technical University,https://www.tdtu.uz,Central Asia,South & Central Asia + Oceania,1,0,0,1,0,0,0,0,0,0,0,1,9,0,1,0,0,0,0,4,1,1,1,0,1,1,0,0,0,0,0,0,1,0,0,0,0,0,0,0,0,0,0,0,1,1,0,7.23,0,1,1,0,0,0,0,75,1,0,1,1,1,1,70.9,0,1,0,0,0.0,0.5437865790170003,4.0,0,34.21,F
6022,Federal University of Uberlandia,https://www.ufu.br,Brazil,Latin America & Africa,1,1,10,0,0,1,0,1,0,0,0,0,0,0,1,0,1,0,0,2,1,1,1,0,0,1,0,0,0,0,0,0,0,0,0,0,0,0,0,0,0,0,0,0,1,1,1,15.43,0,1,1,0,0,0,0,75,1,0,1,1,1,1,41.1,0,1,0,0,0.0,-0.3385279741215305,0.0,0,33.93,F
6414,State University of Goias,https://www.ueg.br,Brazil,Latin America & Africa,1,1,20,0,0,0,0,0,0,0,0,0,0,0,1,0,1,0,0,2,1,1,1,0,0,1,0,0,0,0,0,0,0,0,0,0,0,0,1,1,0,0,0,0,0,1,1,19.03,0,1,0,0,0,0,0,75,1,0,1,0,1,1,30.9,0,0,0,0,0.0,-0.015261029456725948,1.0,0,33.76,F
6096,National Agrarian University La Molina,https://www.lamolina.edu.pe,Peru & Andes,Latin America & Africa,1,1,3,1,0,0,0,0,0,0,0,1,4,0,1,0,0,0,0,0,1,1,1,0,0,1,0,1,0,0,0,0,0,0,0,0,0,0,0,1,0,0,1,0,1,1,1,12.63,0,1,0,0,0,0,0,75,1,0,0,1,1,0,100.0,0,1,0,0,0.0,-0.48550574332270846,7.0,0,33.41,F
6437,Beni-Suef University,https://www.bsu.edu.eg,Egypt & North Africa,Latin America & Africa,1,1,7,1,0,0,0,1,0,0,0,1,10,0,1,0,0,0,0,2,0,0,0,0,0,1,0,1,0,0,0,1,0,0,0,0,0,0,0,0,0,0,0,0,1,0,0,15.91,0,1,1,0,0,0,0,75,1,0,1,0,1,1,42.9,0,0,0,0,0.0,0.3676104494738233,0.0,0,33.31,F
6424,University of Guadalajara CUCEA,https://www.cucea.udg.mx,Mexico,Latin America & Africa,1,1,7,1,0,0,0,0,0,0,0,0,0,0,1,0,1,0,0,4,0,0,1,0,1,1,0,0,0,0,0,0,0,0,0,0,0,0,0,0,0,0,1,0,1,1,1,12.63,0,1,1,0,0,0,0,75,1,1,0,0,1,1,78.3,0,1,0,0,0.6931471805599453,0.04798989984645281,189.0,0,33.0,F
5088,University of Health Sciences Lahore,https://www.uhs.edu.pk,Pakistan,South & Central Asia + Oceania,1,0,0,0,0,0,0,0,0,0,0,0,0,1,0,1,0,1,0,0,1,1,0,0,0,0,0,1,0,0,0,0,1,0,0,0,0,0,0,0,1,0,0,0,0,0,0,15.43,0,0,0,0,0,0,0,75,1,0,1,1,0,1,0.0,0,1,0,0,0.0,-1.0538690648289024,3650.0,1,32.97,F
6525,Aswan University,https://www.aswu.edu.eg,Egypt & North Africa,Latin America & Africa,1,1,9,1,1,0,0,1,0,0,0,0,0,0,1,0,0,0,0,1,1,1,0,0,1,1,0,0,0,0,0,0,0,0,0,0,0,0,0,0,0,0,0,1,0,1,0,5.74,0,1,1,0,0,0,0,90,1,0,1,1,1,1,31.5,0,1,1,0,0.0,0.5281920770838889,0.0,0,32.87,F
4034,University of Electronic Science and Technology of China,https://www.uestc.edu.cn,China,Asia (East & Southeast),0,1,8,1,1,0,0,0,0,0,0,1,10,0,0,1,0,0,1,5,1,0,0,0,0,1,0,0,1,0,0,1,0,0,0,0,0,0,0,0,0,0,0,0,0,1,0,19.77,0,1,0,0,0,0,0,75,1,0,1,0,1,0,55.8,0,1,0,0,0.0,1.8371822654588457,3650.0,1,32.78,F
4094,Kanazawa Institute of Technology,https://www.kanazawa-it.ac.jp,Japan,Asia (East & Southeast),1,0,0,0,1,0,0,0,0,0,0,1,10,0,0,1,0,1,0,7,1,1,0,0,0,1,0,1,1,0,1,0,0,0,0,0,0,0,0,0,0,0,1,0,1,1,1,21.0,0,1,1,0,0,0,0,100,1,0,0,1,1,0,45.5,0,1,0,0,0.0,0.2683816862026141,3650.0,1,32.74,F
2139,UiT The Arctic University of Norway,https://uit.no,Norway,Western & Northern Europe,1,1,15,1,0,0,0,0,0,0,0,1,7,0,0,1,0,0,1,0,1,1,1,0,0,1,0,1,1,0,0,1,0,0,0,0,0,0,0,1,0,0,0,0,0,1,1,15.43,0,1,0,1,0,1,0,75,1,0,1,0,1,0,100.0,0,1,0,0,0.0,0.4916385144913575,3650.0,1,32.42,F
3202,Vilnius University,https://www.vu.lt,Baltics,Eastern & Southern Europe,1,1,2,1,1,0,0,0,0,0,0,0,0,0,1,0,0,0,0,7,1,0,0,0,0,1,0,0,0,0,0,0,0,0,0,0,1,0,0,0,0,0,1,0,1,1,1,10.21,0,1,0,0,0,0,0,90,1,0,1,1,1,0,25.9,0,1,0,0,0.0,0.3155611206612592,0.0,0,32.38,F
4026,Renmin University of China,https://www.ruc.edu.cn,China,Asia (East & Southeast),1,0,0,1,1,0,0,0,0,0,0,1,10,0,1,1,0,0,1,5,1,1,0,0,0,1,0,0,1,0,1,0,0,0,0,0,0,0,0,0,0,0,1,0,1,0,0,12.63,0,1,1,0,0,0,0,75,1,0,0,0,1,0,0.0,0,1,0,0,0.0,0.36369765897656003,0.0,0,32.2,F
6310,Autonomous University of Queretaro,https://www.uaq.mx,Mexico,Latin America & Africa,1,1,7,1,0,0,0,1,1,1,0,0,0,0,0,0,1,0,0,0,1,1,0,0,0,1,0,1,0,0,0,0,0,0,0,0,0,0,1,0,0,0,0,0,0,1,1,9.76,0,1,1,0,0,0,0,75,1,2,1,1,1,1,16.9,0,1,0,0,1.0986122886681098,-0.3156678821560801,3650.0,1,31.98,F
6068,National University of the South,https://www.uns.edu.ar,Argentina,Latin America & Africa,1,1,7,0,0,0,0,0,0,0,0,0,0,0,1,0,0,0,0,4,0,1,1,0,1,1,0,0,0,0,0,0,0,0,0,0,0,0,0,0,0,0,1,0,0,1,0,10.55,0,1,1,0,0,0,0,75,1,0,1,1,1,1,100.0,0,1,0,0,0.0,-0.22815440125766895,0.0,0,31.95,F
6436,Minia University,https://www.minia.edu.eg,Egypt & North Africa,Latin America & Africa,1,1,9,0,1,0,0,0,0,0,0,1,9,0,1,0,0,0,0,6,1,1,0,0,0,1,0,0,0,0,0,0,0,0,0,0,0,0,0,0,0,0,0,0,1,1,1,15.43,0,1,1,0,0,0,0,75,1,1,1,1,1,0,61.5,0,1,0,0,0.6931471805599453,-0.5306649434016965,0.0,0,31.91,F
4046,Fuzhou University,https://www.fzu.edu.cn,China,Asia (East & Southeast),1,0,0,0,0,0,0,0,0,0,0,1,2,0,0,0,0,0,0,0,0,0,0,0,0,0,0,0,1,1,1,0,1,0,0,0,1,0,1,0,0,0,0,0,1,0,0,21.0,0,0,0,0,0,0,0,0,1,0,1,0,0,0,0.0,0,0,0,0,0.0,0.5990779454267467,3650.0,1,31.72,F
4177,Andalas University,https://www.unand.ac.id,Indonesia,Asia (East & Southeast),1,1,8,0,0,0,0,0,0,0,0,0,0,0,1,0,0,0,0,0,1,0,0,0,0,1,0,0,0,0,0,0,0,0,0,0,1,0,1,0,0,0,0,0,1,1,0,21.0,0,1,1,0,0,0,0,75,1,0,1,1,1,0,69.1,0,1,1,0,0.0,-0.5565529750051589,0.0,0,31.59,F
4190,Naresuan University,https://www.nu.ac.th,Thailand,Asia (East & Southeast),1,1,9,1,1,0,0,0,0,0,0,0,0,0,0,0,0,1,0,0,1,1,0,0,0,1,0,0,1,0,0,0,0,0,0,0,0,0,0,0,0,0,1,0,0,1,1,5.74,0,1,1,0,0,0,0,90,1,0,1,0,1,0,17.0,0,1,0,0,0.0,0.2503218176770243,3650.0,1,31.52,F
6087,Adolfo Ibanez University,https://www.uai.cl,Chile,Latin America & Africa,1,1,4,0,0,0,0,1,1,1,0,1,10,0,0,0,0,0,0,20,1,1,0,0,1,1,0,1,0,0,1,0,0,0,0,0,1,0,0,0,0,0,1,0,0,1,1,17.96,0,1,0,0,0,0,0,100,1,0,1,1,1,1,78.8,0,1,0,0,0.0,-1.2046870414750372,3650.0,1,31.44,F
6015,Fluminense Federal University,https://www.uff.br,Brazil,Latin America & Africa,1,1,8,1,0,0,0,0,1,1,0,1,5,0,0,0,1,0,0,17,0,0,0,0,0,1,0,0,0,0,0,0,0,0,0,0,0,1,0,0,0,0,1,0,1,1,1,18.35,0,1,1,0,0,0,0,100,1,0,1,1,1,1,85.0,0,1,0,0,0.0,0.845989429192543,3650.0,1,31.3,F
6321,Catholic University of the North,https://www.ucn.cl,Chile,Latin America & Africa,1,1,9,1,1,0,0,0,0,0,0,1,10,0,0,0,0,0,0,0,1,1,0,0,0,1,0,0,0,0,0,0,0,0,0,0,1,0,1,1,0,0,1,0,1,1,1,10.7,0,1,1,0,0,0,0,75,1,0,0,1,1,1,18.5,0,1,0,0,0.0,-0.5068231296953986,3650.0,1,31.08,F
6006,Federal University of Rio Grande do Sul,https://www.ufrgs.br,Brazil,Latin America & Africa,1,1,10,0,0,0,0,0,0,0,0,0,0,0,0,1,1,0,0,20,1,1,0,0,1,1,0,0,0,0,0,0,0,0,0,0,0,0,1,1,0,0,1,0,0,1,0,11.37,0,1,1,0,0,0,0,90,1,1,1,1,1,1,28.6,0,1,0,0,0.6931471805599453,2.3567189423939636,3650.0,1,31.06,F
6066,National University of Cuyo,https://www.uncuyo.edu.ar,Argentina,Latin America & Africa,1,1,4,1,0,0,0,0,1,1,0,0,0,0,0,0,1,0,0,0,1,1,0,0,0,1,0,1,0,0,0,0,0,0,0,0,0,0,1,0,0,0,0,0,1,1,0,14.02,0,1,1,0,0,0,0,75,1,0,1,1,1,1,86.8,0,1,0,0,0.0,-0.37653463008862914,3650.0,1,31.02,F
6501,Federal University of Piaui,https://www.ufpi.br,Brazil,Latin America & Africa,1,1,4,1,0,0,0,0,1,1,1,0,0,0,0,0,1,0,0,0,1,1,1,0,0,1,0,0,0,0,0,0,0,0,0,0,0,0,1,1,0,0,0,0,0,1,1,12.63,0,1,1,0,0,0,0,75,1,0,1,0,1,1,54.5,0,1,0,0,0.0,0.6970482165096697,3650.0,1,30.87,F
6018,Federal University of Paraiba,https://www.ufpb.br,Brazil,Latin America & Africa,0,1,7,1,1,0,0,0,0,0,0,1,10,0,0,0,1,0,0,5,1,1,0,0,0,1,0,0,0,0,0,0,0,0,0,0,0,0,0,0,0,0,1,0,1,1,1,21.0,0,1,0,0,0,0,0,90,1,0,1,0,1,0,30.0,0,1,0,0,0.0,3.8778266568557735,3650.0,1,30.75,F
4105,Ewha Womans University,https://www.ewha.ac.kr,South Korea,Asia (East & Southeast),1,1,2,0,0,0,0,1,0,0,0,0,0,0,1,0,0,0,0,14,1,1,1,0,1,1,0,0,0,0,0,0,0,0,0,0,0,1,0,0,0,0,1,1,1,1,1,12.63,0,1,0,1,0,0,0,75,1,0,1,0,1,1,100.0,0,1,0,0,0.0,4.006975136205537,0.0,0,30.7,F
6005,Federal University of Minas Gerais,https://www.ufmg.br,Brazil,Latin America & Africa,1,1,6,1,0,0,0,1,0,0,0,1,10,0,1,0,1,0,0,2,1,1,1,0,0,1,0,0,0,0,0,0,0,0,0,0,0,0,0,0,0,0,1,0,1,1,1,20.14,0,1,1,0,0,0,0,90,1,0,0,0,1,0,14.3,0,1,0,0,0.0,-0.4668530302466049,3650.0,1,30.55,F
2143,Nord University,https://www.nord.no,Norway,Western & Northern Europe,1,1,5,1,1,0,0,0,0,0,0,1,4,0,0,0,0,0,0,4,1,1,0,0,0,1,0,0,0,0,0,0,0,0,0,0,0,0,0,0,0,0,1,0,0,1,1,18.77,0,1,1,0,0,0,0,100,1,1,1,1,1,1,84.6,0,1,0,0,0.6931471805599453,-0.19631052866685123,3650.0,1,30.34,F
5071,University of Karachi,https://www.uok.edu.pk,Pakistan,South & Central Asia + Oceania,1,1,1,1,1,0,0,0,0,0,0,0,0,0,0,0,0,0,0,0,0,0,0,0,0,1,0,1,1,0,0,1,0,0,0,0,0,0,1,1,0,0,0,0,1,0,0,21.0,0,1,1,0,0,0,0,90,1,0,0,0,1,0,11.1,0,1,0,0,0.0,0.1004188067676682,3650.0,1,30.32,F
3136,University of Chemistry and Technology Prague,https://www.vscht.cz,Czechia,Eastern & Southern Europe,1,0,0,0,0,0,0,0,0,0,0,1,9,0,1,0,0,0,0,0,1,1,1,1,0,1,0,0,0,0,0,0,1,0,0,0,1,0,0,0,0,0,1,0,1,1,1,16.3,0,0,1,0,0,0,0,75,1,0,1,0,1,0,81.0,0,1,0,0,0.0,0.015508193327495708,0.0,0,30.22,F
6023,Federal University of Juiz de Fora,https://www.ufjf.br,Brazil,Latin America & Africa,1,1,7,1,0,0,0,0,0,0,0,0,1,0,1,0,0,0,0,0,0,0,1,0,0,1,0,0,1,0,0,0,0,0,0,0,0,1,0,0,0,0,0,0,1,1,0,6.93,0,1,0,0,0,1,0,75,1,0,1,1,1,1,45.5,0,1,0,0,0.0,0.18458946778724228,4.0,0,30.1,F
6423,Autonomous University of Nayarit,https://www.uan.edu.mx,Mexico,Latin America & Africa,1,1,10,1,0,0,0,0,0,0,0,0,0,0,0,0,1,0,0,0,1,1,0,0,1,1,0,1,0,0,0,0,0,0,0,0,0,0,1,0,0,0,0,0,1,1,0,12.98,0,1,0,0,0,0,0,75,1,1,1,1,1,1,87.1,0,1,0,0,0.6931471805599453,0.777689645222148,3650.0,1,29.93,F
6309,University of Fortaleza,https://www.unifor.br,Brazil,Latin America & Africa,1,1,1,1,1,0,0,0,0,0,0,0,0,0,0,1,0,0,0,18,1,1,0,0,0,1,0,0,0,0,0,0,0,0,0,0,0,0,0,0,0,0,1,0,0,1,1,15.43,0,1,1,1,0,0,0,100,1,0,1,1,1,1,69.0,0,1,0,0,0.0,1.937243267126098,3650.0,1,29.57,F
3055,University of Salamanca,https://www.usal.es,Spain,Eastern & Southern Europe,1,1,4,0,0,0,0,0,0,0,0,0,0,0,1,0,1,0,0,0,0,0,1,0,0,1,0,0,0,0,0,1,0,0,0,0,1,0,1,0,0,0,1,0,1,1,1,4.48,0,1,0,0,0,0,0,75,1,0,1,0,1,0,2.7,0,0,0,0,0.0,3.8970286885322625,113.0,0,29.51,F
6001,University of Sao Paulo,https://www5.usp.br,Brazil,Latin America & Africa,1,1,4,1,0,0,0,0,0,0,0,0,0,0,1,0,0,0,0,1,0,0,1,0,0,1,0,0,0,0,0,0,0,0,0,0,0,0,0,0,0,0,1,0,0,0,0,18.96,0,1,1,0,0,0,0,90,1,3,1,0,1,1,0.0,0,1,0,0,1.3862943611198906,0.36662872773297606,4.0,0,29.46,F
6511,University of Quintana Roo,https://www.uqroo.mx,Mexico,Latin America & Africa,1,1,10,0,0,0,0,0,1,1,0,1,3,0,0,0,1,0,0,20,1,1,0,0,1,1,0,1,0,0,0,0,0,0,0,0,0,0,0,1,0,0,1,0,0,1,1,13.97,0,1,1,1,0,0,0,75,1,0,1,1,0,1,86.5,0,1,0,0,0.0,-0.45086499046708733,3650.0,1,29.05,F
6306,Amazonas State University,https://www.uea.edu.br,Brazil,Latin America & Africa,1,1,7,1,0,0,0,0,0,0,0,0,0,0,0,0,1,0,0,1,1,1,0,0,0,1,0,0,0,0,0,0,0,0,0,0,0,0,0,0,0,0,1,0,1,1,1,3.9,0,1,1,0,0,0,0,90,1,0,1,1,1,1,77.6,0,1,0,0,0.0,0.09202713222161492,3650.0,1,28.86,F
6312,University of Sonora,https://www.unison.mx,Mexico,Latin America & Africa,1,1,4,1,0,0,0,0,0,0,0,0,0,0,0,0,1,0,0,0,0,0,0,0,1,1,0,1,0,0,0,0,0,0,0,0,0,0,0,0,0,0,1,0,1,1,1,16.29,0,1,1,0,0,0,0,75,1,0,0,0,1,1,99.1,0,1,0,0,0.0,-0.14316534769286568,3650.0,1,28.82,F
6422,Autonomous University of Ciudad Juarez,https://www.uacj.mx,Mexico,Latin America & Africa,1,1,8,1,1,0,0,1,0,0,0,0,0,0,0,0,1,0,0,1,1,1,0,0,0,1,0,1,0,0,0,0,0,0,0,0,0,0,0,0,0,0,0,0,0,1,0,15.43,0,0,0,0,0,0,0,75,1,0,1,0,1,0,0.0,0,1,0,0,0.0,-1.1080575729830415,3650.0,1,28.81,F
6305,Ceara State University,https://www.uece.br,Brazil,Latin America & Africa,1,1,9,0,0,0,0,0,0,0,0,0,0,0,0,0,1,0,0,0,0,0,0,0,0,1,0,0,0,0,0,0,0,0,0,0,0,0,1,1,0,0,0,0,1,1,1,21.0,0,1,1,0,0,0,0,75,1,0,0,0,1,1,51.7,0,1,0,0,0.0,-0.036297923903459484,3650.0,1,28.78,F
1184,University of Guelph,https://www.uoguelph.ca,Canada,North America,0,0,0,0,0,0,1,1,0,0,0,0,0,0,0,1,0,0,1,0,1,0,0,0,0,1,0,0,0,0,1,0,1,0,0,0,0,1,0,0,0,0,0,0,0,0,0,7.46,0,1,0,0,0,0,1,75,1,0,0,1,0,1,33.3,0,1,0,0,0.0,0.05506805802376296,3650.0,1,28.56,F
6090,Diego Portales University,https://www.udp.cl,Chile,Latin America & Africa,1,0,0,1,0,0,0,0,0,0,0,0,0,0,0,0,0,0,0,0,0,0,0,0,0,1,0,1,0,0,0,1,0,0,1,0,1,0,1,0,0,0,1,0,0,1,1,21.0,0,1,1,0,1,0,0,75,1,2,1,0,0,1,0.0,0,1,0,0,1.0986122886681098,-1.2124005694388396,3650.0,1,28.55,F
6026,State University of Londrina,https://www.uel.br,Brazil,Latin America & Africa,1,0,0,1,1,1,0,0,0,0,0,1,10,0,1,0,0,0,0,1,1,1,0,0,1,1,0,0,0,0,0,0,0,0,0,0,0,0,0,0,0,0,1,0,1,1,1,14.53,0,1,1,0,0,0,0,75,1,0,1,0,1,0,58.7,0,1,0,0,0.0,-0.23053858262829865,0.0,0,28.48,F
1192,Instituto Politecnico Nacional,https://www.ipn.mx,United States,North America,1,1,3,1,0,0,0,0,0,0,0,1,9,0,0,0,1,0,0,0,1,1,0,0,0,1,0,0,0,0,0,0,0,0,0,0,0,0,0,0,0,0,1,0,0,1,1,15.43,0,1,0,0,0,0,0,75,1,0,0,1,1,1,97.2,0,1,0,0,0.0,-0.4942259625496843,3650.0,1,28.47,F
6009,Federal University of Parana,https://www.ufpr.br,Brazil,Latin America & Africa,1,1,7,1,0,0,0,0,0,0,0,0,0,0,0,0,1,0,0,20,1,1,0,0,1,1,0,0,0,0,0,0,0,0,0,0,0,0,0,0,0,0,1,0,1,1,0,15.43,0,1,1,0,0,0,0,90,1,0,1,0,1,1,44.4,0,1,0,0,0.0,1.0564986196228563,3650.0,1,28.08,F
4055,Nanjing Agricultural University,https://www.njau.edu.cn,China,Asia (East & Southeast),1,1,6,1,0,0,0,0,0,0,0,1,10,1,0,1,0,0,0,0,1,0,0,0,1,1,0,1,0,0,0,1,0,0,0,0,0,0,0,0,0,0,0,0,1,0,0,11.98,0,1,0,0,0,0,0,75,1,1,1,1,1,0,1.7,0,0,0,0,0.6931471805599453,-0.0763611374303107,3650.0,1,28.06,F
6514,National University of Rio Cuarto,https://www.unrc.edu.ar,Argentina,Latin America & Africa,1,1,6,0,0,0,0,0,0,0,0,0,0,0,0,0,1,0,0,0,0,0,0,0,0,1,0,0,0,0,0,0,0,0,0,0,0,0,1,0,0,0,0,0,0,1,0,7.46,0,1,0,0,0,0,0,75,1,0,0,1,0,1,62.5,0,1,0,0,0.0,-1.1858940824359554,3650.0,1,28.05,F
6512,National University of the Northeast,https://www.unne.edu.ar,Argentina,Latin America & Africa,1,1,0,1,0,0,0,0,0,0,0,0,0,0,0,0,0,0,0,1,1,1,0,0,0,1,0,0,0,0,0,0,0,0,0,0,0,0,1,0,0,0,1,0,0,1,1,12.63,0,1,1,0,0,0,0,90,1,0,1,0,1,1,28.9,0,1,0,0,0.0,-0.030127101532417593,3650.0,1,27.3,F
6067,National University of Tucuman,https://www.unt.edu.ar,Argentina,Latin America & Africa,1,1,6,0,0,0,0,0,0,0,0,0,0,0,0,0,0,0,0,0,0,0,0,0,0,1,0,0,0,0,0,0,0,0,0,0,0,0,1,1,0,0,1,0,0,1,0,7.46,0,1,1,0,0,0,0,75,1,0,1,0,1,1,95.5,0,1,0,0,0.0,-0.960098082041016,3650.0,1,27.1,F
6056,Autonomous University of Chihuahua,https://www.uach.mx,Mexico,Latin America & Africa,1,1,20,1,1,0,0,0,1,1,0,0,0,0,0,0,1,0,0,0,0,1,0,0,0,1,0,1,0,0,0,0,0,0,0,0,0,0,0,0,0,0,0,0,1,1,0,12.63,0,1,1,0,0,0,0,100,1,1,1,1,1,0,53.1,0,1,0,0,0.6931471805599453,0.1840284839353292,3650.0,1,27.07,F
6013,Federal University of Sao Carlos,https://www.ufscar.br,Brazil,Latin America & Africa,1,1,10,1,0,1,0,0,0,0,0,0,0,0,0,0,0,0,0,1,0,0,0,0,1,1,0,0,0,0,0,0,0,0,0,0,0,0,0,0,0,0,0,0,1,1,0,8.45,0,1,1,0,0,0,0,75,1,5,0,0,1,1,84.6,0,1,0,0,1.791759469228055,-1.2309130365519652,3650.0,1,26.88,F
6088,University of Valparaiso,https://www.uv.cl,Chile,Latin America & Africa,1,1,2,1,1,0,0,0,0,0,0,0,0,0,0,0,1,0,0,0,1,1,0,0,0,1,0,0,0,0,0,0,0,0,0,0,1,0,0,0,0,0,0,0,1,1,1,14.18,0,1,1,0,0,0,0,90,1,0,1,0,1,0,12.0,0,1,0,0,0.0,-1.1206797096510817,3650.0,1,26.79,F
2199,University of Iceland,https://www.hi.is,Belgium/Ireland/Iceland,Western & Northern Europe,1,1,4,1,1,0,0,0,1,1,0,0,0,0,0,0,0,0,0,0,0,0,0,0,0,1,0,0,0,0,0,0,0,0,0,0,0,0,0,0,0,0,1,0,1,1,1,21.0,0,1,1,1,0,0,0,75,1,0,1,1,1,1,82.6,0,1,0,0,0.0,0.25084422479939394,3650.0,1,26.71,F
6075,University of Valle,https://www.univalle.edu.co,Colombia,Latin America & Africa,1,1,8,0,0,0,0,0,0,0,0,0,0,0,0,0,0,0,0,0,1,0,1,0,1,1,0,1,0,0,0,0,0,0,0,0,0,0,1,0,0,0,1,0,1,1,1,5.1,0,1,1,0,0,0,0,90,1,2,1,1,1,0,80.0,0,1,0,0,1.0986122886681098,2.9422458378280463,3650.0,1,26.48,F
6073,University of Antioquia,https://www.udea.edu.co,Colombia,Latin America & Africa,1,0,0,1,1,0,0,0,0,0,0,0,0,0,1,0,0,0,0,8,1,1,0,0,1,1,0,0,0,0,0,0,0,0,0,0,0,0,0,0,0,0,1,0,1,1,1,21.0,0,1,0,0,0,0,0,75,1,0,1,0,1,1,50.0,0,1,1,0,0.0,-0.4748470501363637,32.0,0,26.34,F
5184,Kyrgyz National University,https://www.university.kg,Central Asia,South & Central Asia + Oceania,1,1,8,1,1,0,0,0,0,0,0,0,0,0,0,0,0,0,0,0,1,1,0,0,1,1,0,0,0,0,0,0,0,0,0,0,0,0,0,0,0,0,0,0,0,1,0,7.38,0,1,1,0,1,0,0,90,1,0,1,0,1,1,71.4,0,1,0,0,0.0,-0.2059139428937592,3650.0,1,25.92,F
6059,University of Buenos Aires,https://www.uba.ar,Argentina,Latin America & Africa,1,1,3,1,1,0,0,0,0,0,0,1,4,0,0,0,0,0,0,0,1,1,0,0,1,1,0,0,0,0,0,0,0,0,0,0,0,0,0,0,0,0,0,0,0,1,1,15.43,0,1,1,0,0,0,0,75,1,0,1,1,0,1,37.5,0,1,0,0,0.0,-0.4124375966110543,3650.0,1,25.57,F
3189,Sofia University St. Kliment Ohridski,https://www.uni-sofia.bg,Bulgaria & Slovakia,Eastern & Southern Europe,0,0,0,1,0,0,0,0,0,0,0,0,0,0,0,0,0,0,0,3,1,1,0,0,0,0,0,0,0,0,0,0,1,0,0,0,0,0,0,0,0,0,0,0,1,0,0,11.62,0,0,0,1,0,0,0,20,1,0,1,1,1,1,50.0,0,0,0,0,0.0,-0.9348086899594382,3650.0,1,24.91,F
6061,National University of La Plata,https://www.unlp.edu.ar,Argentina,Latin America & Africa,1,1,6,1,0,0,0,0,0,0,0,0,0,0,0,0,0,0,0,0,0,0,0,0,0,1,0,0,0,0,0,0,0,0,0,0,0,0,0,0,0,0,0,0,1,1,0,7.46,0,1,1,0,0,0,0,90,1,0,1,1,1,1,50.0,0,1,0,0,0.0,-0.5280002701051102,3650.0,1,24.88,F
6060,National University of Cordoba,https://www.unc.edu.ar,Argentina,Latin America & Africa,1,1,5,1,0,0,0,0,0,0,0,0,0,0,0,0,0,0,0,0,0,0,0,0,0,1,0,0,0,0,0,0,0,0,0,0,0,0,0,0,0,0,0,0,0,1,0,15.91,0,1,1,0,0,0,0,75,1,0,1,0,1,1,53.5,0,1,0,0,0.0,-1.0986610934635006,3650.0,1,24.86,F
6004,Sao Paulo State University,https://www.unesp.br,Brazil,Latin America & Africa,1,0,0,1,0,0,0,1,0,0,0,0,0,0,0,1,0,0,0,0,0,0,0,0,1,1,0,0,0,0,0,0,0,0,0,0,0,0,1,1,0,0,0,0,0,1,0,12.63,0,1,1,0,0,0,0,75,1,0,1,0,1,1,60.8,0,1,0,0,0.0,-0.18846479373483158,3650.0,1,23.79,F
6500,Federal University of Tocantins,https://www.uft.edu.br,Brazil,Latin America & Africa,1,1,20,1,0,0,0,0,0,0,0,0,0,0,0,0,0,0,0,0,1,0,1,0,0,1,0,0,0,0,0,0,0,0,0,0,0,0,0,0,0,0,0,0,0,1,1,21.0,0,1,1,0,0,0,0,75,1,0,0,1,1,1,25.0,0,1,0,0,0.0,-0.4402062972807423,3650.0,1,23.62,F
4186,Prince of Songkla University,https://www.psu.ac.th,Thailand,Asia (East & Southeast),1,1,12,0,1,0,1,1,0,0,1,0,0,0,0,0,0,0,0,0,1,1,0,0,0,1,0,0,0,0,0,0,0,0,0,0,0,0,0,0,0,0,1,0,1,1,1,5.74,0,1,0,0,0,0,0,75,1,1,1,0,1,1,34.1,0,1,0,0,0.6931471805599453,-0.4819055184327212,3650.0,1,23.14,F
6086,Austral University of Chile,https://www.uach.cl,Chile,Latin America & Africa,1,1,7,0,0,0,0,0,0,0,0,1,3,0,0,0,0,0,0,0,1,1,0,0,0,1,0,0,0,0,0,0,0,0,0,0,1,0,1,1,0,0,0,0,1,1,0,4.48,0,1,1,0,0,0,0,75,1,0,0,0,0,1,33.3,0,1,0,0,0.0,2.1290997444803077,3650.0,1,22.96,F
4043,Zhengzhou University,https://www.zzu.edu.cn,China,Asia (East & Southeast),1,0,0,1,0,0,0,0,0,0,0,1,10,0,1,0,0,0,0,0,1,1,0,0,1,1,0,0,0,0,0,0,0,0,0,0,0,0,0,0,0,0,0,0,1,1,0,12.63,0,1,0,0,0,0,0,75,1,0,1,1,1,0,20.7,0,1,0,0,0.0,-0.21160948616639402,8.0,0,21.45,F
4033,China Agricultural University,https://www.cau.edu.cn,China,Asia (East & Southeast),1,1,11,0,0,0,0,0,0,0,0,1,10,1,0,0,0,0,0,0,0,0,0,0,0,1,0,0,0,0,0,1,0,0,0,0,0,0,0,0,0,0,1,0,1,1,0,12.82,0,1,0,0,0,0,0,75,1,0,0,0,1,1,0.0,0,0,0,0,0.0,0.08999031821095524,3650.0,1,21.34,F
6046,Autonomous University of Puebla,https://www.buap.mx,Mexico,Latin America & Africa,1,0,0,0,0,0,0,0,0,0,0,0,0,0,0,0,1,0,0,12,1,1,0,0,0,1,1,1,0,0,0,0,0,0,0,0,0,0,0,0,0,0,1,0,1,1,1,21.0,0,1,1,0,0,0,0,75,1,0,1,0,1,1,10.3,0,1,0,0,0.0,-1.1703267805453725,3650.0,1,21.1,F
6091,National University of San Marcos,https://www.unmsm.edu.pe,Peru & Andes,Latin America & Africa,1,0,0,0,0,0,0,1,0,0,0,0,1,0,0,0,0,0,0,0,1,0,0,0,1,1,0,0,0,0,0,0,0,0,0,0,0,0,1,0,0,0,1,0,1,1,1,21.0,0,1,1,0,0,0,0,90,1,0,1,1,1,1,100.0,0,1,0,0,0.0,-0.5829766875925737,3650.0,1,20.86,F
4006,University of Science and Technology of China,https://www.ustc.edu.cn,China,Asia (East & Southeast),1,1,20,1,0,0,0,0,0,0,0,0,0,0,0,0,0,0,0,0,0,0,0,0,0,1,0,0,0,0,0,0,0,0,0,0,0,0,0,0,0,0,1,0,0,0,0,18.8,0,0,1,0,0,0,0,75,1,0,1,0,1,0,0.0,0,0,0,0,0.0,0.5350657447638232,3650.0,1,19.87,F
4012,Xi'an Jiaotong University,https://www.xjtu.edu.cn,China,Asia (East & Southeast),1,0,0,1,0,0,0,0,0,0,0,0,0,0,1,0,0,0,0,0,0,0,0,0,0,1,0,1,0,0,0,0,0,0,0,0,0,0,0,0,0,0,0,0,0,0,0,21.0,0,0,0,0,0,0,0,0,1,0,1,0,0,0,0.0,0,0,0,0,0.0,-0.9851738546791561,20.0,0,18.51,F
6403,Federal University of Alfenas,https://www.unifal-mg.edu.br,Brazil,Latin America & Africa,0,1,7,0,0,0,0,0,0,0,0,0,0,0,0,0,0,0,0,0,0,0,0,0,0,1,0,0,0,0,0,0,0,0,0,0,0,0,0,0,0,0,0,0,0,0,0,15.91,0,1,0,0,0,0,0,90,1,0,1,0,1,1,0.0,0,0,0,0,0.0,0.8904473994566399,3650.0,1,18.37,F
4063,Hokkaido University,https://www.hokudai.ac.jp,Japan,Asia (East & Southeast),1,0,0,0,0,0,0,0,0,0,1,0,0,0,1,0,0,0,0,1,1,0,1,0,0,1,0,1,0,0,0,0,0,0,0,0,0,0,0,0,0,0,0,0,1,1,0,12.63,0,1,0,0,0,0,0,100,1,0,0,1,1,0,75.3,0,1,0,0,0.0,-0.4598323457903335,3650.0,1,18.17,F
4205,Vietnam National University Ho Chi Minh City,https://vnuhcm.edu.vn,Vietnam,Asia (East & Southeast),1,0,0,0,0,0,1,1,0,0,0,1,4,0,1,0,0,0,0,0,0,0,1,0,0,1,0,0,0,0,0,0,0,0,0,0,0,0,0,0,0,0,0,0,0,1,0,10.05,0,0,0,0,0,0,0,75,1,0,1,0,1,1,39.7,0,0,0,0,0.0,0.08918765738759542,1.0,0,18.08,F
6055,Autonomous University of Yucatan,https://www.uady.mx,Mexico,Latin America & Africa,1,0,0,0,0,0,0,0,0,0,0,0,0,0,0,0,1,0,0,0,1,1,0,0,1,1,1,0,0,0,0,0,0,0,0,0,0,0,0,0,0,0,0,0,1,1,1,21.0,0,1,0,0,0,0,0,75,1,0,1,1,0,1,33.3,0,1,0,0,0.0,-0.2799051615966333,3650.0,1,17.04,F
6011,Federal University of Ceara,https://www.ufc.br,Brazil,Latin America & Africa,1,0,0,1,0,0,0,0,0,0,0,0,0,0,0,0,1,0,0,0,0,0,0,0,1,1,0,0,0,0,0,0,0,0,0,0,0,0,0,0,0,0,0,0,1,1,0,2.02,0,1,0,1,0,0,0,75,1,0,1,1,1,1,95.2,0,1,0,0,0.0,0.2625662232031343,3650.0,1,16.7,F
3177,University of Zagreb,https://www.unizg.hr,Balkans,Eastern & Southern Europe,1,0,0,1,0,0,0,0,0,0,0,1,3,0,0,1,0,0,0,0,0,0,0,0,0,1,0,0,0,0,0,1,0,0,0,0,1,1,0,0,0,0,0,0,0,1,0,1.48,0,1,0,0,0,0,0,75,1,4,1,1,1,0,0.0,0,0,0,0,1.6094379124341003,1.96827055802323,3650.0,1,15.73,F
6044,Autonomous Metropolitan University,https://www.uam.mx,Mexico,Latin America & Africa,1,0,0,0,0,0,0,0,0,0,0,0,0,0,0,0,0,0,0,0,0,0,0,0,0,1,0,1,0,0,0,0,0,0,0,0,0,0,0,0,0,0,0,0,0,0,0,21.0,0,0,0,0,0,0,0,75,1,0,1,0,1,1,84.6,0,1,0,0,0.0,-1.2023028601044077,3650.0,1,15.73,F
5052,Visva-Bharati University,https://www.visvabharati.ac.in,India,South & Central Asia + Oceania,1,0,0,0,0,0,0,0,0,0,0,0,0,0,0,0,0,1,0,0,0,0,0,0,0,0,0,1,0,0,0,0,0,0,0,0,0,0,0,0,0,0,0,0,0,0,0,17.05,0,0,0,0,0,0,0,0,1,0,1,0,1,1,0.0,0,0,0,0,0.0,-1.2872033720178195,3650.0,1,15.23,F
4052,Donghua University,https://www.dhu.edu.cn,China,Asia (East & Southeast),1,0,0,1,0,0,0,0,0,0,0,1,5,0,0,0,0,0,0,0,1,0,0,0,0,1,0,0,0,0,0,0,0,0,0,0,0,0,0,0,0,0,0,0,1,1,0,12.63,0,1,0,0,0,0,0,20,1,0,1,0,1,0,25.0,0,0,0,0,0.0,-0.10084229254277681,3650.0,1,13.08,F
4011,Harbin Institute of Technology,https://www.hit.edu.cn,China,Asia (East & Southeast),1,0,0,0,0,0,0,0,0,0,0,1,3,0,0,0,0,0,0,0,1,0,0,0,1,1,0,0,0,0,0,0,0,0,0,0,0,0,0,0,0,0,0,0,1,0,0,9.01,0,1,0,0,0,0,0,75,1,0,0,1,1,0,67.7,0,1,0,0,0.0,1.7099605249563576,3650.0,1,12.8,F
5111,University of Melbourne,https://www.unimelb.edu.au,Australia,South & Central Asia + Oceania,0,0,0,0,0,0,0,1,0,0,0,0,0,0,0,0,0,0,0,0,0,0,0,0,0,0,0,0,0,0,0,0,0,0,0,0,0,0,0,0,0,0,0,0,0,0,0,21.0,0,0,0,0,0,0,0,55,1,0,1,1,1,1,0.0,1,1,0,0,0.0,-0.7138071241143282,3650.0,1,11.94,F
4014,Beijing Normal University,https://www.bnu.edu.cn,China,Asia (East & Southeast),1,0,0,0,0,0,0,0,0,0,0,1,8,0,0,0,0,0,0,0,0,0,0,0,0,1,0,0,0,0,0,0,0,0,0,0,0,0,0,0,0,0,1,0,1,1,0,12.82,0,1,1,0,0,0,0,75,1,1,0,0,1,0,0.0,0,0,0,0,0.6931471805599453,0.35607238115464435,3650.0,1,10.8,F
4115,Chonnam National University,https://www.jnu.ac.kr,South Korea,Asia (East & Southeast),1,0,0,0,0,0,0,0,0,0,0,0,0,0,0,0,0,0,0,0,0,0,0,0,0,0,0,0,0,0,0,0,0,0,0,0,0,0,0,0,0,0,0,0,1,0,0,21.0,0,0,0,0,0,0,0,75,1,0,0,0,1,1,0.0,0,0,0,0,0.0,0.23567325765071256,3650.0,1,10.67,F
3045,University of Valencia,https://www.uv.es,Spain,Eastern & Southern Europe,1,0,0,0,0,0,0,0,0,0,0,0,0,0,0,0,0,0,0,0,0,0,0,0,0,0,0,0,0,0,0,0,0,0,0,0,0,0,0,0,0,0,0,0,1,0,0,21.0,0,0,0,0,0,0,0,0,1,0,0,0,0,0,25.0,0,0,0,0,0.0,0.20754206682110443,3650.0,1,9.11,F
