uni_id,name,url,country,region,rank,a01_logo,a02_primary_nav,a03_nav_item_count,a04_search_bar,a05_language_toggle,a06_breadcrumb,a07_qs_badge,a09_national_rank,a11_accreditation,a12_accred_count,a13_achievements,a14_stats_block,a15_stat_item_count,a16_notice_board,a17_notice_timestamp,a20_news_events,a21_calendar_link,a22_admission_notice,a23_upcoming_events,a24_event_count,a25_event_images,a26_event_captions,a27_event_datetime,a28_contests,a29_video_content,a30_image_gallery,a31_social_feed_embed,a32_vision_mission,a33_about_blurb,a34_department_links,a35_faculty_link,a36_research_highlight,a37_programs_listing,a38_scholarship,a39_library_link,a40_career_link,a41_alumni_link,a42_faq_link,a43_contact_link,a44_student_portal,a45_prospectus,a46_admissions_policy,a47_footer_contact,a48_footer_sitemap,a49_copyright_line,a50_social_links,a51_quick_links,a53_contrast_ratio,a53_contrast_ratio_was_missing,a54_banner_carousel,a57_logo_prominence,a58_live_chat,a59_feedback_form,a60_trust_seal,a61_testimonials,a63_mobile_score,a65_https,a66_broken_links,a67_gzip,a69_title_meta,a70_favicon,a71_sitemap_robots,a72_alt_text_pct,a72_alt_text_pct_was_missing,a73_accessible_design,a74_a11y_toggle,a75_bookmark,broken_links_log,load_time_z_region,notice_recency_days,notice_recency_days_was_missing,website_score,grade,regional_rank,country_rank
3167,Eotvos Lorand University,https://www.elte.hu,Hungary,Eastern & Southern Europe,1,1,1,5,1,1,0,1,1,1,1,1,1,10,1,1,1,1,1,1,15,1,1,1,1,0,1,0,1,1,1,1,1,1,1,1,1,1,1,1,0,1,1,1,0,1,1,1,19.44,0,1,1,1,0,0,0,100,1,1,1,1,1,0,86.2,0,1,1,0,0.6931471805599453,-0.6315313132573119,5.0,0,94.94,A+,1,
5145,University of New England,https://www.une.edu.au,Australia,South & Central Asia + Oceania,2,1,1,6,1,0,1,0,1,1,1,1,0,0,0,1,1,1,1,1,11,1,1,1,1,0,1,0,1,1,1,1,1,1,1,1,1,1,1,1,0,1,1,1,1,1,1,1,15.91,0,1,1,0,0,0,1,90,1,0,1,1,1,1,13.8,0,1,1,0,0.0,0.21790067512186465,1.0,0,94.36,A+,1,1.0
2084,University of Strasbourg,https://www.unistra.fr,France,Western & Northern Europe,3,1,1,6,1,0,0,0,0,1,0,1,0,0,1,1,1,1,1,1,17,1,1,1,1,0,1,0,1,1,1,1,1,1,1,1,1,1,1,1,1,1,1,0,1,1,1,1,18.88,0,0,1,0,0,0,0,75,1,0,1,1,1,0,26.5,0,1,1,0,0.0,-1.136693464644128,0.0,0,93.72,A+,1,1.0
3102,University of Porto,https://www.up.pt,Portugal,Eastern & Southern Europe,4,0,1,5,1,1,0,1,1,1,1,1,0,1,0,1,1,1,1,1,10,1,1,1,1,0,1,0,1,1,1,1,1,1,1,1,1,1,1,1,0,1,1,1,0,1,1,1,15.43,0,1,0,0,0,1,0,75,1,0,1,1,1,1,100.0,0,1,1,0,0.0,-0.47890737648813825,6.0,0,93.36,A+,2,
4147,Nanyang Technological University,https://www.ntu.edu.sg,Singapore,Asia (East & Southeast),5,1,1,7,1,0,1,1,1,1,0,1,0,0,1,1,1,1,1,1,0,1,1,0,0,0,1,0,1,1,1,1,1,1,1,1,1,1,1,1,1,1,1,1,0,1,1,1,12.63,0,1,1,1,0,0,0,100,1,0,1,1,1,1,47.1,0,1,0,0,0.0,-0.6267857970491191,0.0,0,92.9,A+,1,
5419,Gauhati University,https://www.gauhati.ac.in,India,South & Central Asia + Oceania,6,1,1,7,1,0,0,0,1,1,1,1,1,10,1,1,1,1,1,1,11,1,0,1,0,0,1,0,1,1,1,1,1,1,1,1,1,1,1,1,0,0,1,0,1,1,1,1,16.81,0,1,1,0,0,0,0,90,1,0,1,1,1,1,58.5,0,1,1,0,0.0,-1.2565700970516769,0.0,0,92.73,A+,2,1.0
2046,RWTH Aachen University,https://www.rwth-aachen.de,Germany,Western & Northern Europe,7,1,1,6,1,1,0,0,1,0,0,1,0,0,1,1,1,1,1,1,4,0,0,1,1,0,1,0,1,1,1,1,1,1,1,1,1,1,1,1,1,0,1,0,1,1,1,1,16.98,0,1,1,0,0,0,0,90,1,0,1,1,1,0,91.7,0,1,1,0,0.0,0.5372269600725149,0.0,0,92.46,A+,2,1.0
2029,University of Leicester,https://www.le.ac.uk,United Kingdom,Western & Northern Europe,8,1,1,8,1,0,0,0,1,1,1,1,1,6,1,1,1,0,1,1,11,1,1,1,1,0,1,0,1,1,1,1,1,1,1,1,1,1,1,1,0,1,1,0,0,1,1,1,11.03,0,1,1,0,0,0,1,100,1,0,1,1,1,1,100.0,0,1,1,0,0.0,-0.06342505963241415,0.0,0,92.09,A+,3,1.0
5139,Southern Cross University,https://www.scu.edu.au,Australia,South & Central Asia + Oceania,9,1,1,6,1,1,0,1,1,1,1,1,0,0,0,1,1,1,1,1,4,1,1,0,0,0,1,0,1,1,1,1,1,1,1,1,1,1,1,1,1,0,1,1,1,1,1,1,16.04,0,1,1,1,0,0,0,100,1,0,1,1,1,1,83.0,0,1,0,0,0.0,-0.5243044709993069,0.0,0,91.98,A+,3,2.0
2309,Maynooth University,https://www.maynoothuniversity.ie,Belgium/Ireland/Iceland,Western & Northern Europe,10,1,1,20,1,0,0,0,1,0,0,1,1,10,1,1,1,0,1,1,7,1,1,1,1,0,1,0,1,1,1,1,1,1,1,1,1,1,1,1,1,1,1,1,1,1,1,1,12.63,0,1,1,0,0,1,1,75,1,0,1,1,1,1,72.7,0,1,1,0,0.0,-1.0181150077867562,0.0,0,91.88,A+,4,
4092,Sophia University,https://www.sophia.ac.jp,Japan,Asia (East & Southeast),11,1,1,5,1,1,0,0,0,0,0,1,1,7,1,1,1,0,1,1,12,1,1,1,1,1,1,0,1,1,1,1,1,1,1,1,1,1,1,1,0,1,1,0,1,1,1,1,13.46,0,1,1,0,0,0,1,100,1,1,0,1,1,1,41.6,0,1,0,0,0.6931471805599453,0.09881958726790997,0.0,0,91.84,A+,2,1.0
2038,"City, University of London",https://www.city.ac.uk,United Kingdom,Western & Northern Europe,12,1,1,2,1,0,1,0,1,1,2,1,1,8,0,1,1,1,1,1,18,1,1,1,0,0,1,0,1,1,1,1,1,1,1,1,1,1,1,1,0,1,1,0,0,1,1,1,16.67,0,1,1,0,0,1,0,100,1,0,1,1,1,1,87.9,0,1,1,0,0.0,-1.0115677310277602,0.0,0,91.61,A+,5,2.0
2078,Sorbonne University,https://www.sorbonne-universite.fr,France,Western & Northern Europe,13,1,1,5,1,1,0,0,0,1,0,1,1,10,1,1,1,1,1,1,2,1,1,1,1,0,1,0,1,1,1,1,1,1,1,1,1,1,1,1,0,0,1,1,1,1,1,1,12.63,0,1,0,0,0,0,0,90,1,0,1,0,1,1,34.6,0,1,1,1,0.0,-1.2358725829563266,0.0,0,91.46,A+,6,2.0
5150,University of Otago,https://www.otago.ac.nz,New Zealand,South & Central Asia + Oceania,14,1,1,7,1,0,0,0,1,0,0,1,0,0,1,1,1,1,1,1,3,1,1,0,0,0,1,0,1,1,1,1,1,1,1,1,1,1,1,1,1,0,1,1,0,1,1,1,15.42,0,1,1,0,0,0,0,100,1,0,1,1,1,1,82.6,0,1,1,0,0.0,0.2578216983490189,0.0,0,89.99,A+,4,
3199,University of Tartu,https://www.ut.ee,Baltics,Eastern & Southern Europe,15,1,1,8,1,1,0,0,1,1,1,1,1,10,0,1,1,1,1,1,20,1,1,1,1,0,1,0,1,1,1,1,1,1,1,1,1,1,1,1,1,0,1,0,0,0,1,1,15.43,0,1,1,0,0,0,0,75,1,0,1,1,1,1,74.1,0,1,1,0,0.0,-1.2825118135145637,0.0,0,89.66,A+,3,
5127,University of Wollongong,https://www.uow.edu.au,Australia,South & Central Asia + Oceania,16,1,1,7,1,0,0,0,1,0,0,1,0,0,0,1,1,1,1,1,3,0,1,1,0,0,1,0,1,1,1,1,1,1,1,1,1,1,1,1,0,0,1,1,0,1,1,1,17.63,0,1,1,0,0,0,1,100,1,0,1,1,0,1,35.0,0,1,1,0,0.0,-0.029446725934543186,0.0,0,89.11,A+,5,3.0
2060,FAU Erlangen-Nuremberg,https://www.fau.de,Germany,Western & Northern Europe,17,1,1,1,1,1,0,0,1,1,0,1,1,7,1,1,1,1,1,1,13,0,0,1,1,0,1,0,1,1,1,1,1,1,1,1,1,1,1,1,1,0,1,0,0,1,1,1,21.0,0,1,1,0,0,1,1,90,1,0,1,1,1,0,93.8,0,1,1,1,0.0,-0.7933251723945604,1.0,0,89.01,A+,7,2.0
2036,University of Surrey,https://www.surrey.ac.uk,United Kingdom,Western & Northern Europe,18,1,1,4,1,0,0,0,1,0,0,1,0,0,0,1,1,1,1,1,1,1,1,0,0,0,1,0,0,1,1,1,1,1,1,1,1,1,1,1,0,1,1,1,0,1,1,1,10.76,0,1,1,1,0,0,0,100,1,0,0,1,1,1,42.1,0,1,1,0,0.0,-0.46547635098113116,0.0,0,88.98,A+,8,3.0
6327,University of Limpopo,https://www.ul.ac.za,South Africa,Latin America & Africa,19,1,1,9,1,0,0,0,0,1,1,1,1,10,1,1,1,1,1,1,6,1,0,0,0,1,1,0,1,1,1,1,1,1,1,1,1,1,0,1,1,1,1,1,0,1,1,1,4.32,0,1,1,0,0,0,0,90,1,0,1,1,1,1,19.1,0,1,0,0,0.0,-0.14120190421117038,6.0,0,88.98,A+,1,1.0
2020,Lancaster University,https://www.lancaster.ac.uk,United Kingdom,Western & Northern Europe,20,1,1,2,1,0,0,1,1,0,0,1,0,0,1,1,1,1,1,1,0,1,1,0,0,0,1,0,1,1,1,1,1,1,1,1,1,1,1,1,0,1,1,1,0,1,1,1,16.52,0,1,1,0,0,0,1,100,1,0,1,1,1,1,88.9,0,1,1,0,0.0,-1.1211739938079897,5.0,0,88.86,A+,9,4.0
5312,Sharda University,https://www.sharda.ac.in,India,South & Central Asia + Oceania,21,1,1,8,0,0,0,0,1,1,1,1,1,10,1,1,1,1,1,1,3,1,1,0,1,0,1,0,1,1,1,1,1,1,1,1,1,1,1,1,1,1,1,1,0,1,1,1,11.29,0,1,1,0,0,1,1,75,1,2,1,1,1,1,82.1,0,1,0,0,1.0986122886681098,-0.4837316759643624,4.0,0,88.75,A+,6,2.0
2057,University of Mannheim,https://www.uni-mannheim.de,Germany,Western & Northern Europe,22,1,1,6,1,1,1,0,1,0,0,1,1,4,1,1,1,1,1,1,19,1,1,1,1,0,1,0,1,1,1,1,1,1,1,1,1,1,1,1,1,0,0,0,1,0,1,1,13.01,0,1,1,0,0,1,0,90,1,0,1,1,1,1,88.6,0,1,1,1,0.0,-0.7567089208905455,0.0,0,88.71,A+,10,3.0
5311,Symbiosis International University,https://www.siu.edu.in,India,South & Central Asia + Oceania,23,1,1,7,1,0,0,0,0,1,1,1,1,10,1,1,1,1,1,1,13,1,1,1,0,1,1,0,1,1,1,1,1,1,1,1,1,1,1,1,1,1,0,0,1,1,1,1,15.95,0,1,1,1,0,0,1,100,1,1,0,1,1,1,98.1,0,1,0,0,0.6931471805599453,-0.05877645728510535,0.0,0,88.66,A+,7,3.0
6152,Makerere University,https://www.mak.ac.ug,Sub-Saharan Africa,Latin America & Africa,24,1,1,6,1,0,0,0,0,1,1,1,1,4,1,1,1,1,1,1,14,1,1,1,0,0,1,0,1,1,1,1,1,1,1,1,1,1,0,1,1,1,1,0,0,1,1,0,14.55,0,1,1,0,0,0,0,75,1,0,1,0,1,1,31.6,0,1,1,0,0.0,0.11096033722367503,4.0,0,88.36,A+,2,
5173,Nazarbayev University,https://www.nu.edu.kz,Central Asia,South & Central Asia + Oceania,25,1,1,7,1,1,0,0,1,1,1,1,1,10,1,1,1,1,1,1,6,1,0,1,1,1,1,0,1,1,1,1,1,1,1,1,1,1,1,1,1,0,1,0,0,1,1,0,11.9,0,1,0,0,0,0,1,90,1,0,1,0,1,1,84.6,0,1,0,0,0.0,1.3963041036066757,0.0,0,88.32,A+,8,
5155,Lincoln University,https://www.lincoln.ac.nz,New Zealand,South & Central Asia + Oceania,26,1,1,19,1,0,0,0,1,1,1,1,1,10,0,1,1,1,1,1,20,1,1,0,1,0,1,0,1,1,1,1,1,1,1,1,1,1,1,1,0,1,1,1,0,1,1,1,15.91,0,1,1,0,0,0,1,100,1,0,1,1,1,1,90.0,0,1,0,0,0.0,1.03554840799476,0.0,0,88.26,A+,9,
1081,University of Arizona,https://www.arizona.edu,United States,North America,27,1,1,3,1,0,0,0,1,0,0,1,0,1,0,1,1,1,1,1,6,1,1,1,1,0,1,0,1,1,1,1,1,1,1,1,1,1,1,1,0,0,1,1,0,1,1,1,15.43,0,1,1,0,0,0,0,90,1,0,1,1,1,1,66.7,0,1,1,0,0.0,0.45054317975663494,6.0,0,88.18,A+,1,1.0
5003,Indian Institute of Technology Madras,https://www.iitm.ac.in,India,South & Central Asia + Oceania,28,1,1,9,1,1,1,0,1,1,0,1,1,8,1,1,1,1,1,1,2,1,1,1,1,1,1,0,1,1,1,1,1,1,1,1,1,1,1,1,0,0,0,1,1,1,1,1,21.0,0,1,1,0,0,0,0,75,1,0,1,1,1,1,85.1,0,1,1,0,0.0,-0.9349207099071778,1.0,0,88.12,A+,10,4.0
2098,University of Caen Normandy,https://www.unicaen.fr,France,Western & Northern Europe,29,1,1,5,1,1,1,0,1,1,2,1,0,0,1,1,1,1,1,1,20,1,0,1,1,0,1,0,1,1,1,1,1,1,1,1,1,1,1,1,1,0,0,1,1,0,1,1,21.0,0,1,0,0,0,1,1,75,1,0,1,1,1,0,52.6,0,1,1,0,0.0,-1.2569693636242025,0.0,0,87.91,A+,11,3.0
5124,Queensland University of Technology,https://www.qut.edu.au,Australia,South & Central Asia + Oceania,30,0,1,16,1,0,0,0,1,0,0,1,0,0,0,1,1,1,1,1,6,1,1,0,1,0,1,0,1,1,1,1,1,1,1,1,1,1,1,1,1,1,1,1,0,1,1,1,11.46,0,1,0,1,0,0,1,75,1,0,1,1,1,1,20.0,0,1,0,0,0.0,0.1225790482325376,0.0,0,87.91,A+,11,4.0
2192,University of Liege,https://www.uliege.be,Belgium/Ireland/Iceland,Western & Northern Europe,31,1,1,4,1,1,0,0,0,1,1,1,0,0,1,1,1,1,1,1,1,1,1,0,0,0,1,0,1,1,1,1,1,1,1,1,1,1,1,1,1,1,0,1,1,1,1,1,8.86,0,1,0,0,0,0,0,90,1,0,1,1,1,1,88.5,0,1,1,0,0.0,0.1848864737458046,0.0,0,87.81,A+,12,
2008,London School of Economics,https://www.lse.ac.uk,United Kingdom,Western & Northern Europe,32,1,1,3,1,0,0,0,1,0,0,1,0,1,1,1,1,1,1,1,7,1,1,0,1,0,1,0,1,1,1,1,1,1,1,1,1,1,1,1,0,0,1,1,0,1,1,1,12.63,0,1,1,0,0,1,1,75,1,1,1,1,1,1,94.1,0,1,1,0,0.6931471805599453,0.3044348975304353,11.0,0,87.5,A+,13,5.0
5122,Curtin University,https://www.curtin.edu.au,Australia,South & Central Asia + Oceania,33,0,1,4,1,0,0,1,1,1,1,1,1,5,0,1,1,1,1,1,1,1,1,1,1,1,1,1,1,1,1,1,1,1,1,1,1,1,1,1,1,0,1,1,0,1,1,1,8.72,0,1,0,0,0,0,0,90,1,0,1,1,1,0,93.2,0,1,1,0,0.0,-0.0762113531434953,0.0,0,87.5,A+,12,5.0
1093,University of Houston,https://www.uh.edu,United States,North America,34,1,1,4,1,0,0,0,1,0,1,1,1,10,1,1,1,1,1,1,7,0,0,0,0,1,1,0,1,1,1,1,1,1,1,1,1,1,1,1,0,0,1,1,0,1,1,1,18.88,0,1,1,0,0,0,0,75,1,0,1,1,0,1,77.8,0,1,1,0,0.0,1.1482698481674858,0.0,0,87.38,A+,2,2.0
6337,Sokoine University of Agriculture,https://www.sua.ac.tz,Sub-Saharan Africa,Latin America & Africa,35,1,1,6,1,0,0,0,0,1,1,1,0,0,1,1,1,0,1,1,6,1,1,1,0,0,1,0,1,1,1,1,1,1,1,1,1,1,1,1,1,1,0,0,1,1,1,1,16.67,0,1,1,0,0,0,0,75,1,0,1,1,1,1,100.0,0,1,0,0,0.0,-1.2882736354100583,0.0,0,87.29,A+,3,
6328,University of Fort Hare,https://www.ufh.ac.za,South Africa,Latin America & Africa,36,1,1,4,1,0,0,0,0,1,1,1,1,8,1,1,1,1,1,1,8,0,0,1,1,0,1,0,1,1,1,1,1,1,1,1,1,1,1,1,0,1,0,0,0,1,1,1,12.63,0,1,1,0,0,0,0,90,1,0,1,1,1,1,65.0,0,1,1,0,0.0,-1.3454939883051737,0.0,0,87.27,A+,4,2.0
3005,Polytechnic University of Milan,https://www.polimi.it,Italy,Eastern & Southern Europe,37,1,1,8,0,1,0,0,1,0,0,1,1,10,1,1,1,1,1,1,12,1,1,1,1,1,1,0,1,1,1,1,1,1,1,1,1,1,1,1,1,0,1,1,0,0,1,1,13.93,0,1,1,0,0,1,0,100,1,0,1,1,1,0,8.3,0,1,1,0,0.0,0.359628595362218,0.0,0,87.26,A+,4,1.0
6521,Walter Sisulu University,https://www.wsu.ac.za,South Africa,Latin America & Africa,38,1,1,10,1,1,0,0,0,1,1,1,1,10,0,1,1,1,1,1,0,0,0,0,1,0,1,0,1,1,1,1,1,1,1,1,1,1,1,1,1,1,1,0,0,1,1,0,19.68,0,1,0,1,0,0,0,90,1,1,1,0,1,0,69.2,0,1,1,0,0.6931471805599453,0.22315710760625374,7.0,0,87.25,A+,5,3.0
1300,Kansas State University,https://www.k-state.edu,United States,North America,39,1,1,2,1,0,0,0,1,0,0,0,1,4,0,1,1,1,1,1,12,1,1,1,1,0,1,0,1,1,1,1,1,1,1,1,1,1,1,1,1,0,1,1,0,1,1,1,21.0,0,1,1,0,0,0,1,90,1,1,1,1,0,1,100.0,0,1,1,0,0.6931471805599453,-0.45144669977449403,0.0,0,87.11,A+,3,3.0
5134,Charles Darwin University,https://www.cdu.edu.au,Australia,South & Central Asia + Oceania,40,0,1,5,1,0,0,0,1,0,0,0,1,2,1,1,1,0,1,1,3,1,1,1,0,0,1,0,1,1,1,1,1,1,1,1,1,1,0,1,0,0,1,1,0,1,1,1,18.69,0,1,0,1,0,0,0,100,1,0,1,1,1,1,90.9,0,1,0,0,0.0,0.915785338313298,5.0,0,87.07,A+,13,6.0
2302,University of Lausanne,https://www.unil.ch,Switzerland/Austria,Western & Northern Europe,41,1,1,7,1,1,1,0,0,0,0,1,0,0,0,1,1,1,1,1,8,1,1,0,0,0,1,0,1,1,1,1,1,1,1,1,1,1,1,1,1,0,0,1,1,1,1,1,21.0,0,1,1,0,0,0,0,90,1,0,1,1,1,1,100.0,0,1,1,0,0.0,0.1616072674915966,0.0,0,87.0,A+,14,
5143,Australian Catholic University,https://www.acu.edu.au,Australia,South & Central Asia + Oceania,42,1,1,7,1,0,0,0,1,0,0,0,1,10,0,1,1,0,1,1,11,1,1,1,1,0,1,0,1,1,1,1,1,1,1,1,1,1,1,1,1,0,1,1,0,1,1,1,4.86,0,1,1,1,0,1,1,75,1,0,1,1,1,1,64.4,0,1,1,0,0.0,0.18058673912587173,0.0,0,86.93,A+,14,7.0
6324,Tshwane University of Technology,https://www.tut.ac.za,South Africa,Latin America & Africa,43,1,1,4,1,0,0,0,0,1,1,0,0,0,1,1,1,1,1,1,0,1,1,0,0,0,1,0,1,1,1,1,1,1,1,1,1,1,1,1,1,0,1,1,0,1,1,1,8.2,0,1,1,0,0,0,0,90,1,0,1,1,1,0,100.0,0,1,0,0,0.0,-1.3774700678642082,0.0,0,86.93,A+,6,4.0
5094,North South University,https://www.northsouth.edu,Bangladesh,South & Central Asia + Oceania,44,1,1,10,1,0,0,1,1,1,1,1,0,0,1,1,1,1,1,1,20,1,1,1,0,1,1,0,1,1,1,1,1,1,1,1,1,1,1,1,1,0,1,1,0,1,1,0,4.61,0,1,0,0,0,0,0,75,1,0,1,1,1,1,87.3,0,1,0,0,0.0,-0.3848253041321887,0.0,0,86.82,A+,15,1.0
2191,Vrije Universiteit Brussel,https://www.vub.be,Belgium/Ireland/Iceland,Western & Northern Europe,45,1,1,4,1,1,1,0,0,0,0,0,1,9,0,1,1,1,1,1,12,1,1,1,1,0,1,0,1,1,1,1,1,1,1,1,1,1,1,1,1,1,0,1,0,0,1,1,21.0,0,1,1,0,0,1,1,100,1,0,1,1,1,0,97.7,0,1,0,0,0.0,0.4142836520424791,0.0,0,86.82,A+,15,
5016,Jawaharlal Nehru University,https://www.jnu.ac.in,India,South & Central Asia + Oceania,46,1,1,10,1,0,0,1,1,1,1,1,0,0,1,1,1,1,1,1,18,0,0,1,0,0,1,0,1,1,1,1,1,1,1,1,1,1,1,1,1,1,0,1,1,1,1,1,15.43,0,1,1,0,0,0,0,75,1,0,0,0,1,1,100.0,0,1,0,0,0.0,-0.16892589280166126,0.0,0,86.78,A+,16,5.0
5308,KIIT University,https://www.kiit.ac.in,India,South & Central Asia + Oceania,47,1,1,14,1,0,0,1,1,1,2,1,1,10,1,1,1,1,1,1,9,1,1,1,1,1,1,0,1,1,1,1,1,1,1,1,1,1,1,1,1,1,0,1,0,1,1,1,9.74,0,1,0,0,0,0,1,90,1,5,1,1,1,1,82.6,0,1,0,0,1.791759469228055,-0.9394831125617098,0.0,0,86.68,A+,17,6.0
1059,Texas A&M University,https://www.tamu.edu,United States,North America,48,1,1,3,1,0,0,0,1,1,1,1,0,0,1,1,1,1,1,1,12,1,1,0,0,1,1,0,1,1,1,1,1,1,1,1,0,0,1,1,1,0,1,1,0,1,1,1,21.0,0,1,1,0,0,0,1,75,1,0,1,1,1,1,100.0,0,1,1,0,0.0,-0.18648458311847335,0.0,0,86.65,A+,4,4.0
3024,University of Parma,https://www.unipr.it,Italy,Eastern & Southern Europe,49,1,1,4,1,1,0,0,0,0,0,0,1,10,1,1,1,1,1,1,20,1,1,1,1,0,1,0,1,1,1,1,1,1,1,1,1,1,0,1,0,1,0,1,0,1,1,1,17.4,0,1,1,1,0,1,0,100,1,0,1,1,1,1,43.4,0,1,1,0,0.0,-1.4768744559964342,0.0,0,86.59,A+,5,2.0
3204,Vilnius Gediminas Technical University,https://www.vilniustech.lt,Baltics,Eastern & Southern Europe,50,1,1,1,1,1,0,0,0,0,0,1,1,6,1,1,1,1,1,1,5,1,1,0,1,0,1,0,1,1,1,1,1,1,1,1,1,1,1,1,0,0,1,1,0,0,1,1,21.0,0,1,1,0,0,1,1,90,1,1,1,1,1,0,98.3,0,1,0,0,0.6931471805599453,-0.42445000937801036,0.0,0,86.56,A+,6,
5316,Alagappa University,https://www.alagappauniversity.ac.in,India,South & Central Asia + Oceania,51,1,1,14,1,0,0,0,1,1,1,1,1,10,1,1,1,1,1,1,8,0,0,1,1,0,1,0,1,1,1,1,1,1,1,1,1,1,1,1,1,1,0,0,0,1,0,1,20.14,0,1,1,1,0,0,0,75,1,0,1,1,1,0,44.2,0,1,1,0,0.0,-0.4399000218904666,0.0,0,86.44,A+,18,7.0
1054,University of Colorado Boulder,https://www.colorado.edu,United States,North America,52,1,1,6,1,1,0,0,1,0,0,1,0,0,1,1,1,1,1,1,20,1,1,1,1,0,1,0,1,1,1,1,1,1,1,1,1,1,1,0,0,0,1,0,0,1,1,1,18.88,0,1,0,0,0,0,1,90,1,0,1,0,1,0,92.3,0,1,1,0,0.0,-0.7230380484344183,0.0,0,86.36,A+,5,5.0
1099,West Virginia University,https://www.wvu.edu,United States,North America,53,1,1,8,1,0,0,0,1,1,1,1,1,5,1,1,1,1,1,1,0,0,0,0,0,0,1,0,1,1,1,1,1,1,1,1,1,1,1,1,1,0,1,1,0,1,1,1,13.33,0,1,1,0,0,0,0,75,1,0,1,1,1,1,44.4,0,1,0,0,0.0,0.6487986493733762,5.0,0,86.36,A+,5,5.0
6140,University of Port Harcourt,https://www.uniport.edu.ng,Sub-Saharan Africa,Latin America & Africa,54,1,1,6,1,0,0,0,1,0,0,1,1,4,1,1,1,0,1,1,9,1,1,0,1,0,1,0,1,1,1,1,1,1,1,1,1,1,0,1,0,1,1,0,1,1,1,1,4.67,0,1,1,0,0,0,0,90,1,0,0,0,1,1,73.5,0,1,0,0,0.0,0.5579242212352727,18.0,0,86.33,A+,7,
5126,University of Newcastle,https://www.newcastle.edu.au,Australia,South & Central Asia + Oceania,55,1,1,8,1,0,0,0,1,0,0,1,0,1,1,1,1,1,1,1,2,1,1,0,1,1,1,0,1,1,1,1,1,1,1,1,1,1,1,1,0,0,1,1,0,1,1,1,1.61,0,0,1,0,0,1,1,75,1,1,1,1,1,1,78.0,0,1,1,0,0.6931471805599453,-0.4561943170852235,0.0,0,86.29,A+,19,8.0
2061,University of Stuttgart,https://www.uni-stuttgart.de,Germany,Western & Northern Europe,56,1,1,3,1,1,0,0,1,0,0,1,1,9,1,1,1,1,1,1,4,1,1,1,0,0,1,0,1,1,1,1,1,1,1,0,1,1,1,1,0,0,1,0,0,1,1,1,12.63,0,1,1,0,0,1,0,90,1,0,0,1,1,0,67.6,0,1,1,0,0.0,-0.3869090298731792,0.0,0,86.13,A+,16,4.0
6117,University of South Africa,https://www.unisa.ac.za,South Africa,Latin America & Africa,57,1,1,9,1,0,0,0,0,1,1,1,1,10,1,1,1,1,1,1,1,1,1,0,1,0,1,0,1,1,1,1,1,1,1,1,1,1,1,1,0,0,1,0,0,1,1,1,15.43,0,1,0,0,0,0,0,75,1,0,1,1,0,0,82.9,0,1,0,0,0.0,2.2020276452289838,0.0,0,86.11,A+,8,5.0
2017,Durham University,https://www.durham.ac.uk,United Kingdom,Western & Northern Europe,58,1,1,6,1,0,0,1,1,0,0,1,0,0,1,1,1,0,1,1,0,1,1,0,0,1,1,0,0,1,1,1,1,1,1,1,1,1,1,1,0,0,1,0,0,1,1,1,15.43,0,1,1,1,0,1,1,100,1,0,1,1,1,1,90.0,0,1,1,0,0.0,0.3529332438933684,0.0,0,85.96,A+,17,6.0
2030,Loughborough University,https://www.lboro.ac.uk,United Kingdom,Western & Northern Europe,59,0,1,4,1,0,1,0,0,0,0,0,0,1,0,1,1,0,1,1,0,0,0,0,1,0,1,0,1,1,1,1,1,1,1,1,1,1,1,1,0,1,1,1,0,1,1,1,6.66,0,1,0,0,0,1,0,75,1,1,1,1,1,1,0.0,1,1,1,0,0.6931471805599453,-1.3925222417086014,0.0,0,85.93,A+,18,7.0
3020,Vita-Salute San Raffaele University,https://www.unisr.it,Italy,Eastern & Southern Europe,60,1,1,6,1,0,0,0,1,1,1,1,0,0,0,1,1,0,1,1,0,1,1,0,0,0,1,0,1,1,1,1,1,1,1,1,1,1,1,1,1,0,1,1,0,1,1,1,12.63,0,1,1,1,0,0,0,100,1,0,1,1,1,1,53.1,0,1,1,0,0.0,-0.3873688416418377,28.0,0,85.92,A+,7,3.0
5043,Ashoka University,https://www.ashoka.edu.in,India,South & Central Asia + Oceania,61,1,1,9,1,1,0,0,1,0,0,1,0,0,1,1,1,1,1,1,9,1,1,0,1,1,1,0,1,1,1,1,1,1,1,1,1,1,1,1,1,1,0,1,0,1,1,1,20.87,0,1,1,0,0,0,1,100,1,0,1,1,1,1,25.6,0,1,0,0,0.0,-1.2008436074856086,81.0,0,85.87,A+,20,8.0
5136,Murdoch University,https://www.murdoch.edu.au,Australia,South & Central Asia + Oceania,62,1,1,4,1,0,0,0,1,0,1,1,0,0,0,1,1,0,1,1,4,1,1,1,1,1,1,0,1,1,1,1,1,1,1,1,1,1,1,1,0,0,1,1,0,1,1,1,21.0,0,1,1,1,0,0,0,75,1,0,1,1,0,1,88.5,0,1,0,0,0.0,0.15516763862205105,4.0,0,85.83,A+,21,9.0
5021,Jamia Millia Islamia,https://www.jmi.ac.in,India,South & Central Asia + Oceania,63,1,1,5,1,1,0,0,1,1,1,0,0,0,1,1,1,1,1,1,1,1,1,0,0,1,1,0,1,1,1,1,1,1,1,1,1,1,1,1,0,1,0,1,1,1,1,1,21.0,0,1,1,0,0,0,0,75,1,0,1,1,1,0,100.0,0,1,1,0,0.0,0.11557250129879201,82.0,0,85.82,A+,22,9.0
4066,University of Tsukuba,https://www.tsukuba.ac.jp,Japan,Asia (East & Southeast),64,1,1,12,1,0,0,0,0,0,0,1,0,1,1,1,1,1,1,1,3,0,1,1,1,0,1,0,1,1,1,1,1,1,1,1,1,1,1,1,1,0,0,1,1,1,1,1,10.5,0,1,1,0,0,0,1,75,1,0,1,1,1,0,38.5,0,1,1,0,0.0,-1.522354610712532,0.0,0,85.76,A+,3,2.0
3201,Tallinn University,https://www.tlu.ee,Baltics,Eastern & Southern Europe,65,1,1,2,1,1,0,0,0,1,1,1,1,10,0,1,1,1,1,1,11,1,1,1,1,0,1,0,1,1,1,1,1,1,1,1,1,1,1,1,0,0,1,1,0,0,1,1,9.98,0,1,1,0,0,0,0,75,1,0,0,1,1,0,98.1,0,1,0,0,0.0,0.08931225664780064,0.0,0,85.75,A+,8,
5141,University of Canberra,https://www.canberra.edu.au,Australia,South & Central Asia + Oceania,66,1,1,16,1,0,0,0,1,0,0,1,0,0,1,1,1,1,1,1,0,1,1,0,0,0,1,0,0,1,1,1,1,1,1,1,1,1,1,1,0,0,1,1,0,1,1,1,12.63,0,1,1,0,0,0,0,100,1,0,1,1,1,1,82.9,0,1,1,0,0.0,0.1067735818936236,0.0,0,85.71,A+,23,10.0
6125,American University in Cairo,https://www.aucegypt.edu,Egypt & North Africa,Latin America & Africa,67,1,1,9,1,1,0,0,0,1,1,1,1,3,0,1,1,1,1,1,13,1,1,1,0,1,1,0,1,1,1,1,1,1,1,1,1,1,1,1,1,0,0,1,1,1,1,1,12.52,0,1,1,0,0,0,0,75,1,0,1,1,1,1,82.9,0,1,0,0,0.0,-0.610745388262262,7.0,0,85.63,A+,9,
6109,University of Pretoria,https://www.up.ac.za,South Africa,Latin America & Africa,68,1,1,4,1,0,0,0,0,0,1,1,1,2,1,1,1,1,1,1,5,1,1,0,0,1,1,0,0,1,1,1,1,1,1,1,1,1,1,1,1,1,0,1,0,1,1,1,12.63,0,1,1,0,0,0,0,100,1,0,1,1,1,1,92.9,0,1,0,0,0.0,-0.7587048792042874,0.0,0,85.44,A+,10,6.0
5116,Monash University,https://www.monash.edu,Australia,South & Central Asia + Oceania,69,1,1,2,1,0,0,1,1,1,1,1,0,0,0,1,1,0,1,1,2,1,1,0,1,1,1,0,0,1,1,1,1,1,1,1,1,1,1,1,1,0,1,1,1,1,1,1,11.03,0,1,1,0,0,0,1,90,1,0,1,1,1,1,90.9,0,1,1,0,0.0,-0.8788683344372145,4.0,0,85.39,A+,24,11.0
5424,Vidyasagar University,https://www.vidyasagar.ac.in,India,South & Central Asia + Oceania,70,1,1,9,0,0,0,0,1,1,1,1,1,8,1,1,1,1,1,1,11,1,0,1,1,1,1,0,1,1,1,1,1,1,1,1,1,1,0,1,1,1,0,1,1,1,1,1,12.0,0,1,1,0,0,0,1,75,1,0,1,1,1,0,96.1,0,1,1,0,0.0,-0.8140170395620825,0.0,0,85.27,A+,25,10.0
2155,University of Southern Denmark,https://www.sdu.dk,Denmark,Western & Northern Europe,71,1,1,6,1,1,0,1,1,1,1,1,1,10,1,1,1,1,1,1,0,1,1,1,1,1,1,0,1,1,1,1,1,1,1,1,1,1,1,1,1,0,1,1,0,1,1,1,21.0,0,1,1,0,0,0,0,75,1,0,1,1,1,0,2.5,0,1,0,0,0.0,1.33356980735188,15.0,0,85.26,A+,19,
2019,Queen Mary University of London,https://www.qmul.ac.uk,United Kingdom,Western & Northern Europe,72,1,1,6,1,1,0,0,1,0,0,0,0,1,0,1,1,1,1,1,6,1,1,1,0,0,1,0,0,1,1,1,1,1,1,1,1,1,0,1,1,1,0,0,1,1,1,0,10.6,0,1,1,0,0,0,1,90,1,0,1,1,1,1,47.6,0,1,1,0,0.0,-0.7377945658090017,0.0,0,85.21,A+,20,8.0
3307,Miguel Hernandez University,https://www.umh.es,Spain,Eastern & Southern Europe,73,1,1,3,1,1,0,0,1,1,1,1,1,8,1,1,1,1,1,1,20,0,0,1,0,0,1,0,1,1,1,1,1,1,1,1,1,1,1,1,0,0,0,1,0,1,1,1,16.48,0,1,1,0,0,0,0,100,1,0,1,1,1,1,64.7,0,1,1,0,0.0,-0.9113418640007978,0.0,0,85.15,A+,9,1.0
5154,University of Waikato,https://www.waikato.ac.nz,New Zealand,South & Central Asia + Oceania,74,1,1,0,1,1,0,0,1,0,0,1,0,0,0,1,1,1,1,1,19,1,1,0,1,0,1,0,0,1,1,1,1,1,1,1,1,1,1,1,1,1,1,0,0,1,1,0,21.0,0,1,0,0,0,0,1,100,1,1,1,1,1,1,7.8,0,1,1,0,0.6931471805599453,-0.6976757718715191,0.0,0,85.1,A+,26,
5036,NIT Warangal,https://www.nitw.ac.in,India,South & Central Asia + Oceania,75,1,1,9,1,0,0,0,1,1,2,1,1,10,1,1,1,1,1,1,3,1,1,1,1,0,1,0,1,1,1,1,1,1,1,1,1,1,1,1,1,1,0,1,0,1,1,1,8.06,0,1,1,0,0,1,0,75,1,0,1,0,1,1,19.1,0,1,0,0,0.0,0.7414363797294004,0.0,0,85.07,A+,27,11.0
5073,COMSATS University Islamabad,https://www.comsats.edu.pk,Pakistan,South & Central Asia + Oceania,76,1,1,6,0,0,0,0,1,0,0,1,1,10,1,1,1,1,1,1,13,1,1,1,1,1,1,0,1,1,1,1,1,1,1,1,0,1,1,1,1,1,1,1,0,1,1,1,15.43,0,1,1,0,0,0,1,75,1,14,1,1,1,1,100.0,0,1,0,0,2.70805020110221,0.7575677319722096,13.0,0,85.06,A+,28,1.0
2049,University of Tuebingen,https://uni-tuebingen.de,Germany,Western & Northern Europe,77,1,1,4,1,1,0,0,1,0,0,1,1,4,1,1,1,1,1,1,1,1,1,1,0,0,1,0,1,1,1,1,1,1,1,1,1,1,1,1,1,0,0,1,0,1,1,1,8.49,0,1,1,1,0,1,1,100,1,0,1,1,1,0,61.5,0,1,1,0,0.0,-1.1347535307896108,0.0,0,85.02,A+,21,5.0
1117,Worcester Polytechnic Institute,https://www.wpi.edu,United States,North America,78,1,1,6,1,0,0,0,0,0,0,1,0,0,0,1,1,1,1,1,1,1,1,0,1,1,1,0,1,1,1,1,1,1,1,1,1,1,1,1,0,0,1,0,0,0,1,1,15.81,0,1,1,0,0,0,1,100,1,0,0,1,1,0,51.1,0,1,1,0,0.0,0.5789845498322668,12.0,0,85.01,A+,7,7.0
5070,University of Engineering and Technology Lahore,https://www.uet.edu.pk,Pakistan,South & Central Asia + Oceania,79,1,1,7,1,0,0,1,1,0,0,1,1,2,1,1,1,1,1,1,7,1,1,1,1,0,1,0,1,1,1,1,1,1,1,1,0,1,1,1,0,0,1,1,0,1,0,0,7.46,0,1,1,0,0,0,0,90,1,1,1,0,1,1,76.0,0,1,0,0,0.6931471805599453,-0.6792632183014439,27.0,0,84.92,A,29,2.0
2015,University of Sheffield,https://www.sheffield.ac.uk,United Kingdom,Western & Northern Europe,80,1,1,2,1,0,0,1,1,0,0,1,0,0,0,1,1,0,1,1,4,1,1,1,1,0,1,0,1,1,1,1,1,1,1,1,1,1,1,1,0,0,1,1,0,1,1,1,11.77,0,1,1,0,0,0,1,100,1,0,1,1,1,1,32.3,0,1,1,0,0.0,-0.761558755526839,15.0,0,84.86,A,22,9.0
2075,University of Bremen,https://www.uni-bremen.de,Germany,Western & Northern Europe,81,1,1,3,1,1,0,0,1,1,1,1,1,10,0,1,1,1,1,1,20,1,1,1,1,0,1,0,1,1,1,1,1,1,1,1,1,1,1,1,1,0,0,1,1,1,1,1,16.1,0,1,1,0,0,1,1,90,1,0,1,1,1,0,89.1,0,1,1,0,0.0,-0.8878969478022802,12.0,0,84.78,A,23,6.0
6100,San Francisco de Quito University,https://www.usfq.edu.ec,Peru & Andes,Latin America & Africa,82,1,1,5,1,1,0,0,1,0,0,1,0,0,0,1,1,1,1,1,12,1,1,1,1,1,1,0,1,1,1,1,1,1,1,1,1,1,1,1,0,0,0,1,0,1,1,1,15.43,0,1,0,0,0,0,0,100,1,0,1,1,1,1,95.9,0,1,0,0,0.0,-0.4762495097661459,0.0,0,84.73,A,11,
5153,Massey University,https://www.massey.ac.nz,New Zealand,South & Central Asia + Oceania,83,1,1,19,1,0,0,0,1,0,0,1,0,0,0,1,1,1,1,1,0,1,1,0,1,0,1,0,1,1,1,1,1,1,1,1,1,1,1,1,1,0,1,1,0,1,0,1,16.29,0,1,0,0,0,0,0,90,1,0,1,1,1,1,57.1,0,1,0,0,0.0,-1.031708823364033,0.0,0,84.72,A,30,
2087,University of Bordeaux,https://www.u-bordeaux.fr,France,Western & Northern Europe,84,1,1,1,1,1,0,0,0,1,0,1,1,6,1,1,1,1,1,1,16,1,1,1,1,0,1,0,1,1,1,1,1,1,1,1,1,1,1,1,1,0,0,1,1,1,1,1,19.85,0,1,1,0,0,0,0,100,1,0,1,1,1,0,15.6,0,1,1,0,0.0,-1.3226846229459774,0.0,0,84.71,A,24,4.0
2152,Aarhus University,https://international.au.dk,Denmark,Western & Northern Europe,85,1,1,5,1,1,0,0,1,0,0,0,0,0,1,1,1,0,1,1,0,0,0,1,0,0,1,0,1,1,1,1,1,1,1,1,1,1,1,1,1,0,1,1,0,1,1,1,18.16,0,1,1,0,0,1,0,75,1,1,1,1,1,0,16.7,0,1,1,0,0.6931471805599453,-0.40388345110020574,8.0,0,84.7,A,25,
5128,University of Tasmania,https://www.utas.edu.au,Australia,South & Central Asia + Oceania,86,1,1,6,1,0,0,0,1,0,0,1,0,0,0,1,1,0,1,1,0,0,0,0,0,1,1,0,1,1,1,1,1,1,1,1,1,1,1,1,1,0,1,1,0,1,1,1,21.0,0,1,1,0,0,0,1,75,1,0,1,1,1,1,83.3,0,1,1,0,0.0,-0.02651375279948714,0.0,0,84.69,A,31,12.0
1148,Barnard College,https://barnard.edu,United States,North America,87,1,1,1,1,0,0,0,0,1,1,1,0,0,1,1,1,1,1,1,1,1,1,0,0,0,1,0,1,1,1,1,1,1,1,1,1,1,1,1,0,0,1,0,0,1,1,1,21.0,0,1,1,0,0,0,1,90,1,0,1,1,1,0,28.6,0,1,1,0,0.0,0.29682786266612116,0.0,0,84.69,A,8,8.0
5058,Gujarat University,https://www.gujaratuniversity.ac.in,India,South & Central Asia + Oceania,88,1,1,8,1,1,0,0,1,0,0,1,1,10,1,1,1,0,1,0,5,0,0,1,0,1,1,0,1,1,1,1,1,1,1,1,1,1,1,1,1,1,0,1,0,1,1,1,7.94,0,1,1,0,0,0,1,75,1,0,1,1,1,0,23.6,0,1,1,0,0.0,-0.11580649046675434,12.0,0,84.47,A,32,12.0
1008,University of Pennsylvania,https://www.upenn.edu,United States,North America,89,1,1,6,1,0,0,0,0,0,0,1,1,3,1,1,1,0,1,1,11,1,1,1,0,0,1,0,1,1,1,1,1,1,1,1,1,1,1,1,1,0,0,1,0,1,1,1,21.0,0,1,0,0,0,0,0,100,1,0,1,1,1,1,100.0,0,1,1,0,0.0,-0.3727245697281394,0.0,0,84.45,A,9,9.0
5319,Institute of Business Administration Karachi,https://www.iba.edu.pk,Pakistan,South & Central Asia + Oceania,90,1,1,5,1,0,0,0,0,1,1,1,1,6,0,1,1,1,1,1,6,1,1,0,0,1,1,0,1,1,1,1,1,1,1,1,1,1,1,1,0,0,1,0,0,1,1,0,5.74,0,1,0,0,0,1,0,75,1,0,1,1,0,0,88.9,0,1,0,0,0.0,-0.7283090468376618,14.0,0,84.42,A,33,3.0
5137,Edith Cowan University,https://www.ecu.edu.au,Australia,South & Central Asia + Oceania,91,1,1,5,1,0,1,0,1,0,0,1,1,3,0,1,1,0,1,1,7,1,1,1,1,0,1,1,1,1,0,1,1,1,1,1,1,1,1,1,0,0,1,1,1,1,1,1,21.0,0,1,1,1,0,0,1,100,1,0,1,1,1,1,19.4,0,1,1,0,0.0,-0.548745913791442,0.0,0,84.29,A,34,13.0
2059,University of Wuerzburg,https://www.uni-wuerzburg.de,Germany,Western & Northern Europe,92,1,1,6,1,1,0,0,1,1,0,1,1,3,1,1,1,1,1,1,7,1,1,1,1,0,1,0,1,1,1,1,1,1,1,1,1,1,1,1,0,0,0,0,1,1,1,0,7.0,0,1,1,0,0,1,0,75,1,0,1,0,1,0,73.8,0,1,1,0,0.0,-0.34641291066012997,0.0,0,84.24,A,26,7.0
6148,Kwame Nkrumah University of Science and Technology,https://www.knust.edu.gh,Sub-Saharan Africa,Latin America & Africa,93,1,1,8,1,0,0,0,0,1,1,0,0,0,1,1,1,1,1,1,1,1,1,0,0,1,1,1,1,1,1,1,1,1,1,1,1,1,1,1,0,0,1,1,0,1,1,1,4.83,0,1,1,0,0,0,0,75,1,3,1,0,1,1,35.0,0,1,0,0,1.3862943611198906,2.5229104085231584,4.0,0,84.24,A,12,
5309,Lovely Professional University,https://www.lpu.in,India,South & Central Asia + Oceania,94,1,1,3,1,1,0,0,1,1,1,1,1,7,0,0,1,1,1,1,0,1,0,0,1,0,1,0,1,1,1,1,1,1,1,1,1,1,1,1,1,1,1,1,0,1,1,1,20.62,0,1,1,0,0,0,1,90,1,0,1,1,1,1,91.4,0,1,0,0,0.0,-1.1092696684910754,3650.0,1,84.18,A,35,13.0
2088,University of Lille,https://www.univ-lille.fr,France,Western & Northern Europe,95,1,1,2,1,1,0,0,0,0,0,0,1,10,0,1,1,1,1,1,3,1,1,1,1,0,1,0,0,1,1,1,1,1,1,1,1,0,1,1,0,1,0,1,1,1,1,1,21.0,0,1,1,0,0,0,0,75,1,0,1,1,1,0,32.3,0,1,1,0,0.0,-0.9868335743826643,0.0,0,84.17,A,27,5.0
3071,University of Vigo,https://www.uvigo.gal,Spain,Eastern & Southern Europe,96,1,1,3,1,1,0,1,1,1,1,1,1,10,1,1,1,1,1,1,8,1,1,1,1,0,1,0,1,1,1,1,1,1,1,1,1,1,1,1,0,0,0,1,0,0,1,1,21.0,0,1,1,0,0,0,0,75,1,0,1,1,1,0,78.9,0,1,1,0,0.0,-0.06743180986983695,0.0,0,84.16,A,10,2.0
1186,Concordia University,https://www.concordia.ca,Canada,North America,97,1,1,5,1,1,0,0,1,0,0,1,1,2,1,1,1,1,1,1,7,1,1,0,0,0,1,0,1,1,1,1,1,1,1,1,1,1,1,1,1,0,0,1,0,1,1,1,21.0,0,1,1,0,0,1,0,75,1,0,1,1,1,1,86.7,0,1,1,0,0.0,2.4065809479084312,5.0,0,84.16,A,10,1.0
5114,University of New South Wales,https://www.unsw.edu.au,Australia,South & Central Asia + Oceania,98,1,1,5,1,0,1,1,1,0,0,1,1,3,0,0,1,1,1,1,0,1,1,0,0,0,1,0,1,1,1,1,1,1,1,1,1,1,1,1,1,0,1,1,0,1,1,1,17.9,0,1,1,1,1,1,0,100,1,0,1,1,1,1,44.1,0,1,1,0,0.0,-1.1027519504131729,3650.0,1,84.05,A,36,14.0
5027,Manipal Academy of Higher Education,https://www.manipal.edu,India,South & Central Asia + Oceania,99,1,1,5,1,0,0,1,1,0,0,1,0,0,1,1,1,0,1,1,4,1,1,0,1,0,1,0,1,1,1,1,1,1,1,1,1,1,1,1,1,1,0,0,0,1,1,1,12.63,0,1,1,1,0,1,0,100,1,0,1,1,1,1,43.9,0,1,0,0,0.0,0.8507711004862183,0.0,0,84.0,A,37,14.0
5056,Bharathiar University,https://www.b-u.ac.in,India,South & Central Asia + Oceania,100,1,1,11,1,1,0,1,1,0,0,1,1,10,1,1,1,1,1,1,20,1,1,1,0,1,1,0,1,1,1,1,1,1,1,1,0,1,1,1,1,1,0,0,1,1,1,0,17.4,0,1,1,1,0,0,0,75,1,0,1,0,1,1,98.4,0,1,1,0,0.0,2.0915816795669477,0.0,0,83.97,A,38,15.0
6142,University of Nairobi,https://www.uonbi.ac.ke,Sub-Saharan Africa,Latin America & Africa,101,1,1,6,1,0,0,0,1,0,0,1,0,0,1,1,1,0,1,1,6,1,1,0,0,0,1,1,1,1,1,1,1,1,1,1,1,1,1,1,1,0,1,1,0,1,1,1,4.48,0,1,1,1,0,1,0,75,1,0,0,0,1,1,34.6,0,1,0,0,0.0,0.5025270658588741,27.0,0,83.97,A,13,
5414,Central University of Kerala,https://www.cukerala.ac.in,India,South & Central Asia + Oceania,102,1,1,11,0,0,0,0,0,0,0,1,1,9,1,1,1,1,1,1,1,1,1,1,0,1,1,1,1,1,1,1,1,1,1,1,1,1,1,1,1,1,0,1,1,1,1,1,15.43,0,1,1,0,0,0,0,75,1,1,1,1,1,1,59.2,0,1,1,0,0.6931471805599453,-0.08778030273177256,0.0,0,83.94,A,39,16.0
2042,Technical University of Munich,https://www.tum.de,Germany,Western & Northern Europe,103,1,1,7,1,1,0,0,1,1,0,1,1,2,0,1,1,1,1,1,4,1,1,1,1,1,1,0,1,1,1,1,1,1,1,1,1,1,1,1,1,0,0,1,0,0,1,1,16.15,0,0,0,0,0,1,0,100,1,0,1,1,1,0,20.8,0,1,1,0,0.0,0.747467291555831,0.0,0,83.9,A,28,8.0
1039,Georgetown University,https://www.georgetown.edu,United States,North America,104,0,1,5,1,0,0,0,0,0,0,1,0,0,1,1,1,1,1,1,12,1,1,1,1,1,1,0,1,1,1,1,1,1,1,1,1,1,1,1,0,0,0,1,0,1,1,1,21.0,0,1,0,0,0,0,1,75,1,0,1,0,1,1,84.8,0,1,1,0,0.0,-0.21300151113408766,5.0,0,83.82,A,11,10.0
1167,California Polytechnic State University,https://www.calpoly.edu,Canada,North America,105,1,1,3,1,0,0,0,1,0,0,1,1,4,1,1,1,1,1,1,14,1,1,0,1,0,1,0,1,1,1,1,1,1,1,1,1,1,1,1,0,0,0,1,0,1,1,1,17.78,0,1,1,0,0,1,0,100,1,0,1,1,1,1,92.3,0,1,1,0,0.0,-1.1634676496937617,0.0,0,83.82,A,11,2.0
2094,ENS de Lyon,https://www.ens-lyon.fr,France,Western & Northern Europe,106,1,1,20,1,1,0,0,1,1,2,1,1,10,1,1,1,1,1,1,0,0,0,0,1,1,1,0,1,1,1,1,1,1,1,1,1,1,1,1,1,1,0,1,1,1,1,1,21.0,0,1,1,0,0,0,0,75,1,0,1,0,1,0,91.4,0,1,1,0,0.0,1.922582223929705,0.0,0,83.8,A,29,6.0
5107,Rajshahi University of Engineering and Technology,https://www.ruet.ac.bd,Bangladesh,South & Central Asia + Oceania,107,1,1,11,1,0,0,0,1,1,1,1,1,10,1,1,1,0,1,1,20,1,1,1,1,0,1,0,1,1,1,1,1,1,1,1,0,1,0,1,1,0,1,1,0,1,0,1,14.53,0,1,1,0,0,1,0,75,1,0,1,1,1,1,39.4,0,1,0,0,0.0,-1.209316640986882,4.0,0,83.75,A,40,2.0
3133,Masaryk University,https://www.muni.cz,Czechia,Eastern & Southern Europe,108,1,1,2,1,1,1,0,0,1,1,1,0,0,1,0,1,1,1,1,16,1,0,0,0,0,1,0,1,1,1,1,1,1,1,1,1,1,1,1,0,0,1,1,0,1,1,1,20.12,0,1,1,0,0,0,0,90,1,0,1,1,1,1,100.0,0,1,1,0,0.0,0.2865410763459939,3650.0,1,83.71,A,11,
1162,University of San Francisco,https://www.usfca.edu,United States,North America,109,1,1,6,1,0,0,0,1,0,0,1,1,8,1,1,1,1,1,1,11,1,1,0,1,0,1,1,1,1,1,1,1,1,1,1,1,1,1,1,0,0,0,1,0,1,1,1,21.0,0,1,0,0,0,0,0,90,1,0,1,1,1,1,71.9,0,1,1,0,0.0,0.09277181504596457,0.0,0,83.64,A,13,11.0
1403,Brock University,https://www.brocku.ca,Canada,North America,110,0,1,1,1,0,1,0,0,0,0,0,1,10,0,1,1,1,1,1,5,1,1,0,0,0,1,0,1,1,1,1,1,1,1,1,1,1,1,1,1,0,1,0,0,1,1,0,1.21,0,1,0,1,0,0,0,75,1,0,1,1,1,1,83.3,0,1,1,0,0.0,-0.434459292764491,7.0,0,83.63,A,14,3.0
3403,Slovak University of Agriculture in Nitra,https://www.uniag.sk,Bulgaria & Slovakia,Eastern & Southern Europe,111,1,1,8,1,0,0,0,1,1,1,1,1,9,1,1,1,1,1,1,0,1,1,1,1,0,1,0,1,1,1,1,1,1,1,1,0,1,0,1,0,1,1,1,0,1,1,1,21.0,0,1,1,0,0,0,0,75,1,1,1,0,0,0,54.2,0,1,0,0,0.6931471805599453,-0.5285280695457216,29.0,0,83.63,A,12,
5022,Aligarh Muslim University,https://www.amu.ac.in,India,South & Central Asia + Oceania,112,1,1,9,1,1,0,0,1,1,1,1,1,10,1,1,1,1,1,1,0,0,0,1,0,1,1,0,1,1,1,1,1,1,1,1,1,1,1,1,1,0,0,1,1,1,0,1,14.74,0,1,1,0,0,1,0,75,1,1,1,1,1,0,78.7,0,1,1,0,0.6931471805599453,0.3942049491291332,1.0,0,83.51,A,41,17.0
1020,"University of California, Davis",https://www.ucdavis.edu,United States,North America,113,1,1,6,1,0,0,0,1,0,0,0,0,0,0,1,1,1,1,1,0,1,1,0,1,1,1,0,1,1,1,1,1,1,1,1,1,1,1,1,0,0,1,0,0,1,1,0,21.0,0,1,0,0,0,0,0,100,1,0,1,0,1,1,100.0,0,1,1,0,0.0,0.057968347025470636,8.0,0,83.5,A,15,12.0
2048,Technical University of Berlin,https://www.tu.berlin,Germany,Western & Northern Europe,114,1,1,3,1,1,0,0,1,0,0,1,1,9,1,1,1,1,1,1,13,0,0,1,0,0,1,0,1,1,1,1,1,1,1,1,1,1,1,1,1,0,0,0,0,1,1,0,21.0,0,1,1,0,0,1,0,100,1,0,1,1,1,0,82.4,0,1,1,0,0.0,-0.9681617110329349,4.0,0,83.47,A,30,9.0
1006,Columbia University,https://www.columbia.edu,United States,North America,115,1,1,7,1,0,0,0,0,0,0,1,1,6,1,1,1,1,1,1,20,1,1,1,0,1,1,0,1,1,1,1,1,1,1,1,1,1,1,1,0,0,0,0,0,1,1,1,7.02,0,1,1,1,0,0,0,75,1,0,1,0,1,0,98.2,0,1,1,0,0.0,-1.1959923192129136,0.0,0,83.44,A,16,13.0
2197,Dublin City University,https://www.dcu.ie,Belgium/Ireland/Iceland,Western & Northern Europe,116,1,1,6,1,0,0,0,1,1,1,1,1,6,0,1,1,1,1,1,6,1,1,1,1,0,1,0,1,1,1,1,1,1,1,1,1,1,1,1,1,0,0,1,0,0,1,1,15.29,0,1,1,1,0,1,0,75,1,0,1,1,1,0,99.2,0,1,1,0,0.0,0.5064305101320525,11.0,0,83.44,A,31,
3027,University of Trieste,https://www.units.it,Italy,Eastern & Southern Europe,117,1,1,7,1,1,0,0,0,0,0,0,1,6,1,1,1,1,1,1,4,1,1,1,1,1,1,0,1,1,1,1,1,1,1,1,1,1,1,1,1,0,0,1,0,0,1,1,1.3,0,1,1,0,0,0,0,100,1,0,1,1,1,0,96.4,0,1,1,0,0.0,0.2623577060832724,0.0,0,83.38,A,13,4.0
2040,University of Kent,https://www.kent.ac.uk,United Kingdom,Western & Northern Europe,118,1,1,20,1,0,1,0,1,1,1,1,1,10,1,0,1,1,1,1,0,1,1,1,0,1,1,0,1,1,1,1,1,1,1,1,1,1,1,1,1,0,1,1,0,1,1,1,21.0,0,1,0,1,0,1,1,90,1,0,1,1,1,1,98.3,0,1,1,0,0.0,0.2542391090447991,3650.0,1,83.33,A,32,10.0
4144,Lingnan University,https://www.ln.edu.hk,Hong Kong,Asia (East & Southeast),119,1,1,8,1,1,0,1,1,1,1,1,1,5,1,1,1,0,1,1,7,1,1,0,0,0,1,0,1,1,1,1,1,1,1,1,1,1,0,1,1,0,0,0,1,1,1,1,17.4,0,1,1,0,0,0,0,100,1,0,1,1,1,1,93.1,0,1,1,0,0.0,1.492439441825921,0.0,0,83.32,A,4,
6353,Technical University of Kenya,https://www.tukenya.ac.ke,Sub-Saharan Africa,Latin America & Africa,120,1,1,8,0,0,0,0,0,1,1,1,0,0,1,1,1,1,1,1,4,1,1,1,1,0,1,0,1,1,1,1,1,1,1,1,1,1,0,1,0,1,0,1,0,1,1,1,21.0,0,1,1,0,0,1,0,75,1,0,1,1,1,1,100.0,0,1,0,0,0.0,-0.7920834183931045,0.0,0,83.2,A,14,
2100,University of Burgundy,https://www.u-bourgogne.fr,France,Western & Northern Europe,121,1,1,10,1,1,0,0,1,0,0,1,1,10,0,1,1,1,1,0,15,1,1,1,1,0,1,0,1,1,1,1,1,1,1,1,1,1,0,1,1,1,0,1,0,0,1,1,21.0,0,1,1,0,0,0,1,75,1,0,1,1,1,0,76.9,0,1,1,0,0.0,0.5799055048718963,25.0,0,82.93,A,33,7.0
5149,University of Auckland,https://www.auckland.ac.nz,New Zealand,South & Central Asia + Oceania,122,0,1,2,1,0,0,0,1,1,0,1,0,0,1,0,1,1,1,1,6,0,0,0,1,0,1,0,1,1,1,1,1,1,1,1,1,1,1,1,1,0,1,1,0,1,1,1,8.84,0,0,0,1,0,0,0,100,1,0,1,1,1,1,83.3,0,1,1,0,0.0,-0.15116511103937635,3650.0,1,82.9,A,42,
1062,Lehigh University,https://www1.lehigh.edu,United States,North America,123,1,1,12,1,0,1,0,1,1,1,1,1,10,0,1,1,0,1,1,3,1,1,1,1,1,1,0,1,1,1,1,1,1,1,1,1,1,1,1,0,0,0,1,0,1,1,1,18.42,0,1,1,1,0,0,1,75,1,0,1,1,1,1,76.7,0,1,1,0,0.0,0.37285686721089,19.0,0,82.9,A,17,14.0
3172,Semmelweis University,https://www.semmelweis.hu,Hungary,Eastern & Southern Europe,124,1,1,6,1,1,0,0,1,0,0,1,1,10,0,1,1,1,1,1,3,1,1,1,0,0,1,0,1,1,1,1,1,1,1,1,0,1,1,1,0,1,0,1,1,1,1,1,15.87,0,1,1,0,0,0,0,90,1,2,1,1,1,1,16.2,0,1,0,0,1.0986122886681098,1.0233277570169002,46.0,0,82.85,A,14,
1009,California Institute of Technology,https://www.caltech.edu,Canada,North America,125,1,1,8,1,0,0,0,1,0,0,1,0,0,1,1,1,1,1,1,14,1,1,0,1,0,1,0,1,1,1,1,1,1,1,1,1,1,1,1,0,0,0,0,0,1,1,0,12.63,0,1,1,0,0,0,0,100,1,0,1,1,1,1,90.5,0,1,1,0,0.0,-1.4829137668818648,0.0,0,82.84,A,18,4.0
4056,University of Tokyo,https://www.u-tokyo.ac.jp,Japan,Asia (East & Southeast),126,1,1,7,1,1,0,0,0,0,0,1,1,2,1,1,1,1,1,1,6,1,1,0,1,0,1,0,1,1,1,1,1,1,1,1,1,1,1,1,0,0,0,0,1,1,1,1,21.0,0,1,1,0,0,0,0,75,1,4,0,1,1,0,56.6,0,1,0,0,1.6094379124341003,-0.12753076491948187,0.0,0,82.8,A,5,3.0
2074,University of Marburg,https://www.uni-marburg.de,Germany,Western & Northern Europe,127,1,1,6,1,1,0,0,0,0,0,0,1,10,0,1,1,1,1,1,6,1,1,1,0,0,1,0,1,1,1,1,1,1,1,1,1,1,1,1,1,0,0,1,0,0,1,1,12.63,0,1,1,0,0,1,1,90,1,0,1,1,1,0,2.3,0,1,1,0,0.0,0.03720900907067268,1.0,0,82.78,A,34,10.0
2064,Leipzig University,https://www.uni-leipzig.de,Germany,Western & Northern Europe,128,1,1,5,1,1,0,0,1,1,1,1,1,10,1,1,1,0,1,1,1,1,1,1,0,1,1,0,1,1,1,1,1,1,1,1,1,1,1,1,1,0,0,0,1,1,1,0,12.64,0,1,1,0,0,1,0,100,1,0,1,1,1,0,100.0,0,1,1,0,0.0,0.7901458363552124,0.0,0,82.77,A,35,11.0
3037,Scuola Normale Superiore di Pisa,https://www.sns.it,Italy,Eastern & Southern Europe,129,1,1,4,1,1,0,0,0,0,0,1,0,0,0,1,1,0,1,1,9,0,0,0,1,0,1,0,1,1,1,1,1,1,1,1,0,1,1,1,1,0,1,0,1,1,1,0,14.0,0,1,1,0,0,0,0,75,1,0,0,0,1,0,100.0,0,1,1,0,0.0,-1.2088868862702788,0.0,0,82.75,A,15,5.0
6523,University of Venda,https://www.univen.ac.za,South Africa,Latin America & Africa,130,1,1,8,1,0,0,0,0,0,0,1,0,1,1,1,1,1,1,1,20,1,1,0,1,1,1,0,1,1,1,1,1,1,1,1,1,1,1,1,0,1,0,1,0,1,1,1,5.74,0,1,1,0,0,0,1,90,1,0,1,0,1,1,30.7,0,1,0,0,0.0,1.998110015058647,0.0,0,82.71,A,15,7.0
1187,University of Victoria,https://www.uvic.ca,Canada,North America,131,1,1,6,1,0,0,0,1,0,0,0,0,1,0,1,1,1,1,1,0,1,1,0,0,0,1,0,1,1,1,1,1,1,0,1,1,1,0,1,1,0,1,0,0,1,1,1,15.43,0,1,1,1,0,0,0,100,1,0,1,1,1,1,100.0,0,1,1,0,0.0,-0.6345792338823302,0.0,0,82.63,A,19,5.0
1015,Northwestern University,https://www.northwestern.edu,United States,North America,132,1,1,6,1,0,0,0,1,0,0,1,0,0,1,1,1,1,1,1,0,1,1,0,1,1,1,0,1,1,1,1,1,1,1,1,1,1,1,1,1,0,0,1,0,1,1,1,13.19,0,1,1,1,0,1,0,75,1,0,1,1,1,1,97.2,0,1,1,0,0.0,-0.30560359568861545,23.0,0,82.59,A,20,15.0
2180,University of Bern,https://www.unibe.ch,Switzerland/Austria,Western & Northern Europe,133,1,1,7,1,1,0,0,1,1,0,1,1,2,1,1,1,1,1,1,2,1,1,1,1,0,1,0,1,1,1,1,1,1,1,1,1,1,1,1,1,0,0,1,0,1,1,1,5.74,0,1,1,0,0,1,1,75,1,0,0,1,1,1,79.2,0,1,0,0,0.0,4.594356125063701,0.0,0,82.48,A,36,
2058,University of Muenster,https://www.uni-muenster.de,Germany,Western & Northern Europe,134,1,1,2,1,1,0,0,1,0,0,1,0,1,0,1,1,1,1,1,1,1,1,1,1,0,1,0,1,0,1,1,1,1,1,1,1,1,1,1,1,0,0,1,1,1,1,1,21.0,0,1,1,0,0,0,0,100,1,0,1,1,1,0,94.1,0,1,1,0,0.0,-0.6010292290655298,1.0,0,82.48,A,36,12.0
4096,Seoul National University,https://www.snu.ac.kr,South Korea,Asia (East & Southeast),135,1,1,20,1,0,0,0,0,0,0,1,1,7,1,1,1,1,1,1,1,1,1,1,0,1,1,0,1,1,1,1,1,1,1,1,1,0,1,1,0,1,0,1,1,1,1,1,15.43,0,1,1,0,0,0,0,75,1,0,0,0,1,1,52.9,0,1,0,0,0.0,1.5028740325295948,0.0,0,82.44,A,6,1.0
4059,Tohoku University,https://www.tohoku.ac.jp,Japan,Asia (East & Southeast),136,1,1,7,1,1,0,0,0,0,0,0,1,8,1,1,1,1,1,1,7,1,1,1,0,0,1,0,1,1,1,1,1,1,1,0,1,1,1,1,0,0,0,0,1,0,1,1,21.0,0,1,1,1,0,0,0,100,1,1,0,1,1,0,59.2,0,1,0,0,0.6931471805599453,-0.7299277128508206,0.0,0,82.41,A,7,4.0
1163,Loyola Marymount University,https://www.lmu.edu,United States,North America,137,1,1,3,1,0,0,0,1,1,1,0,1,3,1,1,1,1,1,1,2,1,1,1,0,1,1,0,1,1,1,1,1,1,1,1,1,1,1,1,0,0,0,1,0,1,1,1,21.0,0,1,0,0,0,1,0,75,1,0,1,1,1,1,75.0,0,1,1,0,0.0,-0.03815551703113118,0.0,0,82.41,A,21,16.0
2196,University of Galway,https://www.universityofgalway.ie,Belgium/Ireland/Iceland,Western & Northern Europe,138,0,1,8,1,0,1,1,1,1,1,1,1,8,0,1,1,0,1,1,0,1,0,0,1,0,1,0,0,1,1,1,1,1,1,1,1,1,1,1,0,0,1,0,0,1,1,0,6.03,0,0,0,0,0,0,1,75,1,0,1,1,1,0,78.0,0,1,1,0,0.0,0.3946418217654912,7.0,0,82.39,A,38,
5093,BRAC University,https://www.bracu.ac.bd,Bangladesh,South & Central Asia + Oceania,139,1,1,7,1,0,0,0,0,0,0,0,1,10,1,1,1,0,1,0,8,1,1,0,1,1,1,0,1,1,1,1,1,1,1,1,1,1,1,1,0,1,0,1,0,1,1,1,14.8,0,1,1,0,0,0,0,75,1,0,1,1,1,1,52.0,0,1,0,0,0.0,-0.07132306458506807,1.0,0,82.35,A,43,3.0
2176,ETH Zurich,https://ethz.ch,Switzerland/Austria,Western & Northern Europe,140,1,1,7,1,1,0,0,0,0,0,1,1,6,1,1,1,1,1,1,8,1,1,1,0,0,1,0,1,1,1,1,1,1,1,1,1,1,1,1,1,0,0,0,0,1,1,0,21.0,0,1,0,0,0,1,1,100,1,0,1,0,1,0,27.6,0,1,1,0,0.0,1.6842128515558876,0.0,0,82.21,A,39,
5106,Khulna University of Engineering and Technology,https://www.kuet.ac.bd,Bangladesh,South & Central Asia + Oceania,141,1,1,6,0,0,0,0,0,0,0,1,1,10,1,1,1,1,1,1,20,1,1,1,1,1,1,0,1,1,1,1,1,1,1,1,0,1,1,1,1,0,1,1,0,1,1,1,13.3,0,1,0,0,0,1,0,75,1,0,1,0,1,0,98.5,0,1,0,0,0.0,-0.062361202227951884,30.0,0,82.18,A,44,4.0
1089,University of New Mexico,https://www.unm.edu,United States,North America,142,1,1,5,1,0,1,0,0,0,0,1,1,10,0,1,1,1,1,1,20,1,1,1,0,0,1,0,1,1,1,1,1,1,1,1,1,1,1,1,0,1,0,0,0,1,1,0,2.41,0,1,0,0,0,1,0,75,1,0,1,0,1,0,98.4,0,1,1,0,0.0,-0.3629878852224059,0.0,0,82.12,A,22,17.0
2066,Technical University of Darmstadt,https://www.tu-darmstadt.de,Germany,Western & Northern Europe,143,1,1,4,1,1,0,1,1,0,0,1,1,10,0,1,1,1,1,1,1,1,1,1,0,0,1,0,0,1,1,1,1,1,1,1,1,1,1,1,1,0,0,0,1,1,1,1,12.79,0,1,1,0,0,0,0,100,1,0,0,1,1,0,12.0,0,1,1,0,0.0,-0.7962350731763362,0.0,0,82.11,A,40,13.0
5011,Indian Institute of Technology BHU Varanasi,https://www.iitbhu.ac.in,India,South & Central Asia + Oceania,144,1,1,11,0,1,0,0,1,0,0,1,1,10,1,1,1,1,1,1,9,1,1,1,1,1,1,1,1,1,1,1,1,1,1,1,0,1,1,1,1,1,0,0,1,1,1,1,15.43,0,1,0,0,0,0,0,75,1,1,1,0,1,1,84.1,0,1,1,0,0.6931471805599453,0.292854433017746,18.0,0,82.1,A,45,18.0
6144,Moi University,https://www.mu.ac.ke,Sub-Saharan Africa,Latin America & Africa,145,1,1,7,1,0,0,0,0,1,0,1,1,2,1,1,1,1,1,1,20,0,1,1,0,1,1,0,1,1,1,1,1,1,1,1,1,1,1,1,1,0,0,1,0,1,1,1,13.58,0,1,1,0,0,0,0,90,1,0,1,0,1,0,38.5,0,1,0,0,0.0,0.15962568637711844,0.0,0,82.07,A,16,
1185,York University,https://www.yorku.ca,Canada,North America,146,1,1,3,1,0,0,0,1,1,1,0,1,4,0,1,1,0,1,1,0,1,1,0,0,1,1,0,1,1,1,1,1,1,1,1,1,1,1,1,0,0,1,1,0,0,1,1,15.43,0,1,1,0,0,1,1,90,1,0,1,1,1,1,14.6,0,1,1,0,0.0,0.34551128519478785,11.0,0,82.03,A,23,6.0
2073,University of Regensburg,https://www.uni-regensburg.de,Germany,Western & Northern Europe,147,1,1,3,1,1,0,0,1,0,0,1,0,1,0,1,1,1,1,1,3,1,1,1,0,1,1,0,1,0,1,1,1,1,1,1,1,1,1,1,1,0,0,1,0,0,1,1,21.0,0,1,1,0,0,1,0,75,1,0,1,1,1,0,14.3,0,1,1,0,0.0,-0.704088215086763,1.0,0,81.96,A,41,14.0
3091,Lodz University of Technology,https://www.p.lodz.pl,Poland,Eastern & Southern Europe,148,1,1,2,1,1,0,0,1,1,1,1,0,0,1,1,1,1,1,1,0,1,1,0,1,0,1,0,1,1,1,1,1,1,1,1,0,1,0,1,1,0,1,1,0,1,1,1,15.43,0,1,1,0,0,0,0,100,1,0,1,1,1,0,77.5,0,1,0,0,0.0,-0.3155352751577547,10.0,0,81.95,A,16,1.0
1030,Georgia Institute of Technology,https://www.gatech.edu,United States,North America,149,1,1,7,1,0,1,0,1,1,1,0,0,0,1,1,1,1,1,1,0,1,1,0,0,1,1,0,1,1,1,1,1,1,1,1,1,1,0,1,1,0,0,1,0,1,1,1,21.0,0,1,1,1,0,0,0,75,1,1,0,1,1,1,85.7,0,1,1,0,0.6931471805599453,-0.2755648881709275,15.0,0,81.92,A,24,18.0
1100,University of Cincinnati,https://www.uc.edu,United States,North America,150,0,1,4,1,0,0,0,1,1,3,1,1,6,1,1,1,1,1,1,15,1,1,0,1,1,1,0,1,1,1,1,1,1,1,1,1,1,1,1,1,0,0,1,0,1,1,1,12.63,0,1,0,0,0,1,1,75,1,0,1,0,1,1,69.2,0,1,1,0,0.0,-0.15250976909846764,4.0,0,81.9,A,25,19.0
2016,University of Nottingham,https://www.nottingham.ac.uk,United Kingdom,Western & Northern Europe,151,1,1,6,1,0,0,1,1,0,0,1,1,2,0,0,1,1,1,1,3,1,1,0,0,0,1,0,0,1,1,1,1,1,1,1,1,1,1,1,0,0,1,1,0,1,1,1,15.41,0,1,1,0,0,0,0,75,1,0,1,1,0,1,100.0,0,1,1,0,0.0,-0.6228534849288497,3650.0,1,81.84,A,42,11.0
5318,FAST National University Pakistan,https://www.nu.edu.pk,Pakistan,South & Central Asia + Oceania,152,1,1,13,1,0,0,0,1,1,1,1,0,0,1,1,1,1,1,1,0,0,0,0,1,1,1,1,1,1,1,1,1,1,1,1,1,1,1,1,0,1,1,1,0,1,1,1,21.0,0,1,1,0,0,1,0,75,1,7,1,0,1,0,20.6,0,0,0,0,2.0794415416798357,-0.014618917307314622,134.0,0,81.84,A,46,4.0
6106,University of Cape Town,https://www.uct.ac.za,South Africa,Latin America & Africa,153,1,1,1,1,0,0,1,1,0,0,1,0,0,1,1,1,1,1,1,8,1,1,0,1,1,1,0,1,1,1,1,1,1,1,1,1,1,1,1,0,0,1,0,0,1,1,0,2.73,0,1,1,1,0,0,0,75,1,0,1,1,1,0,100.0,0,1,0,0,0.0,2.9638437161266924,0.0,0,81.82,A,17,8.0
5156,Auckland University of Technology,https://www.aut.ac.nz,New Zealand,South & Central Asia + Oceania,154,1,1,4,1,0,0,0,1,0,0,1,1,7,0,0,1,0,1,1,4,1,0,0,1,0,1,0,1,1,1,1,1,1,1,1,1,1,1,1,1,0,1,1,1,1,1,1,20.37,0,1,0,0,0,1,0,90,1,0,1,1,1,1,94.3,0,1,0,0,0.0,-0.9543109211889383,3650.0,1,81.81,A,47,
4140,Hong Kong University of Science and Technology,https://www.ust.hk,Hong Kong,Asia (East & Southeast),155,1,1,2,1,1,0,1,1,1,0,1,1,10,0,1,1,1,1,1,17,1,1,1,1,1,1,0,1,1,1,1,1,1,1,1,0,1,1,1,1,0,0,0,1,1,1,1,15.23,0,1,1,0,0,0,1,90,1,0,1,1,1,1,100.0,0,1,1,0,0.0,-0.4451837857640217,0.0,0,81.8,A,8,
5115,University of Queensland,https://www.uq.edu.au,Australia,South & Central Asia + Oceania,156,1,1,4,1,0,0,1,1,1,1,0,0,0,0,0,1,1,1,1,1,1,1,0,1,0,1,0,1,1,1,1,1,1,1,1,1,1,1,1,1,0,1,1,0,1,1,1,11.53,0,1,1,0,0,0,1,100,1,1,1,1,1,1,94.4,0,1,1,0,0.6931471805599453,-0.3607097472439487,3650.0,1,81.79,A,48,15.0
2077,PSL University,https://psl.eu,France,Western & Northern Europe,157,1,1,6,1,1,0,0,1,1,0,1,1,7,1,1,1,1,1,1,1,1,1,1,0,0,1,0,1,1,1,1,1,1,1,1,0,1,1,1,0,0,0,0,1,1,1,1,21.0,0,1,1,0,0,0,1,75,1,0,1,0,1,0,95.3,0,1,1,0,0.0,-0.21037504911210206,13.0,0,81.78,A,43,8.0
1052,Indiana University Bloomington,https://www.indiana.edu,United States,North America,158,0,1,9,1,0,0,0,1,1,1,1,1,2,1,1,1,1,1,1,0,1,1,0,1,0,1,0,1,1,1,1,1,1,1,1,1,1,1,0,0,0,1,0,0,1,0,0,11.22,0,1,0,1,0,1,0,100,1,0,1,1,1,1,61.9,0,1,1,0,0.0,0.2906129576624617,56.0,0,81.77,A,26,20.0
5054,University of Kerala,https://www.keralauniversity.ac.in,India,South & Central Asia + Oceania,159,0,1,13,1,0,0,1,1,1,1,1,1,3,0,1,1,1,1,1,5,1,1,1,0,0,1,0,1,1,1,1,1,1,1,1,0,1,1,1,1,1,0,0,1,1,0,1,12.63,0,1,0,0,0,0,0,75,1,2,1,0,0,0,95.9,0,1,0,0,1.0986122886681098,0.00574895168613136,4.0,0,81.76,A,49,19.0
1083,University of Utah,https://www.utah.edu,United States,North America,160,1,1,8,1,0,0,0,1,0,0,1,1,3,1,1,1,1,1,1,1,0,0,1,0,1,1,0,1,1,1,1,1,1,1,1,1,1,0,1,0,0,0,1,0,1,1,1,13.47,0,1,0,1,0,0,1,75,1,0,1,1,1,0,68.8,0,1,1,0,0.0,0.2788046381555084,6.0,0,81.76,A,27,21.0
5412,IIIT Gwalior,https://www.iiitm.ac.in,India,South & Central Asia + Oceania,161,1,1,9,1,0,0,0,1,0,0,0,1,10,1,1,1,1,1,1,1,1,1,1,1,1,1,0,1,1,1,1,1,1,1,1,0,1,0,1,0,1,0,1,1,1,1,1,15.43,0,1,1,0,0,1,0,75,1,0,0,0,1,1,100.0,0,1,0,0,0.0,-0.05291051101499298,0.0,0,81.74,A,50,20.0
2305,University of Salzburg,https://www.plus.ac.at,Switzerland/Austria,Western & Northern Europe,162,1,1,4,1,1,1,0,0,1,1,1,1,5,1,1,1,0,1,1,12,1,1,1,0,0,1,0,1,1,1,1,1,1,1,1,1,1,1,1,1,0,0,0,0,1,1,0,9.07,0,1,1,0,0,1,0,90,1,0,1,1,1,0,84.2,0,1,0,0,0.0,0.24793432401761784,12.0,0,81.69,A,44,
1041,University of Rochester,https://www.rochester.edu,United States,North America,163,1,1,6,1,0,0,0,1,0,0,1,0,0,0,0,1,1,1,1,0,1,1,0,0,1,1,0,1,1,1,1,1,1,1,1,1,1,1,1,0,0,1,1,0,1,1,1,21.0,0,1,1,1,0,0,0,75,1,0,1,1,1,1,86.4,0,1,1,0,0.0,-0.8881473580316417,3650.0,1,81.68,A,28,22.0
3067,University of Girona,https://www.udg.edu,Spain,Eastern & Southern Europe,164,1,1,5,1,0,0,0,0,1,1,1,0,0,1,1,1,1,1,1,5,1,1,1,1,0,1,0,1,1,1,1,1,1,1,1,0,1,1,1,1,0,0,1,0,0,1,1,15.24,0,1,1,0,0,0,0,75,1,0,1,1,0,0,36.4,0,1,1,0,0.0,-1.431194756611294,10.0,0,81.67,A,17,3.0
5420,Dibrugarh University,https://www.dibru.ac.in,India,South & Central Asia + Oceania,165,1,1,9,0,0,0,0,0,0,0,1,1,10,1,1,1,1,1,1,0,0,0,0,0,0,1,0,1,1,1,1,1,1,1,1,1,1,1,1,1,0,1,1,1,1,1,1,21.0,0,1,0,0,0,0,0,75,1,0,1,1,1,1,100.0,0,1,1,0,0.0,-0.1394332184991516,742.0,0,81.65,A,51,21.0
5063,Maharaja Sayajirao University of Baroda,https://www.msubaroda.ac.in,India,South & Central Asia + Oceania,166,1,1,11,1,0,0,0,1,1,1,1,1,2,1,1,1,1,1,1,5,0,0,1,0,1,1,1,1,1,1,1,1,1,1,1,0,1,1,1,1,0,0,1,1,1,1,1,21.0,0,1,1,0,0,0,0,75,1,4,1,1,1,0,15.3,0,1,0,0,1.6094379124341003,-0.44641773996836936,4.0,0,81.63,A,52,22.0
1058,Rutgers University,https://www.rutgers.edu,United States,North America,167,0,1,4,1,0,0,0,1,1,1,1,1,10,1,1,1,1,1,1,14,1,1,1,1,0,1,0,1,1,1,1,1,1,1,1,1,1,0,1,0,0,0,1,0,1,1,1,9.74,0,1,0,0,0,0,0,90,1,0,0,1,1,1,100.0,0,1,1,0,0.0,3.574154434595947,0.0,0,81.61,A,29,23.0
2001,University of Oxford,https://www.ox.ac.uk,United Kingdom,Western & Northern Europe,168,1,1,3,1,0,0,0,0,0,0,1,0,0,0,1,1,1,1,1,9,0,0,1,1,0,1,0,1,1,1,1,1,1,1,1,1,1,0,1,0,0,0,0,0,1,1,1,5.47,0,1,1,0,0,1,0,100,1,0,1,1,1,1,90.9,0,1,1,0,0.0,-0.7945376310536337,1.0,0,81.58,A,45,12.0
1171,University of Alberta,https://www.ualberta.ca,Canada,North America,169,0,1,5,1,1,0,0,1,0,0,1,1,8,0,0,1,1,1,1,1,1,1,0,0,1,1,0,1,1,1,1,1,1,1,1,1,1,1,1,1,0,1,0,0,1,1,1,14.45,0,1,0,1,0,0,1,90,1,2,1,1,1,1,50.0,0,1,0,0,1.0986122886681098,0.34281815969320206,3650.0,1,81.52,A,30,7.0
5166,Sri Lanka Institute of Information Technology,https://www.sliit.lk,Sri Lanka,South & Central Asia + Oceania,170,1,1,1,1,0,0,0,1,1,1,1,1,3,0,0,1,0,1,1,0,1,1,0,1,0,1,0,1,1,1,1,1,1,1,1,1,1,1,1,1,1,1,1,1,1,1,1,21.0,0,1,0,0,0,1,1,75,1,0,1,1,1,1,82.2,0,1,1,0,0.0,-1.0198139878718606,3650.0,1,81.51,A,53,
3138,VSB - Technical University of Ostrava,https://www.vsb.cz,Czechia,Eastern & Southern Europe,171,1,1,7,1,0,1,0,1,1,1,1,1,6,1,1,1,1,1,1,0,1,1,0,1,0,1,0,1,1,1,1,1,1,1,1,1,1,1,1,1,0,0,1,0,1,1,1,16.57,0,1,1,0,0,0,0,75,1,0,1,0,1,0,94.1,0,1,0,0,0.0,0.3870364149933021,0.0,0,81.48,A,18,
5085,Air University,https://www.au.edu.pk,Pakistan,South & Central Asia + Oceania,172,1,1,9,0,0,0,0,1,1,1,1,1,10,1,1,1,1,1,0,11,1,1,1,1,0,1,0,1,1,1,1,1,1,1,1,1,1,1,1,1,0,1,1,0,1,1,1,6.38,0,1,1,0,0,1,0,75,1,0,1,0,1,1,75.9,0,1,0,0,0.0,0.1802608532219765,270.0,0,81.45,A,54,5.0
5108,Chittagong University of Engineering and Technology,https://www.cuet.ac.bd,Bangladesh,South & Central Asia + Oceania,173,1,1,10,0,0,0,0,0,0,0,1,0,0,1,1,1,1,1,1,3,1,1,0,0,0,1,0,1,1,1,1,1,1,1,1,0,1,0,1,1,0,1,1,0,1,1,1,5.33,0,1,1,0,0,0,0,75,1,0,1,1,1,0,100.0,0,1,0,0,0.0,-0.9417643138889756,0.0,0,81.4,A,55,5.0
5059,University of Lucknow,https://www.lkouniv.ac.in,India,South & Central Asia + Oceania,174,1,1,13,1,1,1,0,1,1,1,1,0,0,1,1,1,1,1,1,2,0,0,1,1,0,1,0,1,1,1,1,1,1,1,1,1,1,1,1,1,1,0,1,0,1,1,1,12.63,0,1,1,0,0,0,0,75,1,0,1,0,0,1,100.0,0,1,0,0,0.0,0.03133099514189952,453.0,0,81.4,A,55,23.0
6326,Durban University of Technology,https://www.dut.ac.za,South Africa,Latin America & Africa,175,1,1,10,1,0,0,0,1,0,0,1,0,0,1,1,1,1,1,1,6,1,1,1,1,1,1,1,1,1,1,1,1,1,1,1,1,1,1,1,0,0,0,1,0,1,1,1,4.48,0,1,1,1,0,0,0,90,1,2,1,1,0,0,23.1,0,1,0,0,1.0986122886681098,1.5379630105270967,7.0,0,81.36,A,18,9.0
1164,Pepperdine University,https://www.pepperdine.edu,United States,North America,176,1,1,5,1,0,0,0,1,1,1,0,0,1,1,1,1,1,1,1,1,1,1,0,0,1,0,1,1,1,1,1,1,1,1,1,1,1,0,1,0,0,0,1,0,1,1,1,21.0,0,0,0,0,0,0,1,75,1,0,1,1,1,1,78.6,0,1,1,0,0.0,-0.01039560801478492,1.0,0,81.31,A,31,24.0
1154,Denison University,https://denison.edu,United States,North America,177,1,1,6,1,0,0,0,0,1,1,1,0,0,1,1,1,1,1,1,6,1,1,1,1,1,1,0,1,1,1,1,1,1,1,1,1,1,1,0,0,0,0,1,0,0,1,1,8.36,0,1,0,1,0,0,0,75,1,0,1,1,1,1,97.7,0,1,0,0,0.0,-0.002937722010393492,1.0,0,81.3,A,32,25.0
5183,Samarkand State University,https://www.samdu.uz,Central Asia,South & Central Asia + Oceania,178,1,1,8,1,1,0,1,1,1,2,1,1,10,1,1,1,0,1,1,0,1,1,1,0,0,1,0,1,1,1,1,1,1,1,1,1,1,0,1,0,1,0,1,0,1,1,1,14.22,0,1,0,0,0,1,0,75,1,2,1,1,1,1,94.1,0,1,0,0,1.0986122886681098,0.13985100113897977,3.0,0,81.29,A,57,
3209,Estonian University of Life Sciences,https://www.emu.ee,Baltics,Eastern & Southern Europe,179,1,1,4,1,1,0,0,0,0,0,1,1,4,0,1,1,1,1,1,20,1,1,1,1,1,1,0,1,1,1,1,1,1,1,1,1,1,0,1,0,0,0,1,1,0,1,1,15.43,0,1,1,0,0,0,0,75,1,0,1,0,1,1,82.4,0,1,1,0,0.0,-0.2994130283159406,11.0,0,81.28,A,19,
5123,Deakin University,https://www.deakin.edu.au,Australia,South & Central Asia + Oceania,180,1,1,6,1,0,0,0,1,0,0,1,0,0,0,0,1,1,1,1,0,0,0,0,0,0,1,0,1,1,1,1,1,1,1,1,1,1,1,1,0,0,1,0,1,1,1,1,12.05,0,1,1,1,0,0,0,75,1,1,1,1,1,1,14.3,0,1,1,0,0.6931471805599453,-0.41513269319443646,3650.0,1,81.22,A,58,16.0
2022,Cardiff University,https://www.cardiff.ac.uk,United Kingdom,Western & Northern Europe,181,1,1,6,1,1,0,0,1,1,1,1,1,3,1,1,1,0,0,1,0,0,1,0,1,0,1,0,1,1,1,1,1,1,1,1,1,1,1,1,1,1,0,1,0,1,1,1,18.73,0,1,0,1,0,0,0,90,1,0,1,1,1,1,60.0,0,1,1,0,0.0,-1.0205399251049028,0.0,0,81.13,A,46,13.0
3095,SGH Warsaw School of Economics,https://www.sgh.waw.pl,Poland,Eastern & Southern Europe,182,1,1,4,1,1,0,0,1,1,1,1,0,0,1,1,1,1,1,1,0,1,1,0,1,0,1,0,1,1,1,1,1,1,1,1,0,1,1,1,1,0,0,1,1,1,1,1,13.78,0,1,0,0,0,0,0,100,1,0,1,0,1,0,75.8,0,1,1,0,0.0,-0.20070905042883389,0.0,0,81.07,A,20,2.0
5406,NIT Agartala,https://www.nita.ac.in,India,South & Central Asia + Oceania,183,1,1,10,0,0,0,0,0,0,0,1,1,10,1,1,1,1,1,1,6,1,1,1,0,0,1,0,1,1,1,1,1,1,1,1,0,1,1,1,1,1,0,0,0,1,1,1,15.43,0,1,0,0,0,0,0,75,1,0,1,1,1,0,96.7,0,1,1,0,0.0,0.1023741221910391,0.0,0,81.06,A,59,24.0
6050,Autonomous Technological Institute of Mexico,https://www.itam.mx,Mexico,Latin America & Africa,184,1,1,5,1,0,1,1,1,1,1,1,0,0,1,1,1,1,1,1,1,0,0,0,0,0,1,0,1,1,1,1,1,1,1,1,0,1,1,1,0,1,0,1,0,1,1,1,3.72,0,1,1,1,0,0,0,75,1,0,1,0,1,1,88.9,0,1,0,0,0.0,0.16958314974857225,36.0,0,81.05,A,19,
1051,Michigan State University,https://msu.edu,United States,North America,185,1,1,3,1,0,0,0,0,0,0,1,0,0,1,1,1,1,1,1,0,0,0,0,1,0,1,0,1,1,1,1,1,1,1,1,1,1,1,1,1,0,0,1,1,1,1,1,15.43,0,1,1,0,0,0,0,75,1,0,0,0,1,1,78.3,0,1,1,0,0.0,-0.406285056747901,13.0,0,81.03,A,33,26.0
5109,Bangladesh University of Professionals,https://www.bup.edu.bd,Bangladesh,South & Central Asia + Oceania,186,1,1,8,0,0,0,0,1,0,0,1,1,9,1,1,1,1,1,1,1,1,1,1,1,0,1,0,1,1,1,1,1,1,1,1,1,1,1,1,1,1,0,1,0,1,1,1,15.43,0,1,0,0,0,1,0,75,1,1,1,0,1,0,34.8,0,1,0,0,0.6931471805599453,-1.0584314674834343,7.0,0,81.03,A,60,6.0
5031,SRM Institute of Science and Technology,https://www.srmist.edu.in,India,South & Central Asia + Oceania,187,1,1,9,1,0,1,0,1,1,1,1,1,10,1,0,1,1,1,1,0,1,1,0,1,0,1,0,1,1,1,1,1,1,1,1,1,1,0,1,1,1,1,0,0,1,1,0,1.0,0,1,1,0,1,1,0,90,1,0,1,1,1,1,45.7,0,1,1,0,0.0,-0.013967145499524422,3650.0,1,81.02,A,61,25.0
1094,Texas Tech University,https://www.ttu.edu,United States,North America,188,1,1,3,1,0,1,0,1,0,0,1,0,0,0,1,1,1,1,1,2,0,0,0,1,1,1,0,1,1,1,1,1,1,1,1,1,1,1,1,0,0,1,0,0,1,1,0,1.66,0,1,1,0,0,1,0,100,1,2,1,1,1,0,97.8,0,1,1,0,1.0986122886681098,0.40372422872906616,106.0,0,81.01,A,34,27.0
2300,University of Luxembourg,https://www.uni.lu,Switzerland/Austria,Western & Northern Europe,189,1,1,4,1,1,0,0,1,0,0,1,0,0,1,1,1,1,1,1,1,1,1,1,1,0,1,0,1,1,1,1,1,1,1,1,1,1,1,1,0,0,0,0,0,1,1,1,5.04,0,1,1,0,0,1,0,100,1,1,0,1,0,0,47.9,0,1,1,0,0.6931471805599453,0.1407529785555352,1.0,0,80.98,A,47,
5404,Indian Institute of Technology Tirupati,https://www.iittp.ac.in,India,South & Central Asia + Oceania,190,1,1,10,0,0,0,0,0,1,1,1,1,6,1,1,1,1,1,1,20,1,1,1,1,0,1,0,1,1,1,1,1,1,1,1,1,1,1,1,1,1,0,1,0,1,1,1,18.24,0,1,1,0,0,0,0,75,1,0,1,1,1,1,100.0,0,1,0,0,0.0,-0.9065686362683011,101.0,0,80.95,A,62,26.0
3048,University of Navarra,https://www.unav.edu,Spain,Eastern & Southern Europe,191,1,1,3,1,1,0,0,1,1,1,1,0,0,1,1,1,1,1,1,4,1,1,0,0,1,1,0,1,1,1,1,1,1,1,1,1,1,1,0,0,0,0,1,0,1,1,1,21.0,0,1,1,0,1,0,0,100,1,0,1,1,1,1,30.4,0,1,1,0,0.0,-0.5380222815747902,0.0,0,80.91,A,21,4.0
2126,Chalmers University of Technology,https://www.chalmers.se,Sweden,Western & Northern Europe,192,1,1,3,0,1,0,0,0,1,1,1,1,7,1,1,1,1,1,0,6,1,0,1,0,0,1,0,1,1,1,1,1,1,0,1,0,1,1,1,1,0,1,1,0,0,1,1,21.0,0,1,0,0,0,0,0,90,1,0,1,1,1,1,41.4,0,1,1,0,0.0,-0.052270439968939215,0.0,0,80.9,A,48,
5129,La Trobe University,https://www.latrobe.edu.au,Australia,South & Central Asia + Oceania,193,1,1,7,1,0,0,0,1,1,1,1,0,0,0,1,1,1,1,1,0,0,0,0,0,0,1,0,1,1,1,1,1,1,1,1,1,1,1,1,0,0,1,1,1,1,1,1,15.52,0,1,1,0,0,1,1,75,1,8,1,1,1,0,22.2,0,1,1,0,2.1972245773362196,0.01682907241856591,368.0,0,80.89,A,63,17.0
5015,University of Delhi,https://www.du.ac.in,India,South & Central Asia + Oceania,194,1,1,11,1,1,0,0,1,0,0,1,1,10,1,1,1,1,1,1,2,1,1,1,1,0,1,1,1,1,1,1,1,1,1,1,1,1,1,1,1,0,0,0,1,1,1,0,9.59,0,1,0,0,0,0,0,75,1,0,0,0,1,0,34.8,0,1,0,0,0.0,-0.6553106043651513,0.0,0,80.89,A,63,27.0
5014,Indian Institute of Technology Gandhinagar,https://www.iitgn.ac.in,India,South & Central Asia + Oceania,195,1,1,5,1,1,0,0,0,0,0,1,0,1,1,1,1,1,1,1,0,0,0,0,1,1,1,0,1,1,1,1,1,1,1,1,1,1,0,1,1,0,0,0,0,1,1,1,8.06,0,1,0,1,0,0,0,75,1,1,1,1,1,1,81.5,0,1,0,0,0.6931471805599453,-0.24339082184169988,0.0,0,80.89,A,63,27.0
5083,NED University of Engineering and Technology,https://www.neduet.edu.pk,Pakistan,South & Central Asia + Oceania,196,1,1,8,1,0,0,0,1,1,0,0,1,4,1,1,1,1,1,1,3,0,0,0,1,1,1,0,1,1,1,1,1,1,1,1,1,1,1,1,1,0,0,0,0,1,1,1,12.63,0,1,1,0,0,1,0,75,1,0,1,0,1,1,37.1,0,1,0,0,0.0,0.6446482662725448,0.0,0,80.88,A,66,6.0
5180,Westminster International University in Tashkent,https://www.wiut.uz,Central Asia,South & Central Asia + Oceania,197,1,1,9,0,0,0,0,1,1,1,1,1,10,0,1,1,0,1,1,4,1,1,1,1,1,1,0,1,1,1,1,1,1,1,0,1,1,1,1,1,1,1,0,0,1,1,0,12.63,0,1,1,0,1,0,0,90,1,0,1,1,1,1,32.4,0,1,0,0,0.0,2.2178624673263125,0.0,0,80.86,A,67,
1067,University of Massachusetts Amherst,https://www.umass.edu,United States,North America,198,1,1,3,1,0,0,0,1,0,0,1,1,5,1,1,1,1,1,1,20,1,1,0,0,1,1,0,1,1,1,1,1,1,1,1,1,1,1,1,0,0,0,0,0,1,1,1,18.26,0,1,1,0,0,0,0,90,1,1,1,0,1,1,100.0,0,1,1,0,0.6931471805599453,0.2864696876600217,0.0,0,80.85,A,35,28.0
1095,Louisiana State University,https://www.lsu.edu,United States,North America,199,1,1,5,1,0,0,0,1,1,1,1,0,0,1,1,1,1,1,1,20,1,1,1,1,1,1,0,1,1,1,1,1,1,1,1,1,0,1,0,0,0,0,1,0,1,1,1,16.3,0,1,1,1,0,0,0,90,1,0,0,1,1,1,100.0,0,1,1,0,0.0,0.6896098588974073,0.0,0,80.84,A,36,29.0
4057,Kyoto University,https://www.kyoto-u.ac.jp,Japan,Asia (East & Southeast),200,1,1,4,1,1,0,0,0,0,0,1,0,1,1,1,1,0,1,1,5,1,1,1,0,0,1,0,1,1,1,1,1,1,1,0,1,1,1,1,0,0,0,1,1,1,1,1,18.77,0,1,1,0,0,0,1,90,1,0,1,1,1,0,76.7,0,1,0,0,0.0,-1.8211451022081229,0.0,0,80.81,A,9,5.0
5103,American International University-Bangladesh,https://www.aiub.edu,Bangladesh,South & Central Asia + Oceania,201,1,1,9,1,0,0,0,0,1,1,1,1,10,1,1,1,1,1,1,6,1,1,1,1,0,1,0,1,1,1,1,1,1,1,1,0,1,0,1,1,0,0,1,0,1,1,1,5.59,0,1,1,0,0,1,0,90,1,0,1,1,1,0,100.0,0,1,0,0,0.0,-1.054846722540588,13.0,0,80.81,A,68,7.0
6114,University of the Western Cape,https://www.uwc.ac.za,South Africa,Latin America & Africa,202,1,1,5,0,0,0,0,0,0,0,1,1,3,1,0,1,1,1,1,0,0,0,0,0,0,1,0,1,1,1,1,1,1,1,1,1,1,1,1,1,0,1,1,1,1,1,1,8.19,0,1,1,0,0,0,1,90,1,0,1,1,1,1,100.0,0,1,0,0,0.0,-0.7526743027962239,3650.0,1,80.79,A,20,10.0
3080,Adam Mickiewicz University,https://www.amu.edu.pl,Poland,Eastern & Southern Europe,203,1,1,7,1,1,0,0,1,0,0,1,0,1,0,1,1,1,1,1,5,1,1,1,0,0,1,0,1,1,1,1,1,1,1,1,0,0,0,1,1,0,0,1,0,1,1,1,15.95,0,1,1,0,0,0,0,75,1,0,1,1,1,0,68.8,0,1,1,0,0.0,-1.1854200603116383,0.0,0,80.79,A,22,3.0
2190,Universite libre de Bruxelles,https://www.ulb.be,Belgium/Ireland/Iceland,Western & Northern Europe,204,1,1,7,1,0,1,0,0,0,0,1,1,2,0,1,1,1,1,1,1,1,1,0,0,0,1,0,1,1,1,1,1,1,0,1,1,1,1,1,1,1,0,0,0,1,0,1,20.5,0,1,1,0,0,0,0,75,1,0,1,1,1,0,46.4,0,1,1,0,0.0,-0.4989402099715551,0.0,0,80.75,A,49,
2099,University of Poitiers,https://www.univ-poitiers.fr,France,Western & Northern Europe,205,1,1,9,1,1,0,0,0,0,0,1,0,0,0,1,1,1,1,1,0,0,0,0,1,1,1,1,0,1,1,1,1,1,1,1,1,1,1,1,1,0,0,0,1,0,1,0,13.55,0,1,0,0,0,0,0,90,1,0,1,1,1,0,90.9,0,1,1,0,0.0,-0.3776943440642218,0.0,0,80.59,A,50,9.0
3176,Obuda University,https://www.uni-obuda.hu,Hungary,Eastern & Southern Europe,206,1,1,7,1,1,1,1,1,0,0,1,1,4,0,0,1,1,1,1,12,1,1,0,0,0,1,0,1,1,1,1,1,1,1,1,0,1,1,1,0,1,1,1,0,0,1,1,1.14,0,1,1,1,0,0,0,90,1,0,0,0,1,0,17.4,0,1,1,0,0.0,0.5366150384701333,3650.0,1,80.57,A,23,
5138,Victoria University,https://www.vu.edu.au,Australia,South & Central Asia + Oceania,207,1,1,11,1,0,0,0,1,1,1,1,1,2,1,1,1,0,1,1,0,1,0,0,0,1,1,0,0,1,0,1,1,1,1,1,1,1,1,1,1,0,1,1,1,1,1,1,15.13,0,1,0,1,0,0,0,90,1,0,1,1,1,1,82.8,0,1,1,0,0.0,-0.10700757106158562,8.0,0,80.49,A,69,18.0
1004,Yale University,https://www.yale.edu,United States,North America,208,1,1,4,1,0,0,0,0,0,0,1,0,0,0,1,1,1,1,0,5,1,1,1,0,0,1,0,1,1,1,1,1,1,1,1,1,1,1,1,0,0,0,0,0,1,1,0,21.0,0,1,1,0,0,0,0,100,1,0,1,1,1,0,30.8,0,1,1,0,0.0,-1.415585629342219,5.0,0,80.36,A,37,30.0
2047,Karlsruhe Institute of Technology,https://www.kit.edu,Germany,Western & Northern Europe,209,0,1,7,1,1,1,0,1,0,1,1,1,10,0,1,1,1,1,1,3,1,1,1,0,0,1,0,1,0,1,1,1,1,0,0,1,1,1,1,1,0,0,1,1,0,1,1,21.0,0,1,0,0,0,1,0,90,1,0,1,1,1,1,69.2,0,1,1,0,0.0,-0.892504290706759,0.0,0,80.34,A,51,15.0
4146,National University of Singapore,https://www.nus.edu.sg,Singapore,Asia (East & Southeast),210,1,1,8,1,0,1,0,0,0,0,0,0,0,1,1,1,1,1,1,2,0,0,0,0,0,1,0,1,1,1,1,1,1,1,1,1,1,0,1,0,0,0,1,0,1,1,1,12.63,0,1,1,0,0,0,0,75,1,0,0,1,1,1,51.6,0,1,0,0,0.0,0.10624419988398594,17.0,0,80.31,A,10,
6111,University of Johannesburg,https://www.uj.ac.za,South Africa,Latin America & Africa,211,1,1,8,1,0,0,0,0,0,0,1,0,0,0,1,1,1,1,1,0,0,0,0,1,0,1,0,1,1,1,1,1,1,1,1,1,1,1,1,1,0,0,1,0,1,1,1,15.43,0,1,1,1,0,0,0,90,1,1,1,1,1,1,39.1,0,1,0,0,0.6931471805599453,-0.07318261216673219,4.0,0,80.31,A,21,11.0
3400,Sofia Medical University,https://www.mu-sofia.bg,Bulgaria & Slovakia,Eastern & Southern Europe,212,1,1,6,1,1,0,0,1,1,1,1,1,8,1,1,1,0,1,1,3,1,1,1,0,0,1,0,1,1,1,1,1,1,1,1,0,1,1,1,0,0,0,0,0,1,1,1,11.9,0,1,1,0,0,1,0,90,1,0,1,1,1,1,54.2,0,1,0,0,0.0,0.0284059908009472,20.0,0,80.3,A,24,
3171,University of Pecs,https://www.pte.hu,Hungary,Eastern & Southern Europe,213,1,1,9,1,1,0,0,1,1,1,0,1,7,0,1,1,1,1,0,0,1,1,1,0,0,1,1,1,1,1,1,1,1,1,1,0,1,1,1,1,1,1,0,0,0,1,0,5.02,0,1,0,1,0,1,1,75,1,0,1,0,1,0,9.2,0,1,0,0,0.0,0.09056620917994168,36.0,0,80.3,A,24,
1023,University of Southern California,https://www.usc.edu,United States,North America,214,1,1,5,1,0,0,0,0,0,0,1,0,0,1,1,1,1,1,1,2,1,1,0,0,0,1,1,1,1,1,1,1,1,1,1,1,1,1,0,0,0,0,1,0,1,1,1,21.0,0,1,1,0,0,1,1,90,1,0,1,1,1,1,95.0,0,1,1,0,0.0,-0.3230053296988626,5.0,0,80.26,A,38,31.0
5146,University of the Sunshine Coast,https://www.usc.edu.au,Australia,South & Central Asia + Oceania,215,1,1,4,1,0,0,0,1,0,0,0,0,0,0,0,1,1,1,1,12,1,1,0,0,0,1,0,0,1,1,1,1,1,1,1,1,1,0,1,0,0,1,1,1,1,1,1,18.88,0,1,1,0,0,1,0,100,1,0,1,1,0,1,37.5,0,1,1,0,0.0,0.8595700198913869,3650.0,1,80.23,A,70,19.0
2178,University of Zurich,https://www.uzh.ch,Switzerland/Austria,Western & Northern Europe,216,1,1,3,0,1,0,0,1,1,1,1,1,7,0,1,1,1,1,1,11,1,1,1,0,1,1,0,1,1,1,1,1,1,1,1,1,1,1,1,1,0,0,0,0,1,1,1,18.73,0,1,0,0,0,1,1,75,1,0,1,1,1,1,67.9,0,1,1,0,0.0,0.6451357807300416,0.0,0,80.22,A,52,
2018,University of St Andrews,https://www.st-andrews.ac.uk,United Kingdom,Western & Northern Europe,217,1,1,1,1,0,0,0,1,0,0,1,0,0,0,1,1,0,1,1,0,0,1,0,1,0,1,0,0,1,1,1,1,1,1,1,1,1,1,1,0,0,1,1,0,1,1,1,16.24,0,1,0,1,0,0,1,100,1,0,1,0,1,1,91.7,0,1,1,0,0.0,0.44677754410564446,39.0,0,80.16,A,53,14.0
3175,University of Miskolc,https://www.uni-miskolc.hu,Hungary,Eastern & Southern Europe,218,1,1,8,1,1,0,1,1,1,1,1,1,10,0,0,1,1,1,1,0,1,1,0,1,1,1,0,1,1,1,1,1,1,1,1,0,1,1,1,0,1,1,1,0,1,1,1,5.87,0,1,1,0,0,0,1,90,1,0,1,0,1,1,22.0,0,1,1,0,0.0,0.7879429531264136,3650.0,1,80.11,A,26,
2167,Aalto University,https://www.aalto.fi,Finland,Western & Northern Europe,219,1,1,7,1,1,0,0,1,0,0,0,1,8,1,1,1,1,1,1,9,1,1,1,0,0,1,0,1,1,1,1,1,1,0,1,1,0,0,1,1,0,0,1,0,0,1,1,13.77,0,1,1,0,0,1,0,100,1,0,1,1,1,0,89.2,0,1,0,0,0.0,-1.3563909736682158,0.0,0,80.11,A,54,
1068,Virginia Tech,https://www.vt.edu,United States,North America,220,1,1,2,1,0,1,0,1,0,0,0,0,0,1,1,1,1,1,0,0,1,1,0,0,0,1,0,1,1,1,1,1,1,1,1,1,1,1,1,0,0,0,0,1,1,1,1,21.0,0,1,1,0,0,0,0,90,1,0,1,0,1,1,40.0,0,1,1,0,0.0,-0.2057507886298181,1.0,0,80.06,A,39,32.0
6522,Central University of Technology Free State,https://www.cut.ac.za,South Africa,Latin America & Africa,221,1,1,8,1,0,0,0,0,1,1,1,1,10,1,0,1,1,1,1,12,1,1,0,1,0,1,0,1,1,1,1,1,1,1,1,1,1,1,1,1,1,0,1,0,1,1,1,12.63,0,1,1,0,0,1,0,75,1,0,0,1,1,0,98.3,0,1,0,0,0.0,-0.8564563154001089,3650.0,1,80.0,A,22,12.0
1194,Howard University,https://howard.edu,United States,North America,222,0,1,3,1,0,0,0,1,1,1,1,0,0,1,1,1,1,1,1,18,1,1,0,1,1,1,0,1,1,1,1,1,1,1,1,1,1,1,1,0,0,0,1,0,1,1,1,1.0,0,1,0,0,0,0,0,75,1,0,1,1,1,1,95.7,0,1,1,0,0.0,0.24400117013501443,0.0,0,79.99,A,40,33.0
3305,University of Jaen,https://www.ujaen.es,Spain,Eastern & Southern Europe,223,1,1,5,1,1,0,0,0,0,0,0,1,9,0,1,1,1,1,1,20,1,1,1,0,0,1,0,1,1,1,1,1,1,1,1,1,1,0,1,1,0,0,1,1,0,1,1,9.56,0,1,1,0,0,0,0,100,1,0,0,0,1,0,100.0,0,1,0,0,0.0,0.47517136439521934,46.0,0,79.98,A,27,5.0
2148,University of South-Eastern Norway,https://www.usn.no,Norway,Western & Northern Europe,224,0,1,0,1,1,0,0,0,1,1,0,1,6,1,1,1,1,1,0,1,1,1,1,0,0,1,0,1,1,1,1,1,1,1,1,1,1,1,1,1,0,0,1,0,0,1,1,15.33,0,1,0,0,0,1,1,90,1,0,1,1,1,1,87.5,0,1,1,0,0.0,0.8306419555682616,4.0,0,79.97,A,55,
5119,University of Technology Sydney,https://www.uts.edu.au,Australia,South & Central Asia + Oceania,225,1,1,3,1,0,0,1,1,0,0,1,0,0,1,0,1,0,1,1,0,1,1,0,0,1,1,0,1,1,1,1,1,1,1,1,1,1,1,1,1,0,1,1,0,1,1,1,21.0,0,1,1,0,0,0,0,100,1,0,1,1,1,1,72.4,0,1,1,0,0.0,-0.04525219227345748,3650.0,1,79.96,A,71,20.0
1003,Stanford University,https://www.stanford.edu,United States,North America,226,0,1,4,1,0,0,0,0,1,1,1,0,0,0,1,1,0,1,1,11,1,1,1,1,1,1,0,1,1,1,1,1,1,1,1,1,1,1,1,0,0,0,0,0,1,1,0,18.88,0,1,0,0,0,0,0,100,1,0,1,1,1,1,100.0,0,1,1,0,0.0,-0.040227152032351,5.0,0,79.9,A,41,34.0
6110,University of KwaZulu-Natal,https://www.ukzn.ac.za,South Africa,Latin America & Africa,227,1,1,20,1,0,0,0,0,0,0,0,1,3,1,0,1,1,1,1,3,1,1,0,0,0,1,0,1,1,1,1,1,1,1,1,1,1,1,1,0,0,1,1,0,1,1,1,5.74,0,1,1,1,0,1,0,90,1,2,1,0,1,0,44.4,0,1,1,0,1.0986122886681098,0.7593174240720013,3650.0,1,79.87,A,23,13.0
5013,Indian Institute of Technology Ropar,https://www.iitrpr.ac.in,India,South & Central Asia + Oceania,228,1,1,6,0,0,0,0,1,0,0,1,1,10,1,1,1,1,1,1,20,1,1,1,1,1,1,0,1,1,1,1,1,1,1,1,1,1,1,1,1,0,0,0,0,1,1,1,21.0,0,1,1,0,0,1,0,75,1,1,1,0,1,1,97.4,0,1,1,0,0.6931471805599453,-0.14432150705757854,5.0,0,79.86,A,72,29.0
1166,San Jose State University,https://www.sjsu.edu,United States,North America,229,1,1,5,1,0,0,0,1,1,1,0,1,2,1,1,1,1,1,1,0,1,1,0,0,0,1,0,1,1,1,1,1,1,1,1,1,1,1,1,0,0,0,1,0,0,1,1,19.8,0,1,1,0,0,0,0,75,1,0,1,0,0,1,87.5,0,1,1,0,0.0,1.1712649966810258,0.0,0,79.84,A,42,35.0
3210,Lithuanian University of Health Sciences,https://www.lsmuni.lt,Baltics,Eastern & Southern Europe,230,1,1,5,1,1,0,0,0,1,1,0,0,0,0,1,1,0,1,1,4,1,0,0,0,1,1,0,1,1,1,1,1,1,1,1,1,1,0,1,0,0,0,1,0,1,1,1,21.0,0,1,1,0,0,0,0,75,1,0,1,1,1,1,77.8,0,1,1,0,0.0,0.3196812504097228,0.0,0,79.8,A,28,
2085,University of Montpellier,https://www.umontpellier.fr,France,Western & Northern Europe,231,1,1,8,1,1,0,0,1,0,0,1,1,10,1,1,1,1,1,1,0,1,0,1,0,0,1,0,1,1,1,1,1,1,1,1,0,1,1,1,0,0,0,1,1,0,1,1,21.0,0,1,1,0,0,0,0,90,1,0,1,0,1,0,2.1,0,1,1,0,0.0,-0.9288780504789588,0.0,0,79.79,A,56,10.0
6151,University of Dar es Salaam,https://www.udsm.ac.tz,Sub-Saharan Africa,Latin America & Africa,232,1,1,7,0,0,0,0,0,1,1,1,1,7,1,1,1,0,1,1,12,0,0,1,1,1,1,0,1,1,1,1,1,1,1,1,1,1,0,1,1,1,0,1,0,1,1,1,12.63,0,1,1,0,0,0,0,75,1,0,1,0,1,1,97.0,0,1,0,0,0.0,1.6089274677940777,0.0,0,79.78,A,24,
1110,Iowa State University,https://www.iastate.edu,United States,North America,233,1,1,9,1,0,0,0,0,0,0,1,0,1,0,0,1,1,1,1,20,1,1,0,0,1,1,0,1,1,1,1,1,1,1,1,1,0,0,1,0,0,1,1,0,1,1,1,8.86,0,1,1,0,0,0,0,75,1,0,1,1,1,1,81.2,0,1,1,0,0.0,0.3602198937034488,3650.0,1,79.77,A,43,36.0
1190,University of Saskatchewan,https://www.usask.ca,Canada,North America,234,1,1,6,1,1,0,0,1,0,0,0,0,0,0,1,1,0,1,1,1,0,0,1,1,0,1,0,1,1,1,1,1,1,1,1,1,1,1,1,0,0,0,0,0,1,1,1,17.4,0,1,1,0,0,0,0,75,1,0,1,1,1,1,100.0,0,1,1,0,0.0,-0.8608017760155393,42.0,0,79.77,A,43,8.0
1019,"University of California, San Diego",https://www.ucsd.edu,United States,North America,235,1,1,7,1,0,0,0,1,1,1,1,1,2,0,1,1,0,1,1,8,1,1,0,1,1,1,0,1,1,1,1,1,1,1,1,1,1,1,1,0,0,0,1,0,1,1,1,14.18,0,1,0,0,0,0,0,75,1,0,0,1,1,1,89.3,0,1,1,0,0.0,2.632181999541275,5.0,0,79.73,A,45,37.0
3013,University of Genoa,https://www.unige.it,Italy,Eastern & Southern Europe,236,1,1,7,1,1,0,0,1,0,0,1,1,10,1,1,1,0,1,1,5,1,1,1,0,0,1,0,1,1,1,1,1,1,1,1,1,1,0,1,1,0,0,0,0,1,1,0,12.63,0,1,1,0,0,0,0,90,1,0,1,0,1,0,70.0,0,1,0,0,0.0,-1.298992332508418,0.0,0,79.72,A,29,6.0
5067,National University of Sciences and Technology,https://www.nust.edu.pk,Pakistan,South & Central Asia + Oceania,237,1,1,8,1,1,0,0,1,1,1,1,1,10,1,1,1,0,1,1,20,1,1,1,1,1,1,0,1,1,1,1,1,1,1,1,1,1,1,1,0,0,0,1,0,1,1,1,15.43,0,1,1,0,0,1,0,75,1,0,1,1,1,1,84.2,0,1,0,0,0.0,0.03165688104579476,150.0,0,79.7,A,73,7.0
2082,Grenoble Alpes University,https://www.univ-grenoble-alpes.fr,France,Western & Northern Europe,238,1,1,1,1,0,0,0,1,1,1,1,1,6,1,1,1,1,1,1,0,1,1,0,1,0,1,0,1,1,1,1,1,1,1,1,1,1,1,1,1,0,0,0,1,1,0,0,21.0,0,0,1,1,0,0,1,75,1,0,1,1,1,0,73.1,0,1,1,1,0.0,-0.734642173295411,0.0,0,79.59,A,57,11.0
1302,Memorial University of Newfoundland,https://www.mun.ca,Canada,North America,239,1,1,4,1,0,0,0,0,1,1,1,0,0,0,1,1,1,1,1,0,1,1,0,1,1,1,0,1,1,1,1,1,1,1,1,1,1,1,1,1,0,0,0,0,1,1,1,12.63,0,1,1,0,0,0,0,100,1,0,1,0,1,1,52.0,0,1,1,0,0.0,-0.27473623417043963,4.0,0,79.57,A,46,9.0
3134,Brno University of Technology,https://www.vutbr.cz,Czechia,Eastern & Southern Europe,240,1,1,2,1,0,1,0,0,0,0,1,1,2,1,1,1,1,1,0,1,1,1,1,1,0,1,0,1,1,1,1,1,1,1,1,0,1,1,1,1,0,0,1,0,1,1,1,17.39,0,1,0,0,0,1,0,75,1,1,1,1,1,1,38.5,0,1,1,0,0.6931471805599453,-1.2371903862814637,0.0,0,79.57,A,30,
2177,EPFL,https://www.epfl.ch,Switzerland/Austria,Western & Northern Europe,241,1,1,4,1,1,0,0,0,0,0,1,1,10,0,1,1,1,1,0,2,1,1,1,0,0,1,0,1,1,1,1,1,1,1,1,0,1,1,1,0,0,0,1,0,1,1,1,16.1,0,1,1,0,0,0,0,100,1,0,1,1,1,1,85.0,0,1,1,0,0.0,0.9620724742118109,0.0,0,79.57,A,58,
3183,University of Ljubljana,https://www.uni-lj.si,Balkans,Eastern & Southern Europe,242,1,1,3,1,1,0,0,0,0,0,1,0,0,1,1,1,0,1,1,7,1,1,1,1,0,1,0,1,1,1,1,1,1,1,1,0,1,0,1,0,0,0,1,0,1,1,1,7.01,0,1,1,0,0,0,0,100,1,0,1,0,1,1,95.7,0,1,1,0,0.0,-1.3384022692328525,8.0,0,79.53,A,31,
4184,Thammasat University,https://www.tu.ac.th,Thailand,Asia (East & Southeast),243,1,1,9,1,1,0,0,1,1,0,1,0,0,1,1,1,1,1,1,1,1,1,0,1,1,1,0,1,1,1,1,1,1,0,1,1,1,1,1,0,0,0,1,1,1,1,1,12.18,0,1,1,0,0,0,0,90,1,0,1,0,1,0,61.9,0,1,1,0,0.0,-1.1810230955788852,68.0,0,79.5,A,11,
1022,"University of California, Irvine",https://www.uci.edu,United States,North America,244,0,1,3,1,0,0,0,1,1,1,1,0,0,1,1,1,1,1,1,0,1,1,0,0,0,1,0,1,1,1,1,1,1,1,1,0,1,0,0,0,0,1,1,0,1,1,1,9.74,0,1,0,0,0,0,0,90,1,0,0,1,1,1,96.8,0,1,0,0,0.0,-0.5844456668528094,4.0,0,79.47,A,47,38.0
2025,University of Liverpool,https://www.liverpool.ac.uk,United Kingdom,Western & Northern Europe,245,1,1,4,1,0,0,1,1,0,0,1,0,0,0,1,1,1,1,1,0,1,1,0,1,0,1,0,1,1,1,1,1,1,1,1,1,1,1,1,0,0,0,0,0,1,1,0,14.6,0,1,0,1,0,0,1,100,1,0,1,1,1,1,83.3,0,1,1,0,0.0,-0.7314897807818205,0.0,0,79.43,A,59,15.0
4216,Royal University of Phnom Penh,https://www.rupp.edu.kh,Other SE/E Asia,Asia (East & Southeast),246,1,1,9,1,0,0,0,0,0,0,1,0,0,1,1,1,0,1,1,0,1,1,0,1,0,1,0,1,1,1,1,1,1,1,1,1,1,1,1,0,0,0,1,0,1,1,1,19.08,0,1,1,0,0,0,0,75,1,0,1,1,1,1,97.1,0,1,0,0,0.0,-0.3075274545578596,0.0,0,79.42,A,12,
1199,Seattle University,https://www.seattleu.edu,United States,North America,247,0,1,8,1,0,0,0,0,0,0,0,1,2,0,1,1,1,1,1,7,1,1,1,1,0,1,0,1,1,1,1,1,1,1,1,1,1,1,1,0,0,0,1,0,1,1,1,21.0,0,1,0,0,0,0,1,90,1,0,1,1,1,1,95.8,0,1,1,0,0.0,-0.8935336090348133,3650.0,1,79.36,A,48,39.0
5038,NIT Calicut,https://www.nitc.ac.in,India,South & Central Asia + Oceania,248,1,1,8,1,1,0,0,1,1,1,1,1,10,1,1,1,1,1,1,20,1,1,0,1,0,1,0,1,1,1,1,1,1,1,0,1,1,0,1,1,1,0,0,0,0,1,0,13.85,0,1,0,0,0,0,0,75,1,0,1,1,1,1,86.6,0,1,0,0,0.0,0.026605649535420064,0.0,0,79.35,A,74,30.0
4143,Hong Kong Baptist University,https://www.hkbu.edu.hk,Hong Kong,Asia (East & Southeast),249,1,1,8,0,0,0,0,0,1,1,1,0,0,1,1,1,1,1,1,0,0,0,0,0,0,1,0,1,1,1,1,1,1,1,1,0,1,1,1,0,0,0,1,1,1,1,1,9.28,0,1,0,0,0,0,0,100,1,0,1,1,1,1,81.0,0,1,1,0,0.0,-0.39401415827485087,0.0,0,79.33,A,13,
5009,Indian Institute of Technology Hyderabad,https://www.iith.ac.in,India,South & Central Asia + Oceania,250,1,1,20,0,0,0,1,1,1,0,1,1,6,1,1,1,1,1,1,1,1,1,0,0,1,1,0,1,1,1,1,1,1,1,1,1,1,1,1,1,1,0,0,0,1,1,1,12.23,0,1,1,0,0,0,0,75,1,0,1,0,1,1,91.4,0,1,0,0,0.0,-0.08892090339540548,0.0,0,79.33,A,75,31.0
3153,University of Craiova,https://www.ucv.ro,Romania,Eastern & Southern Europe,251,1,1,8,1,0,0,0,0,0,0,0,0,1,1,1,1,0,1,1,0,0,0,1,1,0,1,0,1,1,1,1,1,1,1,1,0,1,0,1,0,1,0,1,1,1,1,1,15.43,0,1,0,0,0,0,0,75,1,1,1,1,1,1,77.8,0,1,0,0,0.6931471805599453,-1.329624601507865,26.0,0,79.28,A,32,
5164,Eastern University Sri Lanka,https://www.esn.ac.lk,Sri Lanka,South & Central Asia + Oceania,252,1,1,8,1,0,0,0,0,0,0,1,0,1,1,1,1,0,1,1,2,1,1,1,0,0,1,0,1,1,1,1,1,1,1,1,1,1,0,1,1,0,0,1,0,1,1,1,8.23,0,1,1,0,0,0,0,75,1,0,1,0,1,1,100.0,0,1,0,0,0.0,-1.1451171179195403,11.0,0,79.24,A,76,
6085,University of Santiago Chile,https://www.usach.cl,Chile,Latin America & Africa,253,1,1,5,1,1,0,0,0,1,1,1,0,0,0,1,1,1,1,0,2,0,0,1,0,1,1,0,1,1,1,1,1,1,1,1,1,1,0,1,0,0,0,1,0,0,1,1,15.43,0,1,1,0,0,0,0,75,1,2,1,0,1,1,50.9,0,1,0,0,1.0986122886681098,-0.5619397931458402,0.0,0,79.17,A,25,
1018,Dartmouth College,https://www.dartmouth.edu,United States,North America,254,1,1,6,1,0,1,0,0,0,0,1,1,4,0,0,1,1,1,1,12,1,1,0,1,1,1,0,1,1,1,1,1,1,1,1,1,1,1,1,0,0,0,0,0,1,1,1,17.22,0,1,1,1,0,0,1,100,1,0,1,1,1,1,100.0,0,1,1,0,0.0,0.057554020025226894,3650.0,1,79.11,A,49,40.0
3173,Corvinus University of Budapest,https://www.uni-corvinus.hu,Hungary,Eastern & Southern Europe,255,1,1,8,1,1,0,0,1,1,2,0,1,4,0,1,1,0,1,1,4,1,1,1,1,1,1,0,1,1,1,1,1,1,1,1,0,1,0,1,1,0,0,1,0,1,1,1,21.0,0,1,1,1,0,0,1,90,1,2,1,1,1,0,84.1,0,1,0,0,1.0986122886681098,-0.11633595862333981,0.0,0,79.11,A,33,
5065,Bharathidasan University,https://www.bdu.ac.in,India,South & Central Asia + Oceania,256,1,1,11,0,0,0,0,0,1,1,1,1,4,1,1,1,1,1,1,0,0,0,1,0,0,1,0,1,1,1,1,1,1,1,1,1,1,1,1,0,1,0,0,0,1,0,1,15.43,0,1,0,0,0,0,0,75,1,0,1,1,1,0,32.0,0,1,1,0,0.0,0.8642953654978665,0.0,0,79.1,A,77,32.0
1097,Mississippi State University,https://www.msstate.edu,United States,North America,257,1,1,2,1,0,0,0,0,0,0,1,0,1,1,1,1,1,1,1,5,1,0,1,1,0,1,1,1,1,1,1,1,1,1,1,1,1,0,1,0,0,0,1,0,1,1,1,15.91,0,1,0,0,0,0,1,75,1,0,0,1,1,1,58.8,0,1,0,0,0.0,0.016535647001073486,0.0,0,79.06,A,50,41.0
5402,Indian Institute of Technology Goa,https://www.iitgoa.ac.in,India,South & Central Asia + Oceania,258,1,1,4,1,0,0,0,0,0,0,1,0,0,1,1,1,1,1,1,0,0,0,1,1,1,1,0,1,1,1,1,1,1,1,1,1,1,0,1,1,1,0,0,0,1,1,1,12.63,0,1,1,0,0,0,1,90,1,1,0,0,1,1,95.2,0,1,0,0,0.6931471805599453,4.000295418680758,22.0,0,79.03,A,78,33.0
1017,Brown University,https://www.brown.edu,United States,North America,259,0,1,4,1,0,0,0,0,0,0,0,0,1,0,1,1,0,1,1,1,1,1,1,1,1,1,0,1,1,1,1,1,1,1,1,1,1,1,1,0,0,0,1,0,1,1,1,21.0,0,0,0,0,0,0,0,75,1,0,1,1,1,1,64.8,0,1,1,0,0.0,-0.32093369469764277,5.0,0,79.01,A,51,42.0
4181,Mahidol University,https://www.mahidol.ac.th,Thailand,Asia (East & Southeast),260,1,1,10,1,1,0,0,0,0,0,1,0,0,1,1,1,0,1,1,4,1,1,0,0,0,1,0,1,1,1,1,1,1,1,1,0,1,1,1,1,0,0,1,0,1,1,1,6.1,0,1,1,0,0,0,0,90,1,0,1,1,1,1,21.6,0,1,0,0,0.0,-0.9087204112541594,19.0,0,78.86,A,14,
1146,Smith College,https://www.smith.edu,United States,North America,261,0,1,5,1,0,0,0,0,0,0,1,0,0,0,1,1,1,1,1,0,0,0,0,0,1,1,0,1,1,1,1,1,1,1,1,1,1,0,1,0,0,0,1,0,1,1,1,15.85,0,1,0,0,0,0,0,100,1,0,1,1,1,1,16.7,0,1,1,0,0.0,-0.03173344852734948,1.0,0,78.82,A,52,43.0
3208,Riga Stradins University,https://www.rsu.lv,Baltics,Eastern & Southern Europe,262,1,1,9,1,1,0,0,1,1,1,1,1,10,0,1,1,1,1,1,15,1,1,1,0,0,1,0,1,1,1,1,1,1,0,1,1,1,0,1,0,0,0,0,1,1,1,0,21.0,0,1,0,1,0,0,0,75,1,0,1,1,1,1,20.0,0,1,1,0,0.0,-0.7889919240790302,0.0,0,78.81,A,34,
3141,University of Ostrava,https://www.osu.cz,Czechia,Eastern & Southern Europe,263,1,1,9,1,1,0,0,0,1,1,1,0,1,0,0,1,1,1,1,0,0,0,0,0,0,1,1,1,1,1,1,1,1,1,1,0,0,1,1,0,0,1,1,1,1,1,1,8.06,0,1,1,0,0,0,1,75,1,0,0,1,1,0,99.3,0,1,0,0,0.0,0.2673735162118369,3650.0,1,78.81,A,34,
4172,Sepuluh Nopember Institute of Technology,https://www.its.ac.id,Indonesia,Asia (East & Southeast),264,1,1,6,0,1,0,0,1,1,0,1,1,6,0,1,1,1,1,1,9,0,0,1,1,0,1,0,1,1,1,1,1,1,1,1,0,1,0,1,1,0,1,1,0,1,0,1,5.89,0,1,1,1,0,0,0,90,1,0,1,1,1,1,13.3,0,1,1,0,0.0,0.1706577309585894,3650.0,1,78.79,A,15,
3029,Roma Tre University,https://www.uniroma3.it,Italy,Eastern & Southern Europe,265,1,1,10,1,1,0,0,0,1,0,0,0,0,1,1,1,1,1,1,0,0,0,0,0,0,1,0,1,1,1,1,1,1,1,1,1,1,0,1,1,0,0,1,0,1,1,0,21.0,0,1,1,0,0,0,0,75,1,0,1,0,1,0,60.0,0,1,1,0,0.0,-1.063249256465891,0.0,0,78.75,A,36,7.0
2090,Universite Cote d'Azur,https://univ-cotedazur.fr,France,Western & Northern Europe,266,1,1,8,1,1,0,0,1,1,0,0,1,2,1,0,1,1,1,1,0,1,1,0,1,0,1,0,1,1,1,1,1,1,1,1,1,1,1,1,1,1,0,0,1,1,1,1,16.1,0,0,1,0,0,0,0,75,1,0,0,1,1,0,86.0,0,1,0,0,0.0,1.1335141286047798,3650.0,1,78.74,A,60,12.0
4199,University of San Carlos,https://www.usc.edu.ph,Philippines,Asia (East & Southeast),267,1,1,6,1,0,0,0,1,1,1,1,0,0,1,1,1,0,1,1,0,0,0,1,1,0,1,0,1,1,1,1,1,1,1,1,0,1,1,1,0,0,0,1,0,1,1,1,17.58,0,1,1,0,0,1,0,75,1,0,1,1,1,1,86.0,0,1,1,0,0.0,-1.6345264607770285,3.0,0,78.73,A,16,
1193,American University,https://www.american.edu,United States,North America,268,1,1,12,1,0,1,0,1,1,0,0,0,1,1,0,1,1,1,1,1,1,1,0,1,1,1,0,1,1,1,1,1,1,1,1,1,1,1,1,0,0,0,1,0,1,1,1,11.07,0,1,1,1,0,0,0,100,1,0,1,1,1,1,72.4,0,1,0,0,0.0,-0.04602773003576635,3650.0,1,78.72,A,53,44.0
6338,Jimma University,https://www.ju.edu.et,Sub-Saharan Africa,Latin America & Africa,269,1,1,1,1,0,0,0,0,0,0,1,1,4,0,1,1,1,1,1,1,0,1,0,0,1,1,0,1,1,1,1,1,1,0,1,1,1,1,1,0,0,1,1,0,1,1,1,9.74,0,1,1,0,0,0,0,90,1,0,1,0,1,0,30.9,0,1,0,0,0.0,-0.6969966554938692,0.0,0,78.7,A,26,
2110,University of Twente,https://www.utwente.nl,Netherlands,Western & Northern Europe,270,1,1,5,1,1,0,0,1,0,0,1,0,0,1,0,1,1,1,1,17,1,1,1,1,1,1,0,1,1,1,1,1,1,1,1,1,1,1,1,1,0,0,1,0,1,1,1,15.83,0,1,0,0,0,0,0,100,1,0,1,1,1,0,40.0,0,1,0,0,0.0,0.054183430297699404,3650.0,1,78.69,A,61,1.0
3303,Polytechnic University of Bari,https://www.poliba.it,Italy,Eastern & Southern Europe,271,1,1,3,1,1,0,0,0,1,0,1,1,10,0,1,1,0,1,1,6,1,1,1,1,0,1,0,1,1,1,1,1,1,1,1,1,1,0,1,0,0,0,1,0,1,1,1,13.97,0,1,1,1,1,0,0,75,1,0,1,0,1,0,38.9,0,1,1,0,0.0,0.4339700669105831,8.0,0,78.63,A,37,8.0
4070,Chiba University,https://www.chiba-u.ac.jp,Japan,Asia (East & Southeast),272,1,1,7,1,1,0,0,0,1,1,1,0,0,0,1,1,1,1,1,0,0,0,0,0,0,1,0,1,1,1,1,1,1,0,1,1,1,1,1,0,1,0,1,0,1,1,1,15.64,0,1,1,0,0,0,0,75,1,0,0,1,1,1,65.6,0,1,0,0,0.0,0.36690830226999827,0.0,0,78.57,A,17,6.0
5325,Patuakhali Science and Technology University,https://www.pstu.ac.bd,Bangladesh,South & Central Asia + Oceania,273,1,1,11,1,0,0,0,0,0,0,0,1,10,1,1,1,1,1,1,6,0,0,0,0,0,1,0,1,1,1,1,1,1,1,1,0,1,0,1,1,0,0,1,0,1,1,1,21.0,0,1,1,0,0,0,0,75,1,0,1,1,1,1,45.5,0,1,0,0,0.0,-1.098189547758641,8.0,0,78.57,A,79,8.0
5310,Chandigarh University,https://www.cuchd.in,India,South & Central Asia + Oceania,274,1,1,8,1,0,0,1,1,1,2,1,1,10,0,0,1,1,1,1,0,1,1,0,1,0,1,0,1,1,1,1,1,1,1,1,0,1,1,1,0,0,1,1,0,1,1,1,15.43,0,1,1,0,0,1,0,100,1,0,1,1,1,1,86.8,0,1,0,0,0.0,0.02253207573673081,3650.0,1,78.57,A,79,34.0
2102,Delft University of Technology,https://www.tudelft.nl,Netherlands,Western & Northern Europe,275,1,1,2,1,1,0,0,0,0,0,1,1,10,1,1,1,0,1,1,0,1,1,1,1,0,1,0,1,1,1,1,1,1,1,1,1,1,1,1,1,0,0,0,0,0,1,1,14.85,0,1,1,0,0,1,1,100,1,0,1,1,1,1,87.0,0,1,1,0,0.0,0.08376742157908869,0.0,0,78.56,A,62,2.0
3059,University of Alicante,https://www.ua.es,Spain,Eastern & Southern Europe,276,1,1,1,1,1,0,0,0,0,0,1,1,2,1,1,1,0,1,1,4,1,1,1,0,0,0,0,1,1,1,1,1,1,1,1,0,1,0,1,1,0,0,1,1,1,1,1,15.43,0,0,1,1,0,1,0,75,1,0,1,1,1,0,78.6,0,1,1,0,0.0,1.517564190756514,11.0,0,78.53,A,38,6.0
5302,Indian Institute of Technology Bhubaneswar,https://www.iitbbs.ac.in,India,South & Central Asia + Oceania,277,1,1,9,1,1,0,0,1,0,0,0,0,0,1,1,1,1,1,1,2,1,1,0,0,0,1,0,1,1,1,1,1,1,0,1,1,1,1,1,1,0,0,1,0,1,1,1,14.35,0,1,0,0,0,0,0,90,1,0,1,0,1,1,69.6,0,1,1,0,0.0,3.9124691675810186,0.0,0,78.53,A,81,35.0
1133,Bard College,https://www.bard.edu,United States,North America,278,1,1,9,1,0,0,0,0,1,0,0,1,5,1,1,1,1,1,1,7,1,1,0,1,1,1,0,1,1,1,1,0,1,1,1,1,1,0,1,0,0,0,1,0,1,1,1,15.91,0,0,1,0,0,0,0,75,1,0,1,1,1,1,85.7,0,1,0,0,0.0,0.052167769022054916,0.0,0,78.52,A,54,45.0
4195,Ateneo de Manila University,https://www.ateneo.edu,Philippines,Asia (East & Southeast),279,1,1,8,1,0,0,0,0,0,0,1,0,0,0,1,1,0,1,1,20,1,1,1,1,0,1,0,1,1,1,1,1,1,1,1,1,1,0,1,0,0,0,1,0,1,1,1,17.04,0,1,0,0,0,0,0,75,1,0,1,1,1,1,24.8,0,1,0,0,0.0,-1.1760064654328881,0.0,0,78.48,A,18,
5169,Pokhara University,https://www.pu.edu.np,Nepal,South & Central Asia + Oceania,280,1,1,5,1,0,0,0,0,0,0,1,1,10,1,1,1,0,1,1,8,0,0,0,0,0,1,0,1,1,1,1,1,1,1,1,0,1,1,1,1,0,0,1,0,1,1,1,12.63,0,1,1,0,0,1,0,75,1,0,1,0,1,1,91.7,0,1,0,0,0.0,-0.4001419416152601,3.0,0,78.46,A,82,
2111,Maastricht University,https://www.maastrichtuniversity.nl,Netherlands,Western & Northern Europe,281,1,1,4,0,1,0,0,1,1,1,1,1,4,0,1,1,1,1,1,1,1,1,1,1,0,1,0,1,1,1,1,1,1,1,1,1,1,1,1,1,0,0,1,0,0,1,1,17.02,0,1,0,0,0,0,0,100,1,0,1,0,1,0,100.0,0,1,1,0,0.0,1.709674483396428,7.0,0,78.46,A,63,3.0
1401,Wilfrid Laurier University,https://www.wlu.ca,Canada,North America,282,1,1,5,1,0,0,0,1,0,0,1,0,0,0,1,1,1,1,1,7,1,0,0,1,1,1,0,1,1,1,1,1,1,0,1,1,1,1,1,0,0,0,0,0,1,1,1,9.74,0,1,1,1,0,0,1,75,1,0,1,1,1,1,97.6,0,1,1,0,0.0,0.20795472111378888,0.0,0,78.45,A,55,10.0
1036,Vanderbilt University,https://www.vanderbilt.edu,United States,North America,283,0,1,4,1,0,0,0,0,1,1,1,0,0,1,1,1,0,1,1,0,1,1,0,0,1,1,0,1,1,1,1,1,1,1,1,1,1,0,1,1,0,0,1,0,1,1,1,15.38,0,1,0,0,0,0,0,75,1,0,1,1,1,1,100.0,0,1,1,0,0.0,-0.2440760361523857,5.0,0,78.42,A,56,46.0
3144,Babes-Bolyai University,https://www.ubbcluj.ro,Romania,Eastern & Southern Europe,284,1,1,9,1,1,0,0,0,0,0,0,1,2,0,1,1,0,1,1,8,1,1,1,0,0,1,0,1,1,1,1,1,1,1,1,1,1,0,1,0,0,0,1,1,1,1,1,1.41,0,1,1,0,0,1,0,75,1,0,1,1,1,0,87.5,0,1,1,0,0.0,0.09020793702790156,62.0,0,78.41,A,39,
6345,University of Jos,https://www.unijos.edu.ng,Sub-Saharan Africa,Latin America & Africa,285,1,1,7,1,0,0,0,0,0,0,1,1,10,0,1,1,1,1,1,20,1,1,0,1,1,1,0,1,1,1,1,1,1,1,1,1,1,1,1,0,0,0,1,0,1,1,1,4.94,0,1,1,0,0,0,0,75,1,1,1,0,1,1,40.0,0,1,0,0,0.6931471805599453,0.13339969130019078,0.0,0,78.4,A,27,
2031,University of Aberdeen,https://www.abdn.ac.uk,United Kingdom,Western & Northern Europe,286,1,1,6,1,0,0,1,1,0,0,1,1,5,0,0,1,0,1,1,0,0,0,0,1,1,1,0,1,1,1,1,1,1,1,1,1,1,1,1,0,0,1,1,0,0,1,1,9.32,0,1,1,0,0,1,0,100,1,0,1,1,1,1,61.9,0,1,1,0,0.0,3.2150631545018773,3650.0,1,78.37,A,64,16.0
5400,Indian Institute of Technology Dharwad,https://www.iitdh.ac.in,India,South & Central Asia + Oceania,287,1,1,12,1,1,0,0,1,1,1,1,1,10,1,1,1,1,1,1,20,1,1,1,1,1,1,0,1,1,1,1,1,1,1,1,1,1,0,1,1,0,0,0,0,0,1,0,18.88,0,1,0,0,0,1,0,75,1,0,1,0,1,1,5.4,0,1,0,0,0.0,0.13805862866755636,0.0,0,78.37,A,83,36.0
3084,Nicolaus Copernicus University,https://www.umk.pl,Poland,Eastern & Southern Europe,288,1,1,11,0,0,0,0,1,1,1,1,1,6,0,1,1,1,1,1,6,1,1,1,1,0,1,0,1,1,1,1,1,1,1,1,0,1,1,1,0,0,0,1,1,1,1,1,16.67,0,1,1,0,0,0,1,90,1,0,1,1,1,0,97.9,0,1,0,0,0.0,0.18443351301450422,15.0,0,78.37,A,40,4.0
5017,University of Hyderabad,https://www.uohyd.ac.in,India,South & Central Asia + Oceania,289,1,1,12,1,0,0,1,1,0,0,1,0,0,1,1,1,0,1,1,16,1,1,0,0,1,1,0,1,1,1,1,1,1,1,1,1,1,0,1,1,0,0,1,0,1,1,1,21.0,0,1,1,0,0,0,0,90,1,0,1,0,1,1,22.2,0,1,0,0,0.0,-0.45293545804627205,3.0,0,78.32,A,84,37.0
5082,Mehran University of Engineering and Technology,https://www.muet.edu.pk,Pakistan,South & Central Asia + Oceania,290,1,1,5,0,0,0,0,0,1,1,1,1,6,1,1,1,1,1,1,20,1,0,1,0,1,1,0,1,1,1,1,1,1,1,1,1,1,0,1,1,0,0,1,0,1,1,1,21.0,0,1,1,0,0,1,0,75,1,0,1,0,1,1,87.5,0,1,0,0,0.0,0.14653166216883012,2.0,0,78.32,A,84,8.0
2067,University of Konstanz,https://www.uni-konstanz.de,Germany,Western & Northern Europe,291,1,1,3,1,1,0,0,0,1,1,1,1,4,0,1,1,1,1,1,7,1,1,1,0,0,1,0,0,0,1,1,1,1,0,1,1,0,1,1,1,0,0,1,0,1,1,1,21.0,0,1,1,0,0,0,0,75,1,0,1,1,1,0,50.0,0,1,1,0,0.0,-0.7186377189956429,0.0,0,78.29,A,65,16.0
1157,Claremont McKenna College,https://www.cmc.edu,United States,North America,292,1,1,9,1,0,0,0,0,1,1,1,0,0,0,0,1,1,1,1,0,1,0,0,0,1,1,0,1,1,1,1,1,1,1,1,1,1,1,0,0,0,1,1,0,1,1,1,16.3,0,1,1,0,0,0,0,75,1,0,1,1,1,1,100.0,0,1,1,0,0.0,-1.1504163491860766,3650.0,1,78.26,A,57,47.0
2164,Royal Danish Academy,https://royaldanishacademy.com,Denmark,Western & Northern Europe,293,1,1,2,0,1,0,0,0,0,0,0,1,6,0,1,1,1,1,1,4,1,1,1,0,0,1,0,1,1,1,1,1,1,1,1,1,1,0,1,1,0,0,1,0,1,1,1,19.48,0,1,1,0,0,0,0,100,1,0,1,1,1,0,95.8,0,1,1,0,0.0,-0.6354630549832123,0.0,0,78.22,A,66,
1024,Carnegie Mellon University,https://www.cmu.edu,United States,North America,294,1,1,4,1,0,0,0,1,0,0,1,1,10,0,1,1,1,1,1,10,1,1,0,1,1,1,0,1,1,1,1,1,1,1,1,1,1,1,0,0,0,0,1,0,1,1,1,21.0,0,1,1,0,0,0,0,90,1,0,1,1,1,1,100.0,0,1,1,0,0.0,0.667857691384599,0.0,0,78.22,A,58,48.0
4182,Chiang Mai University,https://www.cmu.ac.th,Thailand,Asia (East & Southeast),295,1,1,8,1,1,0,0,0,0,0,1,1,10,1,1,1,1,1,0,12,1,1,1,1,0,1,0,1,1,1,1,1,1,1,1,0,1,0,1,0,0,0,1,1,1,1,1,4.48,0,1,1,0,0,0,0,75,1,0,1,1,1,1,3.4,0,0,0,0,0.0,3.6658442862777303,1.0,0,78.22,A,19,
1109,Illinois Institute of Technology,https://www.iit.edu,United States,North America,296,1,1,6,1,0,0,0,1,0,0,1,1,2,0,1,1,1,1,1,1,1,1,0,1,0,1,0,1,1,1,1,1,1,1,1,1,1,1,1,0,0,0,1,0,1,1,1,15.91,0,1,1,1,0,0,1,90,1,0,1,1,1,1,91.1,0,1,0,0,0.0,-0.21610896363591756,195.0,0,78.19,A,59,49.0
6307,Federal University of Grande Dourados,https://www.ufgd.edu.br,Brazil,Latin America & Africa,297,1,1,7,1,1,0,0,0,0,0,1,1,10,1,1,1,1,1,1,2,1,0,1,1,0,1,1,1,1,1,1,1,1,0,1,0,0,1,1,1,0,0,1,1,0,1,1,12.63,0,1,1,0,0,0,0,75,1,3,1,0,1,1,93.1,0,1,1,0,1.3862943611198906,-0.5020547669541389,0.0,0,78.18,A,28,1.0
6119,Ain Shams University,https://www.asu.edu.eg,Egypt & North Africa,Latin America & Africa,298,1,1,17,1,0,0,0,1,1,2,1,1,10,1,1,1,0,1,1,6,1,1,0,1,1,1,0,1,1,1,1,1,1,1,0,1,1,1,1,0,0,0,1,1,1,1,1,8.06,0,1,1,1,1,0,0,75,1,0,1,1,1,1,100.0,0,1,0,0,0.0,0.47125221611473045,0.0,0,78.13,A,29,
1013,"University of California, Los Angeles",https://www.ucla.edu,United States,North America,299,1,1,20,1,0,0,0,1,0,1,1,0,0,0,1,1,1,1,1,20,1,1,0,0,0,1,0,1,1,1,1,1,1,1,1,1,1,0,1,1,0,0,1,0,1,1,1,12.63,0,1,1,0,0,0,0,75,1,3,0,1,1,1,51.6,0,1,1,0,1.3862943611198906,-0.8278627794961435,0.0,0,78.11,A,60,50.0
2198,University of Limerick,https://www.ul.ie,Belgium/Ireland/Iceland,Western & Northern Europe,300,1,1,5,1,0,0,0,0,0,0,1,1,7,1,1,1,1,1,1,0,1,1,1,1,1,1,0,1,1,1,1,1,1,1,1,0,1,1,1,1,0,0,0,0,1,1,0,10.44,0,1,0,1,0,1,0,90,1,0,0,0,1,1,100.0,0,1,1,0,0.0,-0.5532583578980405,4.0,0,78.1,A,67,
2311,Munster Technological University,https://www.mtu.ie,Belgium/Ireland/Iceland,Western & Northern Europe,301,0,1,4,1,0,0,0,0,0,0,1,0,0,0,1,1,0,1,1,3,1,1,0,0,0,1,0,1,1,0,1,1,1,1,1,1,1,1,1,1,0,1,1,0,1,1,1,15.43,0,1,1,0,0,1,0,75,1,0,1,0,1,1,97.0,0,1,1,0,0.0,-0.5915720515247577,0.0,0,78.01,A,68,
5064,Sri Venkateswara University,https://www.svuniversity.edu.in,India,South & Central Asia + Oceania,302,1,1,9,1,0,0,0,1,1,1,1,0,0,0,1,1,1,1,1,12,1,0,1,0,0,1,0,1,1,1,1,1,1,0,1,1,1,1,1,0,1,0,0,0,1,0,0,12.63,0,1,0,0,0,1,1,90,1,1,1,0,1,0,44.4,0,1,1,0,0.6931471805599453,0.9328943482677924,17.0,0,77.95,A,86,38.0
3206,University of Latvia,https://www.lu.lv,Baltics,Eastern & Southern Europe,303,1,1,5,0,1,0,1,1,0,0,1,1,10,0,1,1,1,1,1,7,0,0,1,0,0,1,0,1,1,1,1,1,1,1,1,1,1,1,1,0,0,0,0,0,1,1,1,17.22,0,1,1,0,1,1,0,50,1,0,1,0,0,1,96.7,0,1,0,0,0.0,1.0356881462622916,7.0,0,77.92,A,41,
1011,Johns Hopkins University,https://www.jhu.edu,United States,North America,304,1,1,3,1,0,0,0,0,0,0,1,0,0,0,1,1,1,1,1,7,1,1,0,0,1,1,0,1,1,1,1,1,1,1,1,1,1,1,1,0,0,0,0,0,1,1,0,1.7,0,1,1,0,0,0,0,90,1,0,1,1,1,1,74.4,0,1,1,0,0.0,-0.2084439141314039,6.0,0,77.89,A,61,51.0
5121,RMIT University,https://www.rmit.edu.au,Australia,South & Central Asia + Oceania,305,0,1,6,1,0,0,0,1,0,0,1,1,2,0,0,1,1,1,1,0,1,1,0,0,0,1,0,1,1,1,1,1,1,1,1,1,1,1,1,0,0,1,0,0,1,1,0,18.62,0,1,0,0,0,0,1,75,1,0,1,1,1,1,45.8,0,1,1,0,0.0,0.01585141470688047,3650.0,1,77.88,A,87,21.0
5072,Aga Khan University,https://www.aku.edu,Pakistan,South & Central Asia + Oceania,306,1,1,9,1,0,0,0,0,0,0,1,1,8,1,1,1,0,1,1,2,1,1,0,1,0,1,0,1,1,1,1,1,1,1,1,1,1,1,1,1,0,0,0,0,1,1,1,5.74,0,1,1,0,0,1,0,75,1,1,0,1,1,1,53.8,0,1,0,0,0.6931471805599453,3.102316810497711,0.0,0,77.87,A,88,9.0
3077,Jagiellonian University,https://www.uj.edu.pl,Poland,Eastern & Southern Europe,307,1,1,0,0,1,0,0,1,1,1,1,1,10,0,1,1,1,1,1,17,1,1,1,1,0,1,0,1,1,1,1,1,1,1,1,1,0,1,0,0,0,1,1,0,1,1,1,8.47,0,1,1,0,0,1,0,75,1,0,1,0,1,0,72.7,0,1,1,0,0.0,0.7583855005830878,0.0,0,77.82,A,42,5.0
1084,University of Oregon,https://www.uoregon.edu,United States,North America,308,1,1,4,1,0,0,0,0,0,0,1,0,1,0,0,1,1,1,1,0,1,1,0,1,0,1,0,1,1,1,1,1,1,1,1,1,1,1,1,1,0,1,0,0,1,1,0,3.36,0,1,1,0,0,0,0,100,1,0,1,1,1,1,85.7,0,1,1,0,0.0,-0.7737931059643051,3650.0,1,77.8,A,62,52.0
4136,National Yunlin University of Science and Technology,https://www.yuntech.edu.tw,Taiwan,Asia (East & Southeast),309,1,1,20,1,0,0,0,1,0,0,1,1,7,1,1,1,1,1,0,1,1,1,0,0,0,1,0,1,1,1,1,1,1,1,1,1,1,1,1,0,0,0,1,0,1,1,1,20.86,0,1,1,0,0,0,0,75,1,39,0,1,1,0,60.6,0,1,1,0,3.6888794541139363,-1.0273135479055322,8.0,0,77.79,A,20,
5081,University of Sindh,https://www.usindh.edu.pk,Pakistan,South & Central Asia + Oceania,310,1,1,2,1,0,0,0,0,0,0,0,0,0,1,1,1,1,1,1,0,1,1,1,0,0,1,0,1,1,1,1,1,1,1,1,1,1,0,1,1,1,0,1,0,1,1,1,15.43,0,1,1,0,0,0,0,75,1,3,1,0,1,1,61.1,0,1,0,0,1.3862943611198906,0.1188313603377436,4.0,0,77.79,A,89,10.0
2076,Paris-Saclay University,https://www.universite-paris-saclay.fr,France,Western & Northern Europe,311,1,1,4,1,1,0,0,1,1,1,1,1,10,0,1,1,1,1,1,2,1,1,0,0,0,1,0,1,1,1,0,1,1,1,1,1,1,1,1,0,0,0,1,1,0,1,1,6.58,0,1,1,0,0,0,0,90,1,0,1,0,1,0,81.8,0,1,1,0,0.0,-0.16842397950816473,0.0,0,77.78,A,69,13.0
4164,Universiti Tunku Abdul Rahman,https://www.utar.edu.my,Malaysia,Asia (East & Southeast),312,1,1,11,1,0,1,0,0,0,0,1,0,1,1,0,1,1,1,0,0,0,0,0,0,0,1,0,1,1,1,1,1,1,1,1,1,1,0,1,1,0,1,0,0,1,1,0,21.0,0,1,0,1,0,0,0,75,1,0,1,0,1,0,40.9,0,1,0,0,0.0,-0.5465197147131645,3650.0,1,77.77,A,21,
6150,Cheikh Anta Diop University,https://www.ucad.sn,Sub-Saharan Africa,Latin America & Africa,313,1,1,8,1,0,0,0,0,1,1,0,1,5,1,1,1,0,1,0,0,0,0,1,0,1,1,1,1,1,1,1,1,1,1,1,1,0,0,1,0,1,0,1,0,1,1,1,5.89,0,1,1,0,0,0,0,75,1,1,1,0,1,1,40.5,0,1,0,1,0.6931471805599453,-0.3660161828652622,0.0,0,77.72,A,30,
1112,Drexel University,https://drexel.edu,United States,North America,314,0,1,4,1,0,0,0,1,1,1,1,1,10,0,1,1,0,1,1,8,1,1,0,1,1,1,1,1,1,1,1,1,1,1,1,1,1,0,1,0,0,0,1,0,1,1,1,12.63,0,1,0,0,0,0,1,100,1,0,1,1,1,1,66.7,0,1,0,0,0.0,1.0732766611233264,0.0,0,77.68,A,63,53.0
5001,Indian Institute of Technology Bombay,https://www.iitb.ac.in,India,South & Central Asia + Oceania,315,1,1,6,1,1,0,0,1,1,1,1,1,5,1,1,1,1,1,1,20,1,0,1,0,0,1,0,1,1,1,1,1,1,0,1,0,1,1,1,0,0,0,0,0,1,1,1,11.2,0,1,1,0,0,0,0,75,1,1,1,1,1,1,100.0,0,1,0,0,0.6931471805599453,-0.28624481820391023,0.0,0,77.63,A,90,39.0
3110,University of Algarve,https://www.ualg.pt,Portugal,Eastern & Southern Europe,316,1,1,3,0,1,0,1,1,1,1,1,0,0,0,1,1,1,1,1,20,1,0,1,1,1,1,0,1,1,1,1,1,1,1,1,1,1,1,1,1,0,0,1,0,1,1,1,21.0,0,1,0,0,0,0,0,75,1,0,1,0,1,0,92.1,0,1,0,0,0.0,-0.00670468009900357,21.0,0,77.63,A,43,
3057,Rovira i Virgili University,https://www.urv.cat,Spain,Eastern & Southern Europe,317,1,1,9,1,1,0,0,1,0,0,1,0,0,1,1,1,1,1,1,0,0,0,1,1,0,1,0,1,1,1,1,1,1,1,0,1,1,1,1,1,0,0,0,0,1,1,1,8.86,0,1,1,0,0,0,0,75,1,0,1,1,1,0,22.2,0,1,1,0,0.0,0.24480237063329718,0.0,0,77.63,A,43,7.0
4180,Chulalongkorn University,https://www.chula.ac.th,Thailand,Asia (East & Southeast),318,1,1,6,1,1,0,1,1,1,1,1,0,0,1,0,1,1,1,1,0,1,1,0,1,1,1,0,1,1,1,1,1,1,1,1,1,1,1,1,0,0,0,1,0,1,1,1,21.0,0,1,0,0,0,0,0,100,1,0,1,0,1,1,59.1,0,1,1,0,0.0,-1.6228878788383148,3650.0,1,77.58,A,22,
1056,University of Iowa,https://uiowa.edu,United States,North America,319,0,1,3,1,0,0,0,0,0,0,1,1,4,1,1,1,1,1,1,2,1,1,1,0,1,1,0,1,1,1,1,1,1,0,1,1,1,1,1,1,0,0,0,0,1,1,0,21.0,0,1,0,1,0,0,0,90,1,0,1,1,1,1,83.3,0,1,1,0,0.0,0.3078075281725862,3.0,0,77.5,A,64,54.0
1007,University of Chicago,https://www.uchicago.edu,United States,North America,320,1,1,4,1,0,0,0,0,1,1,0,0,0,0,0,1,1,1,1,4,0,0,0,1,1,1,0,1,1,1,1,1,1,1,0,1,1,0,1,0,0,1,1,0,1,1,1,8.45,0,1,1,1,0,0,0,75,1,0,1,1,1,1,100.0,0,1,1,0,0.0,-0.006252338012345279,3650.0,1,77.49,A,65,55.0
1180,Dalhousie University,https://www.dal.ca,Canada,North America,321,1,1,6,0,0,0,0,1,0,0,1,1,3,1,0,1,0,1,1,0,0,0,0,1,0,1,0,1,1,1,1,1,1,1,1,1,1,1,1,1,0,1,0,0,1,1,1,15.52,0,1,1,0,0,0,1,90,1,0,1,1,1,1,62.5,0,1,1,0,0.0,-0.5983256213609826,3650.0,1,77.48,A,66,11.0
1113,Temple University,https://www.temple.edu,United States,North America,322,1,1,1,1,0,1,0,1,1,0,1,1,2,0,1,1,0,1,1,0,1,1,0,0,1,1,0,1,1,1,1,1,1,1,1,1,1,1,1,0,0,0,1,0,1,1,1,21.0,0,1,1,0,0,0,0,90,1,0,1,1,1,1,91.3,0,1,1,0,0.0,0.8159795939718193,11.0,0,77.47,A,67,56.0
1075,Clemson University,https://www.clemson.edu,United States,North America,323,1,1,6,1,0,0,0,1,1,1,1,1,2,0,1,1,1,1,1,7,1,1,0,0,1,1,0,1,1,1,1,1,1,1,1,1,1,1,0,0,0,0,0,0,1,1,1,19.8,0,1,1,0,0,0,0,75,1,0,1,1,0,1,42.4,0,1,1,0,0.0,3.7645376912080533,1.0,0,77.47,A,67,56.0
2062,Ulm University,https://www.uni-ulm.de,Germany,Western & Northern Europe,324,1,1,5,1,1,0,0,1,0,0,1,1,3,1,1,1,1,1,1,8,1,1,1,0,0,1,0,1,0,1,1,1,1,0,0,1,1,1,1,0,0,0,1,0,1,1,1,12.63,0,1,1,0,0,1,0,75,1,0,1,1,1,1,73.5,0,1,1,0,0.0,0.5600211828630934,0.0,0,77.47,A,70,17.0
5118,University of Adelaide,https://www.adelaide.edu.au,Australia,South & Central Asia + Oceania,325,1,1,6,1,0,0,0,0,0,0,1,0,0,0,0,1,0,1,1,0,0,0,0,0,0,1,0,1,1,1,1,1,1,1,1,0,1,1,1,1,0,1,0,0,1,1,1,16.58,0,1,1,1,1,0,1,100,1,0,1,1,1,1,87.5,0,1,1,0,0.0,0.5699389228045851,3650.0,1,77.41,A,91,22.0
1127,University at Buffalo,https://www.buffalo.edu,United States,North America,326,1,1,1,1,0,1,0,1,0,0,1,1,10,0,1,1,1,1,1,15,1,1,1,1,1,1,0,1,1,1,1,1,1,0,1,1,1,1,1,0,0,0,1,0,1,1,1,3.21,0,1,1,0,0,0,1,100,1,0,1,1,0,1,88.7,0,1,1,0,0.0,-0.48542151379449977,0.0,0,77.36,A,69,58.0
3010,Polytechnic University of Turin,https://www.polito.it,Italy,Eastern & Southern Europe,327,1,1,1,1,1,0,1,1,0,0,1,0,1,1,1,1,0,1,1,1,1,1,0,1,0,1,0,1,1,1,1,1,1,1,1,1,1,0,1,1,0,0,1,0,0,1,1,14.95,0,1,1,0,0,0,0,90,1,0,1,1,1,0,100.0,0,1,0,0,0.0,-0.1682854206691856,0.0,0,77.31,A,45,9.0
3075,University of Almeria,https://www.ual.es,Spain,Eastern & Southern Europe,328,1,1,0,1,1,1,0,0,0,0,0,1,3,1,0,1,1,1,1,1,1,1,0,0,1,1,0,1,1,1,1,1,1,1,1,1,0,0,1,0,0,1,1,0,0,0,1,12.82,0,1,1,0,0,0,0,90,1,0,1,0,0,0,77.4,0,1,1,0,0.0,1.60337037117017,3650.0,1,77.27,A,46,8.0
5151,Victoria University of Wellington,https://www.wgtn.ac.nz,New Zealand,South & Central Asia + Oceania,329,1,1,5,1,0,0,0,1,0,0,0,0,0,1,0,1,1,1,1,0,1,1,0,0,0,1,0,0,1,1,1,1,1,1,1,1,1,1,1,1,0,0,1,1,1,0,1,10.05,0,1,1,0,0,0,0,100,1,0,1,1,1,1,95.5,0,1,0,0,0.0,-0.5526565446381836,3650.0,1,77.25,A,92,
3205,Vytautas Magnus University,https://www.vdu.lt,Baltics,Eastern & Southern Europe,330,1,1,5,1,1,0,0,0,0,0,1,0,0,1,1,1,0,1,0,0,1,1,0,1,0,1,1,1,1,1,1,1,1,1,1,1,1,0,1,1,0,0,1,0,0,1,1,11.73,0,1,1,1,0,0,1,90,1,2,1,1,1,0,2.6,0,1,0,0,1.0986122886681098,-0.11830645545956173,0.0,0,77.21,A,47,
1156,Pomona College,https://www.pomona.edu,United States,North America,331,0,1,7,1,0,0,0,0,0,0,0,0,1,0,1,1,1,1,1,18,1,1,0,0,1,1,0,1,1,1,1,1,1,1,0,1,1,1,1,0,0,0,0,0,1,1,0,21.0,0,1,0,0,0,0,0,100,1,0,1,1,1,1,72.0,0,1,1,0,0.0,-0.29669556518337015,0.0,0,77.2,A,70,59.0
1103,Bowling Green State University,https://www.bgsu.edu,United States,North America,332,1,1,8,1,0,0,0,1,0,0,0,0,0,0,0,1,1,1,1,0,1,1,0,0,1,1,1,1,1,1,1,1,1,1,1,1,1,1,0,0,0,1,1,0,0,0,1,21.0,0,1,0,1,0,1,1,90,1,0,1,1,1,1,55.9,0,1,1,0,0.0,0.3461327756951538,3650.0,1,77.11,A,71,60.0
4060,Nagoya University,https://www.nagoya-u.ac.jp,Japan,Asia (East & Southeast),333,1,1,0,1,0,1,0,0,1,1,1,1,10,1,1,1,1,1,1,20,1,1,1,1,1,1,0,1,1,1,1,1,1,1,0,1,1,1,1,0,0,0,1,1,1,1,1,17.31,0,1,1,0,0,0,0,100,1,0,0,1,1,0,93.9,0,1,1,0,0.0,0.1347386591132497,95.0,0,77.09,A,23,7.0
2122,Lund University,https://www.lunduniversity.lu.se,Sweden,Western & Northern Europe,334,1,1,1,1,0,0,0,0,1,1,1,1,2,0,1,1,1,1,1,12,1,1,1,1,0,0,0,1,1,1,1,1,1,0,1,1,1,1,1,1,0,0,1,0,0,1,1,15.43,0,0,1,0,0,0,0,100,1,4,1,1,1,1,100.0,0,1,1,0,1.6094379124341003,1.4089847359462413,0.0,0,77.05,A,71,
1191,Universidad de las Americas Puebla,https://www.udlap.mx,United States,North America,335,1,1,7,1,0,0,0,1,1,1,1,0,0,1,0,1,1,1,0,3,1,1,0,0,1,1,0,1,1,1,1,1,1,1,1,0,1,0,1,1,1,1,1,0,1,0,1,1.11,0,1,1,0,0,0,0,75,1,2,1,0,0,1,16.0,0,1,0,0,1.0986122886681098,0.03165858250997858,3650.0,1,77.03,A,72,61.0
3122,University of Thessaly,https://www.uth.gr,Greece,Eastern & Southern Europe,336,1,1,6,1,1,0,0,1,0,0,1,0,0,1,1,1,1,1,1,6,0,0,1,0,0,1,0,1,0,1,0,1,1,0,1,1,1,1,1,1,0,0,1,1,1,1,1,18.1,0,1,1,0,0,0,0,75,1,0,0,1,1,0,87.5,0,1,1,0,0.0,-1.1528172944759696,55.0,0,77.01,A,48,
5099,Khulna University,https://www.ku.ac.bd,Bangladesh,South & Central Asia + Oceania,337,1,1,11,1,0,0,0,1,0,0,0,1,6,1,1,1,0,1,1,1,1,1,1,1,0,1,0,1,1,1,1,1,1,1,1,0,1,0,1,1,0,0,1,0,1,1,1,21.0,0,1,0,0,0,0,0,75,1,0,1,1,1,1,100.0,0,1,0,0,0.0,-0.006960598565778836,2.0,0,76.98,A,93,9.0
2092,Nantes University,https://www.univ-nantes.fr,France,Western & Northern Europe,338,1,1,1,1,1,1,0,1,1,0,1,1,4,0,1,1,1,1,1,7,1,1,1,1,0,1,1,1,1,1,1,1,1,0,0,1,1,1,1,1,0,0,0,1,1,1,1,7.12,0,0,1,0,0,0,0,75,1,0,1,1,1,0,75.0,0,1,1,0,0.0,0.1436628793373113,0.0,0,76.97,A,72,14.0
5168,Kathmandu University,https://www.ku.edu.np,Nepal,South & Central Asia + Oceania,339,1,1,6,1,0,0,0,0,0,0,0,0,0,1,1,1,1,1,1,0,1,1,0,0,0,1,0,1,1,1,1,1,1,1,1,0,1,0,1,0,0,0,1,0,1,1,1,15.43,0,1,1,0,0,0,0,75,1,0,1,1,1,1,84.2,0,1,0,0,0.0,-0.673560214983279,20.0,0,76.94,A,94,
2005,University of Edinburgh,https://www.ed.ac.uk,United Kingdom,Western & Northern Europe,340,1,1,10,1,0,0,0,1,1,1,1,0,0,0,1,1,0,1,1,1,1,1,1,0,0,1,0,1,1,1,1,1,1,0,1,1,1,0,1,1,0,0,1,0,1,0,1,9.28,0,1,1,0,0,0,0,100,1,0,1,1,1,1,100.0,0,1,1,0,0.0,-1.7145512615584784,1.0,0,76.89,A,73,17.0
4142,Hong Kong Polytechnic University,https://www.polyu.edu.hk,Hong Kong,Asia (East & Southeast),341,1,1,7,1,1,0,1,1,0,0,1,0,0,0,0,1,1,1,1,1,1,1,0,1,0,1,0,1,1,1,1,1,1,1,1,1,1,0,1,0,0,0,0,1,1,1,1,9.59,0,1,1,0,0,0,1,100,1,0,1,1,1,1,98.0,0,1,1,0,0.0,0.9147243142128878,3650.0,1,76.88,A,24,
2157,Copenhagen Business School,https://www.cbs.dk,Denmark,Western & Northern Europe,342,1,1,5,1,1,1,0,1,0,0,0,1,2,0,1,1,0,1,1,7,1,1,1,0,0,1,0,0,1,1,0,1,1,0,1,1,1,0,1,0,0,1,1,0,1,1,1,14.67,0,1,0,0,0,0,0,100,1,0,0,0,1,0,63.2,0,1,0,0,0.0,1.4332339091277078,0.0,0,76.86,A,74,
1119,Clark University,https://www.clarku.edu,United States,North America,343,1,1,5,1,0,1,0,1,1,1,1,1,3,0,0,1,1,1,1,0,1,1,0,1,0,1,0,1,1,1,1,1,1,1,1,1,1,1,1,0,0,0,1,0,1,1,1,16.81,0,1,0,0,0,0,0,90,1,0,1,1,1,1,83.3,0,1,1,1,0.0,0.17688019609549085,3650.0,1,76.85,A,73,62.0
5104,Daffodil International University,https://www.daffodilvarsity.edu.bd,Bangladesh,South & Central Asia + Oceania,344,1,1,6,0,0,0,1,1,1,1,1,1,2,0,1,1,0,1,1,0,0,0,1,1,1,1,0,1,1,1,1,1,1,1,0,1,1,1,1,0,1,0,1,1,1,1,1,21.0,0,1,0,1,0,0,0,90,1,0,1,1,1,0,93.0,0,1,0,0,0.0,-0.1705553223211369,3.0,0,76.84,A,95,10.0
1111,University of St. Thomas,https://www.stthomas.edu,United States,North America,345,0,1,1,1,0,0,0,1,1,1,1,1,10,0,1,1,1,1,0,0,1,1,0,0,1,1,0,1,1,1,1,1,1,1,1,1,1,1,1,0,0,0,1,0,1,1,1,21.0,0,1,0,0,0,0,0,75,1,0,1,1,1,1,86.4,0,1,1,0,0.0,1.753187268523686,4.0,0,76.83,A,74,63.0
3090,University of Gdansk,https://www.ug.edu.pl,Poland,Eastern & Southern Europe,346,1,1,8,0,0,0,0,0,0,0,1,1,8,0,1,1,1,0,0,7,1,1,1,1,0,1,0,1,1,1,1,1,1,1,1,1,1,1,1,0,1,0,1,0,0,1,1,18.42,0,1,1,1,0,0,0,75,1,0,1,0,1,0,97.4,0,1,1,0,0.0,0.8370262379559369,1.0,0,76.82,A,49,6.0
1197,Gonzaga University,https://www.gonzaga.edu,United States,North America,347,1,1,1,1,0,0,0,1,0,0,1,1,7,1,1,1,0,1,1,11,1,1,0,1,1,1,0,1,1,1,1,1,1,1,1,1,1,1,1,1,0,0,1,0,0,1,1,12.63,0,1,1,0,0,0,1,75,1,1,1,1,1,1,79.2,0,1,1,0,0.6931471805599453,1.3108931957632453,34.0,0,76.79,A,75,64.0
3022,Ca' Foscari University of Venice,https://www.unive.it,Italy,Eastern & Southern Europe,348,1,1,6,1,0,0,0,0,1,0,0,1,10,1,1,1,1,1,1,0,1,1,1,1,1,1,0,1,1,1,1,1,1,0,1,1,1,1,1,1,0,0,1,0,1,1,1,15.43,0,1,1,0,0,1,0,85,1,0,1,1,1,0,43.6,0,1,0,0,0.0,0.0049391648423065615,0.0,0,76.72,A,50,10.0
6349,University of Education Winneba,https://www.uew.edu.gh,Sub-Saharan Africa,Latin America & Africa,349,1,1,7,1,0,0,0,0,1,1,1,1,4,1,1,1,1,1,1,9,1,1,1,1,1,1,1,1,1,1,1,1,1,0,1,1,1,0,1,1,0,0,0,0,1,1,0,21.0,0,1,1,0,0,0,0,100,1,0,0,0,1,1,83.3,0,1,0,0,0.0,-0.7118627275695609,13.0,0,76.72,A,31,
1101,Miami University,https://www.miamioh.edu,United States,North America,350,1,1,5,1,0,0,0,1,0,0,1,0,0,1,0,1,1,1,1,1,1,1,0,1,1,1,0,1,1,1,1,1,1,1,1,1,1,1,1,0,0,0,1,0,1,1,1,21.0,0,1,1,0,0,0,0,100,1,1,1,1,1,1,65.9,0,1,1,0,0.6931471805599453,2.2205481247988876,3650.0,1,76.71,A,76,65.0
5323,University of Barisal,https://www.bu.ac.bd,Bangladesh,South & Central Asia + Oceania,351,1,1,11,0,0,0,0,0,0,0,0,1,10,1,1,1,1,1,0,20,1,1,0,1,0,1,0,1,1,1,1,1,1,1,1,0,1,0,1,1,0,0,1,1,1,1,1,15.43,0,1,1,0,0,0,0,75,1,2,1,1,1,1,95.2,0,1,0,0,1.0986122886681098,-1.013296269793958,0.0,0,76.64,A,96,11.0
2028,University of Sussex,https://www.sussex.ac.uk,United Kingdom,Western & Northern Europe,352,1,1,5,1,0,0,0,1,0,0,1,0,0,0,1,1,1,1,1,0,1,1,0,1,1,1,0,0,1,0,1,1,1,1,1,1,1,0,1,0,0,1,0,0,1,1,1,21.0,0,1,0,0,0,1,0,75,1,0,1,1,1,1,16.7,0,1,1,0,0.0,-1.2004687901113855,0.0,0,76.62,A,75,18.0
6147,University of Ghana,https://www.ug.edu.gh,Sub-Saharan Africa,Latin America & Africa,353,1,1,4,1,0,0,0,0,0,0,1,0,0,1,1,1,1,1,1,5,1,1,1,0,1,1,0,1,1,1,1,1,1,0,1,1,1,0,1,0,0,0,1,0,1,1,1,15.43,0,1,0,0,0,0,0,90,1,0,0,0,1,1,66.7,0,1,0,0,0.0,-0.10698188924448394,5.0,0,76.59,A,32,
2097,Clermont Auvergne University,https://www.uca.fr,France,Western & Northern Europe,354,1,1,2,1,1,0,0,1,0,0,1,1,2,0,1,1,0,1,1,1,1,1,0,0,0,1,0,1,1,1,1,1,1,1,1,1,0,1,0,1,0,0,1,1,1,1,1,19.6,0,1,1,0,0,0,0,100,1,1,1,1,1,0,87.5,0,1,1,0,0.6931471805599453,-0.7060281489412803,0.0,0,76.58,A,76,15.0
2156,Roskilde University,https://ruc.dk,Denmark,Western & Northern Europe,355,1,1,7,1,1,0,0,0,0,0,0,0,0,0,1,1,0,1,0,0,0,0,1,0,0,1,0,0,1,1,1,1,1,0,1,0,1,1,1,1,0,1,1,0,1,1,1,14.74,0,1,0,0,0,1,0,75,1,0,1,1,1,0,100.0,0,1,0,0,0.0,0.5876652402899656,2.0,0,76.57,A,77,
1043,Wake Forest University,https://www.wfu.edu,United States,North America,356,1,1,2,1,0,1,0,1,0,0,0,1,10,0,1,1,1,1,1,0,1,1,0,0,1,1,0,1,1,1,1,1,1,1,1,1,1,1,1,0,0,0,0,0,1,1,1,15.91,0,1,1,0,0,0,0,90,1,0,1,1,1,1,60.0,0,1,0,0,0.0,0.03082992850949036,41.0,0,76.56,A,77,66.0
6122,Assiut University,https://www.aun.edu.eg,Egypt & North Africa,Latin America & Africa,357,1,1,11,1,1,0,0,1,0,0,1,1,10,1,1,1,0,0,1,19,1,1,1,1,1,1,0,1,1,1,1,1,1,1,1,1,1,1,1,0,0,0,1,1,1,1,1,3.79,0,1,1,1,0,0,0,75,1,0,0,0,1,0,8.7,0,1,1,0,0.0,-0.2182670608677041,0.0,0,76.55,A,33,
4203,Far Eastern University,https://www.feu.edu.ph,Philippines,Asia (East & Southeast),358,1,1,4,1,0,0,0,0,1,1,1,0,0,1,1,1,1,1,1,3,1,1,0,0,0,1,0,1,1,1,1,1,1,1,1,0,1,1,1,0,0,0,1,0,1,1,1,5.47,0,1,1,0,0,0,0,90,1,1,0,1,1,1,0.0,0,1,0,0,0.6931471805599453,0.41065331714309344,22.0,0,76.52,A,25,
3074,University of La Laguna,https://www.ull.es,Spain,Eastern & Southern Europe,359,0,1,20,1,1,0,0,1,0,0,1,0,0,1,1,1,1,1,1,18,0,0,0,0,0,1,0,1,1,1,1,1,1,1,1,1,1,0,1,1,0,0,0,0,0,1,0,10.86,0,1,0,0,0,0,0,100,1,0,1,0,1,1,0.0,0,0,1,0,0.0,-0.22865427828797852,4.0,0,76.49,A,51,9.0
6107,University of the Witwatersrand,https://www.wits.ac.za,South Africa,Latin America & Africa,360,1,1,6,1,0,0,0,0,0,0,1,1,2,0,1,1,1,1,1,5,1,0,0,1,1,1,0,1,1,1,1,1,1,0,1,1,1,1,1,0,0,0,1,0,1,1,1,12.45,0,1,1,1,0,0,0,75,1,1,1,1,1,0,41.7,0,1,0,0,0.6931471805599453,0.9311187287203244,0.0,0,76.49,A,34,14.0
5174,Al-Farabi Kazakh National University,https://www.kaznu.kz,Central Asia,South & Central Asia + Oceania,361,1,1,6,1,1,0,0,0,1,1,0,0,1,1,1,1,0,1,1,0,1,1,0,1,0,1,0,1,1,1,1,1,1,1,1,1,1,0,1,0,0,0,1,0,0,0,1,15.43,0,1,1,0,0,0,0,75,1,0,0,1,1,0,58.6,0,1,0,0,0.0,2.5000796600995003,1.0,0,76.45,A,97,
5417,Central University of Tamil Nadu,https://www.cutn.ac.in,India,South & Central Asia + Oceania,362,1,1,4,0,0,0,0,1,0,0,1,1,10,1,1,1,1,1,1,20,1,1,1,0,1,1,0,1,1,1,1,1,1,1,1,1,1,1,1,1,0,0,0,0,1,1,0,13.77,0,1,1,0,0,0,0,75,1,0,0,0,1,1,97.7,0,1,1,0,0.0,2.079035072266985,4.0,0,76.45,A,97,40.0
6344,Nnamdi Azikiwe University,https://www.unizik.edu.ng,Sub-Saharan Africa,Latin America & Africa,363,1,1,7,0,0,0,0,0,1,1,1,1,10,0,1,1,0,1,1,8,1,1,1,1,0,1,0,1,1,1,1,1,1,1,1,0,1,0,1,1,1,0,0,0,1,0,0,16.79,0,1,0,0,0,0,0,90,1,0,1,1,1,1,100.0,0,1,0,0,0.0,-1.5404358768449038,9.0,0,76.44,A,35,
2012,University of Southampton,https://www.southampton.ac.uk,United Kingdom,Western & Northern Europe,364,1,1,0,1,1,0,0,1,0,0,1,0,1,1,0,1,0,1,1,0,1,1,0,0,0,1,0,1,1,1,1,1,1,1,0,1,1,0,1,0,1,1,1,1,1,1,1,21.0,0,1,1,0,0,1,1,100,1,0,1,0,1,1,91.7,0,1,1,0,0.0,0.37087763204765367,3650.0,1,76.4,A,78,19.0
2181,University of Basel,https://www.unibas.ch,Switzerland/Austria,Western & Northern Europe,365,1,1,5,1,1,0,0,1,1,3,1,0,0,0,0,1,1,1,1,0,1,1,0,0,1,1,0,1,1,1,1,1,1,1,1,1,1,1,1,1,0,0,0,1,1,1,1,15.91,0,1,0,0,0,1,1,75,1,0,1,1,1,1,95.8,0,1,0,0,0.0,0.757651944292047,3650.0,1,76.4,A,78,
2021,University of York,https://www.york.ac.uk,United Kingdom,Western & Northern Europe,366,1,1,5,1,0,0,1,1,0,0,1,0,0,0,1,1,0,1,1,1,1,1,0,1,0,1,0,1,1,1,1,1,1,0,1,1,1,1,1,0,0,0,1,0,1,1,1,19.59,0,1,1,1,0,0,0,90,1,0,1,1,1,1,11.8,0,1,1,0,0.0,-1.0581261435361762,1.0,0,76.39,A,80,20.0
1196,University of Denver,https://www.du.edu,United States,North America,367,1,1,1,1,0,0,0,1,1,1,1,0,1,0,0,1,0,1,1,0,1,1,0,1,1,1,0,1,1,1,1,1,1,1,1,1,1,1,1,0,0,1,0,0,1,1,1,7.75,0,1,1,1,0,0,1,100,1,1,1,1,1,1,87.0,0,1,0,0,0.6931471805599453,-0.021789600521494118,3650.0,1,76.36,A,78,67.0
1138,Swarthmore College,https://www.swarthmore.edu,United States,North America,368,1,1,5,1,0,0,0,0,0,0,0,1,4,0,1,1,1,1,1,4,1,1,1,0,1,1,0,1,1,0,1,1,1,1,1,1,1,1,1,0,0,0,1,0,1,1,1,21.0,0,1,1,0,0,0,0,75,1,0,1,1,1,1,91.7,0,1,1,0,0.0,-0.08041687105601618,0.0,0,76.33,A,79,68.0
1151,Macalester College,https://www.macalester.edu,United States,North America,369,1,1,3,1,0,0,0,1,0,0,0,1,5,1,0,1,1,1,1,20,1,1,0,0,0,1,0,1,1,1,1,1,1,1,1,1,1,1,1,0,0,0,1,0,1,1,1,21.0,0,1,1,0,0,0,0,100,1,0,1,1,1,1,53.3,0,1,0,0,0.0,-1.141301155180709,3650.0,1,76.3,A,80,69.0
3194,Slovak University of Technology in Bratislava,https://www.stuba.sk,Bulgaria & Slovakia,Eastern & Southern Europe,370,1,1,2,1,1,0,0,1,1,1,1,0,1,1,1,1,1,1,1,0,1,1,1,1,0,1,0,1,1,1,1,1,1,1,1,0,1,0,1,1,0,0,0,1,1,1,1,12.1,0,1,1,0,0,0,0,75,1,0,0,1,1,0,96.7,0,1,1,0,0.0,-0.8876959019661369,39.0,0,76.29,A,52,
2308,University of Namur,https://www.unamur.be,Belgium/Ireland/Iceland,Western & Northern Europe,371,1,1,6,1,1,1,0,0,0,0,0,1,10,0,1,1,1,0,1,9,1,1,1,0,1,1,0,1,1,1,1,1,1,0,1,1,1,1,1,1,0,0,0,0,0,1,1,10.35,0,1,0,1,0,0,0,100,1,0,0,1,1,0,100.0,0,1,0,0,0.0,0.8357342819363694,0.0,0,76.28,A,81,
1046,Ohio State University,https://www.osu.edu,United States,North America,372,1,1,9,1,0,0,0,1,0,0,0,0,0,1,1,1,1,1,0,0,1,1,0,1,0,1,0,1,1,1,1,1,1,1,1,1,1,1,1,1,0,0,1,0,1,1,1,15.77,0,1,1,0,0,0,1,90,1,0,1,1,1,1,94.2,0,1,0,0,0.0,-0.19042068962079112,410.0,0,76.27,A,81,70.0
4124,National Taiwan University,https://www.ntu.edu.tw,Taiwan,Asia (East & Southeast),373,1,1,5,1,0,0,1,1,0,0,1,1,6,1,0,1,1,1,1,20,1,1,0,0,1,1,0,1,1,1,1,1,1,1,1,0,1,1,1,1,0,0,1,1,1,1,1,21.0,0,1,1,0,0,0,0,100,1,1,0,1,1,0,100.0,0,1,0,0,0.6931471805599453,-0.909322406871679,3650.0,1,76.27,A,26,
2007,King's College London,https://www.kcl.ac.uk,United Kingdom,Western & Northern Europe,374,1,1,6,1,0,0,0,0,0,0,0,1,4,0,1,1,1,0,1,4,1,1,0,0,0,1,1,1,1,1,1,1,1,1,1,1,1,0,1,0,0,0,1,0,0,1,1,6.13,0,1,0,0,0,0,1,75,1,0,1,1,0,1,100.0,0,1,1,0,0.0,-1.2096834759203428,0.0,0,76.19,A,82,21.0
6149,University of Cape Coast,https://www.ucc.edu.gh,Sub-Saharan Africa,Latin America & Africa,375,1,1,7,1,0,1,0,1,1,1,1,1,10,1,1,1,0,1,1,2,1,1,1,0,0,1,0,1,1,0,1,1,1,1,1,1,1,0,1,0,0,0,1,0,1,1,1,21.0,0,0,1,0,0,1,0,90,1,0,1,1,1,1,95.7,0,1,1,0,0.0,-0.8410292594725044,3.0,0,76.18,A,36,
1042,Tufts University,https://www.tufts.edu,United States,North America,376,1,1,4,1,0,1,0,1,0,0,1,1,8,0,0,1,1,1,1,0,1,1,0,1,1,1,0,1,1,1,1,1,1,1,1,1,1,1,1,0,0,0,0,0,1,1,1,21.0,0,1,1,1,0,0,1,100,1,0,1,1,1,0,89.7,0,1,1,0,0.0,-0.3062250861889814,3650.0,1,76.17,A,82,71.0
6108,Stellenbosch University,https://www.sun.ac.za,South Africa,Latin America & Africa,377,1,1,5,1,1,0,0,0,0,0,1,1,8,1,1,1,0,1,1,5,1,1,0,0,1,1,0,0,1,1,1,1,1,0,1,1,1,1,1,0,0,0,1,0,1,1,1,13.02,0,1,1,1,0,0,0,90,1,1,1,1,1,0,95.5,0,1,1,0,0.6931471805599453,-0.5195855123264168,138.0,0,76.16,A,37,15.0
5130,James Cook University,https://www.jcu.edu.au,Australia,South & Central Asia + Oceania,378,1,1,2,1,0,0,0,1,0,0,1,1,2,0,0,1,0,1,1,0,0,0,0,1,0,1,0,1,1,1,1,1,1,1,1,1,1,1,1,0,0,1,1,0,1,1,1,21.0,0,1,0,0,0,0,1,75,1,0,1,1,1,1,100.0,0,1,1,0,0.0,0.011614897956243736,3650.0,1,76.15,A,99,23.0
2006,University of Manchester,https://www.manchester.ac.uk,United Kingdom,Western & Northern Europe,379,1,1,7,1,0,0,1,1,0,0,1,1,2,1,0,1,1,1,1,1,1,1,0,0,0,1,0,1,1,1,1,1,1,1,0,1,1,1,1,0,1,0,1,0,1,1,1,21.0,0,1,1,0,0,0,1,100,1,0,0,1,1,1,63.0,0,1,1,0,0.0,0.37354504109761527,3650.0,1,76.13,A,83,22.0
4131,National Chung Hsing University,https://www.nchu.edu.tw,Taiwan,Asia (East & Southeast),380,1,1,10,1,1,0,0,0,0,0,1,0,0,1,1,1,1,1,0,0,1,1,0,0,1,1,0,1,1,1,1,1,1,0,1,1,1,1,1,1,0,0,1,1,1,1,1,12.63,0,1,1,0,0,1,0,75,1,0,0,1,1,0,40.0,0,1,0,0,0.0,2.8212444348976486,8.0,0,76.12,A,27,
5423,University of Burdwan,https://www.buruniv.ac.in,India,South & Central Asia + Oceania,381,1,1,11,0,0,1,0,1,1,1,1,0,0,1,1,1,1,1,0,0,1,1,1,1,0,1,0,1,1,1,1,1,1,1,1,1,1,1,1,0,0,0,0,0,1,1,1,15.43,0,1,0,0,0,0,0,75,1,0,1,0,1,0,2.9,0,1,0,0,0.0,-0.7985374591270635,0.0,0,76.11,A,100,41.0
1132,Union College,https://www.union.edu,United States,North America,382,0,1,3,1,0,0,0,1,0,0,0,0,0,0,0,1,1,1,1,0,1,1,0,0,1,1,0,1,1,1,1,1,1,1,1,1,1,0,0,1,0,1,1,0,1,1,1,15.28,0,1,0,0,0,0,0,90,1,0,1,1,1,1,100.0,0,1,1,0,0.0,-1.2498548292446299,3650.0,1,76.11,A,83,72.0
3054,University of Zaragoza,https://www.unizar.es,Spain,Eastern & Southern Europe,383,1,1,1,0,1,0,0,1,1,1,1,1,7,1,1,1,1,1,0,8,1,0,1,1,1,1,0,1,1,1,1,1,1,1,1,1,1,1,1,0,0,0,1,0,0,1,0,12.02,0,1,1,1,0,0,0,75,1,0,1,0,1,0,80.9,0,1,1,0,0.0,1.9220534504100297,11.0,0,76.1,A,53,10.0
2303,University of Fribourg,https://www.unifr.ch,Switzerland/Austria,Western & Northern Europe,384,1,1,1,0,1,1,0,1,1,0,0,1,5,1,1,1,0,1,1,5,0,0,1,0,0,1,0,1,1,1,1,1,1,1,1,1,1,0,1,1,0,0,0,0,1,1,1,11.65,0,1,1,0,0,0,0,75,1,0,1,0,1,1,25.0,0,1,0,0,0.0,-0.3815742117732565,0.0,0,76.1,A,84,
1165,San Diego State University,https://www.sdsu.edu,United States,North America,385,1,1,4,1,0,0,0,1,1,1,0,1,7,1,0,1,0,1,1,6,1,1,1,0,1,1,0,1,1,1,1,1,1,1,1,1,1,1,1,0,0,0,1,0,1,1,1,21.0,0,1,1,0,0,0,0,75,1,0,1,1,1,1,100.0,0,1,1,0,0.0,0.546252716812993,3650.0,1,76.07,A,84,73.0
6530,National University of Science and Technology Zimbabwe,https://www.nust.ac.zw,Sub-Saharan Africa,Latin America & Africa,386,1,1,9,1,0,0,0,0,0,0,1,0,0,1,0,1,1,1,1,0,1,0,0,1,0,1,0,1,1,1,1,1,1,0,1,1,1,1,1,1,0,1,0,0,1,0,0,21.0,0,1,1,0,0,0,0,90,1,0,1,1,1,1,90.9,0,1,0,0,0.0,-0.472042130876799,3650.0,1,76.0,A,38,
2179,University of Geneva,https://www.unige.ch,Switzerland/Austria,Western & Northern Europe,387,1,1,4,1,1,0,0,0,1,0,1,1,10,0,1,1,1,1,1,3,1,1,1,1,0,1,0,1,1,1,1,1,1,0,1,1,1,1,1,0,0,0,1,0,0,1,1,15.91,0,1,1,0,0,0,0,75,1,1,1,0,0,1,22.6,0,1,0,0,0.6931471805599453,1.2525775689257814,0.0,0,76.0,A,85,
2304,Johannes Kepler University Linz,https://www.jku.at,Switzerland/Austria,Western & Northern Europe,388,1,1,9,1,1,0,0,0,1,1,1,1,6,1,1,1,0,1,1,6,1,1,1,0,0,1,0,1,1,1,1,1,1,0,1,0,1,1,1,0,0,0,0,0,1,1,0,21.0,0,1,1,0,0,1,0,100,1,0,1,0,1,0,87.1,0,1,1,0,0.0,-0.8296989321667603,0.0,0,75.99,A,86,
2200,Reykjavik University,https://en.ru.is,Belgium/Ireland/Iceland,Western & Northern Europe,389,1,1,20,1,0,0,0,0,1,1,1,0,0,0,0,1,1,1,1,0,0,0,0,1,0,1,0,1,1,1,1,1,1,1,1,0,1,0,1,1,1,1,1,0,0,1,1,10.37,0,1,0,0,0,0,0,75,1,0,1,1,1,1,14.3,0,1,0,0,0.0,0.9914139737613856,3650.0,1,75.98,A,87,
1037,University of Notre Dame,https://www.nd.edu,United States,North America,390,1,1,3,1,1,0,0,0,0,0,0,0,1,1,0,1,1,1,1,0,1,1,0,1,1,1,0,1,1,1,1,1,1,1,1,1,1,1,1,0,0,0,1,0,1,1,1,7.46,0,1,0,0,0,0,0,100,1,0,1,1,1,1,100.0,0,1,1,0,0.0,5.329450771129539,3650.0,1,75.98,A,85,74.0
3188,University of Nova Gorica,https://www.ung.si,Balkans,Eastern & Southern Europe,391,1,1,11,0,0,1,0,0,0,0,0,0,0,0,0,1,0,1,1,2,0,0,0,0,0,1,0,1,1,1,1,1,1,1,1,1,1,0,1,1,0,1,1,0,0,1,1,16.3,0,1,1,0,0,0,0,90,1,0,1,1,1,0,16.1,0,1,1,0,0.0,-1.2893189844033295,3650.0,1,75.97,A,54,
2063,Kiel University,https://www.uni-kiel.de,Germany,Western & Northern Europe,392,1,1,7,1,1,0,0,1,0,0,1,1,10,1,1,1,1,1,1,1,1,1,1,1,0,1,0,1,0,0,1,1,1,1,1,1,1,0,1,0,0,0,0,0,1,1,1,21.0,0,1,1,0,0,1,0,100,1,0,1,1,1,0,96.7,0,1,1,0,0.0,-0.7074830993321684,0.0,0,75.88,A,88,18.0
2166,University of Helsinki,https://www.helsinki.fi,Finland,Western & Northern Europe,393,0,1,2,0,1,1,0,0,0,0,1,0,0,0,1,1,1,1,1,0,1,1,1,1,0,1,0,1,1,1,1,1,1,1,1,1,1,0,1,1,0,0,1,0,1,1,1,21.0,0,1,0,0,0,0,0,100,1,0,1,1,1,0,63.6,0,1,1,0,0.0,0.6138543473259497,4.0,0,75.84,A,89,
4104,Gwangju Institute of Science and Technology,https://www.gist.ac.kr,South Korea,Asia (East & Southeast),394,0,1,8,1,0,0,0,1,0,0,1,1,10,1,1,1,1,1,1,0,0,0,1,1,0,1,0,1,1,1,1,1,1,1,1,0,1,0,1,1,0,0,1,0,1,1,1,9.44,0,1,0,0,0,0,0,75,1,0,0,0,1,1,92.4,0,1,0,0,0.0,0.5473063223200563,0.0,0,75.83,A,28,2.0
3036,Marche Polytechnic University,https://www.univpm.it,Italy,Eastern & Southern Europe,395,1,1,1,1,1,0,0,0,0,0,0,1,6,1,1,1,0,1,1,2,0,0,0,0,0,1,0,1,1,1,1,1,1,1,1,0,1,1,1,0,0,0,1,1,0,1,1,16.39,0,1,1,0,0,0,0,75,1,0,1,0,1,0,92.3,0,1,0,0,0.0,-0.05095129087598239,0.0,0,75.82,A,55,11.0
5004,Indian Institute of Technology Kanpur,https://www.iitk.ac.in,India,South & Central Asia + Oceania,396,1,1,8,1,1,0,0,0,1,0,1,0,0,1,0,1,1,1,1,0,1,1,0,1,1,1,0,1,1,1,1,1,1,1,1,1,1,0,1,1,0,0,1,0,1,1,1,17.04,0,1,1,0,0,0,0,90,1,0,0,1,1,1,97.3,0,1,1,0,0.0,1.0850830653868209,3650.0,1,75.78,A,101,42.0
2125,Stockholm University,https://www.su.se,Sweden,Western & Northern Europe,397,1,1,10,1,1,0,0,0,0,0,0,1,10,0,1,1,1,1,0,20,1,1,1,0,0,1,0,0,1,1,1,1,1,0,1,1,0,1,1,1,0,0,1,0,0,1,1,8.72,0,1,1,0,0,0,0,90,1,0,1,0,1,0,59.3,0,1,1,0,0.0,1.4979792015222237,0.0,0,75.73,A,90,
2052,University of Bonn,https://www.uni-bonn.de,Germany,Western & Northern Europe,398,1,1,5,1,1,1,0,1,0,0,1,1,10,0,1,1,1,1,1,4,0,0,1,0,0,1,0,1,1,1,0,1,1,0,1,1,1,1,1,0,0,0,0,0,1,1,0,17.64,0,1,1,0,0,1,0,75,1,0,1,1,1,0,100.0,0,1,1,1,0.0,-0.4480169462904751,0.0,0,75.72,A,91,19.0
2182,University of Vienna,https://www.univie.ac.at,Switzerland/Austria,Western & Northern Europe,399,1,1,4,1,1,0,1,1,0,0,1,1,10,1,1,1,0,1,1,1,0,1,1,0,0,1,0,1,1,0,1,1,1,1,1,1,1,1,1,1,0,0,0,1,1,1,1,16.43,0,1,1,0,0,1,0,100,1,0,1,1,1,0,26.1,0,1,1,0,0.0,-0.39345630663217523,0.0,0,75.71,A,92,
4161,UCSI University,https://www.ucsiuniversity.edu.my,Malaysia,Asia (East & Southeast),400,1,1,3,1,1,0,0,1,0,0,1,0,0,0,1,1,1,1,1,0,1,1,0,1,1,1,0,1,1,1,1,1,1,1,1,1,1,0,1,0,0,0,1,0,1,1,0,11.76,0,1,0,0,0,0,1,75,1,9,1,1,1,1,56.5,0,1,0,0,2.302585092994046,-1.416403382029072,12.0,0,75.68,A,29,
2195,University College Cork,https://www.ucc.ie,Belgium/Ireland/Iceland,Western & Northern Europe,401,1,1,3,1,0,0,0,1,0,0,1,1,8,0,1,1,0,1,1,0,1,1,1,0,0,1,0,1,1,1,1,1,1,0,1,1,1,1,1,0,0,0,1,1,1,1,1,21.0,0,1,1,0,0,1,0,100,1,0,1,1,1,0,81.1,0,1,1,0,0.0,-0.09713141035465264,5.0,0,75.64,A,93,
1114,Villanova University,https://www1.villanova.edu,United States,North America,402,1,1,8,1,0,0,0,0,0,0,1,1,10,1,1,1,1,1,1,1,1,1,1,1,1,1,0,1,1,1,1,1,1,1,1,0,1,1,1,1,0,0,1,0,1,1,1,14.94,0,1,1,1,0,1,0,75,1,1,0,1,1,0,100.0,0,1,1,0,0.6931471805599453,2.381099837393427,460.0,0,75.63,A,86,75.0
5313,MNIT Jaipur,https://www.mnit.ac.in,India,South & Central Asia + Oceania,403,1,1,10,0,0,0,0,1,1,1,1,0,1,1,1,1,0,1,1,0,1,0,1,1,1,1,0,1,1,1,1,1,1,1,1,0,1,1,1,1,0,0,1,0,1,1,1,21.0,0,1,0,1,0,1,0,75,1,0,1,1,1,0,94.9,0,1,1,0,0.0,-0.6970240000637288,0.0,0,75.62,A,102,43.0
3052,Charles III University of Madrid,https://www.uc3m.es,Spain,Eastern & Southern Europe,404,1,1,5,1,0,0,0,1,1,1,1,1,5,0,1,1,0,1,1,4,1,1,1,0,1,1,0,1,1,0,1,1,1,1,0,0,1,1,1,1,0,1,0,0,1,1,1,11.37,0,1,1,0,0,0,0,100,1,0,1,1,1,0,98.3,0,1,1,0,0.0,-0.13263734154117432,0.0,0,75.59,A,56,11.0
4088,Nagoya Institute of Technology,https://www.nitech.ac.jp,Japan,Asia (East & Southeast),405,1,1,4,1,0,0,0,1,0,0,1,0,0,1,1,1,1,1,0,1,1,1,1,1,0,1,0,1,1,1,1,1,1,1,1,0,1,1,0,0,0,0,1,1,1,1,1,12.63,0,1,1,0,0,0,0,50,1,0,0,1,1,0,62.7,0,1,0,0,0.0,-1.2089155591906295,7.0,0,75.54,A,30,8.0
1012,"University of California, Berkeley",https://www.berkeley.edu,United States,North America,406,1,1,3,1,0,0,0,1,1,1,1,0,0,0,0,1,1,1,1,0,1,1,0,0,1,1,0,1,1,1,1,1,1,1,1,1,1,1,1,0,0,0,0,1,1,1,1,15.13,0,1,1,0,0,0,0,90,1,0,1,1,1,1,42.9,0,1,1,0,0.0,-0.3441360067113049,3650.0,1,75.51,A,87,76.0
2043,Heidelberg University,https://www.uni-heidelberg.de,Germany,Western & Northern Europe,407,1,1,4,0,1,0,0,1,1,1,1,0,0,0,1,1,1,1,1,3,0,0,0,1,0,1,0,0,1,1,1,1,1,1,1,0,1,1,1,0,0,0,1,0,1,1,1,5.2,0,1,1,0,0,0,0,100,1,0,1,1,1,0,5.3,0,1,1,0,0.0,-0.7193651941910869,0.0,0,75.49,A,94,20.0
2011,University of Glasgow,https://www.gla.ac.uk,United Kingdom,Western & Northern Europe,408,1,1,4,1,0,0,0,1,0,0,1,0,0,0,1,1,0,0,1,1,0,0,0,0,0,1,0,1,1,1,1,1,1,1,1,1,1,1,1,0,0,0,1,0,1,1,1,12.29,0,1,0,0,0,0,1,90,1,0,1,1,1,1,96.9,0,1,1,0,0.0,-1.0127801896868334,0.0,0,75.48,A,95,23.0
5330,Royal University of Bhutan,https://www.rub.edu.bt,Central Asia,South & Central Asia + Oceania,409,1,1,7,1,0,0,0,0,0,0,1,1,3,1,1,1,0,1,0,1,1,0,0,0,0,1,0,1,1,1,1,1,1,1,0,0,0,1,1,0,1,0,1,0,1,1,1,12.63,0,1,1,1,0,0,0,90,1,0,1,0,1,1,11.1,0,1,0,0,0.0,-0.06904186325780223,1.0,0,75.47,A,103,
1031,University of North Carolina at Chapel Hill,https://www.unc.edu,United States,North America,410,1,1,3,1,0,0,0,1,0,0,1,1,2,1,1,1,1,1,0,20,1,1,1,0,0,1,0,1,1,1,1,1,1,0,1,1,1,1,1,0,0,0,0,0,1,1,0,2.74,0,1,1,0,0,0,0,90,1,0,1,1,1,1,64.7,0,1,1,0,0.0,-0.9511250620687255,0.0,0,75.46,A,88,77.0
5068,Lahore University of Management Sciences,https://www.lums.edu.pk,Pakistan,South & Central Asia + Oceania,411,1,1,6,1,0,0,0,1,1,1,1,1,10,1,0,1,1,1,1,20,1,1,0,1,1,1,0,1,1,1,1,1,1,1,1,1,1,1,1,1,0,0,1,0,1,1,1,12.63,0,1,1,0,1,0,0,75,1,1,1,0,1,0,56.4,0,1,1,0,0.6931471805599453,1.3498653623016188,3650.0,1,75.46,A,104,11.0
5307,IIIT Bangalore,https://www.iiitb.ac.in,India,South & Central Asia + Oceania,412,1,1,7,1,0,0,0,0,0,0,1,1,9,0,1,1,1,1,1,10,1,0,0,0,0,1,0,1,1,1,1,1,1,0,1,1,1,0,1,0,1,0,1,1,1,1,1,2.16,0,1,1,0,0,0,0,75,1,0,0,1,1,1,78.6,0,1,1,0,0.0,-1.0123186120822725,206.0,0,75.44,A,105,44.0
4084,Ehime University,https://www.ehime-u.ac.jp,Japan,Asia (East & Southeast),413,1,1,5,1,1,0,0,0,1,1,1,1,10,1,0,1,0,1,1,1,1,1,0,1,0,1,0,1,1,1,1,1,1,1,1,1,1,0,1,0,0,0,0,1,1,1,1,21.0,0,1,1,0,1,0,0,50,1,0,1,1,1,0,82.9,0,1,1,0,0.0,-1.168983183228492,3650.0,1,75.43,A,31,9.0
1033,Boston University,https://www.bu.edu,United States,North America,414,0,1,3,1,0,0,0,0,0,0,1,0,0,1,0,1,1,1,1,0,1,1,0,0,0,1,0,1,1,1,1,1,1,1,1,1,1,1,1,1,0,0,1,0,1,1,1,12.61,0,1,0,0,0,0,0,100,1,0,0,1,1,1,30.0,0,1,1,0,0.0,-1.0932392231524082,3650.0,1,75.39,A,89,78.0
6063,Austral University,https://www.austral.edu.ar,Argentina,Latin America & Africa,415,1,1,20,0,1,0,0,1,1,1,0,1,10,1,1,1,1,1,1,2,1,1,1,1,0,1,0,1,1,1,1,1,1,1,1,1,0,0,1,0,0,0,0,0,1,1,1,21.0,0,1,1,0,0,0,0,90,1,3,1,0,1,1,19.1,0,1,0,0,1.3862943611198906,-0.6069587472618497,4.0,0,75.32,A,39,
2174,LUT University,https://www.lut.fi,Finland,Western & Northern Europe,416,1,1,5,1,1,0,0,1,0,0,1,1,10,0,1,1,1,1,0,5,1,1,1,0,1,1,0,1,1,1,0,1,1,0,1,1,1,1,1,1,0,0,1,0,0,1,1,21.0,0,1,1,0,0,0,0,100,1,0,1,1,1,1,78.6,0,1,0,0,0.0,0.5129777868910483,0.0,0,75.3,A,96,
3142,University of South Bohemia,https://www.jcu.cz,Czechia,Eastern & Southern Europe,417,1,1,0,1,1,0,0,0,0,0,1,1,10,1,1,1,1,1,1,0,0,0,1,1,0,1,0,1,1,1,1,1,1,1,1,1,1,1,1,1,0,0,0,0,1,1,0,16.67,0,1,1,0,0,0,0,90,1,1,1,0,1,1,2.4,0,1,1,0,0.6931471805599453,-0.06187859151321197,0.0,0,75.28,A,57,
5135,Central Queensland University,https://www.cqu.edu.au,Australia,South & Central Asia + Oceania,418,1,1,4,1,0,1,0,0,0,0,0,0,0,1,0,1,0,1,1,0,1,1,0,0,1,1,0,0,1,1,1,1,1,0,1,1,1,1,1,0,0,1,0,1,1,1,0,21.0,0,0,0,0,0,0,1,75,1,0,1,1,1,1,91.1,0,1,1,0,0.0,0.013570213379614624,3650.0,1,75.22,A,106,24.0
5050,Pondicherry University,https://www.pondiuni.edu.in,India,South & Central Asia + Oceania,419,1,1,7,0,0,0,0,0,1,1,1,1,10,0,1,1,1,1,1,20,1,1,1,1,1,1,0,1,1,1,1,1,1,1,1,1,1,0,1,0,0,0,0,0,1,1,1,21.0,0,1,0,0,0,0,0,90,1,0,0,0,1,1,17.5,0,1,0,0,0.0,0.8370838925226226,0.0,0,75.13,A,107,45.0
3128,Agricultural University of Athens,https://www.aua.gr,Greece,Eastern & Southern Europe,420,1,1,3,1,0,0,0,1,0,0,1,1,10,1,1,1,1,1,1,3,0,0,0,1,1,1,0,1,1,1,0,1,1,1,1,1,1,0,1,1,0,0,0,0,0,1,1,12.63,0,1,1,0,0,0,0,75,1,0,1,0,1,1,81.0,0,1,1,0,0.0,2.544730450656096,4.0,0,75.13,A,58,
5007,Indian Institute of Technology Guwahati,https://www.iitg.ac.in,India,South & Central Asia + Oceania,421,1,1,10,1,0,0,1,1,0,0,1,1,10,1,1,1,1,1,1,9,0,0,0,0,1,1,0,1,1,1,1,1,1,0,1,0,1,0,1,0,1,0,1,0,1,1,1,12.63,0,1,1,0,1,0,0,75,1,2,0,1,1,0,2.1,0,1,1,0,1.0986122886681098,0.744858181720299,0.0,0,75.13,A,107,45.0
3203,Kaunas University of Technology,https://www.ktu.edu,Baltics,Eastern & Southern Europe,422,1,1,5,1,1,0,0,1,0,1,1,0,0,0,1,1,1,1,1,20,1,1,0,1,0,1,0,1,1,1,1,1,1,1,1,0,1,0,1,0,0,0,1,0,1,1,1,11.55,0,1,1,0,0,0,0,90,1,0,1,1,1,0,94.6,0,1,1,0,0.0,0.2625368421592928,211.0,0,75.1,A,59,
1128,Rochester Institute of Technology,https://www.rit.edu,United States,North America,423,0,1,1,1,0,0,0,1,1,1,1,0,0,0,0,1,1,1,1,5,1,1,0,1,1,1,0,1,1,1,1,1,1,1,1,1,1,1,1,0,0,0,1,0,1,1,1,15.43,0,1,0,0,0,1,0,100,1,0,1,1,1,1,96.6,0,1,1,0,0.0,-0.06923004204942886,3650.0,1,75.09,A,90,79.0
4141,City University of Hong Kong,https://www.cityu.edu.hk,Hong Kong,Asia (East & Southeast),424,1,1,7,0,1,0,1,1,0,0,1,0,1,0,1,1,1,1,1,0,1,1,0,1,1,1,0,1,1,1,1,1,1,1,1,1,1,0,1,0,0,0,1,0,1,1,1,12.13,0,1,1,0,0,0,0,75,1,0,0,0,1,1,66.7,0,1,1,0,0.0,0.9030857322741744,0.0,0,75.08,A,32,
2089,University of Lorraine,https://www.univ-lorraine.fr,France,Western & Northern Europe,425,1,1,9,1,1,0,0,1,0,0,0,1,2,0,0,1,1,1,1,13,1,0,0,0,0,1,0,1,1,1,1,1,1,1,1,1,1,1,1,0,0,0,0,0,1,1,0,15.91,0,1,1,0,0,0,0,90,1,0,1,1,1,0,42.1,0,1,1,0,0.0,-0.9468224386332443,3650.0,1,75.06,A,97,16.0
1066,George Washington University,https://www.gwu.edu,United States,North America,426,1,1,7,1,0,0,0,0,1,1,1,0,1,1,1,0,1,1,0,20,1,1,1,1,1,1,0,1,1,1,1,1,1,0,0,1,1,1,1,0,0,0,1,0,1,1,1,9.74,0,1,1,1,0,0,1,90,1,0,1,1,1,1,92.3,0,1,1,0,0.0,-0.04582056653564448,0.0,0,74.99,B,91,80.0
1172,McMaster University,https://www.mcmaster.ca,Canada,North America,427,0,1,4,0,0,0,0,0,0,0,1,0,0,0,1,1,1,1,1,0,1,0,0,0,0,1,0,1,1,1,1,1,1,0,1,1,1,0,1,0,0,1,1,0,0,0,1,15.43,0,1,0,0,0,0,0,75,1,0,1,1,0,1,98.4,0,1,0,0,0.0,0.6881597143965534,1.0,0,74.98,B,92,12.0
3157,V. N. Karazin Kharkiv National University,https://www.karazin.ua,Ukraine,Eastern & Southern Europe,428,1,1,1,1,1,0,0,1,0,0,1,1,7,1,1,1,0,1,0,0,1,1,0,1,0,1,0,1,1,1,1,1,1,1,1,1,1,1,1,1,0,0,1,0,1,1,1,14.86,0,1,1,0,0,0,0,75,1,0,1,0,1,1,0.0,0,1,0,0,0.0,-0.6677168006133837,7.0,0,74.98,B,60,
1073,Auburn University,https://www.auburn.edu,United States,North America,429,1,1,3,1,0,0,0,0,0,0,1,1,3,0,0,1,1,1,1,5,0,0,1,1,1,1,0,1,1,1,1,1,1,1,1,1,1,1,1,0,0,0,0,0,1,1,0,15.43,0,1,1,0,0,0,1,90,1,0,1,1,1,1,88.0,0,1,1,0,0.0,0.9350986065419614,3650.0,1,74.93,B,93,81.0
2113,Tilburg University,https://www.tilburguniversity.edu,Netherlands,Western & Northern Europe,430,0,1,10,1,1,1,0,1,0,0,1,0,1,0,0,1,1,1,1,0,1,1,0,0,0,1,0,1,1,1,1,1,1,0,1,1,1,1,1,1,1,0,0,0,1,1,1,21.0,0,1,0,0,0,0,0,100,1,0,1,0,1,0,100.0,0,1,1,0,0.0,-0.19655302039866596,3650.0,1,74.92,B,98,4.0
1065,Syracuse University,https://www.syracuse.edu,United States,North America,431,1,1,5,1,0,0,0,1,1,1,0,1,8,0,0,1,1,1,1,10,1,1,0,0,1,1,0,1,1,1,1,1,1,1,1,0,1,1,1,0,0,0,1,0,0,1,1,12.63,0,1,1,0,0,0,1,100,1,0,1,1,1,1,85.7,0,1,1,0,0.0,-0.03981282503210689,3650.0,1,74.91,B,94,82.0
5416,Central University of Karnataka,https://www.cuk.ac.in,India,South & Central Asia + Oceania,432,1,1,13,0,1,0,0,0,0,0,0,0,0,1,1,1,0,1,0,20,1,1,1,0,0,1,1,1,1,1,1,1,1,1,1,0,1,0,1,1,1,0,1,0,1,0,1,15.43,0,1,1,0,0,1,0,75,1,0,1,0,1,0,36.6,0,1,0,0,0.0,-0.3453931097608773,0.0,0,74.91,B,109,47.0
1069,Florida State University,https://www.fsu.edu,United States,North America,433,1,1,3,1,0,0,0,1,0,0,1,0,0,1,1,1,1,1,1,7,0,0,1,0,1,1,0,1,1,1,1,1,1,0,1,1,1,1,0,0,0,0,0,0,1,1,1,9.0,0,1,1,1,0,0,0,75,1,0,0,1,0,1,50.0,0,1,0,0,0.0,-0.17736938911310585,0.0,0,74.89,B,95,83.0
6340,University of Zambia,https://www.unza.zm,Sub-Saharan Africa,Latin America & Africa,434,1,1,6,1,0,0,0,0,1,1,0,0,0,1,1,1,1,1,1,1,1,1,1,0,1,1,0,1,1,1,1,1,1,0,1,1,1,1,1,1,0,0,0,0,1,0,1,21.0,0,1,0,0,0,0,0,75,1,0,1,0,1,1,64.7,0,1,0,1,0.0,-0.3131434548224722,175.0,0,74.86,B,40,
1176,University of Montreal,https://www.umontreal.ca,Canada,North America,435,0,1,7,1,0,0,0,0,0,0,0,1,2,0,1,1,0,1,0,0,1,1,0,0,0,1,0,1,1,1,1,1,1,1,1,1,1,1,1,0,0,0,1,0,1,1,1,7.94,0,1,0,0,0,1,0,90,1,0,1,0,1,1,20.0,0,1,0,0,0.0,0.543352427811285,28.0,0,74.83,B,96,13.0
3196,Pavol Jozef Safarik University,https://www.upjs.sk,Bulgaria & Slovakia,Eastern & Southern Europe,436,1,1,8,1,0,0,0,1,0,0,1,0,0,0,1,1,0,1,1,0,1,0,0,0,0,1,0,0,1,1,1,1,1,1,1,0,1,1,1,1,0,0,1,1,1,1,1,21.0,0,1,1,1,0,1,0,90,1,0,1,0,1,0,26.5,0,1,0,0,0.0,-0.3957882372147852,46.0,0,74.81,B,61,
5117,University of Western Australia,https://www.uwa.edu.au,Australia,South & Central Asia + Oceania,437,1,1,6,0,0,0,1,1,0,0,1,1,4,0,0,1,0,1,1,0,1,1,0,1,0,1,0,1,1,1,1,1,1,1,1,1,1,1,1,1,0,1,1,0,0,1,1,19.8,0,1,1,0,0,0,0,75,1,0,1,0,1,1,100.0,0,1,1,0,0.0,0.16608481640253814,3650.0,1,74.77,B,110,25.0
1044,"University of California, Santa Cruz",https://www.ucsc.edu,United States,North America,438,0,1,7,1,0,0,0,1,1,1,1,0,0,0,1,1,1,1,1,0,0,0,0,1,1,1,0,1,1,1,1,1,1,1,1,1,1,1,0,0,0,0,0,0,1,1,0,21.0,0,1,0,0,0,0,0,90,1,2,1,0,1,1,100.0,0,1,1,0,1.0986122886681098,-0.3462076417125251,11.0,0,74.73,B,97,84.0
1092,Texas Christian University,https://www.tcu.edu,United States,North America,439,1,1,6,1,0,0,0,1,1,1,0,1,3,1,0,1,1,1,1,2,1,1,0,1,1,1,0,1,1,1,1,1,1,1,1,1,1,1,0,0,0,0,1,0,1,1,1,16.52,0,1,0,0,0,0,0,100,1,0,1,1,1,1,64.0,0,1,1,0,0.0,-0.5096596433087723,3650.0,1,74.73,B,97,84.0
1136,Amherst College,https://www.amherst.edu,United States,North America,440,0,1,6,1,0,0,0,0,0,0,1,1,2,0,0,1,1,1,1,6,1,1,0,0,1,1,0,1,1,1,1,1,1,1,1,1,1,1,1,0,0,0,0,0,1,1,0,7.89,0,1,0,0,0,0,0,100,1,0,1,0,1,1,100.0,0,1,1,0,0.0,-0.16804703160761647,3650.0,1,74.7,B,99,86.0
2130,Swedish University of Agricultural Sciences,https://www.slu.se,Sweden,Western & Northern Europe,441,1,1,1,0,1,1,0,1,0,0,0,1,8,0,1,1,0,1,0,9,1,1,1,1,0,1,0,1,1,1,1,1,1,0,1,1,1,1,1,1,0,0,1,0,0,1,1,20.53,0,1,1,0,0,0,0,100,1,0,1,1,1,1,70.0,0,1,1,0,0.0,-0.7183952272638284,0.0,0,74.67,B,99,
1078,University of Kansas,https://ku.edu,United States,North America,442,1,1,7,1,0,0,0,1,0,0,0,1,9,0,0,1,1,1,0,0,0,0,0,0,0,1,0,1,1,1,1,1,1,1,1,1,1,1,1,1,0,0,1,0,1,1,1,12.63,0,1,0,0,0,0,0,100,1,0,1,1,1,1,100.0,0,1,1,0,0.0,1.2332068832175003,3650.0,1,74.67,B,100,87.0
1130,Colgate University,https://www.colgate.edu,United States,North America,443,1,1,5,1,0,0,0,0,0,0,0,1,9,1,0,1,1,1,1,10,0,0,0,0,1,1,0,1,1,1,1,1,1,1,1,1,1,0,1,1,0,0,1,0,1,1,1,21.0,0,1,1,0,0,0,1,75,1,0,1,0,1,0,100.0,0,1,0,0,0.0,-0.16597539660639665,3650.0,1,74.67,B,100,87.0
5163,University of Jaffna,https://www.jfn.ac.lk,Sri Lanka,South & Central Asia + Oceania,444,1,1,9,1,0,0,0,0,1,1,1,1,5,1,0,1,0,1,1,11,0,0,0,0,0,1,0,1,1,1,1,1,1,1,1,1,1,0,1,0,0,0,1,0,1,1,1,10.17,0,1,1,0,0,0,0,90,1,1,1,1,1,1,66.7,0,1,0,0,0.6931471805599453,-0.7423221407051527,3650.0,1,74.66,B,111,
1040,University of Virginia,https://www.virginia.edu,United States,North America,445,1,1,5,1,0,0,0,0,0,0,1,1,5,1,0,1,1,1,1,3,1,1,0,0,1,1,0,1,1,1,1,1,1,1,1,1,0,0,1,0,0,0,0,0,1,1,1,5.74,0,1,1,0,0,0,0,75,1,0,1,1,1,1,79.2,0,1,1,0,0.0,1.945642160137012,3650.0,1,74.62,B,102,89.0
2131,Orebro University,https://www.oru.se,Sweden,Western & Northern Europe,446,1,1,5,1,1,0,0,0,0,0,0,1,3,1,1,1,0,1,0,0,0,0,0,0,0,0,0,0,1,1,1,1,1,0,1,1,1,0,1,1,0,0,1,0,0,1,1,11.39,0,0,1,0,0,0,0,100,1,0,0,1,1,0,100.0,0,1,1,0,0.0,-1.007445371586911,0.0,0,74.59,B,100,
2158,IT University of Copenhagen,https://en.itu.dk,Denmark,Western & Northern Europe,447,1,1,5,1,1,1,0,1,0,0,1,1,3,0,1,1,0,1,1,0,1,1,1,0,1,1,0,1,1,0,1,1,1,0,1,1,1,1,1,1,0,1,1,0,0,1,1,12.63,0,1,1,0,0,1,0,75,1,0,0,1,0,1,85.7,0,1,1,0,0.0,1.7208291030599023,2.0,0,74.56,B,101,
1188,Carleton University,https://carleton.ca,Canada,North America,448,1,1,10,1,0,0,0,0,0,0,1,1,5,0,0,1,1,1,1,4,1,1,0,0,1,1,0,1,1,1,1,1,1,1,1,1,1,1,1,1,0,0,0,0,1,1,0,12.63,0,1,1,0,0,0,0,90,1,0,1,1,1,1,42.1,0,1,1,0,0.0,-0.03173344852734948,3650.0,1,74.56,B,103,14.0
1088,"University of Nevada, Reno",https://www.unr.edu,United States,North America,449,1,1,5,1,0,0,0,1,0,0,0,0,0,0,0,1,1,1,1,0,0,1,0,1,1,1,0,1,1,1,1,1,1,1,1,1,1,1,1,1,0,0,1,0,0,1,1,11.2,0,1,1,0,0,0,0,75,1,0,0,1,1,1,78.6,0,1,1,0,0.0,-0.883175434028714,3650.0,1,74.52,B,104,90.0
3120,University of Crete,https://www.uoc.gr,Greece,Eastern & Southern Europe,450,1,1,4,1,1,0,0,0,0,0,1,1,3,1,1,1,1,1,1,2,1,1,0,1,0,1,0,1,1,1,1,1,1,1,0,0,1,1,1,0,0,0,0,0,1,1,1,5.49,0,1,1,0,0,1,0,90,1,0,0,0,1,1,72.0,0,1,1,0,0.0,2.489377403165867,4.0,0,74.52,B,62,
1125,Binghamton University,https://www.binghamton.edu,United States,North America,451,1,1,9,1,0,0,0,1,0,0,0,0,1,0,0,1,1,1,1,0,0,0,0,0,1,1,0,1,1,1,1,1,1,1,1,1,1,0,1,0,0,0,1,0,1,1,1,11.03,0,1,0,1,0,0,0,75,1,0,1,1,1,1,100.0,0,1,1,0,0.0,-0.7853942619711363,3650.0,1,74.5,B,105,91.0
6325,Cape Peninsula University of Technology,https://www.cput.ac.za,South Africa,Latin America & Africa,452,1,1,2,1,1,0,0,0,0,1,1,0,0,0,1,1,0,1,1,18,1,1,0,1,0,1,0,1,1,1,1,1,1,1,1,0,1,1,1,0,0,0,0,0,1,1,1,12.63,0,1,1,0,0,0,0,90,1,0,1,1,1,0,65.6,0,1,0,0,0.0,0.47391688941131693,0.0,0,74.48,B,41,16.0
1118,Brandeis University,https://www.brandeis.edu,United States,North America,453,1,1,7,1,0,0,0,1,0,0,1,0,0,1,0,1,1,1,0,0,0,0,0,1,1,1,0,1,1,1,1,1,1,1,1,1,1,1,1,0,0,0,1,0,1,1,1,21.0,0,1,0,0,0,0,0,75,1,0,0,1,1,1,45.8,0,1,1,0,0.0,-0.07171600405089279,3650.0,1,74.47,B,106,92.0
5413,Central University of Rajasthan,https://www.curaj.ac.in,India,South & Central Asia + Oceania,454,1,1,10,1,0,0,1,1,1,1,1,0,1,0,1,1,1,1,1,7,1,1,1,0,0,1,0,1,1,1,1,1,1,0,1,0,1,0,1,1,0,0,0,0,1,1,0,19.26,0,1,1,1,0,1,0,75,1,0,0,1,1,1,44.4,0,1,1,0,0.0,-0.612456608002941,0.0,0,74.41,B,112,48.0
2108,Eindhoven University of Technology,https://www.tue.nl,Netherlands,Western & Northern Europe,455,1,1,6,1,1,0,0,0,0,0,1,1,4,0,0,1,1,1,1,0,1,1,1,0,0,1,0,1,1,1,1,1,1,1,1,1,0,1,1,1,0,0,1,0,1,1,1,5.02,0,1,0,0,0,1,0,75,1,0,1,1,1,1,93.8,0,1,0,0,0.0,-0.08815921627751022,3650.0,1,74.34,B,102,5.0
5426,Tribhuvan Institute of Engineering,https://www.ioe.edu.np,Nepal,South & Central Asia + Oceania,456,1,1,11,1,0,0,0,1,0,0,0,0,0,1,1,1,1,1,1,0,1,0,0,1,0,1,0,1,1,1,1,1,1,1,0,1,0,0,1,1,1,0,1,0,1,1,0,15.43,0,1,1,0,0,0,0,75,1,0,1,0,1,1,0.0,0,1,0,0,0.0,-0.9196040724241064,11.0,0,74.32,B,113,
1107,Loyola University Chicago,https://www.luc.edu,United States,North America,457,1,1,3,1,0,0,0,1,1,1,1,0,1,0,0,1,1,1,1,9,1,1,0,1,1,1,0,1,1,1,1,1,1,1,1,1,1,0,1,0,0,0,1,0,1,1,1,21.0,0,1,1,1,0,0,0,75,1,0,1,1,1,1,59.1,0,1,0,0,0.0,-0.12122808058004772,3650.0,1,74.3,B,107,93.0
4148,Singapore Management University,https://www.smu.edu.sg,Singapore,Asia (East & Southeast),458,1,1,8,1,0,0,1,1,1,0,1,0,0,0,1,1,1,1,1,1,1,1,0,1,1,1,0,1,1,1,1,1,1,0,1,0,1,1,1,0,0,0,1,0,1,1,1,21.0,0,1,1,0,0,0,0,75,1,0,0,0,1,1,80.7,0,1,1,0,0.0,-0.15642655456042517,0.0,0,74.27,B,33,
5080,International Islamic University Islamabad,https://www.iiu.edu.pk,Pakistan,South & Central Asia + Oceania,459,1,1,7,0,0,0,0,1,1,1,0,0,0,0,1,1,0,1,1,0,1,1,0,0,0,1,0,1,1,1,1,1,1,1,1,1,1,1,1,1,0,0,1,0,1,1,1,12.63,0,1,1,0,0,0,0,90,1,0,1,0,0,1,22.2,0,1,0,0,0.0,-0.7105482650753769,1.0,0,74.26,B,114,12.0
5008,Indian Institute of Science,https://www.iisc.ac.in,India,South & Central Asia + Oceania,460,1,1,1,1,1,0,0,1,1,1,1,1,10,1,1,1,0,1,1,3,0,0,0,1,0,1,0,1,1,1,1,1,1,1,1,0,1,1,1,1,0,0,0,0,1,1,0,21.0,0,1,1,0,0,0,0,75,1,0,0,0,1,1,40.0,0,1,0,0,0.0,-0.7868055665868386,0.0,0,74.26,B,114,49.0
4095,Kwansei Gakuin University,https://www.kwansei.ac.jp,Japan,Asia (East & Southeast),461,1,1,3,0,1,0,0,0,1,1,1,1,7,1,1,1,1,1,0,0,1,1,0,1,1,1,0,1,1,1,1,1,1,1,0,0,1,0,1,0,0,1,1,1,1,1,1,12.63,0,1,1,0,0,0,1,50,1,0,1,1,0,1,7.4,0,1,0,0,0.0,-0.18311502693713025,83.0,0,74.26,B,34,10.0
4103,Kyung Hee University,https://www.khu.ac.kr,South Korea,Asia (East & Southeast),462,1,1,3,1,0,0,0,1,0,0,1,1,5,1,1,1,1,1,0,0,0,0,1,0,0,1,0,1,1,1,1,1,1,1,1,0,0,1,1,1,0,0,1,1,1,1,0,7.46,0,0,1,0,0,0,0,75,1,0,0,0,1,1,75.5,0,1,0,0,0.0,-0.08579240210478548,53.0,0,74.24,B,35,3.0
6132,University of Ibadan,https://www.ui.edu.ng,Sub-Saharan Africa,Latin America & Africa,463,1,1,12,0,0,0,0,0,1,1,0,1,3,1,1,1,0,1,1,7,1,1,1,0,0,1,0,1,1,1,1,1,1,1,1,0,1,0,1,0,0,0,0,0,1,0,1,7.08,0,1,1,0,0,0,0,75,1,0,0,0,1,1,100.0,0,1,0,0,0.0,-1.5536189973648566,1.0,0,74.23,B,42,
4176,University of North Sumatra,https://www.usu.ac.id,Indonesia,Asia (East & Southeast),464,1,1,10,1,1,0,1,1,1,1,1,1,10,1,1,1,1,1,0,0,1,1,0,1,0,1,0,1,1,0,1,1,1,1,0,1,1,1,1,0,0,0,1,1,1,1,1,21.0,0,0,0,0,0,0,0,90,1,0,1,1,1,1,100.0,0,1,1,0,0.0,-0.9811605505623584,0.0,0,74.23,B,36,
4173,Brawijaya University,https://www.ub.ac.id,Indonesia,Asia (East & Southeast),465,1,1,7,1,1,0,1,1,1,1,1,1,5,1,1,1,1,1,1,1,0,0,0,1,1,1,0,1,1,0,1,1,1,1,1,0,1,1,1,0,0,0,0,1,1,1,1,12.63,0,1,1,0,0,0,0,75,1,0,1,0,1,1,62.1,0,1,0,0,0.0,-0.4349498602661878,1.0,0,74.22,B,37,
3308,Public University of Navarre,https://www.unavarra.es,Spain,Eastern & Southern Europe,466,1,1,5,1,1,0,0,1,0,0,0,1,10,1,0,1,0,1,1,2,1,1,0,0,0,1,0,1,1,1,1,1,1,1,1,1,1,0,1,0,0,0,1,1,1,1,1,18.58,0,1,0,0,0,0,0,75,1,0,0,1,1,0,64.8,0,1,0,0,0.0,-0.2594656833634454,3650.0,1,74.19,B,63,12.0
4091,Doshisha University,https://www.doshisha.ac.jp,Japan,Asia (East & Southeast),467,1,1,1,1,1,1,0,0,0,0,0,0,0,1,0,1,0,1,1,2,1,1,0,1,0,1,0,1,1,1,1,1,1,1,1,1,1,0,1,0,0,0,1,1,1,1,1,17.4,0,1,1,0,0,0,0,100,1,0,0,1,1,0,57.7,0,1,0,0,0.0,-1.0666439282501499,3650.0,1,74.18,B,38,11.0
3126,University of Macedonia,https://www.uom.gr,Greece,Eastern & Southern Europe,468,1,1,8,1,0,0,0,0,0,0,0,0,0,1,1,1,1,1,1,0,1,1,1,1,1,1,0,1,0,1,1,1,1,1,1,0,1,0,1,1,0,0,1,0,1,1,1,1.54,0,1,1,0,0,0,0,75,1,14,0,1,1,1,100.0,0,1,1,0,2.70805020110221,-0.5785070347553455,24.0,0,74.17,B,64,
6030,Mackenzie Presbyterian University,https://www.mackenzie.br,Brazil,Latin America & Africa,469,1,1,8,1,1,1,0,0,1,3,0,1,2,0,1,1,1,1,0,0,0,0,0,1,0,1,0,1,1,0,1,1,1,0,1,0,1,1,1,1,1,1,0,0,1,1,1,12.63,0,1,1,1,0,0,1,75,1,0,1,0,1,1,16.7,0,1,0,0,0.0,-0.2548011342235313,77.0,0,74.16,B,43,2.0
5324,Bangladesh University of Textiles,https://www.butex.edu.bd,Bangladesh,South & Central Asia + Oceania,470,1,1,9,1,0,0,0,0,0,0,0,0,0,1,1,1,0,1,0,0,0,0,1,0,0,1,0,1,1,1,1,1,1,1,1,1,1,1,1,1,0,0,0,0,0,1,0,3.98,0,1,0,0,0,0,0,90,1,0,1,0,1,1,18.2,0,1,0,0,0.0,-1.1475612621987539,22.0,0,74.15,B,116,12.0
5405,Indian Institute of Technology Palakkad,https://www.iitpkd.ac.in,India,South & Central Asia + Oceania,471,1,1,10,0,1,0,0,0,0,0,1,1,7,0,1,1,1,1,1,7,1,1,0,0,0,1,0,1,1,1,1,1,1,1,1,0,1,0,1,1,1,0,0,0,1,1,0,7.39,0,1,0,0,0,0,0,75,1,0,0,0,0,1,7.1,0,1,0,0,0.0,-0.7447662849843661,0.0,0,74.15,B,116,50.0
2045,Free University of Berlin,https://www.fu-berlin.de,Germany,Western & Northern Europe,472,1,1,7,1,1,1,0,1,0,0,1,1,3,0,0,1,1,1,1,9,0,1,0,1,0,1,0,1,1,1,1,1,1,0,1,1,1,0,1,0,0,0,0,0,1,1,1,21.0,0,1,0,0,0,1,0,100,1,0,1,1,1,0,75.0,0,1,1,0,0.0,-1.0316945447683774,3650.0,1,74.13,B,103,21.0
5178,National University of Uzbekistan,https://www.nuu.uz,Central Asia,South & Central Asia + Oceania,473,1,1,2,1,1,0,0,1,1,1,1,1,10,1,1,1,0,0,1,7,1,1,1,1,1,1,0,1,1,1,1,1,1,1,1,1,1,1,1,0,0,0,1,0,1,1,1,13.61,0,1,0,0,0,0,0,90,1,0,1,0,1,1,3.8,0,1,0,0,0.0,0.9312649187483167,1.0,0,74.1,B,118,
2104,Leiden University,https://www.universiteitleiden.nl,Netherlands,Western & Northern Europe,474,1,1,5,1,1,0,0,0,0,0,1,0,0,1,1,1,0,0,1,7,0,1,1,0,1,1,0,0,1,1,1,1,1,1,1,1,1,0,1,0,0,0,0,0,0,1,1,7.06,0,1,1,0,0,0,0,90,1,0,0,1,1,0,14.3,0,1,0,0,0.0,0.747467291555831,0.0,0,74.09,B,104,6.0
2188,UCLouvain,https://uclouvain.be,Belgium/Ireland/Iceland,Western & Northern Europe,475,1,1,20,1,1,0,0,0,0,0,0,0,0,1,1,1,0,1,0,1,1,1,0,0,0,1,0,1,1,1,1,1,1,1,1,1,1,1,1,0,0,0,0,0,1,1,0,15.43,0,1,1,0,0,0,0,75,1,0,1,0,1,0,37.7,0,1,0,0,0.0,1.5447801057624542,1.0,0,74.05,B,105,
1034,Boston College,https://www.bc.edu,United States,North America,476,1,1,3,0,0,0,0,1,0,0,1,1,4,1,0,1,1,1,1,6,1,1,0,1,0,1,0,1,1,1,1,1,1,1,1,1,1,1,1,0,0,0,0,0,1,1,1,7.46,0,1,1,0,0,0,1,75,1,0,1,1,1,1,93.8,0,1,1,0,0.0,-0.9826139140872674,3650.0,1,74.04,B,108,94.0
3021,Bocconi University,https://www.unibocconi.it,Italy,Eastern & Southern Europe,477,1,1,2,1,1,0,0,1,0,0,0,0,1,1,0,1,1,1,1,0,1,1,0,0,1,1,0,1,1,1,1,1,1,1,1,1,1,0,1,1,0,0,1,0,1,1,1,19.32,0,1,0,0,0,1,0,100,1,0,1,1,1,1,75.0,0,1,1,0,0.0,-0.40689467392803486,3650.0,1,74.03,B,65,12.0
5079,Pakistan Institute of Engineering and Applied Sciences,https://www.pieas.edu.pk,Pakistan,South & Central Asia + Oceania,478,1,1,9,1,0,0,0,1,0,0,1,0,0,1,1,1,0,1,1,8,1,1,1,1,1,1,0,1,1,1,1,1,1,1,1,1,0,0,1,0,0,0,1,0,1,1,1,5.74,0,1,0,0,0,0,0,75,1,0,1,0,1,1,68.3,0,1,0,0,0.0,0.08868691422744346,3650.0,1,74.03,B,119,13.0
3185,University of Primorska,https://www.upr.si,Balkans,Eastern & Southern Europe,479,1,1,6,1,0,0,0,1,0,0,1,0,0,1,0,1,1,1,1,0,0,0,0,0,0,1,0,0,1,1,1,1,1,1,1,0,1,1,1,0,0,0,1,0,0,1,1,9.79,0,1,1,0,1,0,0,100,1,0,1,1,1,1,71.4,0,1,1,0,0.0,-0.9546927943976758,3650.0,1,74.02,B,66,
1129,Clarkson University,https://www.clarkson.edu,United States,North America,480,1,1,5,1,0,0,0,1,1,1,1,0,0,0,0,1,1,1,1,0,0,0,0,1,1,1,0,1,1,1,1,1,1,1,1,0,1,1,1,1,0,0,1,0,1,1,1,9.68,0,1,1,1,0,0,0,75,1,0,1,1,1,1,88.9,0,1,1,0,0.0,-0.15955332810261497,3650.0,1,74.0,B,109,95.0
5040,Panjab University,https://www.puchd.ac.in,India,South & Central Asia + Oceania,481,1,1,1,0,0,0,1,1,1,1,0,0,0,1,1,1,0,1,1,0,0,1,0,1,0,1,0,1,1,1,1,1,1,1,1,1,1,0,1,1,0,0,1,1,1,1,1,15.43,0,1,0,0,0,0,0,75,1,0,1,1,0,1,100.0,0,1,0,0,0.0,-0.040852732570872984,7.0,0,73.91,B,120,51.0
1126,Stony Brook University,https://www.stonybrook.edu,United States,North America,482,1,1,4,1,0,0,0,1,0,0,0,1,9,0,0,1,1,1,1,12,1,1,0,1,1,1,0,1,1,1,1,1,1,1,1,1,1,0,1,1,0,0,1,0,1,1,1,8.72,0,1,1,0,0,0,0,75,1,0,1,1,1,1,85.7,0,1,1,0,0.0,1.41468210932436,3650.0,1,73.86,B,110,96.0
4196,De La Salle University,https://www.dlsu.edu.ph,Philippines,Asia (East & Southeast),483,1,1,3,1,0,0,0,1,1,1,1,0,0,1,0,1,1,1,1,0,1,1,0,1,0,1,0,1,1,1,1,1,1,1,1,1,1,1,1,1,0,0,1,0,1,1,1,21.0,0,1,1,0,0,1,0,75,1,0,1,1,1,1,2.6,0,1,0,0,0.0,-0.3271926447301687,3650.0,1,73.85,B,39,
3156,Igor Sikorsky Kyiv Polytechnic Institute,https://www.kpi.ua,Ukraine,Eastern & Southern Europe,484,1,1,7,0,0,0,0,0,1,0,1,1,2,1,1,1,0,1,1,9,1,0,1,1,1,1,0,1,1,1,1,1,1,1,0,0,1,0,0,0,0,1,0,1,1,1,0,9.74,0,1,1,0,0,0,0,75,1,0,1,1,1,0,88.5,0,1,0,0,0.0,-0.5109727340957461,11.0,0,73.84,B,67,
2033,University of Strathclyde,https://www.strath.ac.uk,United Kingdom,Western & Northern Europe,485,1,1,3,1,0,0,0,0,0,0,1,1,7,1,0,1,0,1,1,0,1,1,1,0,1,1,0,1,1,1,1,1,1,1,1,1,1,1,1,0,0,0,0,0,0,1,1,21.0,0,1,1,1,0,1,1,75,1,0,1,1,1,1,84.2,0,1,1,0,0.0,-0.9722840704737842,3650.0,1,73.76,B,106,24.0
3083,Gdansk University of Technology,https://www.pg.edu.pl,Poland,Eastern & Southern Europe,486,1,1,4,1,1,0,1,1,1,1,1,0,0,0,0,1,1,1,0,0,1,1,0,0,0,1,0,1,1,1,1,1,1,1,1,1,1,1,1,1,0,0,0,0,0,1,1,10.73,0,1,1,0,0,1,0,100,1,1,0,0,1,1,67.4,0,1,1,0,0.6931471805599453,-1.043723424179694,3650.0,1,73.71,B,68,7.0
1135,Williams College,https://www.williams.edu,United States,North America,487,0,1,4,0,1,0,0,0,0,0,0,1,10,1,1,1,0,1,1,15,1,1,1,1,1,1,1,1,1,0,1,1,1,1,0,1,1,1,1,0,0,1,1,0,1,1,1,21.0,0,1,0,0,0,0,0,90,1,2,1,0,1,1,100.0,0,1,1,0,1.0986122886681098,0.34924022819698375,0.0,0,73.54,B,111,97.0
1079,University of Nebraska-Lincoln,https://www.unl.edu,United States,North America,488,1,1,6,1,0,1,0,1,0,0,1,0,1,1,0,1,1,1,1,3,1,1,0,1,0,1,0,1,1,1,1,1,1,0,1,1,1,1,1,0,0,0,0,0,1,1,0,10.05,0,1,0,0,0,0,1,100,1,1,1,0,1,1,86.4,0,1,1,0,0.6931471805599453,-0.516910365813042,3650.0,1,73.52,B,112,98.0
3316,Sts. Cyril and Methodius University Skopje,https://www.ukim.edu.mk,Balkans,Eastern & Southern Europe,489,1,1,10,1,1,0,0,1,1,1,1,1,8,1,1,1,1,1,1,0,0,0,1,1,1,1,0,1,1,1,1,1,1,1,1,0,1,0,1,0,0,0,0,0,1,1,0,15.43,0,1,0,0,0,0,0,90,1,0,0,0,1,1,80.0,0,1,0,0,0.0,0.7773739246412248,70.0,0,73.49,B,69,
6135,Obafemi Awolowo University,https://www.oauife.edu.ng,Sub-Saharan Africa,Latin America & Africa,490,1,1,4,1,1,0,0,0,1,1,1,0,0,1,1,1,1,1,1,0,0,0,0,0,1,1,0,1,1,1,1,1,1,0,1,1,1,0,1,0,0,0,0,0,1,1,0,21.0,0,1,1,0,0,0,0,75,1,0,1,0,1,1,81.8,0,1,0,0,0.0,-0.6345872019685599,1.0,0,73.48,B,44,
1131,Hamilton College,https://www.hamilton.edu,United States,North America,491,1,1,3,1,0,0,0,0,0,0,1,1,3,0,0,1,1,1,1,1,1,1,0,1,1,1,0,1,1,1,1,1,1,1,1,1,1,1,1,0,0,0,1,0,1,1,1,1.0,0,1,0,0,0,0,0,100,1,0,1,1,1,1,95.5,0,1,1,0,0.0,-0.11708481057760771,3650.0,1,73.48,B,113,99.0
1029,University of Texas at Austin,https://www.utexas.edu,United States,North America,492,1,1,5,1,0,0,0,1,0,0,1,1,7,0,0,1,1,1,0,0,1,0,0,1,1,1,0,1,1,1,1,1,1,1,1,1,1,0,1,0,0,0,0,0,1,1,1,15.32,0,1,0,0,0,0,0,100,1,0,1,1,1,1,77.8,0,1,1,0,0.0,-0.3824612542338725,3650.0,1,73.48,B,113,99.0
5077,Bahauddin Zakariya University,https://www.bzu.edu.pk,Pakistan,South & Central Asia + Oceania,493,1,1,20,1,0,0,0,1,1,1,1,1,10,1,0,1,1,1,1,0,1,1,0,0,0,1,0,1,1,1,1,1,1,1,1,1,1,1,1,1,1,0,0,0,0,0,0,3.9,0,1,0,1,0,0,0,75,1,0,1,1,0,1,93.8,0,1,0,0,0.0,0.2060058396296924,3650.0,1,73.44,B,121,14.0
2069,Bielefeld University,https://www.uni-bielefeld.de,Germany,Western & Northern Europe,494,1,1,7,1,0,0,0,0,0,0,0,1,3,1,1,1,1,1,1,3,1,1,1,0,0,1,0,1,0,0,1,1,1,0,1,1,1,1,1,1,0,0,0,0,1,1,1,21.0,0,1,0,0,0,0,1,90,1,0,1,1,1,0,100.0,0,1,1,0,0.0,-0.692448611959659,0.0,0,73.4,B,107,22.0
4072,Kanazawa University,https://www.kanazawa-u.ac.jp,Japan,Asia (East & Southeast),495,1,1,8,1,1,0,0,0,1,1,0,1,8,1,1,1,0,1,0,5,1,1,0,1,1,1,0,1,1,1,1,1,1,0,0,1,1,0,1,0,0,0,1,1,1,1,1,9.52,0,1,1,1,0,0,0,75,1,0,1,1,1,1,1.8,0,1,0,0,0.0,0.05346925074809584,7.0,0,73.28,B,40,12.0
4189,Suranaree University of Technology,https://www.sut.ac.th,Thailand,Asia (East & Southeast),496,1,1,6,1,1,0,0,1,1,1,0,0,0,0,1,1,1,1,0,0,1,0,0,0,0,1,0,1,1,1,1,1,1,1,1,0,1,1,1,1,0,0,1,0,0,1,0,13.08,0,1,1,0,0,0,0,20,1,0,1,0,1,1,60.7,0,0,0,0,0.0,-1.8749233773732121,0.0,0,73.24,B,41,
6124,Helwan University,https://www.helwan.edu.eg,Egypt & North Africa,Latin America & Africa,497,1,1,8,1,1,0,0,1,1,1,1,0,1,0,1,1,1,1,0,0,1,0,0,1,0,1,0,1,1,1,1,1,1,1,1,0,1,0,1,0,0,0,0,0,1,1,0,14.94,0,1,1,0,1,1,0,75,1,1,1,1,1,1,100.0,0,1,0,0,0.6931471805599453,-0.017364718901399376,89.0,0,73.23,B,45,
1159,Scripps College,https://www.scrippscollege.edu,United States,North America,498,1,1,3,1,0,0,0,0,0,1,1,1,5,0,0,1,0,1,1,11,1,1,0,0,0,1,0,1,1,1,1,1,1,1,1,1,0,1,1,0,0,0,1,0,1,1,1,12.63,0,1,1,0,0,1,1,75,1,1,1,1,1,1,35.7,0,1,1,0,0.6931471805599453,-0.6550884203944068,3650.0,1,73.22,B,115,101.0
2009,University of Bristol,https://www.bristol.ac.uk,United Kingdom,Western & Northern Europe,499,1,1,4,1,0,0,1,1,0,0,1,1,2,1,1,1,0,0,1,4,0,0,1,0,0,1,0,0,1,1,1,1,1,0,1,1,1,1,1,0,0,0,1,0,1,1,1,12.63,0,1,1,0,0,0,1,75,1,0,0,1,1,1,100.0,0,1,1,0,0.0,-1.0886801017448242,5.0,0,73.22,B,108,25.0
5300,Indian Institute of Technology Patna,https://www.iitp.ac.in,India,South & Central Asia + Oceania,500,1,1,7,0,0,0,0,1,0,0,1,1,5,1,1,1,0,1,1,0,0,0,1,1,1,1,0,1,1,1,1,1,1,1,1,0,1,0,1,1,0,0,0,1,1,1,1,21.0,0,1,1,0,0,1,0,75,1,8,1,1,1,1,100.0,0,1,0,0,2.1972245773362196,-0.09543862147330835,0.0,0,73.18,B,122,52.0
5034,NIT Tiruchirappalli,https://www.nitt.edu,India,South & Central Asia + Oceania,501,1,1,8,0,0,1,0,1,0,0,1,1,2,1,1,1,0,1,1,2,1,0,0,1,0,1,0,1,1,1,1,1,1,1,1,0,1,0,1,1,0,0,0,1,1,1,0,12.63,0,1,1,0,0,1,1,90,1,0,0,0,1,0,33.3,0,1,0,0,0.0,-0.3126415764194162,0.0,0,73.17,B,123,53.0
5091,University of Dhaka,https://www.du.ac.bd,Bangladesh,South & Central Asia + Oceania,502,1,1,1,1,0,0,0,0,0,0,1,1,10,1,0,1,1,1,1,6,1,1,0,1,1,1,0,1,1,1,1,1,1,1,1,1,1,0,1,1,0,0,1,0,1,1,1,5.74,0,1,1,0,0,1,0,75,1,0,1,1,1,1,83.7,0,1,0,0,0.0,-0.4165991797619645,3650.0,1,73.17,B,123,13.0
3038,Sant'Anna School of Advanced Studies,https://www.santannapisa.it,Italy,Eastern & Southern Europe,503,1,1,5,1,1,0,0,0,0,0,1,1,10,1,1,1,0,1,0,4,1,1,1,1,0,1,0,1,1,1,1,1,1,0,1,1,1,0,0,1,0,0,1,0,1,1,1,16.14,0,1,1,0,0,0,0,75,1,2,1,0,1,1,100.0,0,1,0,0,1.0986122886681098,0.005297436994346995,0.0,0,73.13,B,70,13.0
5012,Indian Institute of Technology ISM Dhanbad,https://www.iitism.ac.in,India,South & Central Asia + Oceania,504,1,1,12,1,1,0,1,1,0,0,0,1,3,1,1,1,0,1,1,12,1,1,1,0,1,1,0,1,1,1,1,1,1,0,1,0,1,1,1,0,0,0,1,0,1,1,1,14.74,0,1,1,1,0,0,0,75,1,0,0,0,1,1,1.7,0,1,1,0,0.0,0.27362716468793297,50.0,0,73.11,B,125,54.0
5113,Australian National University,https://www.anu.edu.au,Australia,South & Central Asia + Oceania,505,1,1,8,1,0,0,0,0,0,0,1,0,0,0,0,1,1,1,1,0,1,1,0,1,0,1,1,1,1,1,1,1,1,1,1,1,1,1,1,0,0,0,0,0,1,1,0,21.0,0,1,1,0,0,1,0,75,1,0,1,1,1,1,52.8,0,1,1,0,0.0,-0.8290077911412587,3650.0,1,73.08,B,126,26.0
5401,Indian Institute of Technology Bhilai,https://www.iitbhilai.ac.in,India,South & Central Asia + Oceania,506,1,1,9,1,1,0,0,0,0,0,1,1,2,1,1,1,1,1,1,1,1,1,1,0,0,1,0,1,1,1,1,1,1,1,0,0,1,0,1,1,0,0,0,1,1,1,0,12.63,0,1,0,0,0,0,1,20,1,0,0,1,1,0,81.5,0,1,0,0,0.0,1.6309419544111734,0.0,0,73.07,B,127,55.0
4068,Hiroshima University,https://www.hiroshima-u.ac.jp,Japan,Asia (East & Southeast),507,1,1,1,1,1,0,0,0,0,0,1,0,0,0,1,1,0,1,1,0,1,1,0,0,1,1,0,1,1,1,1,1,1,0,1,1,1,1,1,0,1,0,0,1,1,1,0,12.63,0,1,1,0,0,0,0,75,1,0,0,1,1,0,10.8,0,1,0,0,0.0,-1.5482404222658772,7.0,0,73.04,B,42,13.0
1170,McGill University,https://www.mcgill.ca,Canada,North America,508,0,1,7,1,1,0,1,1,0,0,1,0,0,1,0,1,0,1,1,0,0,0,0,1,0,1,0,1,1,1,1,1,1,1,1,1,1,1,1,0,0,0,0,0,1,1,0,21.0,0,1,0,0,0,0,0,75,1,0,1,0,1,1,100.0,0,1,1,0,0.0,-1.7816435340577692,3650.0,1,73.01,B,116,15.0
3315,University of Banja Luka,https://www.unibl.org,Balkans,Eastern & Southern Europe,509,1,1,5,1,1,0,0,0,1,1,1,1,4,0,1,1,0,1,1,15,1,1,1,1,0,1,0,1,1,1,1,1,1,1,0,0,1,0,1,1,0,0,1,0,1,1,1,15.43,0,1,1,0,0,0,0,75,1,0,1,0,0,0,91.7,0,1,0,0,0.0,0.012283743959133075,14.0,0,72.99,B,71,
6138,University of Ilorin,https://www.unilorin.edu.ng,Sub-Saharan Africa,Latin America & Africa,510,1,1,4,1,0,0,0,0,1,0,1,0,1,1,0,1,1,1,1,10,1,1,0,0,1,1,0,1,1,1,1,1,1,1,1,1,1,0,1,0,0,0,1,0,1,1,1,2.49,0,1,1,0,0,0,0,90,1,0,1,0,1,1,41.5,0,1,0,0,0.0,-0.9392014335572607,3650.0,1,72.96,B,46,
1070,North Carolina State University,https://www.ncsu.edu,United States,North America,511,0,1,5,1,0,0,1,1,0,0,0,1,5,0,0,1,1,1,1,16,1,1,0,0,0,1,0,1,1,1,1,1,1,0,1,1,1,1,1,0,0,0,1,0,1,1,1,12.63,0,1,0,0,0,0,0,90,1,0,1,1,1,1,85.0,0,1,1,0,0.0,-1.019281853608859,3650.0,1,72.96,B,117,102.0
1074,University of South Carolina,https://www.sc.edu,United States,North America,512,1,1,9,1,0,0,0,0,0,0,1,0,0,0,0,1,1,1,1,0,1,1,0,1,1,1,0,1,1,1,1,1,1,1,1,1,1,0,1,0,0,0,0,0,1,1,1,15.91,0,1,1,0,0,0,0,75,1,0,1,1,0,1,66.7,0,1,1,0,0.0,-0.43363063876400315,3650.0,1,72.92,B,118,103.0
5305,Netaji Subhas University of Technology,https://www.nsut.ac.in,India,South & Central Asia + Oceania,513,1,1,13,0,1,0,0,1,1,0,0,0,0,1,1,1,0,1,1,0,1,1,1,0,1,1,1,1,1,1,1,1,1,1,1,1,1,0,1,0,1,0,0,0,0,1,1,1.63,0,1,1,0,0,1,0,75,1,1,0,0,1,0,69.6,0,1,0,0,0.6931471805599453,-0.7084300067000585,0.0,0,72.88,B,128,56.0
4114,Ajou University,https://www.ajou.ac.kr,South Korea,Asia (East & Southeast),514,1,1,3,0,1,0,0,1,1,0,1,0,0,1,1,1,1,1,0,0,1,1,1,1,0,1,0,1,1,1,1,1,1,1,1,1,1,1,1,1,0,0,1,1,1,1,1,12.63,0,1,1,0,0,1,0,75,1,0,0,0,1,1,100.0,0,1,0,0,0.0,2.0530980269425636,897.0,0,72.86,B,43,4.0
5326,Rajarata University of Sri Lanka,https://www.rjt.ac.lk,Sri Lanka,South & Central Asia + Oceania,515,1,1,7,1,0,0,0,0,1,1,1,1,6,1,1,1,0,0,1,1,1,1,0,1,1,1,0,1,1,1,1,1,1,0,1,1,1,0,1,0,0,0,1,1,1,1,1,12.63,0,1,1,0,0,0,0,90,1,0,1,1,1,1,82.9,0,1,0,0,0.0,-0.37651521358286283,0.0,0,72.86,B,129,
1145,Wesleyan University,https://www.wesleyan.edu,United States,North America,516,1,1,5,1,0,0,0,0,0,0,0,1,5,1,0,1,0,1,1,3,1,1,1,1,1,1,1,1,1,1,1,1,1,0,1,1,1,1,1,0,0,0,1,0,1,1,1,21.0,0,1,1,0,0,0,0,90,1,1,1,1,1,0,63.2,0,1,1,0,0.6931471805599453,-0.46346218278156925,3650.0,1,72.85,B,119,104.0
3087,Poznan University of Technology,https://www.put.poznan.pl,Poland,Eastern & Southern Europe,517,1,1,0,1,1,0,0,0,0,0,1,0,0,0,1,1,1,1,1,1,1,1,0,1,1,1,0,1,0,1,1,1,1,1,1,1,1,1,1,1,0,0,1,0,0,1,1,1.51,0,1,1,0,0,1,0,75,1,0,0,0,1,1,72.0,0,1,0,0,0.0,-0.6028695410940871,49.0,0,72.83,B,72,8.0
5140,University of Southern Queensland,https://www.usq.edu.au,Australia,South & Central Asia + Oceania,518,1,1,1,1,0,0,0,0,0,0,1,0,0,0,0,1,1,1,1,0,0,0,0,0,0,1,0,1,1,1,0,1,1,1,1,1,1,1,1,0,0,1,0,0,1,1,1,14.94,0,1,1,0,0,0,0,100,1,0,1,1,1,1,80.0,0,1,0,0,0.0,0.5825670015805218,3650.0,1,72.76,B,130,27.0
1134,Vassar College,https://www.vassar.edu,United States,North America,519,1,1,5,1,0,0,0,0,1,1,1,1,5,1,0,1,1,1,1,1,1,1,0,0,1,1,0,1,1,1,1,1,1,1,1,1,0,0,0,0,0,0,0,0,1,1,1,8.86,0,1,1,0,0,0,0,100,1,0,1,1,1,1,100.0,0,1,0,0,0.0,-1.296880943772321,3650.0,1,72.75,B,120,105.0
2071,Leibniz University Hannover,https://www.uni-hannover.de,Germany,Western & Northern Europe,520,1,1,20,1,1,0,0,0,0,0,1,1,5,0,1,1,1,1,1,2,1,1,1,0,0,1,0,1,0,0,1,1,1,1,1,1,1,1,1,0,0,0,0,1,1,1,0,19.8,0,1,1,0,0,0,0,75,1,0,1,1,1,0,95.2,0,1,1,0,0.0,-0.30979665915611515,22.0,0,72.75,B,109,23.0
1014,Duke University,https://www.duke.edu,United States,North America,521,1,1,3,1,0,0,0,0,0,1,0,0,1,0,0,1,1,1,0,0,1,1,0,1,1,1,0,1,1,1,1,1,1,1,1,1,1,1,1,0,0,0,1,0,0,1,1,21.0,0,1,1,0,0,0,0,90,1,0,1,1,1,1,97.2,0,1,1,0,0.0,1.4155107633248483,3650.0,1,72.73,B,121,106.0
1090,Baylor University,https://www.baylor.edu,United States,North America,522,1,1,2,1,0,0,0,1,0,0,0,1,10,1,1,1,1,1,1,3,0,0,0,0,0,1,0,1,1,1,1,1,1,1,1,0,1,0,0,0,0,0,0,0,1,1,1,21.0,0,1,0,0,0,0,0,75,1,0,1,1,1,1,29.2,0,1,1,0,0.0,-0.1446375560938321,0.0,0,72.73,B,121,106.0
4312,Universiti Malaysia Sabah,https://www.ums.edu.my,Malaysia,Asia (East & Southeast),523,1,1,7,1,1,1,1,1,0,0,1,1,10,0,0,0,1,1,0,0,0,0,0,1,1,1,0,1,1,1,1,1,1,1,1,1,1,1,1,0,0,0,0,0,1,1,1,15.5,0,1,1,1,0,0,0,75,1,0,0,1,1,0,62.2,0,1,1,0,0.0,1.0236855209839466,3650.0,1,72.71,B,44,
6336,University of Rwanda,https://www.ur.ac.rw,Sub-Saharan Africa,Latin America & Africa,524,1,1,5,1,0,0,0,1,0,0,1,1,8,1,1,1,1,1,1,0,1,1,1,1,1,1,0,1,1,1,1,1,1,0,1,0,0,0,1,0,1,0,1,0,1,1,1,3.54,0,1,1,0,0,0,0,75,1,0,1,0,1,0,60.0,0,1,0,0,0.0,-0.08229859976031663,0.0,0,72.7,B,47,
4156,Universiti Utara Malaysia,https://www.uum.edu.my,Malaysia,Asia (East & Southeast),525,1,1,5,0,0,0,0,1,1,1,0,1,5,0,1,1,0,1,0,3,1,0,1,0,0,1,0,1,1,1,1,1,1,1,1,1,1,1,0,0,0,0,1,0,1,1,1,21.0,0,1,1,0,0,0,0,75,1,0,1,1,1,1,93.3,0,1,1,0,0.0,-0.4584276893494543,127.0,0,72.69,B,45,
5096,University of Chittagong,https://www.cu.ac.bd,Bangladesh,South & Central Asia + Oceania,526,1,1,11,1,0,0,0,0,0,0,1,1,8,1,0,1,1,1,1,4,1,1,1,0,1,1,0,1,1,1,1,1,1,1,1,0,1,0,1,1,0,0,1,0,1,1,1,4.21,0,1,1,0,0,0,0,90,1,0,1,0,1,1,13.0,0,1,0,0,0.0,-0.7998410027426441,3650.0,1,72.64,B,131,14.0
2144,BI Norwegian Business School,https://www.bi.edu,Norway,Western & Northern Europe,527,1,1,2,1,1,0,0,1,1,1,0,0,0,0,1,1,0,1,1,0,1,1,0,1,0,1,0,0,1,0,1,1,1,1,1,0,1,1,1,1,0,1,0,0,1,1,1,21.0,0,1,0,0,0,0,0,90,1,0,1,1,1,1,85.7,0,1,0,0,0.0,-0.19461308654414863,0.0,0,72.6,B,110,
3088,Warsaw University of Life Sciences,https://www.sggw.edu.pl,Poland,Eastern & Southern Europe,528,1,1,10,1,1,0,0,1,1,1,0,1,9,0,1,1,0,1,1,5,1,1,1,0,0,1,0,1,1,1,1,1,1,0,0,0,0,1,1,1,0,0,1,1,1,1,1,21.0,0,1,1,0,0,0,0,90,1,0,1,0,1,0,51.4,0,1,1,0,0.0,0.8635383772069201,0.0,0,72.59,B,73,9.0
1001,Harvard University,https://www.harvard.edu,United States,North America,529,1,1,1,1,0,0,0,0,1,1,1,0,0,1,0,1,0,1,1,0,1,1,0,0,0,1,0,1,1,1,1,1,1,1,1,1,1,1,1,0,0,0,0,0,1,1,1,15.13,0,1,0,0,0,0,0,90,1,0,1,1,1,1,76.2,0,1,1,0,0.0,-1.52621093840736,3650.0,1,72.56,B,123,108.0
3043,Autonomous University of Barcelona,https://www.uab.cat,Spain,Eastern & Southern Europe,530,1,1,5,1,0,0,1,1,0,0,1,1,8,1,0,1,0,1,0,0,0,0,0,1,0,1,0,1,1,1,1,1,1,1,1,0,1,1,1,1,0,0,1,1,0,1,1,18.73,0,1,0,0,0,1,0,75,1,0,1,1,1,0,100.0,0,1,1,0,0.0,-0.017273708584193036,3650.0,1,72.56,B,74,13.0
5069,University of the Punjab,https://www.pu.edu.pk,Pakistan,South & Central Asia + Oceania,531,1,1,6,0,0,0,0,1,0,0,1,1,7,1,0,1,1,1,1,0,1,1,0,0,1,1,0,1,1,1,1,1,1,1,1,1,1,1,1,0,0,0,0,1,1,1,1,21.0,0,1,1,1,0,0,0,75,1,0,1,0,1,1,17.1,0,1,1,0,0.0,0.5072873577807452,3650.0,1,72.55,B,132,15.0
5171,Mid-Western University,https://www.mwu.edu.np,Nepal,South & Central Asia + Oceania,532,1,1,7,0,0,0,0,0,1,1,1,1,7,1,1,1,0,1,1,11,1,1,1,1,1,1,0,1,1,1,1,1,1,0,1,0,0,0,1,1,0,0,1,0,1,1,1,14.68,0,1,1,0,0,0,0,100,1,0,1,1,1,1,98.1,0,1,0,0,0.0,0.2428309467698426,4.0,0,72.53,B,133,
2096,University of Tours,https://www.univ-tours.fr,France,Western & Northern Europe,533,1,1,13,1,1,0,0,0,1,1,1,1,10,1,0,1,1,1,1,0,1,1,0,0,0,1,1,1,1,1,1,1,1,0,1,1,1,1,1,1,0,0,0,1,1,0,1,11.05,0,1,1,0,0,0,1,75,1,0,1,1,1,0,90.9,0,1,0,0,0.0,-0.3362282579239138,3650.0,1,72.5,B,111,17.0
1005,Princeton University,https://www.princeton.edu,United States,North America,534,1,1,0,1,0,0,0,0,1,1,1,0,1,1,1,1,1,1,1,0,1,1,0,0,0,1,0,1,1,0,1,1,1,1,1,1,1,1,1,0,0,0,1,0,1,1,1,8.86,0,1,0,0,0,0,0,90,1,0,1,1,1,1,87.5,0,1,1,0,0.0,-1.70665034701361,5.0,0,72.48,B,124,109.0
4201,Polytechnic University of the Philippines,https://www.pup.edu.ph,Philippines,Asia (East & Southeast),535,1,1,5,1,0,0,0,1,0,0,1,0,0,1,1,1,0,1,0,0,0,0,0,0,1,1,1,1,1,1,1,1,1,0,1,1,1,1,1,1,0,0,1,0,1,1,1,2.53,0,1,1,0,0,0,0,75,1,1,1,1,1,0,100.0,0,1,0,0,0.6931471805599453,-0.10164495336613627,0.0,0,72.47,B,46,
5409,NIT Raipur,https://www.nitrr.ac.in,India,South & Central Asia + Oceania,536,1,1,10,0,0,0,0,0,0,0,1,0,0,1,0,1,1,1,1,0,1,1,1,1,1,1,0,1,1,1,1,1,1,1,1,0,1,1,1,0,0,1,1,0,1,1,1,12.63,0,1,1,0,0,0,0,75,1,2,1,0,1,0,30.8,0,0,0,0,1.0986122886681098,-0.7017493456702082,3650.0,1,72.44,B,134,57.0
4071,Okayama University,https://www.okayama-u.ac.jp,Japan,Asia (East & Southeast),537,1,1,5,1,0,0,0,0,0,0,0,0,0,0,1,1,0,1,1,1,1,0,0,0,0,1,0,1,1,1,1,1,1,0,1,1,1,0,1,0,0,0,1,1,1,1,1,4.17,0,1,1,0,0,0,0,75,1,1,0,1,1,0,65.7,0,1,0,0,0.6931471805599453,-0.2184321031649503,0.0,0,72.43,B,47,14.0
3081,University of Wroclaw,https://www.uwr.edu.pl,Poland,Eastern & Southern Europe,538,1,1,2,1,1,0,0,1,0,0,0,0,0,0,1,1,0,1,0,0,1,0,0,1,0,1,0,1,1,1,1,1,1,1,1,0,1,1,1,1,0,0,1,1,0,1,1,21.0,0,1,1,0,0,0,0,90,1,6,1,0,1,0,75.0,0,1,1,0,1.9459101490553132,1.3599244438587759,23.0,0,72.42,B,75,10.0
1177,University of Ottawa,https://www.uottawa.ca,Canada,North America,539,1,1,4,0,1,0,0,0,0,0,1,1,3,0,1,1,0,1,1,0,1,1,0,1,0,1,0,1,1,1,1,1,1,0,1,1,1,1,1,1,0,0,1,0,0,1,1,13.79,0,1,1,0,0,0,0,100,1,0,1,1,1,1,88.9,0,1,1,0,0.0,0.08262080353998698,0.0,0,72.37,B,125,16.0
1195,Baylor College of Medicine,https://www.bcm.edu,United States,North America,540,1,1,5,1,0,1,0,0,1,1,1,0,0,0,0,1,1,1,1,0,0,0,0,0,0,1,0,1,1,1,1,1,1,1,0,1,1,1,1,1,0,0,1,0,1,1,1,12.63,0,1,1,0,0,0,0,100,1,0,0,1,1,0,100.0,0,1,0,0,0.0,0.467530586766638,3650.0,1,72.36,B,126,110.0
1080,University of Oklahoma,https://www.ou.edu,United States,North America,541,1,1,7,1,0,0,0,1,0,0,1,0,0,1,1,1,1,1,1,0,1,1,1,1,1,1,1,1,1,1,1,1,1,1,1,0,1,0,0,0,0,0,0,0,1,1,0,12.98,0,1,0,0,0,0,0,75,1,0,1,1,0,1,100.0,0,1,1,0,0.0,0.5640687778234835,4.0,0,72.35,B,127,111.0
5066,Quaid-i-Azam University,https://www.qau.edu.pk,Pakistan,South & Central Asia + Oceania,542,1,1,6,0,0,0,1,1,0,0,1,1,10,1,1,1,0,1,1,11,1,1,0,1,0,1,1,1,1,1,1,1,1,1,1,1,1,0,1,1,0,0,1,0,1,1,1,12.63,0,1,1,0,0,0,0,90,1,0,1,0,1,1,72.7,0,1,0,0,0.0,0.1295855951662829,242.0,0,72.34,B,135,16.0
6528,Bahir Dar University,https://www.bdu.edu.et,Sub-Saharan Africa,Latin America & Africa,543,1,1,7,1,0,0,0,0,0,1,0,0,0,1,1,1,0,1,1,9,1,1,0,0,0,1,0,1,1,1,1,1,1,1,1,0,0,0,0,1,0,0,1,0,1,1,1,21.0,0,1,1,0,0,0,0,75,1,0,1,0,1,1,84.2,0,1,0,0,0.0,0.11825312729854258,12.0,0,72.32,B,48,
1060,"University of California, Riverside",https://www.ucr.edu,United States,North America,544,0,1,4,1,0,0,0,1,0,0,1,1,10,0,1,1,1,1,1,5,1,1,1,1,1,1,0,1,1,0,1,1,1,1,1,1,1,1,0,0,0,0,1,0,1,1,1,7.24,0,1,0,0,0,0,1,100,1,0,1,1,1,1,86.7,0,1,1,0,0.0,1.649191191462449,0.0,0,72.29,B,128,112.0
5327,Sabaragamuwa University of Sri Lanka,https://www.sab.ac.lk,Sri Lanka,South & Central Asia + Oceania,545,1,1,7,0,0,0,0,1,1,1,1,1,2,1,1,1,0,0,1,18,1,0,1,1,0,1,0,1,1,1,1,1,1,1,1,1,0,0,1,1,0,0,1,0,1,1,1,4.06,0,1,1,0,0,0,0,75,1,1,1,1,1,1,90.5,0,1,0,0,0.6931471805599453,-0.6443934265846643,0.0,0,72.28,B,136,
2123,Uppsala University,https://www.uu.se,Sweden,Western & Northern Europe,546,1,1,4,1,1,0,0,0,0,0,0,1,9,0,1,1,0,1,0,20,1,1,1,1,0,1,0,0,1,1,1,1,1,0,1,1,1,1,1,0,0,0,1,0,1,1,0,6.93,0,1,1,0,0,0,0,90,1,0,1,1,1,1,31.0,0,1,0,0,0.0,3.1777194278024186,0.0,0,72.2,B,112,
2183,TU Wien,https://www.tuwien.at,Switzerland/Austria,Western & Northern Europe,547,1,1,3,1,1,0,0,0,0,1,1,1,10,1,1,1,0,1,1,12,1,1,1,1,0,1,0,1,1,0,1,1,1,0,1,1,0,1,1,1,0,0,0,0,1,1,1,19.43,0,1,0,0,0,1,1,100,1,0,1,1,1,0,93.3,0,1,1,0,0.0,-0.47760093757186445,1.0,0,72.16,B,113,
3053,University of Santiago de Compostela,https://www.usc.gal,Spain,Eastern & Southern Europe,548,1,1,10,1,1,0,0,0,0,0,0,0,0,0,1,0,1,1,0,17,1,1,1,0,0,1,0,1,0,1,1,1,1,1,0,0,1,0,1,1,0,0,0,0,0,1,1,18.73,0,1,1,0,0,0,0,75,1,0,1,0,1,0,100.0,0,1,1,0,0.0,-1.4295825319271127,0.0,0,72.08,B,76,14.0
5157,University of Colombo,https://www.cmb.ac.lk,Sri Lanka,South & Central Asia + Oceania,549,1,1,9,1,0,0,0,1,0,0,1,1,10,1,0,1,0,1,1,20,1,1,0,1,0,1,0,1,1,1,1,1,1,1,1,1,1,0,1,0,0,0,0,0,1,1,1,5.74,0,1,1,0,0,0,0,75,1,0,1,0,1,1,93.8,0,1,0,0,0.0,-0.6544958896054135,3650.0,1,72.01,B,137,
3114,University of Madeira,https://www.uma.pt,Portugal,Eastern & Southern Europe,550,1,1,2,1,1,0,0,0,1,1,0,1,8,0,1,1,1,1,0,1,0,0,0,1,0,1,0,1,1,1,0,1,1,0,1,0,1,0,1,0,0,1,1,0,1,1,1,19.63,0,1,1,0,0,0,1,75,1,0,1,0,1,0,100.0,0,1,0,0,0.0,-1.407369658500613,0.0,0,71.92,B,77,
3151,Transilvania University of Brasov,https://www.unitbv.ro,Romania,Eastern & Southern Europe,551,1,1,10,1,1,0,0,0,0,0,0,0,1,0,0,1,1,1,1,0,1,1,0,1,1,1,0,1,1,1,1,1,1,1,1,0,0,1,1,0,0,1,0,0,1,1,0,3.54,0,1,0,0,0,1,0,20,1,2,0,1,1,0,90.9,0,1,1,0,1.0986122886681098,0.3691228073912861,3650.0,1,71.78,B,78,
5332,Tajik National University,https://www.tnu.tj,Central Asia,South & Central Asia + Oceania,552,1,1,9,1,1,0,0,0,0,0,0,1,10,1,1,1,0,1,0,14,0,0,1,0,0,1,0,1,1,1,1,1,1,1,1,1,0,0,1,0,0,0,0,0,0,1,0,21.0,0,1,0,0,0,0,0,75,1,15,1,0,1,1,14.3,0,1,0,0,2.772588722239781,2.363696409319386,98.0,0,71.78,B,138,
2023,University of Exeter,https://www.exeter.ac.uk,United Kingdom,Western & Northern Europe,553,1,1,7,1,0,0,1,1,0,0,1,0,0,0,0,1,1,0,1,0,0,0,0,1,0,1,0,0,1,1,1,1,1,1,1,1,1,1,1,0,0,0,0,1,1,1,1,12.63,0,1,1,0,0,1,0,75,1,0,1,1,1,1,100.0,0,1,1,0,0.0,-1.28800830529648,3650.0,1,71.74,B,114,26.0
5045,IIIT Hyderabad,https://www.iiit.ac.in,India,South & Central Asia + Oceania,554,1,1,6,0,0,0,0,1,0,0,1,0,0,1,1,1,1,1,1,9,1,1,1,1,1,1,0,1,1,0,1,1,1,1,1,1,1,1,1,0,0,0,0,0,1,1,1,10.17,0,1,0,0,0,1,0,90,1,1,0,1,1,1,0.0,0,1,0,0,0.6931471805599453,-0.15621634254975106,0.0,0,71.71,B,139,58.0
5131,Flinders University,https://www.flinders.edu.au,Australia,South & Central Asia + Oceania,555,1,1,8,1,0,0,0,1,1,2,1,0,0,0,1,1,0,1,1,0,1,1,0,1,1,1,0,1,1,1,1,1,1,0,1,1,1,1,1,0,0,0,0,0,0,1,0,12.63,0,1,1,0,0,0,1,75,1,0,1,1,1,1,21.9,0,1,1,0,0.0,0.29236560416190327,6.0,0,71.68,B,140,28.0
3166,Odesa I. I. Mechnikov National University,https://www.onu.edu.ua,Ukraine,Eastern & Southern Europe,556,1,1,5,1,1,0,0,1,0,0,1,0,0,0,1,1,0,1,1,0,0,0,1,1,0,1,0,1,1,1,1,1,1,1,1,1,1,0,0,0,0,0,0,1,1,1,0,7.46,0,0,1,0,0,0,0,75,1,0,1,1,1,1,94.4,0,1,0,0,0.0,-0.8964735696911247,109.0,0,71.67,B,79,
5028,Vellore Institute of Technology,https://www.vit.ac.in,India,South & Central Asia + Oceania,557,1,1,8,0,0,0,1,1,0,0,1,0,0,1,0,1,0,1,1,20,1,1,1,0,1,1,0,1,1,1,1,1,1,1,1,1,1,0,1,1,0,0,0,1,1,1,1,12.63,0,1,1,0,0,0,0,90,1,0,1,1,1,1,22.9,0,1,0,0,0.0,2.0485647402527896,3650.0,1,71.67,B,141,59.0
5303,Indian Institute of Technology Mandi,https://www.iitmandi.ac.in,India,South & Central Asia + Oceania,558,1,1,6,0,0,0,0,1,0,0,1,0,0,1,1,1,0,1,0,0,1,1,1,0,0,1,0,1,1,1,1,1,1,0,1,1,1,1,1,1,0,0,1,0,1,1,1,15.43,0,1,1,0,0,0,0,75,1,0,0,1,1,1,45.0,0,1,0,0,0.0,-1.2741679358620142,0.0,0,71.63,B,142,60.0
4085,Tokushima University,https://www.tokushima-u.ac.jp,Japan,Asia (East & Southeast),559,1,1,4,0,0,0,0,0,1,1,1,0,0,0,1,1,1,1,0,4,1,1,1,0,1,1,0,1,1,1,1,1,1,1,0,0,1,0,1,0,1,0,1,0,1,1,1,21.0,0,1,1,0,0,0,0,75,1,2,1,0,1,0,17.4,0,1,1,0,1.0986122886681098,0.5778074336077188,8.0,0,71.63,B,48,15.0
2127,University of Gothenburg,https://www.gu.se,Sweden,Western & Northern Europe,560,0,1,7,1,1,0,0,1,0,0,1,1,8,0,1,1,0,1,0,3,1,0,1,0,0,1,0,1,1,0,1,1,1,0,1,1,1,1,1,1,0,1,1,0,0,1,1,1.99,0,1,0,0,0,0,0,75,1,0,1,0,1,1,0.0,0,1,1,0,0.0,1.1580057935180614,0.0,0,71.62,B,115,
1076,University of Kentucky,https://www.uky.edu,United States,North America,561,0,1,4,1,0,1,0,1,1,1,0,1,6,0,0,1,1,1,0,0,0,0,0,0,0,1,0,1,1,1,1,1,1,1,1,1,1,1,1,0,0,0,0,0,1,1,0,21.0,0,1,0,0,0,0,0,100,1,0,0,0,1,1,75.0,0,1,1,0,0.0,1.1014508971399166,3650.0,1,71.59,B,129,113.0
4064,Keio University,https://www.keio.ac.jp,Japan,Asia (East & Southeast),562,1,1,0,0,0,0,0,1,0,0,1,1,10,1,1,1,0,1,1,0,1,1,0,1,0,1,0,1,1,1,1,1,1,1,1,1,1,0,1,0,0,0,0,1,1,1,1,17.1,0,1,1,0,0,0,0,75,1,0,1,1,1,0,21.5,0,1,1,0,0.0,-0.05187998231784458,4.0,0,71.54,B,49,16.0
2053,University of Hamburg,https://www.uni-hamburg.de,Germany,Western & Northern Europe,563,1,1,4,1,1,0,0,0,0,0,0,1,2,1,1,1,1,1,1,2,1,1,1,0,1,1,0,0,1,0,1,1,1,0,1,1,1,0,1,0,0,0,0,1,1,1,1,8.32,0,1,1,0,0,1,0,100,1,0,1,1,0,1,100.0,0,1,1,0,0.0,1.2409379657986774,0.0,0,71.45,B,116,24.0
4308,University of Yangon,https://www.uy.edu.mm,Other SE/E Asia,Asia (East & Southeast),564,1,1,9,1,1,1,0,0,1,2,1,1,4,0,0,1,0,1,1,0,0,0,1,1,0,1,0,1,1,1,1,1,1,1,1,0,0,1,1,0,1,0,1,0,1,1,0,12.63,0,1,1,0,0,1,0,90,1,0,1,0,1,1,3.4,0,0,0,0,0.0,-1.0445707556077626,3650.0,1,71.44,B,50,
1091,Southern Methodist University,https://www.smu.edu,United States,North America,565,0,1,4,1,0,0,0,1,0,0,0,0,0,0,1,1,1,1,1,6,1,1,0,0,1,1,1,1,1,0,1,1,1,1,1,1,1,1,1,0,0,0,0,0,1,1,1,5.74,0,1,0,1,0,0,0,75,1,0,1,1,0,1,21.1,0,1,0,0,0.0,0.5151781917946949,0.0,0,71.4,B,130,114.0
1064,University of Delaware,https://www.udel.edu,United States,North America,566,1,1,4,1,0,0,0,1,0,0,1,1,4,1,0,1,0,1,1,0,0,0,0,0,1,1,0,1,1,1,1,1,1,1,1,1,1,0,1,0,0,0,0,0,1,1,1,10.89,0,1,1,0,0,0,0,90,1,0,1,1,1,0,94.4,0,1,1,0,0.0,0.10271566305181994,3650.0,1,71.39,B,131,115.0
3309,University of Opole,https://www.uni.opole.pl,Poland,Eastern & Southern Europe,567,1,1,8,0,1,0,0,0,0,0,1,1,10,1,1,1,1,1,1,0,0,0,1,1,0,1,0,1,1,1,1,1,1,1,0,0,0,1,1,0,0,0,1,0,1,1,1,12.63,0,1,1,0,0,0,0,90,1,0,0,0,1,0,71.1,0,1,1,0,0.0,0.44149378210342966,13.0,0,71.38,B,80,11.0
2120,Hanze University of Applied Sciences,https://www.hanze.nl,Netherlands,Western & Northern Europe,568,1,1,5,1,1,1,0,0,1,1,1,0,0,0,1,1,0,1,1,15,1,1,1,1,1,1,0,0,0,0,1,1,1,1,0,1,1,1,1,1,0,0,0,0,0,1,1,12.63,0,1,0,0,0,0,1,100,1,0,1,0,1,1,99.2,0,1,0,0,0.0,0.15263507341445373,0.0,0,71.36,B,117,7.0
4067,Kobe University,https://www.kobe-u.ac.jp,Japan,Asia (East & Southeast),569,1,1,3,0,0,0,0,0,1,1,0,1,10,1,0,1,1,1,1,1,0,0,0,1,0,1,0,1,1,1,1,1,1,1,1,1,1,0,1,0,0,0,1,1,1,1,1,15.91,0,1,1,0,0,0,1,75,1,0,1,1,1,0,19.5,0,1,0,0,0.0,-0.3071261241461801,3650.0,1,71.35,B,51,17.0
2133,Lulea University of Technology,https://www.ltu.se,Sweden,Western & Northern Europe,570,1,1,8,1,1,0,0,0,0,0,0,0,1,0,1,1,1,1,0,11,1,1,1,0,0,1,0,0,1,0,1,1,1,0,1,1,0,1,1,0,0,0,1,0,0,1,1,16.86,0,1,1,0,0,0,0,75,1,0,1,1,1,1,87.5,0,1,1,0,0.0,0.059518248397621695,0.0,0,71.34,B,118,
2003,Imperial College London,https://www.imperial.ac.uk,United Kingdom,Western & Northern Europe,571,1,1,10,1,0,0,1,1,0,0,1,0,0,1,0,1,0,0,1,0,1,1,0,0,0,1,0,1,1,1,1,1,1,1,1,1,1,1,1,0,0,0,1,1,1,1,1,17.51,0,1,0,0,0,0,0,100,1,0,1,1,1,1,20.0,0,1,1,0,0.0,-0.8343062750712389,3650.0,1,71.31,B,119,27.0
2307,Hasselt University,https://www.uhasselt.be,Belgium/Ireland/Iceland,Western & Northern Europe,572,1,1,5,1,1,0,0,1,0,0,0,1,8,0,0,0,0,1,0,1,1,0,0,1,0,1,0,1,1,1,1,1,1,0,1,1,1,1,1,1,0,1,0,0,1,1,0,21.0,0,1,0,0,0,0,1,90,1,0,0,1,1,1,97.3,0,1,0,0,0.0,-0.4087332857364992,3650.0,1,71.3,B,120,
5322,Comilla University,https://www.cou.ac.bd,Bangladesh,South & Central Asia + Oceania,573,1,1,6,0,0,0,0,0,1,1,1,0,0,1,0,1,1,1,1,5,1,1,1,0,0,1,0,1,1,1,1,1,1,1,1,1,1,0,1,1,0,0,0,0,1,1,0,15.43,0,1,1,0,0,0,0,75,1,2,1,0,1,0,50.0,0,1,0,0,1.0986122886681098,-1.0931383162482662,3650.0,1,71.28,B,143,15.0
1178,Simon Fraser University,https://www.sfu.ca,Canada,North America,574,1,1,5,1,0,0,0,1,0,0,1,0,0,0,0,1,0,1,1,1,1,1,0,1,1,1,0,1,1,1,1,1,1,1,1,1,1,0,1,1,0,0,0,0,1,1,1,21.0,0,1,1,0,0,0,1,90,1,0,1,1,1,1,41.0,0,1,0,0,0.0,0.8424965219874336,3650.0,1,71.25,B,132,17.0
6145,Jomo Kenyatta University of Agriculture and Technology,https://www.jkuat.ac.ke,Sub-Saharan Africa,Latin America & Africa,575,1,1,7,1,0,0,0,0,1,1,1,1,2,1,0,1,0,1,1,1,1,1,0,1,0,1,0,1,1,1,1,1,1,1,1,1,1,1,1,0,0,0,0,0,1,1,0,21.0,0,1,1,0,0,0,0,75,1,0,1,0,0,0,90.0,0,1,0,0,0.0,-0.12339066691293618,3650.0,1,71.2,B,49,
5110,Jagannath University,https://www.jnu.ac.bd,Bangladesh,South & Central Asia + Oceania,576,1,1,10,0,0,0,0,0,0,1,1,0,0,1,1,1,1,1,1,2,1,1,0,1,0,1,0,1,1,1,1,1,1,0,1,0,1,0,1,1,0,0,1,0,1,1,1,21.0,0,1,1,0,0,0,1,75,1,1,1,1,1,1,36.5,0,1,0,0,0.6931471805599453,-1.1592931547389789,0.0,0,71.17,B,144,16.0
2024,University of Bath,https://www.bath.ac.uk,United Kingdom,Western & Northern Europe,577,0,1,3,1,0,0,1,1,0,0,0,0,0,0,1,1,0,0,1,3,1,1,1,1,1,1,0,0,1,1,1,1,1,0,1,1,1,1,1,0,0,0,1,0,1,1,1,15.74,0,1,0,0,0,1,0,75,1,0,1,1,1,1,81.0,0,1,1,0,0.0,0.40094660679267247,0.0,0,71.16,B,121,28.0
6531,Copperbelt University,https://www.cbu.ac.zm,Sub-Saharan Africa,Latin America & Africa,578,1,1,20,1,0,0,0,1,1,0,0,1,3,1,0,1,1,1,0,2,1,1,0,1,1,1,0,1,1,1,1,1,1,1,1,1,1,1,1,1,0,0,0,0,1,1,1,1.0,0,1,1,0,0,0,0,75,1,0,0,1,1,1,45.5,0,1,0,0,0.0,-0.826864417211704,3650.0,1,71.14,B,50,
2187,Ghent University,https://www.ugent.be,Belgium/Ireland/Iceland,Western & Northern Europe,579,1,1,20,1,1,0,0,0,0,0,0,1,2,0,0,1,1,1,1,1,1,1,1,0,0,1,0,1,1,1,1,1,1,1,1,1,1,0,0,1,0,0,0,0,1,1,1,12.63,0,1,1,0,0,0,0,100,1,0,1,1,1,0,100.0,0,1,1,0,0.0,-0.029233725446546174,3650.0,1,71.13,B,122,
4200,Silliman University,https://su.edu.ph,Philippines,Asia (East & Southeast),580,1,1,7,1,0,0,0,1,1,2,1,1,2,0,1,1,1,1,1,0,0,0,0,1,1,1,0,1,1,0,1,1,1,1,1,1,1,1,1,1,0,0,0,0,1,1,0,5.74,0,1,1,1,0,1,0,90,1,3,1,0,1,1,96.7,0,1,0,0,1.3862943611198906,-0.36953300316238474,5.0,0,71.12,B,52,
4102,Hanyang University,https://www.hanyang.ac.kr,South Korea,Asia (East & Southeast),581,1,1,1,1,1,0,0,1,0,0,1,1,10,1,0,1,1,1,0,0,1,1,0,0,1,1,0,1,1,1,1,1,1,1,1,0,1,1,1,0,1,0,0,0,1,1,0,12.63,0,1,1,0,0,0,0,100,1,0,1,0,1,1,88.9,0,1,0,0,0.0,0.3869748228539868,3650.0,1,71.0,B,53,5.0
1032,University of Florida,https://www.ufl.edu,United States,North America,582,1,1,2,0,0,0,0,1,0,0,0,1,2,1,0,1,1,1,1,1,1,1,0,1,0,1,1,1,1,1,1,1,1,1,1,1,1,0,1,1,0,0,1,0,1,1,1,15.43,0,1,1,0,0,0,0,90,1,0,1,1,1,1,72.2,0,1,1,0,0.0,-0.959204438573483,3650.0,1,71.0,B,133,116.0
4139,Chinese University of Hong Kong,https://www.cuhk.edu.hk,Hong Kong,Asia (East & Southeast),583,1,1,20,1,0,0,0,1,0,0,1,0,0,0,1,1,0,1,1,1,1,1,1,0,0,1,0,1,1,1,1,1,1,0,1,0,1,0,1,0,0,0,0,1,1,1,1,6.29,0,1,1,0,0,0,0,75,1,15,0,1,1,1,89.4,0,1,1,0,2.772588722239781,-0.6424376831046301,0.0,0,70.97,B,54,
2010,University of Warwick,https://warwick.ac.uk,United Kingdom,Western & Northern Europe,584,1,1,1,1,0,0,1,1,0,0,1,0,1,0,1,1,1,0,1,2,1,1,1,1,0,1,0,1,1,1,1,1,1,0,1,1,1,1,1,1,0,0,0,0,1,1,1,19.56,0,1,1,0,0,0,0,90,1,0,1,1,1,1,25.9,0,1,1,0,0.0,-1.2479971695470602,11.0,0,70.96,B,123,29.0
2172,University of Eastern Finland,https://www.uef.fi,Finland,Western & Northern Europe,585,1,1,11,1,1,0,0,0,0,0,0,1,10,0,1,1,0,1,0,20,1,1,1,0,0,1,0,0,1,1,0,1,1,0,1,1,1,1,1,0,0,0,0,0,1,1,1,21.0,0,1,1,0,0,1,0,100,1,0,1,1,1,1,52.7,0,1,0,0,0.0,0.035026583484340595,0.0,0,70.95,B,124,
1169,University of British Columbia,https://www.ubc.ca,Canada,North America,586,0,1,9,1,0,0,0,0,0,0,0,0,0,0,0,1,1,1,1,0,0,0,0,0,0,0,0,1,1,1,1,1,1,0,1,1,1,1,1,0,0,0,0,0,1,1,1,15.91,0,0,0,0,0,0,0,100,1,1,1,1,1,1,100.0,0,1,1,0,0.6931471805599453,-0.3615377407215521,3650.0,1,70.94,B,134,18.0
1106,DePaul University,https://www.depaul.edu,United States,North America,587,1,1,3,1,0,0,0,0,1,1,0,1,10,0,0,1,1,1,1,0,1,1,0,1,1,1,0,1,1,1,1,0,1,1,1,1,1,1,1,0,0,0,1,0,1,1,1,17.04,0,1,1,0,0,0,0,100,1,0,1,0,1,1,71.4,0,1,1,0,0.0,-0.007288155512955005,3650.0,1,70.88,B,135,117.0
5095,Jahangirnagar University,https://www.juniv.edu,Bangladesh,South & Central Asia + Oceania,588,1,1,14,0,0,0,0,0,1,1,1,0,0,1,1,1,1,1,1,1,1,1,0,1,0,1,0,1,1,1,1,1,1,0,1,1,0,0,1,1,0,0,0,0,1,1,0,12.63,0,1,1,0,0,0,0,75,1,0,1,0,1,1,92.9,0,1,0,0,0.0,-0.8317778213243674,1.0,0,70.84,B,145,17.0
3137,Czech University of Life Sciences Prague,https://www.czu.cz,Czechia,Eastern & Southern Europe,589,1,1,6,1,0,0,0,0,0,0,1,0,0,1,1,1,1,0,1,5,1,1,1,0,0,1,0,1,1,1,1,1,1,0,1,0,1,1,1,0,0,0,1,0,1,1,1,15.43,0,1,1,0,0,0,0,75,1,0,1,0,1,0,11.1,0,1,0,0,0.0,-0.6297399524971105,13.0,0,70.79,B,81,
3034,University of Messina,https://www.unime.it,Italy,Eastern & Southern Europe,590,1,1,6,1,0,0,0,1,1,1,0,0,0,0,1,1,1,1,0,0,1,1,0,0,1,1,0,1,1,1,0,1,1,1,0,0,0,1,1,1,0,0,1,1,0,1,1,15.43,0,1,1,0,0,0,0,100,1,0,1,0,1,0,100.0,0,1,0,0,0.0,-1.1309626932015104,0.0,0,70.77,B,82,14.0
6155,University of Zimbabwe,https://www.uz.ac.zw,Sub-Saharan Africa,Latin America & Africa,591,1,1,7,1,0,0,0,0,0,0,0,1,6,1,0,1,0,1,1,0,0,0,0,0,0,1,0,1,1,1,1,1,1,0,1,1,1,0,1,1,0,1,0,0,1,1,0,5.33,0,1,0,0,0,0,0,75,1,1,1,1,1,1,47.8,0,1,0,0,0.6931471805599453,-0.19112946703141784,3650.0,1,70.73,B,51,
3140,Mendel University in Brno,https://www.mendelu.cz,Czechia,Eastern & Southern Europe,592,1,1,14,1,1,0,0,0,0,0,1,1,4,1,0,1,1,1,1,17,0,0,0,0,0,1,0,1,1,1,1,1,1,0,1,1,1,0,1,1,0,0,0,1,0,1,0,17.04,0,1,0,0,0,0,0,75,1,0,1,0,1,0,66.7,0,1,1,0,0.0,-0.6904670822679437,3650.0,1,70.7,B,83,
3152,Bucharest University of Economic Studies,https://www.ase.ro,Romania,Eastern & Southern Europe,593,1,1,6,1,1,0,0,1,0,0,0,0,0,0,0,1,1,0,1,0,0,0,0,1,0,1,0,0,1,1,1,1,1,1,1,1,0,1,1,1,0,0,1,1,1,1,1,15.52,0,1,1,0,0,0,0,90,1,0,1,0,1,0,52.6,0,1,0,0,0.0,-1.531331823106562,3650.0,1,70.69,B,84,
1010,Cornell University,https://www.cornell.edu,United States,North America,594,1,1,1,1,0,0,0,0,0,0,1,1,5,0,1,1,1,1,1,6,0,0,1,0,1,1,0,1,1,1,1,1,1,0,1,1,1,1,1,0,0,0,0,0,1,1,1,13.39,0,1,1,0,0,0,0,50,1,0,1,1,1,1,65.6,0,1,1,0,0.0,-0.05680023204210993,3650.0,1,70.68,B,136,118.0
3311,West Pomeranian University of Technology,https://www.zut.edu.pl,Poland,Eastern & Southern Europe,595,1,1,5,1,0,1,0,1,1,1,1,0,0,1,1,1,0,0,0,0,0,0,1,1,0,1,0,1,0,1,1,1,1,1,1,0,0,0,1,0,0,0,1,1,0,1,0,7.46,0,1,0,0,0,0,0,75,1,0,1,0,1,0,100.0,0,1,1,0,0.0,-0.12153090482792436,18.0,0,70.56,B,85,12.0
4168,IPB University,https://www.ipb.ac.id,Indonesia,Asia (East & Southeast),596,1,1,5,1,1,0,0,1,0,0,1,1,9,1,1,1,1,1,1,20,1,0,1,0,0,1,0,1,1,0,1,1,1,1,0,0,1,1,1,0,0,0,0,0,0,1,0,5.49,0,1,1,0,0,0,0,90,1,0,1,1,1,1,100.0,0,1,1,0,0.0,-1.3848989447122098,0.0,0,70.56,B,55,
2032,University of Dundee,https://www.dundee.ac.uk,United Kingdom,Western & Northern Europe,597,1,1,5,1,0,0,0,1,0,0,1,0,0,0,1,1,0,0,1,0,1,1,0,0,0,1,0,1,1,1,1,1,1,1,0,1,1,0,1,0,0,0,0,0,1,1,1,10.55,0,1,1,1,0,0,1,100,1,0,1,1,1,1,38.9,0,1,1,0,0.0,-0.8117545440124749,7.0,0,70.54,B,125,30.0
2189,University of Antwerp,https://www.uantwerpen.be,Belgium/Ireland/Iceland,Western & Northern Europe,598,1,1,3,1,1,0,0,0,0,0,1,0,1,0,1,1,1,1,0,0,0,0,0,0,0,0,0,0,0,1,1,1,1,0,1,1,1,1,1,1,0,0,0,0,1,1,0,12.07,0,0,0,0,0,0,0,90,1,0,1,1,1,0,11.1,0,1,0,0,0.0,0.759106894682935,14.0,0,70.53,B,126,
1189,University of Manitoba,https://umanitoba.ca,Canada,North America,599,1,1,5,1,0,0,0,0,0,0,1,1,3,0,0,1,1,1,0,0,1,1,0,1,0,1,0,1,1,1,1,1,1,1,1,1,1,1,0,0,0,0,1,0,1,1,1,15.91,0,1,1,0,0,0,1,90,1,0,1,1,1,1,41.2,0,1,1,0,0.0,0.3906729282213809,3650.0,1,70.51,B,137,19.0
2151,University of Copenhagen,https://www.ku.dk,Denmark,Western & Northern Europe,600,1,1,3,1,1,0,0,0,0,0,0,1,2,0,1,1,0,1,0,0,1,1,1,0,1,1,0,0,1,1,1,1,1,0,1,1,1,0,1,0,0,0,0,0,0,1,1,19.8,0,1,0,0,0,1,0,100,1,0,1,1,1,1,16.7,0,1,0,0,0.0,-0.21401242508932197,0.0,0,70.44,B,127,
5144,Charles Sturt University,https://www.csu.edu.au,Australia,South & Central Asia + Oceania,601,1,1,4,1,0,1,0,1,0,0,0,0,0,0,1,1,1,1,0,0,1,1,0,1,1,1,0,0,1,0,1,1,1,1,1,1,1,1,1,1,0,0,0,0,1,1,1,6.19,0,1,1,0,0,0,0,75,1,2,1,0,1,1,41.7,0,1,1,0,1.0986122886681098,0.12404553480006576,5.0,0,70.42,B,146,29.0
6529,Hawassa University,https://www.hu.edu.et,Sub-Saharan Africa,Latin America & Africa,602,1,1,2,1,1,0,0,1,0,0,1,1,9,1,1,1,0,1,1,2,1,1,0,0,1,1,0,1,1,1,1,1,1,0,1,0,1,0,1,1,0,0,1,0,1,0,1,15.43,0,1,1,0,0,0,1,75,1,0,1,1,1,1,10.5,0,1,0,0,0.0,-0.7282715052380129,7.0,0,70.38,B,52,
1147,Mount Holyoke College,https://www.mtholyoke.edu,United States,North America,603,1,1,2,1,0,0,0,0,0,0,1,1,7,0,1,1,1,1,1,0,1,1,0,1,1,1,0,1,1,1,1,1,1,1,0,1,1,1,0,0,0,0,1,0,1,1,1,15.91,0,1,1,1,0,0,1,90,1,0,0,1,1,1,100.0,0,1,0,0,0.0,-1.1328074516757076,79.0,0,70.32,B,138,119.0
1035,Rice University,https://www.rice.edu,United States,North America,604,1,1,5,1,0,0,0,0,0,0,0,0,0,1,0,1,0,1,1,0,1,1,0,1,0,1,1,1,1,1,1,1,1,1,1,1,1,1,0,0,0,0,1,0,0,1,1,15.91,0,1,1,0,0,1,0,75,1,0,1,1,1,0,63.0,0,1,1,0,0.0,-1.2181588137259662,3650.0,1,70.31,B,139,120.0
6146,Strathmore University,https://www.strathmore.edu,Sub-Saharan Africa,Latin America & Africa,605,1,1,7,1,1,0,0,0,0,0,0,1,4,1,0,1,1,1,1,0,1,0,0,0,0,1,0,1,1,1,0,1,1,1,1,1,1,1,1,0,0,0,0,0,1,1,1,21.0,0,1,1,0,0,0,0,90,1,1,1,1,1,0,69.2,0,1,0,0,0.6931471805599453,1.9159258807534085,3650.0,1,70.22,B,53,
1160,University of San Diego,https://www.sandiego.edu,United States,North America,606,1,1,7,1,0,0,0,1,0,0,1,1,6,1,0,1,1,1,1,0,0,1,0,1,1,1,0,1,1,1,1,1,1,1,1,1,1,1,0,0,0,0,0,0,0,1,0,21.0,0,1,1,1,0,1,1,90,1,0,1,1,0,1,84.6,0,1,0,0,0.0,0.4316913012455343,3650.0,1,70.21,B,140,121.0
5112,University of Sydney,https://www.sydney.edu.au,Australia,South & Central Asia + Oceania,607,1,1,6,1,0,1,1,1,0,0,0,0,1,0,0,1,1,0,1,0,1,1,0,1,0,1,0,1,1,1,1,1,1,1,1,1,1,0,1,1,0,0,1,0,0,1,1,18.42,0,1,1,0,0,0,0,90,1,0,1,1,1,1,38.9,0,1,1,0,0.0,0.06098661239635693,3650.0,1,70.15,B,147,30.0
4089,Toyohashi University of Technology,https://www.tut.ac.jp,Japan,Asia (East & Southeast),608,1,1,7,1,0,0,0,0,0,0,0,0,0,0,1,1,0,1,1,0,0,0,0,0,0,1,0,1,1,1,1,1,1,1,0,0,0,1,1,0,0,0,1,1,1,1,1,12.63,0,1,1,0,0,0,0,75,1,0,1,1,0,0,57.9,0,1,0,0,0.0,-1.3012215538769771,112.0,0,70.15,B,56,18.0
2056,TU Dresden,https://tu-dresden.de,Germany,Western & Northern Europe,609,1,1,2,1,1,1,0,0,0,0,1,1,10,0,1,1,1,1,1,6,1,1,1,0,0,1,0,0,0,1,0,1,1,0,0,1,0,1,1,1,0,0,0,0,1,1,1,21.0,0,1,1,0,0,0,0,100,1,0,1,1,1,0,100.0,0,1,1,0,0.0,2.7339595585815792,0.0,0,70.14,B,128,25.0
3180,University of Belgrade,https://www.bg.ac.rs,Balkans,Eastern & Southern Europe,610,1,1,6,1,0,0,0,0,0,0,1,0,0,1,1,1,0,1,1,4,1,0,0,0,0,1,0,1,1,1,1,1,1,1,1,0,1,0,1,0,0,0,0,0,0,1,0,12.63,0,1,0,0,0,0,0,90,1,0,1,0,1,1,0.0,0,1,0,0,0.0,0.3850659181570802,133.0,0,70.13,B,86,
3060,Polytechnic University of Valencia,https://www.upv.es,Spain,Eastern & Southern Europe,611,1,1,5,0,1,0,0,1,0,0,1,1,2,1,0,1,1,1,1,0,1,1,0,1,1,1,0,1,1,1,0,1,1,1,1,1,1,1,1,0,0,0,1,1,1,1,1,18.88,0,1,1,0,0,1,0,75,1,0,0,1,1,0,69.2,0,1,1,0,0.0,-0.03232113896988618,3650.0,1,70.1,B,87,15.0
1102,Kent State University,https://www.kent.edu,United States,North America,612,1,1,2,0,0,0,0,1,1,1,1,1,4,0,0,1,1,1,1,13,1,1,0,0,1,1,0,1,1,1,1,1,1,1,1,1,1,1,1,1,0,0,0,0,1,1,0,19.63,0,1,1,1,0,0,0,75,1,0,1,1,1,1,79.2,0,1,1,0,0.0,-0.1181206280782178,3650.0,1,70.08,B,141,122.0
1142,Colby College,https://www.colby.edu,United States,North America,613,0,1,5,1,0,0,0,0,0,0,0,0,1,1,0,1,1,1,1,6,1,0,0,0,1,1,0,1,1,0,1,1,1,1,1,1,1,0,1,0,0,0,1,1,0,1,1,21.0,0,1,0,0,0,1,0,90,1,3,1,1,1,1,100.0,0,1,0,0,1.3862943611198906,-0.8172974409899222,3650.0,1,70.02,B,142,123.0
1028,University of Illinois Urbana-Champaign,https://illinois.edu,United States,North America,614,0,1,3,1,0,0,0,1,0,0,1,1,4,1,0,1,1,1,1,0,1,1,0,1,1,1,0,1,1,1,1,1,1,0,1,1,1,1,1,0,0,0,0,0,1,1,1,14.52,0,1,0,0,0,1,0,90,1,0,1,1,1,1,27.6,0,1,1,0,0.0,0.34012503419161627,3650.0,1,70.02,B,142,123.0
6332,Houari Boumediene University of Science and Technology,https://www.usthb.dz,Egypt & North Africa,Latin America & Africa,615,1,1,7,1,0,0,0,0,0,0,0,1,3,1,1,1,0,1,0,2,1,1,0,0,0,1,0,1,1,1,1,1,1,0,1,0,1,0,1,0,0,0,1,0,1,1,1,21.0,0,1,1,0,0,0,0,75,1,0,1,0,1,0,37.1,0,1,0,0,0.0,-0.42674268483483285,0.0,0,70.0,B,54,
5018,Banaras Hindu University,https://www.bhu.ac.in,India,South & Central Asia + Oceania,616,1,1,1,0,0,0,0,0,0,0,1,1,4,1,1,1,0,1,1,2,1,1,1,0,0,1,1,1,0,1,1,1,1,1,0,0,1,1,1,1,0,1,0,1,1,1,0,12.63,0,1,1,0,0,0,0,75,1,4,0,0,1,0,21.4,0,0,0,0,1.6094379124341003,-0.011848887124206058,14.0,0,69.96,B,148,61.0
3104,NOVA University Lisbon,https://www.unl.pt,Portugal,Eastern & Southern Europe,617,1,1,8,1,1,0,0,0,0,0,1,1,10,0,1,1,0,1,1,8,1,1,1,1,1,1,0,1,1,1,1,1,1,0,0,0,0,0,1,1,0,0,1,0,1,1,1,10.37,0,1,1,0,0,1,0,90,1,0,1,0,1,0,44.7,0,1,0,0,0.0,-0.4833857783886419,0.0,0,69.96,B,88,
1086,Washington State University,https://wsu.edu,United States,North America,618,0,1,7,1,0,0,0,0,1,1,0,1,4,1,0,1,1,1,1,0,1,1,0,1,1,1,0,1,1,1,1,1,1,1,1,1,0,1,0,1,0,0,0,0,1,1,0,15.13,0,1,0,0,0,0,0,90,1,0,1,1,1,1,60.0,0,1,0,0,0.0,0.16921514659097756,3650.0,1,69.9,B,144,125.0
2080,Universite Paris Cite,https://u-paris.fr,France,Western & Northern Europe,619,1,1,5,1,1,0,0,0,0,0,1,0,0,0,1,1,1,1,1,0,0,0,0,0,0,1,0,0,1,1,1,1,0,1,1,1,0,1,1,1,0,0,0,0,0,1,1,10.05,0,1,1,0,0,0,0,75,1,1,1,0,1,0,55.6,0,1,1,0,0.6931471805599453,-0.21983222665287397,0.0,0,69.9,B,129,18.0
2034,Queen's University Belfast,https://www.qub.ac.uk,United Kingdom,Western & Northern Europe,620,1,1,11,1,0,0,1,1,1,1,1,1,3,0,0,1,0,0,1,2,1,1,0,0,1,1,0,1,1,1,1,1,1,1,1,1,1,1,1,0,0,0,1,0,0,1,1,7.68,0,1,0,0,0,0,0,90,1,0,1,1,1,1,100.0,0,1,1,0,0.0,-0.11119593079990327,3650.0,1,69.88,B,130,31.0
3046,Polytechnic University of Catalonia,https://www.upc.edu,Spain,Eastern & Southern Europe,621,1,1,2,1,1,0,0,1,1,0,1,0,0,0,0,1,1,1,0,0,1,1,0,0,1,1,0,1,1,1,1,1,1,1,0,1,1,1,1,0,0,0,1,1,1,1,1,18.76,0,1,1,0,0,0,0,90,1,0,1,0,1,0,59.0,0,1,1,0,0.0,-0.08767418646011464,3650.0,1,69.87,B,89,16.0
3076,University of Warsaw,https://www.uw.edu.pl,Poland,Eastern & Southern Europe,622,1,1,6,1,0,0,0,1,0,0,0,0,0,0,0,1,1,1,0,0,0,0,0,0,0,1,0,1,1,1,1,1,1,1,1,0,0,0,1,0,1,0,0,1,1,1,0,11.24,0,1,1,0,0,0,0,75,1,1,1,0,1,0,27.3,0,1,1,0,0.6931471805599453,0.1964356301078548,3650.0,1,69.83,B,90,13.0
2086,Sciences Po,https://www.sciencespo.fr,France,Western & Northern Europe,623,1,1,5,0,1,0,0,1,0,0,0,1,10,1,0,1,1,1,1,0,1,1,1,1,1,1,0,1,1,0,1,1,1,1,1,1,1,1,1,1,1,0,1,0,1,1,1,21.0,0,1,1,1,0,1,0,90,1,0,1,1,1,0,47.5,0,1,1,0,0.0,0.08497988023816179,3650.0,1,69.81,B,131,19.0
6342,University of Mauritius,https://www.uom.ac.mu,Sub-Saharan Africa,Latin America & Africa,624,1,1,8,1,0,0,0,0,1,1,1,0,0,0,0,1,1,1,1,0,0,0,0,0,0,1,0,1,1,1,1,1,1,1,1,1,1,1,1,1,0,0,1,0,1,1,0,15.43,0,1,1,0,0,0,0,75,1,44,0,0,1,1,82.4,0,1,0,0,3.8066624897703196,0.3542870829908923,3650.0,1,69.81,B,55,
4183,Kasetsart University,https://www.ku.ac.th,Thailand,Asia (East & Southeast),625,1,1,1,1,1,0,0,1,0,0,1,1,2,1,1,1,1,1,0,0,1,1,0,0,0,1,0,1,1,1,1,1,1,0,0,0,0,1,1,1,0,0,0,1,1,1,0,15.92,0,1,1,0,0,1,0,100,1,0,0,1,1,1,100.0,0,1,0,0,0.0,-1.5492437482950767,6.0,0,69.79,B,57,
3042,Autonomous University of Madrid,https://www.uam.es,Spain,Eastern & Southern Europe,626,1,1,9,1,1,1,0,1,0,0,1,1,3,0,1,1,0,1,0,0,1,1,1,0,1,1,0,0,1,1,1,1,1,0,1,0,1,0,1,0,0,0,0,0,0,1,1,15.43,0,1,1,0,0,0,0,100,1,0,0,1,1,0,96.0,0,1,1,0,0.0,0.5083115384589485,85.0,0,69.75,B,91,17.0
3150,Carol Davila University of Medicine and Pharmacy,https://www.umfcd.ro,Romania,Eastern & Southern Europe,627,1,1,5,1,0,0,0,0,0,0,0,0,0,0,1,1,0,1,1,1,1,1,1,0,0,1,0,1,1,1,1,1,1,0,1,0,0,1,1,0,0,0,0,0,1,1,0,14.59,0,1,1,0,0,0,0,75,1,0,1,0,1,1,13.3,0,1,0,0,0.0,-1.4546615825699345,7.0,0,69.73,B,92,
4207,Ton Duc Thang University,https://www.tdtu.edu.vn,Vietnam,Asia (East & Southeast),628,1,1,6,0,1,0,0,1,1,1,0,1,3,0,1,1,0,1,1,8,1,1,1,1,1,1,0,1,1,1,1,1,1,1,0,0,0,0,1,0,0,0,0,0,1,1,1,15.43,0,1,1,0,0,0,0,75,1,0,0,1,1,1,13.6,0,1,0,0,0.0,0.0014969624355652003,4.0,0,69.68,B,58,
5061,Guru Gobind Singh Indraprastha University,https://www.ipu.ac.in,India,South & Central Asia + Oceania,629,1,1,8,0,0,0,0,1,1,1,0,0,0,1,0,1,1,1,1,0,1,0,1,0,0,1,0,1,1,1,1,1,1,0,1,1,1,1,1,1,1,0,0,1,0,0,0,15.43,0,1,0,0,0,0,0,75,1,0,1,0,1,1,61.5,0,1,0,0,0.0,-0.5946958262406561,3650.0,1,69.66,B,149,62.0
2173,Abo Akademi University,https://www.abo.fi,Finland,Western & Northern Europe,630,1,1,2,1,1,0,0,0,0,0,0,1,10,0,1,1,1,0,1,4,1,1,1,0,1,1,0,0,1,1,1,1,1,0,1,0,1,1,1,0,0,0,1,0,0,1,1,16.31,0,1,1,0,0,1,0,90,1,0,1,1,1,1,28.2,0,1,1,0,0.0,0.37354504109761527,0.0,0,69.65,B,132,
5172,Far Western University,https://www.fwu.edu.np,Nepal,South & Central Asia + Oceania,631,1,1,8,0,0,0,0,0,1,1,1,1,4,1,1,1,0,1,0,7,1,1,0,0,0,1,1,1,1,1,1,1,1,1,1,0,0,0,1,0,1,0,1,0,1,0,0,3.54,0,1,1,0,0,0,0,75,1,0,1,0,1,0,8.3,0,0,0,0,0.0,0.20991647047643391,1.0,0,69.65,B,150,
4134,National Chengchi University,https://www.nccu.edu.tw,Taiwan,Asia (East & Southeast),632,1,1,4,1,1,0,0,0,0,0,0,1,10,1,1,0,1,1,0,0,0,1,0,0,0,1,0,1,1,1,1,1,1,0,1,0,1,1,1,0,0,0,0,1,0,1,0,18.58,0,1,0,0,0,0,1,50,1,0,1,1,1,1,90.2,0,1,0,0,0.0,0.36470098500575965,0.0,0,69.62,B,59,
3023,University of Modena and Reggio Emilia,https://www.unimore.it,Italy,Eastern & Southern Europe,633,1,1,8,1,1,0,0,0,1,1,1,1,3,1,1,1,0,1,0,0,1,1,0,1,0,1,0,1,1,1,1,1,1,0,1,0,0,1,0,1,0,0,1,1,1,1,1,1.3,0,1,1,0,0,0,0,75,1,0,1,0,1,0,87.9,0,1,1,0,0.0,-1.0722060602668988,0.0,0,69.59,B,93,15.0
1072,University of Alabama,https://www.ua.edu,United States,North America,634,1,1,7,1,0,0,0,1,0,0,1,0,0,1,0,1,1,1,0,0,1,1,0,1,1,1,0,1,1,1,1,1,1,0,1,1,1,0,1,0,0,0,1,0,1,1,1,21.0,0,1,1,0,0,0,1,90,1,0,1,1,1,1,38.9,0,1,1,0,0.0,1.123617391652969,3650.0,1,69.52,B,145,126.0
1055,University of Georgia,https://www.uga.edu,United States,North America,635,1,1,5,1,0,0,0,1,0,0,0,1,3,1,1,1,1,0,1,7,1,1,0,1,1,1,0,1,1,1,1,1,1,1,0,1,1,0,0,0,0,0,1,0,1,1,1,15.43,0,1,0,0,0,1,0,75,1,0,0,1,1,1,22.2,0,1,1,0,0.0,0.05030329752095734,1.0,0,69.49,B,146,127.0
3109,University of Evora,https://www.uevora.pt,Portugal,Eastern & Southern Europe,636,1,1,8,1,0,0,0,0,1,1,1,1,10,0,0,1,1,1,1,0,0,0,0,0,1,1,0,1,1,1,1,1,1,1,1,0,1,0,1,1,0,0,0,0,1,1,0,15.13,0,1,1,0,0,0,1,75,1,0,1,1,1,0,100.0,0,1,1,0,0.0,0.13337973134875938,3650.0,1,69.48,B,94,
3402,University of National and World Economy,https://www.unwe.bg,Bulgaria & Slovakia,Eastern & Southern Europe,637,1,1,20,1,1,0,0,0,1,1,1,1,7,0,1,1,0,1,1,15,1,1,1,0,1,1,0,1,1,1,0,1,1,1,1,0,0,0,1,1,0,0,0,0,0,1,0,12.63,0,1,1,0,0,0,0,100,1,4,1,1,1,1,67.6,0,1,1,0,1.6094379124341003,-0.017273708584193036,34.0,0,69.4,B,95,
4120,Kookmin University,https://www.kookmin.ac.kr,South Korea,Asia (East & Southeast),638,1,1,7,1,0,0,0,0,0,0,1,1,5,0,0,1,1,1,0,0,0,0,1,1,1,1,0,1,1,1,1,1,1,1,0,0,1,0,1,1,0,1,0,0,1,1,0,7.46,0,1,1,0,0,0,1,75,1,0,0,1,1,1,67.2,0,1,0,0,0.0,1.2227454051771134,3650.0,1,69.4,B,60,6.0
2083,Claude Bernard University Lyon 1,https://www.univ-lyon1.fr,France,Western & Northern Europe,639,1,1,4,1,1,0,0,0,0,0,1,0,1,1,0,1,1,1,1,0,1,1,0,0,0,1,0,1,1,1,1,1,1,0,1,1,1,0,1,1,0,0,0,0,1,1,1,14.79,0,0,1,0,0,0,0,75,1,0,1,0,1,0,52.6,0,1,1,1,0.0,-0.7028757564276897,3650.0,1,69.2,B,133,20.0
3163,Kharkiv Polytechnic Institute,https://www.kpi.kharkov.ua,Ukraine,Eastern & Southern Europe,640,1,1,3,1,0,0,1,1,1,1,1,0,0,0,1,1,0,1,1,6,1,1,0,0,0,1,0,1,1,1,1,1,1,0,1,0,1,0,1,0,0,0,0,0,1,1,0,13.99,0,1,1,0,0,0,0,90,1,0,1,0,1,1,32.0,0,1,0,0,0.0,-1.134903686873954,4.0,0,69.2,B,96,
2142,University of Agder,https://www.uia.no,Norway,Western & Northern Europe,641,0,1,1,1,1,1,0,0,0,0,0,1,2,0,1,1,0,0,0,16,0,0,1,0,0,1,0,0,1,1,1,1,1,0,1,1,0,0,1,1,0,0,1,0,0,1,1,12.63,0,1,0,0,0,0,0,75,1,0,1,1,1,0,87.5,0,1,1,0,0.0,-0.4831782474036019,0.0,0,69.19,B,134,
2013,University of Leeds,https://www.leeds.ac.uk,United Kingdom,Western & Northern Europe,642,0,1,4,1,0,0,1,1,1,1,1,0,0,0,0,1,1,1,1,0,1,1,0,0,0,1,0,1,1,1,1,1,1,0,1,1,1,1,1,1,0,0,0,0,1,1,0,15.43,0,1,0,0,0,0,1,75,1,0,1,1,1,1,91.7,0,1,1,0,0.0,-1.2724888344603413,3650.0,1,69.17,B,135,32.0
3162,Oles Honchar Dnipro National University,https://www.dnu.dp.ua,Ukraine,Eastern & Southern Europe,643,1,1,6,1,1,0,0,1,0,0,1,1,4,1,1,1,0,1,0,0,1,0,1,1,0,1,0,1,1,1,1,1,1,1,1,0,0,1,1,0,0,0,0,1,1,1,1,10.52,0,1,1,0,0,0,0,20,1,0,1,0,0,1,70.2,0,0,0,0,0.0,-0.084449737091752,583.0,0,69.15,B,97,
3130,University of Piraeus,https://www.unipi.gr,Greece,Eastern & Southern Europe,644,1,1,4,1,1,0,0,0,1,0,1,0,0,1,1,1,0,0,0,0,0,0,0,0,1,1,0,0,1,1,1,1,1,1,1,1,1,1,1,0,0,0,1,0,1,1,1,16.67,0,1,1,0,0,0,0,90,1,1,1,0,1,0,89.3,0,1,1,0,0.6931471805599453,1.3239180925787242,308.0,0,69.14,B,98,
2146,Norwegian School of Economics,https://www.nhh.no,Norway,Western & Northern Europe,645,1,1,5,1,1,0,0,0,0,0,0,0,0,1,1,1,1,0,0,14,1,1,1,0,0,1,0,1,1,0,1,1,1,0,1,1,1,1,1,1,0,0,1,0,0,1,1,14.16,0,1,0,0,0,1,0,90,1,0,1,1,1,0,100.0,0,1,1,0,0.0,-0.019534056173959286,0.0,0,69.13,B,136,
4123,Chungbuk National University,https://www.chungbuk.ac.kr,South Korea,Asia (East & Southeast),646,1,1,5,1,0,0,0,0,0,0,0,1,7,1,0,1,0,1,0,0,0,0,1,1,1,1,0,1,1,1,1,1,1,0,1,0,0,0,1,1,0,1,1,1,1,1,0,9.74,0,1,1,1,0,0,0,75,1,1,0,0,0,1,100.0,0,1,0,0,0.6931471805599453,1.996109108484036,3650.0,1,69.11,B,61,7.0
1124,Fordham University,https://www.fordham.edu,United States,North America,647,1,1,1,1,0,0,0,0,0,0,0,1,3,1,0,1,1,1,1,0,0,0,0,0,1,1,0,1,1,1,1,1,1,1,1,1,1,1,0,0,0,0,0,0,0,1,1,12.63,0,1,1,0,0,1,0,90,1,0,1,1,1,1,72.2,0,1,1,0,0.0,0.6985178894026529,3650.0,1,69.04,B,147,128.0
6092,Pontifical Catholic University of Peru,https://www.pucp.edu.pe,Peru & Andes,Latin America & Africa,648,0,1,7,1,1,0,1,1,1,1,0,1,6,0,0,1,0,1,1,0,0,0,0,0,0,0,0,1,1,1,1,1,1,1,1,0,0,0,1,1,0,0,1,1,1,1,1,12.63,0,0,0,0,0,0,0,75,1,0,1,0,1,1,0.0,0,1,0,0,0.0,-0.9731409565979908,3650.0,1,69.03,B,56,
2091,Toulouse III - Paul Sabatier University,https://www.univ-tlse3.fr,France,Western & Northern Europe,649,1,1,7,1,1,0,0,1,1,0,0,1,10,1,0,1,1,1,1,0,1,1,0,1,0,0,1,1,1,0,1,1,1,1,1,1,1,1,1,1,0,0,1,1,1,0,1,1.0,0,0,1,0,0,0,0,75,1,0,1,1,1,0,72.7,0,1,1,0,0.0,-0.5685353370023644,3650.0,1,69.02,B,137,21.0
4167,Bandung Institute of Technology,https://www.itb.ac.id,Indonesia,Asia (East & Southeast),650,1,1,2,0,0,0,0,1,1,1,1,0,0,0,1,1,0,1,1,0,1,1,0,0,0,1,0,1,1,1,1,1,1,1,1,0,1,0,1,0,0,0,1,0,0,1,1,8.86,0,1,1,0,0,0,0,75,1,0,0,0,1,1,100.0,0,1,1,0,0.0,-1.3465718903967914,4.0,0,68.96,B,62,
3170,Budapest University of Technology and Economics,https://www.bme.hu,Hungary,Eastern & Southern Europe,651,1,1,2,0,1,1,0,1,0,0,1,0,0,0,0,1,0,1,1,2,1,1,0,0,0,1,0,1,1,1,1,1,1,1,1,0,1,1,1,0,1,0,1,0,0,1,1,14.0,0,1,1,0,0,1,1,75,1,2,1,0,1,1,100.0,0,1,0,0,1.0986122886681098,0.25340090228226475,3650.0,1,68.95,B,99,
1153,Kenyon College,https://www.kenyon.edu,United States,North America,652,0,1,2,1,0,0,0,1,0,0,1,1,4,0,0,1,1,1,1,1,1,1,0,1,1,1,0,1,1,1,1,1,1,1,1,1,1,1,0,0,0,0,1,0,1,1,1,21.0,0,1,0,0,0,0,1,100,1,0,1,1,1,1,0.0,0,1,1,0,0.0,-0.10817678007236245,3650.0,1,68.84,B,148,129.0
1021,"University of California, Santa Barbara",https://www.ucsb.edu,United States,North America,653,0,1,5,1,0,0,0,1,0,0,0,1,2,0,0,1,0,1,1,0,0,0,0,0,1,1,0,1,1,1,1,1,1,0,1,1,1,1,1,0,0,0,1,0,1,1,1,9.24,0,1,0,0,0,0,1,75,1,0,1,1,1,1,50.0,0,1,1,0,0.0,-1.1531094746876625,3650.0,1,68.81,B,149,130.0
2101,University of Amsterdam,https://www.uva.nl,Netherlands,Western & Northern Europe,654,0,1,3,1,0,0,0,0,0,0,1,0,0,0,1,1,0,1,1,4,1,1,0,0,0,1,0,0,1,1,1,1,1,0,1,1,1,0,1,1,0,0,0,0,1,1,1,1.16,0,1,0,0,1,0,0,100,1,0,0,1,1,0,0.0,0,1,0,0,0.0,-0.6723217982190416,0.0,0,68.8,B,138,8.0
5321,University of Gujrat,https://www.uog.edu.pk,Pakistan,South & Central Asia + Oceania,655,1,1,7,0,0,0,0,0,0,0,0,0,0,1,0,1,1,1,1,0,0,0,0,0,0,1,0,1,1,1,1,1,1,1,1,1,1,1,1,1,0,0,0,0,1,1,0,12.63,0,1,1,0,0,0,0,75,1,0,1,0,1,1,100.0,0,0,0,0,0.0,-0.2388284191871679,3650.0,1,68.79,B,151,17.0
1053,University of Pittsburgh,https://www.pitt.edu,United States,North America,656,1,1,6,1,0,0,0,1,0,0,1,1,3,0,0,1,0,1,1,0,1,1,0,0,1,1,0,1,1,1,1,1,1,1,0,1,1,1,1,0,0,0,1,0,0,1,1,15.43,0,1,1,0,0,0,0,75,1,0,1,0,1,0,100.0,0,1,1,0,0.0,-1.3362420087954983,3650.0,1,68.79,B,150,131.0
1161,Santa Clara University,https://www.scu.edu,United States,North America,657,0,1,7,1,0,0,0,1,1,1,0,1,4,0,0,1,1,1,1,0,0,0,0,0,1,1,0,1,1,1,1,1,1,0,0,1,1,1,1,1,0,0,1,0,1,1,1,15.43,0,1,0,1,0,0,0,75,1,0,1,1,1,1,80.0,0,1,1,0,0.0,-0.6532239488933089,3650.0,1,68.76,B,151,132.0
6331,University of Carthage,https://www.ucar.rnu.tn,Egypt & North Africa,Latin America & Africa,658,1,1,11,1,0,0,0,1,1,1,1,0,0,0,1,1,0,1,1,0,1,1,0,1,1,1,0,1,1,1,1,1,1,1,0,1,1,0,1,0,0,0,0,0,1,1,0,13.58,0,1,0,0,0,0,0,90,1,0,1,0,1,1,31.4,0,1,0,0,0.0,-0.08103638609351257,60.0,0,68.73,B,57,
3112,Catholic University of Portugal,https://www.ucp.pt,Portugal,Eastern & Southern Europe,659,1,1,3,1,1,0,0,1,0,0,1,1,5,0,1,0,1,1,0,11,1,1,1,0,0,1,0,0,1,1,1,1,1,0,0,0,1,1,1,0,0,0,1,0,1,1,1,13.4,0,1,1,0,0,0,0,100,1,0,0,1,1,0,89.1,0,1,0,0,0.0,2.625520820941187,0.0,0,68.7,B,100,
2115,Rotterdam University of Applied Sciences,https://www.rotterdamuas.com,Netherlands,Western & Northern Europe,660,0,1,1,1,1,1,0,0,0,0,0,0,0,0,1,1,1,1,1,0,1,0,0,0,0,1,0,0,1,1,1,1,1,0,1,1,0,1,1,1,0,0,0,0,1,1,0,11.9,0,1,0,0,0,0,0,75,1,0,1,1,1,0,0.0,0,1,0,0,0.0,0.689026784188496,41.0,0,68.65,B,139,9.0
1108,University of Illinois Chicago,https://www.uic.edu,United States,North America,661,0,1,0,1,0,0,0,1,0,0,1,0,0,0,1,1,1,1,1,1,0,0,1,0,0,1,0,1,1,1,1,1,1,1,1,0,1,1,1,0,0,0,1,0,1,1,1,19.77,0,1,0,0,0,0,0,75,1,0,1,1,1,0,0.0,0,1,0,0,0.0,-0.36505952022362576,3650.0,1,68.5,B,152,133.0
4145,University of Macau,https://www.um.edu.mo,Macau,Asia (East & Southeast),662,1,1,10,0,1,0,0,1,0,0,1,1,10,1,0,1,0,0,1,20,1,1,0,1,1,1,0,1,1,1,1,1,1,1,1,1,1,0,1,0,0,0,1,1,1,1,1,8.34,0,1,1,1,0,0,0,90,1,0,1,1,1,0,5.5,0,1,1,0,0.0,-0.4062547358310839,3650.0,1,68.48,B,63,
1155,Reed College,https://www.reed.edu,United States,North America,663,1,1,4,1,0,0,0,0,0,0,1,0,0,0,0,1,0,1,1,12,1,1,0,0,1,1,0,1,1,0,1,1,1,1,0,1,1,1,1,1,0,1,1,0,1,1,1,21.0,0,1,0,0,0,0,0,75,1,0,1,1,1,1,75.0,0,1,0,0,0.0,0.15699250008378013,3650.0,1,68.42,B,153,134.0
1096,University of Mississippi,https://olemiss.edu,United States,North America,664,1,1,6,1,0,0,0,0,0,0,0,1,2,1,1,1,0,1,1,1,1,1,0,0,0,1,0,1,1,1,1,1,1,0,1,1,1,1,0,0,0,0,1,0,1,1,1,15.91,0,1,1,0,0,0,1,75,1,0,1,1,1,1,87.1,0,1,1,0,0.0,0.14746297907816888,578.0,0,68.39,B,154,135.0
2135,Mid Sweden University,https://www.miun.se,Sweden,Western & Northern Europe,665,1,1,3,1,1,1,0,0,0,0,0,0,0,0,1,1,0,1,0,2,1,1,0,0,0,1,0,0,1,0,1,1,1,1,1,1,0,1,1,1,0,0,1,0,0,0,0,13.2,0,1,1,0,0,1,0,90,1,0,1,1,1,1,29.4,0,1,0,0,0.0,0.07673516135646338,32.0,0,68.34,B,140,
3079,AGH University of Krakow,https://www.agh.edu.pl,Poland,Eastern & Southern Europe,666,1,1,1,1,0,0,0,1,0,0,0,1,7,0,1,1,0,1,1,20,1,1,0,1,0,1,0,1,1,1,0,1,1,0,1,1,1,0,1,0,0,0,0,1,1,1,0,16.1,0,1,0,0,0,0,0,100,1,0,1,1,1,0,100.0,0,1,1,0,0.0,-1.3178016204905345,0.0,0,68.28,B,101,14.0
1152,Oberlin College,https://www.oberlin.edu,United States,North America,667,1,1,2,1,1,1,0,0,1,1,1,0,0,1,0,1,0,1,1,0,1,1,0,1,1,1,0,1,1,1,1,1,1,1,1,0,1,1,1,0,0,0,0,0,1,0,0,19.38,0,1,1,1,0,0,0,75,1,0,1,0,1,1,7.6,0,1,1,0,0.0,0.6096447478503207,3650.0,1,68.23,B,155,136.0
2128,Linkoping University,https://liu.se,Sweden,Western & Northern Europe,668,1,1,3,1,1,0,0,0,0,0,0,0,0,0,1,1,1,1,0,2,1,1,0,0,0,0,0,1,1,0,1,1,1,0,1,1,1,1,1,0,0,0,0,0,0,1,0,16.88,0,0,1,0,0,0,1,100,1,0,1,1,1,1,76.9,0,1,1,0,0.0,-0.909963695397415,19.0,0,68.15,B,141,
2138,Norwegian University of Science and Technology,https://www.ntnu.edu,Norway,Western & Northern Europe,669,1,1,1,1,1,1,0,0,0,0,0,0,0,0,0,1,1,1,0,0,1,1,0,0,0,1,0,0,1,1,1,1,1,0,1,1,0,1,1,1,0,0,0,0,0,1,1,14.61,0,1,1,0,0,0,0,100,1,0,1,1,1,0,78.6,0,1,1,0,0.0,1.4099547028734998,3650.0,1,68.15,B,141,
1085,Oregon State University,https://oregonstate.edu,United States,North America,670,1,1,5,0,0,0,0,1,0,0,1,1,4,0,0,1,1,1,1,0,0,0,0,0,0,1,0,1,1,1,1,1,1,0,1,1,1,1,1,0,0,0,1,0,1,1,1,9.74,0,1,1,0,0,0,0,75,1,0,1,1,1,1,71.4,0,1,1,0,0.0,-0.5167032023129197,3650.0,1,68.07,B,156,137.0
3019,University of Perugia,https://www.unipg.it,Italy,Eastern & Southern Europe,671,1,1,1,0,1,0,0,0,1,1,1,0,0,0,1,0,1,1,0,1,0,0,1,0,0,1,0,1,1,1,1,0,1,1,1,0,0,0,1,0,0,1,1,0,1,1,1,15.43,0,1,1,0,0,0,0,100,1,0,1,0,1,0,100.0,0,1,0,0,0.0,-0.26788507893639285,3650.0,1,67.99,B,102,16.0
2114,Amsterdam University of Applied Sciences,https://www.amsterdamuas.com,Netherlands,Western & Northern Europe,672,1,1,3,1,1,0,0,0,0,0,0,0,0,0,0,1,1,1,1,0,0,0,0,1,0,0,0,1,1,1,0,1,1,0,1,0,0,1,1,0,0,1,0,0,1,1,1,10.34,0,0,0,0,0,1,0,100,1,1,1,0,1,0,100.0,0,1,0,0,0.6931471805599453,-0.5641704858297004,3650.0,1,67.97,B,143,10.0
4081,Shinshu University,https://www.shinshu-u.ac.jp,Japan,Asia (East & Southeast),673,1,1,7,1,0,0,0,1,0,0,0,0,0,1,1,0,0,1,0,6,0,0,1,0,0,1,0,1,1,1,1,1,1,1,0,0,1,1,1,0,0,0,0,1,1,1,1,21.0,0,1,1,0,0,0,0,75,1,0,1,1,0,0,46.7,0,0,0,0,0.0,-1.2560718825630026,3650.0,1,67.93,B,64,19.0
2150,Molde University College,https://www.himolde.no,Norway,Western & Northern Europe,674,1,1,1,1,1,1,0,0,0,0,1,1,8,1,1,1,0,1,0,20,0,0,1,0,0,0,0,0,1,0,1,1,1,1,1,0,0,1,1,1,0,0,1,0,0,1,0,19.09,0,0,0,0,0,0,0,75,1,0,1,0,1,0,66.7,0,1,1,0,0.0,0.17082195330055397,0.0,0,67.89,B,144,
2037,"Royal Holloway, University of London",https://www.royalholloway.ac.uk,United Kingdom,Western & Northern Europe,675,1,1,4,1,0,0,0,0,0,0,1,0,0,0,0,1,1,0,1,0,1,1,0,0,0,1,0,0,1,1,1,1,1,1,1,1,1,1,1,1,1,0,1,0,0,1,1,1.44,0,1,1,0,0,1,0,75,1,0,1,1,1,1,0.0,0,1,1,0,0.0,-0.32095127881958985,3650.0,1,67.89,B,144,33.0
3184,University of Maribor,https://www.um.si,Balkans,Eastern & Southern Europe,676,1,1,4,1,1,0,0,1,0,0,1,0,0,0,1,1,0,1,1,1,1,1,1,1,0,1,1,1,1,1,1,1,1,0,1,0,0,0,0,0,0,0,1,0,1,1,1,21.0,0,1,1,0,0,0,0,75,1,0,1,1,1,1,15.0,0,1,1,0,0.0,-0.20142559473291444,13.0,0,67.87,B,103,
2121,Karolinska Institute,https://ki.se,Sweden,Western & Northern Europe,677,1,1,1,1,1,0,0,0,0,0,1,0,0,0,1,1,1,1,0,9,1,1,0,0,0,1,0,0,1,0,1,1,1,0,1,1,0,1,1,0,0,0,1,0,1,1,1,21.0,0,1,1,0,0,0,0,100,1,0,0,1,1,0,95.7,0,1,1,0,0.0,0.1919187339684299,0.0,0,67.87,B,146,
5176,Satbayev University,https://www.satbayev.university,Central Asia,South & Central Asia + Oceania,678,1,1,7,1,1,0,0,0,1,1,1,1,4,0,0,1,0,1,1,0,1,1,0,1,1,1,0,1,1,1,0,1,1,1,1,1,1,1,1,0,0,0,0,0,1,1,1,19.77,0,1,0,0,0,0,0,75,1,0,1,1,1,0,98.1,0,1,0,0,0.0,1.6032416525800868,3650.0,1,67.86,B,152,
5010,Indian Institute of Technology Indore,https://www.iiti.ac.in,India,South & Central Asia + Oceania,679,1,1,10,0,0,0,0,0,0,0,1,0,0,1,1,1,0,1,1,20,1,1,0,0,1,1,0,1,1,1,1,1,1,0,1,0,1,0,1,1,0,0,0,0,1,1,0,9.74,0,1,1,0,0,0,0,75,1,0,1,1,1,0,90.8,0,1,0,0,0.0,-0.6771449599261256,0.0,0,67.78,B,153,63.0
1121,University of New Hampshire,https://www.unh.edu,United States,North America,680,1,1,4,1,0,0,0,0,0,0,1,0,0,0,1,1,0,1,1,0,0,0,1,1,0,1,0,1,1,1,1,1,1,0,1,0,1,1,1,0,0,0,1,0,1,1,1,16.54,0,1,1,0,0,0,0,100,1,0,1,1,1,0,44.1,0,1,1,0,0.0,-0.28716604417775893,185.0,0,67.75,B,157,138.0
4175,Hasanuddin University,https://www.unhas.ac.id,Indonesia,Asia (East & Southeast),681,1,1,6,0,0,0,0,1,1,1,1,0,0,0,1,1,1,1,1,0,1,0,0,1,0,1,0,1,1,0,1,1,1,1,1,0,0,0,0,1,0,1,0,0,1,1,0,8.21,0,1,0,0,0,0,0,90,1,0,1,1,1,1,96.7,0,1,0,0,0.0,-1.3853002751238894,10.0,0,67.73,B,65,
2051,University of Goettingen,https://www.uni-goettingen.de,Germany,Western & Northern Europe,682,1,1,7,1,1,1,0,1,0,0,1,1,6,1,1,1,1,0,1,2,1,1,1,0,0,1,0,1,0,0,0,1,1,1,1,1,1,0,1,1,0,0,1,0,0,1,1,5.03,0,1,1,0,0,0,1,75,1,0,1,1,1,0,87.0,0,1,1,0,0.0,-0.8549180722754856,0.0,0,67.69,B,147,26.0
3139,University of West Bohemia,https://www.zcu.cz,Czechia,Eastern & Southern Europe,683,1,1,4,1,1,0,0,0,0,0,1,1,6,1,0,1,0,1,0,20,1,1,0,0,0,1,0,0,1,1,1,1,1,0,1,0,0,1,1,0,0,0,0,0,1,1,1,6.82,0,1,1,0,0,0,0,100,1,0,1,1,1,1,95.8,0,1,0,0,0.0,-0.590330015772676,3650.0,1,67.66,B,104,
1050,University of Minnesota Twin Cities,https://twin-cities.umn.edu,United States,North America,684,0,1,4,1,0,0,0,1,0,0,0,1,3,0,1,1,1,1,1,0,1,1,0,1,1,1,0,1,1,0,1,1,1,1,1,1,1,1,1,0,0,0,0,0,1,1,1,12.63,0,1,0,0,0,0,0,100,1,0,1,1,1,1,90.0,0,1,1,0,0.0,0.015292666000341518,375.0,0,67.65,B,158,139.0
3094,Maria Curie-Sklodowska University,https://www.umcs.pl,Poland,Eastern & Southern Europe,685,1,1,9,1,1,0,0,0,1,0,0,1,8,0,0,1,1,1,1,1,1,1,1,0,0,1,1,1,1,1,1,1,1,0,1,0,0,0,1,0,0,0,0,1,1,1,0,18.26,0,1,0,0,0,0,0,75,1,0,1,0,0,0,88.2,0,1,1,0,0.0,-0.05525055670046632,3650.0,1,67.63,B,105,15.0
6113,North-West University,https://www.nwu.ac.za,South Africa,Latin America & Africa,686,1,1,6,1,1,0,0,1,1,1,1,0,0,1,0,1,1,0,1,6,1,1,0,1,1,1,0,1,1,1,1,1,1,0,1,1,1,0,1,1,0,0,0,0,1,1,1,12.63,0,1,1,0,0,0,0,75,1,0,1,0,1,0,64.0,0,1,0,0,0.0,-1.3445122665643259,3650.0,1,67.59,B,58,17.0
6431,Ladoke Akintola University of Technology,https://www.lautech.edu.ng,Sub-Saharan Africa,Latin America & Africa,687,1,1,8,1,0,0,0,1,0,0,1,0,1,1,1,1,0,1,1,6,1,1,1,0,1,1,0,1,1,1,1,1,1,0,1,0,1,0,1,0,0,0,1,0,1,1,1,3.77,0,1,1,0,0,0,0,75,1,0,1,0,1,1,87.0,0,1,0,0,0.0,0.2047848864561062,495.0,0,67.44,B,59,
2054,University of Cologne,https://www.uni-koeln.de,Germany,Western & Northern Europe,688,1,1,4,1,1,0,0,1,1,1,0,1,4,0,1,1,1,1,1,4,1,1,1,0,0,1,0,0,0,0,0,1,1,0,1,1,1,0,1,0,0,0,1,1,1,1,1,21.0,0,1,1,0,0,0,0,100,1,0,1,1,1,1,28.6,0,1,1,0,0.0,0.44799000276471757,4.0,0,67.37,B,148,27.0
3008,University of Pisa,https://www.unipi.it,Italy,Eastern & Southern Europe,689,1,1,5,1,0,1,0,1,0,0,1,0,0,1,0,1,0,1,1,0,0,0,0,1,0,1,0,1,1,1,1,1,1,1,1,0,1,0,1,0,0,0,0,0,0,1,0,15.43,0,1,0,0,0,1,0,90,1,1,1,0,1,0,40.0,0,1,0,0,0.6931471805599453,0.2840331712817115,3650.0,1,67.29,B,106,17.0
4211,University of Danang,https://www.udn.vn,Vietnam,Asia (East & Southeast),690,1,1,1,1,0,0,0,0,1,1,1,0,0,1,1,1,0,1,1,4,1,1,0,1,1,1,0,1,1,1,1,1,1,0,0,0,0,0,1,0,1,0,0,0,1,0,0,15.43,0,1,1,0,0,0,0,90,1,1,1,0,1,1,47.8,0,1,0,0,0.6931471805599453,-0.379766928660219,4.0,0,67.27,B,66,
3121,University of Ioannina,https://www.uoi.gr,Greece,Eastern & Southern Europe,691,1,1,4,0,1,0,0,0,0,0,0,0,0,0,1,1,0,1,1,0,1,1,0,0,0,1,0,1,1,1,1,1,1,0,1,1,0,0,1,0,0,0,0,0,1,1,1,12.08,0,1,1,0,0,0,0,90,1,0,1,0,1,1,93.1,0,1,0,0,0.0,-0.5828063005798294,48.0,0,67.22,B,107,
4077,Tokyo University of Science,https://www.tus.ac.jp,Japan,Asia (East & Southeast),692,1,1,8,1,1,0,0,0,0,0,1,1,2,0,0,1,1,1,1,0,1,1,0,1,1,1,0,1,1,1,1,1,1,0,1,0,1,1,1,0,0,0,0,1,1,1,0,15.43,0,1,0,0,0,0,1,75,1,0,1,1,0,0,44.6,0,1,0,0,0.0,-0.15843320661882437,3650.0,1,67.09,B,67,20.0
5033,Thapar Institute of Engineering and Technology,https://www.thapar.edu,India,South & Central Asia + Oceania,693,1,1,2,1,0,0,1,1,1,1,0,1,10,1,0,1,1,1,1,0,1,1,0,0,1,1,0,1,1,0,1,1,1,1,1,1,0,1,1,0,0,0,1,0,1,1,1,12.63,0,1,0,1,0,0,0,75,1,0,1,1,1,1,82.5,0,1,1,0,0.0,-0.5317998467888949,3650.0,1,67.06,B,154,64.0
6002,University of Campinas,https://www.unicamp.br,Brazil,Latin America & Africa,694,1,1,2,1,0,0,0,0,0,0,1,1,10,0,1,1,1,1,1,20,1,0,0,1,0,1,0,1,0,1,1,1,1,0,1,0,0,0,0,0,0,0,1,0,1,1,1,5.55,0,1,1,0,0,0,0,90,1,2,1,0,1,1,81.6,0,1,1,0,1.0986122886681098,-0.8913775601816866,1.0,0,66.93,B,60,3.0
1071,"University of Tennessee, Knoxville",https://www.utk.edu,United States,North America,695,1,1,4,1,0,0,0,0,0,0,0,1,2,0,0,1,1,1,0,0,0,0,0,1,1,1,0,1,1,0,1,1,1,1,1,1,1,1,1,0,0,0,1,0,0,1,1,8.72,0,1,1,0,0,0,1,90,1,0,1,1,1,1,89.5,0,1,1,0,0.0,-1.402327165334412,3650.0,1,66.9,B,159,140.0
3169,University of Debrecen,https://www.unideb.hu,Hungary,Eastern & Southern Europe,696,1,1,3,1,1,0,0,1,0,0,0,1,10,1,0,1,1,1,1,2,1,1,0,0,0,1,0,1,1,1,1,1,1,0,1,0,1,1,1,1,0,0,0,0,1,1,0,14.78,0,1,1,0,0,1,0,75,1,0,1,0,1,0,77.8,0,1,0,0,0.0,-0.11400718963507779,3650.0,1,66.84,B,108,
3082,Wroclaw University of Science and Technology,https://www.pwr.edu.pl,Poland,Eastern & Southern Europe,697,1,1,8,1,1,0,0,1,0,0,0,0,1,0,1,1,1,1,1,0,0,0,1,0,0,1,0,1,0,1,1,1,0,0,1,0,0,1,1,0,0,0,0,1,1,1,1,15.43,0,1,0,0,0,0,0,90,1,0,1,1,1,0,87.1,0,1,1,0,0.0,0.03467575346165273,6.0,0,66.83,B,109,16.0
5092,Bangladesh University of Engineering and Technology,https://www.buet.ac.bd,Bangladesh,South & Central Asia + Oceania,698,1,1,9,0,0,0,1,1,0,0,1,1,4,1,1,1,0,1,1,2,0,0,1,1,0,1,0,1,1,1,1,1,1,1,1,0,1,1,0,1,0,0,0,0,1,1,1,9.74,0,1,1,0,0,1,0,75,1,6,1,1,1,0,66.7,0,1,0,0,1.9459101490553132,-0.3554955727816265,260.0,0,66.8,B,155,18.0
6139,University of Benin,https://www.uniben.edu,Sub-Saharan Africa,Latin America & Africa,699,1,1,10,1,0,0,0,0,0,0,1,0,0,0,0,1,1,1,1,1,1,1,0,0,0,1,0,1,1,1,1,1,1,0,1,0,1,0,1,0,0,0,0,1,1,1,1,15.43,0,1,1,0,0,0,0,75,1,12,1,0,1,1,87.4,0,1,0,0,2.5649493574615367,-0.6193003920039335,3650.0,1,66.71,B,61,
6533,University of Uyo,https://www.uniuyo.edu.ng,Sub-Saharan Africa,Latin America & Africa,700,1,1,20,1,1,0,0,0,0,0,1,0,0,0,0,1,1,1,1,0,0,0,1,0,0,1,0,1,1,1,1,1,1,0,1,1,1,0,1,0,0,0,1,0,1,0,1,12.63,0,1,1,0,0,0,0,75,1,0,1,0,1,1,59.5,0,1,0,0,0.0,-0.0608409674246484,3650.0,1,66.61,B,62,
5089,Riphah International University,https://www.riphah.edu.pk,Pakistan,South & Central Asia + Oceania,701,0,1,5,1,0,0,1,1,1,1,1,0,1,1,0,1,0,1,1,0,1,1,0,1,0,1,0,1,1,1,1,1,1,0,0,1,1,0,1,0,0,0,0,1,1,1,1,12.63,0,1,0,0,0,1,0,75,1,0,1,1,1,1,83.3,0,1,0,0,0.0,-0.9442084581681893,3650.0,1,66.59,B,156,18.0
3127,Panteion University,https://www.panteion.gr,Greece,Eastern & Southern Europe,702,1,1,5,1,1,0,0,0,0,0,0,1,10,1,0,1,1,1,1,8,1,1,0,0,1,1,0,1,1,1,1,1,1,0,1,0,1,0,1,0,0,0,0,0,1,1,0,21.0,0,1,1,0,0,0,0,90,1,0,1,0,1,0,71.9,0,1,0,0,0.0,2.6214006911927235,3650.0,1,66.58,B,110,
2193,Trinity College Dublin,https://www.tcd.ie,Belgium/Ireland/Iceland,Western & Northern Europe,703,1,1,7,1,0,0,0,0,0,0,0,0,0,0,1,1,0,0,1,20,1,1,0,0,1,1,0,0,1,1,1,1,1,0,1,0,1,1,1,0,0,0,1,0,0,1,1,21.0,0,1,1,0,0,0,0,90,1,0,1,0,1,0,62.5,0,1,1,0,0.0,1.295741097188792,0.0,0,66.57,B,149,
2147,Inland Norway University of Applied Sciences,https://www.inn.no,Norway,Western & Northern Europe,704,1,1,1,1,1,0,0,0,0,0,0,1,2,0,1,1,0,0,0,20,1,0,1,0,0,1,0,0,1,1,1,1,1,0,1,1,0,0,1,1,0,0,0,0,0,1,1,15.13,0,0,1,0,0,0,0,75,1,0,1,1,1,0,89.5,0,1,1,0,0.0,0.5675384265493483,0.0,0,66.48,B,150,
4188,King Mongkut's Institute of Technology Ladkrabang,https://www.kmitl.ac.th,Thailand,Asia (East & Southeast),705,1,1,3,0,1,0,0,0,0,0,1,1,10,0,1,1,0,1,1,15,1,1,1,1,0,1,0,1,1,1,1,1,1,0,0,0,1,0,1,0,0,0,1,0,0,1,1,15.43,0,1,1,0,0,0,0,75,1,0,1,1,1,1,80.2,0,1,0,0,0.0,-0.39401415827485087,0.0,0,66.47,B,68,
2129,Umea University,https://www.umu.se,Sweden,Western & Northern Europe,706,1,1,0,1,1,0,0,0,0,0,1,1,3,0,0,1,0,1,0,3,1,0,0,0,0,1,0,0,1,1,1,1,1,0,1,1,0,1,1,1,0,0,1,0,0,1,1,21.0,0,1,1,0,0,0,0,100,1,0,1,1,0,1,44.4,0,1,1,0,0.0,0.13105330928294873,3650.0,1,66.46,B,151,
3135,Palacky University Olomouc,https://www.upol.cz,Czechia,Eastern & Southern Europe,707,1,1,1,1,0,0,1,1,0,0,1,1,4,1,0,1,1,1,1,0,1,1,0,0,0,1,1,1,1,1,1,1,1,0,1,0,1,1,1,0,0,0,1,0,1,1,1,7.59,0,1,0,0,0,0,0,75,1,0,0,1,1,0,58.7,0,1,1,0,0.0,-1.0852829938163704,3650.0,1,66.45,B,111,
2106,University of Groningen,https://www.rug.nl,Netherlands,Western & Northern Europe,708,1,1,6,1,1,0,0,0,0,0,1,0,0,0,0,1,0,1,1,0,1,1,0,0,0,0,0,0,1,1,1,1,1,0,1,1,1,1,1,1,0,0,0,0,1,1,1,10.37,0,0,1,0,0,0,0,50,1,0,1,1,1,0,7.1,0,1,1,0,0.0,0.6955740609474923,3650.0,1,66.4,B,152,11.0
4153,Universiti Sains Malaysia,https://www.usm.my,Malaysia,Asia (East & Southeast),709,1,1,2,1,1,0,0,1,0,0,0,0,0,1,1,1,1,1,0,0,0,0,0,0,1,1,0,1,1,1,1,1,1,0,0,0,0,1,1,0,0,0,0,0,1,1,1,5.15,0,1,1,0,0,0,1,90,1,0,0,1,1,0,14.3,0,1,0,0,0.0,-0.7712647452538373,0.0,0,66.38,B,69,
1182,Instituto Tecnologico y de Estudios Superiores de Monterrey (Tecnologico de Monterrey),https://tec.mx,United States,North America,710,1,1,4,1,1,0,1,1,1,0,0,0,0,1,0,1,0,1,0,0,1,1,0,1,1,1,0,1,1,1,1,1,1,1,0,0,1,0,1,0,0,0,0,0,1,1,1,15.43,0,1,0,1,0,0,0,100,1,0,1,1,1,1,87.1,0,1,0,0,0.0,2.1250457512426513,3650.0,1,66.37,B,160,141.0
4109,Kyungpook National University,https://www.knu.ac.kr,South Korea,Asia (East & Southeast),711,1,1,7,1,0,0,1,1,0,0,1,1,3,1,0,1,1,1,1,0,1,1,1,1,1,1,0,1,1,1,1,1,1,1,1,1,1,0,0,0,0,0,0,1,1,1,0,7.46,0,0,0,0,0,0,0,75,1,0,0,0,1,0,45.2,0,0,0,0,0.0,1.2185314358544763,3650.0,1,66.36,B,70,8.0
3119,University of Patras,https://www.upatras.gr,Greece,Eastern & Southern Europe,712,1,1,9,1,1,0,1,1,0,0,1,0,0,1,0,1,1,0,0,0,1,1,0,0,0,1,0,0,1,1,1,1,1,1,1,0,1,0,1,1,0,0,1,0,0,1,1,19.26,0,1,1,0,0,0,0,75,1,0,1,0,1,0,91.3,0,1,1,0,0.0,0.1817464718742018,3650.0,1,66.33,B,112,
1045,University of Miami,https://www.miami.edu,United States,North America,713,1,1,2,1,0,0,0,1,1,1,0,1,2,1,0,1,1,1,1,5,1,1,0,0,0,1,0,1,1,1,1,1,1,0,1,1,1,1,0,0,0,0,0,0,1,1,0,20.82,0,1,0,1,0,0,0,75,1,0,1,1,1,1,91.5,0,1,1,0,0.0,0.835452962983286,3650.0,1,66.31,B,161,142.0
4151,Universiti Kebangsaan Malaysia,https://www.ukm.my,Malaysia,Asia (East & Southeast),714,1,1,1,1,1,0,0,0,1,0,1,0,0,0,0,1,0,1,1,0,0,0,0,1,0,1,0,1,1,1,1,1,1,1,1,1,1,1,1,0,0,0,0,0,1,1,0,12.63,0,1,0,0,0,0,1,90,1,0,0,0,0,0,7.1,0,1,0,0,0.0,-0.30792878496953957,3650.0,1,66.29,B,71,
1175,Queen's University,https://www.queensu.ca,Canada,North America,715,1,1,3,1,0,0,1,1,0,0,1,0,0,0,0,0,1,1,0,0,1,1,0,1,1,1,0,1,1,1,1,1,1,0,1,1,1,0,1,1,0,0,1,0,1,1,1,15.28,0,1,0,1,0,0,0,90,1,0,1,1,1,1,29.4,0,1,1,0,0.0,-0.021168110021128134,3650.0,1,66.29,B,162,20.0
3312,University of West Attica,https://www.uniwa.gr,Greece,Eastern & Southern Europe,716,1,1,5,1,1,1,0,0,1,1,1,1,4,0,0,0,1,0,0,1,1,1,0,0,0,1,0,0,1,1,1,1,1,0,1,0,1,1,1,1,0,0,1,1,1,1,1,19.43,0,1,1,1,0,1,1,90,1,0,1,1,1,0,68.4,0,1,0,0,0.0,-0.5417841391712133,3650.0,1,66.18,B,113,
4194,University of the Philippines Diliman,https://upd.edu.ph,Philippines,Asia (East & Southeast),717,1,1,7,1,0,0,0,1,1,0,1,0,0,1,1,1,1,1,1,13,1,1,0,0,1,1,0,1,1,0,1,1,1,1,1,0,1,0,1,1,0,0,1,0,1,1,1,15.43,0,1,1,0,0,0,0,90,1,2,1,1,1,1,22.9,0,0,0,0,1.0986122886681098,-0.13355072109467833,380.0,0,66.16,B,72,
1057,University of Connecticut,https://uconn.edu,United States,North America,718,0,1,8,0,0,0,0,0,0,0,0,0,0,1,1,1,0,1,1,2,1,1,1,1,0,1,0,1,1,1,1,1,1,0,0,1,1,1,1,1,0,0,1,0,1,1,1,19.02,0,1,0,0,0,0,0,75,1,0,1,1,1,1,100.0,0,1,1,0,0.0,0.4273408677429724,3650.0,1,66.1,B,163,143.0
1082,Arizona State University,https://www.asu.edu,United States,North America,719,1,1,6,1,0,0,0,1,0,0,1,0,0,0,0,1,0,1,1,0,1,1,0,1,1,1,0,1,1,1,1,1,1,0,0,1,1,1,1,1,0,0,0,0,1,1,1,17.58,0,1,1,0,0,1,0,100,1,0,1,0,1,1,93.8,0,1,1,0,0.0,-0.5554427768357312,3650.0,1,66.08,B,164,144.0
2116,The Hague University of Applied Sciences,https://www.thehagueuniversity.com,Netherlands,Western & Northern Europe,720,0,1,5,0,1,0,0,0,0,0,0,0,0,0,0,1,0,1,1,0,0,0,0,0,1,1,0,1,1,1,0,1,1,0,1,1,0,1,1,1,0,1,0,0,0,1,1,12.94,0,1,0,0,0,0,0,100,1,0,1,0,1,0,47.4,0,1,1,0,0.0,0.7302503785969894,3650.0,1,66.02,B,153,12.0
2055,Goethe University Frankfurt,https://www.goethe-university-frankfurt.de,Germany,Western & Northern Europe,721,1,1,5,0,1,0,0,0,0,0,0,0,0,0,1,1,1,1,1,1,1,1,1,1,0,1,0,0,1,1,1,1,1,0,0,0,1,1,1,1,0,0,0,0,1,1,0,11.71,0,1,1,0,0,1,0,100,1,0,1,1,1,0,59.3,0,1,1,0,0.0,-0.8212117215532468,156.0,0,65.94,B,154,28.0
6129,Cadi Ayyad University,https://www.uca.ma,Egypt & North Africa,Latin America & Africa,722,1,1,8,1,0,0,0,1,1,0,1,1,4,1,1,1,1,0,1,2,1,1,1,1,0,1,0,1,1,0,1,1,1,1,0,0,1,1,1,0,0,0,1,0,1,1,1,15.43,0,1,1,0,0,0,0,75,1,0,1,1,1,0,100.0,0,1,0,0,0.0,-0.7136859250882778,0.0,0,65.93,B,63,
4074,Kumamoto University,https://www.kumamoto-u.ac.jp,Japan,Asia (East & Southeast),723,1,1,2,1,0,0,0,0,0,0,0,0,0,1,1,1,0,1,0,0,0,1,0,0,0,1,0,1,1,1,1,1,1,0,1,0,1,0,1,0,0,0,1,1,1,1,1,17.76,0,1,1,0,0,0,0,30,1,1,0,1,0,0,26.2,0,0,1,0,0.6931471805599453,-0.30732678935201985,6.0,0,65.92,B,73,21.0
2134,Karlstad University,https://www.kau.se,Sweden,Western & Northern Europe,724,1,1,4,0,1,0,0,0,0,0,0,0,0,0,1,1,1,1,0,0,0,0,0,0,0,1,0,0,1,0,1,1,1,0,1,1,1,1,1,1,0,0,1,0,1,1,1,21.0,0,1,1,1,0,0,0,75,1,0,1,1,1,0,100.0,0,1,1,0,0.0,-0.033356084887395374,0.0,0,65.67,B,155,
3165,Yuriy Fedkovych Chernivtsi National University,https://www.chnu.edu.ua,Ukraine,Eastern & Southern Europe,725,1,1,7,1,1,0,0,0,0,0,1,1,2,0,1,1,0,1,0,1,1,1,0,0,0,1,0,1,1,1,0,1,1,0,0,0,1,0,1,0,0,0,1,0,1,1,1,16.48,0,1,1,0,0,0,0,100,1,0,1,1,1,1,100.0,0,1,0,0,0.0,-1.2773168673099788,4.0,0,65.65,B,114,
1025,University of Wisconsin-Madison,https://www.wisc.edu,United States,North America,726,1,1,6,1,0,0,0,1,0,0,1,0,1,1,0,1,1,1,1,1,1,1,0,1,0,1,0,1,1,1,1,1,0,0,1,1,1,1,1,0,0,0,1,0,1,1,1,16.88,0,1,0,0,0,0,0,90,1,0,1,1,0,1,100.0,0,1,1,0,0.0,-1.4671693408725939,3650.0,1,65.64,B,165,145.0
1168,University of Toronto,https://www.utoronto.ca,Canada,North America,727,1,1,3,1,0,0,0,1,0,0,1,0,0,0,1,1,0,0,1,3,1,0,0,1,0,1,0,0,1,0,1,1,1,0,1,1,1,1,1,0,0,0,0,1,0,1,1,7.49,0,1,1,0,0,0,0,90,1,0,1,1,1,1,100.0,0,1,1,0,0.0,-1.282586662263904,0.0,0,65.63,B,166,21.0
2171,University of Jyvaskyla,https://www.jyu.fi,Finland,Western & Northern Europe,728,1,1,3,1,1,0,0,0,0,0,0,1,6,1,1,1,1,1,0,8,1,1,1,0,0,1,0,0,1,1,0,1,0,0,1,1,0,1,1,1,0,0,1,0,0,1,1,21.0,0,1,1,0,0,1,0,100,1,0,1,1,1,0,54.5,0,1,0,1,0.0,0.0020477079575461346,0.0,0,65.58,B,156,
4023,South China University of Technology,https://www.scut.edu.cn,China,Asia (East & Southeast),729,1,1,2,0,0,0,0,1,0,0,1,0,1,0,1,1,0,1,1,0,1,0,0,1,0,1,0,1,1,1,1,1,1,1,1,0,1,1,1,0,1,0,0,0,1,0,0,12.21,0,1,1,0,0,0,0,75,1,2,0,0,0,0,0.0,0,0,0,0,1.0986122886681098,-0.5394964325087684,18.0,0,65.54,B,74,1.0
3164,Vinnytsia National Technical University,https://www.vntu.edu.ua,Ukraine,Eastern & Southern Europe,730,1,1,2,1,1,0,0,0,1,1,1,1,4,0,0,1,0,1,1,0,1,1,1,1,0,1,0,1,1,1,1,1,1,0,1,1,1,1,1,0,0,0,0,1,1,1,0,10.73,0,1,0,0,0,0,0,75,1,0,1,1,1,1,13.7,0,1,0,0,0.0,-0.14446032255850452,3650.0,1,65.53,B,115,
3003,University of Bologna,https://www.unibo.it,Italy,Eastern & Southern Europe,731,1,1,2,1,1,0,0,0,1,0,1,1,2,1,0,1,0,1,1,1,1,1,0,1,1,1,0,1,1,0,0,1,1,1,1,1,1,1,1,1,1,0,1,0,1,1,1,12.63,0,1,1,1,0,0,0,100,1,0,1,0,0,0,54.2,0,1,1,0,0.0,-0.7442079050739909,3650.0,1,65.49,B,116,18.0
4078,Hitotsubashi University,https://www.hit-u.ac.jp,Japan,Asia (East & Southeast),732,1,1,6,1,0,0,0,0,0,0,1,1,10,1,0,1,0,1,1,2,1,1,1,1,0,1,0,1,1,1,1,1,1,0,1,0,1,0,1,0,0,0,1,1,1,1,1,21.0,0,1,1,0,0,0,0,50,1,0,0,1,1,0,14.1,0,0,0,0,0.0,-0.3061227981169805,3650.0,1,65.44,B,75,22.0
4191,Silpakorn University,https://www.su.ac.th,Thailand,Asia (East & Southeast),733,1,1,5,0,1,0,0,0,0,0,1,0,0,0,0,1,1,1,0,0,1,1,0,1,0,1,0,1,1,1,1,1,1,1,1,0,1,0,0,0,0,0,0,0,1,1,1,13.5,0,1,1,0,0,0,0,100,1,0,1,1,1,1,100.0,0,1,0,0,0.0,-0.6673201686287761,3650.0,1,65.43,B,76,
2095,Paris-Est Creteil University,https://www.u-pec.fr,France,Western & Northern Europe,734,1,1,4,1,1,1,0,0,0,0,1,0,0,1,0,1,0,1,0,0,1,1,0,1,0,1,0,1,1,0,1,1,1,0,1,1,1,0,1,1,1,0,0,1,1,1,1,16.3,0,1,1,0,0,0,0,75,1,0,1,1,1,0,47.9,0,1,1,1,0.0,1.851289654776193,3650.0,1,65.3,B,157,22.0
1077,University of Missouri,https://www.missouri.edu,United States,North America,735,1,1,7,1,0,0,0,0,0,0,0,1,6,0,0,1,1,1,1,0,0,0,0,0,0,1,0,1,1,1,1,1,1,0,0,1,1,1,1,0,0,0,1,0,1,1,1,1.15,0,1,0,0,0,0,0,100,1,0,0,0,1,1,100.0,0,1,1,0,0.0,-1.1603601971919317,3650.0,1,65.19,B,167,146.0
1139,Haverford College,https://www.haverford.edu,United States,North America,736,1,1,4,1,0,0,0,0,0,0,0,1,8,0,0,1,0,1,1,2,1,1,0,1,1,1,0,1,1,1,1,1,1,0,1,0,1,0,1,0,0,0,1,0,1,1,1,15.91,0,1,0,1,0,0,0,75,1,1,1,1,1,1,100.0,0,1,0,0,0.6931471805599453,-0.12847880308431728,3650.0,1,65.09,B,168,147.0
3106,University of Minho,https://www.uminho.pt,Portugal,Eastern & Southern Europe,737,1,1,5,1,1,1,0,0,1,1,1,1,3,1,0,1,0,0,1,6,0,1,0,0,1,1,0,1,0,1,1,1,1,1,1,0,1,0,1,1,0,0,0,0,1,1,0,21.0,0,1,0,0,0,1,0,50,1,0,1,0,1,0,39.5,0,1,0,0,0.0,0.29424392761486057,3650.0,1,65.08,B,117,
4117,Konkuk University,https://www.konkuk.ac.kr,South Korea,Asia (East & Southeast),738,1,1,7,0,0,0,0,1,1,1,1,1,3,1,0,1,0,1,1,0,0,0,1,0,0,1,0,1,1,1,1,1,1,0,1,0,1,1,1,1,1,0,1,1,1,1,0,12.63,0,1,1,0,0,0,0,50,1,0,0,1,0,1,63.6,0,1,0,0,0.0,4.061957402605666,3650.0,1,65.03,B,77,9.0
4075,Niigata University,https://www.niigata-u.ac.jp,Japan,Asia (East & Southeast),739,1,1,5,1,0,0,0,0,0,0,0,1,8,0,1,1,0,0,0,10,1,1,1,1,0,1,0,1,1,1,1,1,1,0,0,0,1,1,1,0,0,0,0,1,1,1,1,12.63,0,1,1,0,0,1,0,100,1,0,0,0,1,0,20.0,0,1,0,0,0.0,-0.2445185799241353,8.0,0,65.01,B,78,23.0
6506,University of Caxias do Sul,https://www.ucs.br,Brazil,Latin America & Africa,740,1,1,4,0,0,0,0,1,1,0,1,1,9,1,0,1,0,1,1,0,1,1,0,0,1,1,0,1,1,1,1,1,1,1,1,1,1,0,0,0,0,0,1,0,1,1,1,15.43,0,1,0,0,0,0,0,90,1,0,1,1,0,1,39.6,0,1,0,0,0.0,-0.38116274686691043,3650.0,1,65.0,B,64,4.0
6322,University of Lima,https://www.ulima.edu.pe,Peru & Andes,Latin America & Africa,741,1,1,1,1,1,0,0,0,1,1,1,1,10,0,0,1,0,1,0,0,1,1,0,1,1,1,0,1,1,1,1,1,1,1,1,1,1,0,0,0,0,0,1,0,1,1,1,21.0,0,1,1,1,0,1,0,75,1,0,1,1,1,0,12.9,0,1,0,0,0.0,-0.429267112168441,3650.0,1,64.97,C,65,
3178,University of Rijeka,https://www.uniri.hr,Balkans,Eastern & Southern Europe,742,1,1,9,0,1,0,0,1,1,1,1,0,0,0,1,1,0,1,1,0,0,0,1,0,0,1,0,1,1,0,1,1,1,1,0,0,0,1,1,1,0,0,1,0,1,1,1,21.0,0,1,0,1,0,1,0,75,1,2,1,1,1,0,100.0,0,1,1,0,1.0986122886681098,-0.9263892943864909,0.0,0,64.95,C,118,
6153,Addis Ababa University,https://www.aau.edu.et,Sub-Saharan Africa,Latin America & Africa,743,1,1,1,1,0,1,1,1,0,0,1,0,0,1,1,1,0,1,1,1,1,1,0,1,0,1,0,1,1,0,1,1,1,0,1,0,1,0,1,0,0,0,0,0,1,1,1,20.01,0,0,0,1,0,0,0,90,1,0,1,1,1,0,95.9,0,1,0,0,0.0,-0.37316872697715164,1.0,0,64.91,C,66,
4166,Gadjah Mada University,https://www.ugm.ac.id,Indonesia,Asia (East & Southeast),744,1,1,8,0,1,0,0,0,1,1,1,0,0,0,1,1,0,1,1,0,1,1,0,0,1,1,0,1,1,0,1,1,1,1,1,0,1,1,1,0,0,0,1,0,0,1,0,17.73,0,1,1,0,0,0,0,90,1,0,1,1,1,1,24.5,0,1,1,0,0.0,-1.7689721486897523,40.0,0,64.85,C,79,
4007,Nanjing University,https://www.nju.edu.cn,China,Asia (East & Southeast),745,1,1,9,1,0,0,0,1,0,0,1,1,10,0,1,1,0,1,1,0,0,0,0,1,0,1,0,1,1,1,1,1,1,1,1,0,1,0,0,0,0,0,0,0,1,1,0,12.63,0,1,0,0,0,0,0,75,1,0,1,0,1,0,0.0,0,0,0,0,0.0,0.29226084569756056,2.0,0,64.84,C,80,2.0
1016,University of Michigan,https://www.umich.edu,United States,North America,746,1,1,9,1,0,0,0,0,0,0,1,0,1,1,0,1,1,0,1,2,1,1,0,0,0,1,0,0,1,1,1,1,1,0,1,1,1,0,1,0,0,0,0,0,1,1,0,18.26,0,0,0,0,0,0,0,75,1,0,1,1,1,1,100.0,0,1,0,0,0.0,-1.5547995014241942,3650.0,1,64.82,C,169,148.0
4171,Diponegoro University,https://www.undip.ac.id,Indonesia,Asia (East & Southeast),747,1,1,2,1,1,0,0,1,0,0,1,1,6,1,1,1,1,1,1,0,1,1,0,0,0,1,0,1,0,0,1,1,1,1,0,0,1,0,1,1,0,0,1,0,1,1,1,12.63,0,1,1,0,0,0,0,90,1,0,1,0,1,1,63.2,0,1,0,0,0.0,-1.8329843493526758,16.0,0,64.8,C,81,
3198,Matej Bel University,https://www.umb.sk,Bulgaria & Slovakia,Eastern & Southern Europe,748,1,1,1,1,1,0,0,0,1,1,0,0,0,0,0,1,0,1,1,0,1,0,0,0,1,1,0,1,1,1,1,1,1,0,1,0,0,1,1,0,0,0,1,1,1,1,1,14.25,0,1,1,0,0,0,0,75,1,0,1,1,1,0,87.5,0,1,0,0,0.0,0.6758037695377956,3650.0,1,64.67,C,119,
2109,Radboud University,https://www.ru.nl,Netherlands,Western & Northern Europe,749,1,1,1,1,1,0,0,0,0,0,1,0,0,1,1,1,0,1,1,7,1,1,1,0,0,1,0,0,1,0,1,1,1,0,0,1,1,0,1,0,0,0,0,0,1,1,1,12.21,0,1,1,0,0,0,0,100,1,2,1,1,1,0,100.0,0,1,0,0,1.0986122886681098,-1.2659415577013453,0.0,0,64.55,C,158,13.0
4126,National Yang Ming Chiao Tung University,https://www.nycu.edu.tw,Taiwan,Asia (East & Southeast),750,1,1,10,1,0,0,0,1,0,0,0,1,3,0,1,1,1,1,0,0,1,1,0,1,0,1,0,1,1,1,1,1,0,0,1,0,1,1,1,0,0,0,1,1,1,1,1,15.43,0,1,1,0,0,0,0,75,1,0,1,0,1,0,69.2,0,1,0,0,0.0,-1.0564100027523158,1.0,0,64.44,C,82,
4108,Chung-Ang University,https://www.cau.ac.kr,South Korea,Asia (East & Southeast),751,0,1,6,1,0,0,0,0,0,0,1,1,10,1,1,1,1,1,0,0,0,0,1,1,0,1,0,1,1,1,1,1,1,0,1,0,1,0,1,0,0,0,1,0,1,1,0,21.0,0,1,0,1,0,0,0,75,1,0,0,0,0,1,14.3,0,1,0,0,0.0,-0.16846646691081846,681.0,0,64.42,C,83,10.0
4193,Burapha University,https://www.buu.ac.th,Thailand,Asia (East & Southeast),752,1,1,7,1,1,0,0,0,0,0,0,0,1,0,0,1,0,1,0,2,1,1,0,0,0,1,0,1,1,1,1,1,1,0,1,0,1,1,1,0,0,0,0,0,1,1,0,21.0,0,1,0,0,0,0,0,90,1,0,1,0,1,1,12.5,0,1,0,0,0.0,-1.6563989682135762,3650.0,1,64.42,C,83,
2105,Erasmus University Rotterdam,https://www.eur.nl,Netherlands,Western & Northern Europe,753,1,1,3,1,1,0,0,1,0,0,1,0,0,0,1,1,1,1,1,0,0,0,0,0,0,1,0,1,1,0,0,1,1,0,1,1,1,1,1,1,0,0,0,0,0,1,1,14.5,0,1,0,0,0,1,0,75,1,1,1,1,1,0,100.0,0,1,1,0,0.6931471805599453,-0.17157637202175535,0.0,0,64.41,C,159,14.0
2306,Medical University of Vienna,https://www.meduniwien.ac.at,Switzerland/Austria,Western & Northern Europe,754,0,1,20,1,1,0,0,0,0,1,0,1,4,0,0,1,0,1,1,7,1,0,0,0,1,1,0,1,1,1,1,1,1,0,1,1,1,0,1,0,0,0,0,0,1,1,1,18.62,0,1,0,0,0,0,0,75,1,0,1,1,1,0,0.0,0,1,0,0,0.0,1.2011693217810717,3650.0,1,64.4,C,160,
4111,Sejong University,https://www.sejong.ac.kr,South Korea,Asia (East & Southeast),755,0,1,6,1,1,0,1,1,1,1,0,1,10,1,0,1,1,1,0,5,1,1,0,1,0,1,0,1,1,1,1,1,1,0,0,0,1,0,1,1,0,0,1,1,1,0,0,18.88,0,1,0,0,0,0,0,55,1,0,1,0,1,1,41.9,0,1,0,0,0.0,0.23888390094415074,3650.0,1,64.31,C,85,11.0
2117,Fontys University of Applied Sciences,https://www.fontys.edu,Netherlands,Western & Northern Europe,756,1,1,5,1,1,1,0,0,1,1,0,0,0,1,1,1,1,1,1,1,1,1,1,1,1,1,0,0,1,0,1,1,1,0,0,1,0,1,1,1,0,0,1,0,0,0,1,8.32,0,1,1,0,0,0,0,100,1,0,1,1,1,0,25.0,0,1,0,0,0.0,0.28333811686255894,3650.0,1,64.29,C,161,15.0
2160,University College Copenhagen,https://www.kp.dk,Denmark,Western & Northern Europe,757,1,1,4,1,1,0,0,0,0,0,0,0,0,0,1,1,0,1,0,0,1,0,1,0,0,1,0,0,1,0,1,1,1,0,1,1,0,0,1,0,0,0,1,0,0,1,1,21.0,0,1,0,0,0,1,0,90,1,0,1,1,1,1,100.0,0,1,0,0,0.0,-0.19364311961688985,5.0,0,64.27,C,162,
4306,Yamagata University,https://www.yamagata-u.ac.jp,Japan,Asia (East & Southeast),758,1,1,5,1,1,0,0,0,0,0,0,0,0,1,1,1,0,1,1,2,0,0,1,1,0,1,0,1,1,1,1,1,1,0,0,0,1,0,1,0,0,0,1,1,1,0,0,21.0,0,1,1,0,0,0,0,75,1,0,1,0,0,0,5.9,0,0,0,0,0.0,-0.4060540706252441,130.0,0,64.23,C,86,24.0
2162,University College of Northern Denmark,https://www.ucn.dk,Denmark,Western & Northern Europe,759,1,1,4,0,1,1,0,0,0,0,0,0,0,0,1,1,0,1,0,1,0,0,1,0,0,1,0,0,1,0,1,1,1,0,1,1,0,0,1,0,0,0,1,0,0,1,1,14.17,0,1,1,0,0,1,0,100,1,0,0,1,1,0,100.0,0,1,0,0,0.0,-0.9005065178566428,4.0,0,64.18,C,163,
5167,Tribhuvan University,https://www.tribhuvan-university.edu.np,Nepal,South & Central Asia + Oceania,760,1,1,8,1,0,0,0,0,1,1,0,0,1,1,0,1,0,0,1,2,1,1,0,0,0,1,0,1,1,1,1,1,1,1,1,0,1,0,1,0,0,0,1,0,1,1,1,15.43,0,1,1,0,0,0,0,75,1,0,1,0,1,0,42.9,0,1,0,0,0.0,0.9535881031651336,3650.0,1,64.16,C,157,
6047,Autonomous University of Nuevo Leon,https://www.uanl.mx,Mexico,Latin America & Africa,761,1,1,4,1,1,0,0,0,0,0,0,0,0,0,0,1,0,1,1,0,0,0,0,1,0,1,0,1,1,1,1,1,1,0,1,0,1,0,1,0,0,0,1,0,1,1,1,5.74,0,1,1,0,0,0,0,75,1,0,1,1,1,1,56.1,0,1,0,0,0.0,-0.8829628024029931,3650.0,1,64.13,C,67,
6335,Mohammed VI Polytechnic University,https://www.um6p.ma,Egypt & North Africa,Latin America & Africa,762,1,1,7,1,0,0,0,1,1,1,1,0,0,0,1,1,0,1,1,0,1,1,1,0,1,1,0,1,1,0,1,1,1,1,0,0,1,1,1,0,0,0,0,0,1,1,1,15.43,0,1,1,1,0,1,0,50,1,0,1,1,1,1,96.4,0,1,0,0,0.0,2.305669411869891,8.0,0,64.13,C,67,
4307,Kagawa University,https://www.kagawa-u.ac.jp,Japan,Asia (East & Southeast),763,1,1,4,1,0,0,0,0,0,0,0,0,1,0,0,0,0,1,0,0,0,0,1,0,0,1,1,1,1,1,1,1,1,1,0,1,1,0,1,0,0,0,1,1,1,1,1,21.0,0,1,1,0,0,0,0,90,1,0,0,1,0,0,73.1,0,1,0,0,0.0,-0.23789662813141918,3650.0,1,64.06,C,87,25.0
1026,University of Washington,https://www.washington.edu,United States,North America,764,0,1,7,1,0,0,0,1,1,1,0,0,0,0,0,1,1,1,1,1,0,0,0,0,0,1,0,1,1,1,1,1,0,1,1,1,1,1,1,0,0,0,0,0,1,1,0,10.86,0,1,0,0,0,0,0,75,1,0,0,1,0,0,71.4,0,1,1,0,0.0,-0.15955332810261497,3650.0,1,64.06,C,170,149.0
1027,New York University,https://www.nyu.edu,United States,North America,765,1,1,5,1,0,1,0,0,0,0,1,0,0,1,0,1,0,1,1,0,0,0,0,0,0,1,0,1,1,0,1,1,1,0,0,0,1,1,1,0,0,1,0,0,1,1,1,19.68,0,1,1,0,1,0,0,90,1,0,0,1,0,0,53.8,0,1,1,0,0.0,-1.1477232236844905,3650.0,1,63.89,C,171,150.0
3149,Technical University of Cluj-Napoca,https://www.utcluj.ro,Romania,Eastern & Southern Europe,766,1,1,7,1,0,0,0,1,1,1,1,0,0,0,1,1,1,1,1,0,0,0,1,0,0,1,0,1,0,1,1,0,1,1,0,0,1,0,1,0,0,0,1,0,1,1,1,7.02,0,1,1,0,0,0,0,75,1,0,1,1,1,0,4.2,0,0,0,0,0.0,-1.155325199540252,260.0,0,63.84,C,120,
1120,University of Vermont,https://www.uvm.edu,United States,North America,767,1,1,6,1,0,0,0,1,0,0,0,1,3,0,0,1,1,1,1,1,1,1,0,0,1,1,0,1,1,0,1,1,1,1,1,0,1,1,1,1,0,0,0,0,1,1,1,1.38,0,1,0,0,0,0,0,75,1,0,1,1,1,1,33.3,0,1,1,0,0.0,-0.5865173018540293,3650.0,1,63.83,C,172,151.0
4049,Shanghai University,https://www.shu.edu.cn,China,Asia (East & Southeast),768,1,1,6,0,0,0,0,0,0,0,0,0,0,0,0,1,1,1,1,3,1,1,0,1,0,1,0,1,1,1,1,1,1,1,0,1,0,0,1,1,0,0,1,0,1,0,1,12.63,0,1,0,0,0,0,0,75,1,2,1,0,0,0,0.0,0,1,0,0,1.0986122886681098,0.6424216298881624,3650.0,1,63.82,C,88,3.0
3179,University of Split,https://www.unist.hr,Balkans,Eastern & Southern Europe,769,1,1,5,0,1,0,0,1,1,1,1,0,0,0,0,1,0,0,0,0,1,1,0,1,0,1,0,1,1,1,1,1,1,1,1,0,1,1,1,0,0,0,1,0,1,1,1,21.0,0,1,1,0,1,0,0,100,1,0,1,1,1,0,94.6,0,1,1,0,0.0,1.4401774059158063,3650.0,1,63.81,C,121,
1173,University of Waterloo,https://uwaterloo.ca,Canada,North America,770,0,1,1,1,0,0,0,1,0,0,0,1,4,0,0,1,0,1,1,9,1,1,0,1,0,1,0,1,1,1,1,1,1,0,0,1,0,0,1,0,0,0,1,0,1,1,1,21.0,0,1,0,0,0,0,0,100,1,0,1,1,1,0,100.0,0,1,1,0,0.0,-1.0383408956200817,3650.0,1,63.8,C,173,22.0
3096,University of Bialystok,https://www.uwb.edu.pl,Poland,Eastern & Southern Europe,771,1,1,20,0,0,0,0,0,0,0,1,1,10,0,1,1,0,1,1,0,1,1,1,1,0,1,0,1,1,1,1,1,1,0,1,0,1,0,1,0,0,0,1,1,1,1,1,21.0,0,1,1,0,0,0,0,75,1,59,1,1,1,0,100.0,0,1,1,0,4.0943445622221,-0.8796347785452299,113.0,0,63.76,C,122,17.0
3195,Technical University of Kosice,https://www.tuke.sk,Bulgaria & Slovakia,Eastern & Southern Europe,772,1,1,2,0,1,0,0,0,0,0,0,1,10,0,1,1,0,1,0,2,1,0,1,0,0,1,0,0,1,1,1,1,1,0,1,0,0,1,0,0,0,0,0,0,1,1,0,21.0,0,1,0,1,0,0,0,90,1,0,1,1,1,1,100.0,0,1,1,0,0.0,-0.831984582323868,14.0,0,63.7,C,123,
1149,Grinnell College,https://www.grinnell.edu,United States,North America,773,1,1,5,1,0,0,0,0,0,0,1,1,4,0,0,1,1,1,1,0,1,1,0,0,0,1,0,1,1,0,1,1,1,1,1,1,1,0,0,0,0,0,1,0,0,1,1,12.63,0,1,1,0,0,0,0,90,1,0,1,1,1,1,88.9,0,1,1,0,0.0,-0.3895048132380202,3650.0,1,63.69,C,174,152.0
2154,Aalborg University,https://www.en.aau.dk,Denmark,Western & Northern Europe,774,0,1,5,0,0,0,0,1,0,0,0,0,0,0,1,1,0,1,1,6,1,1,1,0,1,1,0,1,1,0,1,1,1,0,1,0,1,1,1,0,0,0,1,0,0,1,1,15.77,0,1,0,0,0,0,0,90,1,0,1,1,1,1,8.7,0,1,1,0,0.0,0.851253752772508,0.0,0,63.67,C,164,
2081,Aix-Marseille University,https://www.univ-amu.fr,France,Western & Northern Europe,775,1,1,2,0,1,0,0,0,0,0,1,0,0,1,1,1,0,0,0,0,1,1,1,0,0,1,0,1,1,1,1,1,1,0,0,1,1,1,1,1,0,0,0,1,0,1,1,16.88,0,0,1,0,0,0,0,100,1,0,1,1,1,0,24.0,0,1,1,0,0.0,-0.35756753032360444,0.0,0,63.62,C,165,23.0
2002,University of Cambridge,https://www.cam.ac.uk,United Kingdom,Western & Northern Europe,776,1,1,2,0,0,0,0,0,0,0,0,0,0,0,0,1,0,1,1,5,1,1,0,0,0,1,0,1,1,1,1,1,1,0,1,1,1,1,1,0,0,0,0,0,1,1,0,15.43,0,1,0,0,0,0,0,75,1,0,1,1,1,1,72.7,0,1,1,0,0.0,-1.2758837187057468,3650.0,1,63.58,C,166,34.0
3159,Ivan Franko National University of Lviv,https://www.lnu.edu.ua,Ukraine,Eastern & Southern Europe,777,0,1,7,1,1,0,0,1,0,0,1,1,6,0,1,1,0,1,0,0,0,0,1,0,0,1,0,1,1,1,1,1,1,0,1,0,1,0,1,0,0,0,0,0,1,1,1,11.29,0,1,0,0,0,0,0,75,1,0,0,0,1,1,0.0,1,1,1,0,0.0,-0.6120054809711148,686.0,0,63.44,C,124,
1115,Rensselaer Polytechnic Institute,https://www.rpi.edu,United States,North America,778,1,1,4,0,0,0,0,0,1,1,0,0,0,0,0,1,1,1,1,0,1,1,0,0,0,1,0,1,1,1,1,1,1,0,1,0,1,0,1,0,0,0,1,0,1,1,1,15.43,0,1,1,0,0,0,1,75,1,0,1,0,1,1,100.0,0,1,1,0,0.0,-1.3756030738186757,3650.0,1,63.38,C,175,153.0
1303,Toronto Metropolitan University,https://www.torontomu.ca,Canada,North America,779,1,1,8,1,0,1,0,0,0,0,1,0,0,0,0,1,0,1,1,0,1,0,0,0,1,1,0,1,1,0,1,1,1,1,1,1,1,0,1,0,0,0,0,0,0,1,0,21.0,0,1,0,0,0,0,0,90,1,0,1,1,1,0,85.7,0,1,1,0,0.0,3.4875600915449563,3650.0,1,63.3,C,176,23.0
6076,University of Rosario,https://www.urosario.edu.co,Colombia,Latin America & Africa,780,1,1,8,1,1,0,1,1,0,0,1,1,10,1,1,0,0,0,0,6,1,1,0,0,0,1,0,0,1,1,1,1,1,0,0,0,1,0,1,0,0,0,1,0,0,1,1,12.63,0,1,1,1,0,0,0,100,1,4,1,1,1,1,72.9,0,1,0,0,1.6094379124341003,-0.07009720098121124,0.0,0,63.29,C,69,
3017,University of Catania,https://www.unict.it,Italy,Eastern & Southern Europe,781,1,1,2,1,1,0,0,0,0,0,0,0,0,1,1,1,0,1,0,0,1,1,0,0,0,1,0,1,0,0,1,1,1,1,1,0,1,0,1,1,0,0,1,1,0,1,1,17.57,0,1,1,0,0,0,0,75,1,0,1,1,1,0,85.7,0,1,0,0,0.0,-0.8889498544982781,284.0,0,63.22,C,125,19.0
6154,University of Botswana,https://www.ub.bw,Sub-Saharan Africa,Latin America & Africa,782,1,1,5,1,0,0,0,0,0,0,0,1,2,0,1,1,0,1,1,5,1,1,1,0,0,1,0,1,0,0,0,1,1,0,1,0,1,0,1,0,0,1,1,0,1,1,0,5.15,0,1,0,0,0,0,0,75,1,1,0,0,1,1,84.2,0,1,0,0,0.6931471805599453,0.2418098206823573,0.0,0,63.19,C,70,
1144,Trinity College,https://www.trincoll.edu,United States,North America,783,0,1,3,1,0,0,0,0,0,0,0,1,6,1,1,1,0,1,1,19,1,1,1,1,1,1,0,1,1,0,1,1,1,0,0,1,1,1,0,0,0,0,1,0,1,1,1,21.0,0,1,0,0,0,0,0,100,1,0,1,1,1,1,55.6,0,1,0,0,0.0,-0.08704610305991976,0.0,0,63.17,C,177,154.0
4069,Tokyo Medical and Dental University,https://www.tmd.ac.jp,Japan,Asia (East & Southeast),784,1,1,4,1,0,0,1,1,0,0,1,1,6,1,1,1,0,1,0,20,1,0,1,1,0,1,0,1,1,0,1,1,1,1,1,0,1,1,1,0,0,0,0,1,1,1,0,15.91,0,1,1,0,0,0,0,75,1,0,1,0,1,0,2.6,0,1,0,0,0.0,-1.310251488139772,662.0,0,63.1,C,89,26.0
3123,Athens University of Economics and Business,https://www.aueb.gr,Greece,Eastern & Southern Europe,785,1,1,0,0,1,0,0,1,0,0,1,0,1,1,1,1,1,0,0,0,1,1,1,1,0,1,0,1,1,1,1,1,1,0,1,1,1,1,1,1,0,0,0,1,1,1,0,4.48,0,1,0,0,0,0,1,75,1,0,1,1,1,0,89.5,0,1,0,0,0.0,0.043274285110620286,31.0,0,63.07,C,126,
1140,Bowdoin College,https://www.bowdoin.edu,United States,North America,786,1,1,8,1,1,0,0,0,0,0,1,0,0,0,0,1,1,1,0,0,0,0,0,1,0,1,0,1,1,0,1,1,1,1,0,1,1,1,1,0,0,0,0,0,0,1,0,21.0,0,1,0,0,0,0,0,75,1,0,1,1,1,1,90.9,0,1,1,0,0.0,-0.2542270476583629,3650.0,1,62.74,C,178,155.0
2184,University of Innsbruck,https://www.uibk.ac.at,Switzerland/Austria,Western & Northern Europe,787,1,1,0,1,1,0,0,0,1,1,0,0,1,0,0,1,1,1,1,0,1,1,0,0,1,1,0,1,1,1,1,1,1,0,0,1,1,0,1,1,0,0,1,0,0,1,1,13.2,0,0,1,1,0,1,0,100,1,0,1,0,1,0,17.6,0,1,1,0,0.0,-0.12089560007249014,3650.0,1,62.74,C,167,
3049,University of Granada,https://www.ugr.es,Spain,Eastern & Southern Europe,788,1,1,6,1,0,1,0,1,0,0,0,0,0,0,0,1,0,0,1,1,1,1,0,0,0,1,0,1,1,1,1,1,1,0,0,1,0,0,1,0,0,0,0,1,1,1,1,6.04,0,1,1,0,0,0,0,100,1,0,1,1,1,0,100.0,0,1,1,0,0.0,0.493084971997235,3650.0,1,62.7,C,127,18.0
1141,Middlebury College,https://www.middlebury.edu,United States,North America,789,1,1,1,1,0,0,0,0,0,0,1,0,0,0,0,1,0,1,1,0,0,1,0,1,1,1,0,1,1,1,1,1,1,1,0,1,1,1,0,1,0,0,0,0,1,1,0,16.29,0,1,1,0,0,0,1,90,1,0,1,1,1,1,100.0,0,1,0,0,0.0,-1.3242265257884231,3650.0,1,62.58,C,179,156.0
3097,Cardinal Stefan Wyszynski University,https://www.uksw.edu.pl,Poland,Eastern & Southern Europe,790,1,1,1,1,1,0,0,0,1,1,0,0,0,0,1,0,1,0,0,0,1,1,1,1,0,1,0,0,1,1,1,1,1,1,1,0,0,1,1,0,0,0,1,0,1,1,1,15.13,0,1,1,0,0,0,0,90,1,0,1,0,1,0,21.2,0,1,0,0,0.0,2.5999043620703044,116.0,0,62.55,C,128,18.0
5046,Indian Statistical Institute,https://www.isical.ac.in,India,South & Central Asia + Oceania,791,1,1,8,1,0,0,0,0,0,0,1,0,1,1,0,1,1,1,1,0,0,0,0,0,0,1,0,1,1,0,1,1,1,1,1,0,1,0,1,1,0,0,0,0,1,1,1,13.92,0,1,0,0,0,0,0,75,1,0,1,1,1,0,12.5,0,0,0,0,0.0,-0.8337331367477383,3650.0,1,62.54,C,158,65.0
3182,University of Nis,https://www.ni.ac.rs,Balkans,Eastern & Southern Europe,792,1,1,3,1,1,0,0,0,1,1,0,1,3,0,1,1,0,0,0,0,1,1,1,1,0,1,0,1,1,1,1,1,1,1,0,0,0,0,1,1,0,0,0,0,1,1,0,21.0,0,1,1,0,0,0,0,75,1,2,1,1,0,0,72.7,0,1,0,0,1.0986122886681098,1.8747615263407076,5.0,0,62.38,C,129,
2168,University of Turku,https://www.utu.fi,Finland,Western & Northern Europe,793,0,1,6,0,1,0,0,0,0,0,0,1,10,1,1,1,0,1,1,20,0,0,1,0,0,1,0,0,1,1,1,1,0,0,1,1,1,0,1,1,0,0,0,0,0,1,0,18.76,0,1,0,0,0,1,0,100,1,0,1,1,1,0,100.0,0,1,0,0,0.0,1.898818034211868,0.0,0,62.38,C,168,
4110,Sogang University,https://www.sogang.ac.kr,South Korea,Asia (East & Southeast),794,1,1,11,0,0,0,0,0,0,0,0,1,10,1,0,1,1,1,1,0,0,0,0,0,1,1,0,1,1,1,1,1,1,1,0,0,0,0,0,1,0,0,1,1,1,1,1,21.0,0,1,0,1,0,0,0,75,1,0,0,0,1,1,100.0,0,1,0,0,0.0,-0.04726468258352726,3650.0,1,62.3,C,90,12.0
3161,National University of Kyiv-Mohyla Academy,https://www.ukma.edu.ua,Ukraine,Eastern & Southern Europe,795,1,1,5,1,0,0,1,1,0,0,1,1,2,0,0,1,0,1,0,0,0,0,0,0,0,1,0,1,1,1,0,1,1,0,1,1,0,0,1,0,1,0,0,0,1,1,0,19.95,0,1,0,0,0,0,0,75,1,0,1,1,1,1,88.2,0,1,0,0,0.0,0.35819550675405654,3650.0,1,62.26,C,130,
2039,Heriot-Watt University,https://www.hw.ac.uk,United Kingdom,Western & Northern Europe,796,0,1,2,1,1,0,0,1,0,0,1,0,0,0,1,1,1,0,0,0,0,0,0,0,0,1,0,1,0,0,0,1,1,1,1,1,0,1,1,0,0,0,1,0,1,1,1,21.0,0,1,0,0,0,0,0,90,1,0,1,1,1,1,23.3,0,1,1,0,0.0,-1.4526601911986385,5.0,0,62.07,C,169,35.0
1038,Emory University,https://www.emory.edu,United States,North America,797,1,1,2,1,0,0,0,0,0,0,0,0,1,0,0,1,0,1,1,0,1,1,0,1,1,1,0,1,1,1,1,1,1,0,0,1,1,1,1,0,0,0,1,0,1,1,1,21.0,0,1,1,0,0,0,0,100,1,0,1,0,1,1,37.9,0,1,1,0,0.0,0.057968347025470636,3650.0,1,62.05,C,180,157.0
4080,Gifu University,https://www.gifu-u.ac.jp,Japan,Asia (East & Southeast),798,1,1,6,1,0,0,0,0,1,1,0,0,1,0,1,1,1,1,0,2,0,0,1,0,0,1,0,1,1,1,1,1,0,0,0,1,1,1,1,0,0,0,0,0,1,1,0,21.0,0,1,1,0,0,1,0,75,1,0,0,1,1,0,89.5,0,1,0,0,0.0,0.30931738819395105,4.0,0,62.02,C,91,27.0
6329,University of Zululand,https://www.unizulu.ac.za,South Africa,Latin America & Africa,799,1,1,7,1,1,0,0,0,1,0,1,1,4,1,0,1,1,1,0,1,1,1,1,0,0,1,1,1,1,0,1,1,1,0,1,1,1,0,1,1,0,0,0,0,1,1,0,8.21,0,1,0,0,0,0,0,90,1,0,1,0,1,0,55.2,0,1,0,0,0.0,0.8852582988264457,3650.0,1,61.98,C,71,18.0
3145,Alexandru Ioan Cuza University,https://www.uaic.ro,Romania,Eastern & Southern Europe,800,1,1,0,1,1,1,0,0,0,0,1,0,0,0,0,1,0,1,1,1,1,1,0,0,0,1,1,1,1,1,1,1,1,1,0,0,1,0,1,0,0,0,0,0,0,0,1,4.67,0,1,1,0,0,0,1,90,1,0,1,0,1,0,65.0,0,1,0,0,0.0,0.287974164954155,3650.0,1,61.89,C,131,
4197,University of Santo Tomas,https://www.ust.edu.ph,Philippines,Asia (East & Southeast),801,1,1,10,1,0,0,0,1,1,0,1,0,0,1,1,1,0,1,1,6,1,1,0,1,1,1,0,0,0,0,1,1,1,0,0,1,1,1,1,0,0,0,0,0,1,1,0,6.78,0,1,1,0,0,0,0,90,1,0,1,1,1,1,0.0,0,1,0,0,0.0,0.6586755115611932,4.0,0,61.88,C,92,
3125,Democritus University of Thrace,https://www.duth.gr,Greece,Eastern & Southern Europe,802,1,1,1,1,1,1,0,0,0,0,1,0,0,1,0,1,1,0,1,1,1,1,0,0,0,1,0,1,1,1,0,1,1,0,1,1,1,1,1,1,0,0,0,0,1,1,0,16.95,0,1,0,0,0,0,0,90,1,0,1,1,1,0,15.0,0,1,1,0,0.0,-0.4122687562086398,3650.0,1,61.87,C,132,
3132,Czech Technical University in Prague,https://www.cvut.cz,Czechia,Eastern & Southern Europe,803,1,1,2,0,1,0,0,0,0,0,1,0,0,1,0,1,0,1,1,2,1,1,0,0,0,1,0,1,1,1,1,1,1,0,1,1,1,1,1,0,0,0,0,0,1,1,1,1.41,0,1,1,0,0,0,0,75,1,0,1,1,1,0,6.7,0,1,0,0,0.0,-0.6129011613512158,3650.0,1,61.8,C,133,
3066,University of Cantabria,https://web.unican.es,Spain,Eastern & Southern Europe,804,1,1,5,1,1,0,0,0,0,0,1,0,0,0,0,1,0,1,0,0,0,0,0,0,0,1,0,1,1,1,1,1,1,0,0,0,0,1,1,1,0,0,0,1,0,1,0,7.59,0,1,0,0,0,0,0,75,1,0,1,1,0,0,92.6,0,1,0,0,0.0,-0.26304840488384873,3650.0,1,61.71,C,134,19.0
3302,University of Basilicata,https://www.unibas.it,Italy,Eastern & Southern Europe,805,1,1,5,1,1,0,0,0,0,0,0,0,0,1,0,0,0,1,0,0,0,0,0,0,1,1,0,0,1,1,0,0,1,1,0,0,1,0,1,1,0,1,1,0,0,1,1,21.0,0,1,1,0,0,0,0,75,1,2,0,1,1,0,100.0,0,1,0,0,1.0986122886681098,-0.712321683542403,3650.0,1,61.6,C,135,20.0
3108,ISCTE University Institute of Lisbon,https://www.iscte-iul.pt,Portugal,Eastern & Southern Europe,806,1,1,6,1,1,0,0,1,0,0,1,1,6,0,1,1,0,1,1,0,1,1,0,0,0,1,0,1,1,1,0,1,1,1,1,0,1,0,0,0,0,0,0,0,1,1,0,21.0,0,1,0,0,0,0,0,75,1,0,1,1,1,0,100.0,0,1,0,0,0.0,0.1935694528915323,228.0,0,61.44,C,136,
4309,Institute of Technology of Cambodia,https://www.itc.edu.kh,Other SE/E Asia,Asia (East & Southeast),807,1,1,9,1,0,0,0,0,0,0,0,0,0,0,0,1,0,1,1,2,1,0,0,0,0,1,1,1,1,0,1,1,1,1,1,0,1,0,1,0,0,0,1,0,0,1,1,10.35,0,1,1,0,0,0,0,90,1,0,1,0,1,1,95.6,0,1,0,0,0.0,0.7945258559147962,3650.0,1,61.35,C,93,
4178,Bina Nusantara University,https://www.binus.ac.id,Indonesia,Asia (East & Southeast),808,1,1,4,1,0,0,0,0,1,1,1,0,0,0,1,1,0,0,1,1,1,1,1,0,1,1,0,1,1,1,1,1,1,1,0,0,0,0,0,0,0,0,1,1,0,0,0,15.91,0,1,1,0,0,0,0,75,1,0,0,0,1,0,87.5,0,1,0,0,0.0,0.08055905353648046,8.0,0,61.19,C,94,
3191,Plovdiv University Paisii Hilendarski,https://www.uni-plovdiv.bg,Bulgaria & Slovakia,Eastern & Southern Europe,809,1,1,7,1,0,0,0,0,0,0,0,0,0,0,0,1,0,1,1,2,1,1,0,0,0,1,1,1,0,1,1,0,1,1,1,0,0,0,0,0,0,0,0,0,1,1,0,21.0,0,1,0,0,0,0,0,75,1,0,1,1,1,1,92.7,0,1,0,0,0.0,-0.5507409429722212,3650.0,1,61.02,C,137,
2118,Saxion University of Applied Sciences,https://www.saxion.edu,Netherlands,Western & Northern Europe,810,1,1,5,1,1,0,0,0,0,0,0,0,1,0,1,1,0,1,1,0,0,0,0,0,1,1,0,0,1,0,0,1,1,1,0,0,1,1,1,0,0,0,1,0,1,1,1,16.82,0,1,0,0,0,1,0,100,1,0,1,1,1,0,83.3,0,1,0,0,0.0,1.1133873148641624,0.0,0,61.0,C,170,16.0
4135,Chang Gung University,https://www.cgu.edu.tw,Taiwan,Asia (East & Southeast),811,1,1,6,1,0,0,0,0,0,0,1,0,0,1,0,1,1,1,0,0,1,1,0,0,0,1,0,1,1,0,1,1,1,0,1,0,1,0,1,1,0,0,1,1,1,1,1,15.43,0,1,1,0,0,0,0,75,1,0,1,0,1,0,90.0,0,1,0,0,0.0,-0.4060540706252441,3650.0,1,60.92,C,95,
2026,University of Reading,https://www.reading.ac.uk,United Kingdom,Western & Northern Europe,812,1,1,2,1,0,0,0,1,0,0,0,1,2,1,0,1,0,0,0,0,0,0,0,0,0,1,0,1,1,1,1,1,1,0,0,1,1,0,1,0,1,0,1,1,1,1,1,21.0,0,1,1,0,0,0,0,75,1,1,0,1,1,1,25.0,0,1,1,0,0.6931471805599453,-1.0957123619674496,3650.0,1,60.91,C,171,36.0
4137,Asia University Taiwan,https://www.asia.edu.tw,Taiwan,Asia (East & Southeast),813,1,1,3,1,1,0,0,1,0,0,1,1,10,1,1,1,1,1,0,0,0,1,0,0,0,1,0,1,1,0,1,1,0,0,1,1,1,0,1,1,1,0,0,1,1,1,0,18.58,0,1,0,0,0,1,0,50,1,1,1,1,1,0,81.1,0,1,0,0,0.6931471805599453,-0.3143500715564159,0.0,0,60.83,C,96,
2119,HAN University of Applied Sciences,https://www.han.nl,Netherlands,Western & Northern Europe,814,1,1,8,0,1,1,0,0,0,0,0,1,5,1,0,1,1,1,1,1,1,1,1,0,0,1,0,0,1,0,1,1,1,0,0,1,1,1,1,1,0,0,0,0,1,1,1,21.0,0,1,0,0,0,1,0,100,1,0,1,1,1,0,90.9,0,1,0,1,0.0,4.224798725778149,3650.0,1,60.75,C,172,17.0
6430,Federal University of Technology Owerri,https://www.futo.edu.ng,Sub-Saharan Africa,Latin America & Africa,815,1,1,12,0,0,0,0,0,0,0,0,1,6,0,1,1,0,1,1,2,1,1,1,1,0,1,0,1,1,0,1,1,0,0,1,1,1,0,1,1,0,1,1,0,1,0,1,19.9,0,1,0,1,0,0,0,75,1,0,1,0,1,1,63.6,0,1,0,0,0.0,-0.610745388262262,24.0,0,60.64,C,72,
4061,Tokyo Institute of Technology,https://www.titech.ac.jp,Japan,Asia (East & Southeast),816,1,1,6,1,1,0,0,0,0,0,1,0,0,0,1,1,1,1,1,1,1,1,1,0,0,1,0,1,1,1,1,1,0,0,0,0,1,0,1,0,0,0,0,1,1,1,1,12.63,0,1,1,0,0,0,0,90,1,0,1,1,1,0,70.5,0,1,1,0,0.0,-1.794657295037258,657.0,0,60.58,C,97,28.0
6308,Federal University of Rio Grande,https://www.furg.br,Brazil,Latin America & Africa,817,1,1,10,1,1,1,0,0,0,0,0,0,0,0,0,1,1,1,0,0,1,1,0,0,0,1,0,1,1,0,0,1,1,1,1,0,0,1,1,1,0,0,0,1,0,1,0,12.81,0,1,1,0,0,0,0,75,1,10,1,1,1,0,66.7,0,1,1,0,2.3978952727983707,-0.7309361785345991,3650.0,1,60.58,C,73,5.0
4310,National University of Laos,https://www.nuol.edu.la,Other SE/E Asia,Asia (East & Southeast),818,1,1,10,0,1,0,0,0,0,0,1,0,0,0,1,1,0,1,1,0,1,1,0,0,0,1,0,1,1,1,1,1,1,1,1,0,1,0,0,0,0,0,1,0,1,1,0,15.43,0,1,1,0,0,0,0,75,1,2,1,0,0,1,30.3,0,0,0,0,1.0986122886681098,-0.3211726885549722,187.0,0,60.41,C,98,
2153,Technical University of Denmark,https://www.dtu.dk,Denmark,Western & Northern Europe,819,0,1,7,1,1,0,0,0,1,1,0,1,3,0,0,1,1,0,0,10,1,1,0,0,1,0,0,0,0,1,0,1,1,0,1,1,1,0,1,1,0,0,1,0,1,1,1,21.0,0,0,0,0,0,0,0,90,1,0,1,1,0,0,40.0,0,1,0,0,0.0,0.5306796833135191,3650.0,1,60.31,C,173,
2145,OsloMet,https://www.oslomet.no,Norway,Western & Northern Europe,820,1,1,7,1,1,0,0,0,0,0,0,0,1,0,0,1,0,1,0,0,1,1,0,0,0,1,0,0,0,0,1,1,1,1,1,1,1,0,1,0,0,0,0,0,0,1,0,15.91,0,1,0,0,0,0,1,90,1,0,0,1,1,0,100.0,0,1,0,0,0.0,0.011262393766503094,3650.0,1,60.28,C,174,
1063,Northeastern University,https://www.northeastern.edu,United States,North America,821,1,1,20,1,0,0,0,0,0,0,0,0,0,0,0,1,0,1,1,0,1,0,0,1,1,1,0,1,1,1,1,1,1,0,1,1,1,0,0,0,0,0,0,0,1,1,0,9.93,0,1,0,1,0,0,0,90,1,2,1,0,1,1,46.7,0,1,1,0,1.0986122886681098,-0.13179341908626907,3650.0,1,60.25,C,181,158.0
4157,International Islamic University Malaysia,https://www.iium.edu.my,Malaysia,Asia (East & Southeast),822,1,1,9,1,0,0,0,0,0,0,1,0,0,0,1,1,1,1,0,0,1,0,0,0,0,1,0,1,1,0,1,1,0,1,1,0,1,0,1,0,0,0,1,1,0,1,1,21.0,0,1,1,0,0,1,0,90,1,0,1,0,1,0,26.3,0,1,1,0,0.0,0.49232405591992723,0.0,0,60.23,C,99,
2194,University College Dublin,https://www.ucd.ie,Belgium/Ireland/Iceland,Western & Northern Europe,823,1,1,4,1,0,0,1,1,0,0,1,0,0,0,0,1,0,0,1,2,1,1,0,0,0,1,0,0,1,1,1,1,1,0,1,1,1,0,0,0,0,0,1,0,1,1,1,14.78,0,1,0,0,0,0,1,100,1,0,1,1,1,1,100.0,0,1,1,0,0.0,0.43053059807406174,3650.0,1,60.15,C,175,
3115,Polytechnic Institute of Lisbon,https://www.ipl.pt,Portugal,Eastern & Southern Europe,824,1,1,1,1,1,0,0,0,0,0,1,1,10,0,1,1,0,1,1,3,1,1,1,0,0,1,0,1,1,0,1,1,1,0,0,0,1,0,1,1,0,0,1,0,1,1,1,7.13,0,1,1,0,0,0,0,75,1,0,1,0,1,0,94.4,0,1,0,0,0.0,-0.31499786692969417,28.0,0,60.09,C,138,
4044,Nanchang University,https://www.ncu.edu.cn,China,Asia (East & Southeast),825,1,1,8,0,0,0,0,0,0,0,1,0,0,0,1,1,0,1,1,0,0,0,0,0,1,1,0,1,1,1,0,1,1,0,1,1,0,0,1,0,0,1,1,0,1,1,0,21.0,0,1,1,0,0,0,0,75,0,0,1,0,1,0,0.0,0,0,0,0,0.0,0.7152630996080411,33.0,0,60.0,C,100,4.0
2107,Wageningen University & Research,https://www.wur.nl,Netherlands,Western & Northern Europe,826,0,1,6,1,1,0,0,0,0,0,0,0,0,0,0,1,0,1,1,0,1,1,1,0,1,1,0,0,1,0,1,1,1,0,1,1,1,1,1,0,0,0,0,0,0,1,1,19.42,0,1,0,0,0,0,0,80,1,0,1,1,1,0,11.1,0,1,1,0,0.0,0.3922169044473446,3650.0,1,59.58,C,176,18.0
4122,Gachon University,https://www.gachon.ac.kr,South Korea,Asia (East & Southeast),827,1,1,6,0,0,0,0,0,1,1,0,1,4,0,0,1,0,1,0,0,0,0,1,0,1,1,0,1,1,1,1,1,1,1,0,0,0,0,0,0,1,0,0,1,1,1,0,12.63,0,1,0,0,0,1,0,75,1,0,0,1,1,1,16.7,0,1,0,0,0.0,-0.6303977707542369,3650.0,1,59.48,C,101,13.0
3018,University of Palermo,https://www.unipa.it,Italy,Eastern & Southern Europe,828,1,1,3,0,0,1,0,1,1,1,0,0,0,0,0,1,0,1,1,0,0,0,0,0,0,1,1,0,1,0,1,1,1,1,0,0,0,1,1,1,1,0,1,0,0,1,1,12.63,0,1,1,1,0,0,0,75,1,0,1,1,1,0,100.0,0,1,0,0,0.0,-0.05399660416832528,3650.0,1,59.34,C,139,21.0
2161,UCL University College,https://www.ucl.dk,Denmark,Western & Northern Europe,829,1,1,7,0,1,0,0,0,0,0,0,1,10,0,1,1,0,1,1,0,1,1,1,0,0,1,0,0,0,0,0,1,1,0,1,1,0,1,1,0,0,0,1,0,1,1,1,15.43,0,1,1,1,0,1,0,100,1,0,1,0,1,1,73.8,0,1,0,0,0.0,0.8917498719855573,0.0,0,59.18,C,177,
4106,UNIST,https://www.unist.ac.kr,South Korea,Asia (East & Southeast),830,1,1,3,1,1,0,0,0,0,0,1,1,10,0,1,1,0,1,0,0,0,0,0,1,1,1,0,1,1,0,1,1,1,1,0,0,0,1,0,0,0,0,1,1,1,1,1,21.0,0,1,1,0,0,1,0,75,1,0,1,0,1,1,11.2,0,1,0,0,0.0,0.22584066256455823,44.0,0,59.04,C,102,14.0
6081,University of Chile,https://www.uchile.cl,Chile,Latin America & Africa,831,1,1,7,1,1,0,0,0,1,0,1,0,0,0,0,0,1,0,0,0,0,0,0,0,0,1,0,1,1,1,1,1,1,0,1,0,0,0,1,0,0,0,1,0,1,1,1,21.0,0,1,1,0,0,0,0,75,1,0,1,1,1,1,40.0,0,1,0,0,0.0,1.5191700514880146,3650.0,1,58.94,C,74,
3089,Medical University of Warsaw,https://www.wum.edu.pl,Poland,Eastern & Southern Europe,832,1,1,6,1,1,0,0,0,1,2,0,1,10,0,0,1,1,1,1,0,1,1,1,1,0,1,0,1,1,0,1,1,1,0,1,0,1,1,0,1,0,0,1,0,1,1,1,14.16,0,1,1,0,0,0,0,75,1,0,0,1,1,0,100.0,0,1,1,0,0.0,0.20736293074508438,3650.0,1,58.58,C,140,19.0
3098,Rzeszow University of Technology,https://www.prz.edu.pl,Poland,Eastern & Southern Europe,833,1,1,4,1,0,0,0,0,0,0,0,0,0,0,0,1,0,0,0,0,1,1,0,0,0,1,0,1,1,1,1,1,1,0,1,0,0,0,1,1,0,0,1,1,0,1,1,21.0,0,1,1,0,0,0,0,75,1,2,1,0,1,0,78.6,0,1,1,0,1.0986122886681098,0.5697552125338624,3650.0,1,58.46,C,141,20.0
6350,Felix Houphouet-Boigny University,https://www.univ-fhb.edu.ci,Sub-Saharan Africa,Latin America & Africa,834,1,1,6,1,0,0,0,0,0,0,0,0,0,1,1,1,1,0,1,0,1,1,1,1,0,1,0,1,1,1,1,1,1,1,0,0,1,0,0,0,0,0,0,0,1,1,0,12.63,0,1,0,0,0,0,0,90,1,1,1,0,1,1,17.6,0,1,0,0,0.6931471805599453,-1.0708923927938123,454.0,0,58.37,C,75,
1002,Massachusetts Institute of Technology,https://www.mit.edu,United States,North America,835,0,1,11,1,0,0,0,0,0,0,0,0,0,0,1,1,0,1,1,1,1,1,0,1,0,0,0,1,1,0,1,1,0,1,0,1,1,0,1,0,0,0,0,0,0,1,1,21.0,0,0,0,0,0,1,0,75,1,0,1,0,1,1,100.0,0,1,1,0,0.0,-1.8156183480777752,0.0,0,58.17,C,182,159.0
6021,Federal University of Espirito Santo,https://www.ufes.br,Brazil,Latin America & Africa,836,1,1,7,1,1,1,0,1,0,0,0,0,0,0,0,0,0,1,0,0,0,0,0,0,0,1,0,1,1,0,1,1,1,1,1,0,0,0,1,0,0,0,0,0,1,0,0,21.0,0,1,0,0,0,0,0,75,1,0,1,0,1,0,52.9,0,1,1,0,0.0,-0.983939895747314,3650.0,1,58.13,C,76,6.0
2165,Design School Kolding,https://www.designskolenkolding.dk,Denmark,Western & Northern Europe,837,1,1,5,1,1,0,0,0,0,0,0,1,4,0,1,1,0,0,1,0,1,1,1,0,1,1,0,1,1,0,1,1,1,0,0,1,1,0,1,0,0,0,1,0,0,1,1,21.0,0,1,0,0,0,1,0,75,1,0,1,1,1,1,95.7,0,1,0,0,0.0,0.40191657371993106,6.0,0,58.13,C,178,
2070,University of Duisburg-Essen,https://www.uni-due.de,Germany,Western & Northern Europe,838,1,1,7,0,1,0,0,0,0,0,0,1,3,0,1,1,1,1,1,0,1,1,1,0,0,1,0,1,1,0,0,1,1,0,0,1,1,1,1,1,0,0,1,0,1,1,1,21.0,0,1,1,0,0,0,0,75,1,0,1,0,1,0,71.4,0,1,1,0,0.0,0.9004795743308857,4.0,0,58.02,C,179,29.0
2136,University of Oslo,https://www.uio.no,Norway,Western & Northern Europe,839,1,1,1,1,1,0,0,0,1,1,1,0,0,0,1,1,0,0,0,17,1,1,1,0,0,0,0,0,1,0,1,1,1,0,1,0,0,0,1,1,0,0,1,0,0,1,0,21.0,0,0,0,0,0,0,0,75,1,0,1,1,1,0,100.0,0,1,1,0,0.0,-0.7133029008957203,0.0,0,57.93,C,180,
6130,Hassan II University of Casablanca,https://www.univh2c.ma,Egypt & North Africa,Latin America & Africa,840,1,1,3,1,1,0,0,0,1,1,0,1,10,0,1,1,0,1,0,1,1,1,0,1,0,1,0,1,1,0,0,1,1,1,1,1,0,0,1,1,0,0,1,0,1,1,1,21.0,0,1,1,0,0,0,0,75,1,0,0,0,1,0,23.7,0,1,0,0,0.0,1.1895920384891898,957.0,0,57.92,C,77,
6339,Mekelle University,https://www.mu.edu.et,Sub-Saharan Africa,Latin America & Africa,841,1,1,6,1,0,0,0,1,0,0,1,0,0,1,1,1,0,0,1,0,0,0,0,0,0,0,0,0,1,0,1,1,1,0,1,0,1,0,1,1,0,0,0,0,1,1,0,15.33,0,0,1,0,0,0,0,90,1,21,1,1,1,1,100.0,0,1,0,0,3.091042453358316,-1.2093151582533188,7.0,0,57.83,C,78,
5049,Christ University,https://www.christuniversity.in,India,South & Central Asia + Oceania,842,1,1,2,1,1,0,0,0,0,0,0,0,0,1,0,1,0,0,1,0,1,0,0,1,0,1,0,1,1,0,1,1,1,1,1,0,1,1,1,0,0,0,0,0,1,1,1,12.63,0,1,1,0,0,0,0,75,1,0,0,1,1,1,100.0,0,1,1,0,0.0,0.4039815262459873,3650.0,1,57.44,C,159,66.0
2170,University of Oulu,https://www.oulu.fi,Finland,Western & Northern Europe,843,1,1,2,1,1,0,0,1,0,0,0,1,2,1,1,1,0,1,0,0,0,0,1,0,0,1,0,0,1,1,0,1,0,0,1,1,1,1,1,0,0,0,1,0,0,1,1,15.92,0,1,1,0,0,1,0,75,1,0,1,1,1,0,13.3,0,1,0,0,0.0,-0.5939969688429044,8.0,0,57.41,C,181,
5329,Kabul University,https://www.ku.edu.af,Central Asia,South & Central Asia + Oceania,844,1,1,2,1,0,0,0,0,0,0,1,0,0,1,1,1,0,0,1,0,1,1,0,0,0,1,1,1,1,1,1,1,1,0,0,1,0,1,0,0,0,0,0,0,1,1,0,11.37,0,1,1,0,0,0,0,75,1,2,1,0,1,1,43.3,0,1,0,0,1.0986122886681098,0.43836248910692394,0.0,0,57.26,C,160,
2175,University of Vaasa,https://www.uwasa.fi,Finland,Western & Northern Europe,845,1,1,9,1,1,0,0,1,1,2,0,1,10,1,1,1,0,1,0,8,1,0,1,0,0,1,0,0,1,0,0,1,0,0,1,1,1,1,1,0,0,0,1,0,0,1,1,21.0,0,1,1,0,0,0,0,100,1,0,1,0,1,0,100.0,0,1,0,0,0.0,0.9157565534352093,0.0,0,57.14,C,182,
5147,Federation University Australia,https://www.federation.edu.au,Australia,South & Central Asia + Oceania,846,1,1,0,0,0,0,0,1,0,0,0,0,0,0,0,0,0,1,0,0,1,1,0,0,0,1,0,1,1,0,1,1,1,1,1,1,0,1,1,0,0,0,1,0,1,1,1,21.0,0,1,1,1,0,0,0,100,1,0,1,1,1,1,50.0,0,1,1,0,0.0,-0.5357104776356365,3650.0,1,57.05,C,161,31.0
3030,University of Calabria,https://www.unical.it,Italy,Eastern & Southern Europe,847,1,1,7,1,0,0,0,0,0,0,1,0,0,0,1,0,0,1,0,0,1,1,1,1,0,1,0,1,0,0,1,1,1,0,0,0,1,0,1,1,0,0,1,0,1,1,1,17.4,0,1,0,0,0,0,0,100,1,7,1,1,1,0,100.0,0,1,0,0,2.0794415416798357,-1.4387184718041406,0.0,0,57.05,C,142,22.0
6120,Alexandria University,https://www.alexu.edu.eg,Egypt & North Africa,Latin America & Africa,848,1,1,9,0,1,0,0,1,1,1,1,1,10,0,0,1,0,0,1,1,1,1,0,0,1,1,0,1,1,0,1,1,1,1,1,0,1,1,1,0,0,0,1,0,1,1,1,15.43,0,1,1,0,0,0,0,75,1,2,1,1,1,1,77.8,0,1,0,0,1.0986122886681098,0.802513180669294,3650.0,1,57.03,C,79,
5160,University of Kelaniya,https://www.kln.ac.lk,Sri Lanka,South & Central Asia + Oceania,849,1,1,14,1,0,0,0,1,0,0,0,0,0,1,0,1,0,0,1,0,0,0,0,0,0,1,0,1,1,1,1,1,1,0,1,1,0,0,1,1,0,0,0,0,0,0,0,21.0,0,1,1,0,0,0,0,55,1,0,1,0,1,0,0.0,0,1,0,0,0.0,-0.6975128289195714,3650.0,1,56.96,C,162,
2186,KU Leuven,https://www.kuleuven.be,Belgium/Ireland/Iceland,Western & Northern Europe,850,1,1,2,1,1,0,0,0,0,0,1,0,0,0,0,1,0,1,1,0,0,0,1,0,0,1,0,0,0,1,0,1,1,0,0,1,1,1,1,1,0,0,0,0,1,1,0,12.63,0,1,0,0,0,0,0,75,1,0,1,1,1,0,100.0,0,1,1,0,0.0,-0.1567843763810607,3650.0,1,56.83,C,183,
3117,Aristotle University of Thessaloniki,https://www.auth.gr,Greece,Eastern & Southern Europe,851,1,1,0,0,1,0,0,0,0,0,0,0,1,1,1,1,0,0,1,5,1,1,1,0,0,1,0,1,0,1,1,0,1,0,0,0,0,1,1,0,0,0,0,0,1,1,1,12.63,0,1,1,0,0,1,0,90,1,0,1,0,1,0,77.8,0,1,0,0,0.0,0.9710200228190147,0.0,0,56.76,C,143,
5142,Bond University,https://www.bond.edu.au,Australia,South & Central Asia + Oceania,852,1,1,0,1,1,0,0,1,0,0,0,0,1,1,0,0,0,1,0,0,0,0,0,0,1,1,0,1,1,0,1,1,1,0,1,1,1,1,1,1,0,0,0,0,0,1,1,17.06,0,1,0,0,0,0,1,100,1,0,1,1,1,1,75.0,0,1,0,0,0.0,-0.10244516840705364,3650.0,1,56.7,C,163,32.0
1049,"University of Maryland, College Park",https://umd.edu,United States,North America,853,1,1,0,0,0,0,0,1,0,0,0,1,3,0,0,1,1,1,1,0,0,0,0,1,1,1,0,1,1,1,1,1,1,0,0,0,0,1,1,1,0,0,1,0,0,1,0,21.0,0,1,1,1,0,0,0,75,1,0,1,1,1,1,100.0,0,1,0,0,0.0,-0.2960740746830042,3650.0,1,56.67,C,183,160.0
3314,University of Zagreb Faculty,https://www.pmf.unizg.hr,Balkans,Eastern & Southern Europe,854,1,1,6,1,0,0,0,0,0,0,0,1,4,0,0,1,0,1,1,0,1,1,0,0,1,1,0,1,1,0,1,1,1,0,0,0,0,0,1,0,0,1,0,0,1,1,0,14.99,0,1,0,0,0,0,0,75,1,0,1,0,1,0,28.6,0,1,1,0,0.0,-0.5693710948783175,3650.0,1,56.65,C,144,
2068,Ruhr University Bochum,https://www.ruhr-uni-bochum.de,Germany,Western & Northern Europe,855,1,1,2,0,1,0,0,1,0,0,1,1,8,0,0,1,1,1,1,1,1,1,0,1,1,1,0,1,1,0,1,1,1,0,0,1,1,1,1,0,0,0,1,0,0,1,1,8.28,0,1,1,0,0,0,1,100,1,0,1,1,1,0,100.0,0,1,1,0,0.0,0.9021770164535883,3650.0,1,56.4,C,184,30.0
4086,Mie University,https://www.mie-u.ac.jp,Japan,Asia (East & Southeast),856,1,1,5,1,0,0,0,0,0,0,1,1,10,0,0,1,0,1,1,0,1,0,1,0,0,1,0,1,1,1,1,1,0,1,0,0,0,0,1,0,0,0,1,1,1,1,1,21.0,0,1,1,0,0,0,0,100,1,1,0,1,1,0,2.6,0,1,0,0,0.6931471805599453,-0.22706070701606526,3650.0,1,56.35,C,103,29.0
5097,University of Rajshahi,https://www.ru.ac.bd,Bangladesh,South & Central Asia + Oceania,857,1,1,9,0,0,0,0,0,0,0,0,1,7,1,0,1,0,1,1,0,0,0,1,0,0,1,0,1,1,0,1,1,1,0,1,0,1,0,1,1,0,0,0,1,1,1,1,12.63,0,1,1,0,0,0,0,90,1,0,1,0,1,1,5.9,0,1,0,0,0.0,-1.1658108728168814,3650.0,1,56.15,C,164,19.0
6317,National University of San Luis,https://www.unsl.edu.ar,Argentina,Latin America & Africa,858,1,1,6,1,0,0,0,0,0,0,1,1,9,1,0,1,1,0,1,0,1,1,0,1,0,1,0,0,0,1,1,0,0,1,1,0,1,0,1,0,0,0,1,1,0,1,1,13.06,0,1,1,0,0,0,0,75,1,0,1,1,1,0,98.6,0,1,0,0,0.0,-0.4486210550594358,3650.0,1,56.05,C,80,
4162,Universiti Malaysia Sarawak,https://www.unimas.my,Malaysia,Asia (East & Southeast),859,1,1,6,0,0,0,0,0,0,0,1,1,4,0,1,0,0,1,0,0,0,0,0,1,0,1,0,1,1,1,1,1,1,0,0,0,0,0,0,0,0,0,0,1,1,0,0,15.33,0,0,1,0,0,0,0,75,1,0,1,1,1,1,100.0,0,1,1,0,0.0,-0.3534797866951938,167.0,0,55.44,C,104,
6053,Veracruzana University,https://www.uv.mx,Mexico,Latin America & Africa,860,1,1,9,1,1,0,0,0,0,0,0,0,1,0,0,0,0,1,0,0,0,1,0,0,0,1,0,0,1,1,0,1,1,0,0,0,0,0,1,0,1,0,0,0,1,1,0,15.43,0,1,0,0,0,0,0,75,1,0,1,1,1,1,100.0,0,1,0,0,0.0,-0.86585279491965,3650.0,1,55.24,C,81,
4087,Shizuoka University,https://www.shizuoka.ac.jp,Japan,Asia (East & Southeast),861,1,1,6,0,0,0,0,0,0,0,1,1,4,0,1,1,0,1,1,0,1,1,0,0,0,1,0,1,1,1,1,1,0,1,1,0,1,0,0,1,0,0,1,0,1,0,1,12.09,0,1,1,0,0,0,0,75,1,1,0,1,0,0,8.4,0,1,0,0,0.6931471805599453,-0.6707314771280541,102.0,0,55.03,C,105,30.0
2035,University of East Anglia,https://www.uea.ac.uk,United Kingdom,Western & Northern Europe,862,1,1,0,1,0,0,0,1,0,0,1,0,0,0,0,1,0,0,1,0,1,1,0,1,0,1,0,0,1,0,1,1,1,1,0,1,1,1,1,0,0,0,1,0,1,1,1,20.29,0,1,0,0,0,0,1,90,1,0,1,1,1,1,100.0,0,1,1,0,0.0,-0.9068113028838243,3650.0,1,54.98,C,185,37.0
3118,National Technical University of Athens,https://www.ntua.gr,Greece,Eastern & Southern Europe,863,1,1,6,0,1,0,0,0,0,0,0,0,0,0,0,1,0,1,0,0,1,1,0,0,0,1,0,1,0,1,0,1,1,0,1,0,0,0,1,0,0,0,1,0,1,1,1,9.01,0,1,0,0,0,0,0,90,1,0,0,0,1,0,73.8,0,1,0,0,0.0,0.8703455480956861,3650.0,1,54.89,C,145,
2124,KTH Royal Institute of Technology,https://www.kth.se,Sweden,Western & Northern Europe,864,1,1,3,1,1,0,1,1,0,0,0,0,0,0,0,1,0,1,1,0,1,1,0,0,0,1,0,0,0,0,0,1,1,0,1,1,1,0,1,1,0,0,1,0,0,0,1,15.69,0,0,1,0,0,0,0,75,1,0,1,1,1,0,93.8,0,1,1,0,0.0,-0.3597499559099365,3650.0,1,54.86,C,186,
2065,Friedrich Schiller University Jena,https://www.uni-jena.de,Germany,Western & Northern Europe,865,0,1,6,0,1,0,0,1,1,0,1,1,6,0,1,1,0,0,1,1,1,1,1,0,1,1,0,0,0,0,0,1,1,0,0,1,0,1,1,1,0,0,0,0,0,1,1,21.0,0,1,0,0,0,1,0,100,1,0,1,1,1,0,100.0,0,1,1,0,0.0,-0.9458524717059855,0.0,0,54.77,C,187,31.0
6089,University of La Frontera,https://www.ufro.cl,Chile,Latin America & Africa,866,1,1,9,1,0,0,0,0,1,1,0,1,10,0,0,1,1,1,0,1,1,1,0,1,0,1,0,0,0,1,1,1,1,0,0,0,0,0,0,0,0,0,0,0,0,1,0,21.0,0,1,0,0,0,0,0,90,1,0,1,0,1,1,7.4,0,1,0,0,0.0,1.22353156152992,3650.0,1,54.69,C,82,
3001,Sapienza University of Rome,https://www.uniroma1.it,Italy,Eastern & Southern Europe,867,1,1,6,1,1,0,1,1,0,0,1,0,0,0,1,1,0,0,0,2,1,1,1,0,0,1,0,1,0,0,0,1,1,1,0,0,0,0,0,1,0,0,1,0,1,1,1,21.0,0,1,1,0,0,0,0,90,1,0,1,1,0,1,100.0,0,1,0,0,0.0,-1.468813332575527,3.0,0,54.67,C,146,23.0
2103,Utrecht University,https://www.uu.nl,Netherlands,Western & Northern Europe,868,1,1,5,1,1,0,0,0,0,0,0,0,0,0,0,1,0,0,1,0,0,0,0,0,0,1,0,1,1,0,1,1,1,0,1,1,1,0,1,1,0,0,0,0,0,1,0,10.37,0,1,1,0,0,0,0,100,1,0,1,1,1,0,33.3,0,1,0,0,0.0,-1.327291965850456,3650.0,1,54.65,C,188,19.0
2163,University College Absalon,https://phabsalon.dk,Denmark,Western & Northern Europe,869,1,1,7,1,1,0,0,0,0,0,0,1,3,0,0,1,0,1,0,0,1,1,1,0,1,1,0,0,1,0,1,1,1,0,0,1,0,0,1,0,0,0,1,0,0,1,1,9.54,0,1,1,0,0,0,0,75,1,0,1,0,1,1,100.0,0,1,0,0,0.0,0.7867509521098067,3650.0,1,54.3,C,189,
3100,Kazimierz Wielki University,https://www.ukw.edu.pl,Poland,Eastern & Southern Europe,870,1,1,3,1,0,0,0,0,0,0,0,1,3,0,1,1,0,0,0,0,1,1,1,0,0,1,0,0,1,0,1,1,1,1,0,0,0,0,1,0,0,0,1,0,0,0,0,21.0,0,1,1,0,0,0,0,75,1,0,1,1,1,0,94.7,0,1,0,0,0.0,1.3043922602925275,7.0,0,54.04,C,147,21.0
1098,University of Arkansas,https://www.uark.edu,United States,North America,871,1,1,1,1,0,0,0,1,1,0,1,1,7,0,0,1,0,1,1,2,1,1,0,0,1,1,0,1,1,0,1,1,0,1,1,1,1,0,1,0,0,0,1,0,1,1,1,15.43,0,1,1,0,0,0,1,90,1,1,1,0,1,1,77.8,0,1,1,0,0.6931471805599453,0.2779759841550202,3650.0,1,54.02,C,184,161.0
5047,Tata Institute of Fundamental Research,https://www.tifr.res.in,India,South & Central Asia + Oceania,872,1,1,1,0,0,0,0,0,0,0,1,0,0,0,0,1,0,1,0,0,0,0,0,0,0,1,0,1,1,0,1,1,1,0,0,1,1,1,1,0,0,0,1,1,1,1,1,17.04,0,1,1,1,0,0,0,75,1,0,0,1,1,1,100.0,0,1,1,0,0.0,0.4328224287407068,3650.0,1,53.87,C,165,67.0
3187,University of Kragujevac,https://www.kg.ac.rs,Balkans,Eastern & Southern Europe,873,0,1,0,0,1,0,0,0,0,0,1,0,0,0,1,0,0,1,0,0,1,1,0,1,0,1,0,0,0,0,1,1,1,1,0,0,1,0,0,0,0,1,0,0,0,0,0,21.0,0,1,0,0,0,0,0,75,1,0,0,1,1,0,100.0,0,1,0,0,0.0,-1.1547877913121913,0.0,0,53.73,C,148,
2050,University of Freiburg,https://uni-freiburg.de,Germany,Western & Northern Europe,874,1,1,7,1,1,0,0,1,0,0,0,0,1,0,0,1,0,1,0,0,1,1,0,0,1,1,0,0,0,0,1,1,1,0,0,0,0,1,1,0,0,0,1,0,0,1,1,14.35,0,1,0,0,0,0,0,90,1,0,1,0,1,0,71.2,0,1,1,0,0.0,0.43344049885583785,3650.0,1,53.61,C,190,32.0
4311,Universiti Malaysia Terengganu,https://www.umt.edu.my,Malaysia,Asia (East & Southeast),875,1,1,0,0,1,0,0,1,0,0,1,0,0,0,0,1,0,1,0,1,1,1,0,1,0,1,0,1,1,0,1,1,1,0,0,1,1,0,1,0,0,1,1,0,0,1,1,21.0,0,1,1,0,0,0,0,90,1,0,1,0,1,0,0.0,0,1,0,0,0.0,1.5311678265530193,3650.0,1,53.42,C,106,
2041,Ludwig Maximilian University of Munich,https://www.lmu.de,Germany,Western & Northern Europe,876,1,1,3,1,0,0,0,1,0,0,0,1,3,0,0,1,0,1,0,2,0,0,0,0,0,0,0,0,0,0,0,1,1,0,0,1,0,0,1,0,0,0,1,1,1,1,1,21.0,0,0,1,0,0,0,0,90,1,0,1,1,1,1,85.7,0,1,1,0,0.0,-0.7351271567590404,3650.0,1,53.39,C,191,33.0
3051,University of the Basque Country,https://www.ehu.eus,Spain,Eastern & Southern Europe,877,1,1,1,1,1,1,0,0,0,0,0,1,7,0,0,1,0,0,1,0,1,1,1,0,0,1,0,1,1,0,1,1,1,1,0,0,0,1,1,1,0,0,0,1,0,1,0,19.95,0,1,1,0,0,1,0,75,1,0,1,0,1,0,84.6,0,1,1,0,0.0,0.40262125360705575,3650.0,1,53.22,C,149,20.0
3146,Politehnica University of Bucharest,https://www.upb.ro,Romania,Eastern & Southern Europe,878,1,1,1,1,1,0,0,0,0,0,0,0,0,0,0,1,0,0,0,1,1,1,0,0,1,1,0,1,1,1,1,1,1,0,0,1,1,0,1,0,0,0,0,0,1,1,0,3.09,0,1,1,0,0,0,1,90,1,0,1,0,1,1,55.6,0,1,0,0,0.0,0.4771418612314409,3650.0,1,53.05,C,150,
1123,University of Rhode Island,https://www.uri.edu,United States,North America,879,1,1,1,1,0,0,0,1,0,0,0,0,0,0,0,1,0,1,1,0,1,1,0,1,1,1,1,1,1,0,1,1,1,0,1,0,1,0,0,0,0,0,0,0,1,1,1,20.12,0,1,1,0,0,0,0,90,1,0,1,1,1,1,42.1,0,1,1,0,0.0,-0.31223282769251903,3650.0,1,52.1,C,185,162.0
4132,Taipei Medical University,https://www.tmu.edu.tw,Taiwan,Asia (East & Southeast),880,1,1,5,1,0,0,1,1,0,0,1,0,0,0,0,1,0,1,1,1,1,1,0,0,0,1,0,1,1,1,1,1,0,0,0,0,1,0,1,1,0,0,0,1,0,0,0,15.43,0,1,1,0,0,1,0,55,1,0,0,1,0,0,100.0,0,1,0,0,0.0,-0.43896316438298544,3650.0,1,52.05,C,107,
2159,VIA University College,https://www.via.dk,Denmark,Western & Northern Europe,881,1,1,6,0,1,0,0,1,0,0,0,1,5,0,0,1,0,0,1,0,1,1,1,0,0,1,0,0,0,0,1,1,1,0,1,1,1,0,1,1,0,0,0,0,0,1,1,12.08,0,1,0,1,0,1,0,75,1,0,1,1,1,0,85.7,0,1,0,0,0.0,0.07140034325654067,3650.0,1,51.91,C,192,
3200,Tallinn University of Technology,https://www.taltech.ee,Baltics,Eastern & Southern Europe,882,1,1,6,0,1,0,0,0,0,0,0,1,10,0,1,0,0,1,0,9,1,1,1,0,0,1,0,0,1,0,0,1,1,0,0,0,0,1,0,0,0,0,1,0,1,1,1,15.91,0,1,1,0,0,1,0,100,1,0,1,1,1,1,71.9,0,1,0,0,0.0,-1.0066422564435213,0.0,0,51.83,C,151,
3035,University of Sassari,https://www.uniss.it,Italy,Eastern & Southern Europe,883,1,1,5,1,1,0,0,0,1,0,0,0,0,0,0,1,0,1,0,0,1,1,1,1,0,1,0,1,0,0,0,1,1,0,0,0,1,0,1,0,0,0,1,1,0,1,1,12.63,0,1,1,1,0,0,0,75,1,0,1,1,1,0,100.0,0,1,1,0,0.0,2.2536343271233403,3650.0,1,51.77,C,152,24.0
4076,Yokohama National University,https://www.ynu.ac.jp,Japan,Asia (East & Southeast),884,1,1,5,1,1,0,0,0,0,0,0,0,0,1,0,1,0,1,0,0,1,1,0,0,1,1,0,1,1,0,1,1,1,0,0,0,1,0,1,0,0,0,0,0,1,1,1,12.63,0,1,1,0,0,0,0,75,1,3,0,1,1,0,5.6,0,0,0,0,1.3862943611198906,-0.2950862117957868,3650.0,1,51.51,C,108,31.0
3310,University of Zielona Gora,https://www.uz.zgora.pl,Poland,Eastern & Southern Europe,885,1,1,20,0,0,0,0,0,0,0,1,1,6,0,0,1,0,0,1,1,1,1,1,0,0,1,0,0,1,1,0,1,1,0,1,0,0,0,1,0,0,0,1,1,0,1,0,21.0,0,1,1,0,0,0,0,75,1,0,1,0,1,0,60.6,0,1,1,0,0.0,-0.43537731001524,3650.0,1,51.3,C,153,22.0
4040,Wuhan University of Technology,https://www.whut.edu.cn,China,Asia (East & Southeast),886,1,1,11,1,0,0,0,0,0,0,1,1,10,0,0,1,0,1,1,0,1,0,0,0,0,1,0,1,1,1,1,1,0,0,1,0,0,0,1,0,0,0,1,0,1,0,1,10.7,0,1,0,0,0,0,0,75,0,2,0,1,0,0,15.2,0,1,0,0,1.0986122886681098,-0.16585781923489995,3650.0,1,51.24,C,109,5.0
6031,Pontifical Catholic University of Rio Grande do Sul,https://www.pucrs.br,Brazil,Latin America & Africa,887,1,1,6,0,1,0,0,1,0,0,1,0,0,0,1,1,0,0,1,0,0,0,1,1,0,1,0,1,1,0,0,1,1,1,1,0,1,0,1,0,0,0,1,0,1,1,1,5.74,0,1,1,0,0,0,0,90,1,25,1,1,1,1,25.0,0,1,0,0,3.258096538021482,-0.895304447145077,265.0,0,51.15,C,83,7.0
4083,Yamaguchi University,https://www.yamaguchi-u.ac.jp,Japan,Asia (East & Southeast),888,1,1,2,1,1,0,0,0,0,0,0,0,0,0,1,1,0,1,0,14,1,1,1,0,1,1,0,1,1,0,1,1,0,0,0,0,1,0,1,0,0,0,0,1,1,1,1,21.0,0,1,0,0,0,0,0,90,1,2,0,1,0,0,26.9,0,1,1,0,1.0986122886681098,0.08657900971167692,13.0,0,51.11,C,110,32.0
5317,Jamia Hamdard,https://www.jamiahamdard.edu,India,South & Central Asia + Oceania,889,1,1,3,0,0,0,0,0,1,1,0,0,0,1,0,1,0,1,1,1,0,0,0,0,0,1,0,1,1,0,0,1,1,1,0,1,1,0,1,0,0,0,0,1,1,1,0,12.63,0,1,1,0,0,0,0,75,1,5,1,0,0,0,7.7,0,1,0,0,1.791759469228055,4.410096942828891,3650.0,1,50.2,C,166,68.0
3032,University of Ferrara,https://www.unife.it,Italy,Eastern & Southern Europe,890,1,1,5,1,0,1,0,0,0,0,0,0,0,0,1,1,0,1,0,0,0,0,0,1,0,1,0,0,1,0,0,0,1,0,1,0,0,0,1,0,0,0,0,0,1,1,0,16.88,0,1,1,0,0,0,0,75,1,1,1,0,1,1,50.0,0,1,1,0,0.6931471805599453,-0.6017947246379661,343.0,0,50.04,C,154,25.0
6302,Federal University of Ouro Preto,https://www.ufop.br,Brazil,Latin America & Africa,891,1,1,7,1,0,1,0,1,0,0,0,0,0,0,1,0,0,0,0,0,1,1,0,0,1,1,0,1,1,0,1,1,1,1,1,0,0,0,1,0,0,0,0,0,0,1,0,1.17,0,1,0,0,0,0,0,75,1,2,0,0,1,1,33.3,0,1,1,0,1.0986122886681098,0.8158365471522251,403.0,0,49.8,D,84,8.0
6029,Federal University of Pelotas,https://www.ufpel.edu.br,Brazil,Latin America & Africa,892,0,1,7,1,1,0,0,0,0,0,1,1,5,0,0,1,0,0,0,6,1,1,0,0,0,1,0,1,0,1,1,1,1,0,0,1,0,0,0,0,0,0,0,0,1,1,0,18.1,0,1,0,0,0,0,0,20,1,2,1,0,1,0,12.5,0,0,0,0,1.0986122886681098,-0.17051331047361898,3650.0,1,49.77,D,85,9.0
2072,Johannes Gutenberg University Mainz,https://www.uni-mainz.de,Germany,Western & Northern Europe,893,1,1,5,1,1,0,0,0,0,0,1,0,1,1,0,0,0,0,0,0,0,0,0,0,0,1,0,1,0,1,0,1,1,0,0,0,0,0,1,0,0,0,1,0,1,1,1,12.48,0,1,1,0,0,0,0,75,1,0,1,0,0,1,33.3,0,1,1,0,0.0,0.8316119224955202,3650.0,1,49.72,D,193,34.0
6098,University of Costa Rica,https://www.ucr.ac.cr,Peru & Andes,Latin America & Africa,894,1,1,5,1,0,0,0,0,1,4,1,1,2,0,1,1,1,0,0,14,1,1,1,1,1,1,0,0,0,0,0,1,0,0,0,1,0,1,1,0,0,0,0,0,1,1,1,21.0,0,1,0,0,0,0,0,90,1,0,1,1,1,1,82.9,0,1,0,0,0.0,-0.5922329211491365,11.0,0,49.21,D,86,
5175,L.N. Gumilyov Eurasian National University,https://www.enu.kz,Central Asia,South & Central Asia + Oceania,895,1,1,6,0,1,0,1,1,0,0,0,1,10,1,1,1,0,1,1,0,1,1,1,0,1,1,0,1,1,1,0,0,0,0,0,0,1,0,1,0,0,0,1,0,1,1,1,21.0,0,1,1,0,0,0,0,75,1,0,1,1,0,1,30.8,0,0,1,0,0.0,0.4375477743471862,1.0,0,48.94,D,167,
6027,Federal University of Santa Maria,https://www.ufsm.br,Brazil,Latin America & Africa,896,1,1,10,1,1,0,0,0,0,0,0,0,0,0,1,0,1,0,0,3,1,1,1,0,1,1,0,0,0,0,0,0,1,0,0,0,0,0,1,1,0,0,0,0,0,1,0,17.04,0,1,1,0,0,0,0,90,1,0,0,1,1,1,77.1,0,1,1,0,0.0,-0.7908212047263005,0.0,0,48.65,D,87,10.0
6003,Federal University of Rio de Janeiro,https://www.ufrj.br,Brazil,Latin America & Africa,897,1,1,4,1,1,0,1,1,1,1,0,0,0,0,0,0,1,0,0,0,0,0,0,0,0,1,0,0,1,1,0,1,1,0,0,0,0,0,1,0,0,0,1,0,1,0,0,19.89,0,1,1,0,0,0,0,75,1,0,1,0,1,1,85.7,0,1,0,0,0.0,-0.7422961015358351,3650.0,1,48.64,D,88,11.0
4065,Waseda University,https://www.waseda.jp,Japan,Asia (East & Southeast),898,1,1,11,1,1,0,0,0,0,0,0,0,0,0,1,1,0,1,1,1,1,1,1,0,1,1,1,1,1,0,1,1,0,0,0,0,1,0,0,0,0,0,0,0,1,1,1,12.63,0,1,1,0,0,0,0,90,1,0,1,1,1,0,29.5,0,1,0,0,0.0,0.10323422179638753,8.0,0,48.49,D,111,33.0
1122,University of Maine,https://www.maine.edu,United States,North America,899,1,1,7,0,0,0,0,0,1,1,0,0,0,0,0,1,0,0,0,0,1,1,0,0,1,1,0,0,1,0,1,1,1,1,0,1,1,1,0,0,0,0,0,0,1,1,0,15.13,0,1,1,0,0,0,0,90,1,0,1,0,0,1,83.3,0,1,1,0,0.0,0.07764887953705948,3650.0,1,48.06,D,186,163.0
6439,South Valley University,https://www.svu.edu.eg,Egypt & North Africa,Latin America & Africa,900,1,1,8,0,1,0,0,0,1,1,0,0,0,1,1,1,0,1,0,0,0,0,0,1,0,1,0,1,1,1,1,0,1,0,0,0,0,0,0,0,0,0,0,0,1,0,0,13.3,0,1,0,0,0,0,0,35,0,4,0,0,1,0,18.8,0,0,0,0,1.6094379124341003,1.6542269138360435,65.0,0,47.76,D,89,
6516,University of Antofagasta,https://www.uantof.cl,Chile,Latin America & Africa,901,1,1,9,1,1,0,0,1,0,0,0,1,2,0,0,0,0,0,0,0,1,1,0,0,0,1,0,0,1,1,1,1,1,0,0,0,1,0,0,0,0,0,0,0,0,0,0,11.98,0,1,1,0,0,0,0,100,1,1,1,0,1,1,7.4,0,1,1,0,0.6931471805599453,-0.22450800622023517,3650.0,1,47.7,D,90,
3304,University of Burgos,https://www.ubu.es,Spain,Eastern & Southern Europe,902,1,1,8,0,1,1,0,0,0,0,0,0,0,0,0,0,1,0,0,1,1,1,0,0,1,1,0,0,1,0,1,1,1,0,0,0,1,0,1,1,0,0,1,0,0,1,1,14.07,0,1,1,0,0,0,0,75,1,0,1,0,1,0,100.0,0,1,0,0,0.0,-0.8155040633300136,3650.0,1,47.54,D,155,21.0
6078,Industrial University of Santander,https://www.uis.edu.co,Colombia,Latin America & Africa,903,0,1,9,0,1,0,0,0,0,0,0,0,0,0,0,1,0,1,0,3,0,0,0,0,0,1,0,1,1,0,1,1,1,0,0,0,1,0,0,0,0,0,0,0,0,1,0,12.63,0,1,0,0,0,0,0,90,1,0,1,0,1,1,84.2,0,1,0,0,0.0,-0.6737158256394842,3650.0,1,47.48,D,91,
3050,Polytechnic University of Madrid,https://www.upm.es,Spain,Eastern & Southern Europe,904,1,1,3,0,0,0,1,1,0,0,0,0,0,0,0,1,0,1,1,0,0,0,0,0,0,1,0,1,0,0,1,1,1,0,0,0,0,1,0,0,0,0,0,0,1,1,1,21.0,0,1,1,0,0,0,0,75,1,0,1,0,1,0,95.5,0,1,1,0,0.0,-0.36139411061891497,3650.0,1,46.8,D,156,22.0
6099,University of Puerto Rico,https://www.upr.edu,Peru & Andes,Latin America & Africa,905,1,1,4,1,1,0,0,0,0,0,0,0,0,0,1,0,0,0,0,2,1,1,0,0,1,1,0,0,0,1,0,0,0,1,0,0,0,1,1,0,0,0,0,0,0,1,0,9.1,0,1,0,0,0,0,0,90,1,1,1,1,0,1,81.5,0,1,0,0,0.6931471805599453,-0.28789918148639204,4.0,0,46.65,D,92,
3028,University of Salerno,https://www.unisa.it,Italy,Eastern & Southern Europe,906,1,1,20,1,1,1,0,0,1,0,0,0,0,0,0,1,0,0,0,2,1,1,0,0,0,1,0,1,1,0,0,1,1,0,0,0,0,1,1,1,0,0,1,1,0,1,1,1.01,0,1,1,0,0,0,0,75,1,0,1,0,1,0,100.0,0,1,1,0,0.0,0.512431668207412,3650.0,1,46.37,D,157,26.0
6019,Federal University of Rio Grande do Norte,https://www.ufrn.br,Brazil,Latin America & Africa,907,1,1,7,0,0,0,0,0,0,0,0,0,0,0,0,0,0,0,0,0,0,1,0,0,0,1,0,1,0,1,1,1,1,0,0,0,0,0,1,0,0,0,1,0,0,1,0,8.32,0,1,1,0,0,0,0,75,1,0,0,1,1,1,13.3,0,1,0,0,0.0,0.466483853373471,3650.0,1,46.32,D,93,12.0
3039,University of Udine,https://www.uniud.it,Italy,Eastern & Southern Europe,908,1,1,6,1,1,1,0,1,0,0,0,0,0,0,0,0,0,0,0,0,0,1,0,0,0,1,0,0,0,0,1,1,1,1,0,0,0,0,0,0,0,0,0,0,0,1,0,15.43,0,1,1,0,0,0,0,90,1,0,1,1,0,1,100.0,0,1,0,0,0.0,0.26576129152765543,3650.0,1,46.29,D,158,27.0
4082,Kagoshima University,https://www.kagoshima-u.ac.jp,Japan,Asia (East & Southeast),909,1,1,6,0,0,0,0,0,0,0,0,1,10,1,0,1,0,1,0,0,0,0,0,0,0,1,0,1,1,1,0,1,0,0,0,0,1,1,1,0,0,0,0,0,1,1,1,12.63,0,1,1,0,0,0,0,75,1,0,1,0,0,0,100.0,0,1,0,0,0.0,-0.5828401169701838,3650.0,1,45.94,D,112,34.0
4073,Nagasaki University,https://www.nagasaki-u.ac.jp,Japan,Asia (East & Southeast),910,1,1,7,1,0,0,0,0,0,0,0,0,0,0,1,1,0,1,0,3,1,1,0,0,0,1,0,1,1,0,1,1,0,0,0,0,1,0,0,0,0,0,1,0,1,1,1,21.0,0,1,1,0,0,0,0,65,1,1,0,0,1,1,0.0,0,1,0,0,0.6931471805599453,-0.23207733716206247,1.0,0,45.82,D,113,35.0
3033,University of Cagliari,https://www.unica.it,Italy,Eastern & Southern Europe,911,1,1,4,0,1,0,0,0,0,0,0,1,5,0,1,1,0,1,0,5,1,1,0,0,0,1,0,1,0,0,1,1,0,0,0,1,1,1,0,0,0,0,1,0,0,1,1,1.3,0,1,1,0,0,0,0,75,1,0,1,0,1,0,100.0,0,1,0,0,0.0,0.8097975544008728,0.0,0,45.24,D,159,28.0
6007,University of Brasilia,https://www.unb.br,Brazil,Latin America & Africa,912,1,1,7,1,0,1,0,0,0,0,0,0,0,0,0,0,0,0,0,0,1,0,0,0,0,1,0,1,0,1,0,1,1,0,0,0,0,0,0,0,0,0,1,0,1,0,1,11.66,0,1,1,0,0,0,0,75,1,1,1,0,1,0,83.3,0,1,0,0,0.6931471805599453,-0.035456448125590116,3650.0,1,45.13,D,94,13.0
3068,University of the Balearic Islands,https://www.uib.eu,Spain,Eastern & Southern Europe,913,0,1,0,1,1,0,0,1,0,0,1,0,0,1,0,0,0,0,0,0,0,0,0,0,1,1,0,1,1,0,0,1,1,0,1,0,0,1,1,1,0,0,1,1,1,1,0,16.1,0,0,0,0,0,0,0,75,1,0,1,1,1,0,33.3,0,1,1,0,0.0,0.15738396553546052,3650.0,1,45.12,D,160,23.0
3186,Josip Juraj Strossmayer University of Osijek,https://www.unios.hr,Balkans,Eastern & Southern Europe,914,1,1,5,1,1,0,0,0,0,0,0,0,0,0,0,1,0,0,0,1,1,1,0,0,0,1,0,1,1,0,1,0,1,0,0,0,0,0,1,1,0,0,1,0,1,1,0,3.61,0,1,1,0,0,0,0,90,1,0,1,0,1,0,72.7,0,1,1,0,0.0,0.11474957944266287,3650.0,1,45.05,D,161,
4209,Can Tho University,https://www.ctu.edu.vn,Vietnam,Asia (East & Southeast),915,1,0,0,1,0,0,0,0,0,0,1,0,0,0,1,1,0,1,1,0,1,0,0,0,1,1,0,1,1,0,1,1,1,0,0,0,1,1,1,0,0,0,0,1,0,1,0,5.73,0,1,1,0,0,0,0,75,1,0,1,0,1,1,50.0,0,1,0,0,0.0,0.15861781860819613,13.0,0,45.0,D,114,
4304,Beijing Forestry University,https://www.bjfu.edu.cn,China,Asia (East & Southeast),916,1,0,0,1,0,0,0,0,0,0,0,1,10,0,1,1,0,1,1,13,1,1,0,1,1,1,0,1,1,1,1,1,1,0,0,0,1,0,1,0,1,0,0,0,1,0,0,12.63,0,1,0,0,0,0,0,75,0,0,1,0,1,0,1.7,0,0,0,0,0.0,-0.4321405473844292,0.0,0,45.0,D,114,6.0
4116,Jeonbuk National University,https://www.jbnu.ac.kr,South Korea,Asia (East & Southeast),917,1,0,0,1,0,0,0,0,0,0,1,0,0,1,1,1,1,1,0,0,0,0,1,0,1,1,0,1,1,1,1,1,1,1,1,0,1,0,1,1,0,1,1,1,1,1,1,21.0,0,1,1,0,0,0,0,55,1,0,0,0,1,1,27.9,0,1,0,0,0.0,-0.4345485298545079,35.0,0,45.0,D,114,15.0
4305,Saitama University,https://www.saitama-u.ac.jp,Japan,Asia (East & Southeast),918,1,0,0,1,0,0,0,0,1,1,1,0,0,1,0,1,1,1,1,0,0,0,0,0,0,1,0,1,1,1,1,1,1,1,0,0,1,0,1,0,0,0,0,0,1,0,0,19.06,0,1,0,0,0,0,0,90,1,0,1,1,1,1,4.3,0,0,1,0,0.0,-1.446101832493375,3650.0,1,45.0,D,114,36.0
4097,KAIST,https://www.kaist.ac.kr,South Korea,Asia (East & Southeast),919,0,0,0,1,0,0,0,0,1,0,0,1,6,1,0,1,1,1,1,0,0,0,0,0,1,1,0,1,1,1,1,1,1,1,1,1,1,0,1,1,1,0,0,0,1,1,0,9.0,0,1,0,0,0,0,0,55,1,0,0,1,1,1,100.0,0,1,0,0,0.0,1.4222066197819612,3650.0,1,45.0,D,114,15.0
4208,Duy Tan University,https://www.duytan.edu.vn,Vietnam,Asia (East & Southeast),920,1,0,0,1,0,0,1,1,1,2,1,0,0,0,1,1,0,1,0,0,1,1,1,1,0,1,0,1,1,0,1,1,1,0,0,0,1,1,1,0,0,0,0,1,1,1,0,15.43,0,1,0,0,0,0,0,100,1,0,1,0,1,1,92.5,0,0,0,0,0.0,-0.6362170617235935,4.0,0,45.0,D,114,
4300,Southwest Jiaotong University,https://www.swjtu.edu.cn,China,Asia (East & Southeast),921,1,0,0,0,0,0,0,1,0,0,1,0,0,0,0,1,0,1,1,0,0,0,0,1,1,1,0,1,1,1,1,1,1,1,1,0,1,1,0,0,0,0,0,0,1,0,0,21.0,0,1,0,0,0,0,0,20,1,0,0,1,0,0,0.0,0,0,0,0,0.0,0.2924615109034003,3650.0,1,45.0,D,114,6.0
4214,Universiti Brunei Darussalam,https://www.ubd.edu.bn,Other SE/E Asia,Asia (East & Southeast),922,1,0,0,1,0,0,0,1,0,0,0,0,0,0,1,1,1,1,1,0,0,0,0,0,1,1,0,1,1,1,1,1,1,1,1,1,1,1,1,1,0,1,1,0,1,1,1,5.33,0,1,1,0,0,0,0,90,1,2,1,1,1,0,21.1,0,1,0,0,1.0986122886681098,1.1298374148732466,8.0,0,45.0,D,114,
4301,Central China Normal University,https://www.ccnu.edu.cn,China,Asia (East & Southeast),923,1,0,0,0,0,0,0,0,0,0,0,0,0,0,0,1,0,1,0,0,0,0,0,0,1,1,0,1,1,1,0,1,1,1,1,0,1,0,1,0,0,1,0,0,1,0,0,12.63,0,1,0,0,0,0,0,75,0,0,1,0,0,0,0.0,0,1,0,0,0.0,0.1174814514110194,3650.0,1,45.0,D,114,6.0
4013,Tongji University,https://www.tongji.edu.cn,China,Asia (East & Southeast),924,1,0,0,0,0,0,0,0,0,0,1,1,10,0,1,1,0,0,1,0,1,1,0,1,1,1,0,1,1,1,1,1,1,0,1,0,1,0,0,0,0,0,1,0,1,1,1,21.0,0,1,0,0,0,0,0,90,1,0,0,0,1,0,0.0,0,0,1,0,0.0,-0.5519376752708413,4.0,0,45.0,D,114,6.0
4010,Huazhong University of Science and Technology,https://www.hust.edu.cn,China,Asia (East & Southeast),925,1,0,0,1,0,0,0,0,1,1,1,1,3,1,1,1,1,1,1,2,1,1,0,1,0,1,0,1,1,1,1,1,1,1,1,0,1,1,1,0,0,1,0,0,1,1,0,12.63,0,1,0,0,0,0,0,75,0,2,1,0,0,0,1.2,0,0,0,0,1.0986122886681098,-0.10003963171941735,19.0,0,45.0,D,114,6.0
3064,University of Oviedo,https://www.uniovi.es,Spain,Eastern & Southern Europe,926,1,0,0,1,1,0,0,1,0,0,0,0,0,0,1,1,1,0,0,0,1,1,1,0,1,1,0,1,1,1,1,1,1,0,0,0,0,0,1,1,0,0,0,0,1,1,0,21.0,0,1,1,0,0,0,0,75,1,0,0,1,1,0,100.0,0,1,0,0,0.0,-0.07298502822646193,6.0,0,45.0,D,162,24.0
5074,University of Agriculture Faisalabad,https://www.uaf.edu.pk,Pakistan,South & Central Asia + Oceania,927,1,0,0,1,0,0,0,0,1,1,1,0,0,1,1,1,0,1,1,0,0,0,1,1,0,1,0,1,1,1,1,1,1,1,1,1,1,0,0,1,0,0,1,0,1,1,1,4.87,0,1,1,0,0,0,0,75,1,1,1,0,1,0,12.5,0,1,0,0,0.6931471805599453,-0.7628529526505462,3.0,0,45.0,D,168,19.0
5078,GIK Institute of Engineering Sciences and Technology,https://www.giki.edu.pk,Pakistan,South & Central Asia + Oceania,928,1,0,0,1,0,0,0,0,1,1,1,0,0,1,1,1,1,1,1,1,0,0,0,1,0,1,0,1,1,1,1,1,1,1,1,1,1,1,1,0,0,1,0,0,1,1,1,8.32,0,1,1,0,0,0,0,90,1,2,1,1,1,0,3.4,0,1,0,0,1.0986122886681098,0.44243606290561316,12.0,0,45.0,D,168,19.0
5086,Bahria University,https://www.bahria.edu.pk,Pakistan,South & Central Asia + Oceania,929,1,0,0,0,0,0,0,1,0,0,0,1,4,1,0,1,1,1,1,4,1,1,1,1,1,1,0,1,1,0,1,1,1,1,1,1,1,1,1,1,0,0,0,0,1,1,0,15.43,0,1,0,0,0,0,0,75,1,0,1,0,0,0,65.5,0,1,1,0,0.0,-0.93410599514744,3650.0,1,45.0,D,168,19.0
5087,University of Management and Technology,https://www.umt.edu.pk,Pakistan,South & Central Asia + Oceania,930,1,0,0,1,0,0,0,1,1,1,1,1,2,1,0,1,0,1,1,7,1,1,0,0,0,1,0,1,1,1,1,1,1,1,0,1,1,0,1,0,1,1,0,0,1,1,1,1.49,0,1,0,1,0,0,1,75,1,0,1,0,1,0,7.4,0,1,1,0,0.0,-0.7929973987608463,3650.0,1,45.0,D,168,19.0
5090,University of Engineering and Technology Taxila,https://www.uettaxila.edu.pk,Pakistan,South & Central Asia + Oceania,931,1,0,0,0,0,0,0,0,1,0,0,0,0,1,0,1,1,1,1,0,0,0,1,1,1,1,0,1,1,1,1,1,1,1,1,0,1,1,1,1,1,1,0,0,1,1,0,4.81,0,1,1,0,0,0,0,75,1,2,1,0,0,1,90.8,0,1,0,0,1.0986122886681098,0.3357084293799563,3650.0,1,45.0,D,168,19.0
5098,Bangladesh Agricultural University,https://www.bau.edu.bd,Bangladesh,South & Central Asia + Oceania,932,1,0,0,1,0,0,0,1,0,0,1,0,1,1,1,1,0,1,1,6,1,1,1,1,1,1,0,1,1,1,1,1,1,1,1,1,0,0,1,1,0,0,0,0,1,0,0,18.45,0,1,1,0,0,1,0,90,1,1,1,1,1,1,6.4,0,1,0,0,0.6931471805599453,-0.9002138611423459,3.0,0,45.0,D,168,20.0
5101,Islamic University of Technology,https://www.iutoic-dhaka.edu,Bangladesh,South & Central Asia + Oceania,933,1,0,0,0,0,0,1,1,0,0,1,0,1,1,1,1,1,1,1,0,0,0,0,1,1,1,0,1,1,1,1,1,1,1,1,1,1,0,1,1,0,0,0,0,1,1,0,12.63,0,1,1,0,0,1,0,75,1,5,1,0,1,1,0.0,0,0,0,0,1.791759469228055,-1.039693028009464,37.0,0,45.0,D,168,20.0
5105,East West University,https://www.ewubd.edu,Bangladesh,South & Central Asia + Oceania,934,1,0,0,1,1,0,0,0,0,0,1,1,10,1,1,1,1,1,1,14,1,1,1,1,0,1,0,1,1,1,1,1,1,1,1,1,1,1,1,1,0,0,0,0,1,1,0,13.57,0,1,1,0,0,1,0,75,1,0,1,1,1,0,56.9,0,1,0,0,0.0,0.3145258456267724,0.0,0,45.0,D,168,20.0
5051,Tezpur University,https://www.tezu.ernet.in,India,South & Central Asia + Oceania,935,1,0,0,1,0,0,0,0,1,1,1,0,0,1,1,1,1,1,0,0,1,0,1,1,0,1,0,1,1,1,1,1,1,1,1,1,1,0,1,1,1,0,0,1,1,1,0,16.97,0,1,0,0,0,0,0,20,1,3,0,1,1,1,48.9,0,0,1,0,1.3862943611198906,-0.6993052013909947,0.0,0,45.0,D,168,69.0
5048,All India Institute of Medical Sciences Delhi,https://www.aiims.edu,India,South & Central Asia + Oceania,936,1,0,0,1,0,0,0,0,1,1,1,0,0,1,1,1,0,1,1,0,0,0,1,0,1,1,0,1,1,1,1,1,1,0,1,0,1,1,1,1,0,0,0,0,1,1,0,10.86,0,1,1,0,0,0,0,20,1,0,1,0,0,0,22.0,0,0,1,0,0.0,-0.4689038673371337,314.0,0,45.0,D,168,69.0
5055,University of Calicut,https://www.uoc.ac.in,India,South & Central Asia + Oceania,937,0,0,0,1,0,0,0,1,1,1,1,0,0,1,1,1,0,1,1,0,0,0,0,1,0,1,0,1,1,1,1,1,1,1,1,1,1,1,1,0,0,1,0,0,1,1,0,12.63,0,1,0,0,0,0,0,75,1,0,1,1,1,0,73.2,0,1,0,0,0.0,-0.6432528259210314,0.0,0,45.0,D,168,69.0
6116,Nelson Mandela University,https://www.mandela.ac.za,South Africa,Latin America & Africa,938,1,0,0,1,0,0,0,0,0,0,0,0,0,0,1,1,1,1,1,0,1,1,0,0,0,1,0,1,1,1,1,1,1,1,1,1,1,1,1,1,1,0,0,0,1,1,0,15.43,0,1,0,0,0,0,1,75,1,0,1,1,1,0,0.0,0,0,0,0,0.0,1.2419037826800674,0.0,0,45.0,D,95,19.0
3085,University of Lodz,https://www.uni.lodz.pl,Poland,Eastern & Southern Europe,939,1,0,0,1,1,0,0,0,0,0,1,0,0,0,0,1,1,1,1,0,1,1,0,1,1,1,0,1,1,1,1,1,1,1,1,0,0,1,1,0,0,1,0,1,0,1,1,19.34,0,1,0,0,0,0,0,75,1,4,1,0,0,0,100.0,0,1,1,0,1.6094379124341003,0.14699407312629112,3650.0,1,45.0,D,162,23.0
6121,Mansoura University,https://www.mans.edu.eg,Egypt & North Africa,Latin America & Africa,940,1,0,0,1,1,0,0,1,1,1,1,0,0,0,1,1,1,1,1,0,0,0,0,1,1,1,0,1,1,1,1,1,1,0,1,0,1,0,1,0,0,0,0,1,0,1,1,12.63,0,1,1,0,0,0,0,75,1,0,1,1,1,1,50.6,0,1,1,0,0.0,-0.6166357187073472,5.0,0,45.0,D,95,
3086,University of Silesia in Katowice,https://www.us.edu.pl,Poland,Eastern & Southern Europe,941,1,0,0,1,1,0,0,1,0,0,1,0,0,1,1,1,0,1,1,0,0,0,0,1,0,1,0,1,1,1,1,1,1,0,1,0,0,0,1,0,0,0,1,1,1,1,1,13.65,0,1,1,0,0,0,0,90,1,0,1,1,1,0,100.0,0,1,1,0,0.0,1.2943606400353984,71.0,0,45.0,D,162,23.0
3093,Silesian University of Technology,https://www.polsl.pl,Poland,Eastern & Southern Europe,942,1,0,0,1,1,0,0,1,1,0,1,1,10,1,1,1,0,1,1,20,1,1,1,1,0,1,0,1,1,1,1,1,1,1,0,0,0,1,1,0,0,0,1,0,1,1,1,15.43,0,1,1,0,0,0,0,90,1,0,1,1,1,0,60.1,0,1,1,0,0.0,-0.217906113726769,1.0,0,45.0,D,162,23.0
2112,Vrije Universiteit Amsterdam,https://vu.nl,Netherlands,Western & Northern Europe,943,1,0,0,0,1,0,0,1,0,0,1,0,0,0,1,1,1,1,1,0,1,1,0,0,0,1,0,1,1,1,1,1,1,0,1,1,1,1,1,1,1,0,0,0,1,0,0,11.04,0,1,0,0,0,0,0,75,1,0,0,1,1,0,0.0,0,1,1,0,0.0,0.8922348554491868,0.0,0,45.0,D,194,20.0
5035,NIT Karnataka Surathkal,https://www.nitk.ac.in,India,South & Central Asia + Oceania,944,1,0,0,1,0,0,1,1,1,1,1,1,10,1,1,1,1,1,1,20,1,1,1,1,0,1,1,1,1,1,1,1,1,1,1,1,1,1,1,1,1,0,1,0,1,1,1,14.55,0,1,1,0,0,1,0,75,1,0,1,0,1,1,29.6,0,1,1,0,0.0,-0.7996780597906965,0.0,0,45.0,D,168,69.0
5041,Cochin University of Science and Technology,https://www.cusat.ac.in,India,South & Central Asia + Oceania,945,1,0,0,0,0,0,0,1,1,1,1,1,10,0,1,1,0,1,1,16,1,1,1,0,1,1,0,1,1,1,1,1,1,1,1,1,1,1,1,1,0,0,0,0,1,1,0,12.63,0,1,0,1,0,0,0,75,1,0,1,1,1,0,19.5,0,1,0,0,0.0,-0.7949527141842171,0.0,0,45.0,D,168,69.0
5039,Osmania University,https://www.osmania.ac.in,India,South & Central Asia + Oceania,946,1,0,0,1,0,0,0,1,1,2,1,1,10,1,1,1,1,1,1,9,1,1,1,0,1,1,0,1,1,1,1,1,1,1,1,1,1,1,1,1,1,0,0,0,1,1,1,9.74,0,1,1,1,0,0,0,75,1,0,0,0,0,0,20.0,0,1,1,0,0.0,0.465899847986063,0.0,0,45.0,D,168,69.0
5044,O.P. Jindal Global University,https://www.jgu.edu.in,India,South & Central Asia + Oceania,947,1,0,0,1,0,0,0,1,1,1,1,1,10,0,0,1,1,1,1,0,1,1,0,0,1,1,0,1,1,1,1,1,1,1,1,1,1,0,1,0,0,0,1,0,1,1,1,12.63,0,1,1,1,0,0,0,75,1,0,1,1,1,1,98.2,0,1,0,0,0.0,0.050884149375607826,3650.0,1,45.0,D,168,69.0
5030,Amrita Vishwa Vidyapeetham,https://www.amrita.edu,India,South & Central Asia + Oceania,948,1,0,0,1,0,0,0,1,1,3,1,1,10,0,1,1,1,1,1,14,1,1,0,1,1,1,0,1,1,1,1,1,1,1,0,1,1,1,1,0,0,0,0,0,1,1,1,21.0,0,1,1,0,0,0,0,75,1,0,1,1,1,1,96.0,0,1,1,0,0.0,0.12714145088706957,0.0,0,45.0,D,168,69.0
5024,University of Calcutta,https://www.caluniv.ac.in,India,South & Central Asia + Oceania,949,1,0,0,0,0,0,0,1,1,1,1,1,6,1,0,1,1,1,1,1,1,1,1,1,0,1,0,1,1,1,1,1,1,1,1,0,0,0,1,0,0,0,1,0,1,1,1,19.11,0,1,1,0,0,0,0,75,1,1,0,0,1,0,1.2,0,1,0,0,0.6931471805599453,-0.7173918690571748,3650.0,1,45.0,D,168,69.0
5029,Birla Institute of Technology and Science Pilani,https://www.bits-pilani.ac.in,India,South & Central Asia + Oceania,950,1,0,0,1,0,0,0,1,1,1,1,1,9,1,1,1,1,1,1,0,0,0,1,0,0,1,0,1,1,1,1,1,1,1,1,1,1,1,1,0,1,0,1,0,1,1,1,15.43,0,1,1,0,1,0,0,90,1,2,1,1,1,1,50.5,0,1,0,0,1.0986122886681098,0.027909193151000752,359.0,0,45.0,D,168,69.0
4118,Dongguk University,https://www.dongguk.edu,South Korea,Asia (East & Southeast),951,1,0,0,1,0,0,0,1,0,0,1,1,3,0,1,1,1,1,1,0,1,1,1,1,1,1,0,1,1,1,1,1,1,1,1,1,1,1,1,1,0,0,0,1,1,1,0,21.0,0,1,0,0,0,1,0,75,1,3,1,1,1,1,24.4,0,1,0,0,1.3862943611198906,-0.23368265880878175,221.0,0,45.0,D,114,15.0
4313,Universitas Negeri Yogyakarta,https://www.uny.ac.id,Indonesia,Asia (East & Southeast),952,1,0,0,1,0,0,0,0,1,1,1,1,4,0,1,1,0,1,1,2,1,1,0,0,1,1,0,1,1,1,1,1,1,0,0,0,0,0,0,0,0,0,0,0,1,1,0,4.54,0,1,1,0,0,0,0,75,1,0,1,0,1,1,60.0,0,1,0,0,0.0,0.41687393852413007,8.0,0,45.0,D,114,
5006,Indian Institute of Technology Roorkee,https://www.iitr.ac.in,India,South & Central Asia + Oceania,953,1,0,0,0,0,0,0,1,0,0,1,1,8,1,1,1,1,1,1,0,1,0,1,1,1,1,0,1,1,1,1,1,1,1,1,1,1,1,1,1,0,0,0,1,1,1,0,21.0,0,1,0,0,0,1,0,75,1,0,1,1,0,0,65.3,0,0,1,0,0.0,0.09911526315208781,42.0,0,45.0,D,168,69.0
5023,Savitribai Phule Pune University,https://www.unipune.ac.in,India,South & Central Asia + Oceania,954,1,0,0,1,0,0,0,1,0,0,1,0,1,1,0,1,1,1,1,0,0,0,1,0,0,1,0,1,1,1,1,1,0,1,1,0,1,1,1,1,0,0,0,1,1,0,0,1.38,0,0,0,0,0,0,0,0,1,2,1,1,1,1,63.6,0,1,0,0,1.0986122886681098,-0.8203718146880375,3650.0,1,45.0,D,168,69.0
4160,Taylor's University,https://university.taylors.edu.my,Malaysia,Asia (East & Southeast),955,1,0,0,1,0,0,1,1,1,1,1,0,0,0,0,1,0,0,0,0,1,1,0,1,1,1,0,0,1,0,1,1,1,1,1,1,1,1,1,0,0,0,0,0,1,1,0,16.3,0,1,1,1,0,0,0,75,1,0,1,1,1,1,96.2,0,1,0,0,0.0,-0.27200971312419986,3650.0,1,45.0,D,114,
4159,Multimedia University,https://www.mmu.edu.my,Malaysia,Asia (East & Southeast),956,1,0,0,1,0,0,0,0,1,0,1,0,0,1,0,1,1,1,1,0,0,0,0,1,0,1,0,1,1,1,1,1,1,1,1,0,1,0,1,0,0,1,1,1,1,1,1,12.63,0,1,1,1,0,1,0,90,1,0,1,1,1,1,40.8,0,1,0,0,0.0,-0.5073899995743866,3650.0,1,45.0,D,114,
4158,Universiti Teknologi MARA,https://www.uitm.edu.my,Malaysia,Asia (East & Southeast),957,1,0,0,1,1,0,1,1,1,1,1,1,7,0,1,1,1,1,0,0,1,1,0,1,0,1,0,1,1,1,1,1,1,0,1,1,1,1,1,0,0,1,1,1,1,1,1,2.85,0,1,1,0,0,0,0,90,1,1,0,1,1,0,93.8,0,1,1,0,0.6931471805599453,-0.29749419426586554,0.0,0,45.0,D,114,
4187,King Mongkut's University of Technology Thonburi,https://www.kmutt.ac.th,Thailand,Asia (East & Southeast),958,1,0,0,1,1,0,0,0,0,0,1,0,0,1,1,1,1,1,0,1,1,1,0,0,1,1,0,1,1,1,1,1,1,1,1,0,1,0,1,0,0,0,1,1,1,1,1,11.49,0,1,1,0,0,0,0,75,1,0,1,1,1,1,24.1,0,1,0,0,0.0,-0.30732678935201985,188.0,0,45.0,D,114,
6115,University of the Free State,https://www.ufs.ac.za,South Africa,Latin America & Africa,959,1,0,0,1,0,0,0,0,0,0,0,0,0,1,0,1,1,1,0,0,1,0,0,0,0,1,0,0,1,1,1,1,1,1,1,1,1,0,1,0,0,0,0,0,1,1,1,12.63,0,1,0,0,0,0,0,75,1,0,0,1,1,0,66.7,0,1,0,0,0.0,0.8204646639305067,3650.0,1,45.0,D,95,19.0
6112,Rhodes University,https://www.ru.ac.za,South Africa,Latin America & Africa,960,1,0,0,1,0,0,0,0,0,0,0,0,0,0,0,1,1,1,0,0,0,0,0,0,0,1,0,1,1,1,1,1,1,1,1,1,1,1,0,1,0,0,1,0,1,1,1,5.33,0,0,1,0,0,0,0,75,1,2,1,1,0,1,50.0,0,1,0,0,1.0986122886681098,-0.6919478008266531,3650.0,1,45.0,D,95,19.0
4015,Nankai University,https://www.nankai.edu.cn,China,Asia (East & Southeast),961,1,0,0,1,1,0,0,0,0,0,1,1,10,0,1,1,0,1,1,3,1,0,0,1,1,1,0,1,1,1,1,1,1,1,1,1,1,0,1,0,0,0,0,0,1,1,0,21.0,0,1,0,0,0,0,0,75,1,2,1,0,0,0,0.0,0,0,0,0,1.0986122886681098,-0.14197865973995352,35.0,0,45.0,D,114,6.0
4016,Tianjin University,https://www.tju.edu.cn,China,Asia (East & Southeast),962,1,0,0,1,1,0,0,0,1,1,1,1,10,1,1,1,1,1,1,0,0,0,0,1,1,1,0,1,1,1,1,1,1,1,1,1,1,1,1,0,0,0,0,0,1,1,0,21.0,0,1,0,0,0,0,0,75,0,2,1,1,0,0,0.6,0,1,0,0,1.0986122886681098,0.0075169186107616635,1.0,0,45.0,D,114,6.0
4198,Mapua University,https://www.mapua.edu.ph,Philippines,Asia (East & Southeast),963,1,0,0,0,0,0,1,1,1,1,1,1,9,1,1,1,1,1,1,5,1,1,0,1,1,1,0,1,1,1,1,1,1,1,1,1,1,1,1,0,1,0,1,1,1,1,1,17.93,0,1,1,1,0,1,1,75,1,0,1,1,1,1,97.3,0,1,0,0,0.0,-0.5455163886839649,161.0,0,45.0,D,114,
4202,University of the East,https://www.ue.edu.ph,Philippines,Asia (East & Southeast),964,1,0,0,1,0,0,0,1,1,1,1,1,2,1,1,1,1,1,0,0,0,0,0,1,1,1,0,1,1,1,1,1,1,1,1,1,1,0,1,0,1,1,1,0,1,1,1,13.2,0,1,1,1,0,1,0,75,1,0,0,1,1,1,1.1,0,1,0,0,0.0,1.88193060636114,19.0,0,45.0,D,114,
6526,University of Constantine 1,https://www.umc.edu.dz,Egypt & North Africa,Latin America & Africa,965,1,0,0,0,1,0,0,0,0,0,0,0,0,0,1,1,0,1,0,0,0,0,0,0,0,1,0,0,0,1,0,1,1,0,0,1,0,0,1,1,0,0,0,0,1,1,0,1.66,0,1,0,0,0,0,0,75,1,0,1,1,1,1,61.1,0,1,0,0,0.0,2.934672555827222,0.0,0,45.0,D,95,
4001,Tsinghua University,https://www.tsinghua.edu.cn,China,Asia (East & Southeast),966,1,0,0,1,0,0,0,0,0,0,0,1,3,0,0,1,1,1,1,1,1,1,0,0,1,1,0,1,1,1,1,1,1,0,0,0,1,0,1,0,0,0,0,0,1,1,0,21.0,0,1,0,0,0,0,1,75,1,0,1,0,0,0,0.0,0,0,0,0,0.0,0.14176194131764575,3650.0,1,45.0,D,114,6.0
3301,University of L'Aquila,https://www.univaq.it,Italy,Eastern & Southern Europe,967,1,0,0,1,0,0,0,1,1,0,1,1,8,1,0,1,1,1,1,0,0,0,0,1,0,1,0,0,1,1,1,1,1,1,1,0,1,1,1,1,0,0,0,1,1,1,0,19.65,0,1,0,0,0,0,0,75,1,0,1,0,0,0,100.0,0,1,1,0,0.0,0.32666755737450887,3650.0,1,45.0,D,162,29.0
4002,Peking University,https://www.pku.edu.cn,China,Asia (East & Southeast),968,0,0,0,1,0,0,0,0,1,1,1,0,1,0,1,1,0,1,1,0,0,0,0,0,0,1,0,1,1,1,1,1,1,0,1,1,1,0,1,0,0,0,0,0,1,1,0,12.63,0,1,0,0,0,0,0,75,1,0,1,1,1,0,0.0,0,0,0,0,0.0,-0.0027170068870722166,15.0,0,45.0,D,114,6.0
4004,Shanghai Jiao Tong University,https://www.sjtu.edu.cn,China,Asia (East & Southeast),969,1,0,0,1,1,0,0,1,0,0,1,1,10,1,1,1,0,1,1,2,1,0,0,1,1,1,0,1,1,1,1,1,1,1,0,1,1,1,1,0,0,0,1,0,1,1,1,17.4,0,1,1,0,0,0,0,75,1,0,1,0,1,1,0.0,0,1,1,0,0.0,2.1520259734216274,6.0,0,45.0,D,114,6.0
4005,Zhejiang University,https://www.zju.edu.cn,China,Asia (East & Southeast),970,1,0,0,0,0,0,0,0,0,0,1,1,10,0,1,1,1,1,1,3,1,0,0,1,0,1,0,1,1,1,1,1,1,0,0,0,1,0,1,0,0,0,0,0,1,1,1,10.16,0,1,1,0,0,0,0,75,1,0,1,0,0,0,20.0,0,1,0,0,0.0,-0.34665716969663757,18.0,0,45.0,D,114,6.0
3197,University of Zilina,https://www.uniza.sk,Bulgaria & Slovakia,Eastern & Southern Europe,971,1,0,0,0,1,0,0,1,1,1,1,1,10,1,1,1,0,1,1,0,0,0,1,0,1,1,0,0,1,1,1,1,1,1,1,1,1,1,1,1,0,0,0,0,1,1,0,15.43,0,1,1,0,0,0,0,90,1,1129,0,1,1,0,91.7,0,1,1,0,7.029972911706386,4.864184362965092,39.0,0,45.0,D,162,
1047,Pennsylvania State University,https://www.psu.edu,United States,North America,972,1,0,0,0,0,0,1,1,0,0,1,0,0,0,0,1,1,1,0,0,0,0,0,0,1,0,0,1,1,1,1,1,1,1,1,1,1,1,1,0,0,1,0,0,1,1,0,21.0,0,0,0,0,0,0,0,90,1,1,1,1,1,1,90.0,0,1,1,0,0.6931471805599453,-0.39033346723850804,3650.0,1,45.0,D,187,164.0
5331,Maldives National University,https://www.mnu.edu.mv,Central Asia,South & Central Asia + Oceania,973,1,0,0,1,0,0,0,0,1,1,1,0,1,1,1,1,1,1,1,0,0,0,1,1,0,1,0,1,1,1,1,1,1,1,1,1,1,1,1,0,0,1,1,0,1,1,1,7.19,0,1,1,1,0,0,0,75,1,1,1,0,1,1,0.0,0,1,0,0,0.6931471805599453,2.3920484829582627,0.0,0,45.0,D,168,
3193,Comenius University Bratislava,https://www.uniba.sk,Bulgaria & Slovakia,Eastern & Southern Europe,974,1,0,0,1,0,0,1,1,0,0,1,0,1,0,1,1,0,0,0,0,1,1,0,1,0,1,0,1,1,1,1,1,1,0,0,0,0,0,1,1,0,0,1,1,1,1,1,21.0,0,1,1,0,0,0,0,75,1,0,1,1,1,0,36.8,0,1,0,0,0.0,0.24784768392563974,49.0,0,45.0,D,162,
3168,University of Szeged,https://www.u-szeged.hu,Hungary,Eastern & Southern Europe,975,1,0,0,1,0,0,0,1,1,0,1,1,6,0,1,1,1,1,0,0,1,1,0,0,0,1,0,1,1,1,1,1,1,1,1,0,1,1,1,0,1,0,0,0,1,1,0,14.31,0,1,0,0,0,1,0,75,1,0,1,1,1,0,100.0,0,1,1,0,0.0,1.331441807771571,40.0,0,45.0,D,162,
4093,Meiji University,https://www.meiji.ac.jp,Japan,Asia (East & Southeast),976,1,0,0,1,0,0,0,0,1,1,1,1,2,0,1,1,1,1,1,1,1,1,0,0,0,1,0,1,1,1,1,1,1,1,0,1,1,0,1,0,0,0,0,1,1,1,0,21.0,0,1,1,0,0,0,0,75,1,0,0,1,1,0,11.8,0,1,0,0,0.0,-0.10706291392381341,4.0,0,45.0,D,114,36.0
4009,Sun Yat-sen University,https://www.sysu.edu.cn,China,Asia (East & Southeast),977,1,0,0,1,0,0,0,1,0,0,1,1,10,0,1,1,0,1,0,0,0,0,0,1,1,1,0,1,1,1,1,1,1,1,1,1,1,1,0,0,0,0,1,0,1,1,1,12.63,0,1,1,0,0,0,0,75,1,1,1,0,1,0,0.0,0,1,0,0,0.6931471805599453,0.7000125439642096,4.0,0,45.0,D,114,6.0
4008,Wuhan University,https://www.whu.edu.cn,China,Asia (East & Southeast),978,1,0,0,1,0,0,0,0,0,0,0,1,4,1,1,1,0,1,1,6,1,1,0,1,0,1,0,1,1,1,1,1,0,0,1,0,1,1,1,0,0,0,0,0,1,1,1,15.43,0,1,1,0,0,0,0,75,1,0,1,0,0,0,5.1,0,1,0,0,0.0,0.5553329305536515,4.0,0,45.0,D,114,6.0
6134,University of Nigeria Nsukka,https://www.unn.edu.ng,Sub-Saharan Africa,Latin America & Africa,979,1,0,0,1,0,1,0,0,1,1,1,1,10,1,1,1,1,1,1,5,1,1,0,1,0,1,0,1,1,1,1,1,1,1,1,1,1,1,1,0,0,0,0,1,1,1,0,8.86,0,1,0,0,0,0,0,90,1,0,1,1,1,1,54.7,0,1,0,0,0.0,-1.1117039680204754,0.0,0,45.0,D,95,
6137,Covenant University,https://www.covenantuniversity.edu.ng,Sub-Saharan Africa,Latin America & Africa,980,1,0,0,0,0,0,0,1,1,1,0,1,9,1,1,1,0,1,1,0,1,0,0,0,1,1,0,1,1,1,1,1,1,1,1,1,1,1,1,1,0,0,0,0,1,1,0,19.95,0,1,1,0,0,0,0,90,1,0,1,1,1,1,71.8,0,1,0,0,0.0,-0.3477842076780933,29.0,0,45.0,D,95,
4101,Sungkyunkwan University,https://www.skku.edu,South Korea,Asia (East & Southeast),981,1,0,0,1,0,0,1,1,0,0,1,1,10,1,0,1,1,1,1,0,1,1,0,1,0,1,0,1,1,1,1,1,1,1,1,0,1,0,1,1,1,0,0,0,1,1,0,12.63,0,1,0,0,0,0,1,75,1,0,1,1,1,1,88.7,0,1,0,0,0.0,1.3088307784824251,3650.0,1,45.0,D,114,15.0
5120,Macquarie University,https://www.mq.edu.au,Australia,South & Central Asia + Oceania,982,0,0,0,0,0,0,0,0,0,0,0,0,0,0,0,1,0,1,1,0,0,0,0,0,0,1,0,0,1,0,1,1,1,1,1,0,1,0,1,0,0,1,0,0,0,0,0,11.53,0,1,0,0,0,0,0,75,1,0,1,1,1,1,60.0,0,1,0,0,0.0,0.2213224771127637,3650.0,1,45.0,D,168,33.0
4018,Shandong University,https://www.sdu.edu.cn,China,Asia (East & Southeast),983,1,0,0,1,0,0,0,0,0,0,1,1,8,0,1,1,0,1,1,0,0,0,0,0,0,1,0,1,1,1,1,1,1,0,1,0,1,0,1,1,0,0,0,0,1,0,0,21.0,0,1,0,0,0,0,0,75,1,0,1,0,0,0,0.0,0,0,0,0,0.0,0.10022424370878948,7.0,0,45.0,D,114,6.0
4019,Central South University,https://www.csu.edu.cn,China,Asia (East & Southeast),984,1,0,0,1,0,0,0,0,0,0,1,1,3,1,1,1,0,1,1,1,1,1,0,1,0,1,0,1,1,1,1,1,1,1,1,0,1,0,1,1,0,0,0,0,1,1,0,21.0,0,1,0,0,0,0,0,0,1,0,1,0,0,0,2.4,0,0,0,0,0.0,-0.040843395996650884,291.0,0,45.0,D,114,6.0
4020,Xiamen University,https://www.xmu.edu.cn,China,Asia (East & Southeast),985,1,0,0,1,0,0,0,0,0,0,1,1,4,0,1,1,0,1,1,2,1,1,0,0,1,1,0,1,1,1,1,1,1,1,1,0,0,0,0,0,0,0,0,0,1,1,0,21.0,0,1,0,0,0,0,0,75,1,0,1,0,0,0,0.0,0,0,0,0,0.0,0.6313850435669685,4.0,0,45.0,D,114,6.0
4021,Southeast University,https://www.seu.edu.cn,China,Asia (East & Southeast),986,1,0,0,1,0,0,0,0,0,0,1,1,6,0,1,1,0,1,1,0,1,0,0,1,1,1,0,1,1,1,1,1,1,1,1,0,1,0,1,0,0,0,0,0,1,1,0,15.72,0,1,0,0,0,1,0,75,1,0,1,1,1,0,0.0,0,0,0,0,0.0,-0.14699528988595076,4.0,0,45.0,D,114,6.0
1061,Case Western Reserve University,https://case.edu,United States,North America,987,1,0,0,0,0,0,0,1,0,0,1,1,10,1,0,1,0,1,1,7,0,0,0,0,1,1,0,0,1,1,1,1,1,1,1,1,1,0,1,1,0,0,1,0,1,1,1,21.0,0,1,1,0,0,0,0,100,1,0,0,1,1,1,59.4,0,1,0,0,0.0,0.44494976525334146,3650.0,1,45.0,D,187,164.0
6143,Kenyatta University,https://www.ku.ac.ke,Sub-Saharan Africa,Latin America & Africa,988,1,0,0,1,0,0,0,1,1,0,0,0,0,1,1,1,0,1,1,1,0,0,0,0,1,1,0,1,1,1,1,1,1,0,1,1,1,0,1,1,0,0,1,0,1,1,1,5.33,0,1,1,0,0,0,0,90,1,0,0,1,1,1,18.8,0,1,0,0,0.0,1.622811818128922,6.0,0,45.0,D,95,
2014,University of Birmingham,https://www.birmingham.ac.uk,United Kingdom,Western & Northern Europe,989,1,0,0,1,0,0,0,0,0,0,0,0,1,0,1,1,0,0,1,0,1,1,0,0,0,1,0,0,1,1,1,1,1,0,0,1,1,0,1,1,0,0,1,0,1,1,1,21.0,0,1,1,0,0,0,1,90,1,0,1,1,1,0,38.1,0,1,1,0,0.0,-1.3881573905359372,1.0,0,45.0,D,194,38.0
4045,Yunnan University,https://www.ynu.edu.cn,China,Asia (East & Southeast),990,1,0,0,1,0,0,0,0,0,0,0,0,0,0,1,1,0,1,1,0,1,1,0,1,0,1,0,1,1,1,1,1,1,1,0,1,1,0,1,0,0,0,0,0,1,0,0,21.0,0,1,0,0,0,0,0,75,0,0,1,1,0,0,77.3,0,0,0,0,0.0,1.0002076919006797,11.0,0,45.0,D,114,6.0
5158,University of Peradeniya,https://www.pdn.ac.lk,Sri Lanka,South & Central Asia + Oceania,991,1,0,0,0,1,0,0,1,1,1,1,1,10,1,1,1,0,1,1,2,0,0,0,1,1,1,0,1,1,0,1,1,1,1,1,1,1,1,1,1,0,0,1,0,1,1,1,21.0,0,0,0,0,0,0,0,75,1,0,1,0,1,1,97.1,0,1,0,0,0.0,3.84468489957083,5.0,0,45.0,D,168,
5161,University of Sri Jayewardenepura,https://www.sjp.ac.lk,Sri Lanka,South & Central Asia + Oceania,992,1,0,0,1,0,0,0,1,0,0,1,1,2,1,0,1,0,1,1,10,0,0,0,1,0,1,0,1,1,1,1,1,1,0,1,1,1,0,1,1,0,0,1,0,1,1,1,7.57,0,1,1,0,0,0,0,90,1,0,0,1,1,1,24.1,0,1,0,0,0.0,-0.41089617644379955,3650.0,1,45.0,D,168,
5162,University of Ruhuna,https://www.ruh.ac.lk,Sri Lanka,South & Central Asia + Oceania,993,1,0,0,1,0,0,0,1,0,0,1,1,10,0,1,1,1,1,0,0,0,0,0,0,1,1,1,1,1,1,1,1,1,0,1,1,0,1,1,0,0,0,0,0,1,1,0,12.63,0,1,1,0,0,0,1,90,1,0,1,1,1,0,84.6,0,1,0,0,0.0,-0.47786572969425006,228.0,0,45.0,D,168,
3313,Hellenic Mediterranean University,https://www.hmu.gr,Greece,Eastern & Southern Europe,994,1,0,0,1,1,0,0,0,0,0,0,1,8,1,1,1,1,1,1,3,1,1,1,0,1,1,0,1,1,1,1,1,1,0,1,1,1,1,1,1,0,0,1,0,1,1,1,5.74,0,1,1,0,0,1,0,90,1,0,1,1,1,0,51.9,0,1,1,0,0.0,1.145140288710607,26.0,0,45.0,D,162,
4039,Beijing Jiaotong University,https://www.bjtu.edu.cn,China,Asia (East & Southeast),995,1,0,0,0,0,0,0,0,0,0,1,0,1,0,0,1,0,1,1,0,1,1,0,0,0,1,0,1,1,1,1,1,1,0,1,1,1,0,1,0,1,0,0,0,1,0,0,12.82,0,1,0,0,0,0,0,75,0,1,0,0,1,0,0.0,0,0,0,0,0.6931471805599453,-0.2292680242803042,3650.0,1,45.0,D,114,6.0
6052,University of Guanajuato,https://www.ugto.mx,Mexico,Latin America & Africa,996,1,0,0,1,0,0,0,0,1,1,0,0,0,0,0,0,1,1,0,0,0,0,0,0,0,0,0,1,0,1,1,1,1,1,1,0,0,0,0,0,0,0,0,0,0,1,0,12.63,0,0,0,0,0,0,0,75,1,2,0,1,1,1,90.0,0,1,0,0,1.0986122886681098,1.0241018021748864,3650.0,1,45.0,D,95,
4038,Ocean University of China,https://www.ouc.edu.cn,China,Asia (East & Southeast),997,1,0,0,0,0,0,0,1,0,0,1,1,10,1,1,1,0,1,1,0,1,0,0,0,1,1,0,1,1,1,1,1,1,0,1,0,1,0,1,0,0,0,0,0,1,0,0,21.0,0,1,0,0,0,0,0,75,0,2,1,1,1,0,0.0,0,0,0,0,1.0986122886681098,0.14738056708116265,82.0,0,45.0,D,114,6.0
4062,Kyushu University,https://www.kyushu-u.ac.jp,Japan,Asia (East & Southeast),998,1,0,0,1,1,0,0,0,0,0,1,1,8,1,1,1,1,1,1,4,1,1,1,0,0,1,0,1,1,1,1,1,1,1,1,1,1,0,1,0,0,0,1,1,1,1,1,12.63,0,1,1,0,0,0,0,75,1,0,1,1,1,0,30.0,0,1,0,0,0.0,0.3610890113006415,4.0,0,45.0,D,114,36.0
1179,University of Calgary,https://www.ucalgary.ca,Canada,North America,999,1,0,0,1,0,0,0,1,0,0,0,1,10,0,1,1,1,1,1,20,1,1,0,0,1,1,0,1,1,1,1,1,1,1,1,1,1,1,1,1,0,1,0,0,1,1,1,10.86,0,1,1,0,0,0,1,100,1,0,1,1,1,1,72.7,0,1,0,0,0.0,0.2566381436424556,0.0,0,45.0,D,187,24.0
5133,Swinburne University of Technology,https://www.swinburne.edu.au,Australia,South & Central Asia + Oceania,1000,1,0,0,1,0,0,0,1,1,1,1,0,0,0,1,1,0,1,1,0,1,1,0,0,0,1,0,1,1,1,1,1,1,1,1,1,1,1,1,1,0,1,0,0,1,1,1,11.98,0,1,1,1,0,1,1,100,1,0,1,1,0,1,65.2,0,1,1,0,0.0,-0.15067628218353363,95.0,0,45.0,D,168,33.0
5132,Western Sydney University,https://www.westernsydney.edu.au,Australia,South & Central Asia + Oceania,1001,1,0,0,1,0,0,0,0,0,0,1,0,0,0,1,1,1,1,1,16,1,1,0,0,1,1,0,1,1,1,1,1,1,1,1,1,1,1,1,0,0,0,1,0,1,1,1,15.72,0,1,1,0,0,0,1,75,1,1,0,1,1,1,88.8,0,1,1,0,0.6931471805599453,0.4435766635692461,1.0,0,45.0,D,168,33.0
5125,Griffith University,https://www.griffith.edu.au,Australia,South & Central Asia + Oceania,1002,0,0,0,1,0,1,1,1,0,0,1,1,3,0,1,1,0,0,1,2,1,1,0,1,0,1,0,0,1,1,1,1,1,1,1,0,1,1,1,0,0,0,0,0,1,1,1,21.0,0,1,0,0,0,0,0,75,1,0,1,1,1,1,0.0,0,1,0,0,0.0,0.2980686074800682,0.0,0,45.0,D,168,33.0
2004,University College London,https://www.ucl.ac.uk,United Kingdom,Western & Northern Europe,1003,1,0,0,1,0,0,1,1,0,0,1,0,0,0,1,1,0,1,1,0,1,1,0,1,0,1,0,1,1,1,1,1,1,1,1,1,1,1,1,1,0,0,1,0,1,1,1,17.4,0,1,1,0,0,1,0,100,1,0,1,1,1,1,100.0,0,1,1,0,0.0,-1.3454788457365559,0.0,0,45.0,D,194,38.0
1402,University of Windsor,https://www.uwindsor.ca,Canada,North America,1004,1,0,0,1,0,0,1,1,0,0,1,0,0,0,0,1,0,0,1,0,1,0,0,0,0,1,0,0,1,1,1,1,1,0,1,0,1,0,1,0,0,0,0,0,0,1,1,12.63,0,1,0,0,0,0,0,75,1,0,1,0,1,1,65.0,0,1,1,0,0.0,1.5509956924046273,3650.0,1,45.0,D,187,24.0
1400,University of Louisville,https://www.louisville.edu,United States,North America,1005,1,0,0,1,0,0,0,0,1,1,0,1,5,0,1,1,1,1,1,13,1,1,0,0,0,1,0,1,1,1,1,1,1,1,1,1,1,1,1,0,0,1,1,0,1,1,1,12.63,0,1,1,0,0,0,0,100,1,0,1,0,1,1,76.9,0,1,1,0,0.0,0.8592767654973145,22.0,0,45.0,D,187,164.0
1301,Montana State University,https://www.montana.edu,United States,North America,1006,1,0,0,1,0,1,0,0,0,0,1,0,0,0,0,1,1,1,1,1,1,1,0,1,0,1,0,1,1,1,1,1,1,1,1,1,1,1,1,0,0,0,0,0,0,1,1,12.63,0,1,1,0,0,0,0,75,1,0,1,1,1,1,92.1,0,1,1,0,0.0,-0.6020545643631783,3650.0,1,45.0,D,187,164.0
6082,Pontifical Catholic University of Chile,https://www.uc.cl,Chile,Latin America & Africa,1007,1,0,0,1,1,0,0,0,1,1,0,1,4,0,0,1,1,1,0,0,1,1,0,0,0,1,0,1,1,1,1,1,1,0,1,0,1,1,1,1,0,0,1,1,0,1,1,15.43,0,1,0,0,0,1,0,100,1,0,1,1,1,1,70.4,0,1,0,0,0.0,-0.14540928310051723,3650.0,1,45.0,D,95,
1087,Colorado State University,https://www.colostate.edu,United States,North America,1008,1,0,0,1,0,0,0,0,0,0,1,1,3,0,0,1,1,1,1,10,1,1,0,1,1,1,0,1,1,1,1,1,1,1,1,1,1,0,1,0,0,0,0,0,1,1,1,21.0,0,1,0,0,0,0,0,90,1,0,1,1,1,1,89.7,0,1,1,0,0.0,-0.24179723765104363,3650.0,1,45.0,D,187,164.0
2027,Newcastle University,https://www.ncl.ac.uk,United Kingdom,Western & Northern Europe,1009,1,0,0,1,0,0,0,1,0,0,1,1,10,0,1,1,1,1,1,0,1,1,1,1,0,1,0,1,1,1,1,1,1,1,1,1,1,1,1,1,1,1,1,0,1,1,1,8.59,0,1,1,1,0,1,1,75,1,0,1,1,0,1,98.5,0,1,1,0,0.0,-0.09931383594098472,1.0,0,45.0,D,194,38.0
3143,University of Bucharest,https://www.unibuc.ro,Romania,Eastern & Southern Europe,1010,1,0,0,1,1,0,0,0,0,0,1,0,0,1,1,1,1,1,0,0,0,1,1,1,0,1,0,1,1,1,1,1,1,1,0,0,0,1,1,0,0,0,1,0,1,1,1,14.72,0,1,1,0,0,0,0,90,1,0,1,0,1,1,32.7,0,1,1,0,0.0,1.500008855306539,0.0,0,45.0,D,162,
4054,Jiangnan University,https://www.jiangnan.edu.cn,China,Asia (East & Southeast),1011,1,0,0,0,1,0,0,1,0,0,0,1,4,0,0,1,0,1,1,7,0,0,0,0,0,1,0,1,1,1,1,1,1,0,0,0,1,0,1,0,0,0,0,0,0,0,0,21.0,0,1,0,0,0,0,0,20,1,0,1,0,0,0,13.8,0,0,0,0,0.0,0.16885174410603038,3650.0,1,45.0,D,114,6.0
4048,Guangxi University,https://www.gxu.edu.cn,China,Asia (East & Southeast),1012,1,0,0,1,0,0,0,0,0,0,1,1,7,0,1,1,1,1,1,0,1,0,0,1,0,1,0,1,1,1,1,1,1,1,1,0,1,0,1,0,0,0,0,0,0,0,0,15.43,0,1,0,0,0,0,0,75,1,0,1,0,0,0,0.0,0,0,0,0,0.0,0.49493270359584574,21.0,0,45.0,D,114,6.0
3154,Gheorghe Asachi Technical University of Iasi,https://www.tuiasi.ro,Romania,Eastern & Southern Europe,1013,1,0,0,1,1,0,0,0,0,0,1,0,0,1,1,1,0,1,1,9,1,0,1,1,0,1,0,1,1,1,1,1,1,1,1,1,1,0,1,0,0,0,0,0,1,1,1,7.49,0,1,1,0,0,0,0,90,1,0,1,0,1,0,62.5,0,1,0,0,0.0,-0.28723177514656995,15.0,0,45.0,D,162,
3155,Taras Shevchenko National University of Kyiv,https://www.knu.ua,Ukraine,Eastern & Southern Europe,1014,1,0,0,0,0,0,0,0,1,1,1,1,5,0,1,1,1,1,0,0,1,1,1,1,0,1,0,1,1,1,1,1,1,0,1,1,0,0,0,0,0,0,0,0,1,1,0,18.59,0,1,0,0,0,0,0,0,1,0,1,0,1,1,50.0,0,0,0,0,0.0,0.020882275608100628,1.0,0,45.0,D,162,
2310,Technological University Dublin,https://www.tudublin.ie,Belgium/Ireland/Iceland,Western & Northern Europe,1015,1,0,0,1,1,0,0,0,0,0,1,1,10,1,1,1,1,1,1,0,1,0,0,0,0,1,0,1,1,1,1,1,1,1,1,1,1,1,1,0,0,0,0,1,1,1,0,15.91,0,1,0,1,0,0,0,90,1,0,1,1,1,1,96.8,0,1,1,0,0.0,-0.745554301227071,1.0,0,45.0,D,194,
3116,National and Kapodistrian University of Athens,https://www.uoa.gr,Greece,Eastern & Southern Europe,1016,1,0,0,1,0,0,0,1,0,0,0,1,5,1,1,1,1,1,1,12,1,1,1,0,0,1,0,1,1,1,1,1,1,0,1,0,0,0,1,1,0,0,0,1,1,1,1,12.63,0,1,1,0,0,0,0,75,1,0,1,0,1,1,37.0,0,1,0,0,0.0,-1.296842699596176,1.0,0,45.0,D,162,
3129,Technical University of Crete,https://www.tuc.gr,Greece,Eastern & Southern Europe,1017,1,0,0,1,1,1,0,0,0,0,1,0,0,0,1,0,1,1,0,0,1,1,0,0,0,1,0,0,1,1,1,1,0,0,0,0,0,0,1,0,0,0,0,0,1,1,0,12.63,0,1,0,0,0,0,0,75,1,0,1,0,0,0,61.7,0,1,0,0,0.0,-0.6743448354261297,0.0,0,45.0,D,162,
4041,Jinan University,https://www.jnu.edu.cn,China,Asia (East & Southeast),1018,1,0,0,1,0,0,0,1,0,0,1,1,6,0,1,1,1,1,1,1,1,1,0,1,0,1,0,1,1,1,1,1,1,1,1,0,1,0,1,0,0,0,0,0,1,1,0,12.63,0,1,0,0,0,1,0,75,1,5,1,1,1,0,0.0,0,1,0,0,1.791759469228055,-0.23007068510366366,243.0,0,45.0,D,114,6.0
1150,Carleton College,https://www.carleton.edu,Canada,North America,1019,1,0,0,1,0,0,0,1,0,0,1,1,10,1,0,1,1,1,1,0,0,0,0,0,0,1,0,1,1,1,1,0,1,1,1,1,1,0,1,0,0,0,1,0,0,0,1,12.63,0,1,0,0,0,0,0,90,1,0,1,1,0,1,100.0,0,1,1,0,0.0,-1.1321859611753418,3650.0,1,45.0,D,187,24.0
2185,Graz University of Technology,https://www.tugraz.at,Switzerland/Austria,Western & Northern Europe,1020,1,0,0,0,1,0,0,0,0,0,0,0,0,1,0,1,0,0,1,0,1,1,0,0,1,1,0,1,0,1,1,1,1,1,1,1,1,0,1,1,0,0,0,0,0,0,0,21.0,0,1,0,0,0,0,0,75,1,0,1,1,0,0,100.0,0,1,1,0,0.0,1.288466345234352,3650.0,1,45.0,D,194,
6016,Pontifical Catholic University of Rio de Janeiro,https://www.puc-rio.br,Brazil,Latin America & Africa,1021,1,0,0,1,0,0,0,1,0,0,0,0,0,0,0,0,0,0,0,0,0,0,0,0,1,1,0,1,1,1,1,1,1,0,1,0,1,0,1,0,0,0,1,0,1,1,1,19.2,0,1,1,0,0,0,0,75,1,4,1,1,1,0,100.0,0,1,0,0,1.6094379124341003,-0.12479312654271839,3650.0,1,45.0,D,95,14.0
1158,Harvey Mudd College,https://www.hmc.edu,United States,North America,1022,1,0,0,1,0,0,0,1,0,0,1,0,1,0,0,1,1,1,1,15,0,0,0,1,1,0,0,1,1,1,1,1,1,1,0,1,1,1,1,0,0,0,1,0,1,1,1,15.43,0,0,0,0,0,0,1,75,1,0,1,0,1,1,28.6,0,1,1,0,0.0,0.5648974318239718,3650.0,1,45.0,D,187,164.0
4029,Northwestern Polytechnical University,https://www.nwpu.edu.cn,China,Asia (East & Southeast),1023,1,0,0,1,0,0,0,0,0,0,1,0,0,1,0,1,0,1,1,1,1,1,0,0,1,1,0,1,1,1,1,1,1,1,1,0,1,0,1,0,0,0,0,0,1,0,0,20.27,0,1,0,0,0,0,0,55,1,0,1,1,1,0,25.0,0,0,0,0,0.0,1.3082287828649053,3650.0,1,45.0,D,114,6.0
4030,East China Normal University,https://www.ecnu.edu.cn,China,Asia (East & Southeast),1024,1,0,0,1,0,0,0,0,0,0,1,1,4,0,0,1,0,1,0,5,1,0,0,1,1,1,0,1,1,1,1,1,1,1,0,0,0,0,1,0,0,0,0,0,1,1,0,12.63,0,1,0,0,0,0,0,75,1,0,1,0,1,0,0.0,0,1,0,0,0.0,0.06591049351016867,3650.0,1,45.0,D,114,6.0
4031,Hunan University,https://www.hnu.edu.cn,China,Asia (East & Southeast),1025,1,0,0,1,0,0,0,0,1,1,1,1,10,0,1,1,1,1,1,0,0,0,0,1,0,1,0,1,1,1,1,1,1,1,0,1,1,0,1,0,0,0,0,0,1,1,0,21.0,0,0,0,0,0,0,0,0,0,0,1,0,1,0,2.2,0,0,0,0,0.0,2.013566981392106,0.0,0,45.0,D,114,6.0
4032,Beijing Institute of Technology,https://www.bit.edu.cn,China,Asia (East & Southeast),1026,1,0,0,1,0,0,0,1,1,0,0,0,0,0,1,1,0,1,0,1,1,1,0,1,0,1,0,1,1,1,1,1,1,1,1,1,1,0,0,0,0,0,0,0,1,1,0,21.0,0,1,0,0,0,0,0,75,0,0,1,0,0,0,50.8,0,1,0,0,0.0,0.4054360217912565,5.0,0,45.0,D,114,6.0
1104,University of Dayton,https://udayton.edu,United States,North America,1027,0,0,0,1,0,0,0,1,0,0,0,1,5,0,0,1,1,1,1,0,1,0,0,0,1,1,0,1,1,1,1,0,1,0,1,1,1,1,1,0,0,0,1,0,0,1,1,19.63,0,1,0,0,0,0,0,75,1,0,1,1,1,1,94.7,0,1,0,0,0.0,0.11473114605889512,3650.0,1,45.0,D,187,164.0
2301,University of St. Gallen,https://www.unisg.ch,Switzerland/Austria,Western & Northern Europe,1028,0,0,0,1,1,1,0,1,1,2,1,1,10,0,1,1,1,1,1,14,1,1,1,1,1,1,0,1,1,1,1,1,1,0,1,1,1,1,1,1,1,0,1,0,1,1,1,21.0,0,1,0,0,0,0,0,100,1,0,1,1,1,1,44.0,0,1,0,0,0.0,0.7831135761325866,0.0,0,45.0,D,194,
1105,Marquette University,https://www.marquette.edu,United States,North America,1029,1,0,0,1,0,0,0,1,0,0,1,1,10,0,0,1,0,1,0,0,1,1,0,1,0,1,0,1,1,1,1,1,1,1,1,1,1,1,1,0,0,0,1,0,1,1,1,15.43,0,1,1,0,0,0,0,75,1,0,1,1,0,1,87.0,0,1,1,0,0.0,1.4126104743231405,3650.0,1,45.0,D,187,164.0
5304,Delhi Technological University,https://www.dtu.ac.in,India,South & Central Asia + Oceania,1030,1,0,0,1,0,0,0,0,1,1,1,0,0,1,1,1,1,1,1,0,0,0,1,1,0,1,0,1,1,1,1,1,1,1,1,1,1,1,1,0,1,0,0,0,1,1,0,4.67,0,1,0,0,0,1,0,0,1,4,1,1,1,0,53.8,0,0,0,0,1.6094379124341003,3.7495262156334506,0.0,0,45.0,D,168,69.0
1143,Bates College,https://www.bates.edu,United States,North America,1031,1,0,0,1,0,0,0,0,0,0,1,0,0,1,1,1,1,1,1,0,0,0,0,0,0,1,0,1,1,0,1,1,1,1,1,1,1,0,0,0,0,0,1,0,0,1,1,21.0,0,0,0,0,0,0,0,75,1,1,1,1,1,1,85.7,0,1,0,0,0.6931471805599453,0.008041943496071962,54.0,0,45.0,D,187,164.0
5301,Indian Institute of Technology Jodhpur,https://www.iitj.ac.in,India,South & Central Asia + Oceania,1032,1,0,0,0,0,0,0,1,0,0,1,1,5,1,1,1,0,1,1,7,1,1,1,0,0,1,0,1,1,1,1,1,1,1,1,0,1,1,1,1,0,0,0,1,1,1,0,15.43,0,1,1,0,0,0,0,75,1,0,1,1,1,1,95.7,0,1,0,0,0.0,0.5261887402066633,0.0,0,45.0,D,168,69.0
5306,IIIT Delhi,https://www.iiitd.ac.in,India,South & Central Asia + Oceania,1033,1,0,0,1,0,0,0,1,0,0,1,1,4,0,0,1,0,1,1,10,1,1,0,0,1,1,0,1,1,1,1,1,1,1,1,1,1,1,1,1,1,0,0,0,1,1,1,5.83,0,1,1,0,0,0,1,75,1,0,0,0,1,0,4.8,0,1,1,0,0.0,0.1752096217116021,3650.0,1,45.0,D,168,69.0
6343,University of Malawi,https://www.unima.ac.mw,Sub-Saharan Africa,Latin America & Africa,1034,1,0,0,1,0,0,0,1,0,0,1,0,1,1,1,1,0,1,1,0,1,1,0,1,0,1,0,1,1,1,1,1,1,1,1,0,1,1,1,1,0,0,1,0,1,1,1,10.41,0,1,1,0,0,1,0,75,1,1,0,0,1,1,2.3,0,1,0,0,0.6931471805599453,-0.5817144739257696,1.0,0,45.0,D,95,
4155,Universiti Teknologi PETRONAS,https://www.utp.edu.my,Malaysia,Asia (East & Southeast),1035,1,0,0,1,0,0,0,0,1,1,1,1,6,1,0,1,1,1,1,12,0,0,0,1,1,1,0,1,1,1,1,1,1,1,1,1,1,0,1,0,0,0,0,0,1,1,0,9.74,0,1,0,0,0,0,1,75,1,0,1,1,1,1,60.0,0,1,0,0,0.0,0.5806167464894771,3650.0,1,45.0,D,114,
6351,University of Lome,https://www.univ-lome.tg,Sub-Saharan Africa,Latin America & Africa,1036,1,0,0,1,1,0,0,0,0,0,0,0,1,0,1,1,0,1,1,6,0,0,0,1,0,1,1,1,1,1,0,1,1,1,0,1,1,1,1,1,0,0,0,0,1,1,1,5.33,0,1,1,0,0,0,0,90,1,2,1,0,1,0,10.5,0,1,0,0,1.0986122886681098,0.3932754606988382,784.0,0,45.0,D,95,
4130,National Sun Yat-sen University,https://www.nsysu.edu.tw,Taiwan,Asia (East & Southeast),1037,1,0,0,1,1,0,0,0,1,0,1,0,1,0,1,1,0,1,1,0,0,0,0,0,1,1,0,1,1,0,1,1,1,0,0,1,1,0,1,0,0,0,0,1,0,1,0,4.95,0,1,0,0,0,0,0,50,1,0,1,1,1,0,74.2,0,1,0,0,0.0,0.32476860904362226,0.0,0,45.0,D,114,
4129,National Central University,https://www.ncu.edu.tw,Taiwan,Asia (East & Southeast),1038,1,0,0,1,1,0,0,0,0,0,0,1,2,1,1,1,1,1,1,0,0,1,0,0,1,1,0,1,1,1,1,1,1,0,0,0,1,0,1,0,0,0,0,1,1,1,0,18.58,0,1,0,0,0,0,0,50,1,0,1,1,1,1,100.0,0,1,0,0,0.0,-0.4140806788588394,35.0,0,45.0,D,114,
4025,Dalian University of Technology,https://www.dlut.edu.cn,China,Asia (East & Southeast),1039,1,0,0,1,0,0,0,0,0,0,1,1,10,0,1,1,1,1,1,4,0,0,1,0,1,1,0,1,1,1,1,1,1,0,1,1,0,0,1,0,0,0,0,0,0,1,0,12.63,0,1,0,0,0,0,0,75,1,0,1,1,0,0,0.0,0,1,0,0,0.0,0.9903750968145254,50.0,0,45.0,D,114,6.0
4150,University of Malaya,https://www.um.edu.my,Malaysia,Asia (East & Southeast),1040,1,0,0,1,0,0,0,1,0,0,0,0,0,0,1,1,0,1,0,3,1,1,0,1,0,1,1,1,1,1,1,1,1,1,0,1,1,0,1,0,0,1,0,1,1,1,1,5.33,0,1,1,0,0,0,0,75,1,3,0,1,1,0,27.3,0,1,0,0,1.3862943611198906,0.007115588199082113,0.0,0,45.0,D,114,
4149,Singapore University of Technology and Design,https://www.sutd.edu.sg,Singapore,Asia (East & Southeast),1041,1,0,0,1,0,0,1,1,1,1,1,0,1,0,1,1,1,1,1,0,1,0,0,1,1,1,0,1,1,0,1,1,1,1,1,1,1,1,1,1,0,0,1,0,1,1,1,21.0,0,1,1,0,0,0,1,90,1,0,1,1,1,0,80.0,0,1,0,0,0.0,-0.31896537129073327,0.0,0,45.0,D,114,
4138,University of Hong Kong,https://www.hku.hk,Hong Kong,Asia (East & Southeast),1042,1,0,0,1,0,0,1,1,0,0,1,1,3,1,0,1,1,1,1,2,0,0,0,1,0,1,0,1,1,1,1,1,1,1,1,1,1,0,1,0,0,0,0,1,1,1,0,12.63,0,1,0,0,0,0,0,90,1,0,0,1,1,0,82.9,0,1,1,0,0.0,0.6083085448953818,3650.0,1,45.0,D,114,
4154,Universiti Teknologi Malaysia,https://www.utm.my,Malaysia,Asia (East & Southeast),1043,1,0,0,1,0,0,1,1,0,0,1,0,1,0,0,0,1,0,0,0,0,0,0,1,0,1,1,1,1,1,1,1,1,1,1,0,1,0,1,0,1,0,0,0,1,1,1,5.74,0,1,1,0,0,0,1,90,1,0,0,0,1,1,13.3,0,1,1,0,0.0,-0.842300228121157,3650.0,1,45.0,D,114,
6354,Multimedia University of Kenya,https://www.mmu.ac.ke,Sub-Saharan Africa,Latin America & Africa,1044,1,0,0,1,1,0,0,0,1,1,0,0,1,1,1,1,0,1,1,1,0,0,0,0,0,1,0,1,1,1,1,1,1,1,1,0,1,0,1,1,0,0,1,0,1,1,1,5.33,0,1,1,0,0,1,0,90,1,3,0,0,1,1,33.3,0,1,0,0,1.3862943611198906,-0.32562534552753414,5.0,0,45.0,D,95,
4024,Jilin University,https://www.jlu.edu.cn,China,Asia (East & Southeast),1045,1,0,0,0,0,0,0,1,0,0,1,1,10,0,1,1,1,0,0,1,1,0,0,0,0,1,0,0,1,1,1,1,1,0,1,0,1,0,1,0,0,0,0,0,1,0,0,21.0,0,1,0,0,0,0,0,75,1,0,0,0,1,0,0.0,0,0,0,0,0.0,-0.14659395947427084,62.0,0,45.0,D,114,6.0
5314,MNNIT Allahabad,https://www.mnnit.ac.in,India,South & Central Asia + Oceania,1046,1,0,0,1,0,0,0,0,0,0,1,0,0,1,1,1,0,1,1,0,0,0,1,0,0,1,0,1,1,1,1,1,1,0,1,1,1,1,1,1,0,0,0,0,1,0,0,11.29,0,1,0,0,0,0,0,75,1,0,1,1,1,1,29.8,0,0,0,0,0.0,0.04322583063407204,3.0,0,45.0,D,168,69.0
5328,Uva Wellassa University,https://www.uwu.ac.lk,Sri Lanka,South & Central Asia + Oceania,1047,1,0,0,0,0,1,0,0,0,0,0,0,0,1,0,1,1,1,1,4,1,0,0,1,1,1,1,1,1,1,1,1,1,1,1,1,1,1,1,1,1,0,0,0,1,1,1,21.0,0,1,1,0,0,0,1,75,1,0,0,0,1,1,45.6,0,1,0,0,0.0,1.4970028479102724,3650.0,1,45.0,D,168,
1116,Stevens Institute of Technology,https://www.stevens.edu,United States,North America,1048,0,0,0,0,0,0,0,1,1,1,1,1,3,1,1,1,0,1,1,7,1,1,0,1,1,1,1,1,1,1,1,1,1,1,1,1,1,1,1,0,0,1,0,1,1,1,1,21.0,0,1,0,0,0,0,1,90,1,0,1,1,1,1,78.3,0,1,0,0,0.0,-0.4052492392472909,32.0,0,45.0,D,187,164.0
5410,NIT Srinagar,https://www.nitsri.ac.in,India,South & Central Asia + Oceania,1049,1,0,0,1,0,0,0,1,1,1,1,0,1,1,0,1,1,1,1,6,0,0,0,0,0,1,1,1,1,1,1,1,1,0,1,1,1,1,1,0,0,0,1,0,1,1,1,5.33,0,1,1,0,0,0,0,75,1,1,1,1,1,1,0.0,0,0,0,0,0.6931471805599453,-1.040833628673097,3650.0,1,45.0,D,168,69.0
5411,IIIT Allahabad,https://www.iiita.ac.in,India,South & Central Asia + Oceania,1050,1,0,0,0,0,0,0,1,0,0,1,0,0,1,1,1,1,1,1,8,1,1,0,0,0,1,0,1,1,1,1,1,1,1,1,0,1,1,1,0,0,0,0,1,0,1,0,12.63,0,1,0,0,1,0,0,75,1,1,0,0,1,1,0.0,0,1,0,0,0.6931471805599453,-0.006634712661883881,0.0,0,45.0,D,168,69.0
5408,NIT Jalandhar,https://www.nitj.ac.in,India,South & Central Asia + Oceania,1051,1,0,0,1,0,0,0,1,1,1,1,1,4,1,1,1,0,1,1,0,1,1,0,1,0,1,0,1,1,1,1,1,1,1,1,1,1,1,1,1,1,0,0,0,1,1,0,20.19,0,1,1,1,0,1,0,75,1,5,1,0,1,1,14.9,0,1,0,0,1.791759469228055,0.06831904523399747,78.0,0,45.0,D,168,69.0
5407,NIT Hamirpur,https://www.nith.ac.in,India,South & Central Asia + Oceania,1052,1,0,0,1,1,0,0,1,1,0,1,1,5,1,1,1,1,1,1,15,1,1,0,0,0,1,0,1,1,1,1,1,1,1,0,0,1,1,1,1,1,0,0,0,1,1,0,5.83,0,1,1,0,0,1,0,75,1,0,1,1,1,1,74.5,0,1,0,0,0.0,0.5672503640974501,0.0,0,45.0,D,168,69.0
3070,Jaume I University,https://www.uji.es,Spain,Eastern & Southern Europe,1053,1,0,0,1,1,0,0,1,0,0,1,1,7,1,1,1,1,1,1,0,1,1,0,0,1,1,0,0,1,0,1,1,1,0,1,0,1,1,1,1,0,0,1,0,0,1,1,19.8,0,1,1,0,0,0,0,75,1,0,1,0,1,1,100.0,0,1,1,0,0.0,-0.00939172123930603,0.0,0,45.0,D,162,24.0
6520,University of the West Indies,https://www.uwi.edu,Peru & Andes,Latin America & Africa,1054,1,0,0,1,0,0,0,1,0,0,1,0,0,0,1,1,0,1,1,2,1,1,0,0,1,1,0,1,1,0,1,1,1,0,0,1,1,0,1,0,0,0,0,0,1,0,0,9.29,0,1,0,0,0,0,0,75,1,0,0,1,1,0,95.0,0,1,1,0,0.0,0.38514119484610126,11.0,0,45.0,D,95,
4133,National Taiwan Normal University,https://www.ntnu.edu.tw,Taiwan,Asia (East & Southeast),1055,1,0,0,0,1,0,0,0,0,0,0,0,0,0,1,1,0,1,0,0,1,0,0,0,1,1,0,1,1,0,1,1,1,0,1,0,0,0,0,0,0,0,1,0,0,1,0,12.63,0,1,1,0,0,0,0,75,1,2,1,1,1,1,10.8,0,0,0,0,1.0986122886681098,-0.259568470362127,14.0,0,44.87,D,167,
3062,University of Cordoba,https://www.uco.es,Spain,Eastern & Southern Europe,1056,1,1,7,1,1,0,0,0,0,0,0,1,2,1,1,0,1,0,0,0,0,0,1,0,0,1,0,0,1,0,1,0,1,0,0,0,0,0,1,0,0,0,0,0,0,1,1,12.63,0,1,1,0,0,0,1,75,1,1,0,0,1,0,53.3,0,1,0,0,0.6931471805599453,-0.26949730362057434,1257.0,0,44.81,D,177,26.0
4053,Capital Normal University,https://www.cnu.edu.cn,China,Asia (East & Southeast),1057,1,1,6,0,0,0,0,0,0,0,0,1,2,0,0,1,0,1,0,0,0,0,0,0,0,1,0,1,1,0,1,1,1,0,0,0,0,0,1,0,0,0,1,0,1,1,0,12.63,0,1,1,0,0,1,0,75,1,0,0,0,1,0,0.0,0,0,0,0,0.0,-0.2993001811184246,3650.0,1,44.43,D,168,35.0
6028,Federal University of ABC,https://www.ufabc.edu.br,Brazil,Latin America & Africa,1058,1,1,8,0,0,0,0,1,0,0,1,0,0,0,0,1,1,0,0,0,1,1,0,0,0,1,0,1,1,0,1,1,1,0,0,0,0,0,1,0,0,0,0,0,1,1,0,9.52,0,1,1,0,0,0,1,90,1,0,0,0,0,1,66.7,0,1,0,0,0.0,0.2956642704659951,3650.0,1,44.28,D,110,15.0
4099,Korea University,https://www.korea.ac.kr,South Korea,Asia (East & Southeast),1059,1,1,9,0,0,0,1,1,0,0,1,1,10,0,1,0,1,0,0,2,0,0,0,1,1,1,0,0,1,0,0,1,1,0,0,0,0,0,0,0,0,0,1,1,1,1,1,14.94,0,1,1,1,0,0,0,75,1,0,0,0,0,1,100.0,0,1,0,0,0.0,2.357507144201671,5.0,0,44.06,D,169,19.0
4003,Fudan University,https://www.fudan.edu.cn,China,Asia (East & Southeast),1060,1,0,0,0,0,0,0,0,0,0,1,1,7,0,0,1,0,1,1,0,1,0,0,0,1,1,0,1,1,0,1,1,1,0,1,1,1,0,1,0,0,0,0,0,1,0,0,12.63,0,1,0,0,0,0,0,75,1,2,1,1,1,0,0.0,0,0,0,0,1.0986122886681098,0.012132218345079344,3650.0,1,43.87,D,170,36.0
3147,Politehnica University of Timisoara,https://www.upt.ro,Romania,Eastern & Southern Europe,1061,1,1,1,0,0,0,0,1,0,0,0,0,0,0,1,0,1,1,0,0,0,0,0,0,1,0,0,0,0,0,1,1,0,0,0,0,1,0,1,0,0,0,1,0,1,1,1,19.51,0,0,1,0,0,0,0,75,1,0,1,1,1,1,100.0,0,1,0,0,0.0,-0.2488966548782562,0.0,0,43.82,D,178,
6077,Externado University of Colombia,https://www.uexternado.edu.co,Colombia,Latin America & Africa,1062,1,1,7,1,1,0,0,1,0,0,0,1,10,0,0,1,1,0,0,15,1,1,0,0,0,1,0,0,0,0,0,0,1,0,0,0,0,0,1,0,0,0,1,0,1,1,1,15.91,0,1,1,0,0,0,0,90,1,10,0,1,1,0,74.5,0,1,0,0,2.3978952727983707,-0.7702050481685019,3650.0,1,43.81,D,111,
3148,West University of Timisoara,https://www.uvt.ro,Romania,Eastern & Southern Europe,1063,1,1,8,1,1,0,1,1,1,1,0,0,1,0,1,1,1,0,0,1,1,1,1,1,0,1,0,0,0,0,0,0,0,0,0,0,1,0,1,0,0,0,1,1,1,1,1,12.63,0,1,1,0,0,0,0,90,1,0,1,0,1,1,73.3,0,1,0,0,0.0,-0.084449737091752,14.0,0,43.62,D,179,
6413,CEFET Rio de Janeiro,https://www.cefet-rj.br,Brazil,Latin America & Africa,1064,1,1,7,1,1,0,0,0,0,0,0,0,0,0,0,0,1,0,0,0,0,0,0,0,0,0,1,1,0,0,0,1,1,0,0,0,0,0,1,1,0,0,0,0,0,1,1,12.63,0,0,0,0,0,0,0,75,1,0,1,1,1,1,50.0,0,1,0,0,0.0,-0.004321844344424617,3650.0,1,43.53,D,112,16.0
6104,Higher University of San Andres Bolivia,https://www.umsa.bo,Peru & Andes,Latin America & Africa,1065,1,1,1,1,1,0,0,0,0,0,0,1,10,0,1,1,1,1,1,18,1,1,1,0,0,1,0,1,0,0,0,0,0,0,0,0,0,0,1,1,0,0,1,0,1,1,0,8.69,0,1,1,0,0,0,0,75,1,4,0,1,1,1,76.9,0,1,0,0,1.6094379124341003,1.1175056135183832,1.0,0,43.44,D,113,
3300,University of Salento,https://www.unisalento.it,Italy,Eastern & Southern Europe,1066,1,1,1,1,0,0,0,0,1,1,0,1,6,0,0,1,1,1,0,16,1,1,0,0,0,1,0,1,0,0,1,1,0,0,0,0,1,1,0,0,0,0,1,0,0,1,1,21.0,0,1,1,0,0,0,0,75,1,0,1,1,1,0,71.7,0,1,0,0,0.0,-0.9437654937604463,3650.0,1,43.28,D,180,30.0
6128,Mohammed V University in Rabat,https://www.um5.ac.ma,Egypt & North Africa,Latin America & Africa,1067,1,1,3,0,0,0,0,0,1,1,0,1,6,0,1,0,0,1,0,13,1,1,1,0,0,1,0,1,0,0,0,1,1,0,0,0,0,0,1,0,0,0,0,0,1,1,0,6.29,0,1,1,0,0,0,0,75,1,0,0,1,1,0,95.6,0,1,0,0,0.0,-0.5819949658517262,3650.0,1,43.24,D,114,
6045,University of Guadalajara,https://www.udg.mx,Mexico,Latin America & Africa,1068,1,1,4,1,1,0,0,0,0,0,1,0,0,0,0,0,0,0,0,0,0,0,0,0,0,0,0,1,1,0,1,0,1,0,0,0,0,0,1,0,0,0,1,0,1,1,1,12.63,0,0,1,0,0,0,0,75,1,0,1,0,1,1,23.1,0,1,0,0,0.0,0.17407102056387538,3650.0,1,41.92,D,115,
3004,University of Padua,https://www.unipd.it,Italy,Eastern & Southern Europe,1069,1,1,6,1,1,0,0,0,0,0,0,1,3,0,0,1,0,1,0,20,1,1,1,0,1,1,0,1,0,0,0,1,0,0,0,0,0,0,0,0,0,0,1,0,1,1,1,21.0,0,1,1,1,0,0,0,90,1,0,1,1,1,1,76.9,0,1,0,0,0.0,-1.6694457377181031,3650.0,1,41.63,D,181,31.0
4125,National Tsing Hua University,https://www.nthu.edu.tw,Taiwan,Asia (East & Southeast),1070,1,0,0,1,0,0,1,1,0,0,1,1,2,0,1,1,0,1,0,0,0,1,0,0,0,1,0,1,1,0,1,1,1,0,0,0,1,1,0,0,0,0,0,0,1,1,0,9.74,0,1,0,0,0,0,0,50,1,0,0,1,1,0,73.1,0,1,0,0,0.0,-0.26257844844972544,496.0,0,41.46,D,171,
4042,Northeastern University China,https://www.neu.edu.cn,China,Asia (East & Southeast),1071,1,0,0,0,0,0,0,0,0,0,1,1,9,0,0,1,0,1,1,0,1,0,0,0,0,1,0,0,1,1,0,1,1,0,1,0,1,0,1,0,0,0,0,0,1,1,0,21.0,0,1,0,0,0,0,0,75,0,0,1,0,1,0,0.0,0,0,0,0,0.0,0.24249587464926883,3650.0,1,41.38,D,172,37.0
4210,Hue University,https://www.hueuni.edu.vn,Vietnam,Asia (East & Southeast),1072,0,0,0,1,0,0,0,0,0,0,1,0,0,1,1,1,0,1,0,0,0,0,1,0,0,1,1,1,1,0,1,1,1,1,0,0,1,0,0,0,0,0,0,0,1,0,0,21.0,0,1,0,0,0,0,0,0,1,0,0,1,1,0,43.4,0,0,0,0,0.0,2.8316790256013227,581.0,0,41.25,D,173,
6024,Rio de Janeiro State University,https://www.uerj.br,Brazil,Latin America & Africa,1073,1,1,6,1,0,0,0,0,0,0,0,0,0,0,1,0,1,0,0,1,1,1,1,0,1,1,0,0,1,0,0,1,0,0,0,0,0,1,1,1,0,0,0,0,1,1,1,12.63,0,1,1,0,1,0,0,90,1,1,0,1,1,0,14.0,0,1,0,0,0.6931471805599453,2.8014388909979098,0.0,0,41.18,D,116,17.0
5418,Central University of Haryana,https://www.cuh.ac.in,India,South & Central Asia + Oceania,1074,1,1,20,1,0,0,0,0,0,0,0,0,0,0,0,1,1,1,1,0,0,0,0,0,0,1,0,1,1,0,0,1,0,0,0,0,0,1,1,0,0,0,0,0,1,1,0,21.0,0,1,0,0,0,1,0,75,1,0,1,1,1,1,100.0,0,1,0,0,0.0,-0.38335881756466067,3650.0,1,41.06,D,205,89.0
3006,University of Naples Federico II,https://www.unina.it,Italy,Eastern & Southern Europe,1075,1,1,1,0,1,1,0,0,0,0,0,1,3,0,1,1,1,0,0,20,1,1,1,0,1,1,0,1,0,0,0,0,0,0,0,0,0,1,1,0,0,0,1,0,1,1,1,21.0,0,1,1,0,0,0,0,100,1,0,1,1,1,0,100.0,0,1,0,0,0.0,0.5584696397445924,0.0,0,40.69,D,182,32.0
4127,National Cheng Kung University,https://www.ncku.edu.tw,Taiwan,Asia (East & Southeast),1076,1,0,0,0,1,0,1,1,0,0,1,0,1,1,0,1,0,1,1,0,0,0,0,0,0,1,0,1,1,0,1,1,1,0,0,0,1,0,0,1,0,0,0,1,0,1,0,10.05,0,1,0,0,0,0,0,50,1,10,1,1,1,1,96.3,0,1,0,0,2.3978952727983707,0.06470650227512931,3650.0,1,40.41,D,174,
6072,University of the Andes,https://www.uniandes.edu.co,Colombia,Latin America & Africa,1077,1,1,1,1,0,0,0,0,0,0,0,1,2,0,1,1,1,0,0,16,1,1,1,0,0,1,0,1,0,0,0,0,0,0,0,0,1,0,1,0,0,0,0,0,0,1,0,5.74,0,1,1,0,0,0,0,100,1,0,1,1,1,1,83.3,0,1,1,0,0.0,-1.101466012723065,5.0,0,40.16,D,117,
6025,State University of Maringa,https://www.uem.br,Brazil,Latin America & Africa,1078,1,0,0,1,1,0,0,1,0,0,1,0,0,0,0,1,0,1,0,0,0,0,0,0,0,1,0,1,1,0,0,1,1,0,1,0,0,0,0,1,0,0,1,0,1,0,0,12.63,0,0,1,0,0,0,0,75,1,0,1,1,1,1,13.6,0,1,0,0,0.0,0.19118102804721862,3650.0,1,40.14,D,118,18.0
6509,Anahuac University,https://www.anahuac.mx,Mexico,Latin America & Africa,1079,1,1,9,1,1,0,0,1,1,1,1,1,6,0,1,0,0,0,0,11,0,0,1,0,0,1,0,1,0,0,0,0,0,0,0,0,0,0,1,1,0,0,0,0,1,1,1,12.63,0,1,1,1,0,0,0,75,1,0,0,1,1,1,94.0,0,1,0,0,0.0,-0.8493037712882198,67.0,0,39.94,D,119,
3073,Rey Juan Carlos University,https://www.urjc.es,Spain,Eastern & Southern Europe,1080,1,1,7,1,0,0,0,0,0,0,0,1,8,0,0,0,1,0,0,4,0,0,1,0,0,1,0,0,0,0,0,0,1,0,0,0,1,0,1,1,0,0,0,0,1,1,1,1.82,0,1,1,0,0,0,0,75,1,0,0,1,1,0,85.1,0,1,0,0,0.0,1.2271846115278395,3650.0,1,39.85,D,183,27.0
6093,Cayetano Heredia University,https://www.cayetano.edu.pe,Peru & Andes,Latin America & Africa,1081,1,1,1,1,0,0,0,0,0,0,0,0,1,0,1,0,0,0,0,9,1,1,1,0,1,1,0,0,1,0,0,1,0,0,0,0,0,0,1,1,0,0,1,0,1,1,1,21.0,0,1,0,0,0,0,0,90,1,2,1,1,1,1,89.6,0,1,0,0,1.0986122886681098,-0.7965712892084077,25.0,0,39.84,D,120,
6033,Getulio Vargas Foundation,https://www.fgv.br,Brazil,Latin America & Africa,1082,1,1,8,0,1,0,0,1,0,0,0,1,10,0,1,1,0,0,0,8,1,1,1,1,0,1,0,1,0,0,0,1,0,0,0,0,0,1,0,0,0,0,0,0,1,1,1,15.43,0,1,1,0,0,0,0,75,1,0,1,1,1,0,78.6,0,1,1,0,0.0,0.5830282486083744,0.0,0,39.81,D,121,19.0
6097,University of the Republic Uruguay,https://www.udelar.edu.uy,Peru & Andes,Latin America & Africa,1083,1,1,5,1,0,1,0,0,0,0,1,1,8,0,1,0,0,0,0,20,1,1,1,0,1,1,0,0,0,0,0,0,0,0,0,0,0,0,1,0,0,0,1,0,1,1,1,18.26,0,1,1,0,0,0,0,100,1,0,1,0,1,0,100.0,0,1,0,0,0.0,0.8294404055611129,0.0,0,38.66,D,122,
6105,National University of Asuncion,https://www.una.py,Peru & Andes,Latin America & Africa,1084,1,1,9,1,0,0,0,0,0,0,0,1,6,0,1,0,1,0,0,0,0,0,1,0,0,1,0,1,0,0,0,0,0,0,0,0,0,0,1,0,0,0,1,0,1,1,1,18.88,0,1,1,0,0,0,0,90,1,0,1,1,1,1,18.2,0,1,0,0,0.0,-1.7833418847231866,1.0,0,38.36,D,123,
6131,University of Tunis El Manar,https://www.utm.rnu.tn,Egypt & North Africa,Latin America & Africa,1085,1,1,6,1,0,0,0,1,1,0,0,1,5,0,0,0,0,1,0,0,0,0,1,0,0,1,1,1,0,0,0,1,0,1,0,0,0,0,1,0,0,0,1,0,1,1,1,4.48,0,1,1,0,0,0,0,75,1,0,1,1,1,1,2.6,0,0,0,0,0.0,1.0957674892567586,3650.0,1,38.24,D,124,
4058,Osaka University,https://www.osaka-u.ac.jp,Japan,Asia (East & Southeast),1086,1,1,5,0,1,1,0,0,0,0,1,1,10,0,0,1,0,0,1,2,1,1,1,0,1,1,0,0,1,0,0,1,0,0,1,0,0,0,0,0,1,0,0,0,1,1,0,21.0,0,1,0,0,0,0,0,75,1,0,1,1,1,0,79.0,0,1,0,0,0.0,-0.3406372135214411,3650.0,1,37.94,D,175,39.0
6017,Federal University of Goias,https://www.ufg.br,Brazil,Latin America & Africa,1087,1,1,7,1,1,0,0,0,1,1,0,1,10,0,1,0,1,0,0,7,1,1,1,0,1,1,0,0,0,0,0,0,0,0,0,0,0,0,0,0,0,0,1,0,1,1,1,21.0,0,1,1,0,0,0,0,75,1,0,1,1,1,0,66.9,0,1,0,0,0.0,-0.014419553678856575,4.0,0,37.57,D,125,20.0
3092,Cracow University of Technology,https://www.pk.edu.pl,Poland,Eastern & Southern Europe,1088,1,1,5,1,0,1,0,0,0,0,0,0,1,0,1,0,0,0,0,0,0,0,1,0,0,1,0,0,0,0,0,1,0,0,0,0,0,0,0,0,0,0,1,0,1,1,1,10.17,0,1,1,0,0,0,0,75,1,0,1,1,1,0,94.9,0,1,1,0,0.0,-0.6007199081818451,0.0,0,37.39,D,184,26.0
3306,Pablo de Olavide University,https://www.upo.es,Spain,Eastern & Southern Europe,1089,1,1,5,1,0,0,0,0,0,0,0,0,0,0,0,0,0,0,0,0,1,1,0,0,0,1,0,0,0,0,1,1,0,0,0,0,1,0,1,0,0,0,1,0,1,1,1,12.63,0,1,0,1,0,0,0,75,1,1,1,1,0,0,95.5,0,1,0,0,0.6931471805599453,-0.037336949098450666,3650.0,1,36.99,D,185,28.0
6069,Torcuato di Tella University,https://www.utdt.edu,Argentina,Latin America & Africa,1090,1,1,16,1,0,0,0,0,1,1,1,1,2,0,0,0,1,0,0,0,0,0,0,0,0,1,0,0,0,0,0,0,1,0,0,0,0,0,1,0,0,0,1,0,1,1,1,14.13,0,1,1,0,0,0,0,75,1,0,1,1,1,1,10.3,0,0,0,0,0.0,-0.035456448125590116,3650.0,1,36.85,D,126,
6315,National University of Mar del Plata,https://www.mdp.edu.ar,Argentina,Latin America & Africa,1091,1,1,8,1,0,0,0,1,1,1,0,0,0,0,0,1,0,0,0,20,1,1,0,0,1,1,0,0,0,0,1,0,0,0,0,0,0,0,1,1,0,0,1,0,0,1,1,21.0,0,1,1,0,0,0,0,50,1,1,1,1,1,0,89.2,0,1,0,0,0.6931471805599453,-0.1144149252823299,3650.0,1,36.63,D,127,
4204,Vietnam National University Hanoi,https://www.vnu.edu.vn,Vietnam,Asia (East & Southeast),1092,1,1,8,0,0,0,1,1,0,0,1,1,9,0,1,0,0,0,0,0,1,1,1,1,0,1,0,0,0,0,1,1,0,0,0,0,0,0,0,0,0,0,1,1,1,1,0,6.89,0,1,1,0,0,0,0,75,1,0,1,1,1,0,100.0,0,1,0,0,0.0,-0.47749088390424366,1.0,0,36.59,D,176,
6513,National University of Salta,https://www.unsa.edu.ar,Argentina,Latin America & Africa,1093,1,1,8,1,0,0,0,0,0,0,0,0,0,0,1,1,1,0,0,0,1,0,1,0,1,1,0,0,0,0,0,0,0,0,0,0,0,0,1,0,0,0,0,0,1,1,0,16.62,0,1,1,0,0,0,0,90,1,1,1,0,1,1,28.6,0,1,0,0,0.6931471805599453,0.5469850361229709,1.0,0,36.25,D,128,
6503,Federal University of Acre,https://www.ufac.br,Brazil,Latin America & Africa,1094,1,1,10,1,1,0,0,0,0,0,0,0,0,0,1,0,1,0,0,20,0,0,1,0,0,1,0,0,0,0,0,0,0,0,0,0,0,0,0,0,0,0,0,0,0,1,1,14.74,0,0,1,1,0,0,0,75,1,0,1,0,1,1,80.0,0,1,0,0,0.0,-0.6069587472618497,1.0,0,36.16,D,129,21.0
4215,National University of Mongolia,https://www.num.edu.mn,Other SE/E Asia,Asia (East & Southeast),1095,1,1,5,1,1,0,0,0,0,0,0,1,2,0,1,1,0,0,0,5,1,1,0,0,0,1,0,0,0,0,0,0,0,0,0,0,0,0,0,0,0,0,1,0,1,1,1,14.55,0,1,0,0,0,0,0,90,1,0,1,0,1,1,26.7,0,1,0,0,0.0,1.2319760046457489,1.0,0,35.83,D,177,
6515,University of Bio-Bio,https://www.ubiobio.cl,Chile,Latin America & Africa,1096,1,1,7,1,0,0,0,0,0,0,0,1,4,0,1,0,0,0,0,5,0,1,1,0,0,1,0,0,0,0,0,0,0,0,0,0,0,0,0,0,0,0,1,0,1,1,1,15.43,0,1,1,0,0,0,0,75,1,0,1,1,1,0,98.2,0,1,1,0,0.0,-0.022133081642658814,1.0,0,35.67,D,130,
6037,Federal University of Alagoas,https://www.ufal.edu.br,Brazil,Latin America & Africa,1097,1,1,10,1,0,0,0,0,0,0,0,1,10,0,1,0,1,0,0,2,0,0,1,0,0,1,0,0,0,0,0,0,0,0,0,0,0,1,0,0,0,0,0,0,0,1,1,12.71,0,1,1,1,0,0,0,75,1,0,1,1,1,0,50.0,0,1,0,0,0.0,0.18669315723191546,1.0,0,35.57,D,131,22.0
6411,Federal University of Jequitinhonha and Mucuri Valleys,https://www.ufvjm.edu.br,Brazil,Latin America & Africa,1098,0,1,10,1,0,0,0,0,0,0,0,0,0,0,1,0,1,0,0,0,0,0,1,0,0,1,0,0,0,0,0,0,0,0,0,0,0,0,1,1,0,0,0,0,0,1,1,14.74,0,1,0,0,1,0,0,75,1,1,0,1,1,1,94.7,0,1,0,0,0.6931471805599453,1.049626567436923,1.0,0,35.37,D,132,23.0
3105,University of Aveiro,https://www.ua.pt,Portugal,Eastern & Southern Europe,1099,1,1,4,1,1,0,0,0,0,0,0,0,0,0,1,0,0,0,0,0,0,0,0,0,0,1,0,0,0,0,0,0,0,0,0,0,1,0,1,0,0,0,1,0,1,1,1,21.0,0,1,0,0,0,0,0,100,1,0,0,1,1,0,93.8,0,1,0,0,0.0,-0.028917553525503167,11.0,0,35.32,D,186,
3072,University of Extremadura,https://www.unex.es,Spain,Eastern & Southern Europe,1100,1,1,5,1,0,0,0,0,0,0,0,1,6,0,1,0,0,0,0,0,1,1,1,0,0,1,0,0,0,0,0,0,0,0,0,0,0,0,1,0,0,0,1,0,0,1,1,15.43,0,1,1,0,0,0,0,75,1,0,1,1,1,0,69.4,0,1,0,0,0.0,-1.2767794590819186,1.0,0,35.3,D,187,29.0
2169,Tampere University,https://www.tuni.fi,Finland,Western & Northern Europe,1101,0,1,4,0,1,0,0,0,0,0,0,0,0,0,0,0,0,1,0,0,0,0,0,0,0,0,0,0,0,0,0,1,0,0,1,0,0,0,1,1,0,0,1,0,0,0,1,21.0,0,0,0,0,1,0,0,70,1,0,1,1,1,0,0.0,0,1,0,0,0.0,-0.765923606699503,3650.0,1,35.29,D,201,
6032,Federal University of Mato Grosso do Sul,https://www.ufms.br,Brazil,Latin America & Africa,1102,1,1,9,0,1,0,0,0,0,0,0,0,0,0,1,0,1,0,0,20,1,1,1,0,0,1,1,0,0,0,0,0,0,0,0,0,0,0,1,1,0,0,1,0,0,0,0,4.76,0,1,1,0,0,0,0,90,1,0,1,1,1,1,86.0,0,1,0,0,0.0,0.21137644671608302,1.0,0,35.27,D,133,24.0
1181,Universidad Nacional Autonoma de Mexico (UNAM),https://www.unam.mx,United States,North America,1103,1,1,6,1,0,0,0,0,0,0,0,0,0,0,1,0,1,0,0,2,1,1,1,0,1,1,1,0,0,0,0,0,0,0,0,0,0,0,0,0,0,0,0,0,0,1,1,19.42,0,1,1,0,0,0,0,75,1,1,1,1,1,1,100.0,0,1,0,0,0.6931471805599453,-0.3710672617271633,1.0,0,35.25,D,200,174.0
3131,Charles University,https://www.cuni.cz,Czechia,Eastern & Southern Europe,1104,1,1,7,1,0,0,0,0,0,0,1,1,10,0,0,1,0,0,0,5,1,1,0,1,1,1,0,0,0,0,1,1,0,0,0,0,1,0,0,1,0,0,1,0,1,1,1,12.61,0,1,1,0,0,0,0,75,1,3,1,0,1,0,6.9,0,1,0,0,1.3862943611198906,1.0166997222041545,3650.0,1,35.13,D,188,
6518,University of Panama,https://www.up.ac.pa,Peru & Andes,Latin America & Africa,1105,1,1,11,1,0,0,0,0,0,0,0,1,6,0,1,0,1,0,0,0,1,1,1,0,1,1,1,1,0,0,0,0,0,0,0,0,0,0,1,0,0,0,0,0,1,1,0,12.63,0,1,1,0,0,0,0,75,1,1,0,0,1,1,88.0,0,1,1,0,0.6931471805599453,-0.9126949465543767,29.0,0,35.06,D,134,
2140,Norwegian University of Life Sciences,https://www.nmbu.no,Norway,Western & Northern Europe,1106,1,1,4,1,1,0,0,0,0,0,0,1,3,0,1,0,0,0,0,1,1,1,1,0,0,1,0,0,0,0,0,0,0,0,0,0,1,0,0,0,0,0,1,0,0,1,1,12.63,0,1,0,1,0,0,0,90,1,0,1,1,1,1,95.7,0,1,0,0,0.0,0.8704105995858669,0.0,0,34.75,F,202,
6415,State University of Santa Cruz,https://www.uesc.br,Brazil,Latin America & Africa,1107,1,1,8,0,1,0,0,0,0,0,1,0,0,0,0,0,1,0,0,0,0,0,0,0,0,1,0,1,1,0,1,1,0,0,0,0,0,0,1,0,0,0,1,0,1,1,0,15.43,0,0,1,0,0,0,0,75,1,0,1,1,1,0,8.9,0,1,0,0,0.0,0.16916241185963757,3650.0,1,34.6,F,135,25.0
6012,Federal University of Bahia,https://www.ufba.br,Brazil,Latin America & Africa,1108,1,1,7,1,0,0,0,0,0,0,0,0,0,0,1,0,1,0,0,1,1,1,1,0,0,1,0,0,0,0,0,0,0,0,0,0,0,0,0,0,0,0,1,0,0,1,1,12.63,0,1,1,0,0,0,0,75,1,0,1,1,1,0,25.0,0,1,0,0,0.0,-0.29687492311699837,1.0,0,34.33,F,136,26.0
2137,University of Bergen,https://www.uib.no,Norway,Western & Northern Europe,1109,1,1,7,0,1,1,0,0,0,0,0,0,0,0,1,0,0,0,0,4,1,1,1,0,0,1,0,0,0,0,0,0,0,0,0,0,0,0,0,0,0,0,0,0,0,1,1,18.53,0,1,1,1,0,0,0,100,1,0,1,0,1,0,89.5,0,1,0,0,0.0,-0.08694675761843669,0.0,0,34.2,F,203,
4051,Beijing University of Chemical Technology,https://www.buct.edu.cn,China,Asia (East & Southeast),1110,1,1,4,1,0,0,0,0,0,0,0,0,0,1,1,1,0,1,0,0,0,0,0,0,0,1,0,0,0,0,0,0,0,0,0,0,0,0,0,0,0,0,1,0,1,0,0,16.48,0,1,0,0,0,0,0,75,1,2,1,0,1,0,0.0,0,1,0,0,1.0986122886681098,-0.23087334592702313,8.0,0,34.18,F,178,38.0
3063,University of Valladolid,https://www.uva.es,Spain,Eastern & Southern Europe,1111,0,1,0,0,0,0,0,0,0,0,0,0,0,0,0,0,0,1,0,0,0,0,0,0,1,1,0,0,1,0,0,1,1,0,0,0,0,0,1,0,0,0,0,0,0,0,0,15.43,0,1,0,0,0,0,0,75,1,6,1,0,1,0,100.0,0,1,0,0,1.9459101490553132,0.4921892916171344,3650.0,1,34.13,F,189,30.0
6070,University of San Andres,https://www.udesa.edu.ar,Argentina,Latin America & Africa,1112,1,0,0,1,0,0,0,0,1,1,0,0,0,0,1,0,1,0,0,17,1,1,1,0,1,1,0,1,0,0,0,0,1,0,0,0,0,0,0,0,0,0,1,0,0,1,1,11.13,0,1,0,0,0,0,0,90,1,0,1,1,1,1,40.0,0,1,0,0,0.0,-1.1731316998049373,3650.0,1,34.02,F,137,
6517,Ricardo Palma University,https://www.urp.edu.pe,Peru & Andes,Latin America & Africa,1113,1,1,6,0,0,0,0,1,1,1,0,1,2,0,1,0,1,0,0,0,1,1,1,0,1,1,0,1,0,0,0,0,0,0,0,0,0,0,1,1,0,0,0,0,1,1,0,6.01,0,1,1,0,0,0,0,75,1,0,1,1,1,1,100.0,0,1,0,0,0.0,-0.5877450503338334,0.0,0,33.88,F,138,
6040,University of the State of Rio de Janeiro Norte,https://www.uenf.br,Brazil,Latin America & Africa,1114,1,1,9,1,0,0,0,0,0,0,0,0,0,0,1,0,1,0,0,18,0,0,1,0,0,1,0,1,0,0,0,0,0,0,0,0,0,0,0,0,0,0,1,0,1,1,0,21.0,0,1,1,0,0,0,0,90,1,0,1,0,0,0,33.3,0,1,0,0,0.0,0.295804516428973,1.0,0,33.76,F,139,27.0
5179,Tashkent State Technical University,https://www.tdtu.uz,Central Asia,South & Central Asia + Oceania,1115,1,0,0,1,0,0,0,0,0,0,0,1,9,0,1,0,0,0,0,4,1,1,1,0,1,1,0,0,0,0,0,0,1,0,0,0,0,0,0,0,0,0,0,0,1,1,0,7.23,0,1,1,0,0,0,0,75,1,0,1,1,1,1,70.9,0,1,0,0,0.0,0.5437865790170003,4.0,0,33.75,F,206,
6094,National University of Engineering Peru,https://www.uni.edu.pe,Peru & Andes,Latin America & Africa,1116,1,1,10,0,0,0,0,1,0,0,0,0,0,0,1,0,0,0,0,1,0,1,1,0,0,1,0,1,0,0,0,0,0,0,0,0,0,0,1,0,0,0,1,0,1,1,1,12.63,0,1,1,0,0,0,0,75,1,0,1,1,1,1,63.6,0,1,0,0,0.0,0.032422597955869936,26.0,0,33.67,F,140,
3058,University of Malaga,https://www.uma.es,Spain,Eastern & Southern Europe,1117,1,1,5,1,0,0,0,0,0,0,0,1,6,0,0,1,1,0,0,6,1,1,0,0,1,1,0,0,1,0,0,0,0,0,0,0,1,0,1,0,0,0,1,0,0,1,1,12.63,0,1,0,0,0,0,0,75,1,0,0,0,1,0,35.9,0,1,0,0,0.0,1.0450032222153396,3650.0,1,33.47,F,190,31.0
6014,Federal University of Vicosa,https://www.ufv.br,Brazil,Latin America & Africa,1118,1,1,7,1,0,0,0,0,0,0,0,0,0,0,1,0,0,0,0,0,1,0,1,0,1,1,0,0,0,0,0,1,0,0,0,0,0,0,0,0,0,0,1,0,0,1,1,17.61,0,1,1,0,0,0,0,75,1,0,1,0,1,1,33.3,0,1,0,0,0.0,-0.22156284099769236,1.0,0,33.42,F,141,28.0
3078,Warsaw University of Technology,https://www.pw.edu.pl,Poland,Eastern & Southern Europe,1119,1,1,5,1,0,0,0,0,1,1,0,1,4,0,0,0,0,0,0,1,1,1,0,1,0,1,0,0,0,0,0,1,0,0,0,0,0,0,1,1,0,0,1,0,1,1,1,15.43,0,1,1,0,0,0,0,75,1,0,1,1,1,0,86.4,0,1,0,0,0.0,1.4091868647643189,3650.0,1,33.36,F,191,27.0
2149,Volda University College,https://www.hivolda.no,Norway,Western & Northern Europe,1120,1,1,4,1,1,0,0,0,0,0,0,1,10,0,1,0,0,0,0,13,1,1,1,0,0,1,0,0,0,0,0,0,0,0,0,0,0,0,0,1,0,0,1,0,0,1,1,14.11,0,1,1,0,0,0,0,75,1,0,1,0,1,1,19.4,0,1,0,0,0.0,-0.40145853378205915,1.0,0,33.36,F,204,
6525,Aswan University,https://www.aswu.edu.eg,Egypt & North Africa,Latin America & Africa,1121,1,1,9,1,1,0,0,1,0,0,0,0,0,0,1,0,0,0,0,1,1,1,0,0,1,1,0,0,0,0,0,0,0,0,0,0,0,0,0,0,0,0,0,1,0,1,0,5.74,0,1,1,0,0,0,0,90,1,0,1,1,1,1,31.5,0,1,1,0,0.0,0.5281920770838889,0.0,0,33.33,F,142,
3061,University of Murcia,https://www.um.es,Spain,Eastern & Southern Europe,1122,1,1,1,0,1,0,0,0,1,1,0,1,5,0,1,0,0,0,0,12,1,0,1,0,0,1,0,1,1,0,0,0,0,0,0,0,1,0,1,1,0,0,0,0,0,0,0,15.18,0,1,1,0,0,0,0,100,1,0,1,1,1,0,81.4,0,1,0,0,0.0,0.11045031361817925,28.0,0,33.23,F,192,32.0
6022,Federal University of Uberlandia,https://www.ufu.br,Brazil,Latin America & Africa,1123,1,1,10,0,0,1,0,1,0,0,0,0,0,0,1,0,1,0,0,2,1,1,1,0,0,1,0,0,0,0,0,0,0,0,0,0,0,0,0,0,0,0,0,0,1,1,1,15.43,0,1,1,0,0,0,0,75,1,0,1,1,1,1,41.1,0,1,0,0,0.0,-0.3385279741215305,0.0,0,33.12,F,143,29.0
3107,University of Beira Interior,https://www.ubi.pt,Portugal,Eastern & Southern Europe,1124,1,1,6,0,0,0,1,1,0,0,1,0,0,0,1,1,0,1,1,14,1,1,0,1,1,1,0,0,1,0,0,1,0,0,0,0,0,0,0,0,0,0,1,0,0,1,0,15.43,0,1,1,0,0,1,0,75,1,0,1,0,1,0,19.4,0,1,0,0,0.0,-0.13156252508505334,641.0,0,33.1,F,193,
5088,University of Health Sciences Lahore,https://www.uhs.edu.pk,Pakistan,South & Central Asia + Oceania,1125,1,0,0,0,0,0,0,0,0,0,0,0,0,1,0,1,0,1,0,0,1,1,0,0,0,0,0,1,0,0,0,0,1,0,0,0,0,0,0,0,1,0,0,0,0,0,0,15.43,0,0,0,0,0,0,0,75,1,0,1,1,0,1,0.0,0,1,0,0,0.0,-1.0538690648289024,3650.0,1,32.13,F,207,24.0
6401,Federal University of Lavras,https://www.ufla.br,Brazil,Latin America & Africa,1126,1,1,6,1,0,0,0,0,0,0,0,0,0,0,0,0,0,0,0,0,1,1,1,0,0,1,0,0,0,0,0,0,0,0,0,0,0,0,1,1,0,0,1,1,1,1,1,12.63,0,1,1,1,0,0,0,75,1,0,1,1,1,1,96.7,0,1,0,0,0.0,1.00965646798813,3650.0,1,32.08,F,144,30.0
6437,Beni-Suef University,https://www.bsu.edu.eg,Egypt & North Africa,Latin America & Africa,1127,1,1,7,1,0,0,0,1,0,0,0,1,10,0,1,0,0,0,0,2,0,0,0,0,0,1,0,1,0,0,0,1,0,0,0,0,0,0,0,0,0,0,0,0,1,0,0,15.91,0,1,1,0,0,0,0,75,1,0,1,0,1,1,42.9,0,0,0,0,0.0,0.3676104494738233,0.0,0,32.07,F,145,
6015,Fluminense Federal University,https://www.uff.br,Brazil,Latin America & Africa,1128,1,1,8,1,0,0,0,0,1,1,0,1,5,0,0,0,1,0,0,17,0,0,0,0,0,1,0,0,0,0,0,0,0,0,0,0,0,1,0,0,0,0,1,0,1,1,1,18.35,0,1,1,0,0,0,0,100,1,0,1,1,1,1,85.0,0,1,0,0,0.0,0.845989429192543,3650.0,1,31.99,F,146,31.0
6096,National Agrarian University La Molina,https://www.lamolina.edu.pe,Peru & Andes,Latin America & Africa,1129,1,1,3,1,0,0,0,0,0,0,0,1,4,0,1,0,0,0,0,0,1,1,1,0,0,1,0,1,0,0,0,0,0,0,0,0,0,0,0,1,0,0,1,0,1,1,1,12.63,0,1,0,0,0,0,0,75,1,0,0,1,1,0,100.0,0,1,0,0,0.0,-0.48550574332270846,7.0,0,31.75,F,147,
3202,Vilnius University,https://www.vu.lt,Baltics,Eastern & Southern Europe,1130,1,1,2,1,1,0,0,0,0,0,0,0,0,0,1,0,0,0,0,7,1,0,0,0,0,1,0,0,0,0,0,0,0,0,0,0,1,0,0,0,0,0,1,0,1,1,1,10.21,0,1,0,0,0,0,0,90,1,0,1,1,1,0,25.9,0,1,0,0,0.0,0.3155611206612592,0.0,0,31.69,F,194,
6419,State University of Montes Claros,https://www.unimontes.br,Brazil,Latin America & Africa,1131,1,1,2,1,0,0,0,0,0,0,0,0,0,0,1,0,1,0,0,0,0,1,1,0,0,1,0,0,1,0,0,0,0,0,0,0,0,1,0,0,0,0,1,0,1,1,1,8.57,0,1,1,0,0,0,0,90,1,1,1,1,1,0,59.2,0,1,0,0,0.6931471805599453,1.6071042702753606,13.0,0,31.69,F,148,32.0
4177,Andalas University,https://www.unand.ac.id,Indonesia,Asia (East & Southeast),1132,1,1,8,0,0,0,0,0,0,0,0,0,0,0,1,0,0,0,0,0,1,0,0,0,0,1,0,0,0,0,0,0,0,0,0,0,1,0,1,0,0,0,0,0,1,1,0,21.0,0,1,1,0,0,0,0,75,1,0,1,1,1,0,69.1,0,1,1,0,0.0,-0.5565529750051589,0.0,0,31.61,F,179,
6023,Federal University of Juiz de Fora,https://www.ufjf.br,Brazil,Latin America & Africa,1133,1,1,7,1,0,0,0,0,0,0,0,0,1,0,1,0,0,0,0,0,0,0,1,0,0,1,0,0,1,0,0,0,0,0,0,0,0,1,0,0,0,0,0,0,1,1,0,6.93,0,1,0,0,0,1,0,75,1,0,1,1,1,1,45.5,0,1,0,0,0.0,0.18458946778724228,4.0,0,31.53,F,149,33.0
6404,Federal University of the Semi-Arid Region,https://www.ufersa.edu.br,Brazil,Latin America & Africa,1134,1,1,5,1,1,0,0,0,0,0,0,0,0,0,0,0,1,0,0,0,0,0,0,0,1,1,0,0,0,0,0,0,0,0,0,0,0,1,1,1,0,0,1,0,0,1,1,12.63,0,1,1,0,0,0,0,90,1,0,1,0,1,1,26.0,0,0,0,0,0.0,0.5831684945713529,3650.0,1,31.51,F,150,34.0
6424,University of Guadalajara CUCEA,https://www.cucea.udg.mx,Mexico,Latin America & Africa,1135,1,1,7,1,0,0,0,0,0,0,0,0,0,0,1,0,1,0,0,4,0,0,1,0,1,1,0,0,0,0,0,0,0,0,0,0,0,0,0,0,0,0,1,0,1,1,1,12.63,0,1,1,0,0,0,0,75,1,1,0,0,1,1,78.3,0,1,0,0,0.6931471805599453,0.04798989984645281,189.0,0,31.51,F,150,
6414,State University of Goias,https://www.ueg.br,Brazil,Latin America & Africa,1136,1,1,20,0,0,0,0,0,0,0,0,0,0,0,1,0,1,0,0,2,1,1,1,0,0,1,0,0,0,0,0,0,0,0,0,0,0,0,1,1,0,0,0,0,0,1,1,19.03,0,1,0,0,0,0,0,75,1,0,1,0,1,1,30.9,0,0,0,0,0.0,-0.015261029456725948,1.0,0,31.4,F,152,35.0
2139,UiT The Arctic University of Norway,https://uit.no,Norway,Western & Northern Europe,1137,1,1,15,1,0,0,0,0,0,0,0,1,7,0,0,1,0,0,1,0,1,1,1,0,0,1,0,1,1,0,0,1,0,0,0,0,0,0,0,1,0,0,0,0,0,1,1,15.43,0,1,0,1,0,1,0,75,1,0,1,0,1,0,100.0,0,1,0,0,0.0,0.4916385144913575,3650.0,1,31.39,F,205,
4105,Ewha Womans University,https://www.ewha.ac.kr,South Korea,Asia (East & Southeast),1138,1,1,2,0,0,0,0,1,0,0,0,0,0,0,1,0,0,0,0,14,1,1,1,0,1,1,0,0,0,0,0,0,0,0,0,0,0,1,0,0,0,0,1,1,1,1,1,12.63,0,1,0,1,0,0,0,75,1,0,1,0,1,1,100.0,0,1,0,0,0.0,4.006975136205537,0.0,0,31.39,F,180,20.0
6311,Autonomous University of Hidalgo,https://www.uaeh.edu.mx,Mexico,Latin America & Africa,1139,1,1,8,1,0,0,0,1,0,0,0,1,3,0,1,0,1,0,0,4,1,1,1,0,1,1,0,1,0,0,0,0,0,0,0,0,1,0,0,0,0,0,0,0,1,1,0,12.63,0,1,0,0,0,0,0,75,1,1,1,1,1,1,67.7,0,1,0,0,0.6931471805599453,-0.3155276361931019,3650.0,1,31.0,F,153,
4034,University of Electronic Science and Technology of China,https://www.uestc.edu.cn,China,Asia (East & Southeast),1140,0,1,8,1,1,0,0,0,0,0,0,1,10,0,0,1,0,0,1,5,1,0,0,0,0,1,0,0,1,0,0,1,0,0,0,0,0,0,0,0,0,0,0,0,0,1,0,19.77,0,1,0,0,0,0,0,75,1,0,1,0,1,0,55.8,0,1,0,0,0.0,1.8371822654588457,3650.0,1,30.93,F,181,39.0
6436,Minia University,https://www.minia.edu.eg,Egypt & North Africa,Latin America & Africa,1141,1,1,9,0,1,0,0,0,0,0,0,1,9,0,1,0,0,0,0,6,1,1,0,0,0,1,0,0,0,0,0,0,0,0,0,0,0,0,0,0,0,0,0,0,1,1,1,15.43,0,1,1,0,0,0,0,75,1,1,1,1,1,0,61.5,0,1,0,0,0.6931471805599453,-0.5306649434016965,0.0,0,30.92,F,154,
6310,Autonomous University of Queretaro,https://www.uaq.mx,Mexico,Latin America & Africa,1142,1,1,7,1,0,0,0,1,1,1,0,0,0,0,0,0,1,0,0,0,1,1,0,0,0,1,0,1,0,0,0,0,0,0,0,0,0,0,1,0,0,0,0,0,0,1,1,9.76,0,1,1,0,0,0,0,75,1,2,1,1,1,1,16.9,0,1,0,0,1.0986122886681098,-0.3156678821560801,3650.0,1,30.89,F,155,
6068,National University of the South,https://www.uns.edu.ar,Argentina,Latin America & Africa,1143,1,1,7,0,0,0,0,0,0,0,0,0,0,0,1,0,0,0,0,4,0,1,1,0,1,1,0,0,0,0,0,0,0,0,0,0,0,0,0,0,0,0,1,0,0,1,0,10.55,0,1,1,0,0,0,0,75,1,0,1,1,1,1,100.0,0,1,0,0,0.0,-0.22815440125766895,0.0,0,30.73,F,156,
4046,Fuzhou University,https://www.fzu.edu.cn,China,Asia (East & Southeast),1144,1,0,0,0,0,0,0,0,0,0,0,1,2,0,0,0,0,0,0,0,0,0,0,0,0,0,0,0,1,1,1,0,1,0,0,0,1,0,1,0,0,0,0,0,1,0,0,21.0,0,0,0,0,0,0,0,0,1,0,1,0,0,0,0.0,0,0,0,0,0.0,0.5990779454267467,3650.0,1,30.64,F,182,40.0
6087,Adolfo Ibanez University,https://www.uai.cl,Chile,Latin America & Africa,1145,1,1,4,0,0,0,0,1,1,1,0,1,10,0,0,0,0,0,0,20,1,1,0,0,1,1,0,1,0,0,1,0,0,0,0,0,1,0,0,0,0,0,1,0,0,1,1,17.96,0,1,0,0,0,0,0,100,1,0,1,1,1,1,78.8,0,1,0,0,0.0,-1.2046870414750372,3650.0,1,30.49,F,157,
6321,Catholic University of the North,https://www.ucn.cl,Chile,Latin America & Africa,1146,1,1,9,1,1,0,0,0,0,0,0,1,10,0,0,0,0,0,0,0,1,1,0,0,0,1,0,0,0,0,0,0,0,0,0,0,1,0,1,1,0,0,1,0,1,1,1,10.7,0,1,1,0,0,0,0,75,1,0,0,1,1,1,18.5,0,1,0,0,0.0,-0.5068231296953986,3650.0,1,30.37,F,158,
6066,National University of Cuyo,https://www.uncuyo.edu.ar,Argentina,Latin America & Africa,1147,1,1,4,1,0,0,0,0,1,1,0,0,0,0,0,0,1,0,0,0,1,1,0,0,0,1,0,1,0,0,0,0,0,0,0,0,0,0,1,0,0,0,0,0,1,1,0,14.02,0,1,1,0,0,0,0,75,1,0,1,1,1,1,86.8,0,1,0,0,0.0,-0.37653463008862914,3650.0,1,29.99,F,159,
4094,Kanazawa Institute of Technology,https://www.kanazawa-it.ac.jp,Japan,Asia (East & Southeast),1148,1,0,0,0,1,0,0,0,0,0,0,1,10,0,0,1,0,1,0,7,1,1,0,0,0,1,0,1,1,0,1,0,0,0,0,0,0,0,0,0,0,0,1,0,1,1,1,21.0,0,1,1,0,0,0,0,100,1,0,0,1,1,0,45.5,0,1,0,0,0.0,0.2683816862026141,3650.0,1,29.97,F,183,40.0
3099,University of Szczecin,https://www.usz.edu.pl,Poland,Eastern & Southern Europe,1149,1,1,6,0,0,0,0,0,0,0,0,0,0,0,0,1,0,1,0,0,1,1,0,0,0,1,0,1,0,0,0,1,0,0,0,0,0,0,0,0,0,0,0,0,1,1,0,4.03,0,1,0,0,0,0,0,90,0,0,1,1,1,1,100.0,0,1,1,0,0.0,1.260683057743609,3650.0,1,29.87,F,195,28.0
4026,Renmin University of China,https://www.ruc.edu.cn,China,Asia (East & Southeast),1150,1,0,0,1,1,0,0,0,0,0,0,1,10,0,1,1,0,0,1,5,1,1,0,0,0,1,0,0,1,0,1,0,0,0,0,0,0,0,0,0,0,0,1,0,1,0,0,12.63,0,1,1,0,0,0,0,75,1,0,0,0,1,0,0.0,0,1,0,0,0.0,0.36369765897656003,0.0,0,29.75,F,184,41.0
2143,Nord University,https://www.nord.no,Norway,Western & Northern Europe,1151,1,1,5,1,1,0,0,0,0,0,0,1,4,0,0,0,0,0,0,4,1,1,0,0,0,1,0,0,0,0,0,0,0,0,0,0,0,0,0,0,0,0,1,0,0,1,1,18.77,0,1,1,0,0,0,0,100,1,1,1,1,1,1,84.6,0,1,0,0,0.6931471805599453,-0.19631052866685123,3650.0,1,29.67,F,206,
4190,Naresuan University,https://www.nu.ac.th,Thailand,Asia (East & Southeast),1152,1,1,9,1,1,0,0,0,0,0,0,0,0,0,0,0,0,1,0,0,1,1,0,0,0,1,0,0,1,0,0,0,0,0,0,0,0,0,0,0,0,0,1,0,0,1,1,5.74,0,1,1,0,0,0,0,90,1,0,1,0,1,0,17.0,0,1,0,0,0.0,0.2503218176770243,3650.0,1,29.57,F,185,
6006,Federal University of Rio Grande do Sul,https://www.ufrgs.br,Brazil,Latin America & Africa,1153,1,1,10,0,0,0,0,0,0,0,0,0,0,0,0,1,1,0,0,20,1,1,0,0,1,1,0,0,0,0,0,0,0,0,0,0,0,0,1,1,0,0,1,0,0,1,0,11.37,0,1,1,0,0,0,0,90,1,1,1,1,1,1,28.6,0,1,0,0,0.6931471805599453,2.3567189423939636,3650.0,1,29.47,F,160,36.0
6080,Pontifical Bolivarian University,https://www.upb.edu.co,Colombia,Latin America & Africa,1154,1,1,5,0,0,0,0,1,0,0,0,1,2,0,0,0,0,0,0,14,1,1,0,0,1,1,0,1,0,0,0,0,0,0,0,0,0,0,1,0,0,0,1,0,1,1,1,21.0,0,1,1,0,0,0,0,100,1,0,1,1,1,1,33.3,0,1,0,0,0.0,-0.4482003171705011,3650.0,1,29.45,F,161,
6501,Federal University of Piaui,https://www.ufpi.br,Brazil,Latin America & Africa,1155,1,1,4,1,0,0,0,0,1,1,1,0,0,0,0,0,1,0,0,0,1,1,1,0,0,1,0,0,0,0,0,0,0,0,0,0,0,0,1,1,0,0,0,0,0,1,1,12.63,0,1,1,0,0,0,0,75,1,0,1,0,1,1,54.5,0,1,0,0,0.0,0.6970482165096697,3650.0,1,29.43,F,162,37.0
6423,Autonomous University of Nayarit,https://www.uan.edu.mx,Mexico,Latin America & Africa,1156,1,1,10,1,0,0,0,0,0,0,0,0,0,0,0,0,1,0,0,0,1,1,0,0,1,1,0,1,0,0,0,0,0,0,0,0,0,0,1,0,0,0,0,0,1,1,0,12.98,0,1,0,0,0,0,0,75,1,1,1,1,1,1,87.1,0,1,0,0,0.6931471805599453,0.777689645222148,3650.0,1,29.41,F,163,
6309,University of Fortaleza,https://www.unifor.br,Brazil,Latin America & Africa,1157,1,1,1,1,1,0,0,0,0,0,0,0,0,0,0,1,0,0,0,18,1,1,0,0,0,1,0,0,0,0,0,0,0,0,0,0,0,0,0,0,0,0,1,0,0,1,1,15.43,0,1,1,1,0,0,0,100,1,0,1,1,1,1,69.0,0,1,0,0,0.0,1.937243267126098,3650.0,1,29.26,F,164,38.0
3136,University of Chemistry and Technology Prague,https://www.vscht.cz,Czechia,Eastern & Southern Europe,1158,1,0,0,0,0,0,0,0,0,0,0,1,9,0,1,0,0,0,0,0,1,1,1,1,0,1,0,0,0,0,0,0,1,0,0,0,1,0,0,0,0,0,1,0,1,1,1,16.3,0,0,1,0,0,0,0,75,1,0,1,0,1,0,81.0,0,1,0,0,0.0,0.015508193327495708,0.0,0,29.11,F,196,
1184,University of Guelph,https://www.uoguelph.ca,Canada,North America,1159,0,0,0,0,0,0,1,1,0,0,0,0,0,0,0,1,0,0,1,0,1,0,0,0,0,1,0,0,0,0,1,0,1,0,0,0,0,1,0,0,0,0,0,0,0,0,0,7.46,0,1,0,0,0,0,1,75,1,0,0,1,0,1,33.3,0,1,0,0,0.0,0.05506805802376296,3650.0,1,29.01,F,201,27.0
6005,Federal University of Minas Gerais,https://www.ufmg.br,Brazil,Latin America & Africa,1160,1,1,6,1,0,0,0,1,0,0,0,1,10,0,1,0,1,0,0,2,1,1,1,0,0,1,0,0,0,0,0,0,0,0,0,0,0,0,0,0,0,0,1,0,1,1,1,20.14,0,1,1,0,0,0,0,90,1,0,0,0,1,0,14.3,0,1,0,0,0.0,-0.4668530302466049,3650.0,1,28.9,F,165,39.0
6018,Federal University of Paraiba,https://www.ufpb.br,Brazil,Latin America & Africa,1161,0,1,7,1,1,0,0,0,0,0,0,1,10,0,0,0,1,0,0,5,1,1,0,0,0,1,0,0,0,0,0,0,0,0,0,0,0,0,0,0,0,0,1,0,1,1,1,21.0,0,1,0,0,0,0,0,90,1,0,1,0,1,0,30.0,0,1,0,0,0.0,3.8778266568557735,3650.0,1,28.78,F,166,40.0
3055,University of Salamanca,https://www.usal.es,Spain,Eastern & Southern Europe,1162,1,1,4,0,0,0,0,0,0,0,0,0,0,0,1,0,1,0,0,0,0,0,1,0,0,1,0,0,0,0,0,1,0,0,0,0,1,0,1,0,0,0,1,0,1,1,1,4.48,0,1,0,0,0,0,0,75,1,0,1,0,1,0,2.7,0,0,0,0,0.0,3.8970286885322625,113.0,0,28.69,F,197,33.0
6306,Amazonas State University,https://www.uea.edu.br,Brazil,Latin America & Africa,1163,1,1,7,1,0,0,0,0,0,0,0,0,0,0,0,0,1,0,0,1,1,1,0,0,0,1,0,0,0,0,0,0,0,0,0,0,0,0,0,0,0,0,1,0,1,1,1,3.9,0,1,1,0,0,0,0,90,1,0,1,1,1,1,77.6,0,1,0,0,0.0,0.09202713222161492,3650.0,1,28.49,F,167,41.0
4055,Nanjing Agricultural University,https://www.njau.edu.cn,China,Asia (East & Southeast),1164,1,1,6,1,0,0,0,0,0,0,0,1,10,1,0,1,0,0,0,0,1,0,0,0,1,1,0,1,0,0,0,1,0,0,0,0,0,0,0,0,0,0,0,0,1,0,0,11.98,0,1,0,0,0,0,0,75,1,1,1,1,1,0,1.7,0,0,0,0,0.6931471805599453,-0.0763611374303107,3650.0,1,28.4,F,186,42.0
6001,University of Sao Paulo,https://www5.usp.br,Brazil,Latin America & Africa,1165,1,1,4,1,0,0,0,0,0,0,0,0,0,0,1,0,0,0,0,1,0,0,1,0,0,1,0,0,0,0,0,0,0,0,0,0,0,0,0,0,0,0,1,0,0,0,0,18.96,0,1,1,0,0,0,0,90,1,3,1,0,1,1,0.0,0,1,0,0,1.3862943611198906,0.36662872773297606,4.0,0,28.23,F,168,42.0
6511,University of Quintana Roo,https://www.uqroo.mx,Mexico,Latin America & Africa,1166,1,1,10,0,0,0,0,0,1,1,0,1,3,0,0,0,1,0,0,20,1,1,0,0,1,1,0,1,0,0,0,0,0,0,0,0,0,0,0,1,0,0,1,0,0,1,1,13.97,0,1,1,1,0,0,0,75,1,0,1,1,0,1,86.5,0,1,0,0,0.0,-0.45086499046708733,3650.0,1,27.9,F,169,
5071,University of Karachi,https://www.uok.edu.pk,Pakistan,South & Central Asia + Oceania,1167,1,1,1,1,1,0,0,0,0,0,0,0,0,0,0,0,0,0,0,0,0,0,0,0,0,1,0,1,1,0,0,1,0,0,0,0,0,0,1,1,0,0,0,0,1,0,0,21.0,0,1,1,0,0,0,0,90,1,0,0,0,1,0,11.1,0,1,0,0,0.0,0.1004188067676682,3650.0,1,27.76,F,208,25.0
2199,University of Iceland,https://www.hi.is,Belgium/Ireland/Iceland,Western & Northern Europe,1168,1,1,4,1,1,0,0,0,1,1,0,0,0,0,0,0,0,0,0,0,0,0,0,0,0,1,0,0,0,0,0,0,0,0,0,0,0,0,0,0,0,0,1,0,1,1,1,21.0,0,1,1,1,0,0,0,75,1,0,1,1,1,1,82.6,0,1,0,0,0.0,0.25084422479939394,3650.0,1,27.41,F,207,
6333,Ferhat Abbas University of Setif,https://www.univ-setif.dz,Egypt & North Africa,Latin America & Africa,1169,1,1,4,1,0,0,0,0,0,0,0,1,10,0,0,0,0,0,0,1,1,1,0,0,0,1,0,0,0,0,0,0,0,0,0,0,0,0,1,0,0,0,0,0,1,1,0,15.33,0,1,0,0,0,0,0,75,1,0,1,1,1,1,17.7,0,1,0,0,0.0,-0.2613926944835079,3650.0,1,27.24,F,170,
1192,Instituto Politecnico Nacional,https://www.ipn.mx,United States,North America,1170,1,1,3,1,0,0,0,0,0,0,0,1,9,0,0,0,1,0,0,0,1,1,0,0,0,1,0,0,0,0,0,0,0,0,0,0,0,0,0,0,0,0,1,0,0,1,1,15.43,0,1,0,0,0,0,0,75,1,0,0,1,1,1,97.2,0,1,0,0,0.0,-0.4942259625496843,3650.0,1,27.21,F,202,175.0
6009,Federal University of Parana,https://www.ufpr.br,Brazil,Latin America & Africa,1171,1,1,7,1,0,0,0,0,0,0,0,0,0,0,0,0,1,0,0,20,1,1,0,0,1,1,0,0,0,0,0,0,0,0,0,0,0,0,0,0,0,0,1,0,1,1,0,15.43,0,1,1,0,0,0,0,90,1,0,1,0,1,1,44.4,0,1,0,0,0.0,1.0564986196228563,3650.0,1,26.9,F,171,43.0
6312,University of Sonora,https://www.unison.mx,Mexico,Latin America & Africa,1172,1,1,4,1,0,0,0,0,0,0,0,0,0,0,0,0,1,0,0,0,0,0,0,0,1,1,0,1,0,0,0,0,0,0,0,0,0,0,0,0,0,0,1,0,1,1,1,16.29,0,1,1,0,0,0,0,75,1,0,0,0,1,1,99.1,0,1,0,0,0.0,-0.14316534769286568,3650.0,1,26.9,F,171,
6305,Ceara State University,https://www.uece.br,Brazil,Latin America & Africa,1173,1,1,9,0,0,0,0,0,0,0,0,0,0,0,0,0,1,0,0,0,0,0,0,0,0,1,0,0,0,0,0,0,0,0,0,0,0,0,1,1,0,0,0,0,1,1,1,21.0,0,1,1,0,0,0,0,75,1,0,0,0,1,1,51.7,0,1,0,0,0.0,-0.036297923903459484,3650.0,1,26.88,F,173,44.0
6090,Diego Portales University,https://www.udp.cl,Chile,Latin America & Africa,1174,1,0,0,1,0,0,0,0,0,0,0,0,0,0,0,0,0,0,0,0,0,0,0,0,0,1,0,1,0,0,0,1,0,0,1,0,1,0,1,0,0,0,1,0,0,1,1,21.0,0,1,1,0,1,0,0,75,1,2,1,0,0,1,0.0,0,1,0,0,1.0986122886681098,-1.2124005694388396,3650.0,1,26.84,F,174,
6026,State University of Londrina,https://www.uel.br,Brazil,Latin America & Africa,1175,1,0,0,1,1,1,0,0,0,0,0,1,10,0,1,0,0,0,0,1,1,1,0,0,1,1,0,0,0,0,0,0,0,0,0,0,0,0,0,0,0,0,1,0,1,1,1,14.53,0,1,1,0,0,0,0,75,1,0,1,0,1,0,58.7,0,1,0,0,0.0,-0.23053858262829865,0.0,0,26.68,F,175,45.0
6422,Autonomous University of Ciudad Juarez,https://www.uacj.mx,Mexico,Latin America & Africa,1176,1,1,8,1,1,0,0,1,0,0,0,0,0,0,0,0,1,0,0,1,1,1,0,0,0,1,0,1,0,0,0,0,0,0,0,0,0,0,0,0,0,0,0,0,0,1,0,15.43,0,0,0,0,0,0,0,75,1,0,1,0,1,0,0.0,0,1,0,0,0.0,-1.1080575729830415,3650.0,1,26.32,F,176,
6514,National University of Rio Cuarto,https://www.unrc.edu.ar,Argentina,Latin America & Africa,1177,1,1,6,0,0,0,0,0,0,0,0,0,0,0,0,0,1,0,0,0,0,0,0,0,0,1,0,0,0,0,0,0,0,0,0,0,0,0,1,0,0,0,0,0,0,1,0,7.46,0,1,0,0,0,0,0,75,1,0,0,1,0,1,62.5,0,1,0,0,0.0,-1.1858940824359554,3650.0,1,26.16,F,177,
6056,Autonomous University of Chihuahua,https://www.uach.mx,Mexico,Latin America & Africa,1178,1,1,20,1,1,0,0,0,1,1,0,0,0,0,0,0,1,0,0,0,0,1,0,0,0,1,0,1,0,0,0,0,0,0,0,0,0,0,0,0,0,0,0,0,1,1,0,12.63,0,1,1,0,0,0,0,100,1,1,1,1,1,0,53.1,0,1,0,0,0.6931471805599453,0.1840284839353292,3650.0,1,26.16,F,177,
6038,Federal University of Sergipe,https://www.ufs.br,Brazil,Latin America & Africa,1179,1,1,8,1,0,0,0,0,0,0,0,0,0,0,0,0,0,0,0,20,1,1,0,0,0,1,0,0,0,0,0,0,0,0,0,0,0,0,0,0,0,0,0,0,1,1,1,18.59,0,0,1,0,0,0,0,90,1,7,1,1,1,0,9.5,0,1,0,0,2.0794415416798357,-1.270322152148846,3650.0,1,26.04,F,179,46.0
6073,University of Antioquia,https://www.udea.edu.co,Colombia,Latin America & Africa,1180,1,0,0,1,1,0,0,0,0,0,0,0,0,0,1,0,0,0,0,8,1,1,0,0,1,1,0,0,0,0,0,0,0,0,0,0,0,0,0,0,0,0,1,0,1,1,1,21.0,0,1,0,0,0,0,0,75,1,0,1,0,1,1,50.0,0,1,1,0,0.0,-0.4748470501363637,32.0,0,25.91,F,180,
6075,University of Valle,https://www.univalle.edu.co,Colombia,Latin America & Africa,1181,1,1,8,0,0,0,0,0,0,0,0,0,0,0,0,0,0,0,0,0,1,0,1,0,1,1,0,1,0,0,0,0,0,0,0,0,0,0,1,0,0,0,1,0,1,1,1,5.1,0,1,1,0,0,0,0,90,1,2,1,1,1,0,80.0,0,1,0,0,1.0986122886681098,2.9422458378280463,3650.0,1,25.89,F,181,
6512,National University of the Northeast,https://www.unne.edu.ar,Argentina,Latin America & Africa,1182,1,1,0,1,0,0,0,0,0,0,0,0,0,0,0,0,0,0,0,1,1,1,0,0,0,1,0,0,0,0,0,0,0,0,0,0,0,0,1,0,0,0,1,0,0,1,1,12.63,0,1,1,0,0,0,0,90,1,0,1,0,1,1,28.9,0,1,0,0,0.0,-0.030127101532417593,3650.0,1,25.73,F,182,
6013,Federal University of Sao Carlos,https://www.ufscar.br,Brazil,Latin America & Africa,1183,1,1,10,1,0,1,0,0,0,0,0,0,0,0,0,0,0,0,0,1,0,0,0,0,1,1,0,0,0,0,0,0,0,0,0,0,0,0,0,0,0,0,0,0,1,1,0,8.45,0,1,1,0,0,0,0,75,1,5,0,0,1,1,84.6,0,1,0,0,1.791759469228055,-1.2309130365519652,3650.0,1,25.59,F,183,47.0
6088,University of Valparaiso,https://www.uv.cl,Chile,Latin America & Africa,1184,1,1,2,1,1,0,0,0,0,0,0,0,0,0,0,0,1,0,0,0,1,1,0,0,0,1,0,0,0,0,0,0,0,0,0,0,1,0,0,0,0,0,0,0,1,1,1,14.18,0,1,1,0,0,0,0,90,1,0,1,0,1,0,12.0,0,1,0,0,0.0,-1.1206797096510817,3650.0,1,25.33,F,184,
6067,National University of Tucuman,https://www.unt.edu.ar,Argentina,Latin America & Africa,1185,1,1,6,0,0,0,0,0,0,0,0,0,0,0,0,0,0,0,0,0,0,0,0,0,0,1,0,0,0,0,0,0,0,0,0,0,0,0,1,1,0,0,1,0,0,1,0,7.46,0,1,1,0,0,0,0,75,1,0,1,0,1,1,95.5,0,1,0,0,0.0,-0.960098082041016,3650.0,1,25.29,F,185,
6059,University of Buenos Aires,https://www.uba.ar,Argentina,Latin America & Africa,1186,1,1,3,1,1,0,0,0,0,0,0,1,4,0,0,0,0,0,0,0,1,1,0,0,1,1,0,0,0,0,0,0,0,0,0,0,0,0,0,0,0,0,0,0,0,1,1,15.43,0,1,1,0,0,0,0,75,1,0,1,1,0,1,37.5,0,1,0,0,0.0,-0.4124375966110543,3650.0,1,25.22,F,186,
3189,Sofia University St. Kliment Ohridski,https://www.uni-sofia.bg,Bulgaria & Slovakia,Eastern & Southern Europe,1187,0,0,0,1,0,0,0,0,0,0,0,0,0,0,0,0,0,0,0,3,1,1,0,0,0,0,0,0,0,0,0,0,1,0,0,0,0,0,0,0,0,0,0,0,1,0,0,11.62,0,0,0,1,0,0,0,20,1,0,1,1,1,1,50.0,0,0,0,0,0.0,-0.9348086899594382,3650.0,1,25.14,F,198,
6061,National University of La Plata,https://www.unlp.edu.ar,Argentina,Latin America & Africa,1188,1,1,6,1,0,0,0,0,0,0,0,0,0,0,0,0,0,0,0,0,0,0,0,0,0,1,0,0,0,0,0,0,0,0,0,0,0,0,0,0,0,0,0,0,1,1,0,7.46,0,1,1,0,0,0,0,90,1,0,1,1,1,1,50.0,0,1,0,0,0.0,-0.5280002701051102,3650.0,1,25.1,F,187,
5184,Kyrgyz National University,https://www.university.kg,Central Asia,South & Central Asia + Oceania,1189,1,1,8,1,1,0,0,0,0,0,0,0,0,0,0,0,0,0,0,0,1,1,0,0,1,1,0,0,0,0,0,0,0,0,0,0,0,0,0,0,0,0,0,0,0,1,0,7.38,0,1,1,0,1,0,0,90,1,0,1,0,1,1,71.4,0,1,0,0,0.0,-0.2059139428937592,3650.0,1,24.95,F,209,
6504,State University of Ponta Grossa,https://www.uepg.br,Brazil,Latin America & Africa,1190,1,1,9,1,0,0,0,0,0,0,0,0,0,0,0,0,0,0,0,0,0,0,0,0,0,1,0,0,0,0,0,0,0,0,0,0,0,0,0,1,0,0,0,0,1,1,0,12.75,0,1,0,0,0,0,0,90,1,0,1,0,1,1,39.3,0,1,0,0,0.0,-1.1086185568349545,3650.0,1,24.77,F,188,48.0
6060,National University of Cordoba,https://www.unc.edu.ar,Argentina,Latin America & Africa,1191,1,1,5,1,0,0,0,0,0,0,0,0,0,0,0,0,0,0,0,0,0,0,0,0,0,1,0,0,0,0,0,0,0,0,0,0,0,0,0,0,0,0,0,0,0,1,0,15.91,0,1,1,0,0,0,0,75,1,0,1,0,1,1,53.5,0,1,0,0,0.0,-1.0986610934635006,3650.0,1,23.83,F,189,
6405,Federal Technological University of Parana,https://www.utfpr.edu.br,Brazil,Latin America & Africa,1192,0,1,0,1,0,0,0,0,0,0,0,0,0,0,0,0,1,0,0,0,1,1,0,0,1,1,1,0,0,0,0,0,0,0,0,0,1,0,1,1,0,0,0,0,0,1,0,21.0,0,1,0,0,0,0,0,75,1,0,1,0,1,0,15.2,0,1,0,0,0.0,3.198194720263303,3650.0,1,23.28,F,190,49.0
6500,Federal University of Tocantins,https://www.uft.edu.br,Brazil,Latin America & Africa,1193,1,1,20,1,0,0,0,0,0,0,0,0,0,0,0,0,0,0,0,0,1,0,1,0,0,1,0,0,0,0,0,0,0,0,0,0,0,0,0,0,0,0,0,0,0,1,1,21.0,0,1,1,0,0,0,0,75,1,0,0,1,1,1,25.0,0,1,0,0,0.0,-0.4402062972807423,3650.0,1,23.18,F,191,50.0
3192,American University in Bulgaria,https://www.aubg.edu,Bulgaria & Slovakia,Eastern & Southern Europe,1194,1,1,9,0,0,0,0,0,0,0,0,0,0,0,0,0,0,0,0,0,0,0,0,0,0,1,0,0,1,0,0,0,0,0,0,0,0,0,0,0,0,0,0,0,0,0,0,14.6,0,1,1,0,0,0,0,90,1,0,1,0,1,1,100.0,0,1,1,0,0.0,-0.7438496329219506,3650.0,1,22.73,F,199,
4186,Prince of Songkla University,https://www.psu.ac.th,Thailand,Asia (East & Southeast),1195,1,1,12,0,1,0,1,1,0,0,1,0,0,0,0,0,0,0,0,0,1,1,0,0,0,1,0,0,0,0,0,0,0,0,0,0,0,0,0,0,0,0,1,0,1,1,1,5.74,0,1,0,0,0,0,0,75,1,1,1,0,1,1,34.1,0,1,0,0,0.6931471805599453,-0.4819055184327212,3650.0,1,22.64,F,187,
6086,Austral University of Chile,https://www.uach.cl,Chile,Latin America & Africa,1196,1,1,7,0,0,0,0,0,0,0,0,1,3,0,0,0,0,0,0,0,1,1,0,0,0,1,0,0,0,0,0,0,0,0,0,0,1,0,1,1,0,0,0,0,1,1,0,4.48,0,1,1,0,0,0,0,75,1,0,0,0,0,1,33.3,0,1,0,0,0.0,2.1290997444803077,3650.0,1,21.9,F,192,
6004,Sao Paulo State University,https://www.unesp.br,Brazil,Latin America & Africa,1197,1,0,0,1,0,0,0,1,0,0,0,0,0,0,0,1,0,0,0,0,0,0,0,0,1,1,0,0,0,0,0,0,0,0,0,0,0,0,1,1,0,0,0,0,0,1,0,12.63,0,1,1,0,0,0,0,75,1,0,1,0,1,1,60.8,0,1,0,0,0.0,-0.18846479373483158,3650.0,1,21.87,F,193,51.0
6065,National University of the Littoral,https://www.unl.edu.ar,Argentina,Latin America & Africa,1198,1,1,1,1,0,0,0,0,0,0,0,0,0,0,0,0,0,0,0,0,0,0,1,0,0,1,0,0,0,0,0,0,0,0,0,0,0,0,0,1,0,0,1,0,1,1,1,4.61,0,1,0,0,0,0,0,90,1,0,1,0,1,1,0.0,0,1,0,0,0.0,-0.4956034526571407,3650.0,1,21.71,F,194,
4033,China Agricultural University,https://www.cau.edu.cn,China,Asia (East & Southeast),1199,1,1,11,0,0,0,0,0,0,0,0,1,10,1,0,0,0,0,0,0,0,0,0,0,0,1,0,0,0,0,0,1,0,0,0,0,0,0,0,0,0,0,1,0,1,1,0,12.82,0,1,0,0,0,0,0,75,1,0,0,0,1,1,0.0,0,0,0,0,0.0,0.08999031821095524,3650.0,1,21.64,F,188,43.0
6039,Federal University of Maranhao,https://www.ufma.br,Brazil,Latin America & Africa,1200,0,1,10,1,0,0,0,0,0,0,0,0,0,0,0,0,0,0,0,0,0,0,0,0,0,0,0,0,0,0,0,0,0,0,0,0,0,0,0,0,0,0,0,0,0,1,0,14.74,0,0,0,0,0,0,0,75,1,0,0,0,1,0,33.3,0,1,0,0,0.0,-0.3789188114592588,3650.0,1,21.59,F,195,52.0
4043,Zhengzhou University,https://www.zzu.edu.cn,China,Asia (East & Southeast),1201,1,0,0,1,0,0,0,0,0,0,0,1,10,0,1,0,0,0,0,0,1,1,0,0,1,1,0,0,0,0,0,0,0,0,0,0,0,0,0,0,0,0,0,0,1,1,0,12.63,0,1,0,0,0,0,0,75,1,0,1,1,1,0,20.7,0,1,0,0,0.0,-0.21160948616639402,8.0,0,21.19,F,189,44.0
6034,Pontifical Catholic University of Sao Paulo,https://www.pucsp.br,Brazil,Latin America & Africa,1202,1,0,0,0,0,0,0,0,0,0,0,0,0,0,1,0,0,0,0,0,1,0,1,0,0,0,0,0,0,0,0,0,0,0,0,0,0,0,0,0,0,0,0,0,0,0,0,21.0,0,0,0,1,0,0,0,100,1,0,1,1,1,0,100.0,0,1,0,0,0.0,-0.799235962504994,0.0,0,21.1,F,196,53.0
6091,National University of San Marcos,https://www.unmsm.edu.pe,Peru & Andes,Latin America & Africa,1203,1,0,0,0,0,0,0,1,0,0,0,0,1,0,0,0,0,0,0,0,1,0,0,0,1,1,0,0,0,0,0,0,0,0,0,0,0,0,1,0,0,0,1,0,1,1,1,21.0,0,1,1,0,0,0,0,90,1,0,1,1,1,1,100.0,0,1,0,0,0.0,-0.5829766875925737,3650.0,1,20.38,F,197,
6301,Federal University of Campina Grande,https://www.ufcg.edu.br,Brazil,Latin America & Africa,1204,1,1,4,0,1,0,0,0,0,0,0,0,0,0,0,0,0,0,0,0,0,0,0,0,0,1,0,0,0,0,0,0,0,0,0,0,0,0,0,0,0,0,0,0,0,1,0,12.63,0,1,0,0,0,0,0,75,1,2,1,0,1,1,100.0,0,1,0,0,1.0986122886681098,1.1731832608207378,3650.0,1,19.93,F,198,54.0
4047,Hefei University of Technology,https://www.hfut.edu.cn,China,Asia (East & Southeast),1205,1,0,0,1,0,0,0,0,0,0,1,1,10,1,0,1,0,0,0,0,0,0,0,0,0,1,0,0,0,0,0,1,0,0,0,0,0,0,0,0,0,0,0,0,1,0,0,12.55,0,1,0,0,0,0,0,75,1,0,0,0,1,0,0.0,0,1,0,0,0.0,1.2905702447509952,3650.0,1,19.73,F,190,45.0
6046,Autonomous University of Puebla,https://www.buap.mx,Mexico,Latin America & Africa,1206,1,0,0,0,0,0,0,0,0,0,0,0,0,0,0,0,1,0,0,12,1,1,0,0,0,1,1,1,0,0,0,0,0,0,0,0,0,0,0,0,0,0,1,0,1,1,1,21.0,0,1,1,0,0,0,0,75,1,0,1,0,1,1,10.3,0,1,0,0,0.0,-1.1703267805453725,3650.0,1,19.05,F,199,
4006,University of Science and Technology of China,https://www.ustc.edu.cn,China,Asia (East & Southeast),1207,1,1,20,1,0,0,0,0,0,0,0,0,0,0,0,0,0,0,0,0,0,0,0,0,0,1,0,0,0,0,0,0,0,0,0,0,0,0,0,0,0,0,1,0,0,0,0,18.8,0,0,1,0,0,0,0,75,1,0,1,0,1,0,0.0,0,0,0,0,0.0,0.5350657447638232,3650.0,1,18.67,F,191,46.0
4063,Hokkaido University,https://www.hokudai.ac.jp,Japan,Asia (East & Southeast),1208,1,0,0,0,0,0,0,0,0,0,1,0,0,0,1,0,0,0,0,1,1,0,1,0,0,1,0,1,0,0,0,0,0,0,0,0,0,0,0,0,0,0,0,0,1,1,0,12.63,0,1,0,0,0,0,0,100,1,0,0,1,1,0,75.3,0,1,0,0,0.0,-0.4598323457903335,3650.0,1,17.72,F,192,41.0
6403,Federal University of Alfenas,https://www.unifal-mg.edu.br,Brazil,Latin America & Africa,1209,0,1,7,0,0,0,0,0,0,0,0,0,0,0,0,0,0,0,0,0,0,0,0,0,0,1,0,0,0,0,0,0,0,0,0,0,0,0,0,0,0,0,0,0,0,0,0,15.91,0,1,0,0,0,0,0,90,1,0,1,0,1,1,0.0,0,0,0,0,0.0,0.8904473994566399,3650.0,1,17.65,F,200,55.0
6011,Federal University of Ceara,https://www.ufc.br,Brazil,Latin America & Africa,1210,1,0,0,1,0,0,0,0,0,0,0,0,0,0,0,0,1,0,0,0,0,0,0,0,1,1,0,0,0,0,0,0,0,0,0,0,0,0,0,0,0,0,0,0,1,1,0,2.02,0,1,0,1,0,0,0,75,1,0,1,1,1,1,95.2,0,1,0,0,0.0,0.2625662232031343,3650.0,1,17.56,F,201,56.0
3177,University of Zagreb,https://www.unizg.hr,Balkans,Eastern & Southern Europe,1211,1,0,0,1,0,0,0,0,0,0,0,1,3,0,0,1,0,0,0,0,0,0,0,0,0,1,0,0,0,0,0,1,0,0,0,0,1,1,0,0,0,0,0,0,0,1,0,1.48,0,1,0,0,0,0,0,75,1,4,1,1,1,0,0.0,0,0,0,0,1.6094379124341003,1.96827055802323,3650.0,1,17.26,F,200,
4205,Vietnam National University Ho Chi Minh City,https://vnuhcm.edu.vn,Vietnam,Asia (East & Southeast),1212,1,0,0,0,0,0,1,1,0,0,0,1,4,0,1,0,0,0,0,0,0,0,1,0,0,1,0,0,0,0,0,0,0,0,0,0,0,0,0,0,0,0,0,0,0,1,0,10.05,0,0,0,0,0,0,0,75,1,0,1,0,1,1,39.7,0,0,0,0,0.0,0.08918765738759542,1.0,0,17.13,F,193,
6055,Autonomous University of Yucatan,https://www.uady.mx,Mexico,Latin America & Africa,1213,1,0,0,0,0,0,0,0,0,0,0,0,0,0,0,0,1,0,0,0,1,1,0,0,1,1,1,0,0,0,0,0,0,0,0,0,0,0,0,0,0,0,0,0,1,1,1,21.0,0,1,0,0,0,0,0,75,1,0,1,1,0,1,33.3,0,1,0,0,0.0,-0.2799051615966333,3650.0,1,16.7,F,202,
4012,Xi'an Jiaotong University,https://www.xjtu.edu.cn,China,Asia (East & Southeast),1214,1,0,0,1,0,0,0,0,0,0,0,0,0,0,1,0,0,0,0,0,0,0,0,0,0,1,0,1,0,0,0,0,0,0,0,0,0,0,0,0,0,0,0,0,0,0,0,21.0,0,0,0,0,0,0,0,0,1,0,1,0,0,0,0.0,0,0,0,0,0.0,-0.9851738546791561,20.0,0,16.49,F,194,47.0
6044,Autonomous Metropolitan University,https://www.uam.mx,Mexico,Latin America & Africa,1215,1,0,0,0,0,0,0,0,0,0,0,0,0,0,0,0,0,0,0,0,0,0,0,0,0,1,0,1,0,0,0,0,0,0,0,0,0,0,0,0,0,0,0,0,0,0,0,21.0,0,0,0,0,0,0,0,75,1,0,1,0,1,1,84.6,0,1,0,0,0.0,-1.2023028601044077,3650.0,1,14.21,F,203,
5052,Visva-Bharati University,https://www.visvabharati.ac.in,India,South & Central Asia + Oceania,1216,1,0,0,0,0,0,0,0,0,0,0,0,0,0,0,0,0,1,0,0,0,0,0,0,0,0,0,1,0,0,0,0,0,0,0,0,0,0,0,0,0,0,0,0,0,0,0,17.05,0,0,0,0,0,0,0,0,1,0,1,0,1,1,0.0,0,0,0,0,0.0,-1.2872033720178195,3650.0,1,13.63,F,210,90.0
4011,Harbin Institute of Technology,https://www.hit.edu.cn,China,Asia (East & Southeast),1217,1,0,0,0,0,0,0,0,0,0,0,1,3,0,0,0,0,0,0,0,1,0,0,0,1,1,0,0,0,0,0,0,0,0,0,0,0,0,0,0,0,0,0,0,1,0,0,9.01,0,1,0,0,0,0,0,75,1,0,0,1,1,0,67.7,0,1,0,0,0.0,1.7099605249563576,3650.0,1,12.37,F,195,48.0
4052,Donghua University,https://www.dhu.edu.cn,China,Asia (East & Southeast),1218,1,0,0,1,0,0,0,0,0,0,0,1,5,0,0,0,0,0,0,0,1,0,0,0,0,1,0,0,0,0,0,0,0,0,0,0,0,0,0,0,0,0,0,0,1,1,0,12.63,0,1,0,0,0,0,0,20,1,0,1,0,1,0,25.0,0,0,0,0,0.0,-0.10084229254277681,3650.0,1,12.36,F,196,49.0
4107,Pusan National University,https://www.pusan.ac.kr,South Korea,Asia (East & Southeast),1219,1,0,0,0,0,0,0,0,0,0,0,0,0,0,0,0,0,0,0,0,0,0,0,0,1,0,0,0,0,0,0,0,0,0,0,0,0,0,0,0,0,0,0,0,1,0,0,17.4,0,0,0,0,0,0,0,75,1,0,0,0,1,0,100.0,0,1,0,0,0.0,0.14497258461108392,3650.0,1,12.23,F,197,21.0
5111,University of Melbourne,https://www.unimelb.edu.au,Australia,South & Central Asia + Oceania,1220,0,0,0,0,0,0,0,1,0,0,0,0,0,0,0,0,0,0,0,0,0,0,0,0,0,0,0,0,0,0,0,0,0,0,0,0,0,0,0,0,0,0,0,0,0,0,0,21.0,0,0,0,0,0,0,0,55,1,0,1,1,1,1,0.0,1,1,0,0,0.0,-0.7138071241143282,3650.0,1,11.73,F,211,37.0
4115,Chonnam National University,https://www.jnu.ac.kr,South Korea,Asia (East & Southeast),1221,1,0,0,0,0,0,0,0,0,0,0,0,0,0,0,0,0,0,0,0,0,0,0,0,0,0,0,0,0,0,0,0,0,0,0,0,0,0,0,0,0,0,0,0,1,0,0,21.0,0,0,0,0,0,0,0,75,1,0,0,0,1,1,0.0,0,0,0,0,0.0,0.23567325765071256,3650.0,1,9.88,F,198,22.0
4014,Beijing Normal University,https://www.bnu.edu.cn,China,Asia (East & Southeast),1222,1,0,0,0,0,0,0,0,0,0,0,1,8,0,0,0,0,0,0,0,0,0,0,0,0,1,0,0,0,0,0,0,0,0,0,0,0,0,0,0,0,0,1,0,1,1,0,12.82,0,1,1,0,0,0,0,75,1,1,0,0,1,0,0.0,0,0,0,0,0.6931471805599453,0.35607238115464435,3650.0,1,9.61,F,199,50.0
6035,State University of Feira de Santana,https://www.uefs.br,Brazil,Latin America & Africa,1223,1,0,0,0,0,0,0,0,0,0,0,0,0,0,0,0,0,0,0,0,0,0,0,0,0,0,0,0,0,0,0,0,0,0,0,0,0,0,0,0,0,0,0,0,0,0,0,21.0,0,0,0,0,0,0,0,0,1,1,0,0,1,1,100.0,0,0,0,0,0.6931471805599453,0.17140634726728912,3650.0,1,8.76,F,204,57.0
3045,University of Valencia,https://www.uv.es,Spain,Eastern & Southern Europe,1224,1,0,0,0,0,0,0,0,0,0,0,0,0,0,0,0,0,0,0,0,0,0,0,0,0,0,0,0,0,0,0,0,0,0,0,0,0,0,0,0,0,0,0,0,1,0,0,21.0,0,0,0,0,0,0,0,0,1,0,0,0,0,0,25.0,0,0,0,0,0.0,0.20754206682110443,3650.0,1,7.65,F,201,34.0
4113,Inha University,https://www.inha.ac.kr,South Korea,Asia (East & Southeast),1225,0,0,0,0,0,0,0,0,0,0,0,0,0,0,0,0,0,0,0,0,0,0,0,0,0,0,0,0,0,0,0,0,0,0,0,0,0,0,0,0,0,0,0,0,0,0,0,1.0,1,0,0,0,0,0,0,55,1,0,0,1,0,1,0.0,1,0,0,0,0.0,-0.41909730900483666,3650.0,1,7.59,F,200,23.0
