uni_id,member,region,country,name,url,final_url,http_status,page_lang,native_lang,switched_to_english,fetched_at,load_time_s,a01_logo,a02_primary_nav,a03_nav_item_count,a04_search_bar,a05_language_toggle,a06_breadcrumb,a07_qs_badge,a09_national_rank,a11_accreditation,a12_accred_count,a13_achievements,a14_stats_block,a15_stat_item_count,a16_notice_board,a17_notice_timestamp,a18_recent_notice_date,a20_news_events,a21_calendar_link,a22_admission_notice,a23_upcoming_events,a24_event_count,a25_event_images,a26_event_captions,a27_event_datetime,a28_contests,a29_video_content,a30_image_gallery,a31_social_feed_embed,a32_vision_mission,a33_about_blurb,a34_department_links,a35_faculty_link,a36_research_highlight,a37_programs_listing,a38_scholarship,a39_library_link,a40_career_link,a41_alumni_link,a42_faq_link,a43_contact_link,a44_student_portal,a45_prospectus,a46_admissions_policy,a47_footer_contact,a48_footer_sitemap,a49_copyright_line,a50_social_links,a51_quick_links,a53_contrast_ratio,a54_banner_carousel,a57_logo_prominence,a58_live_chat,a59_feedback_form,a60_trust_seal,a61_testimonials,a63_mobile_score,a65_https,a66_broken_links,a67_gzip,a69_title_meta,a70_favicon,a71_sitemap_robots,a72_alt_text_pct,a73_accessible_design,a74_a11y_toggle,a75_bookmark,notice_date_future,a18_missing,country_is_bucket,country_rank_eligible
1001,M1,North America,United States,Harvard University,https://www.harvard.edu,https://www.harvard.edu/,200,en-us,en-us,False,2026-08-11T11:13:32+00:00,3.19,1,1,1,1,0,0,0,0,1,1,1,0,0,1,0,,1,0,1,1,0,1,1,0,0,0,1,0,1,1,1,1,1,1,1,1,1,1,1,1,0,0,0,0,0,1,1,1,15.13,1,0,0,0,0,0,90,1,0,1,1,1,1,76.2,1,1,0,0,1,0,1
1002,M1,North America,United States,Massachusetts Institute of Technology,https://www.mit.edu,https://www.mit.edu/,200,en,en,False,2026-08-11T11:13:36+00:00,1.793,0,1,11,1,0,0,0,0,0,0,0,0,0,0,1,2026-08-11,1,0,1,1,1,1,1,0,1,0,0,0,1,1,0,1,1,0,1,0,1,1,0,1,0,0,0,0,0,0,1,1,21.0,0,0,0,0,1,0,75,1,0,1,0,1,1,100.0,1,1,0,0,0,0,1
1003,M1,North America,United States,Stanford University,https://www.stanford.edu,https://www.stanford.edu/,200,en,en,False,2026-08-11T11:13:49+00:00,10.363,0,1,4,1,0,0,0,0,1,1,1,0,0,0,1,2026-08-06,1,0,1,1,11,1,1,1,1,1,1,0,1,1,1,1,1,1,1,1,1,1,1,1,0,0,0,0,0,1,1,0,18.88,1,0,0,0,0,0,100,1,0,1,1,1,1,100.0,1,1,0,0,0,0,1
1004,M1,North America,United States,Yale University,https://www.yale.edu,https://www.yale.edu/,200,en,en,False,2026-08-11T11:13:54+00:00,3.724,1,1,4,1,0,0,0,0,0,0,1,0,0,0,1,2026-08-06,1,1,1,0,5,1,1,1,0,0,1,0,1,1,1,1,1,1,1,1,1,1,1,1,0,0,0,0,0,1,1,0,21.0,1,1,0,0,0,0,100,1,0,1,1,1,0,30.8,1,1,0,0,0,0,1
1005,M1,North America,United States,Princeton University,https://www.princeton.edu,https://www.princeton.edu/,200,en,en,False,2026-08-11T11:13:58+00:00,2.319,1,1,0,1,0,0,0,0,1,1,1,0,1,1,1,2026-08-06,1,1,1,1,0,1,1,0,0,0,1,0,1,1,0,1,1,1,1,1,1,1,1,1,0,0,0,1,0,1,1,1,8.86,1,0,0,0,0,0,90,1,0,1,1,1,1,87.5,1,1,0,0,0,0,1
1006,M1,North America,United States,Columbia University,https://www.columbia.edu,https://www.columbia.edu/,200,en,en,False,2026-08-11T11:14:05+00:00,4.784,1,1,7,1,0,0,0,0,0,0,1,1,6,1,1,2026-12-29,1,1,1,1,20,1,1,1,0,1,1,0,1,1,1,1,1,1,1,1,1,1,1,1,0,0,0,0,0,1,1,1,7.02,1,1,1,0,0,0,75,1,0,1,0,1,0,98.2,1,1,0,1,0,0,1
1007,M1,North America,United States,University of Chicago,https://www.uchicago.edu,https://www.uchicago.edu/,200,en,en,False,2026-08-11T11:14:18+00:00,10.527,1,1,4,1,0,0,0,0,1,1,0,0,0,0,0,,1,1,1,1,4,0,0,0,1,1,1,0,1,1,1,1,1,1,1,0,1,1,0,1,0,0,1,1,0,1,1,1,8.45,1,1,1,0,0,0,75,1,0,1,1,1,1,100.0,1,1,0,0,1,0,1
1008,M1,North America,United States,University of Pennsylvania,https://www.upenn.edu,https://www.upenn.edu/,200,en,en,False,2026-08-11T11:14:29+00:00,8.758,1,1,6,1,0,0,0,0,0,0,1,1,3,1,1,2026-08-25,1,0,1,1,11,1,1,1,0,0,1,0,1,1,1,1,1,1,1,1,1,1,1,1,1,0,0,1,0,1,1,1,21.0,1,0,0,0,0,0,100,1,0,1,1,1,1,100.0,1,1,0,1,0,0,1
1009,M1,North America,Canada,California Institute of Technology,https://www.caltech.edu,https://www.caltech.edu/,200,en,en,False,2026-08-11T11:14:34+00:00,3.399,1,1,8,1,0,0,0,1,0,0,1,0,0,1,1,2026-08-27,1,1,1,1,14,1,1,0,1,0,1,0,1,1,1,1,1,1,1,1,1,1,1,1,0,0,0,0,0,1,1,0,12.63,1,1,0,0,0,0,100,1,0,1,1,1,1,90.5,1,1,0,1,0,0,1
1010,M1,North America,United States,Cornell University,https://www.cornell.edu,https://www.cornell.edu/,200,en,en,False,2026-08-11T11:14:47+00:00,10.283,1,1,1,1,0,0,0,0,0,0,1,1,5,0,1,,1,1,1,1,6,0,0,1,0,1,1,0,1,1,1,1,1,1,0,1,1,1,1,1,0,0,0,0,0,1,1,1,13.39,1,1,0,0,0,0,50,1,0,1,1,1,1,65.6,1,1,0,0,1,0,1
1011,M1,North America,United States,Johns Hopkins University,https://www.jhu.edu,https://www.jhu.edu/,200,en,en,False,2026-08-11T11:14:59+00:00,9.551,1,1,3,1,0,0,0,0,0,0,1,0,0,0,1,2026-08-05,1,1,1,1,7,1,1,0,0,1,1,0,1,1,1,1,1,1,1,1,1,1,1,1,0,0,0,0,0,1,1,0,1.7,1,1,0,0,0,0,90,1,0,1,1,1,1,74.4,1,1,0,0,0,0,1
1012,M1,North America,United States,"University of California, Berkeley",https://www.berkeley.edu,https://www.berkeley.edu/,200,en-us,en-us,False,2026-08-11T11:15:09+00:00,8.896,1,1,3,1,0,0,0,1,1,1,1,0,0,0,0,,1,1,1,1,0,1,1,0,0,1,1,0,1,1,1,1,1,1,1,1,1,1,1,1,0,0,0,0,1,1,1,1,15.13,1,1,0,0,0,0,90,1,0,1,1,1,1,42.9,1,1,0,0,1,0,1
1013,M1,North America,United States,"University of California, Los Angeles",https://www.ucla.edu,https://www.ucla.edu/,200,en,en,False,2026-08-11T11:15:18+00:00,6.561,1,1,20,1,0,0,0,1,0,1,1,0,0,0,1,2026-08-29,1,1,1,1,20,1,1,0,0,0,1,0,1,1,1,1,1,1,1,1,1,1,0,1,1,0,0,1,0,1,1,1,12.63,1,1,0,0,0,0,75,1,3,0,1,1,1,51.6,1,1,0,1,0,0,1
1014,M1,North America,United States,Duke University,https://www.duke.edu,https://www.duke.edu/,200,en-us,en-us,False,2026-08-11T11:15:38+00:00,17.39,1,1,3,1,0,0,0,0,0,1,0,0,1,0,0,,1,1,1,0,0,1,1,0,1,1,1,0,1,1,1,1,1,1,1,1,1,1,1,1,0,0,0,1,0,0,1,1,21.0,1,1,0,0,0,0,90,1,0,1,1,1,1,97.2,1,1,0,0,1,0,1
1015,M1,North America,United States,Northwestern University,https://www.northwestern.edu,https://www.northwestern.edu/,200,en,en,False,2026-08-11T11:15:50+00:00,9.082,1,1,6,1,0,0,0,1,0,0,1,0,0,1,1,2026-07-19,1,1,1,1,0,1,1,0,1,1,1,0,1,1,1,1,1,1,1,1,1,1,1,1,1,0,0,1,0,1,1,1,13.19,1,1,1,0,1,0,75,1,0,1,1,1,1,97.2,1,1,0,0,0,0,1
1016,M1,North America,United States,University of Michigan,https://www.umich.edu,https://umich.edu/,200,en,en,False,2026-08-11T11:15:56+00:00,3.052,1,1,9,1,0,0,0,0,0,0,1,0,1,1,0,,1,1,0,1,2,1,1,0,0,0,1,0,0,1,1,1,1,1,0,1,1,1,0,1,0,0,0,0,0,1,1,0,18.26,0,0,0,0,0,0,75,1,0,1,1,1,1,100.0,1,0,0,0,1,0,1
1017,M1,North America,United States,Brown University,https://www.brown.edu,https://www.brown.edu/,200,en,en,False,2026-08-11T11:16:07+00:00,9.008,0,1,4,1,0,0,0,0,0,0,0,0,1,0,1,2026-08-06,1,0,1,1,1,1,1,1,1,1,1,0,1,1,1,1,1,1,1,1,1,1,1,1,0,0,0,1,0,1,1,1,21.0,0,0,0,0,0,0,75,1,0,1,1,1,1,64.8,1,1,0,0,0,0,1
1018,M1,North America,United States,Dartmouth College,https://www.dartmouth.edu,https://home.dartmouth.edu/,200,en,en,False,2026-08-11T11:16:20+00:00,10.835,1,1,6,1,0,1,0,0,0,0,1,1,4,0,0,,1,1,1,1,12,1,1,0,1,1,1,0,1,1,1,1,1,1,1,1,1,1,1,1,0,0,0,0,0,1,1,1,17.22,1,1,1,0,0,1,100,1,0,1,1,1,1,100.0,1,1,0,0,1,0,1
1019,M1,North America,United States,"University of California, San Diego",https://www.ucsd.edu,https://www.ucsd.edu/,200,en,en,False,2026-08-11T11:16:45+00:00,23.263,1,1,7,1,0,0,0,1,1,1,1,1,2,0,1,2026-08-06,1,0,1,1,8,1,1,0,1,1,1,0,1,1,1,1,1,1,1,1,1,1,1,1,0,0,0,1,0,1,1,1,14.18,1,0,0,0,0,0,75,1,0,0,1,1,1,89.3,1,1,0,0,0,0,1
1020,M1,North America,United States,"University of California, Davis",https://www.ucdavis.edu,https://www.ucdavis.edu/,200,en,en,False,2026-08-11T11:16:59+00:00,10.837,1,1,6,1,0,0,0,1,0,0,0,0,0,0,1,2026-08-03,1,1,1,1,0,1,1,0,1,1,1,0,1,1,1,1,1,1,1,1,1,1,1,1,0,0,1,0,0,1,1,0,21.0,1,0,0,0,0,0,100,1,0,1,0,1,1,100.0,1,1,0,0,0,0,1
1021,M1,North America,United States,"University of California, Santa Barbara",https://www.ucsb.edu,https://www.ucsb.edu/,200,en,en,False,2026-08-11T11:17:06+00:00,4.991,0,1,5,1,0,0,0,1,0,0,0,1,2,0,0,,1,0,1,1,0,0,0,0,0,1,1,0,1,1,1,1,1,1,0,1,1,1,1,1,0,0,0,1,0,1,1,1,9.24,1,0,0,0,0,1,75,1,0,1,1,1,1,50.0,1,1,0,0,1,0,1
1022,M1,North America,United States,"University of California, Irvine",https://www.uci.edu,https://www.uci.edu/,200,en,en,False,2026-08-11T11:17:15+00:00,7.736,0,1,3,1,0,0,0,1,1,1,1,0,0,1,1,2026-08-07,1,1,1,1,0,1,1,0,0,0,1,0,1,1,1,1,1,1,1,1,0,1,0,0,0,0,1,1,0,1,1,1,9.74,1,0,0,0,0,0,90,1,0,0,1,1,1,96.8,1,0,0,0,0,0,1
1023,M1,North America,United States,University of Southern California,https://www.usc.edu,https://www.usc.edu/,200,en-us,en-us,False,2026-08-11T11:17:28+00:00,8.998,1,1,5,1,0,0,0,0,0,0,1,0,0,1,1,2026-08-06,1,1,1,1,2,1,1,0,0,0,1,1,1,1,1,1,1,1,1,1,1,1,1,0,0,0,0,1,0,1,1,1,21.0,1,1,0,0,1,1,90,1,0,1,1,1,1,95.0,1,1,0,0,0,0,1
1024,M1,North America,United States,Carnegie Mellon University,https://www.cmu.edu,https://www.cmu.edu/,200,en,en,False,2026-08-11T11:17:43+00:00,13.781,1,1,4,1,0,0,0,1,0,0,1,1,10,0,1,2026-12-31,1,1,1,1,10,1,1,0,1,1,1,0,1,1,1,1,1,1,1,1,1,1,1,0,0,0,0,1,0,1,1,1,21.0,1,1,0,0,0,0,90,1,0,1,1,1,1,100.0,1,1,0,1,0,0,1
1025,M1,North America,United States,University of Wisconsin-Madison,https://www.wisc.edu,https://www.wisc.edu/,200,en,en,False,2026-08-11T11:17:49+00:00,3.475,1,1,6,1,0,0,0,1,0,0,1,0,1,1,0,,1,1,1,1,1,1,1,0,1,0,1,0,1,1,1,1,1,0,0,1,1,1,1,1,0,0,0,1,0,1,1,1,16.88,1,0,0,0,0,0,90,1,0,1,1,0,1,100.0,1,1,0,0,1,0,1
1026,M1,North America,United States,University of Washington,https://www.washington.edu,https://www.washington.edu/,200,en,en,False,2026-08-11T11:18:01+00:00,9.787,0,1,7,1,0,0,0,1,1,1,0,0,0,0,0,,1,1,1,1,1,0,0,0,0,0,1,0,1,1,1,1,1,0,1,1,1,1,1,1,0,0,0,0,0,1,1,0,10.86,1,0,0,0,0,0,75,1,0,0,1,0,0,71.4,1,1,0,0,1,0,1
1027,M1,North America,United States,New York University,https://www.nyu.edu,https://www.nyu.edu/,202,en,en,False,2026-08-11T11:18:09+00:00,5.017,1,1,5,1,0,1,0,0,0,0,1,0,0,1,0,,1,0,1,1,0,0,0,0,0,0,1,0,1,1,0,1,1,1,0,0,0,1,1,1,0,0,1,0,0,1,1,1,19.68,1,1,0,1,0,0,90,1,0,0,1,0,0,53.8,1,1,0,0,1,0,1
1028,M1,North America,United States,University of Illinois Urbana-Champaign,https://illinois.edu,https://illinois.edu/,200,en-us,en-us,False,2026-08-11T11:18:22+00:00,12.199,0,1,3,1,0,0,0,1,0,0,1,1,4,1,0,,1,1,1,1,0,1,1,0,1,1,1,0,1,1,1,1,1,1,0,1,1,1,1,1,0,0,0,0,0,1,1,1,14.52,1,0,0,0,1,0,90,1,0,1,1,1,1,27.6,1,1,0,0,1,0,1
1029,M1,North America,United States,University of Texas at Austin,https://www.utexas.edu,https://www.utexas.edu/,200,en,en,False,2026-08-11T11:18:33+00:00,8.711,1,1,5,1,0,0,0,1,0,0,1,1,7,0,0,,1,1,1,0,0,1,0,0,1,1,1,0,1,1,1,1,1,1,1,1,1,1,0,1,0,0,0,0,0,1,1,1,15.32,1,0,0,0,0,0,100,1,0,1,1,1,1,77.8,1,1,0,0,1,0,1
1030,M1,North America,United States,Georgia Institute of Technology,https://www.gatech.edu,https://www.gatech.edu/,200,en,en,False,2026-08-11T11:18:45+00:00,9.227,1,1,7,1,0,1,0,1,1,1,0,0,0,1,1,2026-07-27,1,1,1,1,0,1,1,0,0,1,1,0,1,1,1,1,1,1,1,1,1,1,0,1,1,0,0,1,0,1,1,1,21.0,1,1,1,0,0,0,75,1,1,0,1,1,1,85.7,1,1,0,0,0,0,1
1031,M1,North America,United States,University of North Carolina at Chapel Hill,https://www.unc.edu,https://www.unc.edu/,200,en-us,en-us,False,2026-08-11T11:18:52+00:00,5.966,1,1,3,1,0,0,0,1,0,0,1,1,2,1,1,2026-08-21,1,1,1,0,20,1,1,1,0,0,1,0,1,1,1,1,1,1,0,1,1,1,1,1,0,0,0,0,0,1,1,0,2.74,1,1,0,0,0,0,90,1,0,1,1,1,1,64.7,1,1,0,1,0,0,1
1032,M1,North America,United States,University of Florida,https://www.ufl.edu,https://www.ufl.edu/,200,en-us,en-us,False,2026-08-11T11:19:00+00:00,5.927,1,1,2,0,0,0,0,1,0,0,0,1,2,1,0,,1,1,1,1,1,1,1,0,1,0,1,1,1,1,1,1,1,1,1,1,1,1,0,1,1,0,0,1,0,1,1,1,15.43,1,1,0,0,0,0,90,1,0,1,1,1,1,72.2,1,1,0,0,1,0,1
1033,M1,North America,United States,Boston University,https://www.bu.edu,https://www.bu.edu/,200,en,en,False,2026-08-11T11:19:08+00:00,5.28,0,1,3,1,0,0,0,0,0,0,1,0,0,1,0,,1,1,1,1,0,1,1,0,0,0,1,0,1,1,1,1,1,1,1,1,1,1,1,1,1,0,0,1,0,1,1,1,12.61,1,0,0,0,0,0,100,1,0,0,1,1,1,30.0,1,1,0,0,1,0,1
1034,M1,North America,United States,Boston College,https://www.bc.edu,https://www.bc.edu/,200,en,en,False,2026-08-11T11:19:16+00:00,5.814,1,1,3,0,0,0,0,1,0,0,1,1,4,1,0,,1,1,1,1,6,1,1,0,1,0,1,0,1,1,1,1,1,1,1,1,1,1,1,1,0,0,0,0,0,1,1,1,7.46,1,1,0,0,0,1,75,1,0,1,1,1,1,93.8,1,1,0,0,1,0,1
1035,M1,North America,United States,Rice University,https://www.rice.edu,https://www.rice.edu/,200,en,en,False,2026-08-11T11:19:22+00:00,4.677,1,1,5,1,0,0,0,0,0,0,0,0,0,1,0,,1,0,1,1,0,1,1,0,1,0,1,1,1,1,1,1,1,1,1,1,1,1,1,0,0,0,0,1,0,0,1,1,15.91,1,1,0,0,1,0,75,1,0,1,1,1,0,63.0,1,1,0,0,1,0,1
1036,M1,North America,United States,Vanderbilt University,https://www.vanderbilt.edu,https://www.vanderbilt.edu/,200,en-us,en-us,False,2026-08-11T11:19:33+00:00,9.379,0,1,4,1,0,0,0,0,1,1,1,0,0,1,1,2026-08-06,1,0,1,1,0,1,1,0,0,1,1,0,1,1,1,1,1,1,1,1,1,1,0,1,1,0,0,1,0,1,1,1,15.38,1,0,0,0,0,0,75,1,0,1,1,1,1,100.0,1,1,0,0,0,0,1
1037,M1,North America,United States,University of Notre Dame,https://www.nd.edu,https://www.nd.edu/,200,en,en,False,2026-08-11T11:20:13+00:00,36.283,1,1,3,1,1,0,0,0,0,0,0,0,1,1,0,,1,1,1,1,0,1,1,0,1,1,1,0,1,1,1,1,1,1,1,1,1,1,1,1,0,0,0,1,0,1,1,1,7.46,1,0,0,0,0,0,100,1,0,1,1,1,1,100.0,1,1,0,0,1,0,1
1038,M1,North America,United States,Emory University,https://www.emory.edu,https://www.emory.edu/,200,en,en,False,2026-08-11T11:20:28+00:00,10.837,1,1,2,1,0,0,0,0,0,0,0,0,1,0,0,,1,0,1,1,0,1,1,0,1,1,1,0,1,1,1,1,1,1,0,0,1,1,1,1,0,0,0,1,0,1,1,1,21.0,1,1,0,0,0,0,100,1,0,1,0,1,1,37.9,1,1,0,0,1,0,1
1039,M1,North America,United States,Georgetown University,https://www.georgetown.edu,https://www.georgetown.edu/,200,en-us,en-us,False,2026-08-11T11:20:40+00:00,9.529,0,1,5,1,0,0,0,0,0,0,1,0,0,1,1,2026-08-06,1,1,1,1,12,1,1,1,1,1,1,0,1,1,1,1,1,1,1,1,1,1,1,1,0,0,0,1,0,1,1,1,21.0,1,0,0,0,0,1,75,1,0,1,0,1,1,84.8,1,1,0,0,0,0,1
1040,M1,North America,United States,University of Virginia,https://www.virginia.edu,https://www.virginia.edu/,200,en,en,False,2026-08-11T11:21:02+00:00,19.949,1,1,5,1,0,0,0,0,0,0,1,1,5,1,0,,1,1,1,1,3,1,1,0,0,1,1,0,1,1,1,1,1,1,1,1,1,0,0,1,0,0,0,0,0,1,1,1,5.74,1,1,0,0,0,0,75,1,0,1,1,1,1,79.2,1,1,0,0,1,0,1
1041,M1,North America,United States,University of Rochester,https://www.rochester.edu,https://www.rochester.edu/,200,en,en,False,2026-08-11T11:21:11+00:00,6.27,1,1,6,1,0,0,0,1,0,0,1,0,0,0,0,,1,1,1,1,0,1,1,0,0,1,1,0,1,1,1,1,1,1,1,1,1,1,1,1,0,0,1,1,0,1,1,1,21.0,1,1,1,0,0,0,75,1,0,1,1,1,1,86.4,1,1,0,0,1,0,1
1042,M1,North America,United States,Tufts University,https://www.tufts.edu,https://www.tufts.edu/,200,en,en,False,2026-08-11T11:21:22+00:00,9.079,1,1,4,1,0,1,0,1,0,0,1,1,8,0,0,,1,1,1,1,0,1,1,0,1,1,1,0,1,1,1,1,1,1,1,1,1,1,1,1,0,0,0,0,0,1,1,1,21.0,1,1,1,0,0,1,100,1,0,1,1,1,0,89.7,1,1,0,0,1,0,1
1043,M1,North America,United States,Wake Forest University,https://www.wfu.edu,https://www.wfu.edu/,200,en,en,False,2026-08-11T11:21:35+00:00,10.706,1,1,2,1,0,1,0,1,0,0,0,1,10,0,1,2026-07-01,1,1,1,1,0,1,1,0,0,1,1,0,1,1,1,1,1,1,1,1,1,1,1,1,0,0,0,0,0,1,1,1,15.91,1,1,0,0,0,0,90,1,0,1,1,1,1,60.0,1,0,0,0,0,0,1
1044,M1,North America,United States,"University of California, Santa Cruz",https://www.ucsc.edu,https://www.ucsc.edu/,200,en-us,en-us,False,2026-08-11T11:21:46+00:00,8.886,0,1,7,1,0,0,0,1,1,1,1,0,0,0,1,2026-07-31,1,1,1,1,0,0,0,0,1,1,1,0,1,1,1,1,1,1,1,1,1,1,1,0,0,0,0,0,0,1,1,0,21.0,1,0,0,0,0,0,90,1,2,1,0,1,1,100.0,1,1,0,0,0,0,1
1045,M1,North America,United States,University of Miami,https://www.miami.edu,https://welcome.miami.edu/,200,en,en,False,2026-08-11T11:22:02+00:00,14.59,1,1,2,1,0,0,0,1,1,1,0,1,2,1,0,,1,1,1,1,5,1,1,0,0,0,1,0,1,1,1,1,1,1,0,1,1,1,1,0,0,0,0,0,0,1,1,0,20.82,1,0,1,0,0,0,75,1,0,1,1,1,1,91.5,1,1,0,0,1,0,1
1046,M1,North America,United States,Ohio State University,https://www.osu.edu,https://www.osu.edu/,200,en,en,False,2026-08-11T11:22:14+00:00,9.638,1,1,9,1,0,0,0,1,0,0,0,0,0,1,1,2025-06-27,1,1,1,0,0,1,1,0,1,0,1,0,1,1,1,1,1,1,1,1,1,1,1,1,1,0,0,1,0,1,1,1,15.77,1,1,0,0,0,1,90,1,0,1,1,1,1,94.2,1,0,0,0,0,0,1
1047,M1,North America,United States,Pennsylvania State University,https://www.psu.edu,https://www.psu.edu/,200,en,en,False,2026-08-11T11:22:25+00:00,8.673,1,0,0,0,0,0,1,1,0,0,1,0,0,0,0,,1,1,1,0,0,0,0,0,0,1,0,0,1,1,1,1,1,1,1,1,1,1,1,1,0,0,1,0,0,1,1,0,21.0,0,0,0,0,0,0,90,1,1,1,1,1,1,90.0,1,1,0,0,1,0,1
1049,M1,North America,United States,"University of Maryland, College Park",https://umd.edu,https://umd.edu/,200,en,en,False,2026-08-11T11:23:13+00:00,9.128,1,1,0,0,0,0,0,1,0,0,0,1,3,0,0,,1,1,1,1,0,0,0,0,1,1,1,0,1,1,1,1,1,1,0,0,0,0,1,1,1,0,0,1,0,0,1,0,21.0,1,1,1,0,0,0,75,1,0,1,1,1,1,100.0,1,0,0,0,1,0,1
1050,M1,North America,United States,University of Minnesota Twin Cities,https://twin-cities.umn.edu,https://twin-cities.umn.edu/,200,en,en,False,2026-08-11T11:23:25+00:00,10.631,0,1,4,1,0,0,0,1,0,0,0,1,3,0,1,2025-08-01,1,1,1,1,0,1,1,0,1,1,1,0,1,1,0,1,1,1,1,1,1,1,1,1,0,0,0,0,0,1,1,1,12.63,1,0,0,0,0,0,100,1,0,1,1,1,1,90.0,1,1,0,0,0,0,1
1051,M1,North America,United States,Michigan State University,https://msu.edu,https://msu.edu/,200,en,en,False,2026-08-11T11:23:37+00:00,8.596,1,1,3,1,0,0,0,0,0,0,1,0,0,1,1,2026-07-29,1,1,1,1,0,0,0,0,1,0,1,0,1,1,1,1,1,1,1,1,1,1,1,1,1,0,0,1,1,1,1,1,15.43,1,1,0,0,0,0,75,1,0,0,0,1,1,78.3,1,1,0,0,0,0,1
1052,M1,North America,United States,Indiana University Bloomington,https://www.indiana.edu,https://bloomington.iu.edu/,200,en-us,en-us,False,2026-08-11T11:23:51+00:00,11.96,0,1,9,1,0,0,0,1,1,1,1,1,2,1,1,2026-06-16,1,1,1,1,0,1,1,0,1,0,1,0,1,1,1,1,1,1,1,1,1,1,1,0,0,0,1,0,0,1,0,0,11.22,1,0,1,0,1,0,100,1,0,1,1,1,1,61.9,1,1,0,0,0,0,1
1053,M1,North America,United States,University of Pittsburgh,https://www.pitt.edu,https://www.pitt.edu/,200,en,en,False,2026-08-11T11:23:58+00:00,4.107,1,1,6,1,0,0,0,1,0,0,1,1,3,0,0,,1,0,1,1,0,1,1,0,0,1,1,0,1,1,1,1,1,1,1,0,1,1,1,1,0,0,0,1,0,0,1,1,15.43,1,1,0,0,0,0,75,1,0,1,0,1,0,100.0,1,1,0,0,1,0,1
1054,M1,North America,United States,University of Colorado Boulder,https://www.colorado.edu,https://www.colorado.edu/,200,en,en,False,2026-08-11T11:24:08+00:00,7.067,1,1,6,1,1,0,0,1,0,0,1,0,0,1,1,2026-08-12,1,1,1,1,20,1,1,1,1,0,1,0,1,1,1,1,1,1,1,1,1,1,1,0,0,0,1,0,0,1,1,1,18.88,1,0,0,0,0,1,90,1,0,1,0,1,0,92.3,1,1,0,1,0,0,1
1055,M1,North America,United States,University of Georgia,https://www.uga.edu,https://www.uga.edu/,200,en-us,en-us,False,2026-08-11T11:24:20+00:00,10.8,1,1,5,1,0,0,0,1,0,0,0,1,3,1,1,2026-08-10,1,1,0,1,7,1,1,0,1,1,1,0,1,1,1,1,1,1,1,0,1,1,0,0,0,0,0,1,0,1,1,1,15.43,1,0,0,0,1,0,75,1,0,0,1,1,1,22.2,1,1,0,0,0,0,1
1056,M1,North America,United States,University of Iowa,https://uiowa.edu,https://uiowa.edu/,200,en,en,False,2026-08-11T11:24:35+00:00,12.043,0,1,3,1,0,0,0,0,0,0,1,1,4,1,1,2026-08-08,1,1,1,1,2,1,1,1,0,1,1,0,1,1,1,1,1,1,0,1,1,1,1,1,1,0,0,0,0,1,1,0,21.0,1,0,1,0,0,0,90,1,0,1,1,1,1,83.3,1,1,0,0,0,0,1
1057,M1,North America,United States,University of Connecticut,https://uconn.edu,https://uconn.edu/,200,en-us,en-us,False,2026-08-11T11:24:51+00:00,12.62,0,1,8,0,0,0,0,0,0,0,0,0,0,1,1,,1,0,1,1,2,1,1,1,1,0,1,0,1,1,1,1,1,1,0,0,1,1,1,1,1,0,0,1,0,1,1,1,19.02,1,0,0,0,0,0,75,1,0,1,1,1,1,100.0,1,1,0,0,1,0,1
1058,M1,North America,United States,Rutgers University,https://www.rutgers.edu,https://www.rutgers.edu/,200,en,en,False,2026-08-11T11:25:22+00:00,27.81,0,1,4,1,0,0,0,1,1,1,1,1,10,1,1,2026-11-22,1,1,1,1,14,1,1,1,1,0,1,0,1,1,1,1,1,1,1,1,1,1,0,1,0,0,0,1,0,1,1,1,9.74,1,0,0,0,0,0,90,1,0,0,1,1,1,100.0,1,1,0,1,0,0,1
1059,M1,North America,United States,Texas A&M University,https://www.tamu.edu,https://www.tamu.edu/,200,en,en,False,2026-08-11T11:25:34+00:00,9.657,1,1,3,1,0,0,0,1,1,1,1,0,0,1,1,2026-10-02,1,1,1,1,12,1,1,0,0,1,1,0,1,1,1,1,1,1,1,1,0,0,1,1,1,0,1,1,0,1,1,1,21.0,1,1,0,0,0,1,75,1,0,1,1,1,1,100.0,1,1,0,1,0,0,1
1060,M1,North America,United States,"University of California, Riverside",https://www.ucr.edu,https://www.ucr.edu/,200,en,en,False,2026-08-11T11:25:55+00:00,18.518,0,1,4,1,0,0,0,1,0,0,1,1,10,0,1,2026-11-26,1,1,1,1,5,1,1,1,1,1,1,0,1,1,0,1,1,1,1,1,1,1,1,0,0,0,0,1,0,1,1,1,7.24,1,0,0,0,0,1,100,1,0,1,1,1,1,86.7,1,1,0,1,0,0,1
1061,M1,North America,United States,Case Western Reserve University,https://case.edu,https://case.edu/,200,en,en,False,2026-08-11T11:26:10+00:00,12.705,1,0,0,0,0,0,0,1,0,0,1,1,10,1,0,,1,0,1,1,7,0,0,0,0,1,1,0,0,1,1,1,1,1,1,1,1,1,0,1,1,0,0,1,0,1,1,1,21.0,1,1,0,0,0,0,100,1,0,0,1,1,1,59.4,1,0,0,0,1,0,1
1062,M1,North America,United States,Lehigh University,https://www1.lehigh.edu,https://www2.lehigh.edu/,200,en,en,False,2026-08-11T11:26:25+00:00,12.357,1,1,12,1,0,1,0,1,1,1,1,1,10,0,1,2026-07-23,1,0,1,1,3,1,1,1,1,1,1,0,1,1,1,1,1,1,1,1,1,1,1,1,0,0,0,1,0,1,1,1,18.42,1,1,1,0,0,1,75,1,0,1,1,1,1,76.7,1,1,0,0,0,0,1
1063,M1,North America,United States,Northeastern University,https://www.northeastern.edu,https://www.northeastern.edu/,200,en-us,en-us,False,2026-08-11T11:26:38+00:00,9.921,1,1,20,1,0,0,0,0,0,0,0,0,0,0,0,,1,0,1,1,0,1,0,0,1,1,1,0,1,1,1,1,1,1,0,1,1,1,0,0,0,0,0,0,0,1,1,0,9.93,1,0,1,0,0,0,90,1,2,1,0,1,1,46.7,1,1,0,0,1,0,1
1064,M1,North America,United States,University of Delaware,https://www.udel.edu,https://www.udel.edu/,200,en,en,False,2026-08-11T12:09:26+00:00,11.053,1,1,4,1,0,0,0,1,0,0,1,1,4,1,0,,1,0,1,1,0,0,0,0,0,1,1,0,1,1,1,1,1,1,1,1,1,1,0,1,0,0,0,0,0,1,1,1,10.89,1,1,0,0,0,0,90,1,0,1,1,1,0,94.4,1,1,0,0,1,0,1
1065,M1,North America,United States,Syracuse University,https://www.syracuse.edu,https://www.syracuse.edu/,200,en,en,False,2026-08-11T11:27:30+00:00,10.365,1,1,5,1,0,0,0,1,1,1,0,1,8,0,0,,1,1,1,1,10,1,1,0,0,1,1,0,1,1,1,1,1,1,1,1,0,1,1,1,0,0,0,1,0,0,1,1,12.63,1,1,0,0,0,1,100,1,0,1,1,1,1,85.7,1,1,0,0,1,0,1
1066,M1,North America,United States,George Washington University,https://www.gwu.edu,https://www.gwu.edu/,200,en,en,False,2026-08-11T11:27:43+00:00,10.336,1,1,7,1,0,0,0,0,1,1,1,0,1,1,1,2026-12-15,0,1,1,0,20,1,1,1,1,1,1,0,1,1,1,1,1,1,0,0,1,1,1,1,0,0,0,1,0,1,1,1,9.74,1,1,1,0,0,1,90,1,0,1,1,1,1,92.3,1,1,0,1,0,0,1
1067,M1,North America,United States,University of Massachusetts Amherst,https://www.umass.edu,https://www.umass.edu/,200,en,en,False,2026-08-11T11:27:57+00:00,11.94,1,1,3,1,0,0,0,1,0,0,1,1,5,1,1,2026-08-12,1,1,1,1,20,1,1,0,0,1,1,0,1,1,1,1,1,1,1,1,1,1,1,1,0,0,0,0,0,1,1,1,18.26,1,1,0,0,0,0,90,1,1,1,0,1,1,100.0,1,1,0,1,0,0,1
1068,M1,North America,United States,Virginia Tech,https://www.vt.edu,https://www.vt.edu/,200,en,en,False,2026-08-11T11:28:08+00:00,9.564,1,1,2,1,0,1,0,1,0,0,0,0,0,1,1,2026-08-10,1,1,1,0,0,1,1,0,0,0,1,0,1,1,1,1,1,1,1,1,1,1,1,1,0,0,0,0,1,1,1,1,21.0,1,1,0,0,0,0,90,1,0,1,0,1,1,40.0,1,1,0,0,0,0,1
1069,M1,North America,United States,Florida State University,https://www.fsu.edu,https://www.fsu.edu/,200,en-us,en-us,False,2026-08-11T11:28:25+00:00,9.701,1,1,3,1,0,0,0,1,0,0,1,0,0,1,1,2026-08-26,1,1,1,1,7,0,0,1,0,1,1,0,1,1,1,1,1,1,0,1,1,1,1,0,0,0,0,0,0,1,1,1,9.0,1,1,1,0,0,0,75,1,0,0,1,0,1,50.0,1,0,0,1,0,0,1
1070,M1,North America,United States,North Carolina State University,https://www.ncsu.edu,https://www.ncsu.edu/,200,en-us,en-us,False,2026-08-11T11:28:33+00:00,5.637,0,1,5,1,0,0,1,1,0,0,0,1,5,0,0,,1,1,1,1,16,1,1,0,0,0,1,0,1,1,1,1,1,1,0,1,1,1,1,1,0,0,0,1,0,1,1,1,12.63,1,0,0,0,0,0,90,1,0,1,1,1,1,85.0,1,1,0,0,1,0,1
1071,M1,North America,United States,"University of Tennessee, Knoxville",https://www.utk.edu,https://www.utk.edu/,200,en-us,en-us,False,2026-08-11T11:28:39+00:00,3.788,1,1,4,1,0,0,0,0,0,0,0,1,2,0,0,,1,1,1,0,0,0,0,0,1,1,1,0,1,1,0,1,1,1,1,1,1,1,1,1,0,0,0,1,0,0,1,1,8.72,1,1,0,0,0,1,90,1,0,1,1,1,1,89.5,1,1,0,0,1,0,1
1072,M1,North America,United States,University of Alabama,https://www.ua.edu,https://www.ua.edu/,200,en-us,en-us,False,2026-08-11T11:28:57+00:00,15.981,1,1,7,1,0,0,0,1,0,0,1,0,0,1,0,,1,1,1,0,0,1,1,0,1,1,1,0,1,1,1,1,1,1,0,1,1,1,0,1,0,0,0,1,0,1,1,1,21.0,1,1,0,0,0,1,90,1,0,1,1,1,1,38.9,1,1,0,0,1,0,1
1073,M1,North America,United States,Auburn University,https://www.auburn.edu,https://www.auburn.edu/,200,en,en,False,2026-08-11T11:29:14+00:00,15.071,1,1,3,1,0,0,0,0,0,0,1,1,3,0,0,,1,1,1,1,5,0,0,1,1,1,1,0,1,1,1,1,1,1,1,1,1,1,1,1,0,0,0,0,0,1,1,0,15.43,1,1,0,0,0,1,90,1,0,1,1,1,1,88.0,1,1,0,0,1,0,1
1074,M1,North America,United States,University of South Carolina,https://www.sc.edu,https://www.sc.edu/,200,en,en,False,2026-08-11T11:29:25+00:00,8.464,1,1,9,1,0,0,0,0,0,0,1,0,0,0,0,,1,1,1,1,0,1,1,0,1,1,1,0,1,1,1,1,1,1,1,1,1,1,0,1,0,0,0,0,0,1,1,1,15.91,1,1,0,0,0,0,75,1,0,1,1,0,1,66.7,1,1,0,0,1,0,1
1075,M1,North America,United States,Clemson University,https://www.clemson.edu,https://www.clemson.edu/,200,en-us,en-us,False,2026-08-11T11:29:56+00:00,28.729,1,1,6,1,0,0,0,1,1,1,1,1,2,0,1,2026-08-10,1,1,1,1,7,1,1,0,0,1,1,0,1,1,1,1,1,1,1,1,1,1,1,0,0,0,0,0,0,1,1,1,19.8,1,1,0,0,0,0,75,1,0,1,1,0,1,42.4,1,1,0,0,0,0,1
1076,M1,North America,United States,University of Kentucky,https://www.uky.edu,https://www.uky.edu/,200,en,en,False,2026-08-11T11:30:15+00:00,15.874,0,1,4,1,0,1,0,1,1,1,0,1,6,0,0,,1,1,1,0,0,0,0,0,0,0,1,0,1,1,1,1,1,1,1,1,1,1,1,1,0,0,0,0,0,1,1,0,21.0,1,0,0,0,0,0,100,1,0,0,0,1,1,75.0,1,1,0,0,1,0,1
1077,M1,North America,United States,University of Missouri,https://www.missouri.edu,https://missouri.edu/,200,en,en,False,2026-08-11T11:30:22+00:00,4.956,1,1,7,1,0,0,0,0,0,0,0,1,6,0,0,,1,1,1,1,0,0,0,0,0,0,1,0,1,1,1,1,1,1,0,0,1,1,1,1,0,0,0,1,0,1,1,1,1.15,1,0,0,0,0,0,100,1,0,0,0,1,1,100.0,1,1,0,0,1,0,1
1078,M1,North America,United States,University of Kansas,https://ku.edu,https://ku.edu/,200,en,en,False,2026-08-11T11:30:41+00:00,16.51,1,1,7,1,0,0,0,1,0,0,0,1,9,0,0,,1,1,1,0,0,0,0,0,0,0,1,0,1,1,1,1,1,1,1,1,1,1,1,1,1,0,0,1,0,1,1,1,12.63,1,0,0,0,0,0,100,1,0,1,1,1,1,100.0,1,1,0,0,1,0,1
1079,M1,North America,United States,University of Nebraska-Lincoln,https://www.unl.edu,https://www.unl.edu/,200,en,en,False,2026-08-11T11:30:52+00:00,8.062,1,1,6,1,0,1,0,1,0,0,1,0,1,1,0,,1,1,1,1,3,1,1,0,1,0,1,0,1,1,1,1,1,1,0,1,1,1,1,1,0,0,0,0,0,1,1,0,10.05,1,0,0,0,0,1,100,1,1,1,0,1,1,86.4,1,1,0,0,1,0,1
1080,M1,North America,United States,University of Oklahoma,https://www.ou.edu,https://www.ou.edu/,200,en,en,False,2026-08-11T11:31:08+00:00,13.28,1,1,7,1,0,0,0,1,0,0,1,0,0,1,1,2026-08-07,1,1,1,1,0,1,1,1,1,1,1,1,1,1,1,1,1,1,1,1,0,1,0,0,0,0,0,0,0,1,1,0,12.98,1,0,0,0,0,0,75,1,0,1,1,0,1,100.0,1,1,0,0,0,0,1
1081,M1,North America,United States,University of Arizona,https://www.arizona.edu,https://www.arizona.edu/,200,en,en,False,2026-08-11T11:31:24+00:00,12.732,1,1,3,1,0,0,0,1,0,0,1,0,1,0,1,2026-08-05,1,1,1,1,6,1,1,1,1,0,1,0,1,1,1,1,1,1,1,1,1,1,1,1,0,0,1,1,0,1,1,1,15.43,1,1,0,0,0,0,90,1,0,1,1,1,1,66.7,1,1,0,0,0,0,1
1082,M1,North America,United States,Arizona State University,https://www.asu.edu,https://www.asu.edu/,200,en,en,False,2026-08-11T11:31:34+00:00,7.876,1,1,6,1,0,0,0,1,0,0,1,0,0,0,0,,1,0,1,1,0,1,1,0,1,1,1,0,1,1,1,1,1,1,0,0,1,1,1,1,1,0,0,0,0,1,1,1,17.58,1,1,0,0,1,0,100,1,0,1,0,1,1,93.8,1,1,0,0,1,0,1
1083,M1,North America,United States,University of Utah,https://www.utah.edu,https://www.utah.edu/,200,en-us,en-us,False,2026-08-11T11:31:51+00:00,11.903,1,1,8,1,0,0,0,1,0,0,1,1,3,1,1,2026-08-05,1,1,1,1,1,0,0,1,0,1,1,0,1,1,1,1,1,1,1,1,1,1,0,1,0,0,0,1,0,1,1,1,13.47,1,0,1,0,0,1,75,1,0,1,1,1,0,68.8,1,1,0,0,0,0,1
1084,M1,North America,United States,University of Oregon,https://www.uoregon.edu,https://www.uoregon.edu/,200,en,en,False,2026-08-11T11:32:01+00:00,6.822,1,1,4,1,0,0,0,0,0,0,1,0,1,0,0,,1,1,1,1,0,1,1,0,1,0,1,0,1,1,1,1,1,1,1,1,1,1,1,1,1,0,1,0,0,1,1,0,3.36,1,1,0,0,0,0,100,1,0,1,1,1,1,85.7,1,1,0,0,1,0,1
1085,M1,North America,United States,Oregon State University,https://oregonstate.edu,https://oregonstate.edu/,200,en,en,False,2026-08-11T11:32:11+00:00,8.063,1,1,5,0,0,0,0,1,0,0,1,1,4,0,0,,1,1,1,1,0,0,0,0,0,0,1,0,1,1,1,1,1,1,0,1,1,1,1,1,0,0,0,1,0,1,1,1,9.74,1,1,0,0,0,0,75,1,0,1,1,1,1,71.4,1,1,0,0,1,0,1
1086,M1,North America,United States,Washington State University,https://wsu.edu,https://wsu.edu/,200,en-us,en-us,False,2026-08-11T11:32:25+00:00,11.374,0,1,7,1,0,0,0,0,1,1,0,1,4,1,0,,1,1,1,1,0,1,1,0,1,1,1,0,1,1,1,1,1,1,1,1,1,0,1,0,1,0,0,0,0,1,1,0,15.13,1,0,0,0,0,0,90,1,0,1,1,1,1,60.0,1,0,0,0,1,0,1
1087,M1,North America,United States,Colorado State University,https://www.colostate.edu,https://www.colostate.edu/,200,en-us,en-us,False,2026-08-11T11:32:37+00:00,9.39,1,0,0,1,0,0,0,0,0,0,1,1,3,0,0,,1,1,1,1,10,1,1,0,1,1,1,0,1,1,1,1,1,1,1,1,1,1,0,1,0,0,0,0,0,1,1,1,21.0,1,0,0,0,0,0,90,1,0,1,1,1,1,89.7,1,1,0,0,1,0,1
1088,M1,North America,United States,"University of Nevada, Reno",https://www.unr.edu,https://www.unr.edu/,200,en-us,en-us,False,2026-08-11T11:32:45+00:00,6.294,1,1,5,1,0,0,0,1,0,0,0,0,0,0,0,,1,1,1,1,0,0,1,0,1,1,1,0,1,1,1,1,1,1,1,1,1,1,1,1,1,0,0,1,0,0,1,1,11.2,1,1,0,0,0,0,75,1,0,0,1,1,1,78.6,1,1,0,0,1,0,1
1089,M1,North America,United States,University of New Mexico,https://www.unm.edu,https://www.unm.edu/,200,en,en,False,2026-08-11T11:32:56+00:00,8.805,1,1,5,1,0,1,0,0,0,0,1,1,10,0,1,2026-12-22,1,1,1,1,20,1,1,1,0,0,1,0,1,1,1,1,1,1,1,1,1,1,1,1,0,1,0,0,0,1,1,0,2.41,1,0,0,0,1,0,75,1,0,1,0,1,0,98.4,1,1,0,1,0,0,1
1090,M1,North America,United States,Baylor University,https://www.baylor.edu,https://www.baylor.edu/,200,en,en,False,2026-08-11T11:33:09+00:00,9.859,1,1,2,1,0,0,0,1,0,0,0,1,10,1,1,2027-04-22,1,1,1,1,3,0,0,0,0,0,1,0,1,1,1,1,1,1,1,1,0,1,0,0,0,0,0,0,0,1,1,1,21.0,1,0,0,0,0,0,75,1,0,1,1,1,1,29.2,1,1,0,1,0,0,1
1091,M1,North America,United States,Southern Methodist University,https://www.smu.edu,https://www.smu.edu/,200,en,en,False,2026-08-11T11:33:23+00:00,13.044,0,1,4,1,0,0,0,1,0,0,0,0,0,0,1,2027-01-24,1,1,1,1,6,1,1,0,0,1,1,1,1,1,0,1,1,1,1,1,1,1,1,1,0,0,0,0,0,1,1,1,5.74,1,0,1,0,0,0,75,1,0,1,1,0,1,21.1,1,0,0,1,0,0,1
1092,M1,North America,United States,Texas Christian University,https://www.tcu.edu,https://www.tcu.edu/,200,en,en,False,2026-08-11T11:33:35+00:00,8.097,1,1,6,1,0,0,0,1,1,1,0,1,3,1,0,,1,1,1,1,2,1,1,0,1,1,1,0,1,1,1,1,1,1,1,1,1,1,1,0,0,0,0,1,0,1,1,1,16.52,1,0,0,0,0,0,100,1,0,1,1,1,1,64.0,1,1,0,0,1,0,1
1093,M1,North America,United States,University of Houston,https://www.uh.edu,https://www.uh.edu/,200,en,en,False,2026-08-11T11:33:54+00:00,16.1,1,1,4,1,0,0,0,1,0,1,1,1,10,1,1,2026-09-03,1,1,1,1,7,0,0,0,0,1,1,0,1,1,1,1,1,1,1,1,1,1,1,1,0,0,1,1,0,1,1,1,18.88,1,1,0,0,0,0,75,1,0,1,1,0,1,77.8,1,1,0,1,0,0,1
1094,M1,North America,United States,Texas Tech University,https://www.ttu.edu,https://www.ttu.edu/,200,en-us,en-us,False,2026-08-11T11:34:09+00:00,12.506,1,1,3,1,0,1,0,1,0,0,1,0,0,0,1,2026-04-27,1,1,1,1,2,0,0,0,1,1,1,0,1,1,1,1,1,1,1,1,1,1,1,1,0,0,1,0,0,1,1,0,1.66,1,1,0,0,1,0,100,1,2,1,1,1,0,97.8,1,1,0,0,0,0,1
1095,M1,North America,United States,Louisiana State University,https://www.lsu.edu,https://www.lsu.edu/,200,en,en,False,2026-08-11T11:34:27+00:00,13.886,1,1,5,1,0,0,0,1,1,1,1,0,0,1,1,2026-09-06,1,1,1,1,20,1,1,1,1,1,1,0,1,1,1,1,1,1,1,1,1,0,1,0,0,0,0,1,0,1,1,1,16.3,1,1,1,0,0,0,90,1,0,0,1,1,1,100.0,1,1,0,1,0,0,1
1096,M1,North America,United States,University of Mississippi,https://olemiss.edu,https://olemiss.edu/,200,en,en,False,2026-08-11T11:34:41+00:00,11.269,1,1,6,1,0,0,0,0,0,0,0,1,2,1,1,2025-01-10,1,0,1,1,1,1,1,0,0,0,1,0,1,1,1,1,1,1,0,1,1,1,1,0,0,0,0,1,0,1,1,1,15.91,1,1,0,0,0,1,75,1,0,1,1,1,1,87.1,1,1,0,0,0,0,1
1097,M1,North America,United States,Mississippi State University,https://www.msstate.edu,https://www.msstate.edu/,200,en,en,False,2026-08-11T11:34:55+00:00,10.637,1,1,2,1,0,0,0,0,0,0,1,0,1,1,1,2026-08-18,1,1,1,1,5,1,0,1,1,0,1,1,1,1,1,1,1,1,1,1,1,1,0,1,0,0,0,1,0,1,1,1,15.91,1,0,0,0,0,1,75,1,0,0,1,1,1,58.8,1,0,0,1,0,0,1
1098,M1,North America,United States,University of Arkansas,https://www.uark.edu,https://www.uark.edu/,200,en,en,False,2026-08-11T11:35:09+00:00,11.899,1,1,1,1,0,0,0,1,1,0,1,1,7,0,0,,1,0,1,1,2,1,1,0,0,1,1,0,1,1,0,1,1,0,1,1,1,1,0,1,0,0,0,1,0,1,1,1,15.43,1,1,0,0,0,1,90,1,1,1,0,1,1,77.8,1,1,0,0,1,0,1
1099,M1,North America,United States,West Virginia University,https://www.wvu.edu,https://www.wvu.edu/,200,en-us,en-us,False,2026-08-11T11:35:25+00:00,13.689,1,1,8,1,0,0,0,1,1,1,1,1,5,1,1,2026-08-06,1,1,1,1,0,0,0,0,0,0,1,0,1,1,1,1,1,1,1,1,1,1,1,1,1,0,1,1,0,1,1,1,13.33,1,1,0,0,0,0,75,1,0,1,1,1,1,44.4,1,0,0,0,0,0,1
1100,M1,North America,United States,University of Cincinnati,https://www.uc.edu,https://www.uc.edu/,200,en-us,en-us,False,2026-08-11T11:35:37+00:00,9.821,0,1,4,1,0,0,0,1,1,3,1,1,6,1,1,2026-08-07,1,1,1,1,15,1,1,0,1,1,1,0,1,1,1,1,1,1,1,1,1,1,1,1,1,0,0,1,0,1,1,1,12.63,1,0,0,0,1,1,75,1,0,1,0,1,1,69.2,1,1,0,0,0,0,1
1101,M1,North America,United States,Miami University,https://www.miamioh.edu,https://miamioh.edu/,200,en,en,False,2026-08-11T11:36:03+00:00,21.276,1,1,5,1,0,0,0,1,0,0,1,0,0,1,0,,1,1,1,1,1,1,1,0,1,1,1,0,1,1,1,1,1,1,1,1,1,1,1,1,0,0,0,1,0,1,1,1,21.0,1,1,0,0,0,0,100,1,1,1,1,1,1,65.9,1,1,0,0,1,0,1
1102,M1,North America,United States,Kent State University,https://www.kent.edu,https://www.kent.edu/,200,en,en,False,2026-08-11T11:36:16+00:00,9.987,1,1,2,0,0,0,0,1,1,1,1,1,4,0,0,,1,1,1,1,13,1,1,0,0,1,1,0,1,1,1,1,1,1,1,1,1,1,1,1,1,0,0,0,0,1,1,0,19.63,1,1,1,0,0,0,75,1,0,1,1,1,1,79.2,1,1,0,0,1,0,1
1103,M1,North America,United States,Bowling Green State University,https://www.bgsu.edu,https://www.bgsu.edu/,200,en,en,False,2026-08-11T11:36:30+00:00,12.228,1,1,8,1,0,0,0,1,0,0,0,0,0,0,0,,1,1,1,1,0,1,1,0,0,1,1,1,1,1,1,1,1,1,1,1,1,1,1,0,0,0,1,1,0,0,0,1,21.0,1,0,1,0,1,1,90,1,0,1,1,1,1,55.9,1,1,0,0,1,0,1
1104,M1,North America,United States,University of Dayton,https://udayton.edu,https://udayton.edu/,200,en,en,False,2026-08-11T11:36:43+00:00,11.111,0,0,0,1,0,0,0,1,0,0,0,1,5,0,0,,1,1,1,1,0,1,0,0,0,1,1,0,1,1,1,1,0,1,0,1,1,1,1,1,0,0,0,1,0,0,1,1,19.63,1,0,0,0,0,0,75,1,0,1,1,1,1,94.7,1,0,0,0,1,0,1
1105,M1,North America,United States,Marquette University,https://www.marquette.edu,https://www.marquette.edu/,200,en,en,False,2026-08-11T11:37:03+00:00,17.376,1,0,0,1,0,0,0,1,0,0,1,1,10,0,0,,1,0,1,0,0,1,1,0,1,0,1,0,1,1,1,1,1,1,1,1,1,1,1,1,0,0,0,1,0,1,1,1,15.43,1,1,0,0,0,0,75,1,0,1,1,0,1,87.0,1,1,0,0,1,0,1
1106,M1,North America,United States,DePaul University,https://www.depaul.edu,https://www.depaul.edu/,200,en,en,False,2026-08-11T11:37:17+00:00,10.522,1,1,3,1,0,0,0,0,1,1,0,1,10,0,0,,1,1,1,1,0,1,1,0,1,1,1,0,1,1,1,1,0,1,1,1,1,1,1,1,0,0,0,1,0,1,1,1,17.04,1,1,0,0,0,0,100,1,0,1,0,1,1,71.4,1,1,0,0,1,0,1
1107,M1,North America,United States,Loyola University Chicago,https://www.luc.edu,https://www.luc.edu/,200,en,en,False,2026-08-11T11:37:30+00:00,9.972,1,1,3,1,0,0,0,1,1,1,1,0,1,0,0,,1,1,1,1,9,1,1,0,1,1,1,0,1,1,1,1,1,1,1,1,1,1,0,1,0,0,0,1,0,1,1,1,21.0,1,1,1,0,0,0,75,1,0,1,1,1,1,59.1,1,0,0,0,1,0,1
1108,M1,North America,United States,University of Illinois Chicago,https://www.uic.edu,https://www.uic.edu/,200,en,en,False,2026-08-11T11:37:41+00:00,8.795,0,1,0,1,0,0,0,1,0,0,1,0,0,0,1,,1,1,1,1,1,0,0,1,0,0,1,0,1,1,1,1,1,1,1,1,0,1,1,1,0,0,0,1,0,1,1,1,19.77,1,0,0,0,0,0,75,1,0,1,1,1,0,0.0,1,0,0,0,1,0,1
1109,M1,North America,United States,Illinois Institute of Technology,https://www.iit.edu,https://www.iit.edu/,200,en,en,False,2026-08-11T11:37:53+00:00,9.514,1,1,6,1,0,0,0,1,0,0,1,1,2,0,1,2026-01-28,1,1,1,1,1,1,1,0,1,0,1,0,1,1,1,1,1,1,1,1,1,1,1,1,0,0,0,1,0,1,1,1,15.91,1,1,1,0,0,1,90,1,0,1,1,1,1,91.1,1,0,0,0,0,0,1
1110,M1,North America,United States,Iowa State University,https://www.iastate.edu,https://www.iastate.edu/,200,en,en,False,2026-08-11T11:38:09+00:00,12.296,1,1,9,1,0,0,0,0,0,0,1,0,1,0,0,,1,1,1,1,20,1,1,0,0,1,1,0,1,1,1,1,1,1,1,1,1,0,0,1,0,0,1,1,0,1,1,1,8.86,1,1,0,0,0,0,75,1,0,1,1,1,1,81.2,1,1,0,0,1,0,1
1111,M1,North America,United States,University of St. Thomas,https://www.stthomas.edu,https://www.stthomas.edu/,200,en,en,False,2026-08-11T11:38:31+00:00,19.02,0,1,1,1,0,0,0,1,1,1,1,1,10,0,1,2026-08-07,1,1,1,0,0,1,1,0,0,1,1,0,1,1,1,1,1,1,1,1,1,1,1,1,0,0,0,1,0,1,1,1,21.0,1,0,0,0,0,0,75,1,0,1,1,1,1,86.4,1,1,0,0,0,0,1
1112,M1,North America,United States,Drexel University,https://drexel.edu,https://drexel.edu/,200,en,en,False,2026-08-11T11:38:49+00:00,15.738,0,1,4,1,0,0,0,1,1,1,1,1,10,0,1,2026-10-28,1,0,1,1,8,1,1,0,1,1,1,1,1,1,1,1,1,1,1,1,1,1,0,1,0,0,0,1,0,1,1,1,12.63,1,0,0,0,0,1,100,1,0,1,1,1,1,66.7,1,0,0,1,0,0,1
1113,M1,North America,United States,Temple University,https://www.temple.edu,https://www.temple.edu/,200,en,en,False,2026-08-11T11:39:06+00:00,14.496,1,1,1,1,0,1,0,1,1,0,1,1,2,0,1,2026-07-31,1,0,1,1,0,1,1,0,0,1,1,0,1,1,1,1,1,1,1,1,1,1,1,1,0,0,0,1,0,1,1,1,21.0,1,1,0,0,0,0,90,1,0,1,1,1,1,91.3,1,1,0,0,0,0,1
1114,M1,North America,United States,Villanova University,https://www1.villanova.edu,https://www.villanova.edu/university.html,200,en,en,False,2026-08-11T12:10:00+00:00,22.051,1,1,8,1,0,0,0,0,0,0,1,1,10,1,1,2025-05-08,1,1,1,1,1,1,1,1,1,1,1,0,1,1,1,1,1,1,1,1,0,1,1,1,1,0,0,1,0,1,1,1,14.94,1,1,1,0,1,0,75,1,1,0,1,1,0,100.0,1,1,0,0,0,0,1
1115,M1,North America,United States,Rensselaer Polytechnic Institute,https://www.rpi.edu,https://www.rpi.edu/,200,en,en,False,2026-08-11T11:39:49+00:00,3.917,1,1,4,0,0,0,0,0,1,1,0,0,0,0,0,,1,1,1,1,0,1,1,0,0,0,1,0,1,1,1,1,1,1,0,1,0,1,0,1,0,0,0,1,0,1,1,1,15.43,1,1,0,0,0,1,75,1,0,1,0,1,1,100.0,1,1,0,0,1,0,1
1116,M1,North America,United States,Stevens Institute of Technology,https://www.stevens.edu,https://www.stevens.edu/,200,en,en,False,2026-08-11T11:40:00+00:00,8.601,0,0,0,0,0,0,0,1,1,1,1,1,3,1,1,2026-07-10,1,0,1,1,7,1,1,0,1,1,1,1,1,1,1,1,1,1,1,1,1,1,1,1,0,0,1,0,1,1,1,1,21.0,1,0,0,0,0,1,90,1,0,1,1,1,1,78.3,1,0,0,0,0,0,1
1117,M1,North America,United States,Worcester Polytechnic Institute,https://www.wpi.edu,https://www.wpi.edu/,200,en,en,False,2026-08-11T12:10:17+00:00,13.352,1,1,6,1,0,0,0,0,0,0,1,0,0,0,1,2026-07-30,1,1,1,1,1,1,1,0,1,1,1,0,1,1,1,1,1,1,1,1,1,1,1,1,0,0,1,0,0,0,1,1,15.81,1,1,0,0,0,1,100,1,0,0,1,1,0,51.1,1,1,0,0,0,0,1
1118,M1,North America,United States,Brandeis University,https://www.brandeis.edu,https://www.brandeis.edu/,200,en,en,False,2026-08-11T11:40:50+00:00,10.211,1,1,7,1,0,0,0,1,0,0,1,0,0,1,0,,1,1,1,0,0,0,0,0,1,1,1,0,1,1,1,1,1,1,1,1,1,1,1,1,0,0,0,1,0,1,1,1,21.0,1,0,0,0,0,0,75,1,0,0,1,1,1,45.8,1,1,0,0,1,0,1
1119,M1,North America,United States,Clark University,https://www.clarku.edu,https://www.clarku.edu/,200,en-us,en-us,False,2026-08-11T11:41:05+00:00,11.411,1,1,5,1,0,1,0,1,1,1,1,1,3,0,0,,1,1,1,1,0,1,1,0,1,0,1,0,1,1,1,1,1,1,1,1,1,1,1,1,0,0,0,1,0,1,1,1,16.81,1,0,0,0,0,0,90,1,0,1,1,1,1,83.3,1,1,1,0,1,0,1
1120,M1,North America,United States,University of Vermont,https://www.uvm.edu,https://www.uvm.edu/,200,en,en,False,2026-08-11T11:41:16+00:00,7.726,1,1,6,1,0,0,0,1,0,0,0,1,3,0,0,,1,1,1,1,1,1,1,0,0,1,1,0,1,1,0,1,1,1,1,1,0,1,1,1,1,0,0,0,0,1,1,1,1.38,1,0,0,0,0,0,75,1,0,1,1,1,1,33.3,1,1,0,0,1,0,1
1121,M1,North America,United States,University of New Hampshire,https://www.unh.edu,https://www.unh.edu/,200,en,en,False,2026-08-11T11:41:27+00:00,9.171,1,1,4,1,0,0,0,0,0,0,1,0,0,0,1,2026-02-07,1,0,1,1,0,0,0,1,1,0,1,0,1,1,1,1,1,1,0,1,0,1,1,1,0,0,0,1,0,1,1,1,16.54,1,1,0,0,0,0,100,1,0,1,1,1,0,44.1,1,1,0,0,0,0,1
1122,M1,North America,United States,University of Maine,https://www.maine.edu,https://www.maine.edu/,200,en-us,en-us,False,2026-08-11T11:41:42+00:00,10.932,1,1,7,0,0,0,0,0,1,1,0,0,0,0,0,,1,0,0,0,0,1,1,0,0,1,1,0,0,1,0,1,1,1,1,0,1,1,1,0,0,0,0,0,0,1,1,0,15.13,1,1,0,0,0,0,90,1,0,1,0,0,1,83.3,1,1,0,0,1,0,1
1123,M1,North America,United States,University of Rhode Island,https://www.uri.edu,https://www.uri.edu/,200,en-us,en-us,False,2026-08-11T11:41:53+00:00,9.05,1,1,1,1,0,0,0,1,0,0,0,0,0,0,0,,1,0,1,1,0,1,1,0,1,1,1,1,1,1,0,1,1,1,0,1,0,1,0,0,0,0,0,0,0,1,1,1,20.12,1,1,0,0,0,0,90,1,0,1,1,1,1,42.1,1,1,0,0,1,0,1
1124,M1,North America,United States,Fordham University,https://www.fordham.edu,https://www.fordham.edu/,200,en,en,False,2026-08-11T11:42:10+00:00,13.929,1,1,1,1,0,0,0,0,0,0,0,1,3,1,0,,1,1,1,1,0,0,0,0,0,1,1,0,1,1,1,1,1,1,1,1,1,1,1,0,0,0,0,0,0,0,1,1,12.63,1,1,0,0,1,0,90,1,0,1,1,1,1,72.2,1,1,0,0,1,0,1
1125,M1,North America,United States,Binghamton University,https://www.binghamton.edu,https://www.binghamton.edu/index.php,200,en-us,en-us,False,2026-08-11T11:42:19+00:00,6.766,1,1,9,1,0,0,0,1,0,0,0,0,1,0,0,,1,1,1,1,0,0,0,0,0,1,1,0,1,1,1,1,1,1,1,1,1,1,0,1,0,0,0,1,0,1,1,1,11.03,1,0,1,0,0,0,75,1,0,1,1,1,1,100.0,1,1,0,0,1,0,1
1126,M1,North America,United States,Stony Brook University,https://www.stonybrook.edu,https://www.stonybrook.edu/,200,en,en,False,2026-08-11T11:42:38+00:00,17.386,1,1,4,1,0,0,0,1,0,0,0,1,9,0,0,,1,1,1,1,12,1,1,0,1,1,1,0,1,1,1,1,1,1,1,1,1,1,0,1,1,0,0,1,0,1,1,1,8.72,1,1,0,0,0,0,75,1,0,1,1,1,1,85.7,1,1,0,0,1,0,1
1127,M1,North America,United States,University at Buffalo,https://www.buffalo.edu,https://www.buffalo.edu/,200,en-us,en-us,False,2026-08-11T11:42:49+00:00,8.214,1,1,1,1,0,1,0,1,0,0,1,1,10,0,1,2026-08-21,1,1,1,1,15,1,1,1,1,1,1,0,1,1,1,1,1,1,0,1,1,1,1,1,0,0,0,1,0,1,1,1,3.21,1,1,0,0,0,1,100,1,0,1,1,0,1,88.7,1,1,0,1,0,0,1
1128,M1,North America,United States,Rochester Institute of Technology,https://www.rit.edu,https://www.rit.edu/,200,en,en,False,2026-08-11T11:43:00+00:00,10.223,0,1,1,1,0,0,0,1,1,1,1,0,0,0,0,,1,1,1,1,5,1,1,0,1,1,1,0,1,1,1,1,1,1,1,1,1,1,1,1,0,0,0,1,0,1,1,1,15.43,1,0,0,0,1,0,100,1,0,1,1,1,1,96.6,1,1,0,0,1,0,1
1129,M1,North America,United States,Clarkson University,https://www.clarkson.edu,https://www.clarkson.edu/,200,en,en,False,2026-08-11T11:43:13+00:00,9.787,1,1,5,1,0,0,0,1,1,1,1,0,0,0,0,,1,1,1,1,0,0,0,0,1,1,1,0,1,1,1,1,1,1,1,1,0,1,1,1,1,0,0,1,0,1,1,1,9.68,1,1,1,0,0,0,75,1,0,1,1,1,1,88.9,1,1,0,0,1,0,1
1130,M1,North America,United States,Colgate University,https://www.colgate.edu,https://www.colgate.edu/,200,en,en,False,2026-08-11T11:43:25+00:00,9.756,1,1,5,1,0,0,0,0,0,0,0,1,9,1,0,,1,1,1,1,10,0,0,0,0,1,1,0,1,1,1,1,1,1,1,1,1,1,0,1,1,0,0,1,0,1,1,1,21.0,1,1,0,0,0,1,75,1,0,1,0,1,0,100.0,1,0,0,0,1,0,1
1131,M1,North America,United States,Hamilton College,https://www.hamilton.edu,https://www.hamilton.edu/,200,en,en,False,2026-08-11T11:43:37+00:00,9.992,1,1,3,1,0,0,0,0,0,0,1,1,3,0,0,,1,1,1,1,1,1,1,0,1,1,1,0,1,1,1,1,1,1,1,1,1,1,1,1,0,0,0,1,0,1,1,1,1.0,1,0,0,0,0,0,100,1,0,1,1,1,1,95.5,1,1,0,0,1,0,1
1132,M1,North America,United States,Union College,https://www.union.edu,https://www.union.edu/,200,en,en,False,2026-08-11T11:43:44+00:00,4.524,0,1,3,1,0,0,0,1,0,0,0,0,0,0,0,,1,1,1,1,0,1,1,0,0,1,1,0,1,1,1,1,1,1,1,1,1,1,0,0,1,0,1,1,0,1,1,1,15.28,1,0,0,0,0,0,90,1,0,1,1,1,1,100.0,1,1,0,0,1,0,1
1133,M1,North America,United States,Bard College,https://www.bard.edu,https://www.bard.edu/,200,en,en,False,2026-08-11T11:43:57+00:00,10.809,1,1,9,1,0,0,0,0,1,0,0,1,5,1,1,2026-08-16,1,1,1,1,7,1,1,0,1,1,1,0,1,1,1,1,0,1,1,1,1,1,0,1,0,0,0,1,0,1,1,1,15.91,0,1,0,0,0,0,75,1,0,1,1,1,1,85.7,1,0,0,1,0,0,1
1134,M1,North America,United States,Vassar College,https://www.vassar.edu,https://www.vassar.edu/,200,en,en,False,2026-08-11T11:44:04+00:00,4.297,1,1,5,1,0,0,0,0,1,1,1,1,5,1,0,,1,1,1,1,1,1,1,0,0,1,1,0,1,1,1,1,1,1,1,1,1,0,0,0,0,0,0,0,0,1,1,1,8.86,1,1,0,0,0,0,100,1,0,1,1,1,1,100.0,1,0,0,0,1,0,1
1135,M1,North America,United States,Williams College,https://www.williams.edu,https://www.williams.edu/,200,en-us,en-us,False,2026-08-11T11:44:18+00:00,12.243,0,1,4,0,1,0,0,0,0,0,0,1,10,1,1,2026-09-19,1,0,1,1,15,1,1,1,1,1,1,1,1,1,0,1,1,1,1,0,1,1,1,1,0,0,1,1,0,1,1,1,21.0,1,0,0,0,0,0,90,1,2,1,0,1,1,100.0,1,1,0,1,0,0,1
1136,M1,North America,United States,Amherst College,https://www.amherst.edu,https://www.amherst.edu/,200,en,en,False,2026-08-11T11:44:30+00:00,9.746,0,1,6,1,0,0,0,0,0,0,1,1,2,0,0,,1,1,1,1,6,1,1,0,0,1,1,0,1,1,1,1,1,1,1,1,1,1,1,1,0,0,0,0,0,1,1,0,7.89,1,0,0,0,0,0,100,1,0,1,0,1,1,100.0,1,1,0,0,1,0,1
1138,M1,North America,United States,Swarthmore College,https://www.swarthmore.edu,https://www.swarthmore.edu/,200,en,en,False,2026-08-11T11:44:52+00:00,10.169,1,1,5,1,0,0,0,0,0,0,0,1,4,0,1,2026-09-18,1,1,1,1,4,1,1,1,0,1,1,0,1,1,0,1,1,1,1,1,1,1,1,1,0,0,0,1,0,1,1,1,21.0,1,1,0,0,0,0,75,1,0,1,1,1,1,91.7,1,1,0,1,0,0,1
1139,M1,North America,United States,Haverford College,https://www.haverford.edu,https://www.haverford.edu/,200,en,en,False,2026-08-11T11:45:04+00:00,9.937,1,1,4,1,0,0,0,0,0,0,0,1,8,0,0,,1,0,1,1,2,1,1,0,1,1,1,0,1,1,1,1,1,1,0,1,0,1,0,1,0,0,0,1,0,1,1,1,15.91,1,0,1,0,0,0,75,1,1,1,1,1,1,100.0,1,0,0,0,1,0,1
1140,M1,North America,United States,Bowdoin College,https://www.bowdoin.edu,https://www.bowdoin.edu/,200,en,en,False,2026-08-11T11:45:15+00:00,9.33,1,1,8,1,1,0,0,0,0,0,1,0,0,0,0,,1,1,1,0,0,0,0,0,1,0,1,0,1,1,0,1,1,1,1,0,1,1,1,1,0,0,0,0,0,0,1,0,21.0,1,0,0,0,0,0,75,1,0,1,1,1,1,90.9,1,1,0,0,1,0,1
1141,M1,North America,United States,Middlebury College,https://www.middlebury.edu,https://www.middlebury.edu/,200,en,en,False,2026-08-11T11:45:21+00:00,4.165,1,1,1,1,0,0,0,0,0,0,1,0,0,0,0,,1,0,1,1,0,0,1,0,1,1,1,0,1,1,1,1,1,1,1,0,1,1,1,0,1,0,0,0,0,1,1,0,16.29,1,1,0,0,0,1,90,1,0,1,1,1,1,100.0,1,0,0,0,1,0,1
1142,M1,North America,United States,Colby College,https://www.colby.edu,https://www.colby.edu/,200,en-us,en-us,False,2026-08-11T11:45:30+00:00,6.612,0,1,5,1,0,0,0,0,0,0,0,0,1,1,0,,1,1,1,1,6,1,0,0,0,1,1,0,1,1,0,1,1,1,1,1,1,1,0,1,0,0,0,1,1,0,1,1,21.0,1,0,0,0,1,0,90,1,3,1,1,1,1,100.0,1,0,0,0,1,0,1
1143,M1,North America,United States,Bates College,https://www.bates.edu,https://www.bates.edu/,200,en,en,False,2026-08-11T11:45:43+00:00,10.596,1,0,0,1,0,0,0,0,0,0,1,0,0,1,1,2026-06-18,1,1,1,1,0,0,0,0,0,0,1,0,1,1,0,1,1,1,1,1,1,1,0,0,0,0,0,1,0,0,1,1,21.0,0,0,0,0,0,0,75,1,1,1,1,1,1,85.7,1,0,0,0,0,0,1
1144,M1,North America,United States,Trinity College,https://www.trincoll.edu,https://www.trincoll.edu/,200,en-us,en-us,False,2026-08-11T11:45:55+00:00,10.137,0,1,3,1,0,0,0,0,0,0,0,1,6,1,1,2026-09-02,1,0,1,1,19,1,1,1,1,1,1,0,1,1,0,1,1,1,0,0,1,1,1,0,0,0,0,1,0,1,1,1,21.0,1,0,0,0,0,0,100,1,0,1,1,1,1,55.6,1,0,0,1,0,0,1
1145,M1,North America,United States,Wesleyan University,https://www.wesleyan.edu,https://www.wesleyan.edu/,200,en,en,False,2026-08-11T11:46:05+00:00,8.32,1,1,5,1,0,0,0,0,0,0,0,1,5,1,0,,1,0,1,1,3,1,1,1,1,1,1,1,1,1,1,1,1,1,0,1,1,1,1,1,0,0,0,1,0,1,1,1,21.0,1,1,0,0,0,0,90,1,1,1,1,1,0,63.2,1,1,0,0,1,0,1
1146,M1,North America,United States,Smith College,https://www.smith.edu,https://www.smith.edu/,200,en,en,False,2026-08-11T11:46:19+00:00,10.404,0,1,5,1,0,0,0,0,0,0,1,0,0,0,1,2026-08-10,1,1,1,1,0,0,0,0,0,1,1,0,1,1,1,1,1,1,1,1,1,1,0,1,0,0,0,1,0,1,1,1,15.85,1,0,0,0,0,0,100,1,0,1,1,1,1,16.7,1,1,0,0,0,0,1
1147,M1,North America,United States,Mount Holyoke College,https://www.mtholyoke.edu,https://www.mtholyoke.edu/,200,en,en,False,2026-08-11T11:46:27+00:00,5.089,1,1,2,1,0,0,0,0,0,0,1,1,7,0,1,2026-05-24,1,1,1,1,0,1,1,0,1,1,1,0,1,1,1,1,1,1,1,0,1,1,1,0,0,0,0,1,0,1,1,1,15.91,1,1,1,0,0,1,90,1,0,0,1,1,1,100.0,1,0,0,0,0,0,1
1148,M1,North America,United States,Barnard College,https://barnard.edu,https://barnard.edu/,200,en,en,False,2026-08-11T11:46:41+00:00,11.99,1,1,1,1,0,0,0,0,1,1,1,0,0,1,1,2026-08-31,1,1,1,1,1,1,1,0,0,0,1,0,1,1,1,1,1,1,1,1,1,1,1,1,0,0,1,0,0,1,1,1,21.0,1,1,0,0,0,1,90,1,0,1,1,1,0,28.6,1,1,0,1,0,0,1
1149,M1,North America,United States,Grinnell College,https://www.grinnell.edu,https://www.grinnell.edu/,200,en,en,False,2026-08-11T11:46:53+00:00,8.677,1,1,5,1,0,0,0,0,0,0,1,1,4,0,0,,1,1,1,1,0,1,1,0,0,0,1,0,1,1,0,1,1,1,1,1,1,1,0,0,0,0,0,1,0,0,1,1,12.63,1,1,0,0,0,0,90,1,0,1,1,1,1,88.9,1,1,0,0,1,0,1
1150,M1,North America,Canada,Carleton College,https://www.carleton.edu,https://www.carleton.edu/,200,en-us,en-us,False,2026-08-11T11:47:01+00:00,5.092,1,0,0,1,0,0,0,1,0,0,1,1,10,1,0,,1,1,1,1,0,0,0,0,0,0,1,0,1,1,1,1,0,1,1,1,1,1,0,1,0,0,0,1,0,0,0,1,12.63,1,0,0,0,0,0,90,1,0,1,1,0,1,100.0,1,1,0,0,1,0,1
1151,M1,North America,United States,Macalester College,https://www.macalester.edu,https://www.macalester.edu/,200,en,en,False,2026-08-11T11:47:08+00:00,5.048,1,1,3,1,0,0,0,1,0,0,0,1,5,1,0,,1,1,1,1,20,1,1,0,0,0,1,0,1,1,1,1,1,1,1,1,1,1,1,1,0,0,0,1,0,1,1,1,21.0,1,1,0,0,0,0,100,1,0,1,1,1,1,53.3,1,0,0,0,1,0,1
1152,M1,North America,United States,Oberlin College,https://www.oberlin.edu,https://www.oberlin.edu/,200,en,en,False,2026-08-11T11:47:24+00:00,13.5,1,1,2,1,1,1,0,0,1,1,1,0,0,1,0,,1,0,1,1,0,1,1,0,1,1,1,0,1,1,1,1,1,1,1,1,0,1,1,1,0,0,0,0,0,1,0,0,19.38,1,1,1,0,0,0,75,1,0,1,0,1,1,7.6,1,1,0,0,1,0,1
1153,M1,North America,United States,Kenyon College,https://www.kenyon.edu,https://www.kenyon.edu/,200,en,en,False,2026-08-11T11:47:36+00:00,10.035,0,1,2,1,0,0,0,1,0,0,1,1,4,0,0,,1,1,1,1,1,1,1,0,1,1,1,0,1,1,1,1,1,1,1,1,1,1,1,0,0,0,0,1,0,1,1,1,21.0,1,0,0,0,0,1,100,1,0,1,1,1,1,0.0,1,1,0,0,1,0,1
1154,M1,North America,United States,Denison University,https://denison.edu,https://denison.edu/,200,en,en,False,2026-08-11T11:47:51+00:00,10.543,1,1,6,1,0,0,0,0,1,1,1,0,0,1,1,2026-08-10,1,1,1,1,6,1,1,1,1,1,1,0,1,1,1,1,1,1,1,1,1,1,1,0,0,0,0,1,0,0,1,1,8.36,1,0,1,0,0,0,75,1,0,1,1,1,1,97.7,1,0,0,0,0,0,1
1155,M1,North America,United States,Reed College,https://www.reed.edu,https://www.reed.edu/,200,en-us,en-us,False,2026-08-11T11:48:05+00:00,11.315,1,1,4,1,0,0,0,0,0,0,1,0,0,0,0,,1,0,1,1,12,1,1,0,0,1,1,0,1,1,0,1,1,1,1,0,1,1,1,1,1,0,1,1,0,1,1,1,21.0,1,0,0,0,0,0,75,1,0,1,1,1,1,75.0,1,0,0,0,1,0,1
1156,M1,North America,United States,Pomona College,https://www.pomona.edu,https://www.pomona.edu/,200,en,en,False,2026-08-11T11:48:16+00:00,9.125,0,1,7,1,0,0,0,0,0,0,0,0,1,0,1,2026-10-10,1,1,1,1,18,1,1,0,0,1,1,0,1,1,1,1,1,1,1,0,1,1,1,1,0,0,0,0,0,1,1,0,21.0,1,0,0,0,0,0,100,1,0,1,1,1,1,72.0,1,1,0,1,0,0,1
1157,M1,North America,United States,Claremont McKenna College,https://www.cmc.edu,https://www.cmc.edu/,200,en,en,False,2026-08-11T11:48:23+00:00,5.004,1,1,9,1,0,0,0,0,1,1,1,0,0,0,0,,1,1,1,1,0,1,0,0,0,1,1,0,1,1,1,1,1,1,1,1,1,1,1,0,0,0,1,1,0,1,1,1,16.3,1,1,0,0,0,0,75,1,0,1,1,1,1,100.0,1,1,0,0,1,0,1
1158,M1,North America,United States,Harvey Mudd College,https://www.hmc.edu,https://www.hmc.edu/,200,en-us,en-us,False,2026-08-11T11:48:39+00:00,13.284,1,0,0,1,0,0,0,1,0,0,1,0,1,0,0,,1,1,1,1,15,0,0,0,1,1,0,0,1,1,1,1,1,1,1,0,1,1,1,1,0,0,0,1,0,1,1,1,15.43,0,0,0,0,0,1,75,1,0,1,0,1,1,28.6,1,1,0,0,1,0,1
1159,M1,North America,United States,Scripps College,https://www.scrippscollege.edu,https://www.scrippscollege.edu/,200,en,en,False,2026-08-11T11:48:48+00:00,7.395,1,1,3,1,0,0,0,0,0,1,1,1,5,0,0,,1,0,1,1,11,1,1,0,0,0,1,0,1,1,1,1,1,1,1,1,1,0,1,1,0,0,0,1,0,1,1,1,12.63,1,1,0,0,1,1,75,1,1,1,1,1,1,35.7,1,1,0,0,1,0,1
1160,M1,North America,United States,University of San Diego,https://www.sandiego.edu,https://www.sandiego.edu/,200,en,en,False,2026-08-11T11:49:03+00:00,12.641,1,1,7,1,0,0,0,1,0,0,1,1,6,1,0,,1,1,1,1,0,0,1,0,1,1,1,0,1,1,1,1,1,1,1,1,1,1,1,0,0,0,0,0,0,0,1,0,21.0,1,1,1,0,1,1,90,1,0,1,1,0,1,84.6,1,0,0,0,1,0,1
1161,M1,North America,United States,Santa Clara University,https://www.scu.edu,https://www.scu.edu/,200,en,en,False,2026-08-11T11:49:12+00:00,7.404,0,1,7,1,0,0,0,1,1,1,0,1,4,0,0,,1,1,1,1,0,0,0,0,0,1,1,0,1,1,1,1,1,1,0,0,1,1,1,1,1,0,0,1,0,1,1,1,15.43,1,0,1,0,0,0,75,1,0,1,1,1,1,80.0,1,1,0,0,1,0,1
1162,M1,North America,United States,University of San Francisco,https://www.usfca.edu,https://www.usfca.edu/,200,en,en,False,2026-08-11T11:49:25+00:00,11.005,1,1,6,1,0,0,0,1,0,0,1,1,8,1,1,2026-08-17,1,1,1,1,11,1,1,0,1,0,1,1,1,1,1,1,1,1,1,1,1,1,1,1,0,0,0,1,0,1,1,1,21.0,1,0,0,0,0,0,90,1,0,1,1,1,1,71.9,1,1,0,1,0,0,1
1163,M1,North America,United States,Loyola Marymount University,https://www.lmu.edu,https://www.lmu.edu/,200,en,en,False,2026-08-11T11:49:38+00:00,10.373,1,1,3,1,0,0,0,1,1,1,0,1,3,1,1,2026-09-04,1,1,1,1,2,1,1,1,0,1,1,0,1,1,1,1,1,1,1,1,1,1,1,1,0,0,0,1,0,1,1,1,21.0,1,0,0,0,1,0,75,1,0,1,1,1,1,75.0,1,1,0,1,0,0,1
1164,M1,North America,United States,Pepperdine University,https://www.pepperdine.edu,https://www.pepperdine.edu/,200,en,en,False,2026-08-11T11:49:52+00:00,10.507,1,1,5,1,0,0,0,1,1,1,0,0,1,1,1,2026-08-10,1,1,1,1,1,1,1,0,0,1,0,1,1,1,1,1,1,1,1,1,1,1,0,1,0,0,0,1,0,1,1,1,21.0,0,0,0,0,0,1,75,1,0,1,1,1,1,78.6,1,1,0,0,0,0,1
1165,M1,North America,United States,San Diego State University,https://www.sdsu.edu,https://www.sdsu.edu/,200,en,en,False,2026-08-11T11:50:07+00:00,13.194,1,1,4,1,0,0,0,1,1,1,0,1,7,1,0,,1,0,1,1,6,1,1,1,0,1,1,0,1,1,1,1,1,1,1,1,1,1,1,1,0,0,0,1,0,1,1,1,21.0,1,1,0,0,0,0,75,1,0,1,1,1,1,100.0,1,1,0,0,1,0,1
1166,M1,North America,United States,San Jose State University,https://www.sjsu.edu,https://www.sjsu.edu/,200,en,en,False,2026-08-11T11:50:25+00:00,16.211,1,1,5,1,0,0,0,1,1,1,0,1,2,1,1,2026-11-30,1,1,1,1,0,1,1,0,0,0,1,0,1,1,1,1,1,1,1,1,1,1,1,1,0,0,0,1,0,0,1,1,19.8,1,1,0,0,0,0,75,1,0,1,0,0,1,87.5,1,1,0,1,0,0,1
1167,M1,North America,Canada,California Polytechnic State University,https://www.calpoly.edu,https://www.calpoly.edu/,200,en,en,False,2026-08-11T11:50:33+00:00,4.941,1,1,3,1,0,0,0,1,0,0,1,1,4,1,1,2026-08-22,1,1,1,1,14,1,1,0,1,0,1,0,1,1,1,1,1,1,1,1,1,1,1,1,0,0,0,1,0,1,1,1,17.78,1,1,0,0,1,0,100,1,0,1,1,1,1,92.3,1,1,0,1,0,0,1
1168,M1,North America,Canada,University of Toronto,https://www.utoronto.ca,https://www.utoronto.ca/,200,en,en,False,2026-08-11T11:50:39+00:00,4.366,1,1,3,1,0,0,0,1,0,0,1,0,0,0,1,2026-08-27,1,0,0,1,3,1,0,0,1,0,1,0,0,1,0,1,1,1,0,1,1,1,1,1,0,0,0,0,1,0,1,1,7.49,1,1,0,0,0,0,90,1,0,1,1,1,1,100.0,1,1,0,1,0,0,1
1169,M1,North America,Canada,University of British Columbia,https://www.ubc.ca,https://www.ubc.ca/,200,en-ca,en-ca,False,2026-08-11T11:50:50+00:00,8.812,0,1,9,1,0,0,0,0,0,0,0,0,0,0,0,,1,1,1,1,0,0,0,0,0,0,0,0,1,1,1,1,1,1,0,1,1,1,1,1,0,0,0,0,0,1,1,1,15.91,0,0,0,0,0,0,100,1,1,1,1,1,1,100.0,1,1,0,0,1,0,1
1170,M1,North America,Canada,McGill University,https://www.mcgill.ca,https://www.mcgill.ca/,200,,,False,2026-08-11T11:50:53+00:00,1.957,0,1,7,1,1,0,1,1,0,0,1,0,0,1,0,,1,0,1,1,0,0,0,0,1,0,1,0,1,1,1,1,1,1,1,1,1,1,1,1,0,0,0,0,0,1,1,0,21.0,1,0,0,0,0,0,75,1,0,1,0,1,1,100.0,1,1,0,0,1,0,1
1171,M1,North America,Canada,University of Alberta,https://www.ualberta.ca,https://www.ualberta.ca/en/index.html,200,en,en,False,2026-08-11T11:51:07+00:00,12.212,0,1,5,1,1,0,0,1,0,0,1,1,8,0,0,,1,1,1,1,1,1,1,0,0,1,1,0,1,1,1,1,1,1,1,1,1,1,1,1,1,0,1,0,0,1,1,1,14.45,1,0,1,0,0,1,90,1,2,1,1,1,1,50.0,1,0,0,0,1,0,1
1172,M1,North America,Canada,McMaster University,https://www.mcmaster.ca,https://www.mcmaster.ca/,200,en-us,en-us,False,2026-08-11T11:51:23+00:00,13.879,0,1,4,0,0,0,0,0,0,0,1,0,0,0,1,2026-08-10,1,1,1,1,0,1,0,0,0,0,1,0,1,1,1,1,1,1,0,1,1,1,0,1,0,0,1,1,0,0,0,1,15.43,1,0,0,0,0,0,75,1,0,1,1,0,1,98.4,1,0,0,0,0,0,1
1173,M1,North America,Canada,University of Waterloo,https://uwaterloo.ca,https://uwaterloo.ca/,200,en,en,False,2026-08-11T11:51:31+00:00,5.545,0,1,1,1,0,0,0,1,0,0,0,1,4,0,0,,1,0,1,1,9,1,1,0,1,0,1,0,1,1,1,1,1,1,0,0,1,0,0,1,0,0,0,1,0,1,1,1,21.0,1,0,0,0,0,0,100,1,0,1,1,1,0,100.0,1,1,0,0,1,0,1
1175,M1,North America,Canada,Queen's University,https://www.queensu.ca,https://www.queensu.ca/,200,en,en,False,2026-08-11T11:52:37+00:00,10.455,1,1,3,1,0,0,1,1,0,0,1,0,0,0,0,,0,1,1,0,0,1,1,0,1,1,1,0,1,1,1,1,1,1,0,1,1,1,0,1,1,0,0,1,0,1,1,1,15.28,1,0,1,0,0,0,90,1,0,1,1,1,1,29.4,1,1,0,0,1,0,1
1176,M1,North America,Canada,University of Montreal,https://www.umontreal.ca,https://www.umontreal.ca/en/,200,en,fr,True,2026-08-11T11:53:00+00:00,13.18,0,1,7,1,0,0,0,0,0,0,0,1,2,0,1,2026-07-14,1,0,1,0,0,1,1,0,0,0,1,0,1,1,1,1,1,1,1,1,1,1,1,1,0,0,0,1,0,1,1,1,7.94,1,0,0,0,1,0,90,1,0,1,0,1,1,20.0,1,0,0,0,0,0,1
1177,M1,North America,Canada,University of Ottawa,https://www.uottawa.ca,https://www.uottawa.ca/en,200,en,en,False,2026-08-11T11:53:14+00:00,10.956,1,1,4,0,1,0,0,0,0,0,1,1,3,0,1,2026-08-30,1,0,1,1,0,1,1,0,1,0,1,0,1,1,1,1,1,1,0,1,1,1,1,1,1,0,0,1,0,0,1,1,13.79,1,1,0,0,0,0,100,1,0,1,1,1,1,88.9,1,1,0,1,0,0,1
1178,M1,North America,Canada,Simon Fraser University,https://www.sfu.ca,https://www.sfu.ca/,200,en,en,False,2026-08-11T11:53:34+00:00,14.624,1,1,5,1,0,0,0,1,0,0,1,0,0,0,0,,1,0,1,1,1,1,1,0,1,1,1,0,1,1,1,1,1,1,1,1,1,1,0,1,1,0,0,0,0,1,1,1,21.0,1,1,0,0,0,1,90,1,0,1,1,1,1,41.0,1,0,0,0,1,0,1
1179,M1,North America,Canada,University of Calgary,https://www.ucalgary.ca,https://www.ucalgary.ca/,200,en,en,False,2026-08-11T11:53:48+00:00,11.796,1,0,0,1,0,0,0,1,0,0,0,1,10,0,1,2026-08-18,1,1,1,1,20,1,1,0,0,1,1,0,1,1,1,1,1,1,1,1,1,1,1,1,1,0,1,0,0,1,1,1,10.86,1,1,0,0,0,1,100,1,0,1,1,1,1,72.7,1,0,0,1,0,0,1
1180,M1,North America,Canada,Dalhousie University,https://www.dal.ca,https://www.dal.ca/,200,en,en,False,2026-08-11T11:53:58+00:00,7.669,1,1,6,0,0,0,0,1,0,0,1,1,3,1,0,,1,0,1,1,0,0,0,0,1,0,1,0,1,1,1,1,1,1,1,1,1,1,1,1,1,0,1,0,0,1,1,1,15.52,1,1,0,0,0,1,90,1,0,1,1,1,1,62.5,1,1,0,0,1,0,1
1184,M1,North America,Canada,University of Guelph,https://www.uoguelph.ca,https://www.uoguelph.ca/,200,en,en,False,2026-08-11T11:55:28+00:00,10.823,0,0,0,0,0,0,1,1,0,0,0,0,0,0,0,,1,0,0,1,0,1,0,0,0,0,1,0,0,0,0,1,0,1,0,0,0,0,1,0,0,0,0,0,0,0,0,0,7.46,1,0,0,0,0,1,75,1,0,0,1,0,1,33.3,1,0,0,0,1,0,1
1185,M1,North America,Canada,York University,https://www.yorku.ca,https://www.yorku.ca/,200,en-ca,en-ca,False,2026-08-11T11:55:42+00:00,12.225,1,1,3,1,0,0,0,1,1,1,0,1,4,0,1,2026-07-31,1,0,1,1,0,1,1,0,0,1,1,0,1,1,1,1,1,1,1,1,1,1,1,1,0,0,1,1,0,0,1,1,15.43,1,1,0,0,1,1,90,1,0,1,1,1,1,14.6,1,1,0,0,0,0,1
1186,M1,North America,Canada,Concordia University,https://www.concordia.ca,https://www.concordia.ca/,200,en,en,False,2026-08-11T11:56:08+00:00,22.174,1,1,5,1,1,0,0,1,0,0,1,1,2,1,1,2026-08-06,1,1,1,1,7,1,1,0,0,0,1,0,1,1,1,1,1,1,1,1,1,1,1,1,1,0,0,1,0,1,1,1,21.0,1,1,0,0,1,0,75,1,0,1,1,1,1,86.7,1,1,0,0,0,0,1
1187,M1,North America,Canada,University of Victoria,https://www.uvic.ca,https://www.uvic.ca/,200,en,en,False,2026-08-11T11:56:18+00:00,7.494,1,1,6,1,0,0,0,1,0,0,0,0,1,0,1,2026-10-07,1,1,1,1,0,1,1,0,0,0,1,0,1,1,1,1,1,1,0,1,1,1,0,1,1,0,1,0,0,1,1,1,15.43,1,1,1,0,0,0,100,1,0,1,1,1,1,100.0,1,1,0,1,0,0,1
1188,M1,North America,Canada,Carleton University,https://carleton.ca,https://carleton.ca/,200,en-us,en-us,False,2026-08-11T11:56:31+00:00,10.404,1,1,10,1,0,0,0,0,0,0,1,1,5,0,0,,1,1,1,1,4,1,1,0,0,1,1,0,1,1,1,1,1,1,1,1,1,1,1,1,1,0,0,0,0,1,1,0,12.63,1,1,0,0,0,0,90,1,0,1,1,1,1,42.1,1,1,0,0,1,0,1
1189,M1,North America,Canada,University of Manitoba,https://umanitoba.ca,https://umanitoba.ca/,200,en,en,False,2026-08-11T11:56:46+00:00,12.443,1,1,5,1,0,0,0,0,0,0,1,1,3,0,0,,1,1,1,0,0,1,1,0,1,0,1,0,1,1,1,1,1,1,1,1,1,1,1,0,0,0,0,1,0,1,1,1,15.91,1,1,0,0,0,1,90,1,0,1,1,1,1,41.2,1,1,0,0,1,0,1
1190,M1,North America,Canada,University of Saskatchewan,https://www.usask.ca,https://www.usask.ca/,200,en,en,False,2026-08-11T11:56:54+00:00,6.402,1,1,6,1,1,0,0,1,0,0,0,0,0,0,1,2026-06-30,1,0,1,1,1,0,0,1,1,0,1,0,1,1,1,1,1,1,1,1,1,1,1,1,0,0,0,0,0,1,1,1,17.4,1,1,0,0,0,0,75,1,0,1,1,1,1,100.0,1,1,0,0,0,0,1
1191,M1,North America,United States,Universidad de las Americas Puebla,https://www.udlap.mx,https://www.udlap.mx/web/en/,200,es,,True,2026-08-11T11:57:15+00:00,10.71,1,1,7,1,0,0,0,1,1,1,1,0,0,1,0,,1,1,1,0,3,1,1,0,0,1,1,0,1,1,1,1,1,1,1,1,0,1,0,1,1,1,1,1,0,1,0,1,1.11,1,1,0,0,0,0,75,1,2,1,0,0,1,16.0,1,0,0,0,1,0,1
1193,M1,North America,United States,American University,https://www.american.edu,https://www.american.edu/,200,en,en,False,2026-08-11T11:57:39+00:00,10.335,1,1,12,1,0,1,0,1,1,0,0,0,1,1,0,,1,1,1,1,1,1,1,0,1,1,1,0,1,1,1,1,1,1,1,1,1,1,1,1,0,0,0,1,0,1,1,1,11.07,1,1,1,0,0,0,100,1,0,1,1,1,1,72.4,1,0,0,0,1,0,1
1194,M1,North America,United States,Howard University,https://howard.edu,https://howard.edu/,200,en,en,False,2026-08-11T11:57:54+00:00,11.735,0,1,3,1,0,0,0,1,1,1,1,0,0,1,1,2026-08-11,1,1,1,1,18,1,1,0,1,1,1,0,1,1,1,1,1,1,1,1,1,1,1,1,0,0,0,1,0,1,1,1,1.0,1,0,0,0,0,0,75,1,0,1,1,1,1,95.7,1,1,0,0,0,0,1
1195,M1,North America,United States,Baylor College of Medicine,https://www.bcm.edu,https://www.bcm.edu/,200,en,en,False,2026-08-11T11:58:09+00:00,12.814,1,1,5,1,0,1,0,0,1,1,1,0,0,0,0,,1,1,1,1,0,0,0,0,0,0,1,0,1,1,1,1,1,1,1,0,1,1,1,1,1,0,0,1,0,1,1,1,12.63,1,1,0,0,0,0,100,1,0,0,1,1,0,100.0,1,0,0,0,1,0,1
1196,M1,North America,United States,University of Denver,https://www.du.edu,https://www.du.edu/,200,en,en,False,2026-08-11T11:58:23+00:00,10.452,1,1,1,1,0,0,0,1,1,1,1,0,1,0,0,,1,0,1,1,0,1,1,0,1,1,1,0,1,1,1,1,1,1,1,1,1,1,1,1,0,0,1,0,0,1,1,1,7.75,1,1,1,0,0,1,100,1,1,1,1,1,1,87.0,1,0,0,0,1,0,1
1197,M1,North America,United States,Gonzaga University,https://www.gonzaga.edu,https://www.gonzaga.edu/,200,en,en,False,2026-08-11T11:58:42+00:00,16.885,1,1,1,1,0,0,0,1,0,0,1,1,7,1,1,2026-07-08,1,0,1,1,11,1,1,0,1,1,1,0,1,1,1,1,1,1,1,1,1,1,1,1,1,0,0,1,0,0,1,1,12.63,1,1,0,0,0,1,75,1,1,1,1,1,1,79.2,1,1,0,0,0,0,1
1199,M1,North America,United States,Seattle University,https://www.seattleu.edu,https://www.seattleu.edu/,200,en-us,en-us,False,2026-08-11T11:58:53+00:00,6.244,0,1,8,1,0,0,0,0,0,0,0,1,2,0,1,,1,1,1,1,7,1,1,1,1,0,1,0,1,1,1,1,1,1,1,1,1,1,1,1,0,0,0,1,0,1,1,1,21.0,1,0,0,0,0,1,90,1,0,1,1,1,1,95.8,1,1,0,0,1,0,1
1300,M1,North America,United States,Kansas State University,https://www.k-state.edu,https://www.k-state.edu/,200,en,en,False,2026-08-11T11:24:48+00:00,8.378,1,1,2,1,0,0,0,1,0,0,0,1,4,0,1,2026-10-28,1,1,1,1,12,1,1,1,1,0,1,0,1,1,1,1,1,1,1,1,1,1,1,1,1,0,1,1,0,1,1,1,21.0,1,1,0,0,0,1,90,1,1,1,1,0,1,100.0,1,1,0,1,0,0,1
1301,M1,North America,United States,Montana State University,https://www.montana.edu,https://www.montana.edu/,200,en-us,en-us,False,2026-08-11T11:24:58+00:00,7.651,1,0,0,1,0,1,0,0,0,0,1,0,0,0,0,,1,1,1,1,1,1,1,0,1,0,1,0,1,1,1,1,1,1,1,1,1,1,1,1,0,0,0,0,0,0,1,1,12.63,1,1,0,0,0,0,75,1,0,1,1,1,1,92.1,1,1,0,0,1,0,1
1302,M1,North America,Canada,Memorial University of Newfoundland,https://www.mun.ca,https://www.mun.ca/,200,en-ca,en-ca,False,2026-08-11T11:25:09+00:00,9.231,1,1,4,1,0,0,0,0,1,1,1,0,0,0,1,2026-08-07,1,1,1,1,0,1,1,0,1,1,1,0,1,1,1,1,1,1,1,1,1,1,1,1,1,0,0,0,0,1,1,1,12.63,1,1,0,0,0,0,100,1,0,1,0,1,1,52.0,1,1,0,0,0,0,1
1303,M1,North America,Canada,Toronto Metropolitan University,https://www.torontomu.ca,https://www.torontomu.ca/,200,en,en,False,2026-08-11T11:25:55+00:00,27.392,1,1,8,1,0,1,0,0,0,0,1,0,0,0,0,,1,0,1,1,0,1,0,0,0,1,1,0,1,1,0,1,1,1,1,1,1,1,0,1,0,0,0,0,0,0,1,0,21.0,1,0,0,0,0,0,90,1,0,1,1,1,0,85.7,1,1,0,0,1,0,1
1400,M1,North America,United States,University of Louisville,https://www.louisville.edu,https://louisville.edu/,200,en,en,False,2026-08-11T13:21:30+00:00,14.705,1,0,0,1,0,0,0,0,1,1,0,1,5,0,1,2026-07-20,1,1,1,1,13,1,1,0,0,0,1,0,1,1,1,1,1,1,1,1,1,1,1,1,0,0,1,1,0,1,1,1,12.63,1,1,0,0,0,0,100,1,0,1,0,1,1,76.9,1,1,0,0,0,0,1
1401,M1,North America,Canada,Wilfrid Laurier University,https://www.wlu.ca,https://www.wlu.ca/,200,en,en,False,2026-08-11T13:21:45+00:00,11.561,1,1,5,1,0,0,0,1,0,0,1,0,0,0,1,2026-09-26,1,1,1,1,7,1,0,0,1,1,1,0,1,1,1,1,1,1,0,1,1,1,1,1,0,0,0,0,0,1,1,1,9.74,1,1,1,0,0,1,75,1,0,1,1,1,1,97.6,1,1,0,1,0,0,1
1402,M1,North America,Canada,University of Windsor,https://www.uwindsor.ca,https://www.uwindsor.ca/,200,en,en,False,2026-08-11T13:22:05+00:00,18.044,1,0,0,1,0,0,1,1,0,0,1,0,0,0,0,,1,0,0,1,0,1,0,0,0,0,1,0,0,1,1,1,1,1,0,1,0,1,0,1,0,0,0,0,0,0,1,1,12.63,1,0,0,0,0,0,75,1,0,1,0,1,1,65.0,1,1,0,0,1,0,1
1403,M1,North America,Canada,Brock University,https://www.brocku.ca,https://brocku.ca/,200,en-ca,en-ca,False,2026-08-11T13:22:16+00:00,8.46,0,1,1,1,0,1,0,0,0,0,0,1,10,0,1,2026-08-04,1,1,1,1,5,1,1,0,0,0,1,0,1,1,1,1,1,1,1,1,1,1,1,1,1,0,1,0,0,1,1,0,1.21,1,0,1,0,0,0,75,1,0,1,1,1,1,83.3,1,1,0,0,0,0,1
2001,M2,Western & Northern Europe,United Kingdom,University of Oxford,https://www.ox.ac.uk,https://www.ox.ac.uk/,200,en,,,2026-08-11T06:50:58+00:00,5.252,1,1,3,1,0,0,0,0,0,0,1,0,0,0,1,2026-08-10,1,1,1,1,9,0,0,1,1,0,1,0,1,1,1,1,1,1,1,1,1,1,0,1,0,0,0,0,0,1,1,1,5.47,1,1,0,0,1,0,100,1,0,1,1,1,1,90.9,1,1,0,0,0,0,1
2002,M2,Western & Northern Europe,United Kingdom,University of Cambridge,https://www.cam.ac.uk,https://www.cam.ac.uk/,200,en,,,2026-08-11T06:52:36+00:00,3.267,1,1,2,0,0,0,0,0,0,0,0,0,0,0,0,,1,0,1,1,5,1,1,0,0,0,1,0,1,1,1,1,1,1,0,1,1,1,1,1,0,0,0,0,0,1,1,0,15.43,1,0,0,0,0,0,75,1,0,1,1,1,1,72.7,1,1,0,0,1,0,1
2003,M2,Western & Northern Europe,United Kingdom,Imperial College London,https://www.imperial.ac.uk,https://www.imperial.ac.uk/,200,en-gb,,,2026-08-11T06:52:43+00:00,5.088,1,1,10,1,0,0,1,1,0,0,1,0,0,1,0,,1,0,0,1,0,1,1,0,0,0,1,0,1,1,1,1,1,1,1,1,1,1,1,1,0,0,0,1,1,1,1,1,17.51,1,0,0,0,0,0,100,1,0,1,1,1,1,20.0,1,1,0,0,1,0,1
2004,M2,Western & Northern Europe,United Kingdom,University College London,https://www.ucl.ac.uk,https://www.ucl.ac.uk/,200,en,,,2026-08-11T06:52:48+00:00,2.98,1,0,0,1,0,0,1,1,0,0,1,0,0,0,1,2027-07-31,1,0,1,1,0,1,1,0,1,0,1,0,1,1,1,1,1,1,1,1,1,1,1,1,1,0,0,1,0,1,1,1,17.4,1,1,0,0,1,0,100,1,0,1,1,1,1,100.0,1,1,0,1,0,0,1
2005,M2,Western & Northern Europe,United Kingdom,University of Edinburgh,https://www.ed.ac.uk,https://www.ed.ac.uk/,200,en,,,2026-08-11T06:52:52+00:00,1.458,1,1,10,1,0,0,0,1,1,1,1,0,0,0,1,2026-08-10,1,0,1,1,1,1,1,1,0,0,1,0,1,1,1,1,1,1,0,1,1,1,0,1,1,0,0,1,0,1,0,1,9.28,1,1,0,0,0,0,100,1,0,1,1,1,1,100.0,1,1,0,0,0,0,1
2006,M2,Western & Northern Europe,United Kingdom,University of Manchester,https://www.manchester.ac.uk,https://www.manchester.ac.uk/,200,en,,,2026-08-11T06:53:04+00:00,10.069,1,1,7,1,0,0,1,1,0,0,1,1,2,1,0,,1,1,1,1,1,1,1,0,0,0,1,0,1,1,1,1,1,1,1,0,1,1,1,1,0,1,0,1,0,1,1,1,21.0,1,1,0,0,0,1,100,1,0,0,1,1,1,63.0,1,1,0,0,1,0,1
2007,M2,Western & Northern Europe,United Kingdom,King's College London,https://www.kcl.ac.uk,https://www.kcl.ac.uk/,200,en-gb,,,2026-08-11T06:53:09+00:00,3.54,1,1,6,1,0,0,0,0,0,0,0,1,4,0,1,2026-10-29,1,1,0,1,4,1,1,0,0,0,1,1,1,1,1,1,1,1,1,1,1,1,0,1,0,0,0,1,0,0,1,1,6.13,1,0,0,0,0,1,75,1,0,1,1,0,1,100.0,1,1,0,1,0,0,1
2008,M2,Western & Northern Europe,United Kingdom,London School of Economics,https://www.lse.ac.uk,https://www.lse.ac.uk/,200,en-gb,,,2026-08-11T06:53:22+00:00,9.784,1,1,3,1,0,0,0,1,0,0,1,0,1,1,1,2026-07-31,1,1,1,1,7,1,1,0,1,0,1,0,1,1,1,1,1,1,1,1,1,1,1,1,0,0,1,1,0,1,1,1,12.63,1,1,0,0,1,1,75,1,1,1,1,1,1,94.1,1,1,0,0,0,0,1
2009,M2,Western & Northern Europe,United Kingdom,University of Bristol,https://www.bristol.ac.uk,https://www.bristol.ac.uk/,200,en,,,2026-08-11T06:53:29+00:00,4.039,1,1,4,1,0,0,1,1,0,0,1,1,2,1,1,2026-08-06,1,0,0,1,4,0,0,1,0,0,1,0,0,1,1,1,1,1,0,1,1,1,1,1,0,0,0,1,0,1,1,1,12.63,1,1,0,0,0,1,75,1,0,0,1,1,1,100.0,1,1,0,0,0,0,1
2010,M2,Western & Northern Europe,United Kingdom,University of Warwick,https://warwick.ac.uk,https://warwick.ac.uk/,200,en-gb,,,2026-08-11T06:53:35+00:00,3.382,1,1,1,1,0,0,1,1,0,0,1,0,1,0,1,2026-07-31,1,1,0,1,2,1,1,1,1,0,1,0,1,1,1,1,1,1,0,1,1,1,1,1,1,0,0,0,0,1,1,1,19.56,1,1,0,0,0,0,90,1,0,1,1,1,1,25.9,1,1,0,0,0,0,1
2011,M2,Western & Northern Europe,United Kingdom,University of Glasgow,https://www.gla.ac.uk,https://www.gla.ac.uk/,200,en,,,2026-08-11T06:53:41+00:00,4.352,1,1,4,1,0,0,0,1,0,0,1,0,0,0,1,2026-10-24,1,0,0,1,1,0,0,0,0,0,1,0,1,1,1,1,1,1,1,1,1,1,1,1,0,0,0,1,0,1,1,1,12.29,1,0,0,0,0,1,90,1,0,1,1,1,1,96.9,1,1,0,1,0,0,1
2012,M2,Western & Northern Europe,United Kingdom,University of Southampton,https://www.southampton.ac.uk,https://www.southampton.ac.uk/,200,en,,,2026-08-11T06:53:54+00:00,10.058,1,1,0,1,1,0,0,1,0,0,1,0,1,1,0,,1,0,1,1,0,1,1,0,0,0,1,0,1,1,1,1,1,1,1,0,1,1,0,1,0,1,1,1,1,1,1,1,21.0,1,1,0,0,1,1,100,1,0,1,0,1,1,91.7,1,1,0,0,1,0,1
2013,M2,Western & Northern Europe,United Kingdom,University of Leeds,https://www.leeds.ac.uk,https://www.leeds.ac.uk/,200,en,,,2026-08-11T06:54:00+00:00,3.281,0,1,4,1,0,0,1,1,1,1,1,0,0,0,0,,1,1,1,1,0,1,1,0,0,0,1,0,1,1,1,1,1,1,0,1,1,1,1,1,1,0,0,0,0,1,1,0,15.43,1,0,0,0,0,1,75,1,0,1,1,1,1,91.7,1,1,0,0,1,0,1
2014,M2,Western & Northern Europe,United Kingdom,University of Birmingham,https://www.birmingham.ac.uk,https://www.birmingham.ac.uk/,200,en,,,2026-08-11T06:54:05+00:00,2.804,1,0,0,1,0,0,0,0,0,0,0,0,1,0,1,2026-08-10,1,0,0,1,0,1,1,0,0,0,1,0,0,1,1,1,1,1,0,0,1,1,0,1,1,0,0,1,0,1,1,1,21.0,1,1,0,0,0,1,90,1,0,1,1,1,0,38.1,1,1,0,0,0,0,1
2015,M2,Western & Northern Europe,United Kingdom,University of Sheffield,https://www.sheffield.ac.uk,https://sheffield.ac.uk/,200,en,,,2026-08-11T06:54:13+00:00,5.388,1,1,2,1,0,0,1,1,0,0,1,0,0,0,1,2026-07-27,1,0,1,1,4,1,1,1,1,0,1,0,1,1,1,1,1,1,1,1,1,1,1,1,0,0,1,1,0,1,1,1,11.77,1,1,0,0,0,1,100,1,0,1,1,1,1,32.3,1,1,0,0,0,0,1
2016,M2,Western & Northern Europe,United Kingdom,University of Nottingham,https://www.nottingham.ac.uk,https://www.nottingham.ac.uk/,200,en-gb,,,2026-08-11T06:54:21+00:00,5.96,1,1,6,1,0,0,1,1,0,0,1,1,2,0,0,,1,1,1,1,3,1,1,0,0,0,1,0,0,1,1,1,1,1,1,1,1,1,1,1,0,0,1,1,0,1,1,1,15.41,1,1,0,0,0,0,75,1,0,1,1,0,1,100.0,1,1,0,0,1,0,1
2017,M2,Western & Northern Europe,United Kingdom,Durham University,https://www.durham.ac.uk,https://www.durham.ac.uk/,200,en-gb,,,2026-08-11T06:54:34+00:00,9.984,1,1,6,1,0,0,1,1,0,0,1,0,0,1,1,2026-09-20,1,0,1,1,0,1,1,0,0,1,1,0,0,1,1,1,1,1,1,1,1,1,1,1,0,0,1,0,0,1,1,1,15.43,1,1,1,0,1,1,100,1,0,1,1,1,1,90.0,1,1,0,1,0,0,1
2018,M2,Western & Northern Europe,United Kingdom,University of St Andrews,https://www.st-andrews.ac.uk,https://www.st-andrews.ac.uk/,200,en,,,2026-08-11T06:54:47+00:00,10.371,1,1,1,1,0,0,0,1,0,0,1,0,0,0,1,2026-07-03,1,0,1,1,0,0,1,0,1,0,1,0,0,1,1,1,1,1,1,1,1,1,1,1,0,0,1,1,0,1,1,1,16.24,1,0,1,0,0,1,100,1,0,1,0,1,1,91.7,1,1,0,0,0,0,1
2019,M2,Western & Northern Europe,United Kingdom,Queen Mary University of London,https://www.qmul.ac.uk,https://www.qmul.ac.uk/,200,en,,,2026-08-11T06:54:55+00:00,5.486,1,1,6,1,1,0,0,1,0,0,0,0,1,0,1,2026-10-10,1,1,1,1,6,1,1,1,0,0,1,0,0,1,1,1,1,1,1,1,1,1,0,1,1,1,0,0,1,1,1,0,10.6,1,1,0,0,0,1,90,1,0,1,1,1,1,47.6,1,1,0,1,0,0,1
2020,M2,Western & Northern Europe,United Kingdom,Lancaster University,https://www.lancaster.ac.uk,https://www.lancaster.ac.uk/,200,en,,,2026-08-11T06:55:01+00:00,3.905,1,1,2,1,0,0,1,1,0,0,1,0,0,1,1,2026-08-06,1,1,1,1,0,1,1,0,0,0,1,0,1,1,1,1,1,1,1,1,1,1,1,1,0,1,1,1,0,1,1,1,16.52,1,1,0,0,0,1,100,1,0,1,1,1,1,88.9,1,1,0,0,0,0,1
2021,M2,Western & Northern Europe,United Kingdom,University of York,https://www.york.ac.uk,https://www.york.ac.uk/,200,en,,,2026-08-11T06:55:07+00:00,4.165,1,1,5,1,0,0,1,1,0,0,1,0,0,0,1,2026-08-10,1,0,1,1,1,1,1,0,1,0,1,0,1,1,1,1,1,1,0,1,1,1,1,1,0,0,0,1,0,1,1,1,19.59,1,1,1,0,0,0,90,1,0,1,1,1,1,11.8,1,1,0,0,0,0,1
2022,M2,Western & Northern Europe,United Kingdom,Cardiff University,https://www.cardiff.ac.uk,https://www.cardiff.ac.uk/,200,en,,,2026-08-11T06:55:13+00:00,4.32,1,1,6,1,1,0,0,1,1,1,1,1,3,1,1,2026-10-17,1,0,0,1,0,0,1,0,1,0,1,0,1,1,1,1,1,1,1,1,1,1,1,1,1,1,0,1,0,1,1,1,18.73,1,0,1,0,0,0,90,1,0,1,1,1,1,60.0,1,1,0,1,0,0,1
2023,M2,Western & Northern Europe,United Kingdom,University of Exeter,https://www.exeter.ac.uk,https://www.exeter.ac.uk/,200,en,,,2026-08-11T06:55:19+00:00,3.217,1,1,7,1,0,0,1,1,0,0,1,0,0,0,0,,1,1,0,1,0,0,0,0,1,0,1,0,0,1,1,1,1,1,1,1,1,1,1,1,0,0,0,0,1,1,1,1,12.63,1,1,0,0,1,0,75,1,0,1,1,1,1,100.0,1,1,0,0,1,0,1
2024,M2,Western & Northern Europe,United Kingdom,University of Bath,https://www.bath.ac.uk,https://www.bath.ac.uk/,200,en,,,2026-08-11T06:55:31+00:00,10.182,0,1,3,1,0,0,1,1,0,0,0,0,0,0,1,2026-10-10,1,0,0,1,3,1,1,1,1,1,1,0,0,1,1,1,1,1,0,1,1,1,1,1,0,0,0,1,0,1,1,1,15.74,1,0,0,0,1,0,75,1,0,1,1,1,1,81.0,1,1,0,1,0,0,1
2025,M2,Western & Northern Europe,United Kingdom,University of Liverpool,https://www.liverpool.ac.uk,https://www.liverpool.ac.uk/,200,en-gb,,,2026-08-11T06:55:39+00:00,5.512,1,1,4,1,0,0,1,1,0,0,1,0,0,0,1,2026-10-16,1,1,1,1,0,1,1,0,1,0,1,0,1,1,1,1,1,1,1,1,1,1,1,1,0,0,0,0,0,1,1,0,14.6,1,0,1,0,0,1,100,1,0,1,1,1,1,83.3,1,1,0,1,0,0,1
2026,M2,Western & Northern Europe,United Kingdom,University of Reading,https://www.reading.ac.uk,https://www.reading.ac.uk/,200,en,,,2026-08-11T06:55:46+00:00,4.01,1,1,2,1,0,0,0,1,0,0,0,1,2,1,0,,1,0,0,0,0,0,0,0,0,0,1,0,1,1,1,1,1,1,0,0,1,1,0,1,0,1,0,1,1,1,1,1,21.0,1,1,0,0,0,0,75,1,1,0,1,1,1,25.0,1,1,0,0,1,0,1
2027,M2,Western & Northern Europe,United Kingdom,Newcastle University,https://www.ncl.ac.uk,https://www.ncl.ac.uk/,200,en,,,2026-08-11T06:55:56+00:00,8.119,1,0,0,1,0,0,0,1,0,0,1,1,10,0,1,2026-08-10,1,1,1,1,0,1,1,1,1,0,1,0,1,1,1,1,1,1,1,1,1,1,1,1,1,1,1,1,0,1,1,1,8.59,1,1,1,0,1,1,75,1,0,1,1,0,1,98.5,1,1,0,0,0,0,1
2028,M2,Western & Northern Europe,United Kingdom,University of Sussex,https://www.sussex.ac.uk,https://www.sussex.ac.uk/,200,en,,,2026-08-11T06:56:03+00:00,3.578,1,1,5,1,0,0,0,1,0,0,1,0,0,0,1,2026-11-07,1,1,1,1,0,1,1,0,1,1,1,0,0,1,0,1,1,1,1,1,1,1,0,1,0,0,1,0,0,1,1,1,21.0,1,0,0,0,1,0,75,1,0,1,1,1,1,16.7,1,1,0,1,0,0,1
2029,M2,Western & Northern Europe,United Kingdom,University of Leicester,https://www.le.ac.uk,https://le.ac.uk/,200,en,,,2026-08-11T06:56:14+00:00,8.267,1,1,8,1,0,0,0,1,1,1,1,1,6,1,1,2026-08-12,1,0,1,1,11,1,1,1,1,0,1,0,1,1,1,1,1,1,1,1,1,1,1,1,0,1,1,0,0,1,1,1,11.03,1,1,0,0,0,1,100,1,0,1,1,1,1,100.0,1,1,0,1,0,0,1
2030,M2,Western & Northern Europe,United Kingdom,Loughborough University,https://www.lboro.ac.uk,https://www.lboro.ac.uk/,200,en,,,2026-08-11T06:56:20+00:00,2.786,0,1,4,1,0,1,0,0,0,0,0,0,1,0,1,2026-09-10,1,0,1,1,0,0,0,0,1,0,1,0,1,1,1,1,1,1,1,1,1,1,1,1,0,1,1,1,0,1,1,1,6.66,1,0,0,0,1,0,75,1,1,1,1,1,1,,1,1,0,1,0,0,1
2031,M2,Western & Northern Europe,United Kingdom,University of Aberdeen,https://www.abdn.ac.uk,https://www.abdn.ac.uk/,200,en-gb,,,2026-08-11T06:56:44+00:00,21.787,1,1,6,1,0,0,1,1,0,0,1,1,5,0,0,,1,0,1,1,0,0,0,0,1,1,1,0,1,1,1,1,1,1,1,1,1,1,1,1,0,0,1,1,0,0,1,1,9.32,1,1,0,0,1,0,100,1,0,1,1,1,1,61.9,1,1,0,0,1,0,1
2032,M2,Western & Northern Europe,United Kingdom,University of Dundee,https://www.dundee.ac.uk,https://www.dundee.ac.uk/,200,en,,,2026-08-11T06:56:52+00:00,5.181,1,1,5,1,0,0,0,1,0,0,1,0,0,0,1,2026-08-04,1,0,0,1,0,1,1,0,0,0,1,0,1,1,1,1,1,1,1,0,1,1,0,1,0,0,0,0,0,1,1,1,10.55,1,1,1,0,0,1,100,1,0,1,1,1,1,38.9,1,1,0,0,0,0,1
2033,M2,Western & Northern Europe,United Kingdom,University of Strathclyde,https://www.strath.ac.uk,https://www.strath.ac.uk/,200,en,,,2026-08-11T06:56:59+00:00,4.519,1,1,3,1,0,0,0,0,0,0,1,1,7,1,0,,1,0,1,1,0,1,1,1,0,1,1,0,1,1,1,1,1,1,1,1,1,1,1,1,0,0,0,0,0,0,1,1,21.0,1,1,1,0,1,1,75,1,0,1,1,1,1,84.2,1,1,0,0,1,0,1
2034,M2,Western & Northern Europe,United Kingdom,Queen's University Belfast,https://www.qub.ac.uk,https://www.qub.ac.uk/,200,en,,,2026-08-11T06:57:10+00:00,8.07,1,1,11,1,0,0,1,1,1,1,1,1,3,0,0,,1,0,0,1,2,1,1,0,0,1,1,0,1,1,1,1,1,1,1,1,1,1,1,1,0,0,0,1,0,0,1,1,7.68,1,0,0,0,0,0,90,1,0,1,1,1,1,100.0,1,1,0,0,1,0,1
2035,M2,Western & Northern Europe,United Kingdom,University of East Anglia,https://www.uea.ac.uk,https://www.uea.ac.uk/,200,en,,,2026-08-11T06:57:17+00:00,4.789,1,1,0,1,0,0,0,1,0,0,1,0,0,0,0,,1,0,0,1,0,1,1,0,1,0,1,0,0,1,0,1,1,1,1,0,1,1,1,1,0,0,0,1,0,1,1,1,20.29,1,0,0,0,0,1,90,1,0,1,1,1,1,100.0,1,1,0,0,1,0,1
2036,M2,Western & Northern Europe,United Kingdom,University of Surrey,https://www.surrey.ac.uk,https://www.surrey.ac.uk/,200,en-gb,,,2026-08-11T06:57:25+00:00,6.609,1,1,4,1,0,0,0,1,0,0,1,0,0,0,1,2026-10-28,1,1,1,1,1,1,1,0,0,0,1,0,0,1,1,1,1,1,1,1,1,1,1,1,0,1,1,1,0,1,1,1,10.76,1,1,1,0,0,0,100,1,0,0,1,1,1,42.1,1,1,0,1,0,0,1
2037,M2,Western & Northern Europe,United Kingdom,"Royal Holloway, University of London",https://www.royalholloway.ac.uk,https://www.royalholloway.ac.uk/,200,en-gb,,,2026-08-11T06:57:36+00:00,7.205,1,1,4,1,0,0,0,0,0,0,1,0,0,0,0,,1,1,0,1,0,1,1,0,0,0,1,0,0,1,1,1,1,1,1,1,1,1,1,1,1,1,0,1,0,0,1,1,1.44,1,1,0,0,1,0,75,1,0,1,1,1,1,0.0,1,1,0,0,1,0,1
2038,M2,Western & Northern Europe,United Kingdom,"City, University of London",https://www.city.ac.uk,https://www.citystgeorges.ac.uk/,200,en-gb,,,2026-08-11T06:57:45+00:00,4.357,1,1,2,1,0,1,0,1,1,2,1,1,8,0,1,2026-11-21,1,1,1,1,18,1,1,1,0,0,1,0,1,1,1,1,1,1,1,1,1,1,1,1,0,1,1,0,0,1,1,1,16.67,1,1,0,0,1,0,100,1,0,1,1,1,1,87.9,1,1,0,1,0,0,1
2039,M2,Western & Northern Europe,United Kingdom,Heriot-Watt University,https://www.hw.ac.uk,https://www.hw.ac.uk/,200,en,,,2026-08-11T06:57:52+00:00,2.538,0,1,2,1,1,0,0,1,0,0,1,0,0,0,1,2026-08-06,1,1,0,0,0,0,0,0,0,0,1,0,1,0,0,0,1,1,1,1,1,0,1,1,0,0,0,1,0,1,1,1,21.0,1,0,0,0,0,0,90,1,0,1,1,1,1,23.3,1,1,0,0,0,0,1
2040,M2,Western & Northern Europe,United Kingdom,University of Kent,https://www.kent.ac.uk,https://www.kent.ac.uk/,200,en-gb,,,2026-08-11T06:58:05+00:00,9.577,1,1,20,1,0,1,0,1,1,1,1,1,10,1,0,,1,1,1,1,0,1,1,1,0,1,1,0,1,1,1,1,1,1,1,1,1,1,1,1,1,0,1,1,0,1,1,1,21.0,1,0,1,0,1,1,90,1,0,1,1,1,1,98.3,1,1,0,0,1,0,1
2041,M2,Western & Northern Europe,Germany,Ludwig Maximilian University of Munich,https://www.lmu.de,https://www.lmu.de/de/index.html,200,de,,,2026-08-11T06:51:07+00:00,5.497,1,1,3,1,0,0,0,1,0,0,0,1,3,0,0,,1,0,1,0,2,0,0,0,0,0,0,0,0,0,0,0,1,1,0,0,1,0,0,1,0,0,0,1,1,1,1,1,21.0,0,1,0,0,0,0,90,1,0,1,1,1,1,85.7,1,1,0,0,1,0,1
2042,M2,Western & Northern Europe,Germany,Technical University of Munich,https://www.tum.de,https://www.tum.de/,200,de-de,,,2026-08-11T06:58:34+00:00,11.611,1,1,7,1,1,0,0,1,1,0,1,1,2,0,1,2026-09-17,1,1,1,1,4,1,1,1,1,1,1,0,1,1,1,1,1,1,1,1,1,1,1,1,1,0,0,1,0,0,1,1,16.15,0,0,0,0,1,0,100,1,0,1,1,1,0,20.8,1,1,0,1,0,0,1
2043,M2,Western & Northern Europe,Germany,Heidelberg University,https://www.uni-heidelberg.de,https://www.uni-heidelberg.de/en,200,en,,,2026-08-11T06:58:44+00:00,5.562,1,1,4,0,1,0,0,1,1,1,1,0,0,0,1,2027-01-01,1,1,1,1,3,0,0,0,1,0,1,0,0,1,1,1,1,1,1,1,0,1,1,1,0,0,0,1,0,1,1,1,5.2,1,1,0,0,0,0,100,1,0,1,1,1,0,5.3,1,1,0,1,0,0,1
2045,M2,Western & Northern Europe,Germany,Free University of Berlin,https://www.fu-berlin.de,https://www.fu-berlin.de/,200,de,,,2026-08-11T06:58:57+00:00,4.274,1,1,7,1,1,1,0,1,0,0,1,1,3,0,0,,1,1,1,1,9,0,1,0,1,0,1,0,1,1,1,1,1,1,0,1,1,1,0,1,0,0,0,0,0,1,1,1,21.0,1,0,0,0,1,0,100,1,0,1,1,1,0,75.0,1,1,0,0,1,0,1
2046,M2,Western & Northern Europe,Germany,RWTH Aachen University,https://www.rwth-aachen.de,https://www.rwth-aachen.de/go/id/a/?lidx=1,200,en-us,,,2026-08-11T06:59:10+00:00,10.744,1,1,6,1,1,0,0,1,0,0,1,0,0,1,1,2026-09-28,1,1,1,1,4,0,0,1,1,0,1,0,1,1,1,1,1,1,1,1,1,1,1,1,1,0,1,0,1,1,1,1,16.98,1,1,0,0,0,0,90,1,0,1,1,1,0,91.7,1,1,0,1,0,0,1
2047,M2,Western & Northern Europe,Germany,Karlsruhe Institute of Technology,https://www.kit.edu,https://www.kit.edu/,200,de-de,,,2026-08-11T06:59:19+00:00,4.848,0,1,7,1,1,1,0,1,0,1,1,1,10,0,1,2026-08-21,1,1,1,1,3,1,1,1,0,0,1,0,1,0,1,1,1,1,0,0,1,1,1,1,1,0,0,1,1,0,1,1,21.0,1,0,0,0,1,0,90,1,0,1,1,1,1,69.2,1,1,0,1,0,0,1
2048,M2,Western & Northern Europe,Germany,Technical University of Berlin,https://www.tu.berlin,https://www.tu.berlin/,200,de,,,2026-08-11T06:59:26+00:00,4.536,1,1,3,1,1,0,0,1,0,0,1,1,9,1,1,2026-08-07,1,1,1,1,13,0,0,1,0,0,1,0,1,1,1,1,1,1,1,1,1,1,1,1,1,0,0,0,0,1,1,0,21.0,1,1,0,0,1,0,100,1,0,1,1,1,0,82.4,1,1,0,0,0,0,1
2049,M2,Western & Northern Europe,Germany,University of Tuebingen,https://uni-tuebingen.de,https://uni-tuebingen.de/,200,de,,,2026-08-11T06:59:32+00:00,3.849,1,1,4,1,1,0,0,1,0,0,1,1,4,1,1,2026-08-19,1,1,1,1,1,1,1,1,0,0,1,0,1,1,1,1,1,1,1,1,1,1,1,1,1,0,0,1,0,1,1,1,8.49,1,1,1,0,1,1,100,1,0,1,1,1,0,61.5,1,1,0,1,0,0,1
2050,M2,Western & Northern Europe,Germany,University of Freiburg,https://uni-freiburg.de,https://uni-freiburg.de/,200,de-de,,,2026-08-11T06:59:46+00:00,10.316,1,1,7,1,1,0,0,1,0,0,0,0,1,0,0,,1,0,1,0,0,1,1,0,0,1,1,0,0,0,0,1,1,1,0,0,0,0,1,1,0,0,0,1,0,0,1,1,14.35,1,0,0,0,0,0,90,1,0,1,0,1,0,71.2,1,1,0,0,1,0,1
2051,M2,Western & Northern Europe,Germany,University of Goettingen,https://www.uni-goettingen.de,https://www.uni-goettingen.de/,200,de,,,2026-08-11T06:59:53+00:00,5.003,1,1,7,1,1,1,0,1,0,0,1,1,6,1,1,2026-08-16,1,1,0,1,2,1,1,1,0,0,1,0,1,0,0,0,1,1,1,1,1,1,0,1,1,0,0,1,0,0,1,1,5.03,1,1,0,0,0,1,75,1,0,1,1,1,0,87.0,1,1,0,1,0,0,1
2052,M2,Western & Northern Europe,Germany,University of Bonn,https://www.uni-bonn.de,https://www.uni-bonn.de/de,200,de,,,2026-08-11T07:00:03+00:00,6.681,1,1,5,1,1,1,0,1,0,0,1,1,10,0,1,2026-08-12,1,1,1,1,4,0,0,1,0,0,1,0,1,1,1,0,1,1,0,1,1,1,1,1,0,0,0,0,0,1,1,0,17.64,1,1,0,0,1,0,75,1,0,1,1,1,0,100.0,1,1,1,1,0,0,1
2053,M2,Western & Northern Europe,Germany,University of Hamburg,https://www.uni-hamburg.de,https://www.uni-hamburg.de/,200,de,,,2026-08-11T07:00:19+00:00,13.646,1,1,4,1,1,0,0,0,0,0,0,1,2,1,1,2026-11-01,1,1,1,1,2,1,1,1,0,1,1,0,0,1,0,1,1,1,0,1,1,1,0,1,0,0,0,0,1,1,1,1,8.32,1,1,0,0,1,0,100,1,0,1,1,0,1,100.0,1,1,0,1,0,0,1
2054,M2,Western & Northern Europe,Germany,University of Cologne,https://www.uni-koeln.de,https://uni-koeln.de/,200,de-de,,,2026-08-11T07:00:31+00:00,10.376,1,1,4,1,1,0,0,1,1,1,0,1,4,0,1,2026-08-07,1,1,1,1,4,1,1,1,0,0,1,0,0,0,0,0,1,1,0,1,1,1,0,1,0,0,0,1,1,1,1,1,21.0,1,1,0,0,0,0,100,1,0,1,1,1,1,28.6,1,1,0,0,0,0,1
2055,M2,Western & Northern Europe,Germany,Goethe University Frankfurt,https://www.goethe-university-frankfurt.de,https://www.uni-frankfurt.de/en,200,en,,,2026-08-11T07:00:39+00:00,5.142,1,1,5,0,1,0,0,0,0,0,0,0,0,0,1,2026-03-08,1,1,1,1,1,1,1,1,1,0,1,0,0,1,1,1,1,1,0,0,0,1,1,1,1,0,0,0,0,1,1,0,11.71,1,1,0,0,1,0,100,1,0,1,1,1,0,59.3,1,1,0,0,0,0,1
2056,M2,Western & Northern Europe,Germany,TU Dresden,https://tu-dresden.de,https://tu-dresden.de/,200,de,,,2026-08-11T07:01:09+00:00,19.803,1,1,2,1,1,1,0,0,0,0,1,1,10,0,1,2026-09-08,1,1,1,1,6,1,1,1,0,0,1,0,0,0,1,0,1,1,0,0,1,0,1,1,1,0,0,0,0,1,1,1,21.0,1,1,0,0,0,0,100,1,0,1,1,1,0,100.0,1,1,0,1,0,0,1
2057,M2,Western & Northern Europe,Germany,University of Mannheim,https://www.uni-mannheim.de,https://www.uni-mannheim.de/,200,de,,,2026-08-11T07:01:18+00:00,5.408,1,1,6,1,1,1,0,1,0,0,1,1,4,1,1,2026-09-16,1,1,1,1,19,1,1,1,1,0,1,0,1,1,1,1,1,1,1,1,1,1,1,1,1,0,0,0,1,0,1,1,13.01,1,1,0,0,1,0,90,1,0,1,1,1,1,88.6,1,1,1,1,0,0,1
2058,M2,Western & Northern Europe,Germany,University of Muenster,https://www.uni-muenster.de,https://www.uni-muenster.de/de/,200,de,,,2026-08-11T07:01:26+00:00,6.05,1,1,2,1,1,0,0,1,0,0,1,0,1,0,1,2026-08-10,1,1,1,1,1,1,1,1,1,0,1,0,1,0,1,1,1,1,1,1,1,1,1,1,1,0,0,1,1,1,1,1,21.0,1,1,0,0,0,0,100,1,0,1,1,1,0,94.1,1,1,0,0,0,0,1
2059,M2,Western & Northern Europe,Germany,University of Wuerzburg,https://www.uni-wuerzburg.de,https://www.uni-wuerzburg.de/,200,de-de,,,2026-08-11T07:01:36+00:00,7.1,1,1,6,1,1,0,0,1,1,0,1,1,3,1,1,2026-09-11,1,1,1,1,7,1,1,1,1,0,1,0,1,1,1,1,1,1,1,1,1,1,1,1,0,0,0,0,1,1,1,0,7.0,1,1,0,0,1,0,75,1,0,1,0,1,0,73.8,1,1,0,1,0,0,1
2060,M2,Western & Northern Europe,Germany,FAU Erlangen-Nuremberg,https://www.fau.de,https://www.fau.de/,200,de,,,2026-08-11T07:01:44+00:00,5.257,1,1,1,1,1,0,0,1,1,0,1,1,7,1,1,2026-08-10,1,1,1,1,13,0,0,1,1,0,1,0,1,1,1,1,1,1,1,1,1,1,1,1,1,0,1,0,0,1,1,1,21.0,1,1,0,0,1,1,90,1,0,1,1,1,0,93.8,1,1,1,0,0,0,1
2061,M2,Western & Northern Europe,Germany,University of Stuttgart,https://www.uni-stuttgart.de,https://www.uni-stuttgart.de/,200,de,,,2026-08-11T07:01:55+00:00,6.933,1,1,3,1,1,0,0,1,0,0,1,1,9,1,1,2026-10-08,1,1,1,1,4,1,1,1,0,0,1,0,1,1,1,1,1,1,1,0,1,1,1,1,0,0,1,0,0,1,1,1,12.63,1,1,0,0,1,0,90,1,0,0,1,1,0,67.6,1,1,0,1,0,0,1
2062,M2,Western & Northern Europe,Germany,Ulm University,https://www.uni-ulm.de,https://www.uni-ulm.de/,200,de-de,,,2026-08-11T07:02:17+00:00,10.838,1,1,5,1,1,0,0,1,0,0,1,1,3,1,1,2026-08-20,1,1,1,1,8,1,1,1,0,0,1,0,1,0,1,1,1,1,0,0,1,1,1,1,0,0,0,1,0,1,1,1,12.63,1,1,0,0,1,0,75,1,0,1,1,1,1,73.5,1,1,0,1,0,0,1
2063,M2,Western & Northern Europe,Germany,Kiel University,https://www.uni-kiel.de,https://www.uni-kiel.de/de/,200,de,,,2026-08-11T07:02:25+00:00,5.611,1,1,7,1,1,0,0,1,0,0,1,1,10,1,1,2026-09-11,1,1,1,1,1,1,1,1,1,0,1,0,1,0,0,1,1,1,1,1,1,1,0,1,0,0,0,0,0,1,1,1,21.0,1,1,0,0,1,0,100,1,0,1,1,1,0,96.7,1,1,0,1,0,0,1
2064,M2,Western & Northern Europe,Germany,Leipzig University,https://www.uni-leipzig.de,https://www.uni-leipzig.de/,200,de,,,2026-08-11T07:02:40+00:00,11.787,1,1,5,1,1,0,0,1,1,1,1,1,10,1,1,2026-08-24,1,0,1,1,1,1,1,1,0,1,1,0,1,1,1,1,1,1,1,1,1,1,1,1,1,0,0,0,1,1,1,0,12.64,1,1,0,0,1,0,100,1,0,1,1,1,0,100.0,1,1,0,1,0,0,1
2065,M2,Western & Northern Europe,Germany,Friedrich Schiller University Jena,https://www.uni-jena.de,https://www.uni-jena.de/,200,de,,,2026-08-11T07:02:51+00:00,4.628,0,1,6,0,1,0,0,1,1,0,1,1,6,0,1,2026-09-07,1,0,0,1,1,1,1,1,0,1,1,0,0,0,0,0,1,1,0,0,1,0,1,1,1,0,0,0,0,0,1,1,21.0,1,0,0,0,1,0,100,1,0,1,1,1,0,100.0,1,1,0,1,0,0,1
2066,M2,Western & Northern Europe,Germany,Technical University of Darmstadt,https://www.tu-darmstadt.de,https://www.tu-darmstadt.de/,200,de,,,2026-08-11T07:02:59+00:00,5.245,1,1,4,1,1,0,1,1,0,0,1,1,10,0,1,2026-09-18,1,1,1,1,1,1,1,1,0,0,1,0,0,1,1,1,1,1,1,1,1,1,1,1,1,0,0,0,1,1,1,1,12.79,1,1,0,0,0,0,100,1,0,0,1,1,0,12.0,1,1,0,1,0,0,1
2067,M2,Western & Northern Europe,Germany,University of Konstanz,https://www.uni-konstanz.de,https://www.uni-konstanz.de/,200,de-de,,,2026-08-11T07:03:09+00:00,5.565,1,1,3,1,1,0,0,0,1,1,1,1,4,0,1,2026-08-19,1,1,1,1,7,1,1,1,0,0,1,0,0,0,1,1,1,1,0,1,1,0,1,1,1,0,0,1,0,1,1,1,21.0,1,1,0,0,0,0,75,1,0,1,1,1,0,50.0,1,1,0,1,0,0,1
2068,M2,Western & Northern Europe,Germany,Ruhr University Bochum,https://www.ruhr-uni-bochum.de,https://www.ruhr-uni-bochum.de/de,200,de,,,2026-08-11T07:03:24+00:00,12.249,1,1,2,0,1,0,0,1,0,0,1,1,8,0,0,,1,1,1,1,1,1,1,0,1,1,1,0,1,1,0,1,1,1,0,0,1,1,1,1,0,0,0,1,0,0,1,1,8.28,1,1,0,0,0,1,100,1,0,1,1,1,0,100.0,1,1,0,0,1,0,1
2069,M2,Western & Northern Europe,Germany,Bielefeld University,https://www.uni-bielefeld.de,https://www.uni-bielefeld.de/,200,de,,,2026-08-11T07:03:32+00:00,5.673,1,1,7,1,0,0,0,0,0,0,0,1,3,1,1,2026-08-31,1,1,1,1,3,1,1,1,0,0,1,0,1,0,0,1,1,1,0,1,1,1,1,1,1,0,0,0,0,1,1,1,21.0,1,0,0,0,0,1,90,1,0,1,1,1,0,100.0,1,1,0,1,0,0,1
2070,M2,Western & Northern Europe,Germany,University of Duisburg-Essen,https://www.uni-due.de,https://www.uni-due.de/,200,de-19,,,2026-08-11T07:03:47+00:00,12.242,1,1,7,0,1,0,0,0,0,0,0,1,3,0,1,2026-08-07,1,1,1,1,0,1,1,1,0,0,1,0,1,1,0,0,1,1,0,0,1,1,1,1,1,0,0,1,0,1,1,1,21.0,1,1,0,0,0,0,75,1,0,1,0,1,0,71.4,1,1,0,0,0,0,1
2071,M2,Western & Northern Europe,Germany,Leibniz University Hannover,https://www.uni-hannover.de,https://www.uni-hannover.de/,200,de,,,2026-08-11T07:03:58+00:00,7.251,1,1,20,1,1,0,0,0,0,0,1,1,5,0,1,2026-07-20,1,1,1,1,2,1,1,1,0,0,1,0,1,0,0,1,1,1,1,1,1,1,1,1,0,0,0,0,1,1,1,0,19.8,1,1,0,0,0,0,75,1,0,1,1,1,0,95.2,1,1,0,0,0,0,1
2072,M2,Western & Northern Europe,Germany,Johannes Gutenberg University Mainz,https://www.uni-mainz.de,https://www.uni-mainz.de/,200,de-de,,,2026-08-11T07:04:14+00:00,11.958,1,1,5,1,1,0,0,0,0,0,1,0,1,1,0,,0,0,0,0,0,0,0,0,0,0,1,0,1,0,1,0,1,1,0,0,0,0,0,1,0,0,0,1,0,1,1,1,12.48,1,1,0,0,0,0,75,1,0,1,0,0,1,33.3,1,1,0,0,1,0,1
2073,M2,Western & Northern Europe,Germany,University of Regensburg,https://www.uni-regensburg.de,https://www.uni-regensburg.de/,200,de-de,,,2026-08-11T07:04:22+00:00,5.625,1,1,3,1,1,0,0,1,0,0,1,0,1,0,1,2026-08-10,1,1,1,1,3,1,1,1,0,1,1,0,1,0,1,1,1,1,1,1,1,1,1,1,1,0,0,1,0,0,1,1,21.0,1,1,0,0,1,0,75,1,0,1,1,1,0,14.3,1,1,0,0,0,0,1
2074,M2,Western & Northern Europe,Germany,University of Marburg,https://www.uni-marburg.de,https://www.uni-marburg.de/de,200,de,,,2026-08-11T07:04:34+00:00,8.682,1,1,6,1,1,0,0,0,0,0,0,1,10,0,1,2026-08-10,1,1,1,1,6,1,1,1,0,0,1,0,1,1,1,1,1,1,1,1,1,1,1,1,1,0,0,1,0,0,1,1,12.63,1,1,0,0,1,1,90,1,0,1,1,1,0,2.3,1,1,0,0,0,0,1
2075,M2,Western & Northern Europe,Germany,University of Bremen,https://www.uni-bremen.de,https://www.uni-bremen.de/,200,de-de,,,2026-08-11T07:04:42+00:00,4.867,1,1,3,1,1,0,0,1,1,1,1,1,10,0,1,2026-07-30,1,1,1,1,20,1,1,1,1,0,1,0,1,1,1,1,1,1,1,1,1,1,1,1,1,0,0,1,1,1,1,1,16.1,1,1,0,0,1,1,90,1,0,1,1,1,0,89.1,1,1,0,0,0,0,1
2076,M2,Western & Northern Europe,France,Paris-Saclay University,https://www.universite-paris-saclay.fr,https://www.universite-paris-saclay.fr/,200,fr,,,2026-08-11T07:04:53+00:00,7.834,1,1,4,1,1,0,0,1,1,1,1,1,10,0,1,2026-09-04,1,1,1,1,2,1,1,0,0,0,1,0,1,1,1,0,1,1,1,1,1,1,1,1,0,0,0,1,1,0,1,1,6.58,1,1,0,0,0,0,90,1,0,1,0,1,0,81.8,1,1,0,1,0,0,1
2077,M2,Western & Northern Europe,France,PSL University,https://psl.eu,https://psl.eu/,200,fr,,,2026-08-11T07:05:04+00:00,7.661,1,1,6,1,1,0,0,1,1,0,1,1,7,1,1,2026-07-29,1,1,1,1,1,1,1,1,0,0,1,0,1,1,1,1,1,1,1,1,0,1,1,1,0,0,0,0,1,1,1,1,21.0,1,1,0,0,0,1,75,1,0,1,0,1,0,95.3,1,1,0,0,0,0,1
2078,M2,Western & Northern Europe,France,Sorbonne University,https://www.sorbonne-universite.fr,https://www.sorbonne-universite.fr/,200,fr,,,2026-08-11T06:51:13+00:00,3.432,1,1,5,1,1,0,0,0,1,0,1,1,10,1,1,2027-06-15,1,1,1,1,2,1,1,1,1,0,1,0,1,1,1,1,1,1,1,1,1,1,1,1,0,0,1,1,1,1,1,1,12.63,1,0,0,0,0,0,90,1,0,1,0,1,1,34.6,1,1,1,1,0,0,1
2080,M2,Western & Northern Europe,France,Universite Paris Cite,https://u-paris.fr,https://u-paris.fr/,200,fr-fr,,,2026-08-11T07:05:48+00:00,7.622,1,1,5,1,1,0,0,0,0,0,1,0,0,0,1,2026-09-28,1,1,1,1,0,0,0,0,0,0,1,0,0,1,1,1,1,0,1,1,1,0,1,1,1,0,0,0,0,0,1,1,10.05,1,1,0,0,0,0,75,1,1,1,0,1,0,55.6,1,1,0,1,0,0,1
2081,M2,Western & Northern Europe,France,Aix-Marseille University,https://www.univ-amu.fr,https://www.univ-amu.fr/,200,fr,,,2026-08-11T07:05:58+00:00,7.054,1,1,2,0,1,0,0,0,0,0,1,0,0,1,1,2026-08-11,1,0,0,0,0,1,1,1,0,0,1,0,1,1,1,1,1,1,0,0,1,1,1,1,1,0,0,0,1,0,1,1,16.88,0,1,0,0,0,0,100,1,0,1,1,1,0,24.0,1,1,0,0,0,0,1
2082,M2,Western & Northern Europe,France,Grenoble Alpes University,https://www.univ-grenoble-alpes.fr,https://www.univ-grenoble-alpes.fr/,200,fr,,,2026-08-11T07:06:06+00:00,5.499,1,1,1,1,0,0,0,1,1,1,1,1,6,1,1,2026-09-30,1,1,1,1,0,1,1,0,1,0,1,0,1,1,1,1,1,1,1,1,1,1,1,1,1,0,0,0,1,1,0,0,21.0,0,1,1,0,0,1,75,1,0,1,1,1,0,73.1,1,1,1,1,0,0,1
2083,M2,Western & Northern Europe,France,Claude Bernard University Lyon 1,https://www.univ-lyon1.fr,https://www.univ-lyon1.fr/,200,fr,,,2026-08-11T07:06:16+00:00,5.63,1,1,4,1,1,0,0,0,0,0,1,0,1,1,0,,1,1,1,1,0,1,1,0,0,0,1,0,1,1,1,1,1,1,0,1,1,1,0,1,1,0,0,0,0,1,1,1,14.79,0,1,0,0,0,0,75,1,0,1,0,1,0,52.6,1,1,1,0,1,0,1
2084,M2,Western & Northern Europe,France,University of Strasbourg,https://www.unistra.fr,https://www.unistra.fr/fr,200,fr,,,2026-08-11T07:06:23+00:00,3.841,1,1,6,1,0,0,0,0,1,0,1,0,0,1,1,2026-09-13,1,1,1,1,17,1,1,1,1,0,1,0,1,1,1,1,1,1,1,1,1,1,1,1,1,1,1,0,1,1,1,1,18.88,0,1,0,0,0,0,75,1,0,1,1,1,0,26.5,1,1,0,1,0,0,1
2085,M2,Western & Northern Europe,France,University of Montpellier,https://www.umontpellier.fr,https://www.umontpellier.fr/,200,fr-fr,,,2026-08-11T07:06:31+00:00,4.698,1,1,8,1,1,0,0,1,0,0,1,1,10,1,1,2026-09-08,1,1,1,1,0,1,0,1,0,0,1,0,1,1,1,1,1,1,1,1,0,1,1,1,0,0,0,1,1,0,1,1,21.0,1,1,0,0,0,0,90,1,0,1,0,1,0,2.1,1,1,0,1,0,0,1
2086,M2,Western & Northern Europe,France,Sciences Po,https://www.sciencespo.fr,https://www.sciencespo.fr/fr/,200,fr,,,2026-08-11T07:06:43+00:00,8.879,1,1,5,0,1,0,0,1,0,0,0,1,10,1,0,,1,1,1,1,0,1,1,1,1,1,1,0,1,1,0,1,1,1,1,1,1,1,1,1,1,1,0,1,0,1,1,1,21.0,1,1,1,0,1,0,90,1,0,1,1,1,0,47.5,1,1,0,0,1,0,1
2087,M2,Western & Northern Europe,France,University of Bordeaux,https://www.u-bordeaux.fr,https://www.u-bordeaux.fr/,200,fr,,,2026-08-11T07:06:50+00:00,3.074,1,1,1,1,1,0,0,0,1,0,1,1,6,1,1,2026-09-10,1,1,1,1,16,1,1,1,1,0,1,0,1,1,1,1,1,1,1,1,1,1,1,1,1,0,0,1,1,1,1,1,19.85,1,1,0,0,0,0,100,1,0,1,1,1,0,15.6,1,1,0,1,0,0,1
2088,M2,Western & Northern Europe,France,University of Lille,https://www.univ-lille.fr,https://www.univ-lille.fr/,200,fr,,,2026-08-11T07:06:59+00:00,4.459,1,1,2,1,1,0,0,0,0,0,0,1,10,0,1,2026-10-18,1,1,1,1,3,1,1,1,1,0,1,0,0,1,1,1,1,1,1,1,1,0,1,1,0,1,0,1,1,1,1,1,21.0,1,1,0,0,0,0,75,1,0,1,1,1,0,32.3,1,1,0,1,0,0,1
2089,M2,Western & Northern Europe,France,University of Lorraine,https://www.univ-lorraine.fr,https://www.univ-lorraine.fr/,200,fr-fr,,,2026-08-11T07:07:06+00:00,4.624,1,1,9,1,1,0,0,1,0,0,0,1,2,0,0,,1,1,1,1,13,1,0,0,0,0,1,0,1,1,1,1,1,1,1,1,1,1,1,1,0,0,0,0,0,1,1,0,15.91,1,1,0,0,0,0,90,1,0,1,1,1,0,42.1,1,1,0,0,1,0,1
2090,M2,Western & Northern Europe,France,Universite Cote d'Azur,https://univ-cotedazur.fr,https://univ-cotedazur.fr/,200,fr,,,2026-08-11T07:07:23+00:00,13.203,1,1,8,1,1,0,0,1,1,0,0,1,2,1,0,,1,1,1,1,0,1,1,0,1,0,1,0,1,1,1,1,1,1,1,1,1,1,1,1,1,1,0,0,1,1,1,1,16.1,0,1,0,0,0,0,75,1,0,0,1,1,0,86.0,1,0,0,0,1,0,1
2091,M2,Western & Northern Europe,France,Toulouse III - Paul Sabatier University,https://www.univ-tlse3.fr,https://www.univ-tlse3.fr/,200,fr,,,2026-08-11T07:07:33+00:00,6.184,1,1,7,1,1,0,0,1,1,0,0,1,10,1,0,,1,1,1,1,0,1,1,0,1,0,0,1,1,1,0,1,1,1,1,1,1,1,1,1,1,0,0,1,1,1,0,1,1.0,0,1,0,0,0,0,75,1,0,1,1,1,0,72.7,1,1,0,0,1,0,1
2092,M2,Western & Northern Europe,France,Nantes University,https://www.univ-nantes.fr,https://www.univ-nantes.fr/,200,fr,,,2026-08-11T07:07:46+00:00,9.121,1,1,1,1,1,1,0,1,1,0,1,1,4,0,1,2027-01-30,1,1,1,1,7,1,1,1,1,0,1,1,1,1,1,1,1,1,0,0,1,1,1,1,1,0,0,0,1,1,1,1,7.12,0,1,0,0,0,0,75,1,0,1,1,1,0,75.0,1,1,0,1,0,0,1
2094,M2,Western & Northern Europe,France,ENS de Lyon,https://www.ens-lyon.fr,https://www.ens-lyon.fr/,200,fr,,,2026-08-11T07:08:11+00:00,16.457,1,1,20,1,1,0,0,1,1,2,1,1,10,1,1,2026-09-08,1,1,1,1,0,0,0,0,1,1,1,0,1,1,1,1,1,1,1,1,1,1,1,1,1,1,0,1,1,1,1,1,21.0,1,1,0,0,0,0,75,1,0,1,0,1,0,91.4,1,1,0,1,0,0,1
2095,M2,Western & Northern Europe,France,Paris-Est Creteil University,https://www.u-pec.fr,https://www.u-pec.fr/,200,fr,,,2026-08-11T07:08:30+00:00,16.163,1,1,4,1,1,1,0,0,0,0,1,0,0,1,0,,1,0,1,0,0,1,1,0,1,0,1,0,1,1,0,1,1,1,0,1,1,1,0,1,1,1,0,0,1,1,1,1,16.3,1,1,0,0,0,0,75,1,0,1,1,1,0,47.9,1,1,1,0,1,0,1
2096,M2,Western & Northern Europe,France,University of Tours,https://www.univ-tours.fr,https://www.univ-tours.fr/,200,fr,,,2026-08-11T07:08:41+00:00,7.142,1,1,13,1,1,0,0,0,1,1,1,1,10,1,0,,1,1,1,1,0,1,1,0,0,0,1,1,1,1,1,1,1,1,0,1,1,1,1,1,1,0,0,0,1,1,0,1,11.05,1,1,0,0,0,1,75,1,0,1,1,1,0,90.9,1,0,0,0,1,0,1
2097,M2,Western & Northern Europe,France,Clermont Auvergne University,https://www.uca.fr,https://www.uca.fr/,200,fr,,,2026-08-11T07:08:50+00:00,5.617,1,1,2,1,1,0,0,1,0,0,1,1,2,0,1,2026-09-24,1,0,1,1,1,1,1,0,0,0,1,0,1,1,1,1,1,1,1,1,1,0,1,0,1,0,0,1,1,1,1,1,19.6,1,1,0,0,0,0,100,1,1,1,1,1,0,87.5,1,1,0,1,0,0,1
2098,M2,Western & Northern Europe,France,University of Caen Normandy,https://www.unicaen.fr,https://www.unicaen.fr/,200,fr-fr,,,2026-08-11T07:08:56+00:00,3.345,1,1,5,1,1,1,0,1,1,2,1,0,0,1,1,2026-09-17,1,1,1,1,20,1,0,1,1,0,1,0,1,1,1,1,1,1,1,1,1,1,1,1,1,0,0,1,1,0,1,1,21.0,1,0,0,0,1,1,75,1,0,1,1,1,0,52.6,1,1,0,1,0,0,1
2099,M2,Western & Northern Europe,France,University of Poitiers,https://www.univ-poitiers.fr,https://www.univ-poitiers.fr/,200,fr-fr,,,2026-08-11T07:09:07+00:00,6.971,1,1,9,1,1,0,0,0,0,0,1,0,0,0,1,2026-10-08,1,1,1,1,0,0,0,0,1,1,1,1,0,1,1,1,1,1,1,1,1,1,1,1,1,0,0,0,1,0,1,0,13.55,1,0,0,0,0,0,90,1,0,1,1,1,0,90.9,1,1,0,1,0,0,1
2100,M2,Western & Northern Europe,France,University of Burgundy,https://www.u-bourgogne.fr,https://www.ube.fr/,200,fr-fr,,,2026-08-11T07:09:21+00:00,10.92,1,1,10,1,1,0,0,1,0,0,1,1,10,0,1,2026-07-17,1,1,1,0,15,1,1,1,1,0,1,0,1,1,1,1,1,1,1,1,1,1,0,1,1,1,0,1,0,0,1,1,21.0,1,1,0,0,0,1,75,1,0,1,1,1,0,76.9,1,1,0,0,0,0,1
2101,M2,Western & Northern Europe,Netherlands,University of Amsterdam,https://www.uva.nl,https://www.uva.nl/,200,nl,,,2026-08-11T06:51:21+00:00,5.756,0,1,3,1,0,0,0,0,0,0,1,0,0,0,1,2026-11-06,1,0,1,1,4,1,1,0,0,0,1,0,0,1,1,1,1,1,0,1,1,1,0,1,1,0,0,0,0,1,1,1,1.16,1,0,0,1,0,0,100,1,0,0,1,1,0,0.0,1,0,0,1,0,0,1
2102,M2,Western & Northern Europe,Netherlands,Delft University of Technology,https://www.tudelft.nl,https://www.tudelft.nl/,200,nl,,,2026-08-11T07:09:33+00:00,8.874,1,1,2,1,1,0,0,0,0,0,1,1,10,1,1,2027-01-01,1,0,1,1,0,1,1,1,1,0,1,0,1,1,1,1,1,1,1,1,1,1,1,1,1,0,0,0,0,0,1,1,14.85,1,1,0,0,1,1,100,1,0,1,1,1,1,87.0,1,1,0,1,0,0,1
2103,M2,Western & Northern Europe,Netherlands,Utrecht University,https://www.uu.nl,https://www.uu.nl/,200,nl,,,2026-08-11T07:09:40+00:00,3.055,1,1,5,1,1,0,0,0,0,0,0,0,0,0,0,,1,0,0,1,0,0,0,0,0,0,1,0,1,1,0,1,1,1,0,1,1,1,0,1,1,0,0,0,0,0,1,0,10.37,1,1,0,0,0,0,100,1,0,1,1,1,0,33.3,1,0,0,0,1,0,1
2104,M2,Western & Northern Europe,Netherlands,Leiden University,https://www.universiteitleiden.nl,https://www.universiteitleiden.nl/,200,nl,,,2026-08-11T07:09:54+00:00,11.611,1,1,5,1,1,0,0,0,0,0,1,0,0,1,1,2026-11-07,1,0,0,1,7,0,1,1,0,1,1,0,0,1,1,1,1,1,1,1,1,1,0,1,0,0,0,0,0,0,1,1,7.06,1,1,0,0,0,0,90,1,0,0,1,1,0,14.3,1,0,0,1,0,0,1
2105,M2,Western & Northern Europe,Netherlands,Erasmus University Rotterdam,https://www.eur.nl,https://www.eur.nl/,200,nl,,,2026-08-11T07:10:05+00:00,7.821,1,1,3,1,1,0,0,1,0,0,1,0,0,0,1,2026-08-31,1,1,1,1,0,0,0,0,0,0,1,0,1,1,0,0,1,1,0,1,1,1,1,1,1,0,0,0,0,0,1,1,14.5,1,0,0,0,1,0,75,1,1,1,1,1,0,100.0,1,1,0,1,0,0,1
2106,M2,Western & Northern Europe,Netherlands,University of Groningen,https://www.rug.nl,https://www.rug.nl/,200,nl,,,2026-08-11T07:10:19+00:00,11.397,1,1,6,1,1,0,0,0,0,0,1,0,0,0,0,,1,0,1,1,0,1,1,0,0,0,0,0,0,1,1,1,1,1,0,1,1,1,1,1,1,0,0,0,0,1,1,1,10.37,0,1,0,0,0,0,50,1,0,1,1,1,0,7.1,1,1,0,0,1,0,1
2107,M2,Western & Northern Europe,Netherlands,Wageningen University & Research,https://www.wur.nl,https://www.wur.nl/,200,nl,,,2026-08-11T07:10:32+00:00,10.146,0,1,6,1,1,0,0,0,0,0,0,0,0,0,0,,1,0,1,1,0,1,1,1,0,1,1,0,0,1,0,1,1,1,0,1,1,1,1,1,0,0,0,0,0,0,1,1,19.42,1,0,0,0,0,0,80,1,0,1,1,1,0,11.1,1,1,0,0,1,0,1
2108,M2,Western & Northern Europe,Netherlands,Eindhoven University of Technology,https://www.tue.nl,https://www.tue.nl/en/,200,en-us,,,2026-08-11T07:10:42+00:00,8.165,1,1,6,1,1,0,0,0,0,0,1,1,4,0,0,,1,1,1,1,0,1,1,1,0,0,1,0,1,1,1,1,1,1,1,1,1,0,1,1,1,0,0,1,0,1,1,1,5.02,1,0,0,0,1,0,75,1,0,1,1,1,1,93.8,1,0,0,0,1,0,1
2109,M2,Western & Northern Europe,Netherlands,Radboud University,https://www.ru.nl,https://www.ru.nl/,200,nl,,,2026-08-11T07:10:49+00:00,3.308,1,1,1,1,1,0,0,0,0,0,1,0,0,1,1,2026-11-14,1,0,1,1,7,1,1,1,0,0,1,0,0,1,0,1,1,1,0,0,1,1,0,1,0,0,0,0,0,1,1,1,12.21,1,1,0,0,0,0,100,1,2,1,1,1,0,100.0,1,0,0,1,0,0,1
2110,M2,Western & Northern Europe,Netherlands,University of Twente,https://www.utwente.nl,https://www.utwente.nl/,200,nl,,,2026-08-11T07:11:00+00:00,8.752,1,1,5,1,1,0,0,1,0,0,1,0,0,1,0,,1,1,1,1,17,1,1,1,1,1,1,0,1,1,1,1,1,1,1,1,1,1,1,1,1,0,0,1,0,1,1,1,15.83,1,0,0,0,0,0,100,1,0,1,1,1,0,40.0,1,0,0,0,1,0,1
2111,M2,Western & Northern Europe,Netherlands,Maastricht University,https://www.maastrichtuniversity.nl,https://www.maastrichtuniversity.nl/,200,en,,,2026-08-11T07:11:26+00:00,15.579,1,1,4,0,1,0,0,1,1,1,1,1,4,0,1,2026-08-04,1,1,1,1,1,1,1,1,1,0,1,0,1,1,1,1,1,1,1,1,1,1,1,1,1,0,0,1,0,0,1,1,17.02,1,0,0,0,0,0,100,1,0,1,0,1,0,100.0,1,1,0,0,0,0,1
2112,M2,Western & Northern Europe,Netherlands,Vrije Universiteit Amsterdam,https://vu.nl,https://vu.nl/nl,200,nl,,,2026-08-11T07:11:42+00:00,12.208,1,0,0,0,1,0,0,1,0,0,1,0,0,0,1,2027-01-26,1,1,1,1,0,1,1,0,0,0,1,0,1,1,1,1,1,1,0,1,1,1,1,1,1,1,0,0,0,1,0,0,11.04,1,0,0,0,0,0,75,1,0,0,1,1,0,0.0,1,1,0,1,0,0,1
2113,M2,Western & Northern Europe,Netherlands,Tilburg University,https://www.tilburguniversity.edu,https://www.tilburguniversity.edu/,200,en,,,2026-08-11T07:11:53+00:00,7.718,0,1,10,1,1,1,0,1,0,0,1,0,1,0,0,,1,1,1,1,0,1,1,0,0,0,1,0,1,1,1,1,1,1,0,1,1,1,1,1,1,1,0,0,0,1,1,1,21.0,1,0,0,0,0,0,100,1,0,1,0,1,0,100.0,1,1,0,0,1,0,1
2114,M2,Western & Northern Europe,Netherlands,Amsterdam University of Applied Sciences,https://www.amsterdamuas.com,https://www.amsterdamuas.com/,200,en-us,,,2026-08-11T07:12:02+00:00,6.202,1,1,3,1,1,0,0,0,0,0,0,0,0,0,0,,1,1,1,1,0,0,0,0,1,0,0,0,1,1,1,0,1,1,0,1,0,0,1,1,0,0,1,0,0,1,1,1,10.34,0,0,0,0,1,0,100,1,1,1,0,1,0,100.0,1,0,0,0,1,0,1
2115,M2,Western & Northern Europe,Netherlands,Rotterdam University of Applied Sciences,https://www.rotterdamuas.com,https://www.rotterdamuas.com/,200,en,,,2026-08-11T07:12:15+00:00,11.37,0,1,1,1,1,1,0,0,0,0,0,0,0,0,1,2026-07-01,1,1,1,1,0,1,0,0,0,0,1,0,0,1,1,1,1,1,0,1,1,0,1,1,1,0,0,0,0,1,1,0,11.9,1,0,0,0,0,0,75,1,0,1,1,1,0,0.0,1,0,0,0,0,0,1
2116,M2,Western & Northern Europe,Netherlands,The Hague University of Applied Sciences,https://www.thehagueuniversity.com,https://www.thuas.com/,200,en,,,2026-08-11T07:12:32+00:00,11.54,0,1,5,0,1,0,0,0,0,0,0,0,0,0,0,,1,0,1,1,0,0,0,0,0,1,1,0,1,1,1,0,1,1,0,1,1,0,1,1,1,0,1,0,0,0,1,1,12.94,1,0,0,0,0,0,100,1,0,1,0,1,0,47.4,1,1,0,0,1,0,1
2117,M2,Western & Northern Europe,Netherlands,Fontys University of Applied Sciences,https://www.fontys.edu,https://www.fontys.nl/en/Home.htm,200,en,,,2026-08-11T07:12:44+00:00,9.697,1,1,5,1,1,1,0,0,1,1,0,0,0,1,1,,1,1,1,1,1,1,1,1,1,1,1,0,0,1,0,1,1,1,0,0,1,0,1,1,1,0,0,1,0,0,0,1,8.32,1,1,0,0,0,0,100,1,0,1,1,1,0,25.0,1,0,0,0,1,0,1
2118,M2,Western & Northern Europe,Netherlands,Saxion University of Applied Sciences,https://www.saxion.edu,https://www.saxion.edu/,200,en,,,2026-08-11T07:13:00+00:00,13.12,1,1,5,1,1,0,0,0,0,0,0,0,1,0,1,2026-09-24,1,0,1,1,0,0,0,0,0,1,1,0,0,1,0,0,1,1,1,0,0,1,1,1,0,0,0,1,0,1,1,1,16.82,1,0,0,0,1,0,100,1,0,1,1,1,0,83.3,1,0,0,1,0,0,1
2119,M2,Western & Northern Europe,Netherlands,HAN University of Applied Sciences,https://www.han.nl,https://www.han.nl/,200,nl,,,2026-08-11T07:13:29+00:00,25.951,1,1,8,0,1,1,0,0,0,0,0,1,5,1,0,,1,1,1,1,1,1,1,1,0,0,1,0,0,1,0,1,1,1,0,0,1,1,1,1,1,0,0,0,0,1,1,1,21.0,1,0,0,0,1,0,100,1,0,1,1,1,0,90.9,1,0,1,0,1,0,1
2120,M2,Western & Northern Europe,Netherlands,Hanze University of Applied Sciences,https://www.hanze.nl,https://www.hanze.nl/nl,200,nl,,,2026-08-11T07:13:42+00:00,9.158,1,1,5,1,1,1,0,0,1,1,1,0,0,0,1,2027-06-11,1,0,1,1,15,1,1,1,1,1,1,0,0,0,0,1,1,1,1,0,1,1,1,1,1,0,0,0,0,0,1,1,12.63,1,0,0,0,0,1,100,1,0,1,0,1,1,99.2,1,0,0,1,0,0,1
2121,M2,Western & Northern Europe,Sweden,Karolinska Institute,https://ki.se,https://ki.se/,200,sv,,,2026-08-11T07:13:54+00:00,9.32,1,1,1,1,1,0,0,0,0,0,1,0,0,0,1,2026-08-25,1,1,1,0,9,1,1,0,0,0,1,0,0,1,0,1,1,1,0,1,1,0,1,1,0,0,0,1,0,1,1,1,21.0,1,1,0,0,0,0,100,1,0,0,1,1,0,95.7,1,1,0,1,0,0,0
2122,M2,Western & Northern Europe,Sweden,Lund University,https://www.lunduniversity.lu.se,https://www.lunduniversity.lu.se/,200,en,,,2026-08-11T07:14:12+00:00,14.339,1,1,1,1,0,0,0,0,1,1,1,1,2,0,1,2026-09-03,1,1,1,1,12,1,1,1,1,0,0,0,1,1,1,1,1,1,0,1,1,1,1,1,1,0,0,1,0,0,1,1,15.43,0,1,0,0,0,0,100,1,4,1,1,1,1,100.0,1,1,0,1,0,0,0
2123,M2,Western & Northern Europe,Sweden,Uppsala University,https://www.uu.se,https://www.uu.se/,200,sv,,,2026-08-11T06:51:46+00:00,21.633,1,1,4,1,1,0,0,0,0,0,0,1,9,0,1,2027-09-19,1,0,1,0,20,1,1,1,1,0,1,0,0,1,1,1,1,1,0,1,1,1,1,1,0,0,0,1,0,1,1,0,6.93,1,1,0,0,0,0,90,1,0,1,1,1,1,31.0,1,0,0,1,0,0,0
2124,M2,Western & Northern Europe,Sweden,KTH Royal Institute of Technology,https://www.kth.se,https://www.kth.se/,200,sv-se,,,2026-08-11T07:14:22+00:00,7.045,1,1,3,1,1,0,1,1,0,0,0,0,0,0,0,,1,0,1,1,0,1,1,0,0,0,1,0,0,0,0,0,1,1,0,1,1,1,0,1,1,0,0,1,0,0,0,1,15.69,0,1,0,0,0,0,75,1,0,1,1,1,0,93.8,1,1,0,0,1,0,0
2125,M2,Western & Northern Europe,Sweden,Stockholm University,https://www.su.se,https://www.su.se/,200,sv,,,2026-08-11T07:14:40+00:00,14.706,1,1,10,1,1,0,0,0,0,0,0,1,10,0,1,2026-08-26,1,1,1,0,20,1,1,1,0,0,1,0,0,1,1,1,1,1,0,1,1,0,1,1,1,0,0,1,0,0,1,1,8.72,1,1,0,0,0,0,90,1,0,1,0,1,0,59.3,1,1,0,1,0,0,0
2126,M2,Western & Northern Europe,Sweden,Chalmers University of Technology,https://www.chalmers.se,https://www.chalmers.se/,200,sv,,,2026-08-11T07:14:51+00:00,8.313,1,1,3,0,1,0,0,0,1,1,1,1,7,1,1,2026-08-17,1,1,1,0,6,1,0,1,0,0,1,0,1,1,1,1,1,1,0,1,0,1,1,1,1,0,1,1,0,0,1,1,21.0,1,0,0,0,0,0,90,1,0,1,1,1,1,41.4,1,1,0,1,0,0,0
2127,M2,Western & Northern Europe,Sweden,University of Gothenburg,https://www.gu.se,https://www.gu.se/,200,sv,,,2026-08-11T07:15:07+00:00,13.304,0,1,7,1,1,0,0,1,0,0,1,1,8,0,1,2026-08-29,1,0,1,0,3,1,0,1,0,0,1,0,1,1,0,1,1,1,0,1,1,1,1,1,1,0,1,1,0,0,1,1,1.99,1,0,0,0,0,0,75,1,0,1,0,1,1,0.0,1,1,0,1,0,0,0
2128,M2,Western & Northern Europe,Sweden,Linkoping University,https://liu.se,https://liu.se/,200,sv-se,,,2026-08-11T07:15:15+00:00,4.776,1,1,3,1,1,0,0,0,0,0,0,0,0,0,1,2026-07-23,1,1,1,0,2,1,1,0,0,0,0,0,1,1,0,1,1,1,0,1,1,1,1,1,0,0,0,0,0,0,1,0,16.88,0,1,0,0,0,1,100,1,0,1,1,1,1,76.9,1,1,0,0,0,0,0
2129,M2,Western & Northern Europe,Sweden,Umea University,https://www.umu.se,https://www.umu.se/,200,sv,,,2026-08-11T07:15:27+00:00,9.069,1,1,0,1,1,0,0,0,0,0,1,1,3,0,0,,1,0,1,0,3,1,0,0,0,0,1,0,0,1,1,1,1,1,0,1,1,0,1,1,1,0,0,1,0,0,1,1,21.0,1,1,0,0,0,0,100,1,0,1,1,0,1,44.4,1,1,0,0,1,0,0
2130,M2,Western & Northern Europe,Sweden,Swedish University of Agricultural Sciences,https://www.slu.se,https://www.slu.se/,200,sv,,,2026-08-11T07:15:35+00:00,5.566,1,1,1,0,1,1,0,1,0,0,0,1,8,0,1,2026-08-28,1,0,1,0,9,1,1,1,1,0,1,0,1,1,1,1,1,1,0,1,1,1,1,1,1,0,0,1,0,0,1,1,20.53,1,1,0,0,0,0,100,1,0,1,1,1,1,70.0,1,1,0,1,0,0,0
2131,M2,Western & Northern Europe,Sweden,Orebro University,https://www.oru.se,https://www.oru.se/,200,sv,,,2026-08-11T07:15:42+00:00,4.374,1,1,5,1,1,0,0,0,0,0,0,1,3,1,1,2026-08-20,1,0,1,0,0,0,0,0,0,0,0,0,0,1,1,1,1,1,0,1,1,1,0,1,1,0,0,1,0,0,1,1,11.39,0,1,0,0,0,0,100,1,0,0,1,1,0,100.0,1,1,0,1,0,0,0
2133,M2,Western & Northern Europe,Sweden,Lulea University of Technology,https://www.ltu.se,https://www.ltu.se/,200,sv,,,2026-08-11T07:16:05+00:00,8.774,1,1,8,1,1,0,0,0,0,0,0,0,1,0,1,2026-11-13,1,1,1,0,11,1,1,1,0,0,1,0,0,1,0,1,1,1,0,1,1,0,1,1,0,0,0,1,0,0,1,1,16.86,1,1,0,0,0,0,75,1,0,1,1,1,1,87.5,1,1,0,1,0,0,0
2134,M2,Western & Northern Europe,Sweden,Karlstad University,https://www.kau.se,https://www.kau.se/,200,sv,,,2026-08-11T07:16:16+00:00,8.391,1,1,4,0,1,0,0,0,0,0,0,0,0,0,1,2026-08-31,1,1,1,0,0,0,0,0,0,0,1,0,0,1,0,1,1,1,0,1,1,1,1,1,1,0,0,1,0,1,1,1,21.0,1,1,1,0,0,0,75,1,0,1,1,1,0,100.0,1,1,0,1,0,0,0
2135,M2,Western & Northern Europe,Sweden,Mid Sweden University,https://www.miun.se,https://www.miun.se/,200,sv,,,2026-08-11T07:16:27+00:00,8.845,1,1,3,1,1,1,0,0,0,0,0,0,0,0,1,2026-07-10,1,0,1,0,2,1,1,0,0,0,1,0,0,1,0,1,1,1,1,1,1,0,1,1,1,0,0,1,0,0,0,0,13.2,1,1,0,0,1,0,90,1,0,1,1,1,1,29.4,1,0,0,0,0,0,0
2136,M2,Western & Northern Europe,Norway,University of Oslo,https://www.uio.no,https://www.uio.no/,200,no,,,2026-08-11T07:16:35+00:00,5.587,1,1,1,1,1,0,0,0,1,1,1,0,0,0,1,2026-08-11,1,0,0,0,17,1,1,1,0,0,0,0,0,1,0,1,1,1,0,1,0,0,0,1,1,0,0,1,0,0,1,0,21.0,0,0,0,0,0,0,75,1,0,1,1,1,0,100.0,1,1,0,0,0,0,0
2137,M2,Western & Northern Europe,Norway,University of Bergen,https://www.uib.no,https://www4.uib.no/,200,nb,,,2026-08-11T07:16:46+00:00,8.17,1,1,7,0,1,1,0,0,0,0,0,0,0,0,1,2026-08-26,0,0,0,0,4,1,1,1,0,0,1,0,0,0,0,0,0,0,0,0,0,0,0,0,0,0,0,0,0,0,1,1,18.53,1,1,1,0,0,0,100,1,0,1,0,1,0,89.5,1,0,0,1,0,0,0
2138,M2,Western & Northern Europe,Norway,Norwegian University of Science and Technology,https://www.ntnu.edu,https://www.ntnu.edu/,200,en-gb,,,2026-08-11T07:17:03+00:00,14.343,1,1,1,1,1,1,0,0,0,0,0,0,0,0,0,,1,1,1,0,0,1,1,0,0,0,1,0,0,1,1,1,1,1,0,1,1,0,1,1,1,0,0,0,0,0,1,1,14.61,1,1,0,0,0,0,100,1,0,1,1,1,0,78.6,1,1,0,0,1,0,0
2139,M2,Western & Northern Europe,Norway,UiT The Arctic University of Norway,https://uit.no,https://uit.no/startsida,200,nb,,,2026-08-11T07:17:17+00:00,10.556,1,1,15,1,0,0,0,0,0,0,0,1,7,0,0,,1,0,0,1,0,1,1,1,0,0,1,0,1,1,0,0,1,0,0,0,0,0,0,0,1,0,0,0,0,0,1,1,15.43,1,0,1,0,1,0,75,1,0,1,0,1,0,100.0,1,0,0,0,1,0,0
2140,M2,Western & Northern Europe,Norway,Norwegian University of Life Sciences,https://www.nmbu.no,https://www.nmbu.no/,200,nb,,,2026-08-11T07:17:33+00:00,12.118,1,1,4,1,1,0,0,0,0,0,0,1,3,0,1,2026-08-14,0,0,0,0,1,1,1,1,0,0,1,0,0,0,0,0,0,0,0,0,0,1,0,0,0,0,0,1,0,0,1,1,12.63,1,0,1,0,0,0,90,1,0,1,1,1,1,95.7,1,0,0,1,0,0,0
2142,M2,Western & Northern Europe,Norway,University of Agder,https://www.uia.no,https://www.uia.no/,200,no,,,2026-08-11T07:17:47+00:00,6.536,0,1,1,1,1,1,0,0,0,0,0,1,2,0,1,2026-08-14,1,0,0,0,16,0,0,1,0,0,1,0,0,1,1,1,1,1,0,1,1,0,0,1,1,0,0,1,0,0,1,1,12.63,1,0,0,0,0,0,75,1,0,1,1,1,0,87.5,1,1,0,1,0,0,0
2143,M2,Western & Northern Europe,Norway,Nord University,https://www.nord.no,https://www.nord.no/,200,nb,,,2026-08-11T07:17:58+00:00,7.719,1,1,5,1,1,0,0,0,0,0,0,1,4,0,0,,0,0,0,0,4,1,1,0,0,0,1,0,0,0,0,0,0,0,0,0,0,0,0,0,0,0,0,1,0,0,1,1,18.77,1,1,0,0,0,0,100,1,1,1,1,1,1,84.6,1,0,0,0,1,0,0
2144,M2,Western & Northern Europe,Norway,BI Norwegian Business School,https://www.bi.edu,https://www.bi.no/en/,200,en,,,2026-08-11T07:18:08+00:00,7.726,1,1,2,1,1,0,0,1,1,1,0,0,0,0,1,2026-08-21,1,0,1,1,0,1,1,0,1,0,1,0,0,1,0,1,1,1,1,1,0,1,1,1,1,0,1,0,0,1,1,1,21.0,1,0,0,0,0,0,90,1,0,1,1,1,1,85.7,1,0,0,1,0,0,0
2145,M2,Western & Northern Europe,Norway,OsloMet,https://www.oslomet.no,https://www.oslomet.no/,200,no,,,2026-08-11T07:18:20+00:00,8.575,1,1,7,1,1,0,0,0,0,0,0,0,1,0,0,,1,0,1,0,0,1,1,0,0,0,1,0,0,0,0,1,1,1,1,1,1,1,0,1,0,0,0,0,0,0,1,0,15.91,1,0,0,0,0,1,90,1,0,0,1,1,0,100.0,1,0,0,0,1,0,0
2146,M2,Western & Northern Europe,Norway,Norwegian School of Economics,https://www.nhh.no,https://www.nhh.no/,200,no,,,2026-08-11T07:18:30+00:00,8.448,1,1,5,1,1,0,0,0,0,0,0,0,0,1,1,2026-08-28,1,1,0,0,14,1,1,1,0,0,1,0,1,1,0,1,1,1,0,1,1,1,1,1,1,0,0,1,0,0,1,1,14.16,1,0,0,0,1,0,90,1,0,1,1,1,0,100.0,1,1,0,1,0,0,0
2147,M2,Western & Northern Europe,Norway,Inland Norway University of Applied Sciences,https://www.inn.no,https://www.inn.no/,200,no,,,2026-08-11T07:18:44+00:00,10.869,1,1,1,1,1,0,0,0,0,0,0,1,2,0,1,2026-08-16,1,0,0,0,20,1,0,1,0,0,1,0,0,1,1,1,1,1,0,1,1,0,0,1,1,0,0,0,0,0,1,1,15.13,0,1,0,0,0,0,75,1,0,1,1,1,0,89.5,1,1,0,1,0,0,0
2148,M2,Western & Northern Europe,Norway,University of South-Eastern Norway,https://www.usn.no,https://www.usn.no/,200,no,,,2026-08-11T07:18:59+00:00,11.954,0,1,0,1,1,0,0,0,1,1,0,1,6,1,1,2026-08-07,1,1,1,0,1,1,1,1,0,0,1,0,1,1,1,1,1,1,1,1,1,1,1,1,1,0,0,1,0,0,1,1,15.33,1,0,0,0,1,1,90,1,0,1,1,1,1,87.5,1,1,0,0,0,0,0
2149,M2,Western & Northern Europe,Norway,Volda University College,https://www.hivolda.no,https://www.hivolda.no/,200,nn,,,2026-08-11T07:19:15+00:00,6.873,1,1,4,1,1,0,0,0,0,0,0,1,10,0,1,2026-08-10,0,0,0,0,13,1,1,1,0,0,1,0,0,0,0,0,0,0,0,0,0,0,0,0,1,0,0,1,0,0,1,1,14.11,1,1,0,0,0,0,75,1,0,1,0,1,1,19.4,1,0,0,0,0,0,0
2150,M2,Western & Northern Europe,Norway,Molde University College,https://www.himolde.no,https://www.himolde.no/,200,no,,,2026-08-11T07:19:27+00:00,9.233,1,1,1,1,1,1,0,0,0,0,1,1,8,1,1,2026-08-25,1,0,1,0,20,0,0,1,0,0,0,0,0,1,0,1,1,1,1,1,0,0,1,1,1,0,0,1,0,0,1,0,19.09,0,0,0,0,0,0,75,1,0,1,0,1,0,66.7,1,1,0,1,0,0,0
2151,M2,Western & Northern Europe,Denmark,University of Copenhagen,https://www.ku.dk,https://www.ku.dk/,200,da-dk,,,2026-08-11T07:19:37+00:00,7.646,1,1,3,1,1,0,0,0,0,0,0,1,2,0,1,2026-08-11,1,0,1,0,0,1,1,1,0,1,1,0,0,1,1,1,1,1,0,1,1,1,0,1,0,0,0,0,0,0,1,1,19.8,1,0,0,0,1,0,100,1,0,1,1,1,1,16.7,1,0,0,0,0,0,0
2152,M2,Western & Northern Europe,Denmark,Aarhus University,https://international.au.dk,https://international.au.dk/,200,en,,,2026-08-11T07:19:46+00:00,6.863,1,1,5,1,1,0,0,1,0,0,0,0,0,1,1,2026-08-03,1,0,1,1,0,0,0,1,0,0,1,0,1,1,1,1,1,1,1,1,1,1,1,1,1,0,1,1,0,1,1,1,18.16,1,1,0,0,1,0,75,1,1,1,1,1,0,16.7,1,1,0,0,0,0,0
2153,M2,Western & Northern Europe,Denmark,Technical University of Denmark,https://www.dtu.dk,https://www.dtu.dk/,200,da,,,2026-08-11T07:20:06+00:00,10.717,0,1,7,1,1,0,0,0,1,1,0,1,3,0,0,,1,1,0,0,10,1,1,0,0,1,0,0,0,0,1,0,1,1,0,1,1,1,0,1,1,0,0,1,0,1,1,1,21.0,0,0,0,0,0,0,90,1,0,1,1,0,0,40.0,1,0,0,0,1,0,0
2154,M2,Western & Northern Europe,Denmark,Aalborg University,https://www.en.aau.dk,https://www.en.aau.dk/,200,en-us,,,2026-08-11T07:20:22+00:00,12.039,0,1,5,0,0,0,0,1,0,0,0,0,0,0,1,2026-08-21,1,0,1,1,6,1,1,1,0,1,1,0,1,1,0,1,1,1,0,1,0,1,1,1,0,0,0,1,0,0,1,1,15.77,1,0,0,0,0,0,90,1,0,1,1,1,1,8.7,1,1,0,1,0,0,0
2155,M2,Western & Northern Europe,Denmark,University of Southern Denmark,https://www.sdu.dk,https://www.sdu.dk/da,200,da,,,2026-08-11T07:20:39+00:00,14.028,1,1,6,1,1,0,1,1,1,1,1,1,10,1,1,2026-07-27,1,1,1,1,0,1,1,1,1,1,1,0,1,1,1,1,1,1,1,1,1,1,1,1,1,0,1,1,0,1,1,1,21.0,1,1,0,0,0,0,75,1,0,1,1,1,0,2.5,1,0,0,0,0,0,0
2156,M2,Western & Northern Europe,Denmark,Roskilde University,https://ruc.dk,https://ruc.dk/,200,da,,,2026-08-11T07:20:55+00:00,10.952,1,1,7,1,1,0,0,0,0,0,0,0,0,0,1,2026-08-09,1,0,1,0,0,0,0,1,0,0,1,0,0,1,1,1,1,1,0,1,0,1,1,1,1,0,1,1,0,1,1,1,14.74,1,0,0,0,1,0,75,1,0,1,1,1,0,100.0,1,0,0,0,0,0,0
2157,M2,Western & Northern Europe,Denmark,Copenhagen Business School,https://www.cbs.dk,https://www.cbs.dk/,200,da,,,2026-08-11T07:21:13+00:00,14.439,1,1,5,1,1,1,0,1,0,0,0,1,2,0,1,2026-11-10,1,0,1,1,7,1,1,1,0,0,1,0,0,1,1,0,1,1,0,1,1,1,0,1,0,0,1,1,0,1,1,1,14.67,1,0,0,0,0,0,100,1,0,0,0,1,0,63.2,1,0,0,1,0,0,0
2158,M2,Western & Northern Europe,Denmark,IT University of Copenhagen,https://en.itu.dk,https://en.itu.dk/,200,en,,,2026-08-11T07:21:32+00:00,15.625,1,1,5,1,1,1,0,1,0,0,1,1,3,0,1,2026-08-09,1,0,1,1,0,1,1,1,0,1,1,0,1,1,0,1,1,1,0,1,1,1,1,1,1,0,1,1,0,0,1,1,12.63,1,1,0,0,1,0,75,1,0,0,1,0,1,85.7,1,1,0,0,0,0,0
2159,M2,Western & Northern Europe,Denmark,VIA University College,https://www.via.dk,https://www.via.dk/,200,da,,,2026-08-11T07:21:44+00:00,8.823,1,1,6,0,1,0,0,1,0,0,0,1,5,0,0,,1,0,0,1,0,1,1,1,0,0,1,0,0,0,0,1,1,1,0,1,1,1,0,1,1,0,0,0,0,0,1,1,12.08,1,0,1,0,1,0,75,1,0,1,1,1,0,85.7,1,0,0,0,1,0,0
2160,M2,Western & Northern Europe,Denmark,University College Copenhagen,https://www.kp.dk,https://www.kp.dk/,200,da-dk,,,2026-08-11T07:21:55+00:00,7.73,1,1,4,1,1,0,0,0,0,0,0,0,0,0,1,2026-08-06,1,0,1,0,0,1,0,1,0,0,1,0,0,1,0,1,1,1,0,1,1,0,0,1,0,0,0,1,0,0,1,1,21.0,1,0,0,0,1,0,90,1,0,1,1,1,1,100.0,1,0,0,0,0,0,0
2161,M2,Western & Northern Europe,Denmark,UCL University College,https://www.ucl.dk,https://www.ucl.dk/,200,da,,,2026-08-11T07:22:11+00:00,12.206,1,1,7,0,1,0,0,0,0,0,0,1,10,0,1,2026-10-27,1,0,1,1,0,1,1,1,0,0,1,0,0,0,0,0,1,1,0,1,1,0,1,1,0,0,0,1,0,1,1,1,15.43,1,1,1,0,1,0,100,1,0,1,0,1,1,73.8,1,0,0,1,0,0,0
2162,M2,Western & Northern Europe,Denmark,University College of Northern Denmark,https://www.ucn.dk,https://www.ucn.dk/,200,da,,,2026-08-11T07:22:19+00:00,4.815,1,1,4,0,1,1,0,0,0,0,0,0,0,0,1,2026-08-07,1,0,1,0,1,0,0,1,0,0,1,0,0,1,0,1,1,1,0,1,1,0,0,1,0,0,0,1,0,0,1,1,14.17,1,1,0,0,1,0,100,1,0,0,1,1,0,100.0,1,0,0,0,0,0,0
2163,M2,Western & Northern Europe,Denmark,University College Absalon,https://phabsalon.dk,https://phabsalon.dk/,200,da,,,2026-08-11T07:22:34+00:00,11.773,1,1,7,1,1,0,0,0,0,0,0,1,3,0,0,,1,0,1,0,0,1,1,1,0,1,1,0,0,1,0,1,1,1,0,0,1,0,0,1,0,0,0,1,0,0,1,1,9.54,1,1,0,0,0,0,75,1,0,1,0,1,1,100.0,1,0,0,0,1,0,0
2164,M2,Western & Northern Europe,Denmark,Royal Danish Academy,https://royaldanishacademy.com,https://royaldanishacademy.com/en,200,en,,,2026-08-11T07:22:43+00:00,5.908,1,1,2,0,1,0,0,0,0,0,0,1,6,0,1,2026-08-16,1,1,1,1,4,1,1,1,0,0,1,0,1,1,1,1,1,1,1,1,1,1,0,1,1,0,0,1,0,1,1,1,19.48,1,1,0,0,0,0,100,1,0,1,1,1,0,95.8,1,1,0,1,0,0,0
2165,M2,Western & Northern Europe,Denmark,Design School Kolding,https://www.designskolenkolding.dk,https://www.designskolenkolding.dk/,200,da,,,2026-08-11T07:22:58+00:00,10.186,1,1,5,1,1,0,0,0,0,0,0,1,4,0,1,2026-08-05,1,0,0,1,0,1,1,1,0,1,1,0,1,1,0,1,1,1,0,0,1,1,0,1,0,0,0,1,0,0,1,1,21.0,1,0,0,0,1,0,75,1,0,1,1,1,1,95.7,1,0,0,0,0,0,0
2166,M2,Western & Northern Europe,Finland,University of Helsinki,https://www.helsinki.fi,https://www.helsinki.fi/en,200,en,,,2026-08-11T07:23:12+00:00,11.06,0,1,2,0,1,1,0,0,0,0,1,0,0,0,1,2026-08-07,1,1,1,1,0,1,1,1,1,0,1,0,1,1,1,1,1,1,1,1,1,1,0,1,1,0,0,1,0,1,1,1,21.0,1,0,0,0,0,0,100,1,0,1,1,1,0,63.6,1,1,0,0,0,0,0
2167,M2,Western & Northern Europe,Finland,Aalto University,https://www.aalto.fi,https://www.aalto.fi/fi,200,fi,,,2026-08-11T07:23:18+00:00,2.935,1,1,7,1,1,0,0,1,0,0,0,1,8,1,1,2026-10-30,1,1,1,1,9,1,1,1,0,0,1,0,1,1,1,1,1,1,0,1,1,0,0,1,1,0,0,1,0,0,1,1,13.77,1,1,0,0,1,0,100,1,0,1,1,1,0,89.2,1,0,0,1,0,0,0
2168,M2,Western & Northern Europe,Finland,University of Turku,https://www.utu.fi,https://www.utu.fi/fi,200,fi,,,2026-08-11T07:23:37+00:00,16.359,0,1,6,0,1,0,0,0,0,0,0,1,10,1,1,2026-08-26,1,0,1,1,20,0,0,1,0,0,1,0,0,1,1,1,1,0,0,1,1,1,0,1,1,0,0,0,0,0,1,0,18.76,1,0,0,0,1,0,100,1,0,1,1,1,0,100.0,1,0,0,1,0,0,0
2169,M2,Western & Northern Europe,Finland,Tampere University,https://www.tuni.fi,https://www.tuni.fi/fi,200,fi,,,2026-08-11T07:23:45+00:00,5.37,0,1,4,0,1,0,0,0,0,0,0,0,0,0,0,,0,0,1,0,0,0,0,0,0,0,0,0,0,0,0,0,1,0,0,1,0,0,0,1,1,0,0,1,0,0,0,1,21.0,0,0,0,1,0,0,70,1,0,1,1,1,0,0.0,1,0,0,0,1,0,0
2170,M2,Western & Northern Europe,Finland,University of Oulu,https://www.oulu.fi,https://www.oulu.fi/fi,200,fi,,,2026-08-11T07:23:54+00:00,6.079,1,1,2,1,1,0,0,1,0,0,0,1,2,1,1,2026-08-03,1,0,1,0,0,0,0,1,0,0,1,0,0,1,1,0,1,0,0,1,1,1,1,1,0,0,0,1,0,0,1,1,15.92,1,1,0,0,1,0,75,1,0,1,1,1,0,13.3,1,0,0,0,0,0,0
2171,M2,Western & Northern Europe,Finland,University of Jyvaskyla,https://www.jyu.fi,https://www.jyu.fi/fi,200,fi,,,2026-08-11T07:24:06+00:00,8.537,1,1,3,1,1,0,0,0,0,0,0,1,6,1,1,2026-09-10,1,1,1,0,8,1,1,1,0,0,1,0,0,1,1,0,1,0,0,1,1,0,1,1,1,0,0,1,0,0,1,1,21.0,1,1,0,0,1,0,100,1,0,1,1,1,0,54.5,1,0,1,1,0,0,0
2172,M2,Western & Northern Europe,Finland,University of Eastern Finland,https://www.uef.fi,https://www.uef.fi/fi/,200,fi,,,2026-08-11T07:24:19+00:00,8.673,1,1,11,1,1,0,0,0,0,0,0,1,10,0,1,2026-08-21,1,0,1,0,20,1,1,1,0,0,1,0,0,1,1,0,1,1,0,1,1,1,1,1,0,0,0,0,0,1,1,1,21.0,1,1,0,0,1,0,100,1,0,1,1,1,1,52.7,1,0,0,1,0,0,0
2173,M2,Western & Northern Europe,Finland,Abo Akademi University,https://www.abo.fi,https://www.abo.fi/,200,sv-se,,,2026-08-11T07:24:37+00:00,10.069,1,1,2,1,1,0,0,0,0,0,0,1,10,0,1,2026-08-21,1,1,0,1,4,1,1,1,0,1,1,0,0,1,1,1,1,1,0,1,0,1,1,1,0,0,0,1,0,0,1,1,16.31,1,1,0,0,1,0,90,1,0,1,1,1,1,28.2,1,1,0,1,0,0,0
2174,M2,Western & Northern Europe,Finland,LUT University,https://www.lut.fi,https://www.lut.fi/fi,200,fi,,,2026-08-11T07:24:55+00:00,10.644,1,1,5,1,1,0,0,1,0,0,1,1,10,0,1,2026-12-02,1,1,1,0,5,1,1,1,0,1,1,0,1,1,1,0,1,1,0,1,1,1,1,1,1,0,0,1,0,0,1,1,21.0,1,1,0,0,0,0,100,1,0,1,1,1,1,78.6,1,0,0,1,0,0,0
2175,M2,Western & Northern Europe,Finland,University of Vaasa,https://www.uwasa.fi,https://www.uwasa.fi/fi,200,fi,,,2026-08-11T07:25:11+00:00,12.305,1,1,9,1,1,0,0,1,1,2,0,1,10,1,1,2026-08-14,1,0,1,0,8,1,0,1,0,0,1,0,0,1,0,0,1,0,0,1,1,1,1,1,0,0,0,1,0,0,1,1,21.0,1,1,0,0,0,0,100,1,0,1,0,1,0,100.0,1,0,0,1,0,0,0
2176,M2,Western & Northern Europe,Switzerland/Austria,ETH Zurich,https://ethz.ch,https://ethz.ch/de.html,200,de,,,2026-08-11T07:25:30+00:00,15.474,1,1,7,1,1,0,0,0,0,0,1,1,6,1,1,2026-08-11,1,1,1,1,8,1,1,1,0,0,1,0,1,1,1,1,1,1,1,1,1,1,1,1,1,0,0,0,0,1,1,0,21.0,1,0,0,0,1,1,100,1,0,1,0,1,0,27.6,1,1,0,0,0,1,0
2177,M2,Western & Northern Europe,Switzerland/Austria,EPFL,https://www.epfl.ch,https://www.epfl.ch/fr/,200,fr-fr,,,2026-08-11T07:25:46+00:00,12.496,1,1,4,1,1,0,0,0,0,0,1,1,10,0,1,2026-10-02,1,1,1,0,2,1,1,1,0,0,1,0,1,1,1,1,1,1,1,1,0,1,1,1,0,0,0,1,0,1,1,1,16.1,1,1,0,0,0,0,100,1,0,1,1,1,1,85.0,1,1,0,1,0,1,0
2178,M2,Western & Northern Europe,Switzerland/Austria,University of Zurich,https://www.uzh.ch,https://www.uzh.ch/de.html,200,de,,,2026-08-11T07:26:00+00:00,11.189,1,1,3,0,1,0,0,1,1,1,1,1,7,0,1,2026-08-11,1,1,1,1,11,1,1,1,0,1,1,0,1,1,1,1,1,1,1,1,1,1,1,1,1,0,0,0,0,1,1,1,18.73,1,0,0,0,1,1,75,1,0,1,1,1,1,67.9,1,1,0,0,0,1,0
2179,M2,Western & Northern Europe,Switzerland/Austria,University of Geneva,https://www.unige.ch,https://www.unige.ch/,200,fr,,,2026-08-11T07:26:20+00:00,13.694,1,1,4,1,1,0,0,0,1,0,1,1,10,0,1,2026-10-15,1,1,1,1,3,1,1,1,1,0,1,0,1,1,1,1,1,1,0,1,1,1,1,1,0,0,0,1,0,0,1,1,15.91,1,1,0,0,0,0,75,1,1,1,0,0,1,22.6,1,0,0,1,0,1,0
2180,M2,Western & Northern Europe,Switzerland/Austria,University of Bern,https://www.unibe.ch,https://www.unibe.ch/,200,de,,,2026-08-11T07:26:51+00:00,27.475,1,1,7,1,1,0,0,1,1,0,1,1,2,1,1,2026-10-12,1,1,1,1,2,1,1,1,1,0,1,0,1,1,1,1,1,1,1,1,1,1,1,1,1,0,0,1,0,1,1,1,5.74,1,1,0,0,1,1,75,1,0,0,1,1,1,79.2,1,0,0,1,0,1,0
2181,M2,Western & Northern Europe,Switzerland/Austria,University of Basel,https://www.unibas.ch,https://www.unibas.ch/de,200,de,,,2026-08-11T07:27:06+00:00,11.653,1,1,5,1,1,0,0,1,1,3,1,0,0,0,0,,1,1,1,1,0,1,1,0,0,1,1,0,1,1,1,1,1,1,1,1,1,1,1,1,1,0,0,0,1,1,1,1,15.91,1,0,0,0,1,1,75,1,0,1,1,1,1,95.8,1,0,0,0,1,1,0
2182,M2,Western & Northern Europe,Switzerland/Austria,University of Vienna,https://www.univie.ac.at,https://www.univie.ac.at/,200,de-at,,,2026-08-11T07:27:18+00:00,6.906,1,1,4,1,1,0,1,1,0,0,1,1,10,1,1,2026-08-24,1,0,1,1,1,0,1,1,0,0,1,0,1,1,0,1,1,1,1,1,1,1,1,1,1,0,0,0,1,1,1,1,16.43,1,1,0,0,1,0,100,1,0,1,1,1,0,26.1,1,1,0,1,0,1,0
2183,M2,Western & Northern Europe,Switzerland/Austria,TU Wien,https://www.tuwien.at,https://www.tuwien.at/,200,de,,,2026-08-11T07:27:28+00:00,6.559,1,1,3,1,1,0,0,0,0,1,1,1,10,1,1,2026-08-10,1,0,1,1,12,1,1,1,1,0,1,0,1,1,0,1,1,1,0,1,1,0,1,1,1,0,0,0,0,1,1,1,19.43,1,0,0,0,1,1,100,1,0,1,1,1,0,93.3,1,1,0,0,0,1,0
2184,M2,Western & Northern Europe,Switzerland/Austria,University of Innsbruck,https://www.uibk.ac.at,https://www.uibk.ac.at/de/,200,de,,,2026-08-11T07:27:39+00:00,8.03,1,1,0,1,1,0,0,0,1,1,0,0,1,0,0,,1,1,1,1,0,1,1,0,0,1,1,0,1,1,1,1,1,1,0,0,1,1,0,1,1,0,0,1,0,0,1,1,13.2,0,1,1,0,1,0,100,1,0,1,0,1,0,17.6,1,1,0,0,1,1,0
2185,M2,Western & Northern Europe,Switzerland/Austria,Graz University of Technology,https://www.tugraz.at,https://www.tugraz.at/home,200,de,,,2026-08-11T07:27:56+00:00,13.842,1,0,0,0,1,0,0,0,0,0,0,0,0,1,0,,1,0,0,1,0,1,1,0,0,1,1,0,1,0,1,1,1,1,1,1,1,1,0,1,1,0,0,0,0,0,0,0,21.0,1,0,0,0,0,0,75,1,0,1,1,0,0,100.0,1,1,0,0,1,1,0
2186,M2,Western & Northern Europe,Belgium/Ireland/Iceland,KU Leuven,https://www.kuleuven.be,https://www.kuleuven.be/kuleuven/,200,nl,,,2026-08-11T07:28:06+00:00,7.882,1,1,2,1,1,0,0,0,0,0,1,0,0,0,0,,1,0,1,1,0,0,0,1,0,0,1,0,0,0,1,0,1,1,0,0,1,1,1,1,1,0,0,0,0,1,1,0,12.63,1,0,0,0,0,0,75,1,0,1,1,1,0,100.0,1,1,0,0,1,1,0
2187,M2,Western & Northern Europe,Belgium/Ireland/Iceland,Ghent University,https://www.ugent.be,https://www.ugent.be/,200,nl,,,2026-08-11T07:28:17+00:00,8.408,1,1,20,1,1,0,0,0,0,0,0,1,2,0,0,,1,1,1,1,1,1,1,1,0,0,1,0,1,1,1,1,1,1,1,1,1,1,0,0,1,0,0,0,0,1,1,1,12.63,1,1,0,0,0,0,100,1,0,1,1,1,0,100.0,1,1,0,0,1,1,0
2188,M2,Western & Northern Europe,Belgium/Ireland/Iceland,UCLouvain,https://uclouvain.be,https://uclouvain.be/fr,200,fr,,,2026-08-11T07:28:35+00:00,14.899,1,1,20,1,1,0,0,0,0,0,0,0,0,1,1,2026-08-10,1,0,1,0,1,1,1,0,0,0,1,0,1,1,1,1,1,1,1,1,1,1,1,1,0,0,0,0,0,1,1,0,15.43,1,1,0,0,0,0,75,1,0,1,0,1,0,37.7,1,0,0,0,0,1,0
2189,M2,Western & Northern Europe,Belgium/Ireland/Iceland,University of Antwerp,https://www.uantwerpen.be,https://www.uantwerpen.be/nl/,200,nl,,,2026-08-11T07:28:50+00:00,11.659,1,1,3,1,1,0,0,0,0,0,1,0,1,0,1,2026-07-28,1,1,1,0,0,0,0,0,0,0,0,0,0,0,1,1,1,1,0,1,1,1,1,1,1,0,0,0,0,1,1,0,12.07,0,0,0,0,0,0,90,1,0,1,1,1,0,11.1,1,0,0,0,0,1,0
2190,M2,Western & Northern Europe,Belgium/Ireland/Iceland,Universite libre de Bruxelles,https://www.ulb.be,https://www.ulb.be/,200,fr,,,2026-08-11T07:28:59+00:00,6.471,1,1,7,1,0,1,0,0,0,0,1,1,2,0,1,2026-09-30,1,1,1,1,1,1,1,0,0,0,1,0,1,1,1,1,1,1,0,1,1,1,1,1,1,1,0,0,0,1,0,1,20.5,1,1,0,0,0,0,75,1,0,1,1,1,0,46.4,1,1,0,1,0,1,0
2191,M2,Western & Northern Europe,Belgium/Ireland/Iceland,Vrije Universiteit Brussel,https://www.vub.be,https://www.vub.be/nl,200,nl,,,2026-08-11T07:29:12+00:00,10.237,1,1,4,1,1,1,0,0,0,0,0,1,9,0,1,2026-08-19,1,1,1,1,12,1,1,1,1,0,1,0,1,1,1,1,1,1,1,1,1,1,1,1,1,1,0,1,0,0,1,1,21.0,1,1,0,0,1,1,100,1,0,1,1,1,0,97.7,1,0,0,1,0,1,0
2192,M2,Western & Northern Europe,Belgium/Ireland/Iceland,University of Liege,https://www.uliege.be,https://www.uliege.be/cms/c_8699436/fr/uliege,200,fr,,,2026-08-11T07:29:25+00:00,9.291,1,1,4,1,1,0,0,0,1,1,1,0,0,1,1,2026-09-30,1,1,1,1,1,1,1,0,0,0,1,0,1,1,1,1,1,1,1,1,1,1,1,1,1,1,0,1,1,1,1,1,8.86,1,0,0,0,0,0,90,1,0,1,1,1,1,88.5,1,1,0,1,0,1,0
2193,M2,Western & Northern Europe,Belgium/Ireland/Iceland,Trinity College Dublin,https://www.tcd.ie,https://www.tcd.ie/,200,en,,,2026-08-11T07:29:43+00:00,13.872,1,1,7,1,0,0,0,0,0,0,0,0,0,0,1,2026-09-03,1,0,0,1,20,1,1,0,0,1,1,0,0,1,1,1,1,1,0,1,0,1,1,1,0,0,0,1,0,0,1,1,21.0,1,1,0,0,0,0,90,1,0,1,0,1,0,62.5,1,1,0,1,0,1,0
2194,M2,Western & Northern Europe,Belgium/Ireland/Iceland,University College Dublin,https://www.ucd.ie,https://www.ucd.ie/,200,en,,,2026-08-11T07:29:56+00:00,10.304,1,1,4,1,0,0,1,1,0,0,1,0,0,0,0,,1,0,0,1,2,1,1,0,0,0,1,0,0,1,1,1,1,1,0,1,1,1,0,0,0,0,0,1,0,1,1,1,14.78,1,0,0,0,0,1,100,1,0,1,1,1,1,100.0,1,1,0,0,1,1,0
2195,M2,Western & Northern Europe,Belgium/Ireland/Iceland,University College Cork,https://www.ucc.ie,https://www.ucc.ie/en/,200,en,,,2026-08-11T07:30:06+00:00,8.128,1,1,3,1,0,0,0,1,0,0,1,1,8,0,1,2026-08-06,1,0,1,1,0,1,1,1,0,0,1,0,1,1,1,1,1,1,0,1,1,1,1,1,0,0,0,1,1,1,1,1,21.0,1,1,0,0,1,0,100,1,0,1,1,1,0,81.1,1,1,0,0,0,1,0
2196,M2,Western & Northern Europe,Belgium/Ireland/Iceland,University of Galway,https://www.universityofgalway.ie,https://www.universityofgalway.ie/,200,en,,,2026-08-11T07:30:21+00:00,10.156,0,1,8,1,0,1,1,1,1,1,1,1,8,0,1,2026-08-04,1,0,1,1,0,1,0,0,1,0,1,0,0,1,1,1,1,1,1,1,1,1,1,1,0,0,1,0,0,1,1,0,6.03,0,0,0,0,0,1,75,1,0,1,1,1,0,78.0,1,1,0,0,0,1,0
2197,M2,Western & Northern Europe,Belgium/Ireland/Iceland,Dublin City University,https://www.dcu.ie,https://www.dcu.ie/,200,en,,,2026-08-11T07:30:34+00:00,10.617,1,1,6,1,0,0,0,1,1,1,1,1,6,0,1,2026-07-31,1,1,1,1,6,1,1,1,1,0,1,0,1,1,1,1,1,1,1,1,1,1,1,1,1,0,0,1,0,0,1,1,15.29,1,1,1,0,1,0,75,1,0,1,1,1,0,99.2,1,1,0,0,0,1,0
2198,M2,Western & Northern Europe,Belgium/Ireland/Iceland,University of Limerick,https://www.ul.ie,https://www.ul.ie/,200,en,,,2026-08-11T07:30:45+00:00,6.247,1,1,5,1,0,0,0,0,0,0,1,1,7,1,1,2026-08-07,1,1,1,1,0,1,1,1,1,1,1,0,1,1,1,1,1,1,1,1,0,1,1,1,1,0,0,0,0,1,1,0,10.44,1,0,1,0,1,0,90,1,0,0,0,1,1,100.0,1,1,0,0,0,1,0
2199,M2,Western & Northern Europe,Belgium/Ireland/Iceland,University of Iceland,https://www.hi.is,https://hi.is/,200,is,,,2026-08-11T07:30:57+00:00,9.563,1,1,4,1,1,0,0,0,1,1,0,0,0,0,0,,0,0,0,0,0,0,0,0,0,0,1,0,0,0,0,0,0,0,0,0,0,0,0,0,0,0,0,1,0,1,1,1,21.0,1,1,1,0,0,0,75,1,0,1,1,1,1,82.6,1,0,0,0,1,1,0
2200,M2,Western & Northern Europe,Belgium/Ireland/Iceland,Reykjavik University,https://en.ru.is,https://www.ru.is/en,200,en,,,2026-08-11T07:31:14+00:00,12.617,1,1,20,1,0,0,0,0,1,1,1,0,0,0,0,,1,1,1,1,0,0,0,0,1,0,1,0,1,1,1,1,1,1,1,1,0,1,0,1,1,1,1,1,0,0,1,1,10.37,1,0,0,0,0,0,75,1,0,1,1,1,1,14.3,1,0,0,0,1,1,0
2300,M2,Western & Northern Europe,Switzerland/Austria,University of Luxembourg,https://www.uni.lu,https://www.uni.lu/en/,202,en-gb,en-gb,False,2026-08-11T11:26:06+00:00,9.109,1,1,4,1,1,0,0,1,0,0,1,0,0,1,1,2026-08-10,1,1,1,1,1,1,1,1,1,0,1,0,1,1,1,1,1,1,1,1,1,1,1,1,0,0,0,0,0,1,1,1,5.04,1,1,0,0,1,0,100,1,1,0,1,0,0,47.9,1,1,0,0,0,1,0
2301,M2,Western & Northern Europe,Switzerland/Austria,University of St. Gallen,https://www.unisg.ch,https://www.unisg.ch/en/,200,en,en,False,2026-08-11T11:26:21+00:00,11.758,0,0,0,1,1,1,0,1,1,2,1,1,10,0,1,2026-08-11,1,1,1,1,14,1,1,1,1,1,1,0,1,1,1,1,1,1,0,1,1,1,1,1,1,1,0,1,0,1,1,1,21.0,1,0,0,0,0,0,100,1,0,1,1,1,1,44.0,1,0,0,0,0,1,0
2302,M2,Western & Northern Europe,Switzerland/Austria,University of Lausanne,https://www.unil.ch,https://www.unil.ch/unil/en/home.html,200,en,fr,True,2026-08-11T11:26:36+00:00,9.195,1,1,7,1,1,1,0,0,0,0,1,0,0,0,1,2026-11-12,1,1,1,1,8,1,1,0,0,0,1,0,1,1,1,1,1,1,1,1,1,1,1,1,1,0,0,1,1,1,1,1,21.0,1,1,0,0,0,0,90,1,0,1,1,1,1,100.0,1,1,0,1,0,1,0
2303,M2,Western & Northern Europe,Switzerland/Austria,University of Fribourg,https://www.unifr.ch,https://www.unifr.ch/home/en/,200,en,fr,True,2026-08-11T11:26:47+00:00,6.955,1,1,1,0,1,1,0,1,1,0,0,1,5,1,1,2026-09-07,1,0,1,1,5,0,0,1,0,0,1,0,1,1,1,1,1,1,1,1,1,1,0,1,1,0,0,0,0,1,1,1,11.65,1,1,0,0,0,0,75,1,0,1,0,1,1,25.0,1,0,0,1,0,1,0
2304,M2,Western & Northern Europe,Switzerland/Austria,Johannes Kepler University Linz,https://www.jku.at,https://www.jku.at/en/,200,en-us,de,True,2026-08-11T11:26:57+00:00,5.107,1,1,9,1,1,0,0,0,1,1,1,1,6,1,1,2026-09-07,1,0,1,1,6,1,1,1,0,0,1,0,1,1,1,1,1,1,0,1,0,1,1,1,0,0,0,0,0,1,1,0,21.0,1,1,0,0,1,0,100,1,0,1,0,1,0,87.1,1,1,0,1,0,1,0
2305,M2,Western & Northern Europe,Switzerland/Austria,University of Salzburg,https://www.plus.ac.at,https://www.plus.ac.at/?lang=en,200,en-us,de-de,True,2026-08-11T11:27:19+00:00,9.551,1,1,4,1,1,1,0,0,1,1,1,1,5,1,1,2026-07-30,1,0,1,1,12,1,1,1,0,0,1,0,1,1,1,1,1,1,1,1,1,1,1,1,1,0,0,0,0,1,1,0,9.07,1,1,0,0,1,0,90,1,0,1,1,1,0,84.2,1,0,0,0,0,1,0
2306,M2,Western & Northern Europe,Switzerland/Austria,Medical University of Vienna,https://www.meduniwien.ac.at,https://www.meduniwien.ac.at/web/en/,200,en,de,True,2026-08-11T11:27:42+00:00,13.482,0,1,20,1,1,0,0,0,0,1,0,1,4,0,0,,1,0,1,1,7,1,0,0,0,1,1,0,1,1,1,1,1,1,0,1,1,1,0,1,0,0,0,0,0,1,1,1,18.62,1,0,0,0,0,0,75,1,0,1,1,1,0,0.0,1,0,0,0,1,1,0
2307,M2,Western & Northern Europe,Belgium/Ireland/Iceland,Hasselt University,https://www.uhasselt.be,https://www.uhasselt.be/en,200,en,nl,True,2026-08-11T11:27:56+00:00,6.843,1,1,5,1,1,0,0,1,0,0,0,1,8,0,0,,0,0,1,0,1,1,0,0,1,0,1,0,1,1,1,1,1,1,0,1,1,1,1,1,1,0,1,0,0,1,1,0,21.0,1,0,0,0,0,1,90,1,0,0,1,1,1,97.3,1,0,0,0,1,1,0
2308,M2,Western & Northern Europe,Belgium/Ireland/Iceland,University of Namur,https://www.unamur.be,https://www.unamur.be/en,200,en,fr,True,2026-08-11T11:28:34+00:00,11.975,1,1,6,1,1,1,0,0,0,0,0,1,10,0,1,2026-09-18,1,1,0,1,9,1,1,1,0,1,1,0,1,1,1,1,1,1,0,1,1,1,1,1,1,0,0,0,0,0,1,1,10.35,1,0,1,0,0,0,100,1,0,0,1,1,0,100.0,1,0,0,1,0,1,0
2309,M2,Western & Northern Europe,Belgium/Ireland/Iceland,Maynooth University,https://www.maynoothuniversity.ie,https://www.maynoothuniversity.ie/,200,en,en,False,2026-08-11T11:28:41+00:00,4.33,1,1,20,1,0,0,0,1,0,0,1,1,10,1,1,2026-09-08,1,0,1,1,7,1,1,1,1,0,1,0,1,1,1,1,1,1,1,1,1,1,1,1,1,1,1,1,1,1,1,1,12.63,1,1,0,0,1,1,75,1,0,1,1,1,1,72.7,1,1,0,1,0,1,0
2310,M2,Western & Northern Europe,Belgium/Ireland/Iceland,Technological University Dublin,https://www.tudublin.ie,https://www.tudublin.ie/,200,en,en,False,2026-08-11T11:28:49+00:00,5.454,1,0,0,1,1,0,0,0,0,0,1,1,10,1,1,2026-08-10,1,1,1,1,0,1,0,0,0,0,1,0,1,1,1,1,1,1,1,1,1,1,1,1,0,0,0,0,1,1,1,0,15.91,1,0,1,0,0,0,90,1,0,1,1,1,1,96.8,1,1,0,0,0,1,0
2311,M2,Western & Northern Europe,Belgium/Ireland/Iceland,Munster Technological University,https://www.mtu.ie,https://www.mtu.ie/,200,en,en,False,2026-08-11T11:28:57+00:00,6.089,0,1,4,1,0,0,0,0,0,0,1,0,0,0,1,2026-10-09,1,0,1,1,3,1,1,0,0,0,1,0,1,1,0,1,1,1,1,1,1,1,1,1,1,0,1,1,0,1,1,1,15.43,1,1,0,0,1,0,75,1,0,1,0,1,1,97.0,1,1,0,1,0,1,0
3001,M3,Eastern & Southern Europe,Italy,Sapienza University of Rome,https://www.uniroma1.it,https://www.uniroma1.it/it/,200,it,it,False,2026-08-11T10:25:35+00:00,3.77,1,1,6,1,1,0,1,1,0,0,1,0,0,0,1,2026-08-08,1,0,0,0,2,1,1,1,0,0,1,0,1,0,0,0,1,1,1,0,0,0,0,0,1,0,0,1,0,1,1,1,21.0,1,1,0,0,0,0,90,1,0,1,1,0,1,100.0,1,0,0,0,0,0,1
3003,M3,Eastern & Southern Europe,Italy,University of Bologna,https://www.unibo.it,https://www.unibo.it/en/homepage,200,en,it,True,2026-08-11T10:26:00+00:00,7.815,1,1,2,1,1,0,0,0,1,0,1,1,2,1,0,,1,0,1,1,1,1,1,0,1,1,1,0,1,1,0,0,1,1,1,1,1,1,1,1,1,1,0,1,0,1,1,1,12.63,1,1,1,0,0,0,100,1,0,1,0,0,0,54.2,1,1,0,0,1,0,1
3004,M3,Eastern & Southern Europe,Italy,University of Padua,https://www.unipd.it,https://www.unipd.it/,200,it,it,False,2026-08-11T10:26:06+00:00,2.65,1,1,6,1,1,0,0,0,0,0,0,1,3,0,0,,1,0,1,0,20,1,1,1,0,1,1,0,1,0,0,0,1,0,0,0,0,0,0,0,0,0,0,1,0,1,1,1,21.0,1,1,1,0,0,0,90,1,0,1,1,1,1,76.9,1,0,0,0,1,0,1
3005,M3,Eastern & Southern Europe,Italy,Polytechnic University of Milan,https://www.polimi.it,https://www.polimi.it/en/,200,en-us,it-it,True,2026-08-11T10:26:29+00:00,13.977,1,1,8,0,1,0,0,1,0,0,1,1,10,1,1,2026-10-16,1,1,1,1,12,1,1,1,1,1,1,0,1,1,1,1,1,1,1,1,1,1,1,1,1,0,1,1,0,0,1,1,13.93,1,1,0,0,1,0,100,1,0,1,1,1,0,8.3,1,1,0,1,0,0,1
3006,M3,Eastern & Southern Europe,Italy,University of Naples Federico II,https://www.unina.it,https://www.unina.it/it/,200,it-it,it-it,True,2026-08-11T10:26:58+00:00,15.087,1,1,1,0,1,1,0,0,0,0,0,1,3,0,1,2026-11-09,1,1,0,0,20,1,1,1,0,1,1,0,1,0,0,0,0,0,0,0,0,0,1,1,0,0,0,1,0,1,1,1,21.0,1,1,0,0,0,0,100,1,0,1,1,1,0,100.0,1,0,0,1,0,0,1
3008,M3,Eastern & Southern Europe,Italy,University of Pisa,https://www.unipi.it,https://www.unipi.it/en/,200,en-us,it-it,True,2026-08-11T10:27:30+00:00,13.555,1,1,5,1,0,1,0,1,0,0,1,0,0,1,0,,1,0,1,1,0,0,0,0,1,0,1,0,1,1,1,1,1,1,1,1,0,1,0,1,0,0,0,0,0,0,1,0,15.43,1,0,0,0,1,0,90,1,1,1,0,1,0,40.0,1,0,0,0,1,0,1
3010,M3,Eastern & Southern Europe,Italy,Polytechnic University of Turin,https://www.polito.it,https://www.polito.it/en,200,en,it,True,2026-08-11T10:28:05+00:00,11.03,1,1,1,1,1,0,1,1,0,0,1,0,1,1,1,2027-09-30,1,0,1,1,1,1,1,0,1,0,1,0,1,1,1,1,1,1,1,1,1,1,0,1,1,0,0,1,0,0,1,1,14.95,1,1,0,0,0,0,90,1,0,1,1,1,0,100.0,1,0,0,1,0,0,1
3013,M3,Eastern & Southern Europe,Italy,University of Genoa,https://www.unige.it,https://unige.it/en,200,en,it,True,2026-08-11T10:28:26+00:00,4.718,1,1,7,1,1,0,0,1,0,0,1,1,10,1,1,2026-10-02,1,0,1,1,5,1,1,1,0,0,1,0,1,1,1,1,1,1,1,1,1,1,0,1,1,0,0,0,0,1,1,0,12.63,1,1,0,0,0,0,90,1,0,1,0,1,0,70.0,1,0,0,1,0,0,1
3017,M3,Eastern & Southern Europe,Italy,University of Catania,https://www.unict.it,https://www.unict.it/en,200,en,it,True,2026-08-11T10:29:12+00:00,7.007,1,1,2,1,1,0,0,0,0,0,0,0,0,1,1,2025-10-31,1,0,1,0,0,1,1,0,0,0,1,0,1,0,0,1,1,1,1,1,0,1,0,1,1,0,0,1,1,0,1,1,17.57,1,1,0,0,0,0,75,1,0,1,1,1,0,85.7,1,0,0,0,0,0,1
3018,M3,Eastern & Southern Europe,Italy,University of Palermo,https://www.unipa.it,https://www.unipa.it/mobilita/en/,200,en,it,True,2026-08-11T10:29:36+00:00,11.668,1,1,3,0,0,1,0,1,1,1,0,0,0,0,0,,1,0,1,1,0,0,0,0,0,0,1,1,0,1,0,1,1,1,1,0,0,0,1,1,1,1,0,1,0,0,1,1,12.63,1,1,1,0,0,0,75,1,0,1,1,1,0,100.0,1,0,0,0,1,0,1
3019,M3,Eastern & Southern Europe,Italy,University of Perugia,https://www.unipg.it,https://www.unipg.it/en/,200,en,it,True,2026-08-11T10:29:52+00:00,10.474,1,1,1,0,1,0,0,0,1,1,1,0,0,0,1,,0,1,1,0,1,0,0,1,0,0,1,0,1,1,1,1,0,1,1,1,0,0,0,1,0,0,1,1,0,1,1,1,15.43,1,1,0,0,0,0,100,1,0,1,0,1,0,100.0,1,0,0,0,1,0,1
3020,M3,Eastern & Southern Europe,Italy,Vita-Salute San Raffaele University,https://www.unisr.it,https://www.unisr.it/en/,200,en,it,True,2026-08-11T10:30:06+00:00,9.807,1,1,6,1,0,0,0,1,1,1,1,0,0,0,1,2026-07-14,1,0,1,1,0,1,1,0,0,0,1,0,1,1,1,1,1,1,1,1,1,1,1,1,1,0,1,1,0,1,1,1,12.63,1,1,1,0,0,0,100,1,0,1,1,1,1,53.1,1,1,0,0,0,0,1
3021,M3,Eastern & Southern Europe,Italy,Bocconi University,https://www.unibocconi.it,https://www.unibocconi.it/en,200,en,it,True,2026-08-11T10:30:26+00:00,9.698,1,1,2,1,1,0,0,1,0,0,0,0,1,1,0,,1,1,1,1,0,1,1,0,0,1,1,0,1,1,1,1,1,1,1,1,1,1,0,1,1,0,0,1,0,1,1,1,19.32,1,0,0,0,1,0,100,1,0,1,1,1,1,75.0,1,1,0,0,1,0,1
3022,M3,Eastern & Southern Europe,Italy,Ca' Foscari University of Venice,https://www.unive.it,https://www.unive.it/web/en/497/home,200,en-us,it,True,2026-08-11T10:30:47+00:00,11.997,1,1,6,1,0,0,0,0,1,0,0,1,10,1,1,2026-10-01,1,1,1,1,0,1,1,1,1,1,1,0,1,1,1,1,1,1,0,1,1,1,1,1,1,0,0,1,0,1,1,1,15.43,1,1,0,0,1,0,85,1,0,1,1,1,0,43.6,1,0,0,1,0,0,1
3023,M3,Eastern & Southern Europe,Italy,University of Modena and Reggio Emilia,https://www.unimore.it,https://www.unimore.it/en,200,en,it,True,2026-08-11T10:30:58+00:00,5.984,1,1,8,1,1,0,0,0,1,1,1,1,3,1,1,2026-10-19,1,0,1,0,0,1,1,0,1,0,1,0,1,1,1,1,1,1,0,1,0,0,1,0,1,0,0,1,1,1,1,1,1.3,1,1,0,0,0,0,75,1,0,1,0,1,0,87.9,1,1,0,1,0,0,1
3024,M3,Eastern & Southern Europe,Italy,University of Parma,https://www.unipr.it,https://www.unipr.it/en,200,en,it,True,2026-08-11T10:31:07+00:00,3.725,1,1,4,1,1,0,0,0,0,0,0,1,10,1,1,2026-09-08,1,1,1,1,20,1,1,1,1,0,1,0,1,1,1,1,1,1,1,1,1,1,0,1,0,1,0,1,0,1,1,1,17.4,1,1,1,0,1,0,100,1,0,1,1,1,1,43.4,1,1,0,1,0,0,1
3027,M3,Eastern & Southern Europe,Italy,University of Trieste,https://www.units.it,https://portale.units.it/en,200,en,it,True,2026-08-11T10:31:42+00:00,13.434,1,1,7,1,1,0,0,0,0,0,0,1,6,1,1,2026-09-09,1,1,1,1,4,1,1,1,1,1,1,0,1,1,1,1,1,1,1,1,1,1,1,1,1,0,0,1,0,0,1,1,1.3,1,1,0,0,0,0,100,1,0,1,1,1,0,96.4,1,1,0,1,0,0,1
3028,M3,Eastern & Southern Europe,Italy,University of Salerno,https://www.unisa.it,https://web.unisa.it/en/university,200,en,it,True,2026-08-11T10:32:11+00:00,14.83,1,1,20,1,1,1,0,0,1,0,0,0,0,0,0,,1,0,0,0,2,1,1,0,0,0,1,0,1,1,0,0,1,1,0,0,0,0,1,1,1,0,0,1,1,0,1,1,1.01,1,1,0,0,0,0,75,1,0,1,0,1,0,100.0,1,1,0,0,1,0,1
3029,M3,Eastern & Southern Europe,Italy,Roma Tre University,https://www.uniroma3.it,https://www.uniroma3.it/en/,200,en-us,it-it,True,2026-08-11T10:32:22+00:00,6.034,1,1,10,1,1,0,0,0,1,0,0,0,0,1,1,2026-09-15,1,1,1,1,0,0,0,0,0,0,1,0,1,1,1,1,1,1,1,1,1,1,0,1,1,0,0,1,0,1,1,0,21.0,1,1,0,0,0,0,75,1,0,1,0,1,0,60.0,1,1,0,1,0,0,1
3030,M3,Eastern & Southern Europe,Italy,University of Calabria,https://www.unical.it,https://www.unical.it/,200,it,it,False,2026-08-11T10:32:29+00:00,3.938,1,1,7,1,0,0,0,0,0,0,1,0,0,0,1,2026-08-11,0,0,1,0,0,1,1,1,1,0,1,0,1,0,0,1,1,1,0,0,0,1,0,1,1,0,0,1,0,1,1,1,17.4,1,0,0,0,0,0,100,1,7,1,1,1,0,100.0,1,0,0,0,0,0,1
3032,M3,Eastern & Southern Europe,Italy,University of Ferrara,https://www.unife.it,https://corsi.unife.it/en/lm-greeneconomy,200,en,it,True,2026-08-11T10:33:02+00:00,8.61,1,1,5,1,0,1,0,0,0,0,0,0,0,0,1,2025-09-02,1,0,1,0,0,0,0,0,1,0,1,0,0,1,0,0,0,1,0,1,0,0,0,1,0,0,0,0,0,1,1,0,16.88,1,1,0,0,0,0,75,1,1,1,0,1,1,50.0,1,1,0,0,0,0,1
3033,M3,Eastern & Southern Europe,Italy,University of Cagliari,https://www.unica.it,https://www.unica.it/eng,200,en,it,True,2026-08-11T10:33:24+00:00,16.49,1,1,4,0,1,0,0,0,0,0,0,1,5,0,1,2026-08-28,1,0,1,0,5,1,1,0,0,0,1,0,1,0,0,1,1,0,0,0,1,1,1,0,0,0,0,1,0,0,1,1,1.3,1,1,0,0,0,0,75,1,0,1,0,1,0,100.0,1,0,0,1,0,0,1
3034,M3,Eastern & Southern Europe,Italy,University of Messina,https://www.unime.it,https://international.unime.it/,200,en,it,True,2026-08-11T10:33:40+00:00,5.656,1,1,6,1,0,0,0,1,1,1,0,0,0,0,1,2026-08-21,1,1,1,0,0,1,1,0,0,1,1,0,1,1,1,0,1,1,1,0,0,0,1,1,1,0,0,1,1,0,1,1,15.43,1,1,0,0,0,0,100,1,0,1,0,1,0,100.0,1,0,0,1,0,0,1
3035,M3,Eastern & Southern Europe,Italy,University of Sassari,https://www.uniss.it,https://www.uniss.it/en,200,en,it,True,2026-08-11T10:34:28+00:00,24.55,1,1,5,1,1,0,0,0,1,0,0,0,0,0,0,,1,0,1,0,0,1,1,1,1,0,1,0,1,0,0,0,1,1,0,0,0,1,0,1,0,0,0,1,1,0,1,1,12.63,1,1,1,0,0,0,75,1,0,1,1,1,0,100.0,1,1,0,0,1,0,1
3036,M3,Eastern & Southern Europe,Italy,Marche Polytechnic University,https://www.univpm.it,https://www.univpm.it/Entra/Universita_Politecnica_delle_Marche_Home/L/1,200,en,it,True,2026-08-11T10:34:51+00:00,11.685,1,1,1,1,1,0,0,0,0,0,0,1,6,1,1,2026-11-17,1,0,1,1,2,0,0,0,0,0,1,0,1,1,1,1,1,1,1,1,0,1,1,1,0,0,0,1,1,0,1,1,16.39,1,1,0,0,0,0,75,1,0,1,0,1,0,92.3,1,0,0,1,0,0,1
3037,M3,Eastern & Southern Europe,Italy,Scuola Normale Superiore di Pisa,https://www.sns.it,https://www.sns.it/en,200,en,it,True,2026-08-11T10:35:03+00:00,5.221,1,1,4,1,1,0,0,0,0,0,1,0,0,0,1,2026-12-09,1,0,1,1,9,0,0,0,1,0,1,0,1,1,1,1,1,1,1,1,0,1,1,1,1,0,1,0,1,1,1,0,14.0,1,1,0,0,0,0,75,1,0,0,0,1,0,100.0,1,1,0,1,0,0,1
3038,M3,Eastern & Southern Europe,Italy,Sant'Anna School of Advanced Studies,https://www.santannapisa.it,https://www.santannapisa.it/en,200,en,it,True,2026-08-11T10:35:20+00:00,11.999,1,1,5,1,1,0,0,0,0,0,1,1,10,1,1,2026-09-26,1,0,1,0,4,1,1,1,1,0,1,0,1,1,1,1,1,1,0,1,1,1,0,0,1,0,0,1,0,1,1,1,16.14,1,1,0,0,0,0,75,1,2,1,0,1,1,100.0,1,0,0,1,0,0,1
3039,M3,Eastern & Southern Europe,Italy,University of Udine,https://www.uniud.it,https://www.uniud.it/en/uniud-international?set_language=en,200,en,it,True,2026-08-11T10:36:07+00:00,13.453,1,1,6,1,1,1,0,1,0,0,0,0,0,0,0,,0,0,0,0,0,0,1,0,0,0,1,0,0,0,0,1,1,1,1,0,0,0,0,0,0,0,0,0,0,0,1,0,15.43,1,1,0,0,0,0,90,1,0,1,1,0,1,100.0,1,0,0,0,1,0,1
3042,M3,Eastern & Southern Europe,Spain,Autonomous University of Madrid,https://www.uam.es,https://www.uam.es/uam/en/inicio,200,en,es,True,2026-08-11T10:36:53+00:00,14.807,1,1,9,1,1,1,0,1,0,0,1,1,3,0,1,2026-05-18,1,0,1,0,0,1,1,1,0,1,1,0,0,1,1,1,1,1,0,1,0,1,0,1,0,0,0,0,0,0,1,1,15.43,1,1,0,0,0,0,100,1,0,0,1,1,0,96.0,1,1,0,0,0,0,1
3043,M3,Eastern & Southern Europe,Spain,Autonomous University of Barcelona,https://www.uab.cat,https://www.uab.cat/web/universitat-autonoma-de-barcelona-1345467954774.html,200,en,ca,True,2026-08-11T10:37:15+00:00,11.873,1,1,5,1,0,0,1,1,0,0,1,1,8,1,0,,1,0,1,0,0,0,0,0,1,0,1,0,1,1,1,1,1,1,1,1,0,1,1,1,1,0,0,1,1,0,1,1,18.73,1,0,0,0,1,0,75,1,0,1,1,1,0,100.0,1,1,0,0,1,0,1
3045,M3,Eastern & Southern Europe,Spain,University of Valencia,https://www.uv.es,https://www.uv.es/uval/www_mantenimiento/%3f,200,ca_es,ca,True,2026-08-11T10:38:07+00:00,13.128,1,0,0,0,0,0,0,0,0,0,0,0,0,0,0,,0,0,0,0,0,0,0,0,0,0,0,0,0,0,0,0,0,0,0,0,0,0,0,0,0,0,0,0,0,1,0,0,21.0,0,0,0,0,0,0,0,1,0,0,0,0,0,25.0,0,0,0,0,1,0,1
3046,M3,Eastern & Southern Europe,Spain,Polytechnic University of Catalonia,https://www.upc.edu,https://www.upc.edu/en,200,en,ca,True,2026-08-11T10:38:27+00:00,11.48,1,1,2,1,1,0,0,1,1,0,1,0,0,0,0,,1,1,1,0,0,1,1,0,0,1,1,0,1,1,1,1,1,1,1,0,1,1,1,1,0,0,0,1,1,1,1,1,18.76,1,1,0,0,0,0,90,1,0,1,0,1,0,59.0,1,1,0,0,1,0,1
3048,M3,Eastern & Southern Europe,Spain,University of Navarra,https://www.unav.edu,https://en.unav.edu/,200,en,es-es,True,2026-08-11T10:38:58+00:00,8.966,1,1,3,1,1,0,0,1,1,1,1,0,0,1,1,2026-11-06,1,1,1,1,4,1,1,0,0,1,1,0,1,1,1,1,1,1,1,1,1,1,1,0,0,0,0,1,0,1,1,1,21.0,1,1,0,1,0,0,100,1,0,1,1,1,1,30.4,1,1,0,1,0,0,1
3049,M3,Eastern & Southern Europe,Spain,University of Granada,https://www.ugr.es,https://www.ugr.es/en,200,en,es,True,2026-08-11T10:39:18+00:00,14.722,1,1,6,1,0,1,0,1,0,0,0,0,0,0,0,,1,0,0,1,1,1,1,0,0,0,1,0,1,1,1,1,1,1,0,0,1,0,0,1,0,0,0,0,1,1,1,1,6.04,1,1,0,0,0,0,100,1,0,1,1,1,0,100.0,1,1,0,0,1,0,1
3050,M3,Eastern & Southern Europe,Spain,Polytechnic University of Madrid,https://www.upm.es,https://www.upm.es/internacional,200,es,es,True,2026-08-11T10:39:37+00:00,9.952,1,1,3,0,0,0,1,1,0,0,0,0,0,0,0,,1,0,1,1,0,0,0,0,0,0,1,0,1,0,0,1,1,1,0,0,0,0,1,0,0,0,0,0,0,1,1,1,21.0,1,1,0,0,0,0,75,1,0,1,0,1,0,95.5,1,1,0,0,1,0,1
3051,M3,Eastern & Southern Europe,Spain,University of the Basque Country,https://www.ehu.eus,https://www.ehu.eus/en/en-home,200,en-gb,es-es,True,2026-08-11T10:40:01+00:00,14.217,1,1,1,1,1,1,0,0,0,0,0,1,7,0,0,,1,0,0,1,0,1,1,1,0,0,1,0,1,1,0,1,1,1,1,0,0,0,1,1,1,0,0,0,1,0,1,0,19.95,1,1,0,0,1,0,75,1,0,1,0,1,0,84.6,1,1,0,0,1,0,1
3052,M3,Eastern & Southern Europe,Spain,Charles III University of Madrid,https://www.uc3m.es,https://www.uc3m.es/Home,200,en,en,False,2026-08-11T10:40:15+00:00,11.229,1,1,5,1,0,0,0,1,1,1,1,1,5,0,1,2026-09-21,1,0,1,1,4,1,1,1,0,1,1,0,1,1,0,1,1,1,1,0,0,1,1,1,1,0,1,0,0,1,1,1,11.37,1,1,0,0,0,0,100,1,0,1,1,1,0,98.3,1,1,0,1,0,0,1
3053,M3,Eastern & Southern Europe,Spain,University of Santiago de Compostela,https://www.usc.gal,https://www.usc.gal/en,200,en,gl,True,2026-08-11T10:40:24+00:00,3.989,1,1,10,1,1,0,0,0,0,0,0,0,0,0,1,2026-09-03,0,1,1,0,17,1,1,1,0,0,1,0,1,0,1,1,1,1,1,0,0,1,0,1,1,0,0,0,0,0,1,1,18.73,1,1,0,0,0,0,75,1,0,1,0,1,0,100.0,1,1,0,1,0,0,1
3054,M3,Eastern & Southern Europe,Spain,University of Zaragoza,https://www.unizar.es,https://www.unizar.es/en/,200,en,es,True,2026-08-11T10:41:03+00:00,22.699,1,1,1,0,1,0,0,1,1,1,1,1,7,1,1,2026-07-31,1,1,1,0,8,1,0,1,1,1,1,0,1,1,1,1,1,1,1,1,1,1,1,1,0,0,0,1,0,0,1,0,12.02,1,1,1,0,0,0,75,1,0,1,0,1,0,80.9,1,1,0,0,0,0,1
3055,M3,Eastern & Southern Europe,Spain,University of Salamanca,https://www.usal.es,https://usal.es/,200,es,es,False,2026-08-11T10:41:40+00:00,33.724,1,1,4,0,0,0,0,0,0,0,0,0,0,0,1,2026-04-20,0,1,0,0,0,0,0,1,0,0,1,0,0,0,0,0,1,0,0,0,0,1,0,1,0,0,0,1,0,1,1,1,4.48,1,0,0,0,0,0,75,1,0,1,0,1,0,2.7,0,0,0,0,0,0,1
3057,M3,Eastern & Southern Europe,Spain,Rovira i Virgili University,https://www.urv.cat,https://www.urv.cat/en/,200,en,en,False,2026-08-11T10:42:32+00:00,13.336,1,1,9,1,1,0,0,1,0,0,1,0,0,1,1,2026-08-12,1,1,1,1,0,0,0,1,1,0,1,0,1,1,1,1,1,1,1,0,1,1,1,1,1,0,0,0,0,1,1,1,8.86,1,1,0,0,0,0,75,1,0,1,1,1,0,22.2,1,1,0,1,0,0,1
3058,M3,Eastern & Southern Europe,Spain,University of Malaga,https://www.uma.es,https://www.uma.es/,200,es,es,False,2026-08-11T10:42:53+00:00,17.803,1,1,5,1,0,0,0,0,0,0,0,1,6,0,0,,1,1,0,0,6,1,1,0,0,1,1,0,0,1,0,0,0,0,0,0,0,1,0,1,0,0,0,1,0,0,1,1,12.63,1,0,0,0,0,0,75,1,0,0,0,1,0,35.9,1,0,0,0,1,0,1
3059,M3,Eastern & Southern Europe,Spain,University of Alicante,https://www.ua.es,https://www.ua.es/en/university-of-alicante.html,200,en,es,True,2026-08-11T10:43:18+00:00,20.441,1,1,1,1,1,0,0,0,0,0,1,1,2,1,1,2026-07-31,1,0,1,1,4,1,1,1,0,0,0,0,1,1,1,1,1,1,1,1,0,1,0,1,1,0,0,1,1,1,1,1,15.43,0,1,1,0,1,0,75,1,0,1,1,1,0,78.6,1,1,0,0,0,0,1
3060,M3,Eastern & Southern Europe,Spain,Polytechnic University of Valencia,https://www.upv.es,https://www.upv.es/index-en.html,200,en-gb,es-es,True,2026-08-11T10:43:39+00:00,11.789,1,1,5,0,1,0,0,1,0,0,1,1,2,1,0,,1,1,1,1,0,1,1,0,1,1,1,0,1,1,1,0,1,1,1,1,1,1,1,1,0,0,0,1,1,1,1,1,18.88,1,1,0,0,1,0,75,1,0,0,1,1,0,69.2,1,1,0,0,1,0,1
3061,M3,Eastern & Southern Europe,Spain,University of Murcia,https://www.um.es,https://www.um.es/web/universidaddemurcia/,200,es-es,es-es,True,2026-08-11T10:44:03+00:00,12.586,1,1,1,0,1,0,0,0,1,1,0,1,5,0,1,2026-07-14,0,0,0,0,12,1,0,1,0,0,1,0,1,1,0,0,0,0,0,0,0,1,0,1,1,0,0,0,0,0,0,0,15.18,1,1,0,0,0,0,100,1,0,1,1,1,0,81.4,1,0,0,0,0,0,1
3062,M3,Eastern & Southern Europe,Spain,University of Cordoba,https://www.uco.es,https://www.uco.es/internacional/extranjeros/en/,200,en-gb,es-es,True,2026-08-11T10:44:26+00:00,10.465,1,1,7,1,1,0,0,0,0,0,0,1,2,1,1,2023-03-03,0,1,0,0,0,0,0,1,0,0,1,0,0,1,0,1,0,1,0,0,0,0,0,1,0,0,0,0,0,0,1,1,12.63,1,1,0,0,0,1,75,1,1,0,0,1,0,53.3,1,0,0,0,0,0,1
3063,M3,Eastern & Southern Europe,Spain,University of Valladolid,https://www.uva.es,https://universityofvalladolid.uva.es/,200,en,es,True,2026-08-11T10:44:52+00:00,14.717,0,1,0,0,0,0,0,0,0,0,0,0,0,0,0,,0,0,1,0,0,0,0,0,0,1,1,0,0,1,0,0,1,1,0,0,0,0,0,1,0,0,0,0,0,0,0,0,15.43,1,0,0,0,0,0,75,1,6,1,0,1,0,100.0,1,0,0,0,1,0,1
3064,M3,Eastern & Southern Europe,Spain,University of Oviedo,https://www.uniovi.es,https://www.uniovi.es/en/,200,en-us,es-es,True,2026-08-11T10:45:13+00:00,11.562,1,0,0,1,1,0,0,1,0,0,0,0,0,0,1,2026-08-05,1,1,0,0,0,1,1,1,0,1,1,0,1,1,1,1,1,1,0,0,0,0,0,1,1,0,0,0,0,1,1,0,21.0,1,1,0,0,0,0,75,1,0,0,1,1,0,100.0,1,0,0,0,0,0,1
3066,M3,Eastern & Southern Europe,Spain,University of Cantabria,https://web.unican.es,https://web.unican.es/en/Pages/default.aspx,200,en-us,es-es,True,2026-08-11T10:46:18+00:00,10.501,1,1,5,1,1,0,0,0,0,0,1,0,0,0,0,,1,0,1,0,0,0,0,0,0,0,1,0,1,1,1,1,1,1,0,0,0,0,1,1,1,0,0,0,1,0,1,0,7.59,1,0,0,0,0,0,75,1,0,1,1,0,0,92.6,1,0,0,0,1,0,1
3067,M3,Eastern & Southern Europe,Spain,University of Girona,https://www.udg.edu,https://www.udg.edu/en/,200,ca-es,ca-es,True,2026-08-11T10:46:26+00:00,3.98,1,1,5,1,0,0,0,0,1,1,1,0,0,1,1,2026-08-01,1,1,1,1,5,1,1,1,1,0,1,0,1,1,1,1,1,1,1,1,0,1,1,1,1,0,0,1,0,0,1,1,15.24,1,1,0,0,0,0,75,1,0,1,1,0,0,36.4,1,1,0,0,0,0,1
3068,M3,Eastern & Southern Europe,Spain,University of the Balearic Islands,https://www.uib.eu,https://www.uib.eu/,200,en,en,False,2026-08-11T10:46:41+00:00,12.848,0,1,0,1,1,0,0,1,0,0,1,0,0,1,0,,0,0,0,0,0,0,0,0,0,1,1,0,1,1,0,0,1,1,0,1,0,0,1,1,1,0,0,1,1,1,1,0,16.1,0,0,0,0,0,0,75,1,0,1,1,1,0,33.3,1,1,0,0,1,0,1
3070,M3,Eastern & Southern Europe,Spain,Jaume I University,https://www.uji.es,https://www.uji.es/?urlRedirect=https://www.uji.es/&url=/,200,en,ca,True,2026-08-11T10:47:09+00:00,11.917,1,0,0,1,1,0,0,1,0,0,1,1,7,1,1,2026-09-25,1,1,1,1,0,1,1,0,0,1,1,0,0,1,0,1,1,1,0,1,0,1,1,1,1,0,0,1,0,0,1,1,19.8,1,1,0,0,0,0,75,1,0,1,0,1,1,100.0,1,1,0,1,0,0,1
3071,M3,Eastern & Southern Europe,Spain,University of Vigo,https://www.uvigo.gal,https://www.uvigo.gal/en,200,en,gl,True,2026-08-11T10:47:29+00:00,11.593,1,1,3,1,1,0,1,1,1,1,1,1,10,1,1,2026-09-01,1,1,1,1,8,1,1,1,1,0,1,0,1,1,1,1,1,1,1,1,1,1,1,1,0,0,0,1,0,0,1,1,21.0,1,1,0,0,0,0,75,1,0,1,1,1,0,78.9,1,1,0,1,0,0,1
3072,M3,Eastern & Southern Europe,Spain,University of Extremadura,https://www.unex.es,https://www.unex.es/,200,es,es,False,2026-08-11T10:47:36+00:00,4.842,1,1,5,1,0,0,0,0,0,0,0,1,6,0,1,2026-08-10,0,0,0,0,0,1,1,1,0,0,1,0,0,0,0,0,0,0,0,0,0,0,0,1,0,0,0,1,0,0,1,1,15.43,1,1,0,0,0,0,75,1,0,1,1,1,0,69.4,1,0,0,0,0,0,1
3073,M3,Eastern & Southern Europe,Spain,Rey Juan Carlos University,https://www.urjc.es,https://www.urjc.es/,200,es-es,es-es,False,2026-08-11T10:47:57+00:00,18.82,1,1,7,1,0,0,0,0,0,0,0,1,8,0,0,,0,1,0,0,4,0,0,1,0,0,1,0,0,0,0,0,0,1,0,0,0,1,0,1,1,0,0,0,0,1,1,1,1.82,1,1,0,0,0,0,75,1,0,0,1,1,0,85.1,1,0,0,0,1,0,1
3074,M3,Eastern & Southern Europe,Spain,University of La Laguna,https://www.ull.es,https://www.ull.es/en/,200,,,True,2026-08-11T10:48:12+00:00,10.693,0,1,20,1,1,0,0,1,0,0,1,0,0,1,1,2026-08-07,1,1,1,1,18,0,0,0,0,0,1,0,1,1,1,1,1,1,1,1,1,1,0,1,1,0,0,0,0,0,1,0,10.86,1,0,0,0,0,0,100,1,0,1,0,1,1,0.0,0,1,0,0,0,0,1
3075,M3,Eastern & Southern Europe,Spain,University of Almeria,https://www.ual.es,https://www.ual.es/en?idioma=en_GB,200,en,es,True,2026-08-11T10:48:43+00:00,20.92,1,1,0,1,1,1,0,0,0,0,0,1,3,1,0,,1,1,1,1,1,1,1,0,0,1,1,0,1,1,1,1,1,1,1,1,1,0,0,1,0,0,1,1,0,0,0,1,12.82,1,1,0,0,0,0,90,1,0,1,0,0,0,77.4,1,1,0,0,1,0,1
3076,M3,Eastern & Southern Europe,Poland,University of Warsaw,https://www.uw.edu.pl,https://en.uw.edu.pl/,200,en-gb,pl-pl,True,2026-08-11T10:49:10+00:00,13.066,1,1,6,1,0,0,0,1,0,0,0,0,0,0,0,,1,1,1,0,0,0,0,0,0,0,1,0,1,1,1,1,1,1,1,1,0,0,0,1,0,1,0,0,1,1,1,0,11.24,1,1,0,0,0,0,75,1,1,1,0,1,0,27.3,1,1,0,0,1,0,1
3077,M3,Eastern & Southern Europe,Poland,Jagiellonian University,https://www.uj.edu.pl,https://en.uj.edu.pl/en,200,en,pl,True,2026-08-11T10:49:42+00:00,16.203,1,1,0,0,1,0,0,1,1,1,1,1,10,0,1,2027-04-30,1,1,1,1,17,1,1,1,1,0,1,0,1,1,1,1,1,1,1,1,1,0,1,0,0,0,1,1,0,1,1,1,8.47,1,1,0,0,1,0,75,1,0,1,0,1,0,72.7,1,1,0,1,0,0,1
3078,M3,Eastern & Southern Europe,Poland,Warsaw University of Technology,https://www.pw.edu.pl,https://www.pw.edu.pl/,200,pl,pl,False,2026-08-11T10:50:04+00:00,19.836,1,1,5,1,0,0,0,0,1,1,0,1,4,0,0,,0,0,0,0,1,1,1,0,1,0,1,0,0,0,0,0,1,0,0,0,0,0,0,1,1,0,0,1,0,1,1,1,15.43,1,1,0,0,0,0,75,1,0,1,1,1,0,86.4,1,0,0,0,1,0,1
3079,M3,Eastern & Southern Europe,Poland,AGH University of Krakow,https://www.agh.edu.pl,https://www.agh.edu.pl/en,200,en,pl,True,2026-08-11T10:50:15+00:00,4.613,1,1,1,1,0,0,0,1,0,0,0,1,7,0,1,2026-08-12,1,0,1,1,20,1,1,0,1,0,1,0,1,1,1,0,1,1,0,1,1,1,0,1,0,0,0,0,1,1,1,0,16.1,1,0,0,0,0,0,100,1,0,1,1,1,0,100.0,1,1,0,1,0,0,1
3080,M3,Eastern & Southern Europe,Poland,Adam Mickiewicz University,https://www.amu.edu.pl,https://amu.edu.pl/en,200,en,pl,True,2026-08-11T10:50:29+00:00,5.352,1,1,7,1,1,0,0,1,0,0,1,0,1,0,1,2026-10-19,1,1,1,1,5,1,1,1,0,0,1,0,1,1,1,1,1,1,1,1,0,0,0,1,1,0,0,1,0,1,1,1,15.95,1,1,0,0,0,0,75,1,0,1,1,1,0,68.8,1,1,0,1,0,0,1
3081,M3,Eastern & Southern Europe,Poland,University of Wroclaw,https://www.uwr.edu.pl,https://uwr.edu.pl/en/,200,en-us,pl-pl,True,2026-08-11T10:50:54+00:00,19.561,1,1,2,1,1,0,0,1,0,0,0,0,0,0,1,2026-07-19,1,0,1,0,0,1,0,0,1,0,1,0,1,1,1,1,1,1,1,1,0,1,1,1,1,0,0,1,1,0,1,1,21.0,1,1,0,0,0,0,90,1,6,1,0,1,0,75.0,1,1,0,0,0,0,1
3082,M3,Eastern & Southern Europe,Poland,Wroclaw University of Science and Technology,https://www.pwr.edu.pl,https://pwr.edu.pl/en/,200,en-gb,pl-pl,True,2026-08-11T10:51:16+00:00,12.163,1,1,8,1,1,0,0,1,0,0,0,0,1,0,1,2026-08-05,1,1,1,1,0,0,0,1,0,0,1,0,1,0,1,1,1,0,0,1,0,0,1,1,0,0,0,0,1,1,1,1,15.43,1,0,0,0,0,0,90,1,0,1,1,1,0,87.1,1,1,0,0,0,0,1
3083,M3,Eastern & Southern Europe,Poland,Gdansk University of Technology,https://www.pg.edu.pl,https://pg.edu.pl/en,200,en,pl,True,2026-08-11T10:51:29+00:00,6.143,1,1,4,1,1,0,1,1,1,1,1,0,0,0,0,,1,1,1,0,0,1,1,0,0,0,1,0,1,1,1,1,1,1,1,1,1,1,1,1,1,0,0,0,0,0,1,1,10.73,1,1,0,0,1,0,100,1,1,0,0,1,1,67.4,1,1,0,0,1,0,1
3084,M3,Eastern & Southern Europe,Poland,Nicolaus Copernicus University,https://www.umk.pl,https://www.umk.pl/en/,200,en,pl,True,2026-08-11T10:51:46+00:00,12.999,1,1,11,0,0,0,0,1,1,1,1,1,6,0,1,2026-07-27,1,1,1,1,6,1,1,1,1,0,1,0,1,1,1,1,1,1,1,1,0,1,1,1,0,0,0,1,1,1,1,1,16.67,1,1,0,0,0,1,90,1,0,1,1,1,0,97.9,1,0,0,0,0,0,1
3085,M3,Eastern & Southern Europe,Poland,University of Lodz,https://www.uni.lodz.pl,https://www.uni.lodz.pl/en/,200,en,pl,True,2026-08-11T10:52:05+00:00,12.79,1,0,0,1,1,0,0,0,0,0,1,0,0,0,0,,1,1,1,1,0,1,1,0,1,1,1,0,1,1,1,1,1,1,1,1,0,0,1,1,0,0,1,0,1,0,1,1,19.34,1,0,0,0,0,0,75,1,4,1,0,0,0,100.0,1,1,0,0,1,0,1
3086,M3,Eastern & Southern Europe,Poland,University of Silesia in Katowice,https://www.us.edu.pl,https://www.us.edu.pl/en/,200,en-us,pl-pl,True,2026-08-11T10:52:37+00:00,19.195,1,0,0,1,1,0,0,1,0,0,1,0,0,1,1,2026-06-01,1,0,1,1,0,0,0,0,1,0,1,0,1,1,1,1,1,1,0,1,0,0,0,1,0,0,0,1,1,1,1,1,13.65,1,1,0,0,0,0,90,1,0,1,1,1,0,100.0,1,1,0,0,0,0,1
3087,M3,Eastern & Southern Europe,Poland,Poznan University of Technology,https://www.put.poznan.pl,https://put.poznan.pl/en,200,en,pl,True,2026-08-11T10:52:52+00:00,8.604,1,1,0,1,1,0,0,0,0,0,1,0,0,0,1,2026-06-23,1,1,1,1,1,1,1,0,1,1,1,0,1,0,1,1,1,1,1,1,1,1,1,1,1,0,0,1,0,0,1,1,1.51,1,1,0,0,1,0,75,1,0,0,0,1,1,72.0,1,0,0,0,0,0,1
3088,M3,Eastern & Southern Europe,Poland,Warsaw University of Life Sciences,https://www.sggw.edu.pl,https://www.sggw.edu.pl/en/,200,en-us,pl-pl,True,2026-08-11T10:53:18+00:00,16.79,1,1,10,1,1,0,0,1,1,1,0,1,9,0,1,2026-11-07,1,0,1,1,5,1,1,1,0,0,1,0,1,1,1,1,1,1,0,0,0,0,1,1,1,0,0,1,1,1,1,1,21.0,1,1,0,0,0,0,90,1,0,1,0,1,0,51.4,1,1,0,1,0,0,1
3089,M3,Eastern & Southern Europe,Poland,Medical University of Warsaw,https://www.wum.edu.pl,https://www.wum.edu.pl/en,200,en,pl,True,2026-08-11T10:53:45+00:00,13.127,1,1,6,1,1,0,0,0,1,2,0,1,10,0,0,,1,1,1,1,0,1,1,1,1,0,1,0,1,1,0,1,1,1,0,1,0,1,1,0,1,0,0,1,0,1,1,1,14.16,1,1,0,0,0,0,75,1,0,0,1,1,0,100.0,1,1,0,0,1,0,1
3090,M3,Eastern & Southern Europe,Poland,University of Gdansk,https://www.ug.edu.pl,https://en.ug.edu.pl/,200,en,pl,True,2026-08-11T10:54:11+00:00,16.642,1,1,8,0,0,0,0,0,0,0,1,1,8,0,1,2026-08-10,1,1,0,0,7,1,1,1,1,0,1,0,1,1,1,1,1,1,1,1,1,1,1,1,0,1,0,1,0,0,1,1,18.42,1,1,1,0,0,0,75,1,0,1,0,1,0,97.4,1,1,0,0,0,0,1
3091,M3,Eastern & Southern Europe,Poland,Lodz University of Technology,https://www.p.lodz.pl,https://p.lodz.pl/en,200,en,pl,True,2026-08-11T10:54:26+00:00,10.208,1,1,2,1,1,0,0,1,1,1,1,0,0,1,1,2026-08-01,1,1,1,1,0,1,1,0,1,0,1,0,1,1,1,1,1,1,1,1,0,1,0,1,1,0,1,1,0,1,1,1,15.43,1,1,0,0,0,0,100,1,0,1,1,1,0,77.5,1,0,0,0,0,0,1
3092,M3,Eastern & Southern Europe,Poland,Cracow University of Technology,https://www.pk.edu.pl,https://www.pk.edu.pl/index.php?lang=pl,200,pl-pl,pl-pl,False,2026-08-11T10:54:39+00:00,8.616,1,1,5,1,0,1,0,0,0,0,0,0,1,0,1,2026-09-18,0,0,0,0,0,0,0,1,0,0,1,0,0,0,0,0,1,0,0,0,0,0,0,0,0,0,0,1,0,1,1,1,10.17,1,1,0,0,0,0,75,1,0,1,1,1,0,94.9,1,1,0,1,0,0,1
3093,M3,Eastern & Southern Europe,Poland,Silesian University of Technology,https://www.polsl.pl,https://www.polsl.pl/en/,200,en-gb,pl-pl,True,2026-08-11T10:55:01+00:00,10.753,1,0,0,1,1,0,0,1,1,0,1,1,10,1,1,2026-08-10,1,0,1,1,20,1,1,1,1,0,1,0,1,1,1,1,1,1,1,0,0,0,1,1,0,0,0,1,0,1,1,1,15.43,1,1,0,0,0,0,90,1,0,1,1,1,0,60.1,1,1,0,0,0,0,1
3094,M3,Eastern & Southern Europe,Poland,Maria Curie-Sklodowska University,https://www.umcs.pl,https://www.umcs.pl/en/,200,en,pl,True,2026-08-11T10:55:23+00:00,11.661,1,1,9,1,1,0,0,0,1,0,0,1,8,0,0,,1,1,1,1,1,1,1,1,0,0,1,1,1,1,1,1,1,1,0,1,0,0,0,1,0,0,0,0,1,1,1,0,18.26,1,0,0,0,0,0,75,1,0,1,0,0,0,88.2,1,1,0,0,1,0,1
3095,M3,Eastern & Southern Europe,Poland,SGH Warsaw School of Economics,https://www.sgh.waw.pl,https://www.sgh.waw.pl/en,200,en,pl,True,2026-08-11T10:55:39+00:00,10.849,1,1,4,1,1,0,0,1,1,1,1,0,0,1,1,2026-12-02,1,1,1,1,0,1,1,0,1,0,1,0,1,1,1,1,1,1,1,1,0,1,1,1,1,0,0,1,1,1,1,1,13.78,1,0,0,0,0,0,100,1,0,1,0,1,0,75.8,1,1,0,1,0,0,1
3096,M3,Eastern & Southern Europe,Poland,University of Bialystok,https://www.uwb.edu.pl,https://uwb.edu.pl/en/,200,en,pl,True,2026-08-11T10:55:54+00:00,7.059,1,1,20,0,0,0,0,0,0,0,1,1,10,0,1,2026-04-20,1,0,1,1,0,1,1,1,1,0,1,0,1,1,1,1,1,1,0,1,0,1,0,1,0,0,0,1,1,1,1,1,21.0,1,1,0,0,0,0,75,1,59,1,1,1,0,100.0,1,1,0,0,0,0,1
3097,M3,Eastern & Southern Europe,Poland,Cardinal Stefan Wyszynski University,https://www.uksw.edu.pl,https://uksw.edu.pl/en/,200,en-us,pl-pl,True,2026-08-11T10:56:35+00:00,26.483,1,1,1,1,1,0,0,0,1,1,0,0,0,0,1,2026-04-17,0,1,0,0,0,1,1,1,1,0,1,0,0,1,1,1,1,1,1,1,0,0,1,1,0,0,0,1,0,1,1,1,15.13,1,1,0,0,0,0,90,1,0,1,0,1,0,21.2,1,0,0,0,0,0,1
3098,M3,Eastern & Southern Europe,Poland,Rzeszow University of Technology,https://www.prz.edu.pl,https://prz.edu.pl/en/,200,en,pl,True,2026-08-11T10:57:05+00:00,15.15,1,1,4,1,0,0,0,0,0,0,0,0,0,0,0,,1,0,0,0,0,1,1,0,0,0,1,0,1,1,1,1,1,1,0,1,0,0,0,1,1,0,0,1,1,0,1,1,21.0,1,1,0,0,0,0,75,1,2,1,0,1,0,78.6,1,1,0,0,1,0,1
3099,M3,Eastern & Southern Europe,Poland,University of Szczecin,https://www.usz.edu.pl,http://usz.edu.pl/,200,pl-pl,pl-pl,False,2026-08-11T10:57:27+00:00,19.007,1,1,6,0,0,0,0,0,0,0,0,0,0,0,0,,1,0,1,0,0,1,1,0,0,0,1,0,1,0,0,0,1,0,0,0,0,0,0,0,0,0,0,0,0,1,1,0,4.03,1,0,0,0,0,0,90,0,0,1,1,1,1,100.0,1,1,0,0,1,0,1
3100,M3,Eastern & Southern Europe,Poland,Kazimierz Wielki University,https://www.ukw.edu.pl,https://www.ukw.edu.pl/strona/english,200,en,pl,True,2026-08-11T10:57:55+00:00,19.251,1,1,3,1,0,0,0,0,0,0,0,1,3,0,1,2026-08-04,1,0,0,0,0,1,1,1,0,0,1,0,0,1,0,1,1,1,1,0,0,0,0,1,0,0,0,1,0,0,0,0,21.0,1,1,0,0,0,0,75,1,0,1,1,1,0,94.7,1,0,0,0,0,0,1
3102,M3,Eastern & Southern Europe,Portugal,University of Porto,https://www.up.pt,https://www.up.pt/portal/en/,200,en,pt,True,2026-08-11T10:58:14+00:00,9.296,0,1,5,1,1,0,1,1,1,1,1,0,1,0,1,2026-08-05,1,1,1,1,10,1,1,1,1,0,1,0,1,1,1,1,1,1,1,1,1,1,1,1,0,1,1,1,0,1,1,1,15.43,1,0,0,0,1,0,75,1,0,1,1,1,1,100.0,1,1,0,0,0,0,0
3104,M3,Eastern & Southern Europe,Portugal,NOVA University Lisbon,https://www.unl.pt,https://www.unl.pt/en/,200,en-us,pt-pt,True,2026-08-11T10:58:36+00:00,9.271,1,1,8,1,1,0,0,0,0,0,1,1,10,0,1,2026-12-13,1,0,1,1,8,1,1,1,1,1,1,0,1,1,1,1,1,1,0,0,0,0,0,1,1,0,0,1,0,1,1,1,10.37,1,1,0,0,1,0,90,1,0,1,0,1,0,44.7,1,0,0,1,0,0,0
3105,M3,Eastern & Southern Europe,Portugal,University of Aveiro,https://www.ua.pt,https://www.ua.pt/,200,pt,pt,False,2026-08-11T10:58:51+00:00,11.808,1,1,4,1,1,0,0,0,0,0,0,0,0,0,1,2026-07-31,0,0,0,0,0,0,0,0,0,0,1,0,0,0,0,0,0,0,0,0,0,1,0,1,0,0,0,1,0,1,1,1,21.0,1,0,0,0,0,0,100,1,0,0,1,1,0,93.8,1,0,0,0,0,0,0
3106,M3,Eastern & Southern Europe,Portugal,University of Minho,https://www.uminho.pt,https://www.uminho.pt/EN/Pages/default.aspx,200,en-us,pt-pt,True,2026-08-11T10:59:18+00:00,13.612,1,1,5,1,1,1,0,0,1,1,1,1,3,1,0,,1,0,0,1,6,0,1,0,0,1,1,0,1,0,1,1,1,1,1,1,0,1,0,1,1,0,0,0,0,1,1,0,21.0,1,0,0,0,1,0,50,1,0,1,0,1,0,39.5,1,0,0,0,1,0,0
3107,M3,Eastern & Southern Europe,Portugal,University of Beira Interior,https://www.ubi.pt,https://ireg-observatory.org/en/,200,en,pt-pt,True,2026-08-11T10:59:40+00:00,11.235,1,1,6,0,0,0,1,1,0,0,1,0,0,0,1,2024-11-08,1,0,1,1,14,1,1,0,1,1,1,0,0,1,0,0,1,0,0,0,0,0,0,0,0,0,0,1,0,0,1,0,15.43,1,1,0,0,1,0,75,1,0,1,0,1,0,19.4,1,0,0,0,0,0,0
3108,M3,Eastern & Southern Europe,Portugal,ISCTE University Institute of Lisbon,https://www.iscte-iul.pt,https://www.iscte-iul.pt/,200,en,pt,True,2026-08-11T11:00:04+00:00,13.05,1,1,6,1,1,0,0,1,0,0,1,1,6,0,1,2025-12-26,1,0,1,1,0,1,1,0,0,0,1,0,1,1,1,0,1,1,1,1,0,1,0,0,0,0,0,0,0,1,1,0,21.0,1,0,0,0,0,0,75,1,0,1,1,1,0,100.0,1,0,0,0,0,0,0
3109,M3,Eastern & Southern Europe,Portugal,University of Evora,https://www.uevora.pt,https://www.uevora.pt/en,200,en,pt,True,2026-08-11T11:00:27+00:00,12.714,1,1,8,1,0,0,0,0,1,1,1,1,10,0,0,,1,1,1,1,0,0,0,0,0,1,1,0,1,1,1,1,1,1,1,1,0,1,0,1,1,0,0,0,0,1,1,0,15.13,1,1,0,0,0,1,75,1,0,1,1,1,0,100.0,1,1,0,0,1,0,0
3110,M3,Eastern & Southern Europe,Portugal,University of Algarve,https://www.ualg.pt,https://www.ualg.pt/en,200,en,pt-pt,True,2026-08-11T11:00:55+00:00,11.932,1,1,3,0,1,0,1,1,1,1,1,0,0,0,1,2026-07-21,1,1,1,1,20,1,0,1,1,1,1,0,1,1,1,1,1,1,1,1,1,1,1,1,1,0,0,1,0,1,1,1,21.0,1,0,0,0,0,0,75,1,0,1,0,1,0,92.1,1,0,0,0,0,0,0
3112,M3,Eastern & Southern Europe,Portugal,Catholic University of Portugal,https://www.ucp.pt,https://www.ucp.pt/pt-pt/homepage,200,pt-pt,pt-pt,True,2026-08-11T12:15:34+00:00,26.626,1,1,3,1,1,0,0,1,0,0,1,1,5,0,1,2026-09-03,0,1,1,0,11,1,1,1,0,0,1,0,0,1,1,1,1,1,0,0,0,1,1,1,0,0,0,1,0,1,1,1,13.4,1,1,0,0,0,0,100,1,0,0,1,1,0,89.1,1,0,0,1,0,0,0
3114,M3,Eastern & Southern Europe,Portugal,University of Madeira,https://www.uma.pt,https://www.uma.pt/en/,200,en-us,pt-pt,True,2026-08-11T11:03:15+00:00,4.113,1,1,2,1,1,0,0,0,1,1,0,1,8,0,1,2026-08-14,1,1,1,0,1,0,0,0,1,0,1,0,1,1,1,0,1,1,0,1,0,1,0,1,0,0,1,1,0,1,1,1,19.63,1,1,0,0,0,1,75,1,0,1,0,1,0,100.0,1,0,0,1,0,0,0
3115,M3,Eastern & Southern Europe,Portugal,Polytechnic Institute of Lisbon,https://www.ipl.pt,https://www.ipl.pt/en,200,en,pt-pt,True,2026-08-11T11:03:30+00:00,10.211,1,1,1,1,1,0,0,0,0,0,1,1,10,0,1,2026-07-14,1,0,1,1,3,1,1,1,0,0,1,0,1,1,0,1,1,1,0,0,0,1,0,1,1,0,0,1,0,1,1,1,7.13,1,1,0,0,0,0,75,1,0,1,0,1,0,94.4,1,0,0,0,0,0,0
3116,M3,Eastern & Southern Europe,Greece,National and Kapodistrian University of Athens,https://www.uoa.gr,https://en.uoa.gr/,200,el,el,True,2026-08-11T11:03:51+00:00,4.73,1,0,0,1,0,0,0,1,0,0,0,1,5,1,1,2026-08-10,1,1,1,1,12,1,1,1,0,0,1,0,1,1,1,1,1,1,0,1,0,0,0,1,1,0,0,0,1,1,1,1,12.63,1,1,0,0,0,0,75,1,0,1,0,1,1,37.0,1,0,0,0,0,0,0
3117,M3,Eastern & Southern Europe,Greece,Aristotle University of Thessaloniki,https://www.auth.gr,https://www.auth.gr/en/homepage/,200,en-us,el,True,2026-08-11T11:04:15+00:00,17.39,1,1,0,0,1,0,0,0,0,0,0,0,1,1,1,2026-08-11,1,0,0,1,5,1,1,1,0,0,1,0,1,0,1,1,0,1,0,0,0,0,1,1,0,0,0,0,0,1,1,1,12.63,1,1,0,0,1,0,90,1,0,1,0,1,0,77.8,1,0,0,0,0,0,0
3118,M3,Eastern & Southern Europe,Greece,National Technical University of Athens,https://www.ntua.gr,https://www.ntua.gr/en/,200,el-gr,el-gr,True,2026-08-11T11:04:42+00:00,16.828,1,1,6,0,1,0,0,0,0,0,0,0,0,0,0,,1,0,1,0,0,1,1,0,0,0,1,0,1,0,1,0,1,1,0,1,0,0,0,1,0,0,0,1,0,1,1,1,9.01,1,0,0,0,0,0,90,1,0,0,0,1,0,73.8,1,0,0,0,1,0,0
3119,M3,Eastern & Southern Europe,Greece,University of Patras,https://www.upatras.gr,https://www.upatras.gr/en/,200,en-us,el,True,2026-08-11T11:04:59+00:00,12.984,1,1,9,1,1,0,1,1,0,0,1,0,0,1,0,,1,1,0,0,0,1,1,0,0,0,1,0,0,1,1,1,1,1,1,1,0,1,0,1,1,0,0,1,0,0,1,1,19.26,1,1,0,0,0,0,75,1,0,1,0,1,0,91.3,1,1,0,0,1,0,0
3120,M3,Eastern & Southern Europe,Greece,University of Crete,https://www.uoc.gr,https://www.uoc.gr/en/home/,200,en-gb,el,True,2026-08-11T11:05:39+00:00,25.866,1,1,4,1,1,0,0,0,0,0,1,1,3,1,1,2026-08-07,1,1,1,1,2,1,1,0,1,0,1,0,1,1,1,1,1,1,1,0,0,1,1,1,0,0,0,0,0,1,1,1,5.49,1,1,0,0,1,0,90,1,0,0,0,1,1,72.0,1,1,0,0,0,0,0
3121,M3,Eastern & Southern Europe,Greece,University of Ioannina,https://www.uoi.gr,https://uoi.gr/en/,200,en-us,el,True,2026-08-11T11:05:53+00:00,8.716,1,1,4,0,1,0,0,0,0,0,0,0,0,0,1,2026-06-24,1,0,1,1,0,1,1,0,0,0,1,0,1,1,1,1,1,1,0,1,1,0,0,1,0,0,0,0,0,1,1,1,12.08,1,1,0,0,0,0,90,1,0,1,0,1,1,93.1,1,0,0,0,0,0,0
3122,M3,Eastern & Southern Europe,Greece,University of Thessaly,https://www.uth.gr,https://www.uth.gr/en,200,en,el,True,2026-08-11T11:06:03+00:00,5.534,1,1,6,1,1,0,0,1,0,0,1,0,0,1,1,2026-06-17,1,1,1,1,6,0,0,1,0,0,1,0,1,0,1,0,1,1,0,1,1,1,1,1,1,0,0,1,1,1,1,1,18.1,1,1,0,0,0,0,75,1,0,0,1,1,0,87.5,1,1,0,0,0,0,0
3123,M3,Eastern & Southern Europe,Greece,Athens University of Economics and Business,https://www.aueb.gr,https://www.aueb.gr/en,200,en,el,True,2026-08-11T11:06:26+00:00,12.211,1,1,0,0,1,0,0,1,0,0,1,0,1,1,1,2026-07-11,1,1,0,0,0,1,1,1,1,0,1,0,1,1,1,1,1,1,0,1,1,1,1,1,1,0,0,0,1,1,1,0,4.48,1,0,0,0,0,1,75,1,0,1,1,1,0,89.5,1,0,0,0,0,0,0
3125,M3,Eastern & Southern Europe,Greece,Democritus University of Thrace,https://www.duth.gr,https://duth.gr/en/home-english/,200,en-gb,el,True,2026-08-11T11:07:18+00:00,9.668,1,1,1,1,1,1,0,0,0,0,1,0,0,1,0,,1,1,0,1,1,1,1,0,0,0,1,0,1,1,1,0,1,1,0,1,1,1,1,1,1,0,0,0,0,1,1,0,16.95,1,0,0,0,0,0,90,1,0,1,1,1,0,15.0,1,1,0,0,1,0,0
3126,M3,Eastern & Southern Europe,Greece,University of Macedonia,https://www.uom.gr,https://www.uom.gr/en,200,en,el,True,2026-08-11T11:07:33+00:00,8.74,1,1,8,1,0,0,0,0,0,0,0,0,0,1,1,2026-07-18,1,1,1,1,0,1,1,1,1,1,1,0,1,0,1,1,1,1,1,1,0,1,0,1,1,0,0,1,0,1,1,1,1.54,1,1,0,0,0,0,75,1,14,0,1,1,1,100.0,1,1,0,0,0,0,0
3127,M3,Eastern & Southern Europe,Greece,Panteion University,https://www.panteion.gr,https://www.panteion.gr/en/,200,en-us,el,True,2026-08-11T11:08:12+00:00,26.603,1,1,5,1,1,0,0,0,0,0,0,1,10,1,0,,1,1,1,1,8,1,1,0,0,1,1,0,1,1,1,1,1,1,0,1,0,1,0,1,0,0,0,0,0,1,1,0,21.0,1,1,0,0,0,0,90,1,0,1,0,1,0,71.9,1,0,0,0,1,0,0
3128,M3,Eastern & Southern Europe,Greece,Agricultural University of Athens,https://www.aua.gr,https://www2.aua.gr//en,200,en,el,True,2026-08-11T11:08:48+00:00,26.175,1,1,3,1,0,0,0,1,0,0,1,1,10,1,1,2026-08-07,1,1,1,1,3,0,0,0,1,1,1,0,1,1,1,0,1,1,1,1,1,1,0,1,1,0,0,0,0,0,1,1,12.63,1,1,0,0,0,0,75,1,0,1,0,1,1,81.0,1,1,0,0,0,0,0
3129,M3,Eastern & Southern Europe,Greece,Technical University of Crete,https://www.tuc.gr,https://www.tuc.gr/en/home,200,en-us,el-gr,True,2026-08-11T11:09:07+00:00,8.205,1,0,0,1,1,1,0,0,0,0,1,0,0,0,1,2026-10-02,0,1,1,0,0,1,1,0,0,0,1,0,0,1,1,1,1,0,0,0,0,0,0,1,0,0,0,0,0,1,1,0,12.63,1,0,0,0,0,0,75,1,0,1,0,0,0,61.7,1,0,0,1,0,0,0
3130,M3,Eastern & Southern Europe,Greece,University of Piraeus,https://www.unipi.gr,https://www.unipi.gr/en/home/,200,en-gb,el,True,2026-08-11T11:09:40+00:00,19.36,1,1,4,1,1,0,0,0,1,0,1,0,0,1,1,2025-10-07,1,0,0,0,0,0,0,0,0,1,1,0,0,1,1,1,1,1,1,1,1,1,1,1,0,0,0,1,0,1,1,1,16.67,1,1,0,0,0,0,90,1,1,1,0,1,0,89.3,1,1,0,0,0,0,0
3131,M3,Eastern & Southern Europe,Czechia,Charles University,https://www.cuni.cz,https://cuni.cz/UK-1.html,200,en,en,False,2026-08-11T11:10:00+00:00,17.645,1,1,7,1,0,0,0,0,0,0,1,1,10,0,0,,1,0,0,0,5,1,1,0,1,1,1,0,0,0,0,1,1,0,0,0,0,1,0,0,1,0,0,1,0,1,1,1,12.61,1,1,0,0,0,0,75,1,3,1,0,1,0,6.9,1,0,0,0,1,0,0
3132,M3,Eastern & Southern Europe,Czechia,Czech Technical University in Prague,https://www.cvut.cz,https://www.cvut.cz/en,200,en,cs,True,2026-08-11T11:10:18+00:00,8.548,1,1,2,0,1,0,0,0,0,0,1,0,0,1,0,,1,0,1,1,2,1,1,0,0,0,1,0,1,1,1,1,1,1,0,1,1,1,1,1,0,0,0,0,0,1,1,1,1.41,1,1,0,0,0,0,75,1,0,1,1,1,0,6.7,1,0,0,0,1,0,0
3133,M3,Eastern & Southern Europe,Czechia,Masaryk University,https://www.muni.cz,https://www.muni.cz/en,200,en,cs,True,2026-08-11T11:10:36+00:00,13.569,1,1,2,1,1,1,0,0,1,1,1,0,0,1,0,,1,1,1,1,16,1,0,0,0,0,1,0,1,1,1,1,1,1,1,1,1,1,1,1,0,0,1,1,0,1,1,1,20.12,1,1,0,0,0,0,90,1,0,1,1,1,1,100.0,1,1,0,0,1,0,0
3134,M3,Eastern & Southern Europe,Czechia,Brno University of Technology,https://www.vutbr.cz,https://www.vut.cz/en/,200,en,cs,True,2026-08-11T11:10:45+00:00,5.063,1,1,2,1,0,1,0,0,0,0,1,1,2,1,1,2026-11-04,1,1,1,0,1,1,1,1,1,0,1,0,1,1,1,1,1,1,1,1,0,1,1,1,1,0,0,1,0,1,1,1,17.39,1,0,0,0,1,0,75,1,1,1,1,1,1,38.5,1,1,0,1,0,0,0
3135,M3,Eastern & Southern Europe,Czechia,Palacky University Olomouc,https://www.upol.cz,https://www.upol.cz/en/,200,en,cs,True,2026-08-11T11:10:56+00:00,5.911,1,1,1,1,0,0,1,1,0,0,1,1,4,1,0,,1,1,1,1,0,1,1,0,0,0,1,1,1,1,1,1,1,1,0,1,0,1,1,1,0,0,0,1,0,1,1,1,7.59,1,0,0,0,0,0,75,1,0,0,1,1,0,58.7,1,1,0,0,1,0,0
3136,M3,Eastern & Southern Europe,Czechia,University of Chemistry and Technology Prague,https://www.vscht.cz,https://www.vscht.cz/,200,,,False,2026-08-11T11:11:12+00:00,12.056,1,0,0,0,0,0,0,0,0,0,0,1,9,0,1,2026-10-09,0,0,0,0,0,1,1,1,1,0,1,0,0,0,0,0,0,1,0,0,0,1,0,0,0,0,0,1,0,1,1,1,16.3,0,1,0,0,0,0,75,1,0,1,0,1,0,81.0,1,0,0,1,0,0,0
3137,M3,Eastern & Southern Europe,Czechia,Czech University of Life Sciences Prague,https://www.czu.cz,https://www.czu.cz/en,200,en,cs,True,2026-08-11T11:11:27+00:00,8.454,1,1,6,1,0,0,0,0,0,0,1,0,0,1,1,2026-07-29,1,1,0,1,5,1,1,1,0,0,1,0,1,1,1,1,1,1,0,1,0,1,1,1,0,0,0,1,0,1,1,1,15.43,1,1,0,0,0,0,75,1,0,1,0,1,0,11.1,1,0,0,0,0,0,0
3138,M3,Eastern & Southern Europe,Czechia,VSB - Technical University of Ostrava,https://www.vsb.cz,https://www.vsb.cz/en/index.html,200,en,cs,True,2026-08-11T11:11:53+00:00,14.13,1,1,7,1,0,1,0,1,1,1,1,1,6,1,1,2026-11-26,1,1,1,1,0,1,1,0,1,0,1,0,1,1,1,1,1,1,1,1,1,1,1,1,1,0,0,1,0,1,1,1,16.57,1,1,0,0,0,0,75,1,0,1,0,1,0,94.1,1,0,0,1,0,0,0
3139,M3,Eastern & Southern Europe,Czechia,University of West Bohemia,https://www.zcu.cz,https://www.zcu.cz/en/index.html,200,en,cs,True,2026-08-11T11:12:11+00:00,8.674,1,1,4,1,1,0,0,0,0,0,1,1,6,1,0,,1,0,1,0,20,1,1,0,0,0,1,0,0,1,1,1,1,1,0,1,0,0,1,1,0,0,0,0,0,1,1,1,6.82,1,1,0,0,0,0,100,1,0,1,1,1,1,95.8,1,0,0,0,1,0,0
3140,M3,Eastern & Southern Europe,Czechia,Mendel University in Brno,https://www.mendelu.cz,https://mendelu.cz/en/,200,en,cs,True,2026-08-11T11:12:30+00:00,8.115,1,1,14,1,1,0,0,0,0,0,1,1,4,1,0,,1,1,1,1,17,0,0,0,0,0,1,0,1,1,1,1,1,1,0,1,1,1,0,1,1,0,0,0,1,0,1,0,17.04,1,0,0,0,0,0,75,1,0,1,0,1,0,66.7,1,1,0,0,1,0,0
3141,M3,Eastern & Southern Europe,Czechia,University of Ostrava,https://www.osu.cz,https://www.osu.eu/,200,cs,cs,True,2026-08-11T11:12:58+00:00,13.462,1,1,9,1,1,0,0,0,1,1,1,0,1,0,0,,1,1,1,1,0,0,0,0,0,0,1,1,1,1,1,1,1,1,1,1,0,0,1,1,0,0,1,1,1,1,1,1,8.06,1,1,0,0,0,1,75,1,0,0,1,1,0,99.3,1,0,0,0,1,0,0
3142,M3,Eastern & Southern Europe,Czechia,University of South Bohemia,https://www.jcu.cz,https://www.jcu.cz/en/,200,en-gb,cs-cz,True,2026-08-11T11:13:16+00:00,11.624,1,1,0,1,1,0,0,0,0,0,1,1,10,1,1,2026-09-26,1,1,1,1,0,0,0,1,1,0,1,0,1,1,1,1,1,1,1,1,1,1,1,1,1,0,0,0,0,1,1,0,16.67,1,1,0,0,0,0,90,1,1,1,0,1,1,2.4,1,1,0,1,0,0,0
3143,M3,Eastern & Southern Europe,Romania,University of Bucharest,https://www.unibuc.ro,https://unibuc.ro/?lang=en,200,en-us,ro-ro,True,2026-08-11T11:13:58+00:00,20.343,1,0,0,1,1,0,0,0,0,0,1,0,0,1,1,2026-08-11,1,1,1,0,0,0,1,1,1,0,1,0,1,1,1,1,1,1,1,0,0,0,1,1,0,0,0,1,0,1,1,1,14.72,1,1,0,0,0,0,90,1,0,1,0,1,1,32.7,1,1,0,0,0,0,0
3144,M3,Eastern & Southern Europe,Romania,Babes-Bolyai University,https://www.ubbcluj.ro,https://www.ubbcluj.ro/en/,200,,,True,2026-08-11T11:14:42+00:00,12.473,1,1,9,1,1,0,0,0,0,0,0,1,2,0,1,2026-06-10,1,0,1,1,8,1,1,1,0,0,1,0,1,1,1,1,1,1,1,1,1,1,0,1,0,0,0,1,1,1,1,1,1.41,1,1,0,0,1,0,75,1,0,1,1,1,0,87.5,1,1,0,0,0,0,0
3145,M3,Eastern & Southern Europe,Romania,Alexandru Ioan Cuza University,https://www.uaic.ro,https://www.uaic.ro/en/,200,en-us,ro-ro,True,2026-08-11T12:17:05+00:00,13.577,1,1,0,1,1,1,0,0,0,0,1,0,0,0,0,,1,0,1,1,1,1,1,0,0,0,1,1,1,1,1,1,1,1,1,0,0,1,0,1,0,0,0,0,0,0,0,1,4.67,1,1,0,0,0,1,90,1,0,1,0,1,0,65.0,1,0,0,0,1,0,0
3146,M3,Eastern & Southern Europe,Romania,Politehnica University of Bucharest,https://www.upb.ro,https://upb.ro/en/,200,en-us,ro-ro,True,2026-08-11T11:16:24+00:00,14.633,1,1,1,1,1,0,0,0,0,0,0,0,0,0,0,,1,0,0,0,1,1,1,0,0,1,1,0,1,1,1,1,1,1,0,0,1,1,0,1,0,0,0,0,0,1,1,0,3.09,1,1,0,0,0,1,90,1,0,1,0,1,1,55.6,1,0,0,0,1,0,0
3147,M3,Eastern & Southern Europe,Romania,Politehnica University of Timisoara,https://www.upt.ro,https://www.upt.ro/,200,ro,ro,False,2026-08-11T11:16:38+00:00,10.58,1,1,1,0,0,0,0,1,0,0,0,0,0,0,1,2026-10-25,0,1,1,0,0,0,0,0,0,1,0,0,0,0,0,1,1,0,0,0,0,1,0,1,0,0,0,1,0,1,1,1,19.51,0,1,0,0,0,0,75,1,0,1,1,1,1,100.0,1,0,0,1,0,0,0
3148,M3,Eastern & Southern Europe,Romania,West University of Timisoara,https://www.uvt.ro,https://uvt.ro/,200,ro-ro,ro-ro,True,2026-08-11T11:16:55+00:00,11.498,1,1,8,1,1,0,1,1,1,1,0,0,1,0,1,2026-07-28,1,1,0,0,1,1,1,1,1,0,1,0,0,0,0,0,0,0,0,0,0,1,0,1,0,0,0,1,1,1,1,1,12.63,1,1,0,0,0,0,90,1,0,1,0,1,1,73.3,1,0,0,0,0,0,0
3149,M3,Eastern & Southern Europe,Romania,Technical University of Cluj-Napoca,https://www.utcluj.ro,https://bri.utcluj.ro/en/index.php,200,en,ro,True,2026-08-11T11:17:10+00:00,5.52,1,1,7,1,0,0,0,1,1,1,1,0,0,0,1,2025-11-24,1,1,1,1,0,0,0,1,0,0,1,0,1,0,1,1,0,1,1,0,0,1,0,1,0,0,0,1,0,1,1,1,7.02,1,1,0,0,0,0,75,1,0,1,1,1,0,4.2,0,0,0,0,0,0,0
3150,M3,Eastern & Southern Europe,Romania,Carol Davila University of Medicine and Pharmacy,https://www.umfcd.ro,https://umfcd.ro/en/,200,en-us,ro-ro,True,2026-08-11T11:17:22+00:00,3.849,1,1,5,1,0,0,0,0,0,0,0,0,0,0,1,2026-08-04,1,0,1,1,1,1,1,1,0,0,1,0,1,1,1,1,1,1,0,1,0,0,1,1,0,0,0,0,0,1,1,0,14.59,1,1,0,0,0,0,75,1,0,1,0,1,1,13.3,1,0,0,0,0,0,0
3151,M3,Eastern & Southern Europe,Romania,Transilvania University of Brasov,https://www.unitbv.ro,https://www.unitbv.ro/en/,200,en-gb,ro-ro,True,2026-08-11T11:17:46+00:00,14.03,1,1,10,1,1,0,0,0,0,0,0,0,1,0,0,,1,1,1,1,0,1,1,0,1,1,1,0,1,1,1,1,1,1,1,1,0,0,1,1,0,0,1,0,0,1,1,0,3.54,1,0,0,0,1,0,20,1,2,0,1,1,0,90.9,1,1,0,0,1,0,0
3152,M3,Eastern & Southern Europe,Romania,Bucharest University of Economic Studies,https://www.ase.ro,https://ase.ro/en/,200,en-us,ro-ro,True,2026-08-11T11:17:54+00:00,3.421,1,1,6,1,1,0,0,1,0,0,0,0,0,0,0,,1,1,0,1,0,0,0,0,1,0,1,0,0,1,1,1,1,1,1,1,1,0,1,1,1,0,0,1,1,1,1,1,15.52,1,1,0,0,0,0,90,1,0,1,0,1,0,52.6,1,0,0,0,1,0,0
3153,M3,Eastern & Southern Europe,Romania,University of Craiova,https://www.ucv.ro,https://www.ucv.ro/en/,200,ro,ro,True,2026-08-11T11:18:03+00:00,4.547,1,1,8,1,0,0,0,0,0,0,0,0,1,1,1,2026-07-16,1,0,1,1,0,0,0,1,1,0,1,0,1,1,1,1,1,1,1,1,0,1,0,1,0,1,0,1,1,1,1,1,15.43,1,0,0,0,0,0,75,1,1,1,1,1,1,77.8,1,0,0,0,0,0,0
3154,M3,Eastern & Southern Europe,Romania,Gheorghe Asachi Technical University of Iasi,https://www.tuiasi.ro,https://www.tuiasi.ro/?lang=en,200,en-us,ro-ro,True,2026-08-11T11:18:20+00:00,10.366,1,0,0,1,1,0,0,0,0,0,1,0,0,1,1,2026-07-27,1,0,1,1,9,1,0,1,1,0,1,0,1,1,1,1,1,1,1,1,1,1,0,1,0,0,0,0,0,1,1,1,7.49,1,1,0,0,0,0,90,1,0,1,0,1,0,62.5,1,0,0,0,0,0,0
3155,M3,Eastern & Southern Europe,Ukraine,Taras Shevchenko National University of Kyiv,https://www.knu.ua,https://knu.ua/en/,200,,,True,2026-08-11T11:18:36+00:00,12.086,1,0,0,0,0,0,0,0,1,1,1,1,5,0,1,2026-08-10,1,1,1,0,0,1,1,1,1,0,1,0,1,1,1,1,1,1,0,1,1,0,0,0,0,0,0,0,0,1,1,0,18.59,1,0,0,0,0,0,0,1,0,1,0,1,1,50.0,0,0,0,0,0,0,0
3156,M3,Eastern & Southern Europe,Ukraine,Igor Sikorsky Kyiv Polytechnic Institute,https://www.kpi.ua,https://www.kpi.ua/en/,200,en,uk,True,2026-08-11T11:18:57+00:00,9.117,1,1,7,0,0,0,0,0,1,0,1,1,2,1,1,2026-07-31,1,0,1,1,9,1,0,1,1,1,1,0,1,1,1,1,1,1,1,0,0,1,0,0,0,0,1,0,1,1,1,0,9.74,1,1,0,0,0,0,75,1,0,1,1,1,0,88.5,1,0,0,0,0,0,0
3157,M3,Eastern & Southern Europe,Ukraine,V. N. Karazin Kharkiv National University,https://www.karazin.ua,https://karazin.ua/en/,200,en-us,uk-ua,True,2026-08-11T11:19:10+00:00,8.242,1,1,1,1,1,0,0,1,0,0,1,1,7,1,1,2026-08-04,1,0,1,0,0,1,1,0,1,0,1,0,1,1,1,1,1,1,1,1,1,1,1,1,1,0,0,1,0,1,1,1,14.86,1,1,0,0,0,0,75,1,0,1,0,1,1,0.0,1,0,0,0,0,0,0
3159,M3,Eastern & Southern Europe,Ukraine,Ivan Franko National University of Lviv,https://www.lnu.edu.ua,https://lnu.edu.ua/en/,200,en,uk,True,2026-08-11T11:19:57+00:00,8.553,0,1,7,1,1,0,0,1,0,0,1,1,6,0,1,2024-09-24,1,0,1,0,0,0,0,1,0,0,1,0,1,1,1,1,1,1,0,1,0,1,0,1,0,0,0,0,0,1,1,1,11.29,1,0,0,0,0,0,75,1,0,0,0,1,1,,1,1,0,0,0,0,0
3161,M3,Eastern & Southern Europe,Ukraine,National University of Kyiv-Mohyla Academy,https://www.ukma.edu.ua,https://www.ukma.edu.ua/eng/,200,en,uk,True,2026-08-11T11:20:34+00:00,13.969,1,1,5,1,0,0,1,1,0,0,1,1,2,0,0,,1,0,1,0,0,0,0,0,0,0,1,0,1,1,1,0,1,1,0,1,1,0,0,1,0,1,0,0,0,1,1,0,19.95,1,0,0,0,0,0,75,1,0,1,1,1,1,88.2,1,0,0,0,1,0,0
3162,M3,Eastern & Southern Europe,Ukraine,Oles Honchar Dnipro National University,https://www.dnu.dp.ua,https://www.dnu.dp.ua/eng,200,,,True,2026-08-11T11:20:50+00:00,11.498,1,1,6,1,1,0,0,1,0,0,1,1,4,1,1,2025-01-05,1,0,1,0,0,1,0,1,1,0,1,0,1,1,1,1,1,1,1,1,0,0,1,1,0,0,0,0,1,1,1,1,10.52,1,1,0,0,0,0,20,1,0,1,0,0,1,70.2,0,0,0,0,0,0,0
3163,M3,Eastern & Southern Europe,Ukraine,Kharkiv Polytechnic Institute,https://www.kpi.kharkov.ua,https://www.kpi.kharkov.ua/eng/,200,en-us,uk,True,2026-08-11T11:21:06+00:00,5.634,1,1,3,1,0,0,1,1,1,1,1,0,0,0,1,2026-08-07,1,0,1,1,6,1,1,0,0,0,1,0,1,1,1,1,1,1,0,1,0,1,0,1,0,0,0,0,0,1,1,0,13.99,1,1,0,0,0,0,90,1,0,1,0,1,1,32.0,1,0,0,0,0,0,0
3164,M3,Eastern & Southern Europe,Ukraine,Vinnytsia National Technical University,https://www.vntu.edu.ua,https://vntu.edu.ua/en,200,en,uk,True,2026-08-11T11:21:28+00:00,11.163,1,1,2,1,1,0,0,0,1,1,1,1,4,0,0,,1,0,1,1,0,1,1,1,1,0,1,0,1,1,1,1,1,1,0,1,1,1,1,1,0,0,0,0,1,1,1,0,10.73,1,0,0,0,0,0,75,1,0,1,1,1,1,13.7,1,0,0,0,1,0,0
3165,M3,Eastern & Southern Europe,Ukraine,Yuriy Fedkovych Chernivtsi National University,https://www.chnu.edu.ua,https://www.chnu.edu.ua/en/,200,en,uk,True,2026-08-11T11:21:38+00:00,4.839,1,1,7,1,1,0,0,0,0,0,1,1,2,0,1,2026-08-07,1,0,1,0,1,1,1,0,0,0,1,0,1,1,1,0,1,1,0,0,0,1,0,1,0,0,0,1,0,1,1,1,16.48,1,1,0,0,0,0,100,1,0,1,1,1,1,100.0,1,0,0,0,0,0,0
3166,M3,Eastern & Southern Europe,Ukraine,Odesa I. I. Mechnikov National University,https://www.onu.edu.ua,https://onu.edu.ua/en/,200,uk-ua,uk-ua,True,2026-08-11T11:21:50+00:00,6.965,1,1,5,1,1,0,0,1,0,0,1,0,0,0,1,2026-04-24,1,0,1,1,0,0,0,1,1,0,1,0,1,1,1,1,1,1,1,1,1,1,0,0,0,0,0,0,1,1,1,0,7.46,0,1,0,0,0,0,75,1,0,1,1,1,1,94.4,1,0,0,0,0,0,0
3167,M3,Eastern & Southern Europe,Hungary,Eotvos Lorand University,https://www.elte.hu,https://www.elte.hu/en,200,en,hu,True,2026-08-11T11:22:08+00:00,8.444,1,1,5,1,1,0,1,1,1,1,1,1,10,1,1,2026-08-06,1,1,1,1,15,1,1,1,1,0,1,0,1,1,1,1,1,1,1,1,1,1,1,1,0,1,1,1,0,1,1,1,19.44,1,1,1,0,0,0,100,1,1,1,1,1,0,86.2,1,1,0,0,0,0,0
3168,M3,Eastern & Southern Europe,Hungary,University of Szeged,https://www.u-szeged.hu,https://u-szeged.hu/english,200,en,hu,True,2026-08-11T11:22:38+00:00,19.402,1,0,0,1,0,0,0,1,1,0,1,1,6,0,1,2026-07-02,1,1,1,0,0,1,1,0,0,0,1,0,1,1,1,1,1,1,1,1,0,1,1,1,0,1,0,0,0,1,1,0,14.31,1,0,0,0,1,0,75,1,0,1,1,1,0,100.0,1,1,0,0,0,0,0
3169,M3,Eastern & Southern Europe,Hungary,University of Debrecen,https://www.unideb.hu,https://unideb.hu/en,200,en,hu,True,2026-08-11T11:22:57+00:00,11.333,1,1,3,1,1,0,0,1,0,0,0,1,10,1,0,,1,1,1,1,2,1,1,0,0,0,1,0,1,1,1,1,1,1,0,1,0,1,1,1,1,0,0,0,0,1,1,0,14.78,1,1,0,0,1,0,75,1,0,1,0,1,0,77.8,1,0,0,0,1,0,0
3170,M3,Eastern & Southern Europe,Hungary,Budapest University of Technology and Economics,https://www.bme.hu,https://www.bme.hu/en,200,en,hu,True,2026-08-11T11:23:18+00:00,13.384,1,1,2,0,1,1,0,1,0,0,1,0,0,0,0,,1,0,1,1,2,1,1,0,0,0,1,0,1,1,1,1,1,1,1,1,0,1,1,1,0,1,0,1,0,0,1,1,14.0,1,1,0,0,1,1,75,1,2,1,0,1,1,100.0,1,0,0,0,1,0,0
3171,M3,Eastern & Southern Europe,Hungary,University of Pecs,https://www.pte.hu,https://international.pte.hu/,200,en,hu,True,2026-08-11T11:23:55+00:00,12.475,1,1,9,1,1,0,0,1,1,1,0,1,7,0,1,2026-07-06,1,1,1,0,0,1,1,1,0,0,1,1,1,1,1,1,1,1,1,1,0,1,1,1,1,1,1,0,0,0,1,0,5.02,1,0,1,0,1,1,75,1,0,1,0,1,0,9.2,1,0,0,0,0,0,0
3172,M3,Eastern & Southern Europe,Hungary,Semmelweis University,https://www.semmelweis.hu,https://semmelweis.hu/english/,200,en-us,hu,True,2026-08-11T11:24:31+00:00,17.682,1,1,6,1,1,0,0,1,0,0,1,1,10,0,1,2026-06-26,1,1,1,1,3,1,1,1,0,0,1,0,1,1,1,1,1,1,1,1,0,1,1,1,0,1,0,1,1,1,1,1,15.87,1,1,0,0,0,0,90,1,2,1,1,1,1,16.2,1,0,0,0,0,0,0
3173,M3,Eastern & Southern Europe,Hungary,Corvinus University of Budapest,https://www.uni-corvinus.hu,https://www.uni-corvinus.hu/?lang=en,200,en-us,hu-hu,True,2026-08-11T11:24:59+00:00,11.32,1,1,8,1,1,0,0,1,1,2,0,1,4,0,1,2026-09-04,1,0,1,1,4,1,1,1,1,1,1,0,1,1,1,1,1,1,1,1,0,1,0,1,1,0,0,1,0,1,1,1,21.0,1,1,1,0,0,1,90,1,2,1,1,1,0,84.1,1,0,0,1,0,0,0
3175,M3,Eastern & Southern Europe,Hungary,University of Miskolc,https://www.uni-miskolc.hu,https://www.uni-miskolc.hu/en/,200,en-us,hu-hu,True,2026-08-11T11:25:28+00:00,16.368,1,1,8,1,1,0,1,1,1,1,1,1,10,0,0,,1,1,1,1,0,1,1,0,1,1,1,0,1,1,1,1,1,1,1,1,0,1,1,1,0,1,1,1,0,1,1,1,5.87,1,1,0,0,0,1,90,1,0,1,0,1,1,22.0,1,1,0,0,1,0,0
3176,M3,Eastern & Southern Europe,Hungary,Obuda University,https://www.uni-obuda.hu,https://uni-obuda.hu/en/,200,en-gb,hu-hu,True,2026-08-11T12:18:08+00:00,14.965,1,1,7,1,1,1,1,1,0,0,1,1,4,0,0,,1,1,1,1,12,1,1,0,0,0,1,0,1,1,1,1,1,1,1,1,0,1,1,1,0,1,1,1,0,0,1,1,1.14,1,1,1,0,0,0,90,1,0,0,0,1,0,17.4,1,1,0,0,1,0,0
3177,M3,Eastern & Southern Europe,Balkans,University of Zagreb,https://www.unizg.hr,https://www.unizg.hr/index.php/en/o-sveucilistu/dobrodoslica-rektora/#,200,hr,hr,True,2026-08-11T11:26:37+00:00,22.957,1,0,0,1,0,0,0,0,0,0,0,1,3,0,0,,1,0,0,0,0,0,0,0,0,0,1,0,0,0,0,0,1,0,0,0,0,1,1,0,0,0,0,0,0,0,1,0,1.48,1,0,0,0,0,0,75,1,4,1,1,1,0,0.0,0,0,0,0,1,1,0
3178,M3,Eastern & Southern Europe,Balkans,University of Rijeka,https://www.uniri.hr,https://uniri.hr/en/,200,en-gb,hr,True,2026-08-11T11:26:49+00:00,6.798,1,1,9,0,1,0,0,1,1,1,1,0,0,0,1,2026-09-11,1,0,1,1,0,0,0,1,0,0,1,0,1,1,0,1,1,1,1,0,0,0,1,1,1,0,0,1,0,1,1,1,21.0,1,0,1,0,1,0,75,1,2,1,1,1,0,100.0,1,1,0,1,0,1,0
3179,M3,Eastern & Southern Europe,Balkans,University of Split,https://www.unist.hr,https://www.unist.hr/en,200,hr,hr,True,2026-08-11T11:27:14+00:00,20.009,1,1,5,0,1,0,0,1,1,1,1,0,0,0,0,,1,0,0,0,0,1,1,0,1,0,1,0,1,1,1,1,1,1,1,1,0,1,1,1,0,0,0,1,0,1,1,1,21.0,1,1,0,1,0,0,100,1,0,1,1,1,0,94.6,1,1,0,0,1,1,0
3180,M3,Eastern & Southern Europe,Balkans,University of Belgrade,https://www.bg.ac.rs,https://www.bg.ac.rs/home/,200,sr-rs,sr-rs,True,2026-08-11T11:27:38+00:00,14.119,1,1,6,1,0,0,0,0,0,0,1,0,0,1,1,2026-03-31,1,0,1,1,4,1,0,0,0,0,1,0,1,1,1,1,1,1,1,1,0,1,0,1,0,0,0,0,0,0,1,0,12.63,1,0,0,0,0,0,90,1,0,1,0,1,1,0.0,1,0,0,0,0,1,0
3182,M3,Eastern & Southern Europe,Balkans,University of Nis,https://www.ni.ac.rs,https://www.ni.ac.rs/en,200,en,sr-rs,True,2026-08-11T11:28:15+00:00,22.435,1,1,3,1,1,0,0,0,1,1,0,1,3,0,1,2026-08-06,1,0,0,0,0,1,1,1,1,0,1,0,1,1,1,1,1,1,1,0,0,0,0,1,1,0,0,0,0,1,1,0,21.0,1,1,0,0,0,0,75,1,2,1,1,0,0,72.7,1,0,0,0,0,1,0
3183,M3,Eastern & Southern Europe,Balkans,University of Ljubljana,https://www.uni-lj.si,https://www.uni-lj.si/en,200,en,sl,True,2026-08-11T11:28:24+00:00,4.498,1,1,3,1,1,0,0,0,0,0,1,0,0,1,1,2026-08-03,1,0,1,1,7,1,1,1,1,0,1,0,1,1,1,1,1,1,1,1,0,1,0,1,0,0,0,1,0,1,1,1,7.01,1,1,0,0,0,0,100,1,0,1,0,1,1,95.7,1,1,0,0,0,1,0
3184,M3,Eastern & Southern Europe,Balkans,University of Maribor,https://www.um.si,https://www.um.si/en/home-page/,200,en-gb,sl-si,True,2026-08-11T11:28:43+00:00,10.845,1,1,4,1,1,0,0,1,0,0,1,0,0,0,1,2026-07-29,1,0,1,1,1,1,1,1,1,0,1,1,1,1,1,1,1,1,0,1,0,0,0,0,0,0,0,1,0,1,1,1,21.0,1,1,0,0,0,0,75,1,0,1,1,1,1,15.0,1,1,0,0,0,1,0
3185,M3,Eastern & Southern Europe,Balkans,University of Primorska,https://www.upr.si,https://www.upr.si/en,200,sl,sl,True,2026-08-11T11:28:56+00:00,6.64,1,1,6,1,0,0,0,1,0,0,1,0,0,1,0,,1,1,1,1,0,0,0,0,0,0,1,0,0,1,1,1,1,1,1,1,0,1,1,1,0,0,0,1,0,0,1,1,9.79,1,1,0,1,0,0,100,1,0,1,1,1,1,71.4,1,1,0,0,1,1,0
3186,M3,Eastern & Southern Europe,Balkans,Josip Juraj Strossmayer University of Osijek,https://www.unios.hr,https://www.unios.hr/en/,200,en-us,hr,True,2026-08-11T11:29:17+00:00,12.61,1,1,5,1,1,0,0,0,0,0,0,0,0,0,0,,1,0,0,0,1,1,1,0,0,0,1,0,1,1,0,1,0,1,0,0,0,0,0,1,1,0,0,1,0,1,1,0,3.61,1,1,0,0,0,0,90,1,0,1,0,1,0,72.7,1,1,0,0,1,1,0
3187,M3,Eastern & Southern Europe,Balkans,University of Kragujevac,https://www.kg.ac.rs,https://en.kg.ac.rs/,200,en,sr,True,2026-08-11T11:29:31+00:00,5.523,0,1,0,0,1,0,0,0,0,0,1,0,0,0,1,2026-11-16,0,0,1,0,0,1,1,0,1,0,1,0,0,0,0,1,1,1,1,0,0,1,0,0,0,0,1,0,0,0,0,0,21.0,1,0,0,0,0,0,75,1,0,0,1,1,0,100.0,1,0,0,1,0,1,0
3188,M3,Eastern & Southern Europe,Balkans,University of Nova Gorica,https://www.ung.si,https://ung.si/en/,200,en,sl,True,2026-08-11T11:29:41+00:00,4.772,1,1,11,0,0,1,0,0,0,0,0,0,0,0,0,,1,0,1,1,2,0,0,0,0,0,1,0,1,1,1,1,1,1,1,1,1,1,0,1,1,0,1,1,0,0,1,1,16.3,1,1,0,0,0,0,90,1,0,1,1,1,0,16.1,1,1,0,0,1,1,0
3189,M3,Eastern & Southern Europe,Bulgaria & Slovakia,Sofia University St. Kliment Ohridski,https://www.uni-sofia.bg,https://www.uni-sofia.bg/,200,bg-bg,bg-bg,False,2026-08-11T11:29:50+00:00,6.751,0,0,0,1,0,0,0,0,0,0,0,0,0,0,0,,0,0,0,0,3,1,1,0,0,0,0,0,0,0,0,0,0,1,0,0,0,0,0,0,0,0,0,0,0,1,0,0,11.62,0,0,1,0,0,0,20,1,0,1,1,1,1,50.0,0,0,0,0,1,1,0
3191,M3,Eastern & Southern Europe,Bulgaria & Slovakia,Plovdiv University Paisii Hilendarski,https://www.uni-plovdiv.bg,https://uni-plovdiv.bg/en/,200,en-us,bg,True,2026-08-11T11:30:16+00:00,8.895,1,1,7,1,0,0,0,0,0,0,0,0,0,0,0,,1,0,1,1,2,1,1,0,0,0,1,1,1,0,1,1,0,1,1,1,0,0,0,0,0,0,0,0,0,1,1,0,21.0,1,0,0,0,0,0,75,1,0,1,1,1,1,92.7,1,0,0,0,1,1,0
3192,M3,Eastern & Southern Europe,Bulgaria & Slovakia,American University in Bulgaria,https://www.aubg.edu,https://www.aubg.edu/region-selector/,200,en-us,en-us,False,2026-08-11T11:30:27+00:00,7.817,1,1,9,0,0,0,0,0,0,0,0,0,0,0,0,,0,0,0,0,0,0,0,0,0,0,1,0,0,1,0,0,0,0,0,0,0,0,0,0,0,0,0,0,0,0,0,0,14.6,1,1,0,0,0,0,90,1,0,1,0,1,1,100.0,1,1,0,0,1,1,0
3193,M3,Eastern & Southern Europe,Bulgaria & Slovakia,Comenius University Bratislava,https://www.uniba.sk,https://uniba.sk/en/,200,en-en,sk-sk,True,2026-08-11T11:30:49+00:00,13.353,1,0,0,1,0,0,1,1,0,0,1,0,1,0,1,2026-06-23,1,0,0,0,0,1,1,0,1,0,1,0,1,1,1,1,1,1,0,0,0,0,0,1,1,0,0,1,1,1,1,1,21.0,1,1,0,0,0,0,75,1,0,1,1,1,0,36.8,1,0,0,0,0,1,0
3194,M3,Eastern & Southern Europe,Bulgaria & Slovakia,Slovak University of Technology in Bratislava,https://www.stuba.sk,https://www.stuba.sk/english.html?page_id=132,200,en,sk,True,2026-08-11T11:31:04+00:00,7.014,1,1,2,1,1,0,0,1,1,1,1,0,1,1,1,2026-07-03,1,1,1,1,0,1,1,1,1,0,1,0,1,1,1,1,1,1,1,1,0,1,0,1,1,0,0,0,1,1,1,1,12.1,1,1,0,0,0,0,75,1,0,0,1,1,0,96.7,1,1,0,0,0,1,0
3195,M3,Eastern & Southern Europe,Bulgaria & Slovakia,Technical University of Kosice,https://www.tuke.sk,https://www.tuke.sk/en,200,en,en,False,2026-08-11T11:31:14+00:00,7.325,1,1,2,0,1,0,0,0,0,0,0,1,10,0,1,2026-07-28,1,0,1,0,2,1,0,1,0,0,1,0,0,1,1,1,1,1,0,1,0,0,1,0,0,0,0,0,0,1,1,0,21.0,1,0,1,0,0,0,90,1,0,1,1,1,1,100.0,1,1,0,0,0,1,0
3196,M3,Eastern & Southern Europe,Bulgaria & Slovakia,Pavol Jozef Safarik University,https://www.upjs.sk,https://www.upjs.sk/en/,200,en-us,sk-sk,True,2026-08-11T11:31:31+00:00,9.76,1,1,8,1,0,0,0,1,0,0,1,0,0,0,1,2026-06-26,1,0,1,1,0,1,0,0,0,0,1,0,0,1,1,1,1,1,1,1,0,1,1,1,1,0,0,1,1,1,1,1,21.0,1,1,1,0,1,0,90,1,0,1,0,1,0,26.5,1,0,0,0,0,1,0
3197,M3,Eastern & Southern Europe,Bulgaria & Slovakia,University of Zilina,https://www.uniza.sk,https://www.uniza.sk/index.php/en/,200,en-gb,sk-sk,True,2026-08-11T11:32:44+00:00,39.123,1,0,0,0,1,0,0,1,1,1,1,1,10,1,1,2026-07-03,1,0,1,1,0,0,0,1,0,1,1,0,0,1,1,1,1,1,1,1,1,1,1,1,1,0,0,0,0,1,1,0,15.43,1,1,0,0,0,0,90,1,1129,0,1,1,0,91.7,1,1,0,0,0,1,0
3198,M3,Eastern & Southern Europe,Bulgaria & Slovakia,Matej Bel University,https://www.umb.sk,https://www.umb.sk/en/,200,en,sk,True,2026-08-11T11:33:10+00:00,15.742,1,1,1,1,1,0,0,0,1,1,0,0,0,0,0,,1,0,1,1,0,1,0,0,0,1,1,0,1,1,1,1,1,1,0,1,0,0,1,1,0,0,0,1,1,1,1,1,14.25,1,1,0,0,0,0,75,1,0,1,1,1,0,87.5,1,0,0,0,1,1,0
3199,M3,Eastern & Southern Europe,Baltics,University of Tartu,https://www.ut.ee,https://ut.ee/en,200,en,et,True,2026-08-11T11:33:19+00:00,4.81,1,1,8,1,1,0,0,1,1,1,1,1,10,0,1,2026-08-31,1,1,1,1,20,1,1,1,1,0,1,0,1,1,1,1,1,1,1,1,1,1,1,1,1,0,1,0,0,0,1,1,15.43,1,1,0,0,0,0,75,1,0,1,1,1,1,74.1,1,1,0,1,0,1,0
3200,M3,Eastern & Southern Europe,Baltics,Tallinn University of Technology,https://www.taltech.ee,https://taltech.ee/#,200,et,et,True,2026-08-11T11:33:28+00:00,6.35,1,1,6,0,1,0,0,0,0,0,0,1,10,0,1,2026-09-05,0,0,1,0,9,1,1,1,0,0,1,0,0,1,0,0,1,1,0,0,0,0,1,0,0,0,0,1,0,1,1,1,15.91,1,1,0,0,1,0,100,1,0,1,1,1,1,71.9,1,0,0,1,0,1,0
3201,M3,Eastern & Southern Europe,Baltics,Tallinn University,https://www.tlu.ee,https://www.tlu.ee/en,200,en,et,True,2026-08-11T11:33:51+00:00,12.468,1,1,2,1,1,0,0,0,1,1,1,1,10,0,1,2027-06-14,1,1,1,1,11,1,1,1,1,0,1,0,1,1,1,1,1,1,1,1,1,1,1,1,0,0,1,1,0,0,1,1,9.98,1,1,0,0,0,0,75,1,0,0,1,1,0,98.1,1,0,0,1,0,1,0
3202,M3,Eastern & Southern Europe,Baltics,Vilnius University,https://www.vu.lt,https://www.vu.lt/,200,lt,lt,False,2026-08-11T11:34:07+00:00,13.731,1,1,2,1,1,0,0,0,0,0,0,0,0,0,1,2027-12-31,0,0,0,0,7,1,0,0,0,0,1,0,0,0,0,0,0,0,0,0,0,1,0,0,0,0,0,1,0,1,1,1,10.21,1,0,0,0,0,0,90,1,0,1,1,1,0,25.9,1,0,0,1,0,1,0
3203,M3,Eastern & Southern Europe,Baltics,Kaunas University of Technology,https://www.ktu.edu,https://en.ktu.edu/,200,en,lt,True,2026-08-11T11:34:34+00:00,13.435,1,1,5,1,1,0,0,1,0,1,1,0,0,0,1,2026-01-12,1,1,1,1,20,1,1,0,1,0,1,0,1,1,1,1,1,1,1,1,0,1,0,1,0,0,0,1,0,1,1,1,11.55,1,1,0,0,0,0,90,1,0,1,1,1,0,94.6,1,1,0,0,0,1,0
3204,M3,Eastern & Southern Europe,Baltics,Vilnius Gediminas Technical University,https://www.vilniustech.lt,https://vilniustech.lt/en/,200,en,lt,True,2026-08-11T11:34:49+00:00,9.6,1,1,1,1,1,0,0,0,0,0,1,1,6,1,1,2026-10-02,1,1,1,1,5,1,1,0,1,0,1,0,1,1,1,1,1,1,1,1,1,1,1,1,0,0,1,1,0,0,1,1,21.0,1,1,0,0,1,1,90,1,1,1,1,1,0,98.3,1,0,0,1,0,1,0
3205,M3,Eastern & Southern Europe,Baltics,Vytautas Magnus University,https://www.vdu.lt,https://www.vdu.lt/en/,200,en-us,lt-lt,True,2026-08-11T11:35:10+00:00,11.309,1,1,5,1,1,0,0,0,0,0,1,0,0,1,1,2026-08-21,1,0,1,0,0,1,1,0,1,0,1,1,1,1,1,1,1,1,1,1,1,1,0,1,1,0,0,1,0,0,1,1,11.73,1,1,1,0,0,1,90,1,2,1,1,1,0,2.6,1,0,0,1,0,1,0
3206,M3,Eastern & Southern Europe,Baltics,University of Latvia,https://www.lu.lv,https://www.lu.lv/en/,200,en,lv,True,2026-08-11T11:35:39+00:00,17.751,1,1,5,0,1,0,1,1,0,0,1,1,10,0,1,2026-08-04,1,1,1,1,7,0,0,1,0,0,1,0,1,1,1,1,1,1,1,1,1,1,1,1,0,0,0,0,0,1,1,1,17.22,1,1,0,1,1,0,50,1,0,1,0,0,1,96.7,1,0,0,0,0,1,0
3208,M3,Eastern & Southern Europe,Baltics,Riga Stradins University,https://www.rsu.lv,https://www.rsu.lv/en,200,en,lv,True,2026-08-11T11:36:02+00:00,7.565,1,1,9,1,1,0,0,1,1,1,1,1,10,0,1,2026-08-31,1,1,1,1,15,1,1,1,0,0,1,0,1,1,1,1,1,1,0,1,1,1,0,1,0,0,0,0,1,1,1,0,21.0,1,0,1,0,0,0,75,1,0,1,1,1,1,20.0,1,1,0,1,0,1,0
3209,M3,Eastern & Southern Europe,Baltics,Estonian University of Life Sciences,https://www.emu.ee,https://www.emu.ee/en,200,en,et,True,2026-08-11T11:36:18+00:00,10.298,1,1,4,1,1,0,0,0,0,0,1,1,4,0,1,2026-07-31,1,1,1,1,20,1,1,1,1,1,1,0,1,1,1,1,1,1,1,1,1,1,0,1,0,0,0,1,1,0,1,1,15.43,1,1,0,0,0,0,75,1,0,1,0,1,1,82.4,1,1,0,0,0,1,0
3210,M3,Eastern & Southern Europe,Baltics,Lithuanian University of Health Sciences,https://www.lsmuni.lt,https://lsmu.lt/en/,200,en-us,lt-lt,True,2026-08-11T11:36:41+00:00,13.754,1,1,5,1,1,0,0,0,1,1,0,0,0,0,1,2026-10-21,1,0,1,1,4,1,0,0,0,1,1,0,1,1,1,1,1,1,1,1,1,1,0,1,0,0,0,1,0,1,1,1,21.0,1,1,0,0,0,0,75,1,0,1,1,1,1,77.8,1,1,0,1,0,1,0
3300,M3,Eastern & Southern Europe,Italy,University of Salento,https://www.unisalento.it,https://www.unisalento.it/,200,it-it,it-it,False,2026-08-11T11:29:06+00:00,6.701,1,1,1,1,0,0,0,0,1,1,0,1,6,0,0,,1,1,1,0,16,1,1,0,0,0,1,0,1,0,0,1,1,0,0,0,0,1,1,0,0,0,0,1,0,0,1,1,21.0,1,1,0,0,0,0,75,1,0,1,1,1,0,71.7,1,0,0,0,1,0,1
3301,M3,Eastern & Southern Europe,Italy,University of L'Aquila,https://www.univaq.it,https://www.univaq.it/en/index.php?&lang_s=en,200,it,it,True,2026-08-11T11:29:45+00:00,13.793,1,0,0,1,0,0,0,1,1,0,1,1,8,1,0,,1,1,1,1,0,0,0,0,1,0,1,0,0,1,1,1,1,1,1,1,0,1,1,1,1,0,0,0,1,1,1,0,19.65,1,0,0,0,0,0,75,1,0,1,0,0,0,100.0,1,1,0,0,1,0,1
3302,M3,Eastern & Southern Europe,Italy,University of Basilicata,https://www.unibas.it,https://portale.unibas.it/site/en/home.html,200,en,it,True,2026-08-11T11:30:03+00:00,7.993,1,1,5,1,1,0,0,0,0,0,0,0,0,1,0,,0,0,1,0,0,0,0,0,0,1,1,0,0,1,1,0,0,1,1,0,0,1,0,1,1,0,1,1,0,0,1,1,21.0,1,1,0,0,0,0,75,1,2,0,1,1,0,100.0,1,0,0,0,1,0,1
3303,M3,Eastern & Southern Europe,Italy,Polytechnic University of Bari,https://www.poliba.it,https://www.poliba.it/en/,200,en,en,False,2026-08-11T11:30:20+00:00,14.392,1,1,3,1,1,0,0,0,1,0,1,1,10,0,1,2026-08-03,1,0,1,1,6,1,1,1,1,0,1,0,1,1,1,1,1,1,1,1,1,1,0,1,0,0,0,1,0,1,1,1,13.97,1,1,1,1,0,0,75,1,0,1,0,1,0,38.9,1,1,0,0,0,0,1
3304,M3,Eastern & Southern Europe,Spain,University of Burgos,https://www.ubu.es,https://www.ubu.es/english-version,200,es,es,True,2026-08-11T11:30:34+00:00,7.417,1,1,8,0,1,1,0,0,0,0,0,0,0,0,0,,0,1,0,0,1,1,1,0,0,1,1,0,0,1,0,1,1,1,0,0,0,1,0,1,1,0,0,1,0,0,1,1,14.07,1,1,0,0,0,0,75,1,0,1,0,1,0,100.0,1,0,0,0,1,0,1
3305,M3,Eastern & Southern Europe,Spain,University of Jaen,https://www.ujaen.es,https://www.ujaen.es/en,200,en,es,True,2026-08-11T11:30:53+00:00,14.622,1,1,5,1,1,0,0,0,0,0,0,1,9,0,1,2026-06-26,1,1,1,1,20,1,1,1,0,0,1,0,1,1,1,1,1,1,1,1,1,1,0,1,1,0,0,1,1,0,1,1,9.56,1,1,0,0,0,0,100,1,0,0,0,1,0,100.0,1,0,0,0,0,0,1
3306,M3,Eastern & Southern Europe,Spain,Pablo de Olavide University,https://www.upo.es,https://www.upo.es/portal/impe/web/portada/index.html,200,es,es,False,2026-08-11T11:31:07+00:00,11.761,1,1,5,1,0,0,0,0,0,0,0,0,0,0,0,,0,0,0,0,0,1,1,0,0,0,1,0,0,0,0,1,1,0,0,0,0,1,0,1,0,0,0,1,0,1,1,1,12.63,1,0,1,0,0,0,75,1,1,1,1,0,0,95.5,1,0,0,0,1,0,1
3307,M3,Eastern & Southern Europe,Spain,Miguel Hernandez University,https://www.umh.es,https://www.umh.es/?lang=EN,200,en,es,True,2026-08-11T11:31:19+00:00,6.882,1,1,3,1,1,0,0,1,1,1,1,1,8,1,1,2026-12-23,1,1,1,1,20,0,0,1,0,0,1,0,1,1,1,1,1,1,1,1,1,1,1,1,0,0,0,1,0,1,1,1,16.48,1,1,0,0,0,0,100,1,0,1,1,1,1,64.7,1,1,0,1,0,0,1
3308,M3,Eastern & Southern Europe,Spain,Public University of Navarre,https://www.unavarra.es,https://www.unavarra.es/home,200,en,es,True,2026-08-11T11:31:33+00:00,10.521,1,1,5,1,1,0,0,1,0,0,0,1,10,1,0,,1,0,1,1,2,1,1,0,0,0,1,0,1,1,1,1,1,1,1,1,1,1,0,1,0,0,0,1,1,1,1,1,18.58,1,0,0,0,0,0,75,1,0,0,1,1,0,64.8,1,0,0,0,1,0,1
3309,M3,Eastern & Southern Europe,Poland,University of Opole,https://www.uni.opole.pl,https://uni.opole.pl/en/,200,en-us,pl-pl,True,2026-08-11T11:31:58+00:00,14.434,1,1,8,0,1,0,0,0,0,0,1,1,10,1,1,2026-07-29,1,1,1,1,0,0,0,1,1,0,1,0,1,1,1,1,1,1,1,0,0,0,1,1,0,0,0,1,0,1,1,1,12.63,1,1,0,0,0,0,90,1,0,0,0,1,0,71.1,1,1,0,0,0,0,1
3310,M3,Eastern & Southern Europe,Poland,University of Zielona Gora,https://www.uz.zgora.pl,https://uz.zgora.pl/en/,200,en,pl,True,2026-08-11T11:32:17+00:00,9.539,1,1,20,0,0,0,0,0,0,0,1,1,6,0,0,,1,0,0,1,1,1,1,1,0,0,1,0,0,1,1,0,1,1,0,1,0,0,0,1,0,0,0,1,1,0,1,0,21.0,1,1,0,0,0,0,75,1,0,1,0,1,0,60.6,1,1,0,0,1,0,1
3311,M3,Eastern & Southern Europe,Poland,West Pomeranian University of Technology,https://www.zut.edu.pl,https://www.zut.edu.pl/EN/university.html,200,en-us,pl-pl,True,2026-08-11T11:32:38+00:00,11.291,1,1,5,1,0,1,0,1,1,1,1,0,0,1,1,2026-07-24,1,0,0,0,0,0,0,1,1,0,1,0,1,0,1,1,1,1,1,1,0,0,0,1,0,0,0,1,1,0,1,0,7.46,1,0,0,0,0,0,75,1,0,1,0,1,0,100.0,1,1,0,0,0,0,1
3312,M3,Eastern & Southern Europe,Greece,University of West Attica,https://www.uniwa.gr,https://www.uniwa.gr/en/homepage/,200,en-gb,el,True,2026-08-11T11:32:55+00:00,8.945,1,1,5,1,1,1,0,0,1,1,1,1,4,0,0,,0,1,0,0,1,1,1,0,0,0,1,0,0,1,1,1,1,1,0,1,0,1,1,1,1,0,0,1,1,1,1,1,19.43,1,1,1,0,1,1,90,1,0,1,1,1,0,68.4,1,0,0,0,1,0,0
3313,M3,Eastern & Southern Europe,Greece,Hellenic Mediterranean University,https://www.hmu.gr,https://hmu.gr/en/home/,200,en-gb,el,True,2026-08-11T11:33:27+00:00,18.362,1,0,0,1,1,0,0,0,0,0,0,1,8,1,1,2026-07-16,1,1,1,1,3,1,1,1,0,1,1,0,1,1,1,1,1,1,0,1,1,1,1,1,1,0,0,1,0,1,1,1,5.74,1,1,0,0,1,0,90,1,0,1,1,1,0,51.9,1,1,0,0,0,0,0
3314,M3,Eastern & Southern Europe,Balkans,University of Zagreb Faculty,https://www.pmf.unizg.hr,https://www.pmf.unizg.hr/en,200,en,hr,True,2026-08-11T11:33:46+00:00,8.791,1,1,6,1,0,0,0,0,0,0,0,1,4,0,0,,1,0,1,1,0,1,1,0,0,1,1,0,1,1,0,1,1,1,0,0,0,0,0,1,0,0,1,0,0,1,1,0,14.99,1,0,0,0,0,0,75,1,0,1,0,1,0,28.6,1,1,0,0,1,1,0
3315,M3,Eastern & Southern Europe,Balkans,University of Banja Luka,https://www.unibl.org,https://www.unibl.org/en,200,en,sr,True,2026-08-11T11:34:09+00:00,12.038,1,1,5,1,1,0,0,0,1,1,1,1,4,0,1,2026-07-28,1,0,1,1,15,1,1,1,1,0,1,0,1,1,1,1,1,1,1,0,0,1,0,1,1,0,0,1,0,1,1,1,15.43,1,1,0,0,0,0,75,1,0,1,0,0,0,91.7,1,0,0,0,0,1,0
3316,M3,Eastern & Southern Europe,Balkans,Sts. Cyril and Methodius University Skopje,https://www.ukim.edu.mk,https://ukim.edu.mk/en/,200,en-gb,mk-mk,True,2026-08-11T11:34:43+00:00,16.309,1,1,10,1,1,0,0,1,1,1,1,1,8,1,1,2026-06-02,1,1,1,1,0,0,0,1,1,1,1,0,1,1,1,1,1,1,1,1,0,1,0,1,0,0,0,0,0,1,1,0,15.43,1,0,0,0,0,0,90,1,0,0,0,1,1,80.0,1,0,0,0,0,1,0
3400,M3,Eastern & Southern Europe,Bulgaria & Slovakia,Sofia Medical University,https://www.mu-sofia.bg,https://mu-sofia.bg/en/,200,en-us,bg-bg,True,2026-08-11T13:19:57+00:00,12.128,1,1,6,1,1,0,0,1,1,1,1,1,8,1,1,2026-07-22,1,0,1,1,3,1,1,1,0,0,1,0,1,1,1,1,1,1,1,1,0,1,1,1,0,0,0,0,0,1,1,1,11.9,1,1,0,0,1,0,90,1,0,1,1,1,1,54.2,1,0,0,0,0,1,0
3402,M3,Eastern & Southern Europe,Bulgaria & Slovakia,University of National and World Economy,https://www.unwe.bg,https://www.unwe.bg/en/,200,en,bg,True,2026-08-11T13:20:54+00:00,11.873,1,1,20,1,1,0,0,0,1,1,1,1,7,0,1,2026-07-08,1,0,1,1,15,1,1,1,0,1,1,0,1,1,1,0,1,1,1,1,0,0,0,1,1,0,0,0,0,0,1,0,12.63,1,1,0,0,0,0,100,1,4,1,1,1,1,67.6,1,1,0,0,0,1,0
3403,M3,Eastern & Southern Europe,Bulgaria & Slovakia,Slovak University of Agriculture in Nitra,https://www.uniag.sk,https://www.uniag.sk/en/main-page,200,en,sk,True,2026-08-11T13:21:12+00:00,9.019,1,1,8,1,0,0,0,1,1,1,1,1,9,1,1,2026-07-13,1,1,1,1,0,1,1,1,1,0,1,0,1,1,1,1,1,1,1,1,0,1,0,1,0,1,1,1,0,1,1,1,21.0,1,1,0,0,0,0,75,1,1,1,0,0,0,54.2,1,0,0,0,0,1,0
4001,M4,Asia (East & Southeast),China,Tsinghua University,https://www.tsinghua.edu.cn,https://www.tsinghua.edu.cn/en/,200,,,True,2026-08-11T10:23:37+00:00,12.446,1,0,0,1,0,0,0,0,0,0,0,1,3,0,0,,1,1,1,1,1,1,1,0,0,1,1,0,1,1,1,1,1,1,0,0,0,1,0,1,0,0,0,0,0,1,1,0,21.0,1,0,0,0,0,1,75,1,0,1,0,0,0,0.0,0,0,0,0,1,0,1
4002,M4,Asia (East & Southeast),China,Peking University,https://www.pku.edu.cn,https://english.pku.edu.cn/,200,,,True,2026-08-11T10:23:59+00:00,11.726,0,0,0,1,0,0,0,0,1,1,1,0,1,0,1,2026-07-27,1,0,1,1,0,0,0,0,0,0,1,0,1,1,1,1,1,1,0,1,1,1,0,1,0,0,0,0,0,1,1,0,12.63,1,0,0,0,0,0,75,1,0,1,1,1,0,0.0,0,0,0,0,0,0,1
4003,M4,Asia (East & Southeast),China,Fudan University,https://www.fudan.edu.cn,https://www.fudan.edu.cn/en/,200,,,True,2026-08-11T10:24:22+00:00,11.8,1,0,0,0,0,0,0,0,0,0,1,1,7,0,0,,1,0,1,1,0,1,0,0,0,1,1,0,1,1,0,1,1,1,0,1,1,1,0,1,0,0,0,0,0,1,0,0,12.63,1,0,0,0,0,0,75,1,2,1,1,1,0,0.0,0,0,0,0,1,0,1
4004,M4,Asia (East & Southeast),China,Shanghai Jiao Tong University,https://www.sjtu.edu.cn,https://en.sjtu.edu.cn/,200,en,zh-ha,True,2026-08-11T10:24:58+00:00,22.464,1,0,0,1,1,0,0,1,0,0,1,1,10,1,1,2026-08-05,1,0,1,1,2,1,0,0,1,1,1,0,1,1,1,1,1,1,1,0,1,1,1,1,0,0,0,1,0,1,1,1,17.4,1,1,0,0,0,0,75,1,0,1,0,1,1,0.0,1,1,0,0,0,0,1
4005,M4,Asia (East & Southeast),China,Zhejiang University,https://www.zju.edu.cn,https://www.zju.edu.cn/english/,200,en,zh-cn,True,2026-08-11T10:25:23+00:00,10.012,1,0,0,0,0,0,0,0,0,0,1,1,10,0,1,2026-07-24,1,1,1,1,3,1,0,0,1,0,1,0,1,1,1,1,1,1,0,0,0,1,0,1,0,0,0,0,0,1,1,1,10.16,1,1,0,0,0,0,75,1,0,1,0,0,0,20.0,1,0,0,0,0,0,1
4006,M4,Asia (East & Southeast),China,University of Science and Technology of China,https://www.ustc.edu.cn,https://www.ustc.edu.cn/,200,,,False,2026-08-11T10:25:39+00:00,14.406,1,1,20,1,0,0,0,0,0,0,0,0,0,0,0,,0,0,0,0,0,0,0,0,0,0,1,0,0,0,0,0,0,0,0,0,0,0,0,0,0,0,0,1,0,0,0,0,18.8,0,1,0,0,0,0,75,1,0,1,0,1,0,0.0,0,0,0,0,1,0,1
4007,M4,Asia (East & Southeast),China,Nanjing University,https://www.nju.edu.cn,https://www.nju.edu.cn/en/,200,en,zh-cn,False,2026-08-11T10:26:47+00:00,13.196,1,1,9,1,0,0,0,1,0,0,1,1,10,0,1,2026-08-09,1,0,1,1,0,0,0,0,1,0,1,0,1,1,1,1,1,1,1,1,0,1,0,0,0,0,0,0,0,1,1,0,12.63,1,0,0,0,0,0,75,1,0,1,0,1,0,0.0,0,0,0,0,0,0,1
4008,M4,Asia (East & Southeast),China,Wuhan University,https://www.whu.edu.cn,https://en.whu.edu.cn/,200,en,zh-cn,True,2026-08-11T10:27:14+00:00,14.507,1,0,0,1,0,0,0,0,0,0,0,1,4,1,1,2026-08-07,1,0,1,1,6,1,1,0,1,0,1,0,1,1,1,1,1,0,0,1,0,1,1,1,0,0,0,0,0,1,1,1,15.43,1,1,0,0,0,0,75,1,0,1,0,0,0,5.1,1,0,0,0,0,0,1
4009,M4,Asia (East & Southeast),China,Sun Yat-sen University,https://www.sysu.edu.cn,https://www.sysu.edu.cn/sysuen/,200,zh-cn,,True,2026-08-11T10:27:41+00:00,15.228,1,0,0,1,0,0,0,1,0,0,1,1,10,0,1,2026-08-07,1,0,1,0,0,0,0,0,1,1,1,0,1,1,1,1,1,1,1,1,1,1,1,0,0,0,0,1,0,1,1,1,12.63,1,1,0,0,0,0,75,1,1,1,0,1,0,0.0,1,0,0,0,0,0,1
4010,M4,Asia (East & Southeast),China,Huazhong University of Science and Technology,https://www.hust.edu.cn,http://english.hust.edu.cn/,200,en,zh-cn,True,2026-08-11T10:28:06+00:00,11.241,1,0,0,1,0,0,0,0,1,1,1,1,3,1,1,2026-07-23,1,1,1,1,2,1,1,0,1,0,1,0,1,1,1,1,1,1,1,1,0,1,1,1,0,0,1,0,0,1,1,0,12.63,1,0,0,0,0,0,75,0,2,1,0,0,0,1.2,0,0,0,0,0,0,1
4011,M4,Asia (East & Southeast),China,Harbin Institute of Technology,https://www.hit.edu.cn,https://www.hit.edu.cn/,200,zh-cn,zh-cn,False,2026-08-11T10:28:29+00:00,20.261,1,0,0,0,0,0,0,0,0,0,0,1,3,0,0,,0,0,0,0,0,1,0,0,0,1,1,0,0,0,0,0,0,0,0,0,0,0,0,0,0,0,0,0,0,1,0,0,9.01,1,0,0,0,0,0,75,1,0,0,1,1,0,67.7,1,0,0,0,1,0,1
4012,M4,Asia (East & Southeast),China,Xi'an Jiaotong University,https://www.xjtu.edu.cn,https://www.xjtu.edu.cn/,200,,,False,2026-08-11T10:28:39+00:00,6.83,1,0,0,1,0,0,0,0,0,0,0,0,0,0,1,2026-07-22,0,0,0,0,0,0,0,0,0,0,1,0,1,0,0,0,0,0,0,0,0,0,0,0,0,0,0,0,0,0,0,0,21.0,0,0,0,0,0,0,0,1,0,1,0,0,0,0.0,0,0,0,0,0,0,1
4013,M4,Asia (East & Southeast),China,Tongji University,https://www.tongji.edu.cn,https://en.tongji.edu.cn/p/#/,200,,,True,2026-08-11T10:29:05+00:00,8.989,1,0,0,0,0,0,0,0,0,0,1,1,10,0,1,2026-08-07,1,0,0,1,0,1,1,0,1,1,1,0,1,1,1,1,1,1,0,1,0,1,0,0,0,0,0,1,0,1,1,1,21.0,1,0,0,0,0,0,90,1,0,0,0,1,0,0.0,0,1,0,0,0,0,1
4014,M4,Asia (East & Southeast),China,Beijing Normal University,https://www.bnu.edu.cn,https://www.bnu.edu.cn/,200,,,False,2026-08-11T10:29:22+00:00,13.514,1,0,0,0,0,0,0,0,0,0,0,1,8,0,0,,0,0,0,0,0,0,0,0,0,0,1,0,0,0,0,0,0,0,0,0,0,0,0,0,0,0,0,1,0,1,1,0,12.82,1,1,0,0,0,0,75,1,1,0,0,1,0,0.0,0,0,0,0,1,0,1
4015,M4,Asia (East & Southeast),China,Nankai University,https://www.nankai.edu.cn,https://en.nankai.edu.cn/,200,,,True,2026-08-11T10:29:46+00:00,11.032,1,0,0,1,1,0,0,0,0,0,1,1,10,0,1,2026-07-07,1,0,1,1,3,1,0,0,1,1,1,0,1,1,1,1,1,1,1,1,1,1,0,1,0,0,0,0,0,1,1,0,21.0,1,0,0,0,0,0,75,1,2,1,0,0,0,0.0,0,0,0,0,0,0,1
4016,M4,Asia (East & Southeast),China,Tianjin University,https://www.tju.edu.cn,http://en.tju.edu.cn/,200,en,zh-cn,True,2026-08-11T10:30:12+00:00,11.777,1,0,0,1,1,0,0,0,1,1,1,1,10,1,1,2026-08-10,1,1,1,1,0,0,0,0,1,1,1,0,1,1,1,1,1,1,1,1,1,1,1,1,0,0,0,0,0,1,1,0,21.0,1,0,0,0,0,0,75,0,2,1,1,0,0,0.6,1,0,0,0,0,0,1
4018,M4,Asia (East & Southeast),China,Shandong University,https://www.sdu.edu.cn,https://www.en.sdu.edu.cn/index.htm,200,,zh-cn,True,2026-08-11T10:30:48+00:00,12.239,1,0,0,1,0,0,0,0,0,0,1,1,8,0,1,2026-08-04,1,0,1,1,0,0,0,0,0,0,1,0,1,1,1,1,1,1,0,1,0,1,0,1,1,0,0,0,0,1,0,0,21.0,1,0,0,0,0,0,75,1,0,1,0,0,0,0.0,0,0,0,0,0,0,1
4019,M4,Asia (East & Southeast),China,Central South University,https://www.csu.edu.cn,https://en.csu.edu.cn/,200,,zh-cn,True,2026-08-11T10:31:13+00:00,11.536,1,0,0,1,0,0,0,0,0,0,1,1,3,1,1,2025-10-24,1,0,1,1,1,1,1,0,1,0,1,0,1,1,1,1,1,1,1,1,0,1,0,1,1,0,0,0,0,1,1,0,21.0,1,0,0,0,0,0,0,1,0,1,0,0,0,2.4,0,0,0,0,0,0,1
4020,M4,Asia (East & Southeast),China,Xiamen University,https://www.xmu.edu.cn,https://en.xmu.edu.cn/,200,,zh,True,2026-08-11T10:31:39+00:00,14.886,1,0,0,1,0,0,0,0,0,0,1,1,4,0,1,2026-08-07,1,0,1,1,2,1,1,0,0,1,1,0,1,1,1,1,1,1,1,1,0,0,0,0,0,0,0,0,0,1,1,0,21.0,1,0,0,0,0,0,75,1,0,1,0,0,0,0.0,0,0,0,0,0,0,1
4021,M4,Asia (East & Southeast),China,Southeast University,https://www.seu.edu.cn,https://www.seu.edu.cn/english/main.htm,200,,,True,2026-08-11T10:32:06+00:00,11.007,1,0,0,1,0,0,0,0,0,0,1,1,6,0,1,2026-08-07,1,0,1,1,0,1,0,0,1,1,1,0,1,1,1,1,1,1,1,1,0,1,0,1,0,0,0,0,0,1,1,0,15.72,1,0,0,0,1,0,75,1,0,1,1,1,0,0.0,0,0,0,0,0,0,1
4023,M4,Asia (East & Southeast),China,South China University of Technology,https://www.scut.edu.cn,https://www.scut.edu.cn/en/,200,,,True,2026-08-11T10:33:46+00:00,9.051,1,1,2,0,0,0,0,1,0,0,1,0,1,0,1,2026-07-24,1,0,1,1,0,1,0,0,1,0,1,0,1,1,1,1,1,1,1,1,0,1,1,1,0,1,0,0,0,1,0,0,12.21,1,1,0,0,0,0,75,1,2,0,0,0,0,0.0,0,0,0,0,0,0,1
4024,M4,Asia (East & Southeast),China,Jilin University,https://www.jlu.edu.cn,https://en.jlu.edu.cn/,200,,,True,2026-08-11T10:34:06+00:00,11.009,1,0,0,0,0,0,0,1,0,0,1,1,10,0,1,2026-06-10,1,1,0,0,1,1,0,0,0,0,1,0,0,1,1,1,1,1,0,1,0,1,0,1,0,0,0,0,0,1,0,0,21.0,1,0,0,0,0,0,75,1,0,0,0,1,0,0.0,0,0,0,0,0,0,1
4025,M4,Asia (East & Southeast),China,Dalian University of Technology,https://www.dlut.edu.cn,https://en.dlut.edu.cn/,200,zh-en,zh-cn,True,2026-08-11T10:34:35+00:00,16.675,1,0,0,1,0,0,0,0,0,0,1,1,10,0,1,2026-06-22,1,1,1,1,4,0,0,1,0,1,1,0,1,1,1,1,1,1,0,1,1,0,0,1,0,0,0,0,0,0,1,0,12.63,1,0,0,0,0,0,75,1,0,1,1,0,0,0.0,1,0,0,0,0,0,1
4026,M4,Asia (East & Southeast),China,Renmin University of China,https://www.ruc.edu.cn,https://www.ruc.edu.cn/,200,en,en,False,2026-08-11T10:35:14+00:00,13.552,1,0,0,1,1,0,0,0,0,0,0,1,10,0,1,2026-08-11,1,0,0,1,5,1,1,0,0,0,1,0,0,1,0,1,0,0,0,0,0,0,0,0,0,0,0,1,0,1,0,0,12.63,1,1,0,0,0,0,75,1,0,0,0,1,0,0.0,1,0,0,0,0,0,1
4029,M4,Asia (East & Southeast),China,Northwestern Polytechnical University,https://www.nwpu.edu.cn,https://en.nwpu.edu.cn/,200,,,True,2026-08-11T10:36:36+00:00,18.259,1,0,0,1,0,0,0,0,0,0,1,0,0,1,0,,1,0,1,1,1,1,1,0,0,1,1,0,1,1,1,1,1,1,1,1,0,1,0,1,0,0,0,0,0,1,0,0,20.27,1,0,0,0,0,0,55,1,0,1,1,1,0,25.0,0,0,0,0,1,0,1
4030,M4,Asia (East & Southeast),China,East China Normal University,https://www.ecnu.edu.cn,https://english.ecnu.edu.cn/,200,en,,True,2026-08-11T10:37:04+00:00,12.068,1,0,0,1,0,0,0,0,0,0,1,1,4,0,0,,1,0,1,0,5,1,0,0,1,1,1,0,1,1,1,1,1,1,1,0,0,0,0,1,0,0,0,0,0,1,1,0,12.63,1,0,0,0,0,0,75,1,0,1,0,1,0,0.0,1,0,0,0,1,0,1
4031,M4,Asia (East & Southeast),China,Hunan University,https://www.hnu.edu.cn,http://www-en.hnu.edu.cn/,200,,,True,2026-08-11T10:37:34+00:00,21.774,1,0,0,1,0,0,0,0,1,1,1,1,10,0,1,2026-08-11,1,1,1,1,0,0,0,0,1,0,1,0,1,1,1,1,1,1,1,0,1,1,0,1,0,0,0,0,0,1,1,0,21.0,0,0,0,0,0,0,0,0,0,1,0,1,0,2.2,0,0,0,0,0,0,1
4032,M4,Asia (East & Southeast),China,Beijing Institute of Technology,https://www.bit.edu.cn,http://english.bit.edu.cn/,200,en,,True,2026-08-11T10:37:56+00:00,13.76,1,0,0,1,0,0,0,1,1,0,0,0,0,0,1,2026-08-06,1,0,1,0,1,1,1,0,1,0,1,0,1,1,1,1,1,1,1,1,1,1,0,0,0,0,0,0,0,1,1,0,21.0,1,0,0,0,0,0,75,0,0,1,0,0,0,50.8,1,0,0,0,0,0,1
4033,M4,Asia (East & Southeast),China,China Agricultural University,https://www.cau.edu.cn,https://www.cau.edu.cn/,200,,,False,2026-08-11T10:38:11+00:00,12.188,1,1,11,0,0,0,0,0,0,0,0,1,10,1,0,,0,0,0,0,0,0,0,0,0,0,1,0,0,0,0,0,1,0,0,0,0,0,0,0,0,0,0,1,0,1,1,0,12.82,1,0,0,0,0,0,75,1,0,0,0,1,1,0.0,0,0,0,0,1,0,1
4034,M4,Asia (East & Southeast),China,University of Electronic Science and Technology of China,https://www.uestc.edu.cn,https://www.uestc.edu.cn/,200,en,en,False,2026-08-11T10:38:48+00:00,20.895,0,1,8,1,1,0,0,0,0,0,0,1,10,0,0,,1,0,0,1,5,1,0,0,0,0,1,0,0,1,0,0,1,0,0,0,0,0,0,0,0,0,0,0,0,0,1,0,19.77,1,0,0,0,0,0,75,1,0,1,0,1,0,55.8,1,0,0,0,1,0,1
4038,M4,Asia (East & Southeast),China,Ocean University of China,https://www.ouc.edu.cn,http://eweb.ouc.edu.cn/,200,,,True,2026-08-11T10:42:07+00:00,12.474,1,0,0,0,0,0,0,1,0,0,1,1,10,1,1,2026-05-21,1,0,1,1,0,1,0,0,0,1,1,0,1,1,1,1,1,1,0,1,0,1,0,1,0,0,0,0,0,1,0,0,21.0,1,0,0,0,0,0,75,0,2,1,1,1,0,0.0,0,0,0,0,0,0,1
4039,M4,Asia (East & Southeast),China,Beijing Jiaotong University,https://www.bjtu.edu.cn,http://en.bjtu.edu.cn/,200,,,True,2026-08-11T10:42:28+00:00,10.597,1,0,0,0,0,0,0,0,0,0,1,0,1,0,0,,1,0,1,1,0,1,1,0,0,0,1,0,1,1,1,1,1,1,0,1,1,1,0,1,0,1,0,0,0,1,0,0,12.82,1,0,0,0,0,0,75,0,1,0,0,1,0,0.0,0,0,0,0,1,0,1
4040,M4,Asia (East & Southeast),China,Wuhan University of Technology,https://www.whut.edu.cn,http://english.whut.edu.cn/,200,zh-cn,,True,2026-08-11T10:42:49+00:00,10.913,1,1,11,1,0,0,0,0,0,0,1,1,10,0,0,,1,0,1,1,0,1,0,0,0,0,1,0,1,1,1,1,1,0,0,1,0,0,0,1,0,0,0,1,0,1,0,1,10.7,1,0,0,0,0,0,75,0,2,0,1,0,0,15.2,1,0,0,0,1,0,1
4041,M4,Asia (East & Southeast),China,Jinan University,https://www.jnu.edu.cn,https://english.jnu.edu.cn/,200,zh-cn,zh-cn,True,2026-08-11T10:43:08+00:00,10.593,1,0,0,1,0,0,0,1,0,0,1,1,6,0,1,2025-12-11,1,1,1,1,1,1,1,0,1,0,1,0,1,1,1,1,1,1,1,1,0,1,0,1,0,0,0,0,0,1,1,0,12.63,1,0,0,0,1,0,75,1,5,1,1,1,0,0.0,1,0,0,0,0,0,1
4042,M4,Asia (East & Southeast),China,Northeastern University China,https://www.neu.edu.cn,http://english.neu.edu.cn/,200,,,True,2026-08-11T10:43:34+00:00,12.948,1,0,0,0,0,0,0,0,0,0,1,1,9,0,0,,1,0,1,1,0,1,0,0,0,0,1,0,0,1,1,0,1,1,0,1,0,1,0,1,0,0,0,0,0,1,1,0,21.0,1,0,0,0,0,0,75,0,0,1,0,1,0,0.0,0,0,0,0,1,0,1
4043,M4,Asia (East & Southeast),China,Zhengzhou University,https://www.zzu.edu.cn,https://www.zzu.edu.cn/,200,en,en,False,2026-08-11T10:43:47+00:00,10.685,1,0,0,1,0,0,0,0,0,0,0,1,10,0,1,2026-08-03,0,0,0,0,0,1,1,0,0,1,1,0,0,0,0,0,0,0,0,0,0,0,0,0,0,0,0,0,0,1,1,0,12.63,1,0,0,0,0,0,75,1,0,1,1,1,0,20.7,1,0,0,0,0,0,1
4044,M4,Asia (East & Southeast),China,Nanchang University,https://www.ncu.edu.cn,http://english.ncu.edu.cn/,200,zh-cn,zh-cn,True,2026-08-11T10:44:15+00:00,15.304,1,1,8,0,0,0,0,0,0,0,1,0,0,0,1,2026-07-09,1,0,1,1,0,0,0,0,0,1,1,0,1,1,1,0,1,1,0,1,1,0,0,1,0,0,1,1,0,1,1,0,21.0,1,1,0,0,0,0,75,0,0,1,0,1,0,0.0,0,0,0,0,0,0,1
4045,M4,Asia (East & Southeast),China,Yunnan University,https://www.ynu.edu.cn,http://english.ynu.edu.cn/,200,,zh-cn,False,2026-08-11T10:45:09+00:00,16.724,1,0,0,1,0,0,0,0,0,0,0,0,0,0,1,2026-07-31,1,0,1,1,0,1,1,0,1,0,1,0,1,1,1,1,1,1,1,0,1,1,0,1,0,0,0,0,0,1,0,0,21.0,1,0,0,0,0,0,75,0,0,1,1,0,0,77.3,0,0,0,0,0,0,1
4046,M4,Asia (East & Southeast),China,Fuzhou University,https://www.fzu.edu.cn,https://en.fzu.edu.cn/,200,,,True,2026-08-11T10:45:35+00:00,14.725,1,0,0,0,0,0,0,0,0,0,0,1,2,0,0,,0,0,0,0,0,0,0,0,0,0,0,0,0,1,1,1,0,1,0,0,0,1,0,1,0,0,0,0,0,1,0,0,21.0,0,0,0,0,0,0,0,1,0,1,0,0,0,0.0,0,0,0,0,1,0,1
4047,M4,Asia (East & Southeast),China,Hefei University of Technology,https://www.hfut.edu.cn,https://www.hfut.edu.cn/,200,zh-cn,zh-cn,False,2026-08-11T12:22:32+00:00,18.171,1,0,0,1,0,0,0,0,0,0,1,1,10,1,0,,1,0,0,0,0,0,0,0,0,0,1,0,0,0,0,0,1,0,0,0,0,0,0,0,0,0,0,0,0,1,0,0,12.55,1,0,0,0,0,0,75,1,0,0,0,1,0,0.0,1,0,0,0,1,0,1
4048,M4,Asia (East & Southeast),China,Guangxi University,https://www.gxu.edu.cn,https://www.gxu.edu.cn/en/,200,en,zh-cn,True,2026-08-11T10:46:53+00:00,14.206,1,0,0,1,0,0,0,0,0,0,1,1,7,0,1,2026-07-21,1,1,1,1,0,1,0,0,1,0,1,0,1,1,1,1,1,1,1,1,0,1,0,1,0,0,0,0,0,0,0,0,15.43,1,0,0,0,0,0,75,1,0,1,0,0,0,0.0,0,0,0,0,0,0,1
4049,M4,Asia (East & Southeast),China,Shanghai University,https://www.shu.edu.cn,https://en.shu.edu.cn/,200,en-us,,True,2026-08-11T10:47:16+00:00,14.941,1,1,6,0,0,0,0,0,0,0,0,0,0,0,0,,1,1,1,1,3,1,1,0,1,0,1,0,1,1,1,1,1,1,1,0,1,0,0,1,1,0,0,1,0,1,0,1,12.63,1,0,0,0,0,0,75,1,2,1,0,0,0,0.0,1,0,0,0,1,0,1
4051,M4,Asia (East & Southeast),China,Beijing University of Chemical Technology,https://www.buct.edu.cn,https://www.buct.edu.cn/main.htm,200,zh-cn,zh-cn,False,2026-08-11T10:47:34+00:00,10.589,1,1,4,1,0,0,0,0,0,0,0,0,0,1,1,2026-08-03,1,0,1,0,0,0,0,0,0,0,1,0,0,0,0,0,0,0,0,0,0,0,0,0,0,0,0,1,0,1,0,0,16.48,1,0,0,0,0,0,75,1,2,1,0,1,0,0.0,1,0,0,0,0,0,1
4052,M4,Asia (East & Southeast),China,Donghua University,https://www.dhu.edu.cn,https://www.dhu.edu.cn/,200,,,False,2026-08-11T10:47:48+00:00,11.237,1,0,0,1,0,0,0,0,0,0,0,1,5,0,0,,0,0,0,0,0,1,0,0,0,0,1,0,0,0,0,0,0,0,0,0,0,0,0,0,0,0,0,0,0,1,1,0,12.63,1,0,0,0,0,0,20,1,0,1,0,1,0,25.0,0,0,0,0,1,0,1
4053,M4,Asia (East & Southeast),China,Capital Normal University,https://www.cnu.edu.cn,https://eng.cnu.edu.cn/,200,,,True,2026-08-11T12:22:50+00:00,10.248,1,1,6,0,0,0,0,0,0,0,0,1,2,0,0,,1,0,1,0,0,0,0,0,0,0,1,0,1,1,0,1,1,1,0,0,0,0,0,1,0,0,0,1,0,1,1,0,12.63,1,1,0,0,1,0,75,1,0,0,0,1,0,0.0,0,0,0,0,1,0,1
4054,M4,Asia (East & Southeast),China,Jiangnan University,https://www.jiangnan.edu.cn,https://english.jiangnan.edu.cn/,200,en,zh-cn,True,2026-08-11T10:48:45+00:00,12.581,1,0,0,0,1,0,0,1,0,0,0,1,4,0,0,,1,0,1,1,7,0,0,0,0,0,1,0,1,1,1,1,1,1,0,0,0,1,0,1,0,0,0,0,0,0,0,0,21.0,1,0,0,0,0,0,20,1,0,1,0,0,0,13.8,0,0,0,0,1,0,1
4055,M4,Asia (East & Southeast),China,Nanjing Agricultural University,https://www.njau.edu.cn,https://www.njau.edu.cn/,200,,,False,2026-08-11T10:48:59+00:00,11.359,1,1,6,1,0,0,0,0,0,0,0,1,10,1,0,,1,0,0,0,0,1,0,0,0,1,1,0,1,0,0,0,1,0,0,0,0,0,0,0,0,0,0,0,0,1,0,0,11.98,1,0,0,0,0,0,75,1,1,1,1,1,0,1.7,0,0,0,0,1,0,1
4056,M4,Asia (East & Southeast),Japan,University of Tokyo,https://www.u-tokyo.ac.jp,https://www.u-tokyo.ac.jp/en/index.html,200,en,ja,True,2026-08-11T10:49:20+00:00,11.104,1,1,7,1,1,0,0,0,0,0,1,1,2,1,1,2026-10-18,1,1,1,1,6,1,1,0,1,0,1,0,1,1,1,1,1,1,1,1,1,1,1,1,0,0,0,0,1,1,1,1,21.0,1,1,0,0,0,0,75,1,4,0,1,1,0,56.6,1,0,0,1,0,0,1
4057,M4,Asia (East & Southeast),Japan,Kyoto University,https://www.kyoto-u.ac.jp,https://www.kyoto-u.ac.jp/en,200,en,ja,True,2026-08-11T10:49:27+00:00,2.664,1,1,4,1,1,0,0,0,0,0,1,0,1,1,1,2026-08-12,1,0,1,1,5,1,1,1,0,0,1,0,1,1,1,1,1,1,1,0,1,1,1,1,0,0,0,1,1,1,1,1,18.77,1,1,0,0,0,1,90,1,0,1,1,1,0,76.7,1,0,0,1,0,0,1
4058,M4,Asia (East & Southeast),Japan,Osaka University,https://www.osaka-u.ac.jp,https://www.osaka-u.ac.jp/ja,200,en,en,False,2026-08-11T10:49:39+00:00,10.042,1,1,5,0,1,1,0,0,0,0,1,1,10,0,0,,1,0,0,1,2,1,1,1,0,1,1,0,0,1,0,0,1,0,0,1,0,0,0,0,0,1,0,0,0,1,1,0,21.0,1,0,0,0,0,0,75,1,0,1,1,1,0,79.0,1,0,0,0,1,0,1
4059,M4,Asia (East & Southeast),Japan,Tohoku University,https://www.tohoku.ac.jp,https://www.tohoku.ac.jp/en/,200,en,en,False,2026-08-11T10:49:49+00:00,8.102,1,1,7,1,1,0,0,0,0,0,0,1,8,1,1,2026-10-30,1,1,1,1,7,1,1,1,0,0,1,0,1,1,1,1,1,1,1,0,1,1,1,1,0,0,0,0,1,0,1,1,21.0,1,1,1,0,0,0,100,1,1,0,1,1,0,59.2,1,0,0,1,0,0,1
4060,M4,Asia (East & Southeast),Japan,Nagoya University,https://www.nagoya-u.ac.jp,https://en.nagoya-u.ac.jp/,200,en,ja,True,2026-08-11T10:50:14+00:00,12.411,1,1,0,1,0,1,0,0,1,1,1,1,10,1,1,2026-05-08,1,1,1,1,20,1,1,1,1,1,1,0,1,1,1,1,1,1,1,0,1,1,1,1,0,0,0,1,1,1,1,1,17.31,1,1,0,0,0,0,100,1,0,0,1,1,0,93.9,1,1,0,0,0,0,1
4061,M4,Asia (East & Southeast),Japan,Tokyo Institute of Technology,https://www.titech.ac.jp,https://www.titech.ac.jp/english,200,en,ja,True,2026-08-11T10:50:23+00:00,2.796,1,1,6,1,1,0,0,0,0,0,1,0,0,0,1,2024-10-23,1,1,1,1,1,1,1,1,0,0,1,0,1,1,1,1,1,0,0,0,0,1,0,1,0,0,0,0,1,1,1,1,12.63,1,1,0,0,0,0,90,1,0,1,1,1,0,70.5,1,1,0,0,0,0,1
4062,M4,Asia (East & Southeast),Japan,Kyushu University,https://www.kyushu-u.ac.jp,https://www.kyushu-u.ac.jp/en/,200,en,ja,True,2026-08-11T10:50:47+00:00,13.539,1,0,0,1,1,0,0,0,0,0,1,1,8,1,1,2026-08-07,1,1,1,1,4,1,1,1,0,0,1,0,1,1,1,1,1,1,1,1,1,1,0,1,0,0,0,1,1,1,1,1,12.63,1,1,0,0,0,0,75,1,0,1,1,1,0,30.0,1,0,0,0,0,0,1
4063,M4,Asia (East & Southeast),Japan,Hokkaido University,https://www.hokudai.ac.jp,https://www.hokudai.ac.jp/,200,,,False,2026-08-11T10:50:59+00:00,9.448,1,0,0,0,0,0,0,0,0,0,1,0,0,0,1,,0,0,0,0,1,1,0,1,0,0,1,0,1,0,0,0,0,0,0,0,0,0,0,0,0,0,0,0,0,1,1,0,12.63,1,0,0,0,0,0,100,1,0,0,1,1,0,75.3,1,0,0,0,1,0,1
4064,M4,Asia (East & Southeast),Japan,Keio University,https://www.keio.ac.jp,https://www.keio.ac.jp/en/,200,en,ja,True,2026-08-11T10:51:14+00:00,11.481,1,1,0,0,0,0,0,1,0,0,1,1,10,1,1,2026-08-07,1,0,1,1,0,1,1,0,1,0,1,0,1,1,1,1,1,1,1,1,1,1,0,1,0,0,0,0,1,1,1,1,17.1,1,1,0,0,0,0,75,1,0,1,1,1,0,21.5,1,1,0,0,0,0,1
4065,M4,Asia (East & Southeast),Japan,Waseda University,https://www.waseda.jp,https://www.waseda.jp/top/?lng=en,200,ja,ja,True,2026-08-11T10:51:37+00:00,12.254,1,1,11,1,1,0,0,0,0,0,0,0,0,0,1,2026-08-03,1,0,1,1,1,1,1,1,0,1,1,1,1,1,0,1,1,0,0,0,0,1,0,0,0,0,0,0,0,1,1,1,12.63,1,1,0,0,0,0,90,1,0,1,1,1,0,29.5,1,0,0,0,0,0,1
4066,M4,Asia (East & Southeast),Japan,University of Tsukuba,https://www.tsukuba.ac.jp,https://www.tsukuba.ac.jp/en/,200,en,ja,True,2026-08-11T10:51:48+00:00,4.153,1,1,12,1,0,0,0,0,0,0,1,0,1,1,1,2026-10-03,1,1,1,1,3,0,1,1,1,0,1,0,1,1,1,1,1,1,1,1,1,1,1,1,1,0,0,1,1,1,1,1,10.5,1,1,0,0,0,1,75,1,0,1,1,1,0,38.5,1,1,0,1,0,0,1
4067,M4,Asia (East & Southeast),Japan,Kobe University,https://www.kobe-u.ac.jp,https://www.kobe-u.ac.jp/en/,200,en,en,False,2026-08-11T10:52:00+00:00,10.209,1,1,3,0,0,0,0,0,1,1,0,1,10,1,0,,1,1,1,1,1,0,0,0,1,0,1,0,1,1,1,1,1,1,1,1,1,1,0,1,0,0,0,1,1,1,1,1,15.91,1,1,0,0,0,1,75,1,0,1,1,1,0,19.5,1,0,0,0,1,0,1
4068,M4,Asia (East & Southeast),Japan,Hiroshima University,https://www.hiroshima-u.ac.jp,https://www.hiroshima-u.ac.jp/en,200,en,ja,True,2026-08-11T10:52:13+00:00,4.024,1,1,1,1,1,0,0,0,0,0,1,0,0,0,1,2026-08-04,1,0,1,1,0,1,1,0,0,1,1,0,1,1,1,1,1,1,0,1,1,1,1,1,0,1,0,0,1,1,1,0,12.63,1,1,0,0,0,0,75,1,0,0,1,1,0,10.8,1,0,0,0,0,0,1
4069,M4,Asia (East & Southeast),Japan,Tokyo Medical and Dental University,https://www.tmd.ac.jp,https://www.tmd.ac.jp/english/,200,ja,ja,True,2026-08-11T10:52:23+00:00,5.21,1,1,4,1,0,0,1,1,0,0,1,1,6,1,1,2024-10-18,1,0,1,0,20,1,0,1,1,0,1,0,1,1,0,1,1,1,1,1,0,1,1,1,0,0,0,0,1,1,1,0,15.91,1,1,0,0,0,0,75,1,0,1,0,1,0,2.6,1,0,0,0,0,0,1
4070,M4,Asia (East & Southeast),Japan,Chiba University,https://www.chiba-u.ac.jp,https://www.chiba-u.ac.jp/e/index.html,200,en,ja,True,2026-08-11T10:52:52+00:00,13.568,1,1,7,1,1,0,0,0,1,1,1,0,0,0,1,2026-08-11,1,1,1,1,0,0,0,0,0,0,1,0,1,1,1,1,1,1,0,1,1,1,1,1,0,1,0,1,0,1,1,1,15.64,1,1,0,0,0,0,75,1,0,0,1,1,1,65.6,1,0,0,0,0,0,1
4071,M4,Asia (East & Southeast),Japan,Okayama University,https://www.okayama-u.ac.jp,https://www.okayama-u.ac.jp/index_e.html,200,en,ja,True,2026-08-11T10:53:10+00:00,10.651,1,1,5,1,0,0,0,0,0,0,0,0,0,0,1,2026-09-07,1,0,1,1,1,1,0,0,0,0,1,0,1,1,1,1,1,1,0,1,1,1,0,1,0,0,0,1,1,1,1,1,4.17,1,1,0,0,0,0,75,1,1,0,1,1,0,65.7,1,0,0,1,0,0,1
4072,M4,Asia (East & Southeast),Japan,Kanazawa University,https://www.kanazawa-u.ac.jp,https://www.kanazawa-u.ac.jp/en/,200,en,en,False,2026-08-11T10:53:24+00:00,12.006,1,1,8,1,1,0,0,0,1,1,0,1,8,1,1,2026-08-04,1,0,1,0,5,1,1,0,1,1,1,0,1,1,1,1,1,1,0,0,1,1,0,1,0,0,0,1,1,1,1,1,9.52,1,1,1,0,0,0,75,1,0,1,1,1,1,1.8,1,0,0,0,0,0,1
4073,M4,Asia (East & Southeast),Japan,Nagasaki University,https://www.nagasaki-u.ac.jp,https://en.nagasaki-u.ac.jp/,200,ja,ja,True,2026-08-11T10:53:47+00:00,10.583,1,1,7,1,0,0,0,0,0,0,0,0,0,0,1,2026-08-10,1,0,1,0,3,1,1,0,0,0,1,0,1,1,0,1,1,0,0,0,0,1,0,0,0,0,0,1,0,1,1,1,21.0,1,1,0,0,0,0,65,1,1,0,0,1,1,0.0,1,0,0,0,0,0,1
4074,M4,Asia (East & Southeast),Japan,Kumamoto University,https://www.kumamoto-u.ac.jp,https://ewww.kumamoto-u.ac.jp/en/,200,,ja,True,2026-08-11T10:54:04+00:00,10.208,1,1,2,1,0,0,0,0,0,0,0,0,0,1,1,2026-08-05,1,0,1,0,0,0,1,0,0,0,1,0,1,1,1,1,1,1,0,1,0,1,0,1,0,0,0,1,1,1,1,1,17.76,1,1,0,0,0,0,30,1,1,0,1,0,0,26.2,0,1,0,0,0,0,1
4075,M4,Asia (East & Southeast),Japan,Niigata University,https://www.niigata-u.ac.jp,https://www.niigata-u.ac.jp/en/,200,en,ja,True,2026-08-11T10:54:23+00:00,10.521,1,1,5,1,0,0,0,0,0,0,0,1,8,0,1,2026-08-03,1,0,0,0,10,1,1,1,1,0,1,0,1,1,1,1,1,1,0,0,0,1,1,1,0,0,0,0,1,1,1,1,12.63,1,1,0,0,1,0,100,1,0,0,0,1,0,20.0,1,0,0,0,0,0,1
4076,M4,Asia (East & Southeast),Japan,Yokohama National University,https://www.ynu.ac.jp,https://www.ynu.ac.jp/english/,200,,,True,2026-08-11T10:54:43+00:00,10.269,1,1,5,1,1,0,0,0,0,0,0,0,0,1,0,,1,0,1,0,0,1,1,0,0,1,1,0,1,1,0,1,1,1,0,0,0,1,0,1,0,0,0,0,0,1,1,1,12.63,1,1,0,0,0,0,75,1,3,0,1,1,0,5.6,0,0,0,0,1,0,1
4077,M4,Asia (East & Southeast),Japan,Tokyo University of Science,https://www.tus.ac.jp,https://www.tus.ac.jp/en/,200,en,ja,True,2026-08-11T10:55:03+00:00,10.95,1,1,8,1,1,0,0,0,0,0,1,1,2,0,0,,1,1,1,1,0,1,1,0,1,1,1,0,1,1,1,1,1,1,0,1,0,1,1,1,0,0,0,0,1,1,1,0,15.43,1,0,0,0,0,1,75,1,0,1,1,0,0,44.6,1,0,0,0,1,0,1
4078,M4,Asia (East & Southeast),Japan,Hitotsubashi University,https://www.hit-u.ac.jp,https://www.hit-u.ac.jp/eng/,200,en,ja,True,2026-08-11T10:55:29+00:00,10.214,1,1,6,1,0,0,0,0,0,0,1,1,10,1,0,,1,0,1,1,2,1,1,1,1,0,1,0,1,1,1,1,1,1,0,1,0,1,0,1,0,0,0,1,1,1,1,1,21.0,1,1,0,0,0,0,50,1,0,0,1,1,0,14.1,0,0,0,0,1,0,1
4080,M4,Asia (East & Southeast),Japan,Gifu University,https://www.gifu-u.ac.jp,https://www.gifu-u.ac.jp/en/,200,en,ja,True,2026-08-11T10:57:00+00:00,13.281,1,1,6,1,0,0,0,0,1,1,0,0,1,0,1,2026-08-07,1,1,1,0,2,0,0,1,0,0,1,0,1,1,1,1,1,0,0,0,1,1,1,1,0,0,0,0,0,1,1,0,21.0,1,1,0,0,1,0,75,1,0,0,1,1,0,89.5,1,0,0,0,0,0,1
4081,M4,Asia (East & Southeast),Japan,Shinshu University,https://www.shinshu-u.ac.jp,https://www.shinshu-u.ac.jp/english/,200,,ja,True,2026-08-11T10:57:15+00:00,5.48,1,1,7,1,0,0,0,1,0,0,0,0,0,1,1,,0,0,1,0,6,0,0,1,0,0,1,0,1,1,1,1,1,1,1,0,0,1,1,1,0,0,0,0,1,1,1,1,21.0,1,1,0,0,0,0,75,1,0,1,1,0,0,46.7,0,0,0,0,1,0,1
4082,M4,Asia (East & Southeast),Japan,Kagoshima University,https://www.kagoshima-u.ac.jp,https://www.kagoshima-u.ac.jp/en/,200,ja,ja,True,2026-08-11T10:57:28+00:00,8.835,1,1,6,0,0,0,0,0,0,0,0,1,10,1,0,,1,0,1,0,0,0,0,0,0,0,1,0,1,1,1,0,1,0,0,0,0,1,1,1,0,0,0,0,0,1,1,1,12.63,1,1,0,0,0,0,75,1,0,1,0,0,0,100.0,1,0,0,0,1,0,1
4083,M4,Asia (East & Southeast),Japan,Yamaguchi University,https://www.yamaguchi-u.ac.jp,https://www.yamaguchi-u.ac.jp/english/,200,ja,ja,True,2026-08-11T10:57:47+00:00,12.171,1,1,2,1,1,0,0,0,0,0,0,0,0,0,1,2026-07-29,1,0,1,0,14,1,1,1,0,1,1,0,1,1,0,1,1,0,0,0,0,1,0,1,0,0,0,0,1,1,1,1,21.0,1,0,0,0,0,0,90,1,2,0,1,0,0,26.9,1,1,0,0,0,0,1
4084,M4,Asia (East & Southeast),Japan,Ehime University,https://www.ehime-u.ac.jp,https://www.ehime-u.ac.jp/en/,200,en_us,ja,True,2026-08-11T10:57:59+00:00,5.914,1,1,5,1,1,0,0,0,1,1,1,1,10,1,0,,1,0,1,1,1,1,1,0,1,0,1,0,1,1,1,1,1,1,1,1,1,1,0,1,0,0,0,0,1,1,1,1,21.0,1,1,0,1,0,0,50,1,0,1,1,1,0,82.9,1,1,0,0,1,0,1
4085,M4,Asia (East & Southeast),Japan,Tokushima University,https://www.tokushima-u.ac.jp,https://www.tokushima-u.ac.jp/english/,200,ja,ja,True,2026-08-11T10:58:24+00:00,14.619,1,1,4,0,0,0,0,0,1,1,1,0,0,0,1,2026-08-03,1,1,1,0,4,1,1,1,0,1,1,0,1,1,1,1,1,1,1,0,0,1,0,1,0,1,0,1,0,1,1,1,21.0,1,1,0,0,0,0,75,1,2,1,0,1,0,17.4,1,1,0,0,0,0,1
4086,M4,Asia (East & Southeast),Japan,Mie University,https://www.mie-u.ac.jp,https://www.mie-u.ac.jp/en/index.html,200,en,ja,True,2026-08-11T10:58:39+00:00,10.608,1,1,5,1,0,0,0,0,0,0,1,1,10,0,0,,1,0,1,1,0,1,0,1,0,0,1,0,1,1,1,1,1,0,1,0,0,0,0,1,0,0,0,1,1,1,1,1,21.0,1,1,0,0,0,0,100,1,1,0,1,1,0,2.6,1,0,0,0,1,0,1
4087,M4,Asia (East & Southeast),Japan,Shizuoka University,https://www.shizuoka.ac.jp,https://www.shizuoka.ac.jp/english/,200,ja,ja,True,2026-08-11T10:58:53+00:00,8.397,1,1,6,0,0,0,0,0,0,0,1,1,4,0,1,2026-05-01,1,0,1,1,0,1,1,0,0,0,1,0,1,1,1,1,1,0,1,1,0,1,0,0,1,0,0,1,0,1,0,1,12.09,1,1,0,0,0,0,75,1,1,0,1,0,0,8.4,1,0,0,0,0,0,1
4088,M4,Asia (East & Southeast),Japan,Nagoya Institute of Technology,https://www.nitech.ac.jp,https://www.nitech.ac.jp/eng/,200,en,ja,True,2026-08-11T10:59:05+00:00,5.715,1,1,4,1,0,0,0,1,0,0,1,0,0,1,1,2026-08-04,1,1,1,0,1,1,1,1,1,0,1,0,1,1,1,1,1,1,1,1,0,1,1,0,0,0,0,1,1,1,1,1,12.63,1,1,0,0,0,0,50,1,0,0,1,1,0,62.7,1,0,0,0,0,0,1
4089,M4,Asia (East & Southeast),Japan,Toyohashi University of Technology,https://www.tut.ac.jp,https://www.tut.ac.jp/english/,200,,,True,2026-08-11T10:59:15+00:00,5.255,1,1,7,1,0,0,0,0,0,0,0,0,0,0,1,2026-04-21,1,0,1,1,0,0,0,0,0,0,1,0,1,1,1,1,1,1,1,0,0,0,1,1,0,0,0,1,1,1,1,1,12.63,1,1,0,0,0,0,75,1,0,1,1,0,0,57.9,1,0,0,0,0,0,1
4091,M4,Asia (East & Southeast),Japan,Doshisha University,https://www.doshisha.ac.jp,https://www.doshisha.ac.jp/en/index.html,200,ja,ja,True,2026-08-11T11:00:09+00:00,6.424,1,1,1,1,1,1,0,0,0,0,0,0,0,1,0,,1,0,1,1,2,1,1,0,1,0,1,0,1,1,1,1,1,1,1,1,1,1,0,1,0,0,0,1,1,1,1,1,17.4,1,1,0,0,0,0,100,1,0,0,1,1,0,57.7,1,0,0,0,1,0,1
4092,M4,Asia (East & Southeast),Japan,Sophia University,https://www.sophia.ac.jp,https://www.sophia.ac.jp/eng/,200,en,ja,True,2026-08-11T11:00:32+00:00,12.232,1,1,5,1,1,0,0,0,0,0,1,1,7,1,1,2026-08-19,1,0,1,1,12,1,1,1,1,1,1,0,1,1,1,1,1,1,1,1,1,1,1,1,0,1,1,0,1,1,1,1,13.46,1,1,0,0,0,1,100,1,1,0,1,1,1,41.6,1,0,0,1,0,0,1
4093,M4,Asia (East & Southeast),Japan,Meiji University,https://www.meiji.ac.jp,https://www.meiji.ac.jp/cip/english/,200,en,ja,True,2026-08-11T11:00:54+00:00,11.206,1,0,0,1,0,0,0,0,1,1,1,1,2,0,1,2026-08-07,1,1,1,1,1,1,1,0,0,0,1,0,1,1,1,1,1,1,1,0,1,1,0,1,0,0,0,0,1,1,1,0,21.0,1,1,0,0,0,0,75,1,0,0,1,1,0,11.8,1,0,0,0,0,0,1
4094,M4,Asia (East & Southeast),Japan,Kanazawa Institute of Technology,https://www.kanazawa-it.ac.jp,https://www.kanazawa-it.ac.jp/,200,ja,ja,False,2026-08-11T11:01:10+00:00,13.077,1,0,0,0,1,0,0,0,0,0,0,1,10,0,0,,1,0,1,0,7,1,1,0,0,0,1,0,1,1,0,1,0,0,0,0,0,0,0,0,0,0,0,1,0,1,1,1,21.0,1,1,0,0,0,0,100,1,0,0,1,1,0,45.5,1,0,0,0,1,0,1
4095,M4,Asia (East & Southeast),Japan,Kwansei Gakuin University,https://www.kwansei.ac.jp,https://www.kwansei.ac.jp/en/,200,en,ja,True,2026-08-11T11:01:32+00:00,10.827,1,1,3,0,1,0,0,0,1,1,1,1,7,1,1,2026-05-20,1,1,1,0,0,1,1,0,1,1,1,0,1,1,1,1,1,1,1,0,0,1,0,1,0,0,1,1,1,1,1,1,12.63,1,1,0,0,0,1,50,1,0,1,1,0,1,7.4,1,0,0,0,0,0,1
4096,M4,Asia (East & Southeast),South Korea,Seoul National University,https://www.snu.ac.kr,https://en.snu.ac.kr/,200,en,ko,True,2026-08-11T11:02:11+00:00,19.229,1,1,20,1,0,0,0,0,0,0,1,1,7,1,1,2027-01-31,1,1,1,1,1,1,1,1,0,1,1,0,1,1,1,1,1,1,1,1,1,0,1,1,0,1,0,1,1,1,1,1,15.43,1,1,0,0,0,0,75,1,0,0,0,1,1,52.9,1,0,0,1,0,0,1
4097,M4,Asia (East & Southeast),South Korea,KAIST,https://www.kaist.ac.kr,https://www.kaist.ac.kr/en/,200,en,ko,True,2026-08-11T11:02:42+00:00,18.827,0,0,0,1,0,0,0,0,1,0,0,1,6,1,0,,1,1,1,1,0,0,0,0,0,1,1,0,1,1,1,1,1,1,1,1,1,1,0,1,1,1,0,0,0,1,1,0,9.0,1,0,0,0,0,0,55,1,0,0,1,1,1,100.0,1,0,0,0,1,0,1
4099,M4,Asia (East & Southeast),South Korea,Korea University,https://www.korea.ac.kr,https://www.korea.ac.kr/sites/ko/index.do#none,200,ko,ko,True,2026-08-11T11:03:46+00:00,23.488,1,1,9,0,0,0,1,1,0,0,1,1,10,0,1,2026-08-06,0,1,0,0,2,0,0,0,1,1,1,0,0,1,0,0,1,1,0,0,0,0,0,0,0,0,0,1,1,1,1,1,14.94,1,1,1,0,0,0,75,1,0,0,0,0,1,100.0,1,0,0,0,0,0,1
4101,M4,Asia (East & Southeast),South Korea,Sungkyunkwan University,https://www.skku.edu,https://www.skku.edu/eng/,200,en,ko,True,2026-08-11T12:25:19+00:00,18.262,1,0,0,1,0,0,1,1,0,0,1,1,10,1,0,,1,1,1,1,0,1,1,0,1,0,1,0,1,1,1,1,1,1,1,1,0,1,0,1,1,1,0,0,0,1,1,0,12.63,1,0,0,0,0,1,75,1,0,1,1,1,1,88.7,1,0,0,0,1,0,1
4102,M4,Asia (East & Southeast),South Korea,Hanyang University,https://www.hanyang.ac.kr,https://www.hanyang.ac.kr/web/eng,200,en-us,ko-kr,True,2026-08-11T11:05:38+00:00,13.668,1,1,1,1,1,0,0,1,0,0,1,1,10,1,0,,1,1,1,0,0,1,1,0,0,1,1,0,1,1,1,1,1,1,1,1,0,1,1,1,0,1,0,0,0,1,1,0,12.63,1,1,0,0,0,0,100,1,0,1,0,1,1,88.9,1,0,0,0,1,0,1
4103,M4,Asia (East & Southeast),South Korea,Kyung Hee University,https://www.khu.ac.kr,https://www.khu.ac.kr/eng/user/main/view.do,200,ko,ko,True,2026-08-11T11:05:59+00:00,11.312,1,1,3,1,0,0,0,1,0,0,1,1,5,1,1,2026-06-19,1,1,1,0,0,0,0,1,0,0,1,0,1,1,1,1,1,1,1,1,0,0,1,1,1,0,0,1,1,1,1,0,7.46,0,1,0,0,0,0,75,1,0,0,0,1,1,75.5,1,0,0,0,0,0,1
4104,M4,Asia (East & Southeast),South Korea,Gwangju Institute of Science and Technology,https://www.gist.ac.kr,https://www.gist.ac.kr/en/main.html,200,ko,ko,True,2026-08-11T11:06:27+00:00,14.467,0,1,8,1,0,0,0,1,0,0,1,1,10,1,1,2026-08-24,1,1,1,1,0,0,0,1,1,0,1,0,1,1,1,1,1,1,1,1,0,1,0,1,1,0,0,1,0,1,1,1,9.44,1,0,0,0,0,0,75,1,0,0,0,1,1,92.4,1,0,0,1,0,0,1
4105,M4,Asia (East & Southeast),South Korea,Ewha Womans University,https://www.ewha.ac.kr,https://www.ewha.ac.kr/ewha/index.do#ewhaen,200,ko,ko,True,2026-08-11T11:07:07+00:00,31.708,1,1,2,0,0,0,0,1,0,0,0,0,0,0,1,2026-08-11,0,0,0,0,14,1,1,1,0,1,1,0,0,0,0,0,0,0,0,0,0,0,1,0,0,0,0,1,1,1,1,1,12.63,1,0,1,0,0,0,75,1,0,1,0,1,1,100.0,1,0,0,0,0,0,1
4106,M4,Asia (East & Southeast),South Korea,UNIST,https://www.unist.ac.kr,https://www.unist.ac.kr/unist/index.do#none,200,ko,ko,True,2026-08-11T11:07:30+00:00,12.865,1,1,3,1,1,0,0,0,0,0,1,1,10,0,1,2026-06-28,1,0,1,0,0,0,0,0,1,1,1,0,1,1,0,1,1,1,1,0,0,0,1,0,0,0,0,1,1,1,1,1,21.0,1,1,0,0,1,0,75,1,0,1,0,1,1,11.2,1,0,0,0,0,0,1
4107,M4,Asia (East & Southeast),South Korea,Pusan National University,https://www.pusan.ac.kr,https://www.pusan.ac.kr/kor/intro.do,200,ko,ko,False,2026-08-11T12:25:33+00:00,12.462,1,0,0,0,0,0,0,0,0,0,0,0,0,0,0,,0,0,0,0,0,0,0,0,0,1,0,0,0,0,0,0,0,0,0,0,0,0,0,0,0,0,0,0,0,1,0,0,17.4,0,0,0,0,0,0,75,1,0,0,0,1,0,100.0,1,0,0,0,1,0,1
4108,M4,Asia (East & Southeast),South Korea,Chung-Ang University,https://www.cau.ac.kr,https://neweng.cau.ac.kr/index.do,200,en,ko,True,2026-08-11T11:08:31+00:00,10.9,0,1,6,1,0,0,0,0,0,0,1,1,10,1,1,2024-09-29,1,1,1,0,0,0,0,1,1,0,1,0,1,1,1,1,1,1,0,1,0,1,0,1,0,0,0,1,0,1,1,0,21.0,1,0,1,0,0,0,75,1,0,0,0,0,1,14.3,1,0,0,0,0,0,1
4109,M4,Asia (East & Southeast),South Korea,Kyungpook National University,https://www.knu.ac.kr,https://en.knu.ac.kr/main/main.htm,200,en-us,ko,True,2026-08-11T11:09:01+00:00,17.812,1,1,7,1,0,0,1,1,0,0,1,1,3,1,0,,1,1,1,1,0,1,1,1,1,1,1,0,1,1,1,1,1,1,1,1,1,1,0,0,0,0,0,0,1,1,1,0,7.46,0,0,0,0,0,0,75,1,0,0,0,1,0,45.2,0,0,0,0,1,0,1
4110,M4,Asia (East & Southeast),South Korea,Sogang University,https://www.sogang.ac.kr,https://www.sogang.ac.kr/en/home,200,ko,ko,True,2026-08-11T11:09:26+00:00,11.504,1,1,11,0,0,0,0,0,0,0,0,1,10,1,0,,1,1,1,1,0,0,0,0,0,1,1,0,1,1,1,1,1,1,1,0,0,0,0,0,1,0,0,1,1,1,1,1,21.0,1,0,1,0,0,0,75,1,0,0,0,1,1,100.0,1,0,0,0,1,0,1
4111,M4,Asia (East & Southeast),South Korea,Sejong University,https://www.sejong.ac.kr,https://www.sejong.ac.kr/eng/index.do,200,en,ko,True,2026-08-11T11:09:49+00:00,12.93,0,1,6,1,1,0,1,1,1,1,0,1,10,1,0,,1,1,1,0,5,1,1,0,1,0,1,0,1,1,1,1,1,1,0,0,0,1,0,1,1,0,0,1,1,1,0,0,18.88,1,0,0,0,0,0,55,1,0,1,0,1,1,41.9,1,0,0,0,1,0,1
4113,M4,Asia (East & Southeast),South Korea,Inha University,https://www.inha.ac.kr,https://www.inha.ac.kr/kr/index.do,200,ko,ko,False,2026-08-11T11:10:23+00:00,9.651,0,0,0,0,0,0,0,0,0,0,0,0,0,0,0,,0,0,0,0,0,0,0,0,0,0,0,0,0,0,0,0,0,0,0,0,0,0,0,0,0,0,0,0,0,0,0,0,,0,0,0,0,0,0,55,1,0,0,1,0,1,,0,0,0,0,1,0,1
4114,M4,Asia (East & Southeast),South Korea,Ajou University,https://www.ajou.ac.kr,https://www.ajou.ac.kr/en/index.do,200,en,ko,True,2026-08-11T11:10:59+00:00,21.971,1,1,3,0,1,0,0,1,1,0,1,0,0,1,1,2024-02-26,1,1,1,0,0,1,1,1,1,0,1,0,1,1,1,1,1,1,1,1,1,1,1,1,1,0,0,1,1,1,1,1,12.63,1,1,0,0,1,0,75,1,0,0,0,1,1,100.0,1,0,0,0,0,0,1
4115,M4,Asia (East & Southeast),South Korea,Chonnam National University,https://www.jnu.ac.kr,https://www.jnu.ac.kr/,200,,,False,2026-08-11T11:11:22+00:00,12.914,1,0,0,0,0,0,0,0,0,0,0,0,0,0,0,,0,0,0,0,0,0,0,0,0,0,0,0,0,0,0,0,0,0,0,0,0,0,0,0,0,0,0,0,0,1,0,0,21.0,0,0,0,0,0,0,75,1,0,0,0,1,1,0.0,0,0,0,0,1,0,1
4116,M4,Asia (East & Southeast),South Korea,Jeonbuk National University,https://www.jbnu.ac.kr,https://www.jbnu.ac.kr/en/index.do,200,ko,ko,True,2026-08-11T11:11:43+00:00,9.574,1,0,0,1,0,0,0,0,0,0,1,0,0,1,1,2026-07-07,1,1,1,0,0,0,0,1,0,1,1,0,1,1,1,1,1,1,1,1,0,1,0,1,1,0,1,1,1,1,1,1,21.0,1,1,0,0,0,0,55,1,0,0,0,1,1,27.9,1,0,0,0,0,0,1
4117,M4,Asia (East & Southeast),South Korea,Konkuk University,https://www.konkuk.ac.kr,https://en.konkuk.ac.kr/en/index.do,200,ko,ko,True,2026-08-11T11:12:45+00:00,31.982,1,1,7,0,0,0,0,1,1,1,1,1,3,1,0,,1,0,1,1,0,0,0,1,0,0,1,0,1,1,1,1,1,1,0,1,0,1,1,1,1,1,0,1,1,1,1,0,12.63,1,1,0,0,0,0,50,1,0,0,1,0,1,63.6,1,0,0,0,1,0,1
4118,M4,Asia (East & Southeast),South Korea,Dongguk University,https://www.dongguk.edu,https://www.dongguk.edu/eng/main,200,ko,ko,True,2026-08-11T11:13:06+00:00,10.575,1,0,0,1,0,0,0,1,0,0,1,1,3,0,1,2026-01-02,1,1,1,1,0,1,1,1,1,1,1,0,1,1,1,1,1,1,1,1,1,1,1,1,1,0,0,0,1,1,1,0,21.0,1,0,0,0,1,0,75,1,3,1,1,1,1,24.4,1,0,0,0,0,0,1
4120,M4,Asia (East & Southeast),South Korea,Kookmin University,https://www.kookmin.ac.kr,https://english.kookmin.ac.kr/,200,ko,ko,True,2026-08-11T11:13:54+00:00,17.833,1,1,7,1,0,0,0,0,0,0,1,1,5,0,0,,1,1,1,0,0,0,0,1,1,1,1,0,1,1,1,1,1,1,1,0,0,1,0,1,1,0,1,0,0,1,1,0,7.46,1,1,0,0,0,1,75,1,0,0,1,1,1,67.2,1,0,0,0,1,0,1
4122,M4,Asia (East & Southeast),South Korea,Gachon University,https://www.gachon.ac.kr,https://www.gachon.ac.kr/sites/eng/index.do,200,ko,ko,True,2026-08-11T11:14:23+00:00,8.598,1,1,6,0,0,0,0,0,1,1,0,1,4,0,0,,1,0,1,0,0,0,0,1,0,1,1,0,1,1,1,1,1,1,1,0,0,0,0,0,0,1,0,0,1,1,1,0,12.63,1,0,0,0,1,0,75,1,0,0,1,1,1,16.7,1,0,0,0,1,0,1
4123,M4,Asia (East & Southeast),South Korea,Chungbuk National University,https://www.chungbuk.ac.kr,https://www.cbnu.ac.kr/english/index.do,200,ko,ko,True,2026-08-11T11:15:03+00:00,21.687,1,1,5,1,0,0,0,0,0,0,0,1,7,1,0,,1,0,1,0,0,0,0,1,1,1,1,0,1,1,1,1,1,1,0,1,0,0,0,1,1,0,1,1,1,1,1,0,9.74,1,1,1,0,0,0,75,1,1,0,0,0,1,100.0,1,0,0,0,1,0,1
4124,M4,Asia (East & Southeast),Taiwan,National Taiwan University,https://www.ntu.edu.tw,https://www.ntu.edu.tw/english/,200,en,zh-ha,True,2026-08-11T11:15:17+00:00,7.208,1,1,5,1,0,0,1,1,0,0,1,1,6,1,0,,1,1,1,1,20,1,1,0,0,1,1,0,1,1,1,1,1,1,1,1,0,1,1,1,1,0,0,1,1,1,1,1,21.0,1,1,0,0,0,0,100,1,1,0,1,1,0,100.0,1,0,0,0,1,0,0
4125,M4,Asia (East & Southeast),Taiwan,National Tsing Hua University,https://www.nthu.edu.tw,https://nthu-en.site.nthu.edu.tw/,200,zh-ha,zh-tw,True,2026-08-11T11:15:41+00:00,10.431,1,0,0,1,0,0,1,1,0,0,1,1,2,0,1,2025-04-02,1,0,1,0,0,0,1,0,0,0,1,0,1,1,0,1,1,1,0,0,0,1,1,0,0,0,0,0,0,1,1,0,9.74,1,0,0,0,0,0,50,1,0,0,1,1,0,73.1,1,0,0,0,0,0,0
4126,M4,Asia (East & Southeast),Taiwan,National Yang Ming Chiao Tung University,https://www.nycu.edu.tw,https://www.nycu.edu.tw/nycu/en/index,200,en-us,zh-ha,True,2026-08-11T11:15:55+00:00,6.475,1,1,10,1,0,0,0,1,0,0,0,1,3,0,1,2026-08-10,1,1,1,0,0,1,1,0,1,0,1,0,1,1,1,1,1,0,0,1,0,1,1,1,0,0,0,1,1,1,1,1,15.43,1,1,0,0,0,0,75,1,0,1,0,1,0,69.2,1,0,0,0,0,0,0
4127,M4,Asia (East & Southeast),Taiwan,National Cheng Kung University,https://www.ncku.edu.tw,https://web.ncku.edu.tw/index.php?Lang=en,200,en,zh-ha,True,2026-08-11T11:16:20+00:00,12.062,1,0,0,0,1,0,1,1,0,0,1,0,1,1,0,,1,0,1,1,0,0,0,0,0,0,1,0,1,1,0,1,1,1,0,0,0,1,0,0,1,0,0,0,1,0,1,0,10.05,1,0,0,0,0,0,50,1,10,1,1,1,1,96.3,1,0,0,0,1,0,0
4129,M4,Asia (East & Southeast),Taiwan,National Central University,https://www.ncu.edu.tw,https://www.ncu.edu.tw/?Lang=en,200,en,zh-ha,True,2026-08-11T11:17:05+00:00,9.676,1,0,0,1,1,0,0,0,0,0,0,1,2,1,1,2026-07-07,1,1,1,1,0,0,1,0,0,1,1,0,1,1,1,1,1,1,0,0,0,1,0,1,0,0,0,0,1,1,1,0,18.58,1,0,0,0,0,0,50,1,0,1,1,1,1,100.0,1,0,0,0,0,0,0
4130,M4,Asia (East & Southeast),Taiwan,National Sun Yat-sen University,https://www.nsysu.edu.tw,https://www.nsysu.edu.tw/?Lang=en,200,en,zh-ha,True,2026-08-11T11:17:48+00:00,13.358,1,0,0,1,1,0,0,0,1,0,1,0,1,0,1,2026-08-11,1,0,1,1,0,0,0,0,0,1,1,0,1,1,0,1,1,1,0,0,1,1,0,1,0,0,0,0,1,0,1,0,4.95,1,0,0,0,0,0,50,1,0,1,1,1,0,74.2,1,0,0,0,0,0,0
4131,M4,Asia (East & Southeast),Taiwan,National Chung Hsing University,https://www.nchu.edu.tw,https://www.nchu.edu.tw/en-index,200,en,zh-ha,True,2026-08-11T11:18:23+00:00,25.799,1,1,10,1,1,0,0,0,0,0,1,0,0,1,1,2026-08-03,1,1,1,0,0,1,1,0,0,1,1,0,1,1,1,1,1,1,0,1,1,1,1,1,1,0,0,1,1,1,1,1,12.63,1,1,0,0,1,0,75,1,0,0,1,1,0,40.0,1,0,0,0,0,0,0
4132,M4,Asia (East & Southeast),Taiwan,Taipei Medical University,https://www.tmu.edu.tw,https://eng.tmu.edu.tw/,200,en,zh-ha,True,2026-08-11T12:26:01+00:00,9.552,1,1,5,1,0,0,1,1,0,0,1,0,0,0,0,,1,0,1,1,1,1,1,0,0,0,1,0,1,1,1,1,1,0,0,0,0,1,0,1,1,0,0,0,1,0,0,0,15.43,1,1,0,0,1,0,55,1,0,0,1,0,0,100.0,1,0,0,0,1,0,0
4133,M4,Asia (East & Southeast),Taiwan,National Taiwan Normal University,https://www.ntnu.edu.tw,https://en.ntnu.edu.tw/,200,,zh-tw,True,2026-08-11T11:20:54+00:00,10.446,1,0,0,0,1,0,0,0,0,0,0,0,0,0,1,2026-07-28,1,0,1,0,0,1,0,0,0,1,1,0,1,1,0,1,1,1,0,1,0,0,0,0,0,0,0,1,0,0,1,0,12.63,1,1,0,0,0,0,75,1,2,1,1,1,1,10.8,0,0,0,0,0,0,0
4134,M4,Asia (East & Southeast),Taiwan,National Chengchi University,https://www.nccu.edu.tw,https://www.nccu.edu.tw/index.php?Lang=en,200,en,zh-ha,True,2026-08-11T11:21:17+00:00,13.557,1,1,4,1,1,0,0,0,0,0,0,1,10,1,1,2026-08-11,0,1,1,0,0,0,1,0,0,0,1,0,1,1,1,1,1,1,0,1,0,1,1,1,0,0,0,0,1,0,1,0,18.58,1,0,0,0,0,1,50,1,0,1,1,1,1,90.2,1,0,0,0,0,0,0
4135,M4,Asia (East & Southeast),Taiwan,Chang Gung University,https://www.cgu.edu.tw,https://www.cgu.edu.tw/en,200,en,zh-tw,True,2026-08-11T11:21:45+00:00,9.716,1,1,6,1,0,0,0,0,0,0,1,0,0,1,0,,1,1,1,0,0,1,1,0,0,0,1,0,1,1,0,1,1,1,0,1,0,1,0,1,1,0,0,1,1,1,1,1,15.43,1,1,0,0,0,0,75,1,0,1,0,1,0,90.0,1,0,0,0,1,0,0
4136,M4,Asia (East & Southeast),Taiwan,National Yunlin University of Science and Technology,https://www.yuntech.edu.tw,https://eng.yuntech.edu.tw/,200,en-gb,zh-tw,True,2026-08-11T11:22:03+00:00,6.62,1,1,20,1,0,0,0,1,0,0,1,1,7,1,1,2026-08-03,1,1,1,0,1,1,1,0,0,0,1,0,1,1,1,1,1,1,1,1,1,1,1,1,0,0,0,1,0,1,1,1,20.86,1,1,0,0,0,0,75,1,39,0,1,1,0,60.6,1,1,0,0,0,0,0
4137,M4,Asia (East & Southeast),Taiwan,Asia University Taiwan,https://www.asia.edu.tw,https://www.asia.edu.tw/?Lang=en,200,en,zh-ha,True,2026-08-11T11:22:23+00:00,10.173,1,1,3,1,1,0,0,1,0,0,1,1,10,1,1,2026-09-07,1,1,1,0,0,0,1,0,0,0,1,0,1,1,0,1,1,0,0,1,1,1,0,1,1,1,0,0,1,1,1,0,18.58,1,0,0,0,1,0,50,1,1,1,1,1,0,81.1,1,0,0,1,0,0,0
4138,M4,Asia (East & Southeast),Hong Kong,University of Hong Kong,https://www.hku.hk,https://www.hku.hk/,200,en,en,False,2026-08-11T11:22:40+00:00,14.771,1,0,0,1,0,0,1,1,0,0,1,1,3,1,0,,1,1,1,1,2,0,0,0,1,0,1,0,1,1,1,1,1,1,1,1,1,1,0,1,0,0,0,0,1,1,1,0,12.63,1,0,0,0,0,0,90,1,0,0,1,1,0,82.9,1,1,0,0,1,0,0
4139,M4,Asia (East & Southeast),Hong Kong,Chinese University of Hong Kong,https://www.cuhk.edu.hk,https://www.cuhk.edu.hk/english/index.html,200,en,en,False,2026-08-11T11:22:50+00:00,8.538,1,1,20,1,0,0,0,1,0,0,1,0,0,0,1,2026-08-17,1,0,1,1,1,1,1,1,0,0,1,0,1,1,1,1,1,1,0,1,0,1,0,1,0,0,0,0,1,1,1,1,6.29,1,1,0,0,0,0,75,1,15,0,1,1,1,89.4,1,1,0,1,0,0,0
4140,M4,Asia (East & Southeast),Hong Kong,Hong Kong University of Science and Technology,https://www.ust.hk,https://hkust.edu.hk/,200,en,en,False,2026-08-11T11:23:02+00:00,9.521,1,1,2,1,1,0,1,1,1,0,1,1,10,0,1,2026-09-07,1,1,1,1,17,1,1,1,1,1,1,0,1,1,1,1,1,1,1,1,0,1,1,1,1,0,0,0,1,1,1,1,15.23,1,1,0,0,0,1,90,1,0,1,1,1,1,100.0,1,1,0,1,0,0,0
4141,M4,Asia (East & Southeast),Hong Kong,City University of Hong Kong,https://www.cityu.edu.hk,https://www.cityu.edu.hk/,200,en,en,False,2026-08-11T11:23:20+00:00,16.24,1,1,7,0,1,0,1,1,0,0,1,0,1,0,1,2026-08-28,1,1,1,1,0,1,1,0,1,1,1,0,1,1,1,1,1,1,1,1,1,1,0,1,0,0,0,1,0,1,1,1,12.13,1,1,0,0,0,0,75,1,0,0,0,1,1,66.7,1,1,0,1,0,0,0
4142,M4,Asia (East & Southeast),Hong Kong,Hong Kong Polytechnic University,https://www.polyu.edu.hk,https://www.polyu.edu.hk/,200,en,en,False,2026-08-11T11:23:38+00:00,16.298,1,1,7,1,1,0,1,1,0,0,1,0,0,0,0,,1,1,1,1,1,1,1,0,1,0,1,0,1,1,1,1,1,1,1,1,1,1,0,1,0,0,0,0,1,1,1,1,9.59,1,1,0,0,0,1,100,1,0,1,1,1,1,98.0,1,1,0,0,1,0,0
4143,M4,Asia (East & Southeast),Hong Kong,Hong Kong Baptist University,https://www.hkbu.edu.hk,https://www.hkbu.edu.hk/,200,en,en,False,2026-08-11T11:23:50+00:00,9.776,1,1,8,0,0,0,0,0,1,1,1,0,0,1,1,2026-08-26,1,1,1,1,0,0,0,0,0,0,1,0,1,1,1,1,1,1,1,1,0,1,1,1,0,0,0,1,1,1,1,1,9.28,1,0,0,0,0,0,100,1,0,1,1,1,1,81.0,1,1,0,1,0,0,0
4144,M4,Asia (East & Southeast),Hong Kong,Lingnan University,https://www.ln.edu.hk,https://www.ln.edu.hk/,200,en,en,False,2026-08-11T11:24:11+00:00,19.177,1,1,8,1,1,0,1,1,1,1,1,1,5,1,1,2026-09-04,1,0,1,1,7,1,1,0,0,0,1,0,1,1,1,1,1,1,1,1,1,1,0,1,1,0,0,0,1,1,1,1,17.4,1,1,0,0,0,0,100,1,0,1,1,1,1,93.1,1,1,0,1,0,0,0
4145,M4,Asia (East & Southeast),Macau,University of Macau,https://www.um.edu.mo,https://www.um.edu.mo/,200,en-us,en-us,False,2026-08-11T11:24:24+00:00,9.715,1,1,10,0,1,0,0,1,0,0,1,1,10,1,0,,1,0,0,1,20,1,1,0,1,1,1,0,1,1,1,1,1,1,1,1,1,1,0,1,0,0,0,1,1,1,1,1,8.34,1,1,1,0,0,0,90,1,0,1,1,1,0,5.5,1,1,0,0,1,0,0
4146,M4,Asia (East & Southeast),Singapore,National University of Singapore,https://www.nus.edu.sg,https://www.nus.edu.sg/,200,,,False,2026-08-11T11:24:39+00:00,12.269,1,1,8,1,0,1,0,0,0,0,0,0,0,1,1,2026-07-25,1,1,1,1,2,0,0,0,0,0,1,0,1,1,1,1,1,1,1,1,1,1,0,1,0,0,0,1,0,1,1,1,12.63,1,1,0,0,0,0,75,1,0,0,1,1,1,51.6,1,0,0,0,0,0,0
4147,M4,Asia (East & Southeast),Singapore,Nanyang Technological University,https://www.ntu.edu.sg,https://www.ntu.edu.sg/,200,en,en,False,2026-08-11T11:24:50+00:00,8.616,1,1,7,1,0,1,1,1,1,0,1,0,0,1,1,2026-11-18,1,1,1,1,0,1,1,0,0,0,1,0,1,1,1,1,1,1,1,1,1,1,1,1,1,1,1,1,0,1,1,1,12.63,1,1,1,0,0,0,100,1,0,1,1,1,1,47.1,1,0,0,1,0,0,0
4148,M4,Asia (East & Southeast),Singapore,Singapore Management University,https://www.smu.edu.sg,https://www.smu.edu.sg/,200,en,en,False,2026-08-11T11:25:05+00:00,10.96,1,1,8,1,0,0,1,1,1,0,1,0,0,0,1,2026-08-11,1,1,1,1,1,1,1,0,1,1,1,0,1,1,1,1,1,1,0,1,0,1,1,1,0,0,0,1,0,1,1,1,21.0,1,1,0,0,0,0,75,1,0,0,0,1,1,80.7,1,1,0,0,0,0,0
4149,M4,Asia (East & Southeast),Singapore,Singapore University of Technology and Design,https://www.sutd.edu.sg,https://www.sutd.edu.sg/,200,en-us,en-us,False,2026-08-11T11:25:17+00:00,10.15,1,0,0,1,0,0,1,1,1,1,1,0,1,0,1,2026-08-20,1,1,1,1,0,1,0,0,1,1,1,0,1,1,0,1,1,1,1,1,1,1,1,1,1,0,0,1,0,1,1,1,21.0,1,1,0,0,0,1,90,1,0,1,1,1,0,80.0,1,0,0,1,0,0,0
4150,M4,Asia (East & Southeast),Malaysia,University of Malaya,https://www.um.edu.my,https://www.um.edu.my/,200,en-us,en-us,False,2026-08-11T11:25:32+00:00,11.775,1,0,0,1,0,0,0,1,0,0,0,0,0,0,1,2026-08-11,1,0,1,0,3,1,1,0,1,0,1,1,1,1,1,1,1,1,1,0,1,1,0,1,0,0,1,0,1,1,1,1,5.33,1,1,0,0,0,0,75,1,3,0,1,1,0,27.3,1,0,0,0,0,0,0
4151,M4,Asia (East & Southeast),Malaysia,Universiti Kebangsaan Malaysia,https://www.ukm.my,https://www.ukm.my/portal/,200,en-gb,en-gb,False,2026-08-11T11:25:44+00:00,10.205,1,1,1,1,1,0,0,0,1,0,1,0,0,0,0,,1,0,1,1,0,0,0,0,1,0,1,0,1,1,1,1,1,1,1,1,1,1,1,1,0,0,0,0,0,1,1,0,12.63,1,0,0,0,0,1,90,1,0,0,0,0,0,7.1,1,0,0,0,1,0,0
4153,M4,Asia (East & Southeast),Malaysia,Universiti Sains Malaysia,https://www.usm.my,https://www.usm.my/en/,200,en-gb,en-gb,False,2026-08-11T11:26:43+00:00,7.896,1,1,2,1,1,0,0,1,0,0,0,0,0,1,1,2026-08-11,1,1,1,0,0,0,0,0,0,1,1,0,1,1,1,1,1,1,0,0,0,0,1,1,0,0,0,0,0,1,1,1,5.15,1,1,0,0,0,1,90,1,0,0,1,1,0,14.3,1,0,0,0,0,0,0
4154,M4,Asia (East & Southeast),Malaysia,Universiti Teknologi Malaysia,https://www.utm.my,https://www.utm.my/,200,en-us,en-us,False,2026-08-11T11:26:53+00:00,7.542,1,0,0,1,0,0,1,1,0,0,1,0,1,0,0,,0,1,0,0,0,0,0,0,1,0,1,1,1,1,1,1,1,1,1,1,0,1,0,1,0,1,0,0,0,1,1,1,5.74,1,1,0,0,0,1,90,1,0,0,0,1,1,13.3,1,1,0,0,1,0,0
4155,M4,Asia (East & Southeast),Malaysia,Universiti Teknologi PETRONAS,https://www.utp.edu.my,https://www.utp.edu.my/Pages/Home.aspx,200,en-us,en-us,False,2026-08-11T11:27:09+00:00,14.633,1,0,0,1,0,0,0,0,1,1,1,1,6,1,0,,1,1,1,1,12,0,0,0,1,1,1,0,1,1,1,1,1,1,1,1,1,1,0,1,0,0,0,0,0,1,1,0,9.74,1,0,0,0,0,1,75,1,0,1,1,1,1,60.0,1,0,0,0,1,0,0
4156,M4,Asia (East & Southeast),Malaysia,Universiti Utara Malaysia,https://www.uum.edu.my,https://www.uum.edu.my/,200,en-gb,en-gb,False,2026-08-11T11:27:21+00:00,9.455,1,1,5,0,0,0,0,1,1,1,0,1,5,0,1,2026-04-06,1,0,1,0,3,1,0,1,0,0,1,0,1,1,1,1,1,1,1,1,1,1,1,0,0,0,0,1,0,1,1,1,21.0,1,1,0,0,0,0,75,1,0,1,1,1,1,93.3,1,1,0,0,0,0,0
4157,M4,Asia (East & Southeast),Malaysia,International Islamic University Malaysia,https://www.iium.edu.my,https://www.iium.edu.my/v2/,200,en-us,en-us,False,2026-08-11T11:27:37+00:00,14.193,1,1,9,1,0,0,0,0,0,0,1,0,0,0,1,2026-08-11,1,1,1,0,0,1,0,0,0,0,1,0,1,1,0,1,1,0,1,1,0,1,0,1,0,0,0,1,1,0,1,1,21.0,1,1,0,0,1,0,90,1,0,1,0,1,0,26.3,1,1,0,0,0,0,0
4158,M4,Asia (East & Southeast),Malaysia,Universiti Teknologi MARA,https://www.uitm.edu.my,https://www.uitm.edu.my/en/,200,en-gb,en-gb,False,2026-08-11T11:27:49+00:00,10.257,1,0,0,1,1,0,1,1,1,1,1,1,7,0,1,2026-08-11,1,1,1,0,0,1,1,0,1,0,1,0,1,1,1,1,1,1,0,1,1,1,1,1,0,0,1,1,1,1,1,1,2.85,1,1,0,0,0,0,90,1,1,0,1,1,0,93.8,1,1,0,0,0,0,0
4159,M4,Asia (East & Southeast),Malaysia,Multimedia University,https://www.mmu.edu.my,https://www.mmu.edu.my/,200,en,en,False,2026-08-11T11:28:02+00:00,9.211,1,0,0,1,0,0,0,0,1,0,1,0,0,1,0,,1,1,1,1,0,0,0,0,1,0,1,0,1,1,1,1,1,1,1,1,0,1,0,1,0,0,1,1,1,1,1,1,12.63,1,1,1,0,1,0,90,1,0,1,1,1,1,40.8,1,0,0,0,1,0,0
4160,M4,Asia (East & Southeast),Malaysia,Taylor's University,https://university.taylors.edu.my,https://university.taylors.edu.my/en.html,200,en,en,False,2026-08-11T11:28:15+00:00,10.384,1,0,0,1,0,0,1,1,1,1,1,0,0,0,0,,1,0,0,0,0,1,1,0,1,1,1,0,0,1,0,1,1,1,1,1,1,1,1,1,0,0,0,0,0,1,1,0,16.3,1,1,1,0,0,0,75,1,0,1,1,1,1,96.2,1,0,0,0,1,0,0
4161,M4,Asia (East & Southeast),Malaysia,UCSI University,https://www.ucsiuniversity.edu.my,https://www.ucsiuniversity.edu.my/,200,en,en,False,2026-08-11T11:28:22+00:00,4.681,1,1,3,1,1,0,0,1,0,0,1,0,0,0,1,2026-07-30,1,1,1,1,0,1,1,0,1,1,1,0,1,1,1,1,1,1,1,1,1,1,0,1,0,0,0,1,0,1,1,0,11.76,1,0,0,0,0,1,75,1,9,1,1,1,1,56.5,1,0,0,0,0,0,0
4162,M4,Asia (East & Southeast),Malaysia,Universiti Malaysia Sarawak,https://www.unimas.my,https://www.unimas.my/,200,en-gb,en-gb,False,2026-08-11T11:28:34+00:00,9.978,1,1,6,0,0,0,0,0,0,0,1,1,4,0,1,2026-02-25,0,0,1,0,0,0,0,0,1,0,1,0,1,1,1,1,1,1,0,0,0,0,0,0,0,0,0,0,1,1,0,0,15.33,0,1,0,0,0,0,75,1,0,1,1,1,1,100.0,1,1,0,0,0,0,0
4164,M4,Asia (East & Southeast),Malaysia,Universiti Tunku Abdul Rahman,https://www.utar.edu.my,https://utar.edu.my/,200,en,en,False,2026-08-11T11:29:18+00:00,9.016,1,1,11,1,0,1,0,0,0,0,1,0,1,1,0,,1,1,1,0,0,0,0,0,0,0,1,0,1,1,1,1,1,1,1,1,1,1,0,1,1,0,1,0,0,1,1,0,21.0,1,0,1,0,0,0,75,1,0,1,0,1,0,40.9,1,0,0,0,1,0,0
4166,M4,Asia (East & Southeast),Indonesia,Gadjah Mada University,https://www.ugm.ac.id,https://ugm.ac.id/en/,200,en-us,id-id,True,2026-08-11T11:29:27+00:00,2.924,1,1,8,0,1,0,0,0,1,1,1,0,0,0,1,2026-07-02,1,0,1,1,0,1,1,0,0,1,1,0,1,1,0,1,1,1,1,1,0,1,1,1,0,0,0,1,0,0,1,0,17.73,1,1,0,0,0,0,90,1,0,1,1,1,1,24.5,1,1,0,0,0,0,0
4167,M4,Asia (East & Southeast),Indonesia,Bandung Institute of Technology,https://www.itb.ac.id,https://itb.ac.id/en?n=1786447784,200,id-id,id-id,True,2026-08-11T11:29:35+00:00,5.029,1,1,2,0,0,0,0,1,1,1,1,0,0,0,1,2026-08-07,1,0,1,1,0,1,1,0,0,0,1,0,1,1,1,1,1,1,1,1,0,1,0,1,0,0,0,1,0,0,1,1,8.86,1,1,0,0,0,0,75,1,0,0,0,1,1,100.0,1,1,0,0,0,0,0
4168,M4,Asia (East & Southeast),Indonesia,IPB University,https://www.ipb.ac.id,https://www.ipb.ac.id/en/,200,en-us,id-id,True,2026-08-11T11:29:48+00:00,4.838,1,1,5,1,1,0,0,1,0,0,1,1,9,1,1,2026-12-05,1,1,1,1,20,1,0,1,0,0,1,0,1,1,0,1,1,1,1,0,0,1,1,1,0,0,0,0,0,0,1,0,5.49,1,1,0,0,0,0,90,1,0,1,1,1,1,100.0,1,1,0,1,0,0,0
4171,M4,Asia (East & Southeast),Indonesia,Diponegoro University,https://www.undip.ac.id,https://undip.ac.id/language/en/home,200,en-gb,id-id,True,2026-08-11T11:30:14+00:00,2.605,1,1,2,1,1,0,0,1,0,0,1,1,6,1,1,2026-07-26,1,1,1,1,0,1,1,0,0,0,1,0,1,0,0,1,1,1,1,0,0,1,0,1,1,0,0,1,0,1,1,1,12.63,1,1,0,0,0,0,90,1,0,1,0,1,1,63.2,1,0,0,0,0,0,0
4172,M4,Asia (East & Southeast),Indonesia,Sepuluh Nopember Institute of Technology,https://www.its.ac.id,https://www.its.ac.id/en/home-en/,200,en-us,id-id,True,2026-08-11T11:30:40+00:00,12.59,1,1,6,0,1,0,0,1,1,0,1,1,6,0,1,,1,1,1,1,9,0,0,1,1,0,1,0,1,1,1,1,1,1,1,1,0,1,0,1,1,0,1,1,0,1,0,1,5.89,1,1,1,0,0,0,90,1,0,1,1,1,1,13.3,1,1,0,0,1,0,0
4173,M4,Asia (East & Southeast),Indonesia,Brawijaya University,https://www.ub.ac.id,https://www.ub.ac.id/en/,200,en-us,en-us,False,2026-08-11T11:30:52+00:00,9.572,1,1,7,1,1,0,1,1,1,1,1,1,5,1,1,2026-08-10,1,1,1,1,1,0,0,0,1,1,1,0,1,1,0,1,1,1,1,1,0,1,1,1,0,0,0,0,1,1,1,1,12.63,1,1,0,0,0,0,75,1,0,1,0,1,1,62.1,1,0,0,0,0,0,0
4175,M4,Asia (East & Southeast),Indonesia,Hasanuddin University,https://www.unhas.ac.id,https://www.unhas.ac.id/,200,en-us,en-us,False,2026-08-11T11:31:02+00:00,4.836,1,1,6,0,0,0,0,1,1,1,1,0,0,0,1,2026-08-01,1,1,1,1,0,1,0,0,1,0,1,0,1,1,0,1,1,1,1,1,0,0,0,0,1,0,1,0,0,1,1,0,8.21,1,0,0,0,0,0,90,1,0,1,1,1,1,96.7,1,0,0,0,0,0,0
4176,M4,Asia (East & Southeast),Indonesia,University of North Sumatra,https://www.usu.ac.id,https://www.usu.ac.id/en,200,en,id,True,2026-08-11T11:31:21+00:00,6.85,1,1,10,1,1,0,1,1,1,1,1,1,10,1,1,2026-08-11,1,1,1,0,0,1,1,0,1,0,1,0,1,1,0,1,1,1,1,0,1,1,1,1,0,0,0,1,1,1,1,1,21.0,0,0,0,0,0,0,90,1,0,1,1,1,1,100.0,1,1,0,0,0,0,0
4177,M4,Asia (East & Southeast),Indonesia,Andalas University,https://www.unand.ac.id,https://www.unand.ac.id/,200,en-gb,en-gb,False,2026-08-11T12:27:38+00:00,8.966,1,1,8,0,0,0,0,0,0,0,0,0,0,0,1,2026-08-11,0,0,0,0,0,1,0,0,0,0,1,0,0,0,0,0,0,0,0,0,0,1,0,1,0,0,0,0,0,1,1,0,21.0,1,1,0,0,0,0,75,1,0,1,1,1,0,69.1,1,1,0,0,0,0,0
4178,M4,Asia (East & Southeast),Indonesia,Bina Nusantara University,https://www.binus.ac.id,https://www.heeact.edu.tw/en/,200,en,,True,2026-08-11T11:32:06+00:00,12.141,1,1,4,1,0,0,0,0,1,1,1,0,0,0,1,2026-08-03,1,0,0,1,1,1,1,1,0,1,1,0,1,1,1,1,1,1,1,0,0,0,0,0,0,0,0,1,1,0,0,0,15.91,1,1,0,0,0,0,75,1,0,0,0,1,0,87.5,1,0,0,0,0,0,0
4180,M4,Asia (East & Southeast),Thailand,Chulalongkorn University,https://www.chula.ac.th,https://www.chula.ac.th/en/,200,en-us,th,True,2026-08-11T11:32:26+00:00,3.652,1,1,6,1,1,0,1,1,1,1,1,0,0,1,0,,1,1,1,1,0,1,1,0,1,1,1,0,1,1,1,1,1,1,1,1,1,1,1,1,0,0,0,1,0,1,1,1,21.0,1,0,0,0,0,0,100,1,0,1,0,1,1,59.1,1,1,0,0,1,0,0
4181,M4,Asia (East & Southeast),Thailand,Mahidol University,https://www.mahidol.ac.th,https://mahidol.ac.th/,200,en-us,en-us,False,2026-08-11T11:32:36+00:00,7.211,1,1,10,1,1,0,0,0,0,0,1,0,0,1,1,2026-07-23,1,0,1,1,4,1,1,0,0,0,1,0,1,1,1,1,1,1,1,1,0,1,1,1,1,0,0,1,0,1,1,1,6.1,1,1,0,0,0,0,90,1,0,1,1,1,1,21.6,1,0,0,0,0,0,0
4182,M4,Asia (East & Southeast),Thailand,Chiang Mai University,https://www.cmu.ac.th,https://www.cmu.ac.th/en/home,200,,,True,2026-08-11T11:33:40+00:00,30.008,1,1,8,1,1,0,0,0,0,0,1,1,10,1,1,2026-08-10,1,1,1,0,12,1,1,1,1,0,1,0,1,1,1,1,1,1,1,1,0,1,0,1,0,0,0,1,1,1,1,1,4.48,1,1,0,0,0,0,75,1,0,1,1,1,1,3.4,0,0,0,0,0,0,0
4183,M4,Asia (East & Southeast),Thailand,Kasetsart University,https://www.ku.ac.th,https://www.ku.ac.th/en/community-home,200,en,th,True,2026-08-11T11:33:51+00:00,4.019,1,1,1,1,1,0,0,1,0,0,1,1,2,1,1,2026-08-05,1,1,1,0,0,1,1,0,0,0,1,0,1,1,1,1,1,1,0,0,0,0,1,1,1,0,0,0,1,1,1,0,15.92,1,1,0,0,1,0,100,1,0,0,1,1,1,100.0,1,0,0,0,0,0,0
4184,M4,Asia (East & Southeast),Thailand,Thammasat University,https://www.tu.ac.th,https://tu.ac.th/en/,200,en-us,th,True,2026-08-11T11:34:03+00:00,5.854,1,1,9,1,1,0,0,1,1,0,1,0,0,1,1,2026-06-04,1,1,1,1,1,1,1,0,1,1,1,0,1,1,1,1,1,1,0,1,1,1,1,1,0,0,0,1,1,1,1,1,12.18,1,1,0,0,0,0,90,1,0,1,0,1,0,61.9,1,1,0,0,0,0,0
4186,M4,Asia (East & Southeast),Thailand,Prince of Songkla University,https://www.psu.ac.th,https://www.psu.ac.th/,200,en,en,False,2026-08-11T11:35:20+00:00,9.338,1,1,12,0,1,0,1,1,0,0,1,0,0,0,0,,0,0,0,0,0,1,1,0,0,0,1,0,0,0,0,0,0,0,0,0,0,0,0,0,0,0,0,1,0,1,1,1,5.74,1,0,0,0,0,0,75,1,1,1,0,1,1,34.1,1,0,0,0,1,0,0
4187,M4,Asia (East & Southeast),Thailand,King Mongkut's University of Technology Thonburi,https://www.kmutt.ac.th,https://www.kmutt.ac.th/en/,200,en-us,th,True,2026-08-11T11:35:39+00:00,10.208,1,0,0,1,1,0,0,0,0,0,1,0,0,1,1,2026-02-04,1,1,1,0,1,1,1,0,0,1,1,0,1,1,1,1,1,1,1,1,0,1,0,1,0,0,0,1,1,1,1,1,11.49,1,1,0,0,0,0,75,1,0,1,1,1,1,24.1,1,0,0,0,0,0,0
4188,M4,Asia (East & Southeast),Thailand,King Mongkut's Institute of Technology Ladkrabang,https://www.kmitl.ac.th,https://www.kmitl.ac.th/,200,en,en,False,2026-08-11T11:35:50+00:00,9.776,1,1,3,0,1,0,0,0,0,0,1,1,10,0,1,2026-08-30,1,0,1,1,15,1,1,1,1,0,1,0,1,1,1,1,1,1,0,0,0,1,0,1,0,0,0,1,0,0,1,1,15.43,1,1,0,0,0,0,75,1,0,1,1,1,1,80.2,1,0,0,1,0,0,0
4189,M4,Asia (East & Southeast),Thailand,Suranaree University of Technology,https://www.sut.ac.th,https://www.sut.ac.th/en/,200,,,True,2026-08-11T12:28:19+00:00,2.396,1,1,6,1,1,0,0,1,1,1,0,0,0,0,1,2026-08-11,1,1,1,0,0,1,0,0,0,0,1,0,1,1,1,1,1,1,1,1,0,1,1,1,1,0,0,1,0,0,1,0,13.08,1,1,0,0,0,0,20,1,0,1,0,1,1,60.7,0,0,0,0,0,0,0
4190,M4,Asia (East & Southeast),Thailand,Naresuan University,https://www.nu.ac.th,https://www.nu.ac.th/#,200,th,th,True,2026-08-11T11:36:19+00:00,12.987,1,1,9,1,1,0,0,0,0,0,0,0,0,0,0,,0,0,1,0,0,1,1,0,0,0,1,0,0,1,0,0,0,0,0,0,0,0,0,0,0,0,0,1,0,0,1,1,5.74,1,1,0,0,0,0,90,1,0,1,0,1,0,17.0,1,0,0,0,1,0,0
4191,M4,Asia (East & Southeast),Thailand,Silpakorn University,https://www.su.ac.th,https://www.su.ac.th/en,200,en,th,True,2026-08-11T11:36:31+00:00,8.414,1,1,5,0,1,0,0,0,0,0,1,0,0,0,0,,1,1,1,0,0,1,1,0,1,0,1,0,1,1,1,1,1,1,1,1,0,1,0,0,0,0,0,0,0,1,1,1,13.5,1,1,0,0,0,0,100,1,0,1,1,1,1,100.0,1,0,0,0,1,0,0
4193,M4,Asia (East & Southeast),Thailand,Burapha University,https://www.buu.ac.th,https://www.buu.ac.th/en/,200,en-us,th,True,2026-08-11T11:36:48+00:00,3.485,1,1,7,1,1,0,0,0,0,0,0,0,1,0,0,,1,0,1,0,2,1,1,0,0,0,1,0,1,1,1,1,1,1,0,1,0,1,1,1,0,0,0,0,0,1,1,0,21.0,1,0,0,0,0,0,90,1,0,1,0,1,1,12.5,1,0,0,0,1,0,0
4194,M4,Asia (East & Southeast),Philippines,University of the Philippines Diliman,https://upd.edu.ph,https://upd.edu.ph/,200,,,False,2026-08-11T11:37:01+00:00,11.074,1,1,7,1,0,0,0,1,1,0,1,0,0,1,1,2025-07-27,1,1,1,1,13,1,1,0,0,1,1,0,1,1,0,1,1,1,1,1,0,1,0,1,1,0,0,1,0,1,1,1,15.43,1,1,0,0,0,0,90,1,2,1,1,1,1,22.9,0,0,0,0,0,0,0
4195,M4,Asia (East & Southeast),Philippines,Ateneo de Manila University,https://www.ateneo.edu,https://www.ateneo.edu/,200,en,en,False,2026-08-11T11:37:09+00:00,5.879,1,1,8,1,0,0,0,0,0,0,1,0,0,0,1,2026-10-29,1,0,1,1,20,1,1,1,1,0,1,0,1,1,1,1,1,1,1,1,1,1,0,1,0,0,0,1,0,1,1,1,17.04,1,0,0,0,0,0,75,1,0,1,1,1,1,24.8,1,0,0,1,0,0,0
4196,M4,Asia (East & Southeast),Philippines,De La Salle University,https://www.dlsu.edu.ph,https://www.dlsu.edu.ph/,200,en,en,False,2026-08-11T11:37:21+00:00,10.109,1,1,3,1,0,0,0,1,1,1,1,0,0,1,0,,1,1,1,1,0,1,1,0,1,0,1,0,1,1,1,1,1,1,1,1,1,1,1,1,1,0,0,1,0,1,1,1,21.0,1,1,0,0,1,0,75,1,0,1,1,1,1,2.6,1,0,0,0,1,0,0
4197,M4,Asia (East & Southeast),Philippines,University of Santo Tomas,https://www.ust.edu.ph,https://www.ust.edu.ph/,200,en-us,en-us,False,2026-08-11T11:37:38+00:00,15.022,1,1,10,1,0,0,0,1,1,0,1,0,0,1,1,2026-08-07,1,0,1,1,6,1,1,0,1,1,1,0,0,0,0,1,1,1,0,0,1,1,1,1,0,0,0,0,0,1,1,0,6.78,1,1,0,0,0,0,90,1,0,1,1,1,1,0.0,1,0,0,0,0,0,0
4198,M4,Asia (East & Southeast),Philippines,Mapua University,https://www.mapua.edu.ph,https://www.mapua.edu.ph/,200,en,en,False,2026-08-11T11:37:50+00:00,9.021,1,0,0,0,0,0,1,1,1,1,1,1,9,1,1,2026-03-03,1,1,1,1,5,1,1,0,1,1,1,0,1,1,1,1,1,1,1,1,1,1,1,1,0,1,0,1,1,1,1,1,17.93,1,1,1,0,1,1,75,1,0,1,1,1,1,97.3,1,0,0,0,0,0,0
4199,M4,Asia (East & Southeast),Philippines,University of San Carlos,https://www.usc.edu.ph,https://usc.edu.ph/,200,en-us,en-us,False,2026-08-11T11:37:56+00:00,3.594,1,1,6,1,0,0,0,1,1,1,1,0,0,1,1,2026-08-08,1,0,1,1,0,0,0,1,1,0,1,0,1,1,1,1,1,1,1,1,0,1,1,1,0,0,0,1,0,1,1,1,17.58,1,1,0,0,1,0,75,1,0,1,1,1,1,86.0,1,1,0,0,0,0,0
4200,M4,Asia (East & Southeast),Philippines,Silliman University,https://su.edu.ph,https://su.edu.ph/,200,en-us,en-us,False,2026-08-11T11:38:07+00:00,9.898,1,1,7,1,0,0,0,1,1,2,1,1,2,0,1,2026-08-06,1,1,1,1,0,0,0,0,1,1,1,0,1,1,0,1,1,1,1,1,1,1,1,1,1,0,0,0,0,1,1,0,5.74,1,1,1,0,1,0,90,1,3,1,0,1,1,96.7,1,0,0,0,0,0,0
4201,M4,Asia (East & Southeast),Philippines,Polytechnic University of the Philippines,https://www.pup.edu.ph,https://www.pup.edu.ph/,200,en-ph,en-ph,False,2026-08-11T11:38:21+00:00,11.233,1,1,5,1,0,0,0,1,0,0,1,0,0,1,1,2026-08-11,1,0,1,0,0,0,0,0,0,1,1,1,1,1,1,1,1,1,0,1,1,1,1,1,1,0,0,1,0,1,1,1,2.53,1,1,0,0,0,0,75,1,1,1,1,1,0,100.0,1,0,0,0,0,0,0
4202,M4,Asia (East & Southeast),Philippines,University of the East,https://www.ue.edu.ph,https://www.ue.edu.ph/mla/,200,en-us,en-us,False,2026-08-11T11:38:44+00:00,21.118,1,0,0,1,0,0,0,1,1,1,1,1,2,1,1,2026-07-23,1,1,1,0,0,0,0,0,1,1,1,0,1,1,1,1,1,1,1,1,1,1,0,1,0,1,1,1,0,1,1,1,13.2,1,1,1,0,1,0,75,1,0,0,1,1,1,1.1,1,0,0,0,0,0,0
4203,M4,Asia (East & Southeast),Philippines,Far Eastern University,https://www.feu.edu.ph,https://www.feu.edu.ph/,200,en,en,False,2026-08-11T11:39:00+00:00,13.786,1,1,4,1,0,0,0,0,1,1,1,0,0,1,1,2026-07-20,1,1,1,1,3,1,1,0,0,0,1,0,1,1,1,1,1,1,1,1,0,1,1,1,0,0,0,1,0,1,1,1,5.47,1,1,0,0,0,0,90,1,1,0,1,1,1,0.0,1,0,0,0,0,0,0
4204,M4,Asia (East & Southeast),Vietnam,Vietnam National University Hanoi,https://www.vnu.edu.vn,https://vnu.edu.vn/,200,vi,vi,False,2026-08-11T11:39:16+00:00,9.36,1,1,8,0,0,0,1,1,0,0,1,1,9,0,1,2026-08-10,0,0,0,0,0,1,1,1,1,0,1,0,0,0,0,1,1,0,0,0,0,0,0,0,0,0,0,1,1,1,1,0,6.89,1,1,0,0,0,0,75,1,0,1,1,1,0,100.0,1,0,0,0,0,0,0
4205,M4,Asia (East & Southeast),Vietnam,Vietnam National University Ho Chi Minh City,https://vnuhcm.edu.vn,https://vnuhcm.edu.vn/,200,,,False,2026-08-11T11:39:31+00:00,12.184,1,0,0,0,0,0,1,1,0,0,0,1,4,0,1,2026-08-10,0,0,0,0,0,0,0,1,0,0,1,0,0,0,0,0,0,0,0,0,0,0,0,0,0,0,0,0,0,0,1,0,10.05,0,0,0,0,0,0,75,1,0,1,0,1,1,39.7,0,0,0,0,0,0,0
4207,M4,Asia (East & Southeast),Vietnam,Ton Duc Thang University,https://www.tdtu.edu.vn,https://www.tdtu.edu.vn/en,200,en,vi,True,2026-08-11T11:39:53+00:00,11.747,1,1,6,0,1,0,0,1,1,1,0,1,3,0,1,2026-08-07,1,0,1,1,8,1,1,1,1,1,1,0,1,1,1,1,1,1,1,0,0,0,0,1,0,0,0,0,0,1,1,1,15.43,1,1,0,0,0,0,75,1,0,0,1,1,1,13.6,1,0,0,0,0,0,0
4208,M4,Asia (East & Southeast),Vietnam,Duy Tan University,https://www.duytan.edu.vn,https://duytan.edu.vn/,200,,,True,2026-08-11T11:40:06+00:00,8.569,1,0,0,1,0,0,1,1,1,2,1,0,0,0,1,2026-08-07,1,0,1,0,0,1,1,1,1,0,1,0,1,1,0,1,1,1,0,0,0,1,1,1,0,0,0,0,1,1,1,0,15.43,1,0,0,0,0,0,100,1,0,1,0,1,1,92.5,0,0,0,0,0,0,0
4209,M4,Asia (East & Southeast),Vietnam,Can Tho University,https://www.ctu.edu.vn,https://en.ctu.edu.vn/,200,vi-vn,vi-vn,True,2026-08-11T11:40:31+00:00,12.53,1,0,0,1,0,0,0,0,0,0,1,0,0,0,1,2026-07-29,1,0,1,1,0,1,0,0,0,1,1,0,1,1,0,1,1,1,0,0,0,1,1,1,0,0,0,0,1,0,1,0,5.73,1,1,0,0,0,0,75,1,0,1,0,1,1,50.0,1,0,0,0,0,0,0
4210,M4,Asia (East & Southeast),Vietnam,Hue University,https://www.hueuni.edu.vn,https://hueuni.edu.vn/portal/en/,200,,,True,2026-08-11T11:41:14+00:00,25.851,0,0,0,1,0,0,0,0,0,0,1,0,0,1,1,2025-01-07,1,0,1,0,0,0,0,1,0,0,1,1,1,1,0,1,1,1,1,0,0,1,0,0,0,0,0,0,0,1,0,0,21.0,1,0,0,0,0,0,0,1,0,0,1,1,0,43.4,0,0,0,0,0,0,0
4211,M4,Asia (East & Southeast),Vietnam,University of Danang,https://www.udn.vn,https://www.udn.vn/english,200,en-us,vi-vn,True,2026-08-11T11:41:33+00:00,9.847,1,1,1,1,0,0,0,0,1,1,1,0,0,1,1,2026-08-07,1,0,1,1,4,1,1,0,1,1,1,0,1,1,1,1,1,1,0,0,0,0,0,1,0,1,0,0,0,1,0,0,15.43,1,1,0,0,0,0,90,1,1,1,0,1,1,47.8,1,0,0,0,0,0,0
4214,M4,Asia (East & Southeast),Other SE/E Asia,Universiti Brunei Darussalam,https://www.ubd.edu.bn,https://ubd.edu.bn/,200,en-us,en-us,False,2026-08-11T11:42:16+00:00,17.37,1,0,0,1,0,0,0,1,0,0,0,0,0,0,1,2026-08-03,1,1,1,1,0,0,0,0,0,1,1,0,1,1,1,1,1,1,1,1,1,1,1,1,1,0,1,1,0,1,1,1,5.33,1,1,0,0,0,0,90,1,2,1,1,1,0,21.1,1,0,0,0,0,1,0
4215,M4,Asia (East & Southeast),Other SE/E Asia,National University of Mongolia,https://www.num.edu.mn,https://www.num.edu.mn/,200,en-us,en-us,False,2026-08-11T11:42:36+00:00,17.879,1,1,5,1,1,0,0,0,0,0,0,1,2,0,1,2026-08-10,1,0,0,0,5,1,1,0,0,0,1,0,0,0,0,0,0,0,0,0,0,0,0,0,0,0,0,1,0,1,1,1,14.55,1,0,0,0,0,0,90,1,0,1,0,1,1,26.7,1,0,0,0,0,1,0
4216,M4,Asia (East & Southeast),Other SE/E Asia,Royal University of Phnom Penh,https://www.rupp.edu.kh,https://www.rupp.edu.kh/,200,en,en,False,2026-08-11T11:42:48+00:00,10.207,1,1,9,1,0,0,0,0,0,0,1,0,0,1,1,2026-08-11,1,0,1,1,0,1,1,0,1,0,1,0,1,1,1,1,1,1,1,1,1,1,1,1,0,0,0,1,0,1,1,1,19.08,1,1,0,0,0,0,75,1,0,1,1,1,1,97.1,1,0,0,0,0,1,0
4300,M4,Asia (East & Southeast),China,Southwest Jiaotong University,https://www.swjtu.edu.cn,https://en.swjtu.edu.cn/index.jsp,200,en,zh-cn,True,2026-08-11T11:35:39+00:00,13.197,1,0,0,0,0,0,0,1,0,0,1,0,0,0,0,,1,0,1,1,0,0,0,0,1,1,1,0,1,1,1,1,1,1,1,1,0,1,1,0,0,0,0,0,0,1,0,0,21.0,1,0,0,0,0,0,20,1,0,0,1,0,0,0.0,0,0,0,0,1,0,1
4301,M4,Asia (East & Southeast),China,Central China Normal University,https://www.ccnu.edu.cn,http://english.ccnu.edu.cn/,200,zh-cn,zh-cn,True,2026-08-11T11:36:02+00:00,12.325,1,0,0,0,0,0,0,0,0,0,0,0,0,0,0,,1,0,1,0,0,0,0,0,0,1,1,0,1,1,1,0,1,1,1,1,0,1,0,1,0,0,1,0,0,1,0,0,12.63,1,0,0,0,0,0,75,0,0,1,0,0,0,0.0,1,0,0,0,1,0,1
4304,M4,Asia (East & Southeast),China,Beijing Forestry University,https://www.bjfu.edu.cn,http://english.bjfu.edu.cn/,200,,,True,2026-08-11T11:37:01+00:00,9.586,1,0,0,1,0,0,0,0,0,0,0,1,10,0,1,2026-10-20,1,0,1,1,13,1,1,0,1,1,1,0,1,1,1,1,1,1,0,0,0,1,0,1,0,1,0,0,0,1,0,0,12.63,1,0,0,0,0,0,75,0,0,1,0,1,0,1.7,0,0,0,1,0,0,1
4305,M4,Asia (East & Southeast),Japan,Saitama University,https://www.saitama-u.ac.jp,https://en.saitama-u.ac.jp/,200,en,ja,True,2026-08-11T11:37:12+00:00,4.533,1,0,0,1,0,0,0,0,1,1,1,0,0,1,0,,1,1,1,1,0,0,0,0,0,0,1,0,1,1,1,1,1,1,1,0,0,1,0,1,0,0,0,0,0,1,0,0,19.06,1,0,0,0,0,0,90,1,0,1,1,1,1,4.3,0,1,0,0,1,0,1
4306,M4,Asia (East & Southeast),Japan,Yamagata University,https://www.yamagata-u.ac.jp,https://www.yamagata-u.ac.jp/en/,200,en,ja,True,2026-08-11T11:37:33+00:00,9.716,1,1,5,1,1,0,0,0,0,0,0,0,0,1,1,2026-04-03,1,0,1,1,2,0,0,1,1,0,1,0,1,1,1,1,1,1,0,0,0,1,0,1,0,0,0,1,1,1,0,0,21.0,1,1,0,0,0,0,75,1,0,1,0,0,0,5.9,0,0,0,0,0,0,1
4307,M4,Asia (East & Southeast),Japan,Kagawa University,https://www.kagawa-u.ac.jp,https://www.kagawa-u.ac.jp/en/,200,en,ja,True,2026-08-11T11:37:52+00:00,10.554,1,1,4,1,0,0,0,0,0,0,0,0,1,0,0,,0,0,1,0,0,0,0,1,0,0,1,1,1,1,1,1,1,1,1,0,1,1,0,1,0,0,0,1,1,1,1,1,21.0,1,1,0,0,0,0,90,1,0,0,1,0,0,73.1,1,0,0,0,1,0,1
4308,M4,Asia (East & Southeast),Other SE/E Asia,University of Yangon,https://www.uy.edu.mm,https://www.uy.edu.mm/english/,200,,,True,2026-08-11T11:38:03+00:00,6.534,1,1,9,1,1,1,0,0,1,2,1,1,4,0,0,,1,0,1,1,0,0,0,1,1,0,1,0,1,1,1,1,1,1,1,1,0,0,1,1,0,1,0,1,0,1,1,0,12.63,1,1,0,0,1,0,90,1,0,1,0,1,1,3.4,0,0,0,0,1,1,0
4309,M4,Asia (East & Southeast),Other SE/E Asia,Institute of Technology of Cambodia,https://www.itc.edu.kh,https://itc.edu.kh/,200,en-us,en-us,False,2026-08-11T11:38:24+00:00,15.699,1,1,9,1,0,0,0,0,0,0,0,0,0,0,0,,1,0,1,1,2,1,0,0,0,0,1,1,1,1,0,1,1,1,1,1,0,1,0,1,0,0,0,1,0,0,1,1,10.35,1,1,0,0,0,0,90,1,0,1,0,1,1,95.6,1,0,0,0,1,1,0
4310,M4,Asia (East & Southeast),Other SE/E Asia,National University of Laos,https://www.nuol.edu.la,https://www.nuol.edu.la/index.php/en/,200,en-gb,lo-la,True,2026-08-11T11:38:44+00:00,10.139,1,1,10,0,1,0,0,0,0,0,1,0,0,0,1,2026-02-05,1,0,1,1,0,1,1,0,0,0,1,0,1,1,1,1,1,1,1,1,0,1,0,0,0,0,0,1,0,1,1,0,15.43,1,1,0,0,0,0,75,1,2,1,0,0,1,30.3,0,0,0,0,0,1,0
4311,M4,Asia (East & Southeast),Malaysia,Universiti Malaysia Terengganu,https://www.umt.edu.my,https://www.umt.edu.my/,200,en-us,en-us,False,2026-08-11T11:39:07+00:00,19.37,1,1,0,0,1,0,0,1,0,0,1,0,0,0,0,,1,0,1,0,1,1,1,0,1,0,1,0,1,1,0,1,1,1,0,0,1,1,0,1,0,0,1,1,0,0,1,1,21.0,1,1,0,0,0,0,90,1,0,1,0,1,0,0.0,1,0,0,0,1,0,0
4312,M4,Asia (East & Southeast),Malaysia,Universiti Malaysia Sabah,https://www.ums.edu.my,https://www.ums.edu.my/v6/,200,en-gb,en-gb,False,2026-08-11T11:39:27+00:00,16.841,1,1,7,1,1,1,1,1,0,0,1,1,10,0,0,,0,1,1,0,0,0,0,0,1,1,1,0,1,1,1,1,1,1,1,1,1,1,1,1,0,0,0,0,0,1,1,1,15.5,1,1,1,0,0,0,75,1,0,0,1,1,0,62.2,1,1,0,0,1,0,0
4313,M4,Asia (East & Southeast),Indonesia,Universitas Negeri Yogyakarta,https://www.uny.ac.id,https://english.uny.ac.id/,200,en,id,True,2026-08-11T11:39:57+00:00,13.817,1,0,0,1,0,0,0,0,1,1,1,1,4,0,1,2026-08-03,1,0,1,1,2,1,1,0,0,1,1,0,1,1,1,1,1,1,0,0,0,0,0,0,0,0,0,0,0,1,1,0,4.54,1,1,0,0,0,0,75,1,0,1,0,1,1,60.0,1,0,0,0,0,0,0
5001,M5,South & Central Asia + Oceania,India,Indian Institute of Technology Bombay,https://www.iitb.ac.in,https://www.iitb.ac.in/,200,en,en,False,2026-08-11T10:28:19+00:00,7.936,1,1,6,1,1,0,0,1,1,1,1,1,5,1,1,2026-09-10,1,1,1,1,20,1,0,1,0,0,1,0,1,1,1,1,1,1,0,1,0,1,1,1,0,0,0,0,0,1,1,1,11.2,1,1,0,0,0,0,75,1,1,1,1,1,1,100.0,1,0,0,1,0,0,1
5003,M5,South & Central Asia + Oceania,India,Indian Institute of Technology Madras,https://www.iitm.ac.in,https://www.iitm.ac.in/,200,en,en,False,2026-08-11T10:29:15+00:00,3.955,1,1,9,1,1,1,0,1,1,0,1,1,8,1,1,2026-08-10,1,1,1,1,2,1,1,1,1,1,1,0,1,1,1,1,1,1,1,1,1,1,1,1,0,0,0,1,1,1,1,1,21.0,1,1,0,0,0,0,75,1,0,1,1,1,1,85.1,1,1,0,0,0,0,1
5004,M5,South & Central Asia + Oceania,India,Indian Institute of Technology Kanpur,https://www.iitk.ac.in,https://www.iitk.ac.in/,200,en,en,False,2026-08-11T10:29:33+00:00,16.352,1,1,8,1,1,0,0,0,1,0,1,0,0,1,0,,1,1,1,1,0,1,1,0,1,1,1,0,1,1,1,1,1,1,1,1,1,1,0,1,1,0,0,1,0,1,1,1,17.04,1,1,0,0,0,0,90,1,0,0,1,1,1,97.3,1,1,0,0,1,0,1
5006,M5,South & Central Asia + Oceania,India,Indian Institute of Technology Roorkee,https://www.iitr.ac.in,https://www.iitr.ac.in/,200,,,False,2026-08-11T10:30:20+00:00,10.301,1,0,0,0,0,0,0,1,0,0,1,1,8,1,1,2026-06-30,1,1,1,1,0,1,0,1,1,1,1,0,1,1,1,1,1,1,1,1,1,1,1,1,1,0,0,0,1,1,1,0,21.0,1,0,0,0,1,0,75,1,0,1,1,0,0,65.3,0,1,0,0,0,0,1
5007,M5,South & Central Asia + Oceania,India,Indian Institute of Technology Guwahati,https://www.iitg.ac.in,https://www.iitg.ac.in/,200,en,en,False,2026-08-11T10:30:37+00:00,14.264,1,1,10,1,0,0,1,1,0,0,1,1,10,1,1,2026-12-28,1,1,1,1,9,0,0,0,0,1,1,0,1,1,1,1,1,1,0,1,0,1,0,1,0,1,0,1,0,1,1,1,12.63,1,1,0,1,0,0,75,1,2,0,1,1,0,2.1,1,1,0,1,0,0,1
5008,M5,South & Central Asia + Oceania,India,Indian Institute of Science,https://www.iisc.ac.in,https://www.iisc.ac.in/,200,en,en,False,2026-08-11T10:30:44+00:00,4.864,1,1,1,1,1,0,0,1,1,1,1,1,10,1,1,2026-10-05,1,0,1,1,3,0,0,0,1,0,1,0,1,1,1,1,1,1,1,1,0,1,1,1,1,0,0,0,0,1,1,0,21.0,1,1,0,0,0,0,75,1,0,0,0,1,1,40.0,1,0,0,1,0,0,1
5009,M5,South & Central Asia + Oceania,India,Indian Institute of Technology Hyderabad,https://www.iith.ac.in,https://www.iith.ac.in/,200,en,en,False,2026-08-11T10:30:56+00:00,9.147,1,1,20,0,0,0,1,1,1,0,1,1,6,1,1,2027-02-19,1,1,1,1,1,1,1,0,0,1,1,0,1,1,1,1,1,1,1,1,1,1,1,1,1,1,0,0,0,1,1,1,12.23,1,1,0,0,0,0,75,1,0,1,0,1,1,91.4,1,0,0,1,0,0,1
5010,M5,South & Central Asia + Oceania,India,Indian Institute of Technology Indore,https://www.iiti.ac.in,https://www.iiti.ac.in/,200,en,en,False,2026-08-11T10:31:03+00:00,5.537,1,1,10,0,0,0,0,0,0,0,1,0,0,1,1,2026-12-19,1,0,1,1,20,1,1,0,0,1,1,0,1,1,1,1,1,1,0,1,0,1,0,1,1,0,0,0,0,1,1,0,9.74,1,1,0,0,0,0,75,1,0,1,1,1,0,90.8,1,0,0,1,0,0,1
5011,M5,South & Central Asia + Oceania,India,Indian Institute of Technology BHU Varanasi,https://www.iitbhu.ac.in,https://www.iitbhu.ac.in/,200,en,en,False,2026-08-11T10:31:17+00:00,11.49,1,1,11,0,1,0,0,1,0,0,1,1,10,1,1,2026-07-24,1,1,1,1,9,1,1,1,1,1,1,1,1,1,1,1,1,1,1,1,0,1,1,1,1,1,0,0,1,1,1,1,15.43,1,0,0,0,0,0,75,1,1,1,0,1,1,84.1,1,1,0,0,0,0,1
5012,M5,South & Central Asia + Oceania,India,Indian Institute of Technology ISM Dhanbad,https://www.iitism.ac.in,https://www.iitism.ac.in/,200,en,en,False,2026-08-11T10:31:31+00:00,11.372,1,1,12,1,1,0,1,1,0,0,0,1,3,1,1,2026-06-22,1,0,1,1,12,1,1,1,0,1,1,0,1,1,1,1,1,1,0,1,0,1,1,1,0,0,0,1,0,1,1,1,14.74,1,1,1,0,0,0,75,1,0,0,0,1,1,1.7,1,1,0,0,0,0,1
5013,M5,South & Central Asia + Oceania,India,Indian Institute of Technology Ropar,https://www.iitrpr.ac.in,https://www.iitrpr.ac.in/,200,en,en,False,2026-08-11T10:31:43+00:00,8.807,1,1,6,0,0,0,0,1,0,0,1,1,10,1,1,2026-08-06,1,1,1,1,20,1,1,1,1,1,1,0,1,1,1,1,1,1,1,1,1,1,1,1,1,0,0,0,0,1,1,1,21.0,1,1,0,0,1,0,75,1,1,1,0,1,1,97.4,1,1,0,0,0,0,1
5014,M5,South & Central Asia + Oceania,India,Indian Institute of Technology Gandhinagar,https://www.iitgn.ac.in,https://iitgn.ac.in/,200,en,en,False,2026-08-11T10:31:53+00:00,8.199,1,1,5,1,1,0,0,0,0,0,1,0,1,1,1,2026-08-15,1,1,1,1,0,0,0,0,1,1,1,0,1,1,1,1,1,1,1,1,1,1,0,1,1,0,0,0,0,1,1,1,8.06,1,0,1,0,0,0,75,1,1,1,1,1,1,81.5,1,0,0,1,0,0,1
5015,M5,South & Central Asia + Oceania,India,University of Delhi,https://www.du.ac.in,https://www.du.ac.in/,200,en,en,False,2026-08-11T10:32:00+00:00,5.671,1,1,11,1,1,0,0,1,0,0,1,1,10,1,1,2026-11-25,1,1,1,1,2,1,1,1,1,0,1,1,1,1,1,1,1,1,1,1,1,1,1,1,1,0,0,0,1,1,1,0,9.59,1,0,0,0,0,0,75,1,0,0,0,1,0,34.8,1,0,0,1,0,0,1
5016,M5,South & Central Asia + Oceania,India,Jawaharlal Nehru University,https://www.jnu.ac.in,https://www.jnu.ac.in/,200,en,en,False,2026-08-11T10:32:13+00:00,8.656,1,1,10,1,0,0,1,1,1,1,1,0,0,1,1,2026-10-10,1,1,1,1,18,0,0,1,0,0,1,0,1,1,1,1,1,1,1,1,1,1,1,1,1,1,0,1,1,1,1,1,15.43,1,1,0,0,0,0,75,1,0,0,0,1,1,100.0,1,0,0,1,0,0,1
5017,M5,South & Central Asia + Oceania,India,University of Hyderabad,https://www.uohyd.ac.in,https://uohyd.ac.in/,200,en-us,en-us,False,2026-08-11T10:32:22+00:00,6.913,1,1,12,1,0,0,1,1,0,0,1,0,0,1,1,2026-08-08,1,0,1,1,16,1,1,0,0,1,1,0,1,1,1,1,1,1,1,1,1,1,0,1,1,0,0,1,0,1,1,1,21.0,1,1,0,0,0,0,90,1,0,1,0,1,1,22.2,1,0,0,0,0,0,1
5018,M5,South & Central Asia + Oceania,India,Banaras Hindu University,https://www.bhu.ac.in,https://www.bhu.ac.in/Site/Home/1_2_16_Main-Site,200,,,False,2026-08-11T10:32:35+00:00,9.62,1,1,1,0,0,0,0,0,0,0,1,1,4,1,1,2026-07-28,1,0,1,1,2,1,1,1,0,0,1,1,1,0,1,1,1,1,1,0,0,1,1,1,1,0,1,0,1,1,1,0,12.63,1,1,0,0,0,0,75,1,4,0,0,1,0,21.4,0,0,0,0,0,0,1
5021,M5,South & Central Asia + Oceania,India,Jamia Millia Islamia,https://www.jmi.ac.in,https://www.jmi.ac.in/,200,en,en,False,2026-08-11T10:33:50+00:00,10.402,1,1,5,1,1,0,0,1,1,1,0,0,0,1,1,2026-05-21,1,1,1,1,1,1,1,0,0,1,1,0,1,1,1,1,1,1,1,1,1,1,1,1,0,1,0,1,1,1,1,1,21.0,1,1,0,0,0,0,75,1,0,1,1,1,0,100.0,1,1,0,0,0,0,1
5022,M5,South & Central Asia + Oceania,India,Aligarh Muslim University,https://www.amu.ac.in,https://www.amu.ac.in/,200,engli,engli,False,2026-08-11T10:34:05+00:00,12.112,1,1,9,1,1,0,0,1,1,1,1,1,10,1,1,2026-08-10,1,1,1,1,0,0,0,1,0,1,1,0,1,1,1,1,1,1,1,1,1,1,1,1,1,0,0,1,1,1,0,1,14.74,1,1,0,0,1,0,75,1,1,1,1,1,0,78.7,1,1,0,0,0,0,1
5023,M5,South & Central Asia + Oceania,India,Savitribai Phule Pune University,https://www.unipune.ac.in,https://www.unipune.ac.in/,200,en,en,False,2026-08-11T10:34:12+00:00,4.658,1,0,0,1,0,0,0,1,0,0,1,0,1,1,0,,1,1,1,1,0,0,0,1,0,0,1,0,1,1,1,1,1,0,1,1,0,1,1,1,1,0,0,0,1,1,0,0,1.38,0,0,0,0,0,0,0,1,2,1,1,1,1,63.6,1,0,0,0,1,0,1
5024,M5,South & Central Asia + Oceania,India,University of Calcutta,https://www.caluniv.ac.in,https://www.caluniv.ac.in/,307,en,en,False,2026-08-11T10:34:19+00:00,5.29,1,0,0,0,0,0,0,1,1,1,1,1,6,1,0,,1,1,1,1,1,1,1,1,1,0,1,0,1,1,1,1,1,1,1,1,0,0,0,1,0,0,0,1,0,1,1,1,19.11,1,1,0,0,0,0,75,1,1,0,0,1,0,1.2,1,0,0,0,1,0,1
5027,M5,South & Central Asia + Oceania,India,Manipal Academy of Higher Education,https://www.manipal.edu,https://www.manipal.edu/mu.html,200,en-us,en-us,False,2026-08-11T10:35:44+00:00,14.914,1,1,5,1,0,0,1,1,0,0,1,0,0,1,1,2026-10-14,1,0,1,1,4,1,1,0,1,0,1,0,1,1,1,1,1,1,1,1,1,1,1,1,1,1,0,0,0,1,1,1,12.63,1,1,1,0,1,0,100,1,0,1,1,1,1,43.9,1,0,0,1,0,0,1
5028,M5,South & Central Asia + Oceania,India,Vellore Institute of Technology,https://www.vit.ac.in,https://vit.ac.in/,200,en-us,en-us,False,2026-08-11T10:36:09+00:00,22.265,1,1,8,0,0,0,1,1,0,0,1,0,0,1,0,,1,0,1,1,20,1,1,1,0,1,1,0,1,1,1,1,1,1,1,1,1,1,0,1,1,0,0,0,1,1,1,1,12.63,1,1,0,0,0,0,90,1,0,1,1,1,1,22.9,1,0,0,0,1,0,1
5029,M5,South & Central Asia + Oceania,India,Birla Institute of Technology and Science Pilani,https://www.bits-pilani.ac.in,https://www.bits-pilani.ac.in/,200,en-us,en-us,False,2026-08-11T10:36:21+00:00,9.864,1,0,0,1,0,0,0,1,1,1,1,1,9,1,1,2025-08-17,1,1,1,1,0,0,0,1,0,0,1,0,1,1,1,1,1,1,1,1,1,1,1,1,0,1,0,1,0,1,1,1,15.43,1,1,0,1,0,0,90,1,2,1,1,1,1,50.5,1,0,0,0,0,0,1
5030,M5,South & Central Asia + Oceania,India,Amrita Vishwa Vidyapeetham,https://www.amrita.edu,https://www.amrita.edu/,200,en-us,en-us,False,2026-08-11T10:36:34+00:00,10.473,1,0,0,1,0,0,0,1,1,3,1,1,10,0,1,2026-09-06,1,1,1,1,14,1,1,0,1,1,1,0,1,1,1,1,1,1,1,0,1,1,1,1,0,0,0,0,0,1,1,1,21.0,1,1,0,0,0,0,75,1,0,1,1,1,1,96.0,1,1,0,1,0,0,1
5031,M5,South & Central Asia + Oceania,India,SRM Institute of Science and Technology,https://www.srmist.edu.in,https://www.srmist.edu.in/,200,en-us,en-us,False,2026-08-11T10:36:48+00:00,9.607,1,1,9,1,0,1,0,1,1,1,1,1,10,1,0,,1,1,1,1,0,1,1,0,1,0,1,0,1,1,1,1,1,1,1,1,1,1,0,1,1,1,1,0,0,1,1,0,1.0,1,1,0,1,1,0,90,1,0,1,1,1,1,45.7,1,1,0,0,1,0,1
5033,M5,South & Central Asia + Oceania,India,Thapar Institute of Engineering and Technology,https://www.thapar.edu,https://www.thapar.edu/,200,en,en,False,2026-08-11T10:37:08+00:00,6.429,1,1,2,1,0,0,1,1,1,1,0,1,10,1,0,,1,1,1,1,0,1,1,0,0,1,1,0,1,1,0,1,1,1,1,1,1,0,1,1,0,0,0,1,0,1,1,1,12.63,1,0,1,0,0,0,75,1,0,1,1,1,1,82.5,1,1,0,0,1,0,1
5034,M5,South & Central Asia + Oceania,India,NIT Tiruchirappalli,https://www.nitt.edu,https://www.nitt.edu/home/,200,en-us,en-us,False,2026-08-11T10:37:18+00:00,7.774,1,1,8,0,0,1,0,1,0,0,1,1,2,1,1,2026-08-25,1,0,1,1,2,1,0,0,1,0,1,0,1,1,1,1,1,1,1,1,0,1,0,1,1,0,0,0,1,1,1,0,12.63,1,1,0,0,1,1,90,1,0,0,0,1,0,33.3,1,0,0,1,0,0,1
5035,M5,South & Central Asia + Oceania,India,NIT Karnataka Surathkal,https://www.nitk.ac.in,https://www.nitk.ac.in/,200,en-us,en-us,False,2026-08-11T10:37:26+00:00,4.785,1,0,0,1,0,0,1,1,1,1,1,1,10,1,1,2027-01-07,1,1,1,1,20,1,1,1,1,0,1,1,1,1,1,1,1,1,1,1,1,1,1,1,1,1,0,1,0,1,1,1,14.55,1,1,0,0,1,0,75,1,0,1,0,1,1,29.6,1,1,0,1,0,0,1
5036,M5,South & Central Asia + Oceania,India,NIT Warangal,https://www.nitw.ac.in,https://www.nitw.ac.in/,200,en,en,False,2026-08-11T10:37:48+00:00,14.243,1,1,9,1,0,0,0,1,1,2,1,1,10,1,1,2027-03-30,1,1,1,1,3,1,1,1,1,0,1,0,1,1,1,1,1,1,1,1,1,1,1,1,1,1,0,1,0,1,1,1,8.06,1,1,0,0,1,0,75,1,0,1,0,1,1,19.1,1,0,0,1,0,0,1
5038,M5,South & Central Asia + Oceania,India,NIT Calicut,https://www.nitc.ac.in,https://nitc.ac.in/,200,en,en,False,2026-08-11T10:38:43+00:00,9.856,1,1,8,1,1,0,0,1,1,1,1,1,10,1,1,2027-02-03,1,1,1,1,20,1,1,0,1,0,1,0,1,1,1,1,1,1,1,0,1,1,0,1,1,1,0,0,0,0,1,0,13.85,1,0,0,0,0,0,75,1,0,1,1,1,1,86.6,1,0,0,1,0,0,1
5039,M5,South & Central Asia + Oceania,India,Osmania University,https://www.osmania.ac.in,https://www.osmania.ac.in/#gsc.tab=0,200,en-us,en-us,False,2026-08-11T10:38:58+00:00,12.552,1,0,0,1,0,0,0,1,1,2,1,1,10,1,1,2026-12-11,1,1,1,1,9,1,1,1,0,1,1,0,1,1,1,1,1,1,1,1,1,1,1,1,1,1,0,0,0,1,1,1,9.74,1,1,1,0,0,0,75,1,0,0,0,0,0,20.0,1,1,0,1,0,0,1
5040,M5,South & Central Asia + Oceania,India,Panjab University,https://www.puchd.ac.in,https://www.puchd.ac.in/,200,en,en,False,2026-08-11T10:39:10+00:00,9.442,1,1,1,0,0,0,1,1,1,1,0,0,0,1,1,2026-08-04,1,0,1,1,0,0,1,0,1,0,1,0,1,1,1,1,1,1,1,1,1,1,0,1,1,0,0,1,1,1,1,1,15.43,1,0,0,0,0,0,75,1,0,1,1,0,1,100.0,1,0,0,0,0,0,1
5041,M5,South & Central Asia + Oceania,India,Cochin University of Science and Technology,https://www.cusat.ac.in,https://www.cusat.ac.in/,200,en,en,False,2026-08-11T10:39:17+00:00,4.814,1,0,0,0,0,0,0,1,1,1,1,1,10,0,1,2026-08-31,1,0,1,1,16,1,1,1,0,1,1,0,1,1,1,1,1,1,1,1,1,1,1,1,1,0,0,0,0,1,1,0,12.63,1,0,1,0,0,0,75,1,0,1,1,1,0,19.5,1,0,0,1,0,0,1
5043,M5,South & Central Asia + Oceania,India,Ashoka University,https://www.ashoka.edu.in,https://www.ashoka.edu.in/,200,en-us,en-us,False,2026-08-11T10:39:31+00:00,2.323,1,1,9,1,1,0,0,1,0,0,1,0,0,1,1,2026-05-22,1,1,1,1,9,1,1,0,1,1,1,0,1,1,1,1,1,1,1,1,1,1,1,1,1,1,0,1,0,1,1,1,20.87,1,1,0,0,0,1,100,1,0,1,1,1,1,25.6,1,0,0,0,0,0,1
5044,M5,South & Central Asia + Oceania,India,O.P. Jindal Global University,https://www.jgu.edu.in,https://jgu.edu.in/,200,en,en,False,2026-08-11T10:39:43+00:00,10.005,1,0,0,1,0,0,0,1,1,1,1,1,10,0,0,,1,1,1,1,0,1,1,0,0,1,1,0,1,1,1,1,1,1,1,1,1,1,0,1,0,0,0,1,0,1,1,1,12.63,1,1,1,0,0,0,75,1,0,1,1,1,1,98.2,1,0,0,0,1,0,1
5045,M5,South & Central Asia + Oceania,India,IIIT Hyderabad,https://www.iiit.ac.in,https://www.iiit.ac.in/,200,en-us,en-us,False,2026-08-11T10:39:54+00:00,8.734,1,1,6,0,0,0,0,1,0,0,1,0,0,1,1,2026-10-09,1,1,1,1,9,1,1,1,1,1,1,0,1,1,0,1,1,1,1,1,1,1,1,1,0,0,0,0,0,1,1,1,10.17,1,0,0,0,1,0,90,1,1,0,1,1,1,0.0,1,0,0,1,0,0,1
5046,M5,South & Central Asia + Oceania,India,Indian Statistical Institute,https://www.isical.ac.in,https://www.isical.ac.in/index,200,en,en,False,2026-08-11T10:40:00+00:00,4.576,1,1,8,1,0,0,0,0,0,0,1,0,1,1,0,,1,1,1,1,0,0,0,0,0,0,1,0,1,1,0,1,1,1,1,1,0,1,0,1,1,0,0,0,0,1,1,1,13.92,1,0,0,0,0,0,75,1,0,1,1,1,0,12.5,0,0,0,0,1,0,1
5047,M5,South & Central Asia + Oceania,India,Tata Institute of Fundamental Research,https://www.tifr.res.in,https://www.tifr.res.in/,200,en,en,False,2026-08-11T10:40:24+00:00,12.349,1,1,1,0,0,0,0,0,0,0,1,0,0,0,0,,1,0,1,0,0,0,0,0,0,0,1,0,1,1,0,1,1,1,0,0,1,1,1,1,0,0,0,1,1,1,1,1,17.04,1,1,1,0,0,0,75,1,0,0,1,1,1,100.0,1,1,0,0,1,0,1
5048,M5,South & Central Asia + Oceania,India,All India Institute of Medical Sciences Delhi,https://www.aiims.edu,https://www.aiims.edu/index.php/en,200,en-gb,en-gb,False,2026-08-11T10:40:34+00:00,6.815,1,0,0,1,0,0,0,0,1,1,1,0,0,1,1,2025-10-01,1,0,1,1,0,0,0,1,0,1,1,0,1,1,1,1,1,1,0,1,0,1,1,1,1,0,0,0,0,1,1,0,10.86,1,1,0,0,0,0,20,1,0,1,0,0,0,22.0,0,1,0,0,0,0,1
5049,M5,South & Central Asia + Oceania,India,Christ University,https://www.christuniversity.in,https://www.un.org/en/academic-impact/unai-sdg-hub-5,200,en,,True,2026-08-11T10:40:55+00:00,12.172,1,1,2,1,1,0,0,0,0,0,0,0,0,1,0,,1,0,0,1,0,1,0,0,1,0,1,0,1,1,0,1,1,1,1,1,0,1,1,1,0,0,0,0,0,1,1,1,12.63,1,1,0,0,0,0,75,1,0,0,1,1,1,100.0,1,1,0,0,1,0,1
5050,M5,South & Central Asia + Oceania,India,Pondicherry University,https://www.pondiuni.edu.in,https://www.pondiuni.edu.in/,200,en-us,en-us,False,2026-08-11T12:32:52+00:00,14.83,1,1,7,0,0,0,0,0,1,1,1,1,10,0,1,2026-08-28,1,1,1,1,20,1,1,1,1,1,1,0,1,1,1,1,1,1,1,1,1,1,0,1,0,0,0,0,0,1,1,1,21.0,1,0,0,0,0,0,90,1,0,0,0,1,1,17.5,1,0,0,1,0,0,1
5051,M5,South & Central Asia + Oceania,India,Tezpur University,https://www.tezu.ernet.in,https://www.tezu.ernet.in/,200,en,en,False,2026-08-11T10:41:40+00:00,5.401,1,0,0,1,0,0,0,0,1,1,1,0,0,1,1,2026-09-03,1,1,1,0,0,1,0,1,1,0,1,0,1,1,1,1,1,1,1,1,1,1,0,1,1,1,0,0,1,1,1,0,16.97,1,0,0,0,0,0,20,1,3,0,1,1,1,48.9,0,1,0,1,0,0,1
5052,M5,South & Central Asia + Oceania,India,Visva-Bharati University,https://www.visvabharati.ac.in,https://www.visvabharati.ac.in/,200,,,False,2026-08-11T10:41:43+00:00,1.793,1,0,0,0,0,0,0,0,0,0,0,0,0,0,0,,0,0,1,0,0,0,0,0,0,0,0,0,1,0,0,0,0,0,0,0,0,0,0,0,0,0,0,0,0,0,0,0,17.05,0,0,0,0,0,0,0,1,0,1,0,1,1,0.0,0,0,0,0,1,0,1
5054,M5,South & Central Asia + Oceania,India,University of Kerala,https://www.keralauniversity.ac.in,https://www.keralauniversity.ac.in/home,200,en,en,False,2026-08-11T10:42:46+00:00,9.728,0,1,13,1,0,0,1,1,1,1,1,1,3,0,1,2026-08-07,1,1,1,1,5,1,1,1,0,0,1,0,1,1,1,1,1,1,1,1,0,1,1,1,1,1,0,0,1,1,0,1,12.63,1,0,0,0,0,0,75,1,2,1,0,0,0,95.9,1,0,0,0,0,0,1
5055,M5,South & Central Asia + Oceania,India,University of Calicut,https://www.uoc.ac.in,https://www.uoc.ac.in/,200,en-gb,en-gb,False,2026-08-11T10:42:54+00:00,5.745,0,0,0,1,0,0,0,1,1,1,1,0,0,1,1,2026-08-11,1,0,1,1,0,0,0,0,1,0,1,0,1,1,1,1,1,1,1,1,1,1,1,1,0,0,1,0,0,1,1,0,12.63,1,0,0,0,0,0,75,1,0,1,1,1,0,73.2,1,0,0,0,0,0,1
5056,M5,South & Central Asia + Oceania,India,Bharathiar University,https://www.b-u.ac.in,https://b-u.ac.in/,200,,,False,2026-08-11T10:43:19+00:00,22.529,1,1,11,1,1,0,1,1,0,0,1,1,10,1,1,2026-08-23,1,1,1,1,20,1,1,1,0,1,1,0,1,1,1,1,1,1,1,1,0,1,1,1,1,1,0,0,1,1,1,0,17.4,1,1,1,0,0,0,75,1,0,1,0,1,1,98.4,1,1,0,1,0,0,1
5058,M5,South & Central Asia + Oceania,India,Gujarat University,https://www.gujaratuniversity.ac.in,https://www.gujaratuniversity.ac.in/,200,en,en,False,2026-08-11T10:44:04+00:00,8.982,1,1,8,1,1,0,0,1,0,0,1,1,10,1,1,2026-07-30,1,0,1,0,5,0,0,1,0,1,1,0,1,1,1,1,1,1,1,1,1,1,1,1,1,1,0,1,0,1,1,1,7.94,1,1,0,0,0,1,75,1,0,1,1,1,0,23.6,1,1,0,0,0,0,1
5059,M5,South & Central Asia + Oceania,India,University of Lucknow,https://www.lkouniv.ac.in,https://www.lkouniv.ac.in/en/page/archives,200,,,True,2026-08-11T10:44:46+00:00,9.885,1,1,13,1,1,1,0,1,1,1,1,0,0,1,1,2025-05-15,1,1,1,1,2,0,0,1,1,0,1,0,1,1,1,1,1,1,1,1,1,1,1,1,1,1,0,1,0,1,1,1,12.63,1,1,0,0,0,0,75,1,0,1,0,0,1,100.0,1,0,0,0,0,0,1
5061,M5,South & Central Asia + Oceania,India,Guru Gobind Singh Indraprastha University,https://www.ipu.ac.in,https://www.ipu.ac.in/,200,en,en,False,2026-08-11T10:44:56+00:00,6.043,1,1,8,0,0,0,0,1,1,1,0,0,0,1,0,,1,1,1,1,0,1,0,1,0,0,1,0,1,1,1,1,1,1,0,1,1,1,1,1,1,1,0,0,1,0,0,0,15.43,1,0,0,0,0,0,75,1,0,1,0,1,1,61.5,1,0,0,0,1,0,1
5063,M5,South & Central Asia + Oceania,India,Maharaja Sayajirao University of Baroda,https://www.msubaroda.ac.in,https://www.msubaroda.ac.in/,200,en,en,False,2026-08-11T10:45:15+00:00,6.953,1,1,11,1,0,0,0,1,1,1,1,1,2,1,1,2026-08-07,1,1,1,1,5,0,0,1,0,1,1,1,1,1,1,1,1,1,1,1,0,1,1,1,1,0,0,1,1,1,1,1,21.0,1,1,0,0,0,0,75,1,4,1,1,1,0,15.3,1,0,0,0,0,0,1
5064,M5,South & Central Asia + Oceania,India,Sri Venkateswara University,https://www.svuniversity.edu.in,https://svuniversity.edu.in/,200,en-us,en-us,False,2026-08-11T10:45:32+00:00,15.418,1,1,9,1,0,0,0,1,1,1,1,0,0,0,1,2026-07-25,1,1,1,1,12,1,0,1,0,0,1,0,1,1,1,1,1,1,0,1,1,1,1,1,0,1,0,0,0,1,0,0,12.63,1,0,0,0,1,1,90,1,1,1,0,1,0,44.4,1,1,0,0,0,0,1
5065,M5,South & Central Asia + Oceania,India,Bharathidasan University,https://www.bdu.ac.in,https://www.bdu.ac.in/,200,en,en,False,2026-08-11T10:45:50+00:00,14.997,1,1,11,0,0,0,0,0,1,1,1,1,4,1,1,2026-09-06,1,1,1,1,0,0,0,1,0,0,1,0,1,1,1,1,1,1,1,1,1,1,1,1,0,1,0,0,0,1,0,1,15.43,1,0,0,0,0,0,75,1,0,1,1,1,0,32.0,1,1,0,1,0,0,1
5066,M5,South & Central Asia + Oceania,Pakistan,Quaid-i-Azam University,https://www.qau.edu.pk,https://qau.edu.pk/,200,en-us,en-us,False,2026-08-11T10:46:04+00:00,10.488,1,1,6,0,0,0,1,1,0,0,1,1,10,1,1,2025-12-12,1,0,1,1,11,1,1,0,1,0,1,1,1,1,1,1,1,1,1,1,1,1,0,1,1,0,0,1,0,1,1,1,12.63,1,1,0,0,0,0,90,1,0,1,0,1,1,72.7,1,0,0,0,0,0,1
5067,M5,South & Central Asia + Oceania,Pakistan,National University of Sciences and Technology,https://www.nust.edu.pk,https://nust.edu.pk/,200,en-us,en-us,False,2026-08-11T10:46:17+00:00,9.887,1,1,8,1,1,0,0,1,1,1,1,1,10,1,1,2026-03-14,1,0,1,1,20,1,1,1,1,1,1,0,1,1,1,1,1,1,1,1,1,1,1,1,0,0,0,1,0,1,1,1,15.43,1,1,0,0,1,0,75,1,0,1,1,1,1,84.2,1,0,0,0,0,0,1
5068,M5,South & Central Asia + Oceania,Pakistan,Lahore University of Management Sciences,https://www.lums.edu.pk,https://www.lums.edu.pk/,200,en,en,False,2026-08-11T10:46:37+00:00,17.977,1,1,6,1,0,0,0,1,1,1,1,1,10,1,0,,1,1,1,1,20,1,1,0,1,1,1,0,1,1,1,1,1,1,1,1,1,1,1,1,1,0,0,1,0,1,1,1,12.63,1,1,0,1,0,0,75,1,1,1,0,1,0,56.4,1,1,0,0,1,0,1
5069,M5,South & Central Asia + Oceania,Pakistan,University of the Punjab,https://www.pu.edu.pk,https://www.pu.edu.pk/,200,en,en,False,2026-08-11T10:46:53+00:00,12.806,1,1,6,0,0,0,0,1,0,0,1,1,7,1,0,,1,1,1,1,0,1,1,0,0,1,1,0,1,1,1,1,1,1,1,1,1,1,1,1,0,0,0,0,1,1,1,1,21.0,1,1,1,0,0,0,75,1,0,1,0,1,1,17.1,1,1,0,0,1,0,1
5070,M5,South & Central Asia + Oceania,Pakistan,University of Engineering and Technology Lahore,https://www.uet.edu.pk,https://www.uet.edu.pk/home/,200,en,en,False,2026-08-11T10:47:02+00:00,5.524,1,1,7,1,0,0,1,1,0,0,1,1,2,1,1,2026-07-15,1,1,1,1,7,1,1,1,1,0,1,0,1,1,1,1,1,1,1,1,0,1,1,1,0,0,1,1,0,1,0,0,7.46,1,1,0,0,0,0,90,1,1,1,0,1,1,76.0,1,0,0,0,0,0,1
5071,M5,South & Central Asia + Oceania,Pakistan,University of Karachi,https://www.uok.edu.pk,https://kupress.pk/en/,200,en-us,,True,2026-08-11T10:47:22+00:00,10.309,1,1,1,1,1,0,0,0,0,0,0,0,0,0,0,,0,0,0,0,0,0,0,0,0,0,1,0,1,1,0,0,1,0,0,0,0,0,0,1,1,0,0,0,0,1,0,0,21.0,1,1,0,0,0,0,90,1,0,0,0,1,0,11.1,1,0,0,0,1,0,1
5072,M5,South & Central Asia + Oceania,Pakistan,Aga Khan University,https://www.aku.edu,https://www.aku.edu/Pages/home.aspx,200,en-us,en-us,False,2026-08-11T10:47:56+00:00,28.732,1,1,9,1,0,0,0,0,0,0,1,1,8,1,1,2026-08-21,1,0,1,1,2,1,1,0,1,0,1,0,1,1,1,1,1,1,1,1,1,1,1,1,1,0,0,0,0,1,1,1,5.74,1,1,0,0,1,0,75,1,1,0,1,1,1,53.8,1,0,0,1,0,0,1
5073,M5,South & Central Asia + Oceania,Pakistan,COMSATS University Islamabad,https://www.comsats.edu.pk,https://www.comsats.edu.pk/,200,,,False,2026-08-11T10:48:13+00:00,14.342,1,1,6,0,0,0,0,1,0,0,1,1,10,1,1,2026-07-29,1,1,1,1,13,1,1,1,1,1,1,0,1,1,1,1,1,1,1,1,0,1,1,1,1,1,1,1,0,1,1,1,15.43,1,1,0,0,0,1,75,1,14,1,1,1,1,100.0,1,0,0,0,0,0,1
5074,M5,South & Central Asia + Oceania,Pakistan,University of Agriculture Faisalabad,https://www.uaf.edu.pk,https://web.uaf.edu.pk/,200,en,en,False,2026-08-11T10:48:20+00:00,5.011,1,0,0,1,0,0,0,0,1,1,1,0,0,1,1,2026-08-08,1,0,1,1,0,0,0,1,1,0,1,0,1,1,1,1,1,1,1,1,1,1,0,0,1,0,0,1,0,1,1,1,4.87,1,1,0,0,0,0,75,1,1,1,0,1,0,12.5,1,0,0,0,0,0,1
5077,M5,South & Central Asia + Oceania,Pakistan,Bahauddin Zakariya University,https://www.bzu.edu.pk,https://bzu.edu.pk/,200,en,en,False,2026-08-11T10:49:10+00:00,10.957,1,1,20,1,0,0,0,1,1,1,1,1,10,1,0,,1,1,1,1,0,1,1,0,0,0,1,0,1,1,1,1,1,1,1,1,1,1,1,1,1,1,0,0,0,0,0,0,3.9,1,0,1,0,0,0,75,1,0,1,1,0,1,93.8,1,0,0,0,1,0,1
5078,M5,South & Central Asia + Oceania,Pakistan,GIK Institute of Engineering Sciences and Technology,https://www.giki.edu.pk,https://giki.edu.pk/,200,en-us,en-us,False,2026-08-11T10:49:25+00:00,12.408,1,0,0,1,0,0,0,0,1,1,1,0,0,1,1,2026-07-30,1,1,1,1,1,0,0,0,1,0,1,0,1,1,1,1,1,1,1,1,1,1,1,1,0,0,1,0,0,1,1,1,8.32,1,1,0,0,0,0,90,1,2,1,1,1,0,3.4,1,0,0,0,0,0,1
5079,M5,South & Central Asia + Oceania,Pakistan,Pakistan Institute of Engineering and Applied Sciences,https://www.pieas.edu.pk,https://www.pieas.edu.pk/,200,zxx,zxx,False,2026-08-11T10:49:38+00:00,10.237,1,1,9,1,0,0,0,1,0,0,1,0,0,1,1,,1,0,1,1,8,1,1,1,1,1,1,0,1,1,1,1,1,1,1,1,1,0,0,1,0,0,0,1,0,1,1,1,5.74,1,0,0,0,0,0,75,1,0,1,0,1,1,68.3,1,0,0,0,1,0,1
5080,M5,South & Central Asia + Oceania,Pakistan,International Islamic University Islamabad,https://www.iiu.edu.pk,https://www.iiu.edu.pk/,200,en-us,en-us,False,2026-08-11T12:34:27+00:00,5.332,1,1,7,0,0,0,0,1,1,1,0,0,0,0,1,2026-08-10,1,0,1,1,0,1,1,0,0,0,1,0,1,1,1,1,1,1,1,1,1,1,1,1,1,0,0,1,0,1,1,1,12.63,1,1,0,0,0,0,90,1,0,1,0,0,1,22.2,1,0,0,0,0,0,1
5081,M5,South & Central Asia + Oceania,Pakistan,University of Sindh,https://www.usindh.edu.pk,https://www.usindh.edu.pk/,200,en,en,False,2026-08-11T10:50:39+00:00,10.422,1,1,2,1,0,0,0,0,0,0,0,0,0,1,1,2026-08-07,1,1,1,1,0,1,1,1,0,0,1,0,1,1,1,1,1,1,1,1,1,1,0,1,1,1,0,1,0,1,1,1,15.43,1,1,0,0,0,0,75,1,3,1,0,1,1,61.1,1,0,0,0,0,0,1
5082,M5,South & Central Asia + Oceania,Pakistan,Mehran University of Engineering and Technology,https://www.muet.edu.pk,https://www.muet.edu.pk/,200,en,en,False,2026-08-11T10:50:52+00:00,10.592,1,1,5,0,0,0,0,0,1,1,1,1,6,1,1,2026-08-09,1,1,1,1,20,1,0,1,0,1,1,0,1,1,1,1,1,1,1,1,1,1,0,1,1,0,0,1,0,1,1,1,21.0,1,1,0,0,1,0,75,1,0,1,0,1,1,87.5,1,0,0,0,0,0,1
5083,M5,South & Central Asia + Oceania,Pakistan,NED University of Engineering and Technology,https://www.neduet.edu.pk,https://www.neduet.edu.pk/,200,en,en,False,2026-08-11T10:51:08+00:00,13.649,1,1,8,1,0,0,0,1,1,0,0,1,4,1,1,2026-08-13,1,1,1,1,3,0,0,0,1,1,1,0,1,1,1,1,1,1,1,1,1,1,1,1,1,0,0,0,0,1,1,1,12.63,1,1,0,0,1,0,75,1,0,1,0,1,1,37.1,1,0,0,1,0,0,1
5085,M5,South & Central Asia + Oceania,Pakistan,Air University,https://www.au.edu.pk,https://www.au.edu.pk/,200,en,en,False,2026-08-11T12:34:40+00:00,10.799,1,1,9,0,0,0,0,1,1,1,1,1,10,1,1,2025-11-14,1,1,1,0,11,1,1,1,1,0,1,0,1,1,1,1,1,1,1,1,1,1,1,1,1,0,1,1,0,1,1,1,6.38,1,1,0,0,1,0,75,1,0,1,0,1,1,75.9,1,0,0,0,0,0,1
5086,M5,South & Central Asia + Oceania,Pakistan,Bahria University,https://www.bahria.edu.pk,https://www.bahria.edu.pk/,200,,,False,2026-08-11T10:52:13+00:00,3.96,1,0,0,0,0,0,0,1,0,0,0,1,4,1,0,,1,1,1,1,4,1,1,1,1,1,1,0,1,1,0,1,1,1,1,1,1,1,1,1,1,0,0,0,0,1,1,0,15.43,1,0,0,0,0,0,75,1,0,1,0,0,0,65.5,1,1,0,0,1,0,1
5087,M5,South & Central Asia + Oceania,Pakistan,University of Management and Technology,https://www.umt.edu.pk,https://www.umt.edu.pk/,200,en-us,en-us,False,2026-08-11T10:52:20+00:00,4.826,1,0,0,1,0,0,0,1,1,1,1,1,2,1,0,,1,0,1,1,7,1,1,0,0,0,1,0,1,1,1,1,1,1,1,0,1,1,0,1,0,1,1,0,0,1,1,1,1.49,1,0,1,0,0,1,75,1,0,1,0,1,0,7.4,1,1,0,0,1,0,1
5088,M5,South & Central Asia + Oceania,Pakistan,University of Health Sciences Lahore,https://www.uhs.edu.pk,https://www.uhs.edu.pk/,200,en,en,False,2026-08-11T10:52:25+00:00,3.225,1,0,0,0,0,0,0,0,0,0,0,0,0,1,0,,1,0,1,0,0,1,1,0,0,0,0,0,1,0,0,0,0,1,0,0,0,0,0,0,0,1,0,0,0,0,0,0,15.43,0,0,0,0,0,0,75,1,0,1,1,0,1,0.0,1,0,0,0,1,0,1
5089,M5,South & Central Asia + Oceania,Pakistan,Riphah International University,https://www.riphah.edu.pk,https://riphah.edu.pk/,200,en,en,False,2026-08-11T10:52:31+00:00,3.898,0,1,5,1,0,0,1,1,1,1,1,0,1,1,0,,1,0,1,1,0,1,1,0,1,0,1,0,1,1,1,1,1,1,0,0,1,1,0,1,0,0,0,0,1,1,1,1,12.63,1,0,0,0,1,0,75,1,0,1,1,1,1,83.3,1,0,0,0,1,0,1
5090,M5,South & Central Asia + Oceania,Pakistan,University of Engineering and Technology Taxila,https://www.uettaxila.edu.pk,https://www.uettaxila.edu.pk/,200,en,en,False,2026-08-11T10:52:45+00:00,11.753,1,0,0,0,0,0,0,0,1,0,0,0,0,1,0,,1,1,1,1,0,0,0,1,1,1,1,0,1,1,1,1,1,1,1,1,0,1,1,1,1,1,1,0,0,1,1,0,4.81,1,1,0,0,0,0,75,1,2,1,0,0,1,90.8,1,0,0,0,1,0,1
5091,M5,South & Central Asia + Oceania,Bangladesh,University of Dhaka,https://www.du.ac.bd,https://www.du.ac.bd/,200,en,en,False,2026-08-11T10:52:54+00:00,7.136,1,1,1,1,0,0,0,0,0,0,1,1,10,1,0,,1,1,1,1,6,1,1,0,1,1,1,0,1,1,1,1,1,1,1,1,1,1,0,1,1,0,0,1,0,1,1,1,5.74,1,1,0,0,1,0,75,1,0,1,1,1,1,83.7,1,0,0,0,1,0,1
5092,M5,South & Central Asia + Oceania,Bangladesh,Bangladesh University of Engineering and Technology,https://www.buet.ac.bd,https://www.buet.ac.bd/web/#/,200,en,en,False,2026-08-11T10:53:04+00:00,7.511,1,1,9,0,0,0,1,1,0,0,1,1,4,1,1,2025-11-24,1,0,1,1,2,0,0,1,1,0,1,0,1,1,1,1,1,1,1,1,0,1,1,0,1,0,0,0,0,1,1,1,9.74,1,1,0,0,1,0,75,1,6,1,1,1,0,66.7,1,0,0,0,0,0,1
5093,M5,South & Central Asia + Oceania,Bangladesh,BRAC University,https://www.bracu.ac.bd,https://www.bracu.ac.bd/,200,en,en,False,2026-08-11T10:53:15+00:00,9.255,1,1,7,1,0,0,0,0,0,0,0,1,10,1,1,2026-08-10,1,0,1,0,8,1,1,0,1,1,1,0,1,1,1,1,1,1,1,1,1,1,1,1,0,1,0,1,0,1,1,1,14.8,1,1,0,0,0,0,75,1,0,1,1,1,1,52.0,1,0,0,0,0,0,1
5094,M5,South & Central Asia + Oceania,Bangladesh,North South University,https://www.northsouth.edu,https://www.northsouth.edu/,200,en,en,False,2026-08-11T10:53:25+00:00,7.331,1,1,10,1,0,0,1,1,1,1,1,0,0,1,1,2026-08-11,1,1,1,1,20,1,1,1,0,1,1,0,1,1,1,1,1,1,1,1,1,1,1,1,1,0,1,1,0,1,1,0,4.61,1,0,0,0,0,0,75,1,0,1,1,1,1,87.3,1,0,0,0,0,0,1
5095,M5,South & Central Asia + Oceania,Bangladesh,Jahangirnagar University,https://www.juniv.edu,https://www.juniv.edu/,200,en,en,False,2026-08-11T10:53:32+00:00,4.588,1,1,14,0,0,0,0,0,1,1,1,0,0,1,1,2026-08-10,1,1,1,1,1,1,1,0,1,0,1,0,1,1,1,1,1,1,0,1,1,0,0,1,1,0,0,0,0,1,1,0,12.63,1,1,0,0,0,0,75,1,0,1,0,1,1,92.9,1,0,0,0,0,0,1
5096,M5,South & Central Asia + Oceania,Bangladesh,University of Chittagong,https://www.cu.ac.bd,https://cu.ac.bd/,200,en-us,en-us,False,2026-08-11T10:53:40+00:00,4.784,1,1,11,1,0,0,0,0,0,0,1,1,8,1,0,,1,1,1,1,4,1,1,1,0,1,1,0,1,1,1,1,1,1,1,1,0,1,0,1,1,0,0,1,0,1,1,1,4.21,1,1,0,0,0,0,90,1,0,1,0,1,1,13.0,1,0,0,0,1,0,1
5097,M5,South & Central Asia + Oceania,Bangladesh,University of Rajshahi,https://www.ru.ac.bd,https://www.ru.ac.bd/,200,en-us,en-us,False,2026-08-11T10:53:45+00:00,2.538,1,1,9,0,0,0,0,0,0,0,0,1,7,1,0,,1,0,1,1,0,0,0,1,0,0,1,0,1,1,0,1,1,1,0,1,0,1,0,1,1,0,0,0,1,1,1,1,12.63,1,1,0,0,0,0,90,1,0,1,0,1,1,5.9,1,0,0,0,1,0,1
5098,M5,South & Central Asia + Oceania,Bangladesh,Bangladesh Agricultural University,https://www.bau.edu.bd,https://www.bau.edu.bd/,200,en,en,False,2026-08-11T10:53:51+00:00,4.168,1,0,0,1,0,0,0,1,0,0,1,0,1,1,1,2026-08-08,1,0,1,1,6,1,1,1,1,1,1,0,1,1,1,1,1,1,1,1,1,0,0,1,1,0,0,0,0,1,0,0,18.45,1,1,0,0,1,0,90,1,1,1,1,1,1,6.4,1,0,0,0,0,0,1
5099,M5,South & Central Asia + Oceania,Bangladesh,Khulna University,https://www.ku.ac.bd,https://www.ku.ac.bd/,200,en,en,False,2026-08-11T10:54:03+00:00,9.65,1,1,11,1,0,0,0,1,0,0,0,1,6,1,1,2026-08-09,1,0,1,1,1,1,1,1,1,0,1,0,1,1,1,1,1,1,1,1,0,1,0,1,1,0,0,1,0,1,1,1,21.0,1,0,0,0,0,0,75,1,0,1,1,1,1,100.0,1,0,0,0,0,0,1
5101,M5,South & Central Asia + Oceania,Bangladesh,Islamic University of Technology,https://www.iutoic-dhaka.edu,https://www.iutoic-dhaka.edu/,200,en,en,False,2026-08-11T10:54:18+00:00,3.312,1,0,0,0,0,0,1,1,0,0,1,0,1,1,1,2026-07-05,1,1,1,1,0,0,0,0,1,1,1,0,1,1,1,1,1,1,1,1,1,1,0,1,1,0,0,0,0,1,1,0,12.63,1,1,0,0,1,0,75,1,5,1,0,1,1,0.0,0,0,0,0,0,0,1
5103,M5,South & Central Asia + Oceania,Bangladesh,American International University-Bangladesh,https://www.aiub.edu,https://www.aiub.edu/,200,en-us,en-us,False,2026-08-11T10:54:57+00:00,3.219,1,1,9,1,0,0,0,0,1,1,1,1,10,1,1,2026-07-29,1,1,1,1,6,1,1,1,1,0,1,0,1,1,1,1,1,1,1,1,0,1,0,1,1,0,0,1,0,1,1,1,5.59,1,1,0,0,1,0,90,1,0,1,1,1,0,100.0,1,0,0,0,0,0,1
5104,M5,South & Central Asia + Oceania,Bangladesh,Daffodil International University,https://www.daffodilvarsity.edu.bd,https://www.daffodilvarsity.edu.bd/,200,en,en,False,2026-08-11T10:55:08+00:00,8.646,1,1,6,0,0,0,1,1,1,1,1,1,2,0,1,2026-08-08,1,0,1,1,0,0,0,1,1,1,1,0,1,1,1,1,1,1,1,0,1,1,1,1,0,1,0,1,1,1,1,1,21.0,1,0,1,0,0,0,90,1,0,1,1,1,0,93.0,1,0,0,0,0,0,1
5105,M5,South & Central Asia + Oceania,Bangladesh,East West University,https://www.ewubd.edu,https://www.ewubd.edu/,200,en,en,False,2026-08-11T10:55:21+00:00,11.623,1,0,0,1,1,0,0,0,0,0,1,1,10,1,1,2026-08-31,1,1,1,1,14,1,1,1,1,0,1,0,1,1,1,1,1,1,1,1,1,1,1,1,1,0,0,0,0,1,1,0,13.57,1,1,0,0,1,0,75,1,0,1,1,1,0,56.9,1,0,0,1,0,0,1
5106,M5,South & Central Asia + Oceania,Bangladesh,Khulna University of Engineering and Technology,https://www.kuet.ac.bd,https://www.kuet.ac.bd/,200,en,en,False,2026-08-11T10:55:44+00:00,9.31,1,1,6,0,0,0,0,0,0,0,1,1,10,1,1,2026-07-12,1,1,1,1,20,1,1,1,1,1,1,0,1,1,1,1,1,1,1,1,0,1,1,1,1,0,1,1,0,1,1,1,13.3,1,0,0,0,1,0,75,1,0,1,0,1,0,98.5,1,0,0,0,0,0,1
5107,M5,South & Central Asia + Oceania,Bangladesh,Rajshahi University of Engineering and Technology,https://www.ruet.ac.bd,https://www.ruet.ac.bd/,200,en,en,False,2026-08-11T10:55:48+00:00,2.271,1,1,11,1,0,0,0,1,1,1,1,1,10,1,1,2026-08-07,1,0,1,1,20,1,1,1,1,0,1,0,1,1,1,1,1,1,1,1,0,1,0,1,1,0,1,1,0,1,0,1,14.53,1,1,0,0,1,0,75,1,0,1,1,1,1,39.4,1,0,0,0,0,0,1
5108,M5,South & Central Asia + Oceania,Bangladesh,Chittagong University of Engineering and Technology,https://www.cuet.ac.bd,https://cuet.ac.bd/,200,en,en,False,2026-08-11T10:55:54+00:00,3.913,1,1,10,0,0,0,0,0,0,0,1,0,0,1,1,2027-01-21,1,1,1,1,3,1,1,0,0,0,1,0,1,1,1,1,1,1,1,1,0,1,0,1,1,0,1,1,0,1,1,1,5.33,1,1,0,0,0,0,75,1,0,1,1,1,0,100.0,1,0,0,1,0,0,1
5109,M5,South & Central Asia + Oceania,Bangladesh,Bangladesh University of Professionals,https://www.bup.edu.bd,https://www.bup.edu.bd/,200,en,en,False,2026-08-11T10:55:59+00:00,3.197,1,1,8,0,0,0,0,1,0,0,1,1,9,1,1,2026-08-04,1,1,1,1,1,1,1,1,1,0,1,0,1,1,1,1,1,1,1,1,1,1,1,1,1,1,0,1,0,1,1,1,15.43,1,0,0,0,1,0,75,1,1,1,0,1,0,34.8,1,0,0,0,0,0,1
5110,M5,South & Central Asia + Oceania,Bangladesh,Jagannath University,https://www.jnu.ac.bd,https://www.jnu.ac.bd/,200,en,en,False,2026-08-11T10:56:04+00:00,2.578,1,1,10,0,0,0,0,0,0,1,1,0,0,1,1,2026-08-11,1,1,1,1,2,1,1,0,1,0,1,0,1,1,1,1,1,1,0,1,0,1,0,1,1,0,0,1,0,1,1,1,21.0,1,1,0,0,0,1,75,1,1,1,1,1,1,36.5,1,0,0,0,0,0,1
5111,M5,South & Central Asia + Oceania,Australia,University of Melbourne,https://www.unimelb.edu.au,https://www.unimelb.edu.au/,200,en,en,False,2026-08-11T10:56:11+00:00,5.312,0,0,0,0,0,0,0,1,0,0,0,0,0,0,0,,0,0,0,0,0,0,0,0,0,0,0,0,0,0,0,0,0,0,0,0,0,0,0,0,0,0,0,0,0,0,0,0,21.0,0,0,0,0,0,0,55,1,0,1,1,1,1,,1,0,0,0,1,0,1
5112,M5,South & Central Asia + Oceania,Australia,University of Sydney,https://www.sydney.edu.au,https://www.sydney.edu.au/,200,en-us,en-us,False,2026-08-11T10:56:23+00:00,10.067,1,1,6,1,0,1,1,1,0,0,0,0,1,0,0,,1,1,0,1,0,1,1,0,1,0,1,0,1,1,1,1,1,1,1,1,1,1,0,1,1,0,0,1,0,0,1,1,18.42,1,1,0,0,0,0,90,1,0,1,1,1,1,38.9,1,1,0,0,1,0,1
5113,M5,South & Central Asia + Oceania,Australia,Australian National University,https://www.anu.edu.au,https://www.anu.edu.au/,200,en,en,False,2026-08-11T10:56:30+00:00,4.605,1,1,8,1,0,0,0,0,0,0,1,0,0,0,0,,1,1,1,1,0,1,1,0,1,0,1,1,1,1,1,1,1,1,1,1,1,1,1,1,0,0,0,0,0,1,1,0,21.0,1,1,0,0,1,0,75,1,0,1,1,1,1,52.8,1,1,0,0,1,0,1
5114,M5,South & Central Asia + Oceania,Australia,University of New South Wales,https://www.unsw.edu.au,https://www.unsw.edu.au/,200,en,en,False,2026-08-11T10:56:35+00:00,2.925,1,1,5,1,0,1,1,1,0,0,1,1,3,0,0,,1,1,1,1,0,1,1,0,0,0,1,0,1,1,1,1,1,1,1,1,1,1,1,1,1,0,1,1,0,1,1,1,17.9,1,1,1,1,1,0,100,1,0,1,1,1,1,44.1,1,1,0,0,1,0,1
5115,M5,South & Central Asia + Oceania,Australia,University of Queensland,https://www.uq.edu.au,https://www.uq.edu.au/,200,en,en,False,2026-08-11T10:56:44+00:00,7.479,1,1,4,1,0,0,1,1,1,1,0,0,0,0,0,,1,1,1,1,1,1,1,0,1,0,1,0,1,1,1,1,1,1,1,1,1,1,1,1,1,0,1,1,0,1,1,1,11.53,1,1,0,0,0,1,100,1,1,1,1,1,1,94.4,1,1,0,0,1,0,1
5116,M5,South & Central Asia + Oceania,Australia,Monash University,https://www.monash.edu,https://www.monash.edu/,200,en,en,False,2026-08-11T10:56:54+00:00,4.299,1,1,2,1,0,0,1,1,1,1,1,0,0,0,1,2026-08-07,1,0,1,1,2,1,1,0,1,1,1,0,0,1,1,1,1,1,1,1,1,1,1,1,1,0,1,1,1,1,1,1,11.03,1,1,0,0,0,1,90,1,0,1,1,1,1,90.9,1,1,0,0,0,0,1
5117,M5,South & Central Asia + Oceania,Australia,University of Western Australia,https://www.uwa.edu.au,https://www.uwa.edu.au/home,200,en,en,False,2026-08-11T10:57:07+00:00,10.712,1,1,6,0,0,0,1,1,0,0,1,1,4,0,0,,1,0,1,1,0,1,1,0,1,0,1,0,1,1,1,1,1,1,1,1,1,1,1,1,1,0,1,1,0,0,1,1,19.8,1,1,0,0,0,0,75,1,0,1,0,1,1,100.0,1,1,0,0,1,0,1
5118,M5,South & Central Asia + Oceania,Australia,University of Adelaide,https://www.adelaide.edu.au,https://adelaide.edu.au/,200,en,en,False,2026-08-11T10:57:23+00:00,12.078,1,1,6,1,0,0,0,0,0,0,1,0,0,0,0,,1,0,1,1,0,0,0,0,0,0,1,0,1,1,1,1,1,1,1,1,0,1,1,1,1,0,1,0,0,1,1,1,16.58,1,1,1,1,0,1,100,1,0,1,1,1,1,87.5,1,1,0,0,1,0,1
5119,M5,South & Central Asia + Oceania,Australia,University of Technology Sydney,https://www.uts.edu.au,https://www.uts.edu.au/,200,en-au,en-au,False,2026-08-11T10:57:34+00:00,9.415,1,1,3,1,0,0,1,1,0,0,1,0,0,1,0,,1,0,1,1,0,1,1,0,0,1,1,0,1,1,1,1,1,1,1,1,1,1,1,1,1,0,1,1,0,1,1,1,21.0,1,1,0,0,0,0,100,1,0,1,1,1,1,72.4,1,1,0,0,1,0,1
5120,M5,South & Central Asia + Oceania,Australia,Macquarie University,https://www.mq.edu.au,https://www.mq.edu.au/,200,en,en,False,2026-08-11T10:57:47+00:00,11.051,0,0,0,0,0,0,0,0,0,0,0,0,0,0,0,,1,0,1,1,0,0,0,0,0,0,1,0,0,1,0,1,1,1,1,1,0,1,0,1,0,0,1,0,0,0,0,0,11.53,1,0,0,0,0,0,75,1,0,1,1,1,1,60.0,1,0,0,0,1,0,1
5121,M5,South & Central Asia + Oceania,Australia,RMIT University,https://www.rmit.edu.au,https://www.rmit.edu.au/,200,en-au,en-au,False,2026-08-11T10:58:00+00:00,9.79,0,1,6,1,0,0,0,1,0,0,1,1,2,0,0,,1,1,1,1,0,1,1,0,0,0,1,0,1,1,1,1,1,1,1,1,1,1,1,1,0,0,1,0,0,1,1,0,18.62,1,0,0,0,0,1,75,1,0,1,1,1,1,45.8,1,1,0,0,1,0,1
5122,M5,South & Central Asia + Oceania,Australia,Curtin University,https://www.curtin.edu.au,https://www.curtin.edu.au/,200,en,en,False,2026-08-11T10:58:11+00:00,9.225,0,1,4,1,0,0,1,1,1,1,1,1,5,0,1,2026-11-26,1,1,1,1,1,1,1,1,1,1,1,1,1,1,1,1,1,1,1,1,1,1,1,1,1,0,1,1,0,1,1,1,8.72,1,0,0,0,0,0,90,1,0,1,1,1,0,93.2,1,1,0,1,0,0,1
5123,M5,South & Central Asia + Oceania,Australia,Deakin University,https://www.deakin.edu.au,https://www.deakin.edu.au/,200,en,en,False,2026-08-11T10:58:21+00:00,7.145,1,1,6,1,0,0,0,1,0,0,1,0,0,0,0,,1,1,1,1,0,0,0,0,0,0,1,0,1,1,1,1,1,1,1,1,1,1,1,1,0,0,1,0,1,1,1,1,12.05,1,1,1,0,0,0,75,1,1,1,1,1,1,14.3,1,1,0,0,1,0,1
5124,M5,South & Central Asia + Oceania,Australia,Queensland University of Technology,https://www.qut.edu.au,https://www.qut.edu.au/,200,en,en,False,2026-08-11T10:58:34+00:00,10.445,0,1,16,1,0,0,0,1,0,0,1,0,0,0,1,2026-08-11,1,1,1,1,6,1,1,0,1,0,1,0,1,1,1,1,1,1,1,1,1,1,1,1,1,1,1,1,0,1,1,1,11.46,1,0,1,0,0,1,75,1,0,1,1,1,1,20.0,1,0,0,0,0,0,1
5125,M5,South & Central Asia + Oceania,Australia,Griffith University,https://www.griffith.edu.au,https://www.griffith.edu.au/,200,en,en,False,2026-08-11T10:58:47+00:00,11.522,0,0,0,1,0,1,1,1,0,0,1,1,3,0,1,2026-08-11,1,0,0,1,2,1,1,0,1,0,1,0,0,1,1,1,1,1,1,1,0,1,1,1,0,0,0,0,0,1,1,1,21.0,1,0,0,0,0,0,75,1,0,1,1,1,1,0.0,1,0,0,0,0,0,1
5126,M5,South & Central Asia + Oceania,Australia,University of Newcastle,https://www.newcastle.edu.au,https://www.newcastle.edu.au/,200,en,en,False,2026-08-11T10:58:57+00:00,6.893,1,1,8,1,0,0,0,1,0,0,1,0,1,1,1,2026-08-29,1,1,1,1,2,1,1,0,1,1,1,0,1,1,1,1,1,1,1,1,1,1,1,1,0,0,1,1,0,1,1,1,1.61,0,1,0,0,1,1,75,1,1,1,1,1,1,78.0,1,1,0,1,0,0,1
5127,M5,South & Central Asia + Oceania,Australia,University of Wollongong,https://www.uow.edu.au,https://www.uow.edu.au/,200,en,en,False,2026-08-11T10:59:09+00:00,9.512,1,1,7,1,0,0,0,1,0,0,1,0,0,0,1,2026-08-11,1,1,1,1,3,0,1,1,0,0,1,0,1,1,1,1,1,1,1,1,1,1,1,1,0,0,1,1,0,1,1,1,17.63,1,1,0,0,0,1,100,1,0,1,1,0,1,35.0,1,1,0,0,0,0,1
5128,M5,South & Central Asia + Oceania,Australia,University of Tasmania,https://www.utas.edu.au,https://www.utas.edu.au/,200,en,en,False,2026-08-11T10:59:20+00:00,9.53,1,1,6,1,0,0,0,1,0,0,1,0,0,0,1,2026-09-17,1,0,1,1,0,0,0,0,0,1,1,0,1,1,1,1,1,1,1,1,1,1,1,1,1,0,1,1,0,1,1,1,21.0,1,1,0,0,0,1,75,1,0,1,1,1,1,83.3,1,1,0,1,0,0,1
5129,M5,South & Central Asia + Oceania,Australia,La Trobe University,https://www.latrobe.edu.au,https://www.latrobe.edu.au/,200,en-au,en-au,False,2026-08-11T10:59:33+00:00,9.796,1,1,7,1,0,0,0,1,1,1,1,0,0,0,1,2025-08-08,1,1,1,1,0,0,0,0,0,0,1,0,1,1,1,1,1,1,1,1,1,1,1,1,0,0,1,1,1,1,1,1,15.52,1,1,0,0,1,1,75,1,8,1,1,1,0,22.2,1,1,0,0,0,0,1
5130,M5,South & Central Asia + Oceania,Australia,James Cook University,https://www.jcu.edu.au,https://www.jcu.edu.au/,200,en-au,en-au,False,2026-08-11T10:59:45+00:00,9.764,1,1,2,1,0,0,0,1,0,0,1,1,2,0,0,,1,0,1,1,0,0,0,0,1,0,1,0,1,1,1,1,1,1,1,1,1,1,1,1,0,0,1,1,0,1,1,1,21.0,1,0,0,0,0,1,75,1,0,1,1,1,1,100.0,1,1,0,0,1,0,1
5131,M5,South & Central Asia + Oceania,Australia,Flinders University,https://www.flinders.edu.au,https://www.flinders.edu.au/,200,en,en,False,2026-08-11T10:59:58+00:00,11.487,1,1,8,1,0,0,0,1,1,2,1,0,0,0,1,2026-08-05,1,0,1,1,0,1,1,0,1,1,1,0,1,1,1,1,1,1,0,1,1,1,1,1,0,0,0,0,0,0,1,0,12.63,1,1,0,0,0,1,75,1,0,1,1,1,1,21.9,1,1,0,0,0,0,1
5132,M5,South & Central Asia + Oceania,Australia,Western Sydney University,https://www.westernsydney.edu.au,https://www.westernsydney.edu.au/,200,en-au,en-au,False,2026-08-11T11:00:13+00:00,12.415,1,0,0,1,0,0,0,0,0,0,1,0,0,0,1,2026-08-10,1,1,1,1,16,1,1,0,0,1,1,0,1,1,1,1,1,1,1,1,1,1,1,1,0,0,0,1,0,1,1,1,15.72,1,1,0,0,0,1,75,1,1,0,1,1,1,88.8,1,1,0,0,0,0,1
5133,M5,South & Central Asia + Oceania,Australia,Swinburne University of Technology,https://www.swinburne.edu.au,https://www.swinburne.edu.au/,200,en-au,en-au,False,2026-08-11T11:00:24+00:00,8.768,1,0,0,1,0,0,0,1,1,1,1,0,0,0,1,2026-05-08,1,0,1,1,0,1,1,0,0,0,1,0,1,1,1,1,1,1,1,1,1,1,1,1,1,0,1,0,0,1,1,1,11.98,1,1,1,0,1,1,100,1,0,1,1,0,1,65.2,1,1,0,0,0,0,1
5134,M5,South & Central Asia + Oceania,Australia,Charles Darwin University,https://www.cdu.edu.au,https://www.cdu.edu.au/,200,en,en,False,2026-08-11T11:00:42+00:00,15.313,0,1,5,1,0,0,0,1,0,0,0,1,2,1,1,2026-08-06,1,0,1,1,3,1,1,1,0,0,1,0,1,1,1,1,1,1,1,1,1,1,0,1,0,0,1,1,0,1,1,1,18.69,1,0,1,0,0,0,100,1,0,1,1,1,1,90.9,1,0,0,0,0,0,1
5135,M5,South & Central Asia + Oceania,Australia,Central Queensland University,https://www.cqu.edu.au,https://www.cqu.edu.au/,200,en-au,en-au,False,2026-08-11T11:00:54+00:00,9.776,1,1,4,1,0,1,0,0,0,0,0,0,0,1,0,,1,0,1,1,0,1,1,0,0,1,1,0,0,1,1,1,1,1,0,1,1,1,1,1,0,0,1,0,1,1,1,0,21.0,0,0,0,0,0,1,75,1,0,1,1,1,1,91.1,1,1,0,0,1,0,1
5136,M5,South & Central Asia + Oceania,Australia,Murdoch University,https://www.murdoch.edu.au,https://www.murdoch.edu.au/,200,en,en,False,2026-08-11T11:01:09+00:00,10.645,1,1,4,1,0,0,0,1,0,1,1,0,0,0,1,2026-08-07,1,0,1,1,4,1,1,1,1,1,1,0,1,1,1,1,1,1,1,1,1,1,1,1,0,0,1,1,0,1,1,1,21.0,1,1,1,0,0,0,75,1,0,1,1,0,1,88.5,1,0,0,0,0,0,1
5137,M5,South & Central Asia + Oceania,Australia,Edith Cowan University,https://www.ecu.edu.au,https://www.ecu.edu.au/,200,en-au,en-au,False,2026-08-11T11:01:17+00:00,6.325,1,1,5,1,0,1,0,1,0,0,1,1,3,0,1,2026-08-27,1,0,1,1,7,1,1,1,1,0,1,1,1,1,0,1,1,1,1,1,1,1,1,1,0,0,1,1,1,1,1,1,21.0,1,1,1,0,0,1,100,1,0,1,1,1,1,19.4,1,1,0,1,0,0,1
5138,M5,South & Central Asia + Oceania,Australia,Victoria University,https://www.vu.edu.au,https://www.vu.edu.au/,200,en,en,False,2026-08-11T11:01:28+00:00,9.036,1,1,11,1,0,0,0,1,1,1,1,1,2,1,1,2026-08-03,1,0,1,1,0,1,0,0,0,1,1,0,0,1,0,1,1,1,1,1,1,1,1,1,1,0,1,1,1,1,1,1,15.13,1,0,1,0,0,0,90,1,0,1,1,1,1,82.8,1,1,0,0,0,0,1
5139,M5,South & Central Asia + Oceania,Australia,Southern Cross University,https://www.scu.edu.au,https://www.scu.edu.au/,200,en,en,False,2026-08-11T11:01:37+00:00,6.475,1,1,6,1,1,0,1,1,1,1,1,0,0,0,1,2026-09-03,1,1,1,1,4,1,1,0,0,0,1,0,1,1,1,1,1,1,1,1,1,1,1,1,1,0,1,1,1,1,1,1,16.04,1,1,1,0,0,0,100,1,0,1,1,1,1,83.0,1,0,0,1,0,0,1
5140,M5,South & Central Asia + Oceania,Australia,University of Southern Queensland,https://www.usq.edu.au,https://www.unisq.edu.au/,200,en-au,en-au,False,2026-08-11T11:01:53+00:00,13.268,1,1,1,1,0,0,0,0,0,0,1,0,0,0,0,,1,1,1,1,0,0,0,0,0,0,1,0,1,1,1,0,1,1,1,1,1,1,1,1,0,0,1,0,0,1,1,1,14.94,1,1,0,0,0,0,100,1,0,1,1,1,1,80.0,1,0,0,0,1,0,1
5141,M5,South & Central Asia + Oceania,Australia,University of Canberra,https://www.canberra.edu.au,https://www.canberra.edu.au/,200,en,en,False,2026-08-11T11:02:05+00:00,10.348,1,1,16,1,0,0,0,1,0,0,1,0,0,1,1,2026-08-11,1,1,1,1,0,1,1,0,0,0,1,0,0,1,1,1,1,1,1,1,1,1,1,1,0,0,1,1,0,1,1,1,12.63,1,1,0,0,0,0,100,1,0,1,1,1,1,82.9,1,1,0,0,0,0,1
5142,M5,South & Central Asia + Oceania,Australia,Bond University,https://www.bond.edu.au,https://bond.edu.au/,200,en,en,False,2026-08-11T11:02:17+00:00,9.064,1,1,0,1,1,0,0,1,0,0,0,0,1,1,0,,0,0,1,0,0,0,0,0,0,1,1,0,1,1,0,1,1,1,0,1,1,1,1,1,1,0,0,0,0,0,1,1,17.06,1,0,0,0,0,1,100,1,0,1,1,1,1,75.0,1,0,0,0,1,0,1
5143,M5,South & Central Asia + Oceania,Australia,Australian Catholic University,https://www.acu.edu.au,https://www.acu.edu.au/,200,en,en,False,2026-08-11T11:02:29+00:00,10.801,1,1,7,1,0,0,0,1,0,0,0,1,10,0,1,2026-09-14,1,0,1,1,11,1,1,1,1,0,1,0,1,1,1,1,1,1,1,1,1,1,1,1,1,0,1,1,0,1,1,1,4.86,1,1,1,0,1,1,75,1,0,1,1,1,1,64.4,1,1,0,1,0,0,1
5144,M5,South & Central Asia + Oceania,Australia,Charles Sturt University,https://www.csu.edu.au,https://www.csu.edu.au/,200,en,en,False,2026-08-11T11:02:42+00:00,10.454,1,1,4,1,0,1,0,1,0,0,0,0,0,0,1,2026-08-06,1,1,1,0,0,1,1,0,1,1,1,0,0,1,0,1,1,1,1,1,1,1,1,1,1,0,0,0,0,1,1,1,6.19,1,1,0,0,0,0,75,1,2,1,0,1,1,41.7,1,1,0,0,0,0,1
5145,M5,South & Central Asia + Oceania,Australia,University of New England,https://www.une.edu.au,https://www.une.edu.au/,200,en,en,False,2026-08-11T11:02:55+00:00,11.03,1,1,6,1,0,1,0,1,1,1,1,0,0,0,1,2026-08-10,1,1,1,1,11,1,1,1,1,0,1,0,1,1,1,1,1,1,1,1,1,1,1,1,0,1,1,1,1,1,1,1,15.91,1,1,0,0,0,1,90,1,0,1,1,1,1,13.8,1,1,0,0,0,0,1
5146,M5,South & Central Asia + Oceania,Australia,University of the Sunshine Coast,https://www.usc.edu.au,https://www.unisc.edu.au/,200,en,en,False,2026-08-11T11:03:13+00:00,14.968,1,1,4,1,0,0,0,1,0,0,0,0,0,0,0,,1,1,1,1,12,1,1,0,0,0,1,0,0,1,1,1,1,1,1,1,1,1,0,1,0,0,1,1,1,1,1,1,18.88,1,1,0,0,1,0,100,1,0,1,1,0,1,37.5,1,1,0,0,1,0,1
5147,M5,South & Central Asia + Oceania,Australia,Federation University Australia,https://www.federation.edu.au,https://www.federation.edu.au/,200,en,en,False,2026-08-11T11:03:21+00:00,6.405,1,1,0,0,0,0,0,1,0,0,0,0,0,0,0,,0,0,1,0,0,1,1,0,0,0,1,0,1,1,0,1,1,1,1,1,1,0,1,1,0,0,0,1,0,1,1,1,21.0,1,1,1,0,0,0,100,1,0,1,1,1,1,50.0,1,1,0,0,1,0,1
5148,M5,South & Central Asia + Oceania,Australia,University of South Australia,https://www.unisa.edu.au,https://adelaide.edu.au/,200,en,en,False,2026-08-11T11:03:37+00:00,14.303,1,1,6,1,0,0,0,0,0,0,1,0,0,0,0,,1,0,1,1,0,0,0,0,0,0,1,0,1,1,1,1,1,1,1,1,0,1,1,1,1,0,1,0,0,1,1,1,16.58,1,1,1,1,0,1,100,1,1,1,1,1,1,87.5,1,1,0,0,1,0,1
5149,M5,South & Central Asia + Oceania,New Zealand,University of Auckland,https://www.auckland.ac.nz,https://www.auckland.ac.nz/en.html,200,en,en,False,2026-08-11T11:03:47+00:00,8.765,0,1,2,1,0,0,0,1,1,0,1,0,0,1,0,,1,1,1,1,6,0,0,0,1,0,1,0,1,1,1,1,1,1,1,1,1,1,1,1,1,0,1,1,0,1,1,1,8.84,0,0,1,0,0,0,100,1,0,1,1,1,1,83.3,1,1,0,0,1,0,0
5150,M5,South & Central Asia + Oceania,New Zealand,University of Otago,https://www.otago.ac.nz,https://www.otago.ac.nz/,200,en,en,False,2026-08-11T11:04:02+00:00,11.275,1,1,7,1,0,0,0,1,0,0,1,0,0,1,1,2026-08-12,1,1,1,1,3,1,1,0,0,0,1,0,1,1,1,1,1,1,1,1,1,1,1,1,1,0,1,1,0,1,1,1,15.42,1,1,0,0,0,0,100,1,0,1,1,1,1,82.6,1,1,0,1,0,0,0
5151,M5,South & Central Asia + Oceania,New Zealand,Victoria University of Wellington,https://www.wgtn.ac.nz,https://www.wgtn.ac.nz/,200,en,en,False,2026-08-11T11:04:11+00:00,6.301,1,1,5,1,0,0,0,1,0,0,0,0,0,1,0,,1,1,1,1,0,1,1,0,0,0,1,0,0,1,1,1,1,1,1,1,1,1,1,1,1,0,0,1,1,1,0,1,10.05,1,1,0,0,0,0,100,1,0,1,1,1,1,95.5,1,0,0,0,1,0,0
5153,M5,South & Central Asia + Oceania,New Zealand,Massey University,https://www.massey.ac.nz,https://www.massey.ac.nz/,200,en-nz,en-nz,False,2026-08-11T11:04:18+00:00,3.361,1,1,19,1,0,0,0,1,0,0,1,0,0,0,1,2026-08-11,1,1,1,1,0,1,1,0,1,0,1,0,1,1,1,1,1,1,1,1,1,1,1,1,1,0,1,1,0,1,0,1,16.29,1,0,0,0,0,0,90,1,0,1,1,1,1,57.1,1,0,0,0,0,0,0
5154,M5,South & Central Asia + Oceania,New Zealand,University of Waikato,https://www.waikato.ac.nz,https://www.waikato.ac.nz/,200,en-nz,en-nz,False,2026-08-11T11:04:25+00:00,5.411,1,1,0,1,1,0,0,1,0,0,1,0,0,0,1,2026-08-18,1,1,1,1,19,1,1,0,1,0,1,0,0,1,1,1,1,1,1,1,1,1,1,1,1,1,1,0,0,1,1,0,21.0,1,0,0,0,0,1,100,1,1,1,1,1,1,7.8,1,1,0,1,0,0,0
5155,M5,South & Central Asia + Oceania,New Zealand,Lincoln University,https://www.lincoln.ac.nz,https://www.lincoln.ac.nz/,200,en,en,False,2026-08-11T11:04:44+00:00,16.048,1,1,19,1,0,0,0,1,1,1,1,1,10,0,1,2026-08-25,1,1,1,1,20,1,1,0,1,0,1,0,1,1,1,1,1,1,1,1,1,1,1,1,0,1,1,1,0,1,1,1,15.91,1,1,0,0,0,1,100,1,0,1,1,1,1,90.0,1,0,0,1,0,0,0
5156,M5,South & Central Asia + Oceania,New Zealand,Auckland University of Technology,https://www.aut.ac.nz,https://www.aut.ac.nz/,200,en,en,False,2026-08-11T11:04:51+00:00,3.836,1,1,4,1,0,0,0,1,0,0,1,1,7,0,0,,1,0,1,1,4,1,0,0,1,0,1,0,1,1,1,1,1,1,1,1,1,1,1,1,1,0,1,1,1,1,1,1,20.37,1,0,0,0,1,0,90,1,0,1,1,1,1,94.3,1,0,0,0,1,0,0
5157,M5,South & Central Asia + Oceania,Sri Lanka,University of Colombo,https://www.cmb.ac.lk,https://cmb.ac.lk/,200,en-us,en-us,False,2026-08-11T11:05:00+00:00,5.676,1,1,9,1,0,0,0,1,0,0,1,1,10,1,0,,1,0,1,1,20,1,1,0,1,0,1,0,1,1,1,1,1,1,1,1,1,1,0,1,0,0,0,0,0,1,1,1,5.74,1,1,0,0,0,0,75,1,0,1,0,1,1,93.8,1,0,0,0,1,0,0
5158,M5,South & Central Asia + Oceania,Sri Lanka,University of Peradeniya,https://www.pdn.ac.lk,https://www.pdn.ac.lk/,200,en,en,False,2026-08-11T11:05:35+00:00,33.288,1,0,0,0,1,0,0,1,1,1,1,1,10,1,1,2026-08-06,1,0,1,1,2,0,0,0,1,1,1,0,1,1,0,1,1,1,1,1,1,1,1,1,1,0,0,1,0,1,1,1,21.0,0,0,0,0,0,0,75,1,0,1,0,1,1,97.1,1,0,0,0,0,0,0
5160,M5,South & Central Asia + Oceania,Sri Lanka,University of Kelaniya,https://www.kln.ac.lk,https://www.kln.ac.lk/,200,en-us,en-us,False,2026-08-11T11:06:04+00:00,5.412,1,1,14,1,0,0,0,1,0,0,0,0,0,1,0,,1,0,0,1,0,0,0,0,0,0,1,0,1,1,1,1,1,1,0,1,1,0,0,1,1,0,0,0,0,0,0,0,21.0,1,1,0,0,0,0,55,1,0,1,0,1,0,0.0,1,0,0,0,1,0,0
5161,M5,South & Central Asia + Oceania,Sri Lanka,University of Sri Jayewardenepura,https://www.sjp.ac.lk,https://www.sjp.ac.lk/,200,en-us,en-us,False,2026-08-11T11:06:14+00:00,7.171,1,0,0,1,0,0,0,1,0,0,1,1,2,1,0,,1,0,1,1,10,0,0,0,1,0,1,0,1,1,1,1,1,1,0,1,1,1,0,1,1,0,0,1,0,1,1,1,7.57,1,1,0,0,0,0,90,1,0,0,1,1,1,24.1,1,0,0,0,1,0,0
5162,M5,South & Central Asia + Oceania,Sri Lanka,University of Ruhuna,https://www.ruh.ac.lk,https://www.ruh.ac.lk/index.php/en/,200,en-gb,en-gb,False,2026-08-11T11:06:23+00:00,6.76,1,0,0,1,0,0,0,1,0,0,1,1,10,0,1,2025-12-26,1,1,1,0,0,0,0,0,0,1,1,1,1,1,1,1,1,1,0,1,1,0,1,1,0,0,0,0,0,1,1,0,12.63,1,1,0,0,0,1,90,1,0,1,1,1,0,84.6,1,0,0,0,0,0,0
5163,M5,South & Central Asia + Oceania,Sri Lanka,University of Jaffna,https://www.jfn.ac.lk,https://jfn.ac.lk/,200,en,en,False,2026-08-11T11:06:31+00:00,5.137,1,1,9,1,0,0,0,0,1,1,1,1,5,1,0,,1,0,1,1,11,0,0,0,0,0,1,0,1,1,1,1,1,1,1,1,1,1,0,1,0,0,0,1,0,1,1,1,10.17,1,1,0,0,0,0,90,1,1,1,1,1,1,66.7,1,0,0,0,1,0,0
5164,M5,South & Central Asia + Oceania,Sri Lanka,Eastern University Sri Lanka,https://www.esn.ac.lk,https://www.esn.ac.lk/,200,en,en,False,2026-08-11T11:06:36+00:00,2.665,1,1,8,1,0,0,0,0,0,0,1,0,1,1,1,2026-07-31,1,0,1,1,2,1,1,1,0,0,1,0,1,1,1,1,1,1,1,1,1,1,0,1,1,0,0,1,0,1,1,1,8.23,1,1,0,0,0,0,75,1,0,1,0,1,1,100.0,1,0,0,0,0,0,0
5166,M5,South & Central Asia + Oceania,Sri Lanka,Sri Lanka Institute of Information Technology,https://www.sliit.lk,https://www.sliit.lk/,200,en,en,False,2026-08-11T11:06:50+00:00,3.434,1,1,1,1,0,0,0,1,1,1,1,1,3,0,0,,1,0,1,1,0,1,1,0,1,0,1,0,1,1,1,1,1,1,1,1,1,1,1,1,1,1,1,1,1,1,1,1,21.0,1,0,0,0,1,1,75,1,0,1,1,1,1,82.2,1,1,0,0,1,0,0
5167,M5,South & Central Asia + Oceania,Nepal,Tribhuvan University,https://www.tribhuvan-university.edu.np,https://tu.edu.np/,200,en,en,False,2026-08-11T11:07:08+00:00,15.545,1,1,8,1,0,0,0,0,1,1,0,0,1,1,0,,1,0,0,1,2,1,1,0,0,0,1,0,1,1,1,1,1,1,1,1,0,1,0,1,0,0,0,1,0,1,1,1,15.43,1,1,0,0,0,0,75,1,0,1,0,1,0,42.9,1,0,0,0,1,0,0
5168,M5,South & Central Asia + Oceania,Nepal,Kathmandu University,https://www.ku.edu.np,https://ku.edu.np/,200,en-us,en-us,False,2026-08-11T11:07:15+00:00,5.559,1,1,6,1,0,0,0,0,0,0,0,0,0,1,1,2026-07-22,1,1,1,1,0,1,1,0,0,0,1,0,1,1,1,1,1,1,1,1,0,1,0,1,0,0,0,1,0,1,1,1,15.43,1,1,0,0,0,0,75,1,0,1,1,1,1,84.2,1,0,0,0,0,0,0
5169,M5,South & Central Asia + Oceania,Nepal,Pokhara University,https://www.pu.edu.np,https://pu.edu.np/,200,en-us,en-us,False,2026-08-11T11:07:31+00:00,7.237,1,1,5,1,0,0,0,0,0,0,1,1,10,1,1,2026-08-08,1,0,1,1,8,0,0,0,0,0,1,0,1,1,1,1,1,1,1,1,0,1,1,1,1,0,0,1,0,1,1,1,12.63,1,1,0,0,1,0,75,1,0,1,0,1,1,91.7,1,0,0,0,0,0,0
5171,M5,South & Central Asia + Oceania,Nepal,Mid-Western University,https://www.mwu.edu.np,https://mu.edu.np/,200,en,en,False,2026-08-11T11:07:45+00:00,11.183,1,1,7,0,0,0,0,0,1,1,1,1,7,1,1,2026-08-07,1,0,1,1,11,1,1,1,1,1,1,0,1,1,1,1,1,1,0,1,0,0,0,1,1,0,0,1,0,1,1,1,14.68,1,1,0,0,0,0,100,1,0,1,1,1,1,98.1,1,0,0,0,0,0,0
5172,M5,South & Central Asia + Oceania,Nepal,Far Western University,https://www.fwu.edu.np,https://www.fwu.edu.np/,200,en,en,False,2026-08-11T11:07:58+00:00,10.981,1,1,8,0,0,0,0,0,1,1,1,1,4,1,1,2026-08-10,1,0,1,0,7,1,1,0,0,0,1,1,1,1,1,1,1,1,1,1,0,0,0,1,0,1,0,1,0,1,0,0,3.54,1,1,0,0,0,0,75,1,0,1,0,1,0,8.3,0,0,0,0,0,0,0
5173,M5,South & Central Asia + Oceania,Central Asia,Nazarbayev University,https://www.nu.edu.kz,https://nu.edu.kz/,200,en-us,en-us,False,2026-08-11T11:08:19+00:00,18.262,1,1,7,1,1,0,0,1,1,1,1,1,10,1,1,2026-08-11,1,1,1,1,6,1,0,1,1,1,1,0,1,1,1,1,1,1,1,1,1,1,1,1,1,0,1,0,0,1,1,0,11.9,1,0,0,0,0,1,90,1,0,1,0,1,1,84.6,1,0,0,0,0,1,0
5174,M5,South & Central Asia + Oceania,Central Asia,Al-Farabi Kazakh National University,https://www.kaznu.kz,https://farabi.university/?lang=en,200,en,ru,True,2026-08-11T11:08:54+00:00,25.036,1,1,6,1,1,0,0,0,1,1,0,0,1,1,1,2026-08-10,1,0,1,1,0,1,1,0,1,0,1,0,1,1,1,1,1,1,1,1,1,1,0,1,0,0,0,1,0,0,0,1,15.43,1,1,0,0,0,0,75,1,0,0,1,1,0,58.6,1,0,0,0,0,1,0
5175,M5,South & Central Asia + Oceania,Central Asia,L.N. Gumilyov Eurasian National University,https://www.enu.kz,https://enu.kz/en,200,,,True,2026-08-11T11:09:21+00:00,12.378,1,1,6,0,1,0,1,1,0,0,0,1,10,1,1,2026-08-10,1,0,1,1,0,1,1,1,0,1,1,0,1,1,1,0,0,0,0,0,0,1,0,1,0,0,0,1,0,1,1,1,21.0,1,1,0,0,0,0,75,1,0,1,1,0,1,30.8,0,1,0,0,0,1,0
5176,M5,South & Central Asia + Oceania,Central Asia,Satbayev University,https://www.satbayev.university,https://satbayev.university/en,200,en,kk,True,2026-08-11T11:09:50+00:00,19.532,1,1,7,1,1,0,0,0,1,1,1,1,4,0,0,,1,0,1,1,0,1,1,0,1,1,1,0,1,1,1,0,1,1,1,1,1,1,1,1,0,0,0,0,0,1,1,1,19.77,1,0,0,0,0,0,75,1,0,1,1,1,0,98.1,1,0,0,0,1,1,0
5178,M5,South & Central Asia + Oceania,Central Asia,National University of Uzbekistan,https://www.nuu.uz,https://nuu.uz/en/,200,en-us,uz-uz,True,2026-08-11T11:10:54+00:00,15.408,1,1,2,1,1,0,0,1,1,1,1,1,10,1,1,2026-08-10,1,0,0,1,7,1,1,1,1,1,1,0,1,1,1,1,1,1,1,1,1,1,1,1,0,0,0,1,0,1,1,1,13.61,1,0,0,0,0,0,90,1,0,1,0,1,1,3.8,1,0,0,0,0,1,0
5179,M5,South & Central Asia + Oceania,Central Asia,Tashkent State Technical University,https://www.tdtu.uz,https://www.tdtu.uz/,200,en,en,False,2026-08-11T11:11:13+00:00,13.03,1,0,0,1,0,0,0,0,0,0,0,1,9,0,1,2026-08-07,0,0,0,0,4,1,1,1,0,1,1,0,0,0,0,0,0,1,0,0,0,0,0,0,0,0,0,0,0,1,1,0,7.23,1,1,0,0,0,0,75,1,0,1,1,1,1,70.9,1,0,0,0,0,1,0
5180,M5,South & Central Asia + Oceania,Central Asia,Westminster International University in Tashkent,https://www.wiut.uz,https://www.wiut.uz/,200,en-gb,en-gb,False,2026-08-11T11:11:39+00:00,23.304,1,1,9,0,0,0,0,1,1,1,1,1,10,0,1,2026-08-11,1,0,1,1,4,1,1,1,1,1,1,0,1,1,1,1,1,1,1,0,1,1,1,1,1,1,1,0,0,1,1,0,12.63,1,1,0,1,0,0,90,1,0,1,1,1,1,32.4,1,0,0,0,0,1,0
5183,M5,South & Central Asia + Oceania,Central Asia,Samarkand State University,https://www.samdu.uz,https://www.samdu.uz/en,200,en,uz,True,2026-08-11T11:12:37+00:00,10.551,1,1,8,1,1,0,1,1,1,2,1,1,10,1,1,2026-08-08,1,0,1,1,0,1,1,1,0,0,1,0,1,1,1,1,1,1,1,1,1,1,0,1,0,1,0,1,0,1,1,1,14.22,1,0,0,0,1,0,75,1,2,1,1,1,1,94.1,1,0,0,0,0,1,0
5184,M5,South & Central Asia + Oceania,Central Asia,Kyrgyz National University,https://www.university.kg,https://avkr.knu.kg/#,200,ru-ru,ru-ru,True,2026-08-11T11:12:48+00:00,8.429,1,1,8,1,1,0,0,0,0,0,0,0,0,0,0,,0,0,0,0,0,1,1,0,0,1,1,0,0,0,0,0,0,0,0,0,0,0,0,0,0,0,0,0,0,0,1,0,7.38,1,1,0,1,0,0,90,1,0,1,0,1,1,71.4,1,0,0,0,1,1,0
5300,M5,South & Central Asia + Oceania,India,Indian Institute of Technology Patna,https://www.iitp.ac.in,https://www.iitp.ac.in/,200,en,en,False,2026-08-11T11:40:09+00:00,9.107,1,1,7,0,0,0,0,1,0,0,1,1,5,1,1,2026-08-11,1,0,1,1,0,0,0,1,1,1,1,0,1,1,1,1,1,1,1,1,0,1,0,1,1,0,0,0,1,1,1,1,21.0,1,1,0,0,1,0,75,1,8,1,1,1,1,100.0,1,0,0,0,0,0,1
5301,M5,South & Central Asia + Oceania,India,Indian Institute of Technology Jodhpur,https://www.iitj.ac.in,https://www.iitj.ac.in/,200,en,en,False,2026-08-11T11:40:23+00:00,12.922,1,0,0,0,0,0,0,1,0,0,1,1,5,1,1,2026-12-21,1,0,1,1,7,1,1,1,0,0,1,0,1,1,1,1,1,1,1,1,0,1,1,1,1,0,0,0,1,1,1,0,15.43,1,1,0,0,0,0,75,1,0,1,1,1,1,95.7,1,0,0,1,0,0,1
5302,M5,South & Central Asia + Oceania,India,Indian Institute of Technology Bhubaneswar,https://www.iitbbs.ac.in,https://www.iitbbs.ac.in/,200,en-us,en-us,False,2026-08-11T11:40:59+00:00,33.704,1,1,9,1,1,0,0,1,0,0,0,0,0,1,1,2026-12-11,1,1,1,1,2,1,1,0,0,0,1,0,1,1,1,1,1,1,0,1,1,1,1,1,1,0,0,1,0,1,1,1,14.35,1,0,0,0,0,0,90,1,0,1,0,1,1,69.6,1,1,0,1,0,0,1
5303,M5,South & Central Asia + Oceania,India,Indian Institute of Technology Mandi,https://www.iitmandi.ac.in,https://iitmandi.ac.in/,200,en,en,False,2026-08-11T11:41:04+00:00,1.873,1,1,6,0,0,0,0,1,0,0,1,0,0,1,1,2026-11-04,1,0,1,0,0,1,1,1,0,0,1,0,1,1,1,1,1,1,0,1,1,1,1,1,1,0,0,1,0,1,1,1,15.43,1,1,0,0,0,0,75,1,0,0,1,1,1,45.0,1,0,0,1,0,0,1
5304,M5,South & Central Asia + Oceania,India,Delhi Technological University,https://www.dtu.ac.in,https://www.dtu.ac.in/,200,,,False,2026-08-11T11:41:38+00:00,32.704,1,0,0,1,0,0,0,0,1,1,1,0,0,1,1,2026-08-12,1,1,1,1,0,0,0,1,1,0,1,0,1,1,1,1,1,1,1,1,1,1,1,1,0,1,0,0,0,1,1,0,4.67,1,0,0,0,1,0,0,1,4,1,1,1,0,53.8,0,0,0,1,0,0,1
5305,M5,South & Central Asia + Oceania,India,Netaji Subhas University of Technology,https://www.nsut.ac.in,https://www.nsut.ac.in/,200,en,en,False,2026-08-11T11:41:47+00:00,5.345,1,1,13,0,1,0,0,1,1,0,0,0,0,1,1,2026-08-13,1,0,1,1,0,1,1,1,0,1,1,1,1,1,1,1,1,1,1,1,1,1,0,1,0,1,0,0,0,0,1,1,1.63,1,1,0,0,1,0,75,1,1,0,0,1,0,69.6,1,0,0,1,0,0,1
5306,M5,South & Central Asia + Oceania,India,IIIT Delhi,https://www.iiitd.ac.in,https://www.iiitd.ac.in/,200,en,en,False,2026-08-11T11:41:59+00:00,10.768,1,0,0,1,0,0,0,1,0,0,1,1,4,0,0,,1,0,1,1,10,1,1,0,0,1,1,0,1,1,1,1,1,1,1,1,1,1,1,1,1,1,0,0,0,1,1,1,5.83,1,1,0,0,0,1,75,1,0,0,0,1,0,4.8,1,1,0,0,1,0,1
5307,M5,South & Central Asia + Oceania,India,IIIT Bangalore,https://www.iiitb.ac.in,https://www.iiitb.ac.in/,200,en,en,False,2026-08-11T11:42:05+00:00,3.48,1,1,7,1,0,0,0,0,0,0,1,1,9,0,1,2026-01-17,1,1,1,1,10,1,0,0,0,0,1,0,1,1,1,1,1,1,0,1,1,1,0,1,0,1,0,1,1,1,1,1,2.16,1,1,0,0,0,0,75,1,0,0,1,1,1,78.6,1,1,0,0,0,0,1
5308,M5,South & Central Asia + Oceania,India,KIIT University,https://www.kiit.ac.in,https://kiit.ac.in/,200,en-us,en-us,False,2026-08-11T11:42:11+00:00,3.927,1,1,14,1,0,0,1,1,1,2,1,1,10,1,1,2027-02-20,1,1,1,1,9,1,1,1,1,1,1,0,1,1,1,1,1,1,1,1,1,1,1,1,1,1,0,1,0,1,1,1,9.74,1,0,0,0,0,1,90,1,5,1,1,1,1,82.6,1,0,0,1,0,0,1
5309,M5,South & Central Asia + Oceania,India,Lovely Professional University,https://www.lpu.in,https://www.lpu.in/,200,en,en,False,2026-08-11T11:42:17+00:00,2.885,1,1,3,1,1,0,0,1,1,1,1,1,7,0,0,,1,1,1,1,0,1,0,0,1,0,1,0,1,1,1,1,1,1,1,1,1,1,1,1,1,1,1,1,0,1,1,1,20.62,1,1,0,0,0,1,90,1,0,1,1,1,1,91.4,1,0,0,0,1,0,1
5310,M5,South & Central Asia + Oceania,India,Chandigarh University,https://www.cuchd.in,https://www.cuchd.in/,200,en,en,False,2026-08-11T11:42:28+00:00,9.831,1,1,8,1,0,0,1,1,1,2,1,1,10,0,0,,1,1,1,1,0,1,1,0,1,0,1,0,1,1,1,1,1,1,1,1,0,1,1,1,0,0,1,1,0,1,1,1,15.43,1,1,0,0,1,0,100,1,0,1,1,1,1,86.8,1,0,0,0,1,0,1
5311,M5,South & Central Asia + Oceania,India,Symbiosis International University,https://www.siu.edu.in,https://www.siu.edu.in/,200,en,en,False,2026-08-11T11:42:40+00:00,9.332,1,1,7,1,0,0,0,0,1,1,1,1,10,1,1,2026-11-01,1,1,1,1,13,1,1,1,0,1,1,0,1,1,1,1,1,1,1,1,1,1,1,1,1,1,0,0,1,1,1,1,15.95,1,1,1,0,0,1,100,1,1,0,1,1,1,98.1,1,0,0,1,0,0,1
5312,M5,South & Central Asia + Oceania,India,Sharda University,https://www.sharda.ac.in,https://www.sharda.ac.in/,200,en,en,False,2026-08-11T11:42:48+00:00,6.724,1,1,8,0,0,0,0,1,1,1,1,1,10,1,1,2026-08-07,1,1,1,1,3,1,1,0,1,0,1,0,1,1,1,1,1,1,1,1,1,1,1,1,1,1,1,1,0,1,1,1,11.29,1,1,0,0,1,1,75,1,2,1,1,1,1,82.1,1,0,0,0,0,0,1
5313,M5,South & Central Asia + Oceania,India,MNIT Jaipur,https://www.mnit.ac.in,https://www.mnit.ac.in/,200,en,en,False,2026-08-11T11:42:56+00:00,5.415,1,1,10,0,0,0,0,1,1,1,1,0,1,1,1,2026-11-04,1,0,1,1,0,1,0,1,1,1,1,0,1,1,1,1,1,1,1,1,0,1,1,1,1,0,0,1,0,1,1,1,21.0,1,0,1,0,1,0,75,1,0,1,1,1,0,94.9,1,1,0,1,0,0,1
5314,M5,South & Central Asia + Oceania,India,MNNIT Allahabad,https://www.mnnit.ac.in,https://www.mnnit.ac.in/,200,en-gb,en-gb,False,2026-08-11T11:43:08+00:00,9.958,1,0,0,1,0,0,0,0,0,0,1,0,0,1,1,2026-08-08,1,0,1,1,0,0,0,1,0,0,1,0,1,1,1,1,1,1,0,1,1,1,1,1,1,0,0,0,0,1,0,0,11.29,1,0,0,0,0,0,75,1,0,1,1,1,1,29.8,0,0,0,0,0,0,1
5316,M5,South & Central Asia + Oceania,India,Alagappa University,https://www.alagappauniversity.ac.in,https://www.alagappauniversity.ac.in/homepage,200,en,en,False,2026-08-11T11:43:19+00:00,6.993,1,1,14,1,0,0,0,1,1,1,1,1,10,1,1,2026-08-13,1,1,1,1,8,0,0,1,1,0,1,0,1,1,1,1,1,1,1,1,1,1,1,1,1,1,0,0,0,1,0,1,20.14,1,1,1,0,0,0,75,1,0,1,1,1,0,44.2,1,1,0,1,0,0,1
5317,M5,South & Central Asia + Oceania,India,Jamia Hamdard,https://www.jamiahamdard.edu,https://www.jamiahamdard.edu/,200,en,en,False,2026-08-11T11:43:59+00:00,36.758,1,1,3,0,0,0,0,0,1,1,0,0,0,1,0,,1,0,1,1,1,0,0,0,0,0,1,0,1,1,0,0,1,1,1,0,1,1,0,1,0,0,0,0,1,1,1,0,12.63,1,1,0,0,0,0,75,1,5,1,0,0,0,7.7,1,0,0,0,1,0,1
5318,M5,South & Central Asia + Oceania,Pakistan,FAST National University Pakistan,https://www.nu.edu.pk,https://www.nu.edu.pk/,200,,,False,2026-08-11T12:36:45+00:00,9.603,1,1,13,1,0,0,0,1,1,1,1,0,0,1,1,2026-03-30,1,1,1,1,0,0,0,0,1,1,1,1,1,1,1,1,1,1,1,1,1,1,1,1,0,1,1,1,0,1,1,1,21.0,1,1,0,0,1,0,75,1,7,1,0,1,0,20.6,0,0,0,0,0,0,1
5319,M5,South & Central Asia + Oceania,Pakistan,Institute of Business Administration Karachi,https://www.iba.edu.pk,https://www.iba.edu.pk/,200,,,False,2026-08-11T11:44:44+00:00,5.223,1,1,5,1,0,0,0,0,1,1,1,1,6,0,1,2026-07-28,1,1,1,1,6,1,1,0,0,1,1,0,1,1,1,1,1,1,1,1,1,1,1,1,0,0,1,0,0,1,1,0,5.74,1,0,0,0,1,0,75,1,0,1,1,0,0,88.9,1,0,0,0,0,0,1
5321,M5,South & Central Asia + Oceania,Pakistan,University of Gujrat,https://www.uog.edu.pk,https://uog.edu.pk/en/university/history,200,,,True,2026-08-11T11:45:07+00:00,8.227,1,1,7,0,0,0,0,0,0,0,0,0,0,1,0,,1,1,1,1,0,0,0,0,0,0,1,0,1,1,1,1,1,1,1,1,1,1,1,1,1,0,0,0,0,1,1,0,12.63,1,1,0,0,0,0,75,1,0,1,0,1,1,100.0,0,0,0,0,1,0,1
5322,M5,South & Central Asia + Oceania,Bangladesh,Comilla University,https://www.cou.ac.bd,https://www.cou.ac.bd/,200,en,en,False,2026-08-11T11:45:12+00:00,2.984,1,1,6,0,0,0,0,0,1,1,1,0,0,1,0,,1,1,1,1,5,1,1,1,0,0,1,0,1,1,1,1,1,1,1,1,1,1,0,1,1,0,0,0,0,1,1,0,15.43,1,1,0,0,0,0,75,1,2,1,0,1,0,50.0,1,0,0,0,1,0,1
5323,M5,South & Central Asia + Oceania,Bangladesh,University of Barisal,https://www.bu.ac.bd,https://www.bu.ac.bd/,200,en,en,False,2026-08-11T11:45:18+00:00,3.474,1,1,11,0,0,0,0,0,0,0,0,1,10,1,1,2026-08-11,1,1,1,0,20,1,1,0,1,0,1,0,1,1,1,1,1,1,1,1,0,1,0,1,1,0,0,1,1,1,1,1,15.43,1,1,0,0,0,0,75,1,2,1,1,1,1,95.2,1,0,0,0,0,0,1
5324,M5,South & Central Asia + Oceania,Bangladesh,Bangladesh University of Textiles,https://www.butex.edu.bd,https://www.butex.edu.bd/homepage/,200,en-us,en-us,False,2026-08-11T11:45:23+00:00,2.65,1,1,9,1,0,0,0,0,0,0,0,0,0,1,1,2026-07-20,1,0,1,0,0,0,0,1,0,0,1,0,1,1,1,1,1,1,1,1,1,1,1,1,1,0,0,0,0,0,1,0,3.98,1,0,0,0,0,0,90,1,0,1,0,1,1,18.2,1,0,0,0,0,0,1
5325,M5,South & Central Asia + Oceania,Bangladesh,Patuakhali Science and Technology University,https://www.pstu.ac.bd,https://www.pstu.ac.bd/,200,en,en,False,2026-08-11T11:45:27+00:00,2.953,1,1,11,1,0,0,0,0,0,0,0,1,10,1,1,2026-08-03,1,1,1,1,6,0,0,0,0,0,1,0,1,1,1,1,1,1,1,1,0,1,0,1,1,0,0,1,0,1,1,1,21.0,1,1,0,0,0,0,75,1,0,1,1,1,1,45.5,1,0,0,0,0,0,1
5326,M5,South & Central Asia + Oceania,Sri Lanka,Rajarata University of Sri Lanka,https://www.rjt.ac.lk,https://www.rjt.ac.lk/,200,en-us,en-us,False,2026-08-11T11:45:36+00:00,7.382,1,1,7,1,0,0,0,0,1,1,1,1,6,1,1,2026-08-11,1,0,0,1,1,1,1,0,1,1,1,0,1,1,1,1,1,1,0,1,1,1,0,1,0,0,0,1,1,1,1,1,12.63,1,1,0,0,0,0,90,1,0,1,1,1,1,82.9,1,0,0,0,0,0,0
5327,M5,South & Central Asia + Oceania,Sri Lanka,Sabaragamuwa University of Sri Lanka,https://www.sab.ac.lk,https://www.sab.ac.lk/,200,en,en,False,2026-08-11T11:45:44+00:00,5.738,1,1,7,0,0,0,0,1,1,1,1,1,2,1,1,2026-08-20,1,0,0,1,18,1,0,1,1,0,1,0,1,1,1,1,1,1,1,1,1,0,0,1,1,0,0,1,0,1,1,1,4.06,1,1,0,0,0,0,75,1,1,1,1,1,1,90.5,1,0,0,1,0,0,0
5328,M5,South & Central Asia + Oceania,Sri Lanka,Uva Wellassa University,https://www.uwu.ac.lk,https://www.uwu.ac.lk/,200,en-us,en-us,False,2026-08-11T11:46:05+00:00,18.88,1,0,0,0,0,1,0,0,0,0,0,0,0,1,0,,1,1,1,1,4,1,0,0,1,1,1,1,1,1,1,1,1,1,1,1,1,1,1,1,1,1,0,0,0,1,1,1,21.0,1,1,0,0,0,1,75,1,0,0,0,1,1,45.6,1,0,0,0,1,0,0
5329,M5,South & Central Asia + Oceania,Central Asia,Kabul University,https://www.ku.edu.af,https://www.ku.edu.af/en,200,en,ps,True,2026-08-11T11:46:30+00:00,12.383,1,1,2,1,0,0,0,0,0,0,1,0,0,1,1,2026-08-11,1,0,0,1,0,1,1,0,0,0,1,1,1,1,1,1,1,1,0,0,1,0,1,0,0,0,0,0,0,1,1,0,11.37,1,1,0,0,0,0,75,1,2,1,0,1,1,43.3,1,0,0,0,0,1,0
5330,M5,South & Central Asia + Oceania,Central Asia,Royal University of Bhutan,https://www.rub.edu.bt,https://www.rub.edu.bt/,200,en-us,en-us,False,2026-08-11T11:46:41+00:00,9.269,1,1,7,1,0,0,0,0,0,0,1,1,3,1,1,2026-08-10,1,0,1,0,1,1,0,0,0,0,1,0,1,1,1,1,1,1,1,0,0,0,1,1,0,1,0,1,0,1,1,1,12.63,1,1,1,0,0,0,90,1,0,1,0,1,1,11.1,1,0,0,0,0,1,0
5331,M5,South & Central Asia + Oceania,Central Asia,Maldives National University,https://www.mnu.edu.mv,https://mnu.edu.mv/,200,en-us,en-us,False,2026-08-11T11:47:08+00:00,24.373,1,0,0,1,0,0,0,0,1,1,1,0,1,1,1,2026-08-11,1,1,1,1,0,0,0,1,1,0,1,0,1,1,1,1,1,1,1,1,1,1,1,1,0,0,1,1,0,1,1,1,7.19,1,1,1,0,0,0,75,1,1,1,0,1,1,0.0,1,0,0,0,0,1,0
5332,M5,South & Central Asia + Oceania,Central Asia,Tajik National University,https://www.tnu.tj,https://tnu.tj/index.php/en/main/,200,en-gb,tj-tj,True,2026-08-11T11:47:44+00:00,24.199,1,1,9,1,1,0,0,0,0,0,0,1,10,1,1,2026-05-05,1,0,1,0,14,0,0,1,0,0,1,0,1,1,1,1,1,1,1,1,1,0,0,1,0,0,0,0,0,0,1,0,21.0,1,0,0,0,0,0,75,1,15,1,0,1,1,14.3,1,0,0,0,0,1,0
5400,M5,South & Central Asia + Oceania,India,Indian Institute of Technology Dharwad,https://www.iitdh.ac.in,https://www.iitdh.ac.in/,200,en,en,False,2026-08-11T12:53:45+00:00,10.54,1,1,12,1,1,0,0,1,1,1,1,1,10,1,1,2026-12-19,1,1,1,1,20,1,1,1,1,1,1,0,1,1,1,1,1,1,1,1,1,1,0,1,1,0,0,0,0,0,1,0,18.88,1,0,0,0,1,0,75,1,0,1,0,1,1,5.4,1,0,0,1,0,0,1
5401,M5,South & Central Asia + Oceania,India,Indian Institute of Technology Bhilai,https://www.iitbhilai.ac.in,https://www.iitbhilai.ac.in/,200,en-us,en-us,False,2026-08-11T12:54:07+00:00,19.702,1,1,9,1,1,0,0,0,0,0,1,1,2,1,1,2026-11-19,1,1,1,1,1,1,1,1,0,0,1,0,1,1,1,1,1,1,1,0,0,1,0,1,1,0,0,0,1,1,1,0,12.63,1,0,0,0,0,1,20,1,0,0,1,1,0,81.5,1,0,0,1,0,0,1
5402,M5,South & Central Asia + Oceania,India,Indian Institute of Technology Goa,https://www.iitgoa.ac.in,https://iitgoa.ac.in/,200,en-us,en-us,False,2026-08-11T12:54:43+00:00,34.243,1,1,4,1,0,0,0,0,0,0,1,0,0,1,1,2026-07-20,1,1,1,1,0,0,0,1,1,1,1,0,1,1,1,1,1,1,1,1,1,1,0,1,1,1,0,0,0,1,1,1,12.63,1,1,0,0,0,1,90,1,1,0,0,1,1,95.2,1,0,0,0,0,0,1
5404,M5,South & Central Asia + Oceania,India,Indian Institute of Technology Tirupati,https://www.iittp.ac.in,https://www.iittp.ac.in/,200,en,en,False,2026-08-11T12:55:25+00:00,4.129,1,1,10,0,0,0,0,0,1,1,1,1,6,1,1,2026-05-02,1,1,1,1,20,1,1,1,1,0,1,0,1,1,1,1,1,1,1,1,1,1,1,1,1,1,0,1,0,1,1,1,18.24,1,1,0,0,0,0,75,1,0,1,1,1,1,100.0,1,0,0,0,0,0,1
5405,M5,South & Central Asia + Oceania,India,Indian Institute of Technology Palakkad,https://www.iitpkd.ac.in,https://iitpkd.ac.in/,200,en,en,False,2026-08-11T12:55:31+00:00,5.122,1,1,10,0,1,0,0,0,0,0,1,1,7,0,1,2026-08-11,1,1,1,1,7,1,1,0,0,0,1,0,1,1,1,1,1,1,1,1,0,1,0,1,1,1,0,0,0,1,1,0,7.39,1,0,0,0,0,0,75,1,0,0,0,0,1,7.1,1,0,0,0,0,0,1
5406,M5,South & Central Asia + Oceania,India,NIT Agartala,https://www.nita.ac.in,https://www.nita.ac.in/,200,en,en,False,2026-08-11T12:55:44+00:00,10.321,1,1,10,0,0,0,0,0,0,0,1,1,10,1,1,2027-02-19,1,1,1,1,6,1,1,1,0,0,1,0,1,1,1,1,1,1,1,1,0,1,1,1,1,1,0,0,0,1,1,1,15.43,1,0,0,0,0,0,75,1,0,1,1,1,0,96.7,1,1,0,1,0,0,1
5407,M5,South & Central Asia + Oceania,India,NIT Hamirpur,https://www.nith.ac.in,https://www.nith.ac.in/,200,en,en,False,2026-08-11T12:55:59+00:00,13.174,1,0,0,1,1,0,0,1,1,0,1,1,5,1,1,2026-10-29,1,1,1,1,15,1,1,0,0,0,1,0,1,1,1,1,1,1,1,0,0,1,1,1,1,1,0,0,0,1,1,0,5.83,1,1,0,0,1,0,75,1,0,1,1,1,1,74.5,1,0,0,1,0,0,1
5408,M5,South & Central Asia + Oceania,India,NIT Jalandhar,https://www.nitj.ac.in,https://www.nitj.ac.in/,200,en,en,False,2026-08-11T12:56:13+00:00,10.112,1,0,0,1,0,0,0,1,1,1,1,1,4,1,1,2026-05-25,1,0,1,1,0,1,1,0,1,0,1,0,1,1,1,1,1,1,1,1,1,1,1,1,1,1,0,0,0,1,1,0,20.19,1,1,1,0,1,0,75,1,5,1,0,1,1,14.9,1,0,0,0,0,0,1
5409,M5,South & Central Asia + Oceania,India,NIT Raipur,https://www.nitrr.ac.in,https://www.nitrr.ac.in/,200,,,False,2026-08-11T12:56:23+00:00,5.386,1,1,10,0,0,0,0,0,0,0,1,0,0,1,0,,1,1,1,1,0,1,1,1,1,1,1,0,1,1,1,1,1,1,1,1,0,1,1,1,0,0,1,1,0,1,1,1,12.63,1,1,0,0,0,0,75,1,2,1,0,1,0,30.8,0,0,0,0,1,0,1
5410,M5,South & Central Asia + Oceania,India,NIT Srinagar,https://www.nitsri.ac.in,https://www.nitsri.ac.in/,200,,,False,2026-08-11T12:56:28+00:00,3.305,1,0,0,1,0,0,0,1,1,1,1,0,1,1,0,,1,1,1,1,6,0,0,0,0,0,1,1,1,1,1,1,1,1,0,1,1,1,1,1,0,0,0,1,0,1,1,1,5.33,1,1,0,0,0,0,75,1,1,1,1,1,1,0.0,0,0,0,0,1,0,1
5411,M5,South & Central Asia + Oceania,India,IIIT Allahabad,https://www.iiita.ac.in,https://www.iiita.ac.in/,200,en,en,False,2026-08-11T12:56:40+00:00,9.652,1,0,0,0,0,0,0,1,0,0,1,0,0,1,1,2026-08-11,1,1,1,1,8,1,1,0,0,0,1,0,1,1,1,1,1,1,1,1,0,1,1,1,0,0,0,0,1,0,1,0,12.63,1,0,0,1,0,0,75,1,1,0,0,1,1,0.0,1,0,0,0,0,0,1
5412,M5,South & Central Asia + Oceania,India,IIIT Gwalior,https://www.iiitm.ac.in,https://www.iiitm.ac.in/,200,en,en,False,2026-08-11T12:56:51+00:00,9.368,1,1,9,1,0,0,0,1,0,0,0,1,10,1,1,2026-12-19,1,1,1,1,1,1,1,1,1,1,1,0,1,1,1,1,1,1,1,1,0,1,0,1,0,1,0,1,1,1,1,1,15.43,1,1,0,0,1,0,75,1,0,0,0,1,1,100.0,1,0,0,1,0,0,1
5413,M5,South & Central Asia + Oceania,India,Central University of Rajasthan,https://www.curaj.ac.in,https://www.curaj.ac.in/,200,en,en,False,2026-08-11T12:56:59+00:00,5.934,1,1,10,1,0,0,1,1,1,1,1,0,1,0,1,2026-08-12,1,1,1,1,7,1,1,1,0,0,1,0,1,1,1,1,1,1,0,1,0,1,0,1,1,0,0,0,0,1,1,0,19.26,1,1,1,0,1,0,75,1,0,0,1,1,1,44.4,1,1,0,1,0,0,1
5414,M5,South & Central Asia + Oceania,India,Central University of Kerala,https://www.cukerala.ac.in,https://www.cukerala.ac.in/,200,,,False,2026-08-11T12:57:11+00:00,9.154,1,1,11,0,0,0,0,0,0,0,1,1,9,1,1,2026-08-11,1,1,1,1,1,1,1,1,0,1,1,1,1,1,1,1,1,1,1,1,1,1,1,1,1,1,0,1,1,1,1,1,15.43,1,1,0,0,0,0,75,1,1,1,1,1,1,59.2,1,1,0,0,0,0,1
5416,M5,South & Central Asia + Oceania,India,Central University of Karnataka,https://www.cuk.ac.in,https://www.cuk.ac.in/#/home,200,en,en,False,2026-08-11T12:57:54+00:00,7.573,1,1,13,0,1,0,0,0,0,0,0,0,0,1,1,2026-08-11,1,0,1,0,20,1,1,1,0,0,1,1,1,1,1,1,1,1,1,1,0,1,0,1,1,1,0,1,0,1,0,1,15.43,1,1,0,0,1,0,75,1,0,1,0,1,0,36.6,1,0,0,0,0,0,1
5417,M5,South & Central Asia + Oceania,India,Central University of Tamil Nadu,https://www.cutn.ac.in,https://cutn.ac.in/,200,en-us,en-us,False,2026-08-11T12:58:19+00:00,22.452,1,1,4,0,0,0,0,1,0,0,1,1,10,1,1,2026-08-07,1,1,1,1,20,1,1,1,0,1,1,0,1,1,1,1,1,1,1,1,1,1,1,1,1,0,0,0,0,1,1,0,13.77,1,1,0,0,0,0,75,1,0,0,0,1,1,97.7,1,1,0,0,0,0,1
5418,M5,South & Central Asia + Oceania,India,Central University of Haryana,https://www.cuh.ac.in,https://g20.org/,200,en-us,,True,2026-08-11T12:58:34+00:00,7.34,1,1,20,1,0,0,0,0,0,0,0,0,0,0,0,,1,1,1,1,0,0,0,0,0,0,1,0,1,1,0,0,1,0,0,0,0,0,1,1,0,0,0,0,0,1,1,0,21.0,1,0,0,0,1,0,75,1,0,1,1,1,1,100.0,1,0,0,0,1,0,1
5419,M5,South & Central Asia + Oceania,India,Gauhati University,https://www.gauhati.ac.in,https://gauhati.ac.in/,200,en-us,en-us,False,2026-08-11T12:58:38+00:00,1.981,1,1,7,1,0,0,0,1,1,1,1,1,10,1,1,2026-11-27,1,1,1,1,11,1,0,1,0,0,1,0,1,1,1,1,1,1,1,1,1,1,1,1,0,0,1,0,1,1,1,1,16.81,1,1,0,0,0,0,90,1,0,1,1,1,1,58.5,1,1,0,1,0,0,1
5420,M5,South & Central Asia + Oceania,India,Dibrugarh University,https://www.dibru.ac.in,https://www.dibru.ac.in/,200,en,en,False,2026-08-11T12:58:49+00:00,8.837,1,1,9,0,0,0,0,0,0,0,1,1,10,1,1,2024-07-30,1,1,1,1,0,0,0,0,0,0,1,0,1,1,1,1,1,1,1,1,1,1,1,1,1,0,1,1,1,1,1,1,21.0,1,0,0,0,0,0,75,1,0,1,1,1,1,100.0,1,1,0,0,0,0,1
5423,M5,South & Central Asia + Oceania,India,University of Burdwan,https://www.buruniv.ac.in,https://www.buruniv.ac.in/Demo/index_bucc.php,200,en,en,False,2026-08-11T12:59:34+00:00,4.792,1,1,11,0,0,1,0,1,1,1,1,0,0,1,1,2026-08-13,1,1,1,0,0,1,1,1,1,0,1,0,1,1,1,1,1,1,1,1,1,1,1,1,0,0,0,0,0,1,1,1,15.43,1,0,0,0,0,0,75,1,0,1,0,1,0,2.9,1,0,0,1,0,0,1
5424,M5,South & Central Asia + Oceania,India,Vidyasagar University,https://www.vidyasagar.ac.in,https://www.vidyasagar.ac.in/,200,en,en,False,2026-08-11T12:59:42+00:00,4.697,1,1,9,0,0,0,0,1,1,1,1,1,8,1,1,2026-08-13,1,1,1,1,11,1,0,1,1,1,1,0,1,1,1,1,1,1,1,1,1,1,0,1,1,1,0,1,1,1,1,1,12.0,1,1,0,0,0,1,75,1,0,1,1,1,0,96.1,1,1,0,1,0,0,1
5426,M5,South & Central Asia + Oceania,Nepal,Tribhuvan Institute of Engineering,https://www.ioe.edu.np,https://ioe.tu.edu.np/,200,en,en,False,2026-08-11T12:59:57+00:00,4.049,1,1,11,1,0,0,0,1,0,0,0,0,0,1,1,2026-07-31,1,1,1,1,0,1,0,0,1,0,1,0,1,1,1,1,1,1,1,0,1,0,0,1,1,1,0,1,0,1,1,0,15.43,1,1,0,0,0,0,75,1,0,1,0,1,1,0.0,1,0,0,0,0,0,0
6001,M6,Latin America & Africa,Brazil,University of Sao Paulo,https://www5.usp.br,https://prpg.usp.br/en/en/enrolling-at-usp/list-of-courses,200,en-us,pt-br,True,2026-08-11T10:30:09+00:00,17.149,1,1,4,1,0,0,0,0,0,0,0,0,0,0,1,2026-08-07,0,0,0,0,1,0,0,1,0,0,1,0,0,0,0,0,0,0,0,0,0,0,0,0,0,0,0,1,0,0,0,0,18.96,1,1,0,0,0,0,90,1,3,1,0,1,1,0.0,1,0,0,0,0,0,1
6002,M6,Latin America & Africa,Brazil,University of Campinas,https://www.unicamp.br,https://www.unicamp.br/en/,200,en,pt-br,True,2026-08-11T10:30:29+00:00,8.179,1,1,2,1,0,0,0,0,0,0,1,1,10,0,1,2026-08-10,1,1,1,1,20,1,0,0,1,0,1,0,1,0,1,1,1,1,0,1,0,0,0,0,0,0,0,1,0,1,1,1,5.55,1,1,0,0,0,0,90,1,2,1,0,1,1,81.6,1,1,0,0,0,0,1
6003,M6,Latin America & Africa,Brazil,Federal University of Rio de Janeiro,https://www.ufrj.br,https://ufrj.br/en/,200,en-gb,pt-br,True,2026-08-11T10:30:43+00:00,9.242,1,1,4,1,1,0,1,1,1,1,0,0,0,0,0,,0,1,0,0,0,0,0,0,0,0,1,0,0,1,1,0,1,1,0,0,0,0,0,1,0,0,0,1,0,1,0,0,19.89,1,1,0,0,0,0,75,1,0,1,0,1,1,85.7,1,0,0,0,1,0,1
6004,M6,Latin America & Africa,Brazil,Sao Paulo State University,https://www.unesp.br,https://www2.unesp.br/,200,pt-br,pt-br,False,2026-08-11T10:31:03+00:00,13.191,1,0,0,1,0,0,0,1,0,0,0,0,0,0,0,,1,0,0,0,0,0,0,0,0,1,1,0,0,0,0,0,0,0,0,0,0,0,0,1,1,0,0,0,0,0,1,0,12.63,1,1,0,0,0,0,75,1,0,1,0,1,1,60.8,1,0,0,0,1,0,1
6005,M6,Latin America & Africa,Brazil,Federal University of Minas Gerais,https://www.ufmg.br,https://www.ufmg.br/,200,pt-br,pt-br,False,2026-08-11T10:31:17+00:00,11.206,1,1,6,1,0,0,0,1,0,0,0,1,10,0,1,,0,1,0,0,2,1,1,1,0,0,1,0,0,0,0,0,0,0,0,0,0,0,0,0,0,0,0,1,0,1,1,1,20.14,1,1,0,0,0,0,90,1,0,0,0,1,0,14.3,1,0,0,0,1,0,1
6006,M6,Latin America & Africa,Brazil,Federal University of Rio Grande do Sul,https://www.ufrgs.br,https://www.ufrgs.br/site/,200,pt-br,pt-br,False,2026-08-11T10:31:51+00:00,31.339,1,1,10,0,0,0,0,0,0,0,0,0,0,0,0,,1,1,0,0,20,1,1,0,0,1,1,0,0,0,0,0,0,0,0,0,0,0,0,1,1,0,0,1,0,0,1,0,11.37,1,1,0,0,0,0,90,1,1,1,1,1,1,28.6,1,0,0,0,1,0,1
6007,M6,Latin America & Africa,Brazil,University of Brasilia,https://www.unb.br,https://international.unb.br/,200,en-gb,pt-br,True,2026-08-11T10:32:44+00:00,14.282,1,1,7,1,0,1,0,0,0,0,0,0,0,0,0,,0,0,0,0,0,1,0,0,0,0,1,0,1,0,1,0,1,1,0,0,0,0,0,0,0,0,0,1,0,1,0,1,11.66,1,1,0,0,0,0,75,1,1,1,0,1,0,83.3,1,0,0,0,1,0,1
6009,M6,Latin America & Africa,Brazil,Federal University of Parana,https://www.ufpr.br,https://ufpr.br/,200,pt-br,pt-br,False,2026-08-11T10:33:17+00:00,22.068,1,1,7,1,0,0,0,0,0,0,0,0,0,0,0,,0,1,0,0,20,1,1,0,0,1,1,0,0,0,0,0,0,0,0,0,0,0,0,0,0,0,0,1,0,1,1,0,15.43,1,1,0,0,0,0,90,1,0,1,0,1,1,44.4,1,0,0,0,1,0,1
6011,M6,Latin America & Africa,Brazil,Federal University of Ceara,https://www.ufc.br,https://www.ufc.br/,200,pt-br,pt-br,False,2026-08-11T10:34:11+00:00,16.407,1,0,0,1,0,0,0,0,0,0,0,0,0,0,0,,0,1,0,0,0,0,0,0,0,1,1,0,0,0,0,0,0,0,0,0,0,0,0,0,0,0,0,0,0,1,1,0,2.02,1,0,1,0,0,0,75,1,0,1,1,1,1,95.2,1,0,0,0,1,0,1
6012,M6,Latin America & Africa,Brazil,Federal University of Bahia,https://www.ufba.br,https://ufba.br/,200,pt-br,pt-br,False,2026-08-11T10:34:27+00:00,12.418,1,1,7,1,0,0,0,0,0,0,0,0,0,0,1,2026-08-10,0,1,0,0,1,1,1,1,0,0,1,0,0,0,0,0,0,0,0,0,0,0,0,0,0,0,0,1,0,0,1,1,12.63,1,1,0,0,0,0,75,1,0,1,1,1,0,25.0,1,0,0,0,0,0,1
6013,M6,Latin America & Africa,Brazil,Federal University of Sao Carlos,https://www.ufscar.br,https://www.ufscar.br/,200,pt-br,pt-br,False,2026-08-11T10:34:36+00:00,5.758,1,1,10,1,0,1,0,0,0,0,0,0,0,0,0,,0,0,0,0,1,0,0,0,0,1,1,0,0,0,0,0,0,0,0,0,0,0,0,0,0,0,0,0,0,1,1,0,8.45,1,1,0,0,0,0,75,1,5,0,0,1,1,84.6,1,0,0,0,1,0,1
6014,M6,Latin America & Africa,Brazil,Federal University of Vicosa,https://www.ufv.br,https://www.ufv.br/,200,pt-br,pt-br,False,2026-08-11T10:34:51+00:00,12.955,1,1,7,1,0,0,0,0,0,0,0,0,0,0,1,2026-08-10,0,0,0,0,0,1,0,1,0,1,1,0,0,0,0,0,1,0,0,0,0,0,0,0,0,0,0,1,0,0,1,1,17.61,1,1,0,0,0,0,75,1,0,1,0,1,1,33.3,1,0,0,0,0,0,1
6015,M6,Latin America & Africa,Brazil,Fluminense Federal University,https://www.uff.br,https://www.uff.br/,200,pt-br,pt-br,False,2026-08-11T10:35:15+00:00,20.567,1,1,8,1,0,0,0,0,1,1,0,1,5,0,0,,0,1,0,0,17,0,0,0,0,0,1,0,0,0,0,0,0,0,0,0,0,0,1,0,0,0,0,1,0,1,1,1,18.35,1,1,0,0,0,0,100,1,0,1,1,1,1,85.0,1,0,0,0,1,0,1
6016,M6,Latin America & Africa,Brazil,Pontifical Catholic University of Rio de Janeiro,https://www.puc-rio.br,https://www.puc-rio.br/english/,200,en,pt-br,True,2026-08-11T10:35:41+00:00,13.645,1,0,0,1,0,0,0,1,0,0,0,0,0,0,0,,0,0,0,0,0,0,0,0,0,1,1,0,1,1,1,1,1,1,0,1,0,1,0,1,0,0,0,1,0,1,1,1,19.2,1,1,0,0,0,0,75,1,4,1,1,1,0,100.0,1,0,0,0,1,0,1
6017,M6,Latin America & Africa,Brazil,Federal University of Goias,https://www.ufg.br,https://ufg.br/,200,pt-br,pt-br,False,2026-08-11T10:36:01+00:00,14.432,1,1,7,1,1,0,0,0,1,1,0,1,10,0,1,2026-08-07,0,1,0,0,7,1,1,1,0,1,1,0,0,0,0,0,0,0,0,0,0,0,0,0,0,0,0,1,0,1,1,1,21.0,1,1,0,0,0,0,75,1,0,1,1,1,0,66.9,1,0,0,0,0,0,1
6018,M6,Latin America & Africa,Brazil,Federal University of Paraiba,https://www.ufpb.br,https://www.ufpb.br/#,200,pt,pt,True,2026-08-11T10:36:52+00:00,42.185,0,1,7,1,1,0,0,0,0,0,0,1,10,0,0,,0,1,0,0,5,1,1,0,0,0,1,0,0,0,0,0,0,0,0,0,0,0,0,0,0,0,0,1,0,1,1,1,21.0,1,0,0,0,0,0,90,1,0,1,0,1,0,30.0,1,0,0,0,1,0,1
6019,M6,Latin America & Africa,Brazil,Federal University of Rio Grande do Norte,https://www.ufrn.br,https://www.ufrn.br/en,200,en,pt-br,True,2026-08-11T10:37:20+00:00,17.861,1,1,7,0,0,0,0,0,0,0,0,0,0,0,0,,0,0,0,0,0,0,1,0,0,0,1,0,1,0,1,1,1,1,0,0,0,0,0,1,0,0,0,1,0,0,1,0,8.32,1,1,0,0,0,0,75,1,0,0,1,1,1,13.3,1,0,0,0,1,0,1
6021,M6,Latin America & Africa,Brazil,Federal University of Espirito Santo,https://www.ufes.br,https://internacional.ufes.br/en/home,200,,pt-br,True,2026-08-11T10:37:42+00:00,7.519,1,1,7,1,1,1,0,1,0,0,0,0,0,0,0,,0,0,1,0,0,0,0,0,0,0,1,0,1,1,0,1,1,1,1,1,0,0,0,1,0,0,0,0,0,1,0,0,21.0,1,0,0,0,0,0,75,1,0,1,0,1,0,52.9,1,1,0,0,1,0,1
6022,M6,Latin America & Africa,Brazil,Federal University of Uberlandia,https://www.ufu.br,https://ufu.br/,200,pt-br,pt-br,False,2026-08-11T10:37:59+00:00,12.121,1,1,10,0,0,1,0,1,0,0,0,0,0,0,1,2026-08-22,0,1,0,0,2,1,1,1,0,0,1,0,0,0,0,0,0,0,0,0,0,0,0,0,0,0,0,0,0,1,1,1,15.43,1,1,0,0,0,0,75,1,0,1,1,1,1,41.1,1,0,0,1,0,0,1
6023,M6,Latin America & Africa,Brazil,Federal University of Juiz de Fora,https://www.ufjf.br,https://www2.ufjf.br/ufjf/,200,pt-br,pt-br,False,2026-08-11T10:38:17+00:00,15.851,1,1,7,1,0,0,0,0,0,0,0,0,1,0,1,2026-08-07,0,0,0,0,0,0,0,1,0,0,1,0,0,1,0,0,0,0,0,0,0,0,1,0,0,0,0,0,0,1,1,0,6.93,1,0,0,0,1,0,75,1,0,1,1,1,1,45.5,1,0,0,0,0,0,1
6024,M6,Latin America & Africa,Brazil,Rio de Janeiro State University,https://www.uerj.br,https://www.uerj.br/,200,pt-br,pt-br,False,2026-08-11T10:38:55+00:00,34.51,1,1,6,1,0,0,0,0,0,0,0,0,0,0,1,2026-08-17,0,1,0,0,1,1,1,1,0,1,1,0,0,1,0,0,1,0,0,0,0,0,1,1,1,0,0,0,0,1,1,1,12.63,1,1,0,1,0,0,90,1,1,0,1,1,0,14.0,1,0,0,1,0,0,1
6025,M6,Latin America & Africa,Brazil,State University of Maringa,https://www.uem.br,https://www.cpr.uem.br/international/index.php/en/,200,en-gb,pt-br,True,2026-08-11T10:39:23+00:00,15.898,1,0,0,1,1,0,0,1,0,0,1,0,0,0,0,,1,0,1,0,0,0,0,0,0,0,1,0,1,1,0,0,1,1,0,1,0,0,0,0,1,0,0,1,0,1,0,0,12.63,0,1,0,0,0,0,75,1,0,1,1,1,1,13.6,1,0,0,0,1,0,1
6026,M6,Latin America & Africa,Brazil,State University of Londrina,https://www.uel.br,https://portal.uel.br/en/,200,pt-br,pt-br,True,2026-08-11T10:39:49+00:00,12.891,1,0,0,1,1,1,0,0,0,0,0,1,10,0,1,2026-08-13,0,0,0,0,1,1,1,0,0,1,1,0,0,0,0,0,0,0,0,0,0,0,0,0,0,0,0,1,0,1,1,1,14.53,1,1,0,0,0,0,75,1,0,1,0,1,0,58.7,1,0,0,1,0,0,1
6027,M6,Latin America & Africa,Brazil,Federal University of Santa Maria,https://www.ufsm.br,https://www.ufsm.br/#,200,pt-br,pt-br,True,2026-08-11T10:40:01+00:00,8.896,1,1,10,1,1,0,0,0,0,0,0,0,0,0,1,2026-08-22,0,1,0,0,3,1,1,1,0,1,1,0,0,0,0,0,0,1,0,0,0,0,0,1,1,0,0,0,0,0,1,0,17.04,1,1,0,0,0,0,90,1,0,0,1,1,1,77.1,1,1,0,1,0,0,1
6028,M6,Latin America & Africa,Brazil,Federal University of ABC,https://www.ufabc.edu.br,https://www.ufabc.edu.br/en/,200,pt-br,pt-br,True,2026-08-11T10:40:43+00:00,16.643,1,1,8,0,0,0,0,1,0,0,1,0,0,0,0,,1,1,0,0,0,1,1,0,0,0,1,0,1,1,0,1,1,1,0,0,0,0,0,1,0,0,0,0,0,1,1,0,9.52,1,1,0,0,0,1,90,1,0,0,0,0,1,66.7,1,0,0,0,1,0,1
6029,M6,Latin America & Africa,Brazil,Federal University of Pelotas,https://www.ufpel.edu.br,https://portal.ufpel.edu.br/en/,200,,,True,2026-08-11T10:41:05+00:00,13.319,0,1,7,1,1,0,0,0,0,0,1,1,5,0,0,,1,0,0,0,6,1,1,0,0,0,1,0,1,0,1,1,1,1,0,0,1,0,0,0,0,0,0,0,0,1,1,0,18.1,1,0,0,0,0,0,20,1,2,1,0,1,0,12.5,0,0,0,0,1,0,1
6030,M6,Latin America & Africa,Brazil,Mackenzie Presbyterian University,https://www.mackenzie.br,https://www.mackenzie.br/en/international/incoming,200,en-us,pt-br,True,2026-08-11T10:41:33+00:00,12.718,1,1,8,1,1,1,0,0,1,3,0,1,2,0,1,2026-05-26,1,1,1,0,0,0,0,0,1,0,1,0,1,1,0,1,1,1,0,1,0,1,1,1,1,1,1,0,0,1,1,1,12.63,1,1,1,0,0,1,75,1,0,1,0,1,1,16.7,1,0,0,0,0,0,1
6031,M6,Latin America & Africa,Brazil,Pontifical Catholic University of Rio Grande do Sul,https://www.pucrs.br,https://www.pucrs.br/en/,200,en_us,pt-br,True,2026-08-11T10:41:52+00:00,8.151,1,1,6,0,1,0,0,1,0,0,1,0,0,0,1,2025-11-19,1,0,0,1,0,0,0,1,1,0,1,0,1,1,0,0,1,1,1,1,0,1,0,1,0,0,0,1,0,1,1,1,5.74,1,1,0,0,0,0,90,1,25,1,1,1,1,25.0,1,0,0,0,0,0,1
6032,M6,Latin America & Africa,Brazil,Federal University of Mato Grosso do Sul,https://www.ufms.br,https://www.ufms.br/#,200,pt-br,pt-br,True,2026-08-11T10:42:16+00:00,16.042,1,1,9,0,1,0,0,0,0,0,0,0,0,0,1,2026-08-10,0,1,0,0,20,1,1,1,0,0,1,1,0,0,0,0,0,0,0,0,0,0,0,1,1,0,0,1,0,0,0,0,4.76,1,1,0,0,0,0,90,1,0,1,1,1,1,86.0,1,0,0,0,0,0,1
6033,M6,Latin America & Africa,Brazil,Getulio Vargas Foundation,https://www.fgv.br,https://portal.fgv.br/,200,pt-br,pt-br,False,2026-08-11T10:42:38+00:00,18.692,1,1,8,0,1,0,0,1,0,0,0,1,10,0,1,2026-08-19,1,0,0,0,8,1,1,1,1,0,1,0,1,0,0,0,1,0,0,0,0,0,1,0,0,0,0,0,0,1,1,1,15.43,1,1,0,0,0,0,75,1,0,1,1,1,0,78.6,1,1,0,1,0,0,1
6034,M6,Latin America & Africa,Brazil,Pontifical Catholic University of Sao Paulo,https://www.pucsp.br,https://www1.pucsp.br/,200,pt-br,pt-br,False,2026-08-11T10:42:53+00:00,8.836,1,0,0,0,0,0,0,0,0,0,0,0,0,0,1,2026-10-02,0,0,0,0,0,1,0,1,0,0,0,0,0,0,0,0,0,0,0,0,0,0,0,0,0,0,0,0,0,0,0,0,21.0,0,0,1,0,0,0,100,1,0,1,1,1,0,100.0,1,0,0,1,0,0,1
6035,M6,Latin America & Africa,Brazil,State University of Feira de Santana,https://www.uefs.br,https://www-uefs-br.translate.goog/?_x_tr_sch=http&_x_tr_sl=pt&_x_tr_tl=en&_x_tr_hl=pt-BR,200,,pt_br,True,2026-08-11T10:43:33+00:00,15.757,1,0,0,0,0,0,0,0,0,0,0,0,0,0,0,,0,0,0,0,0,0,0,0,0,0,0,0,0,0,0,0,0,0,0,0,0,0,0,0,0,0,0,0,0,0,0,0,21.0,0,0,0,0,0,0,0,1,1,0,0,1,1,100.0,0,0,0,0,1,0,1
6037,M6,Latin America & Africa,Brazil,Federal University of Alagoas,https://www.ufal.edu.br,https://ufal.br/,200,pt-br,pt-br,False,2026-08-11T10:44:26+00:00,15.866,1,1,10,1,0,0,0,0,0,0,0,1,10,0,1,2026-08-10,0,1,0,0,2,0,0,1,0,0,1,0,0,0,0,0,0,0,0,0,0,0,1,0,0,0,0,0,0,0,1,1,12.71,1,1,1,0,0,0,75,1,0,1,1,1,0,50.0,1,0,0,0,0,0,1
6038,M6,Latin America & Africa,Brazil,Federal University of Sergipe,https://www.ufs.br,https://www.ufs.br/,200,pt-br,pt-br,False,2026-08-11T10:44:35+00:00,5.477,1,1,8,1,0,0,0,0,0,0,0,0,0,0,0,,0,0,0,0,20,1,1,0,0,0,1,0,0,0,0,0,0,0,0,0,0,0,0,0,0,0,0,0,0,1,1,1,18.59,0,1,0,0,0,0,90,1,7,1,1,1,0,9.5,1,0,0,0,1,0,1
6039,M6,Latin America & Africa,Brazil,Federal University of Maranhao,https://www.ufma.br,https://portalpadrao.ufma.br/,200,pt-br,pt-br,False,2026-08-11T10:44:56+00:00,11.833,0,1,10,1,0,0,0,0,0,0,0,0,0,0,0,,0,0,0,0,0,0,0,0,0,0,0,0,0,0,0,0,0,0,0,0,0,0,0,0,0,0,0,0,0,0,1,0,14.74,0,0,0,0,0,0,75,1,0,0,0,1,0,33.3,1,0,0,0,1,0,1
6040,M6,Latin America & Africa,Brazil,University of the State of Rio de Janeiro Norte,https://www.uenf.br,https://uenf.br/portal/,200,pt-br,pt-br,False,2026-08-11T10:45:15+00:00,16.644,1,1,9,1,0,0,0,0,0,0,0,0,0,0,1,2026-08-10,0,1,0,0,18,0,0,1,0,0,1,0,1,0,0,0,0,0,0,0,0,0,0,0,0,0,0,1,0,1,1,0,21.0,1,1,0,0,0,0,90,1,0,1,0,0,0,33.3,1,0,0,0,0,0,1
6041,M6,Latin America & Africa,Mexico,National Autonomous University of Mexico,https://www.unam.mx,https://www.unam.mx/,200,es,es,False,2026-08-11T10:45:28+00:00,8.766,1,1,6,1,0,0,0,0,0,0,0,0,0,0,1,2026-08-10,0,1,0,0,2,1,1,1,0,1,1,1,0,0,0,0,0,0,0,0,0,0,0,0,0,0,0,0,0,0,1,1,19.42,1,1,0,0,0,0,75,1,1,1,1,1,1,100.0,1,0,0,0,0,0,1
6042,M6,Latin America & Africa,Mexico,National Polytechnic Institute,https://www.ipn.mx,https://www.ipn.mx/,200,es,es,False,2026-08-11T10:45:39+00:00,8.171,1,1,3,1,0,0,0,0,0,0,0,1,9,0,0,,0,1,0,0,0,1,1,0,0,0,1,0,0,0,0,0,0,0,0,0,0,0,0,0,0,0,0,1,0,0,1,1,15.43,1,0,0,0,0,0,75,1,0,0,1,1,1,97.2,1,0,0,0,1,0,1
6043,M6,Latin America & Africa,Mexico,Monterrey Institute of Technology,https://www.tec.mx,https://tec.mx/en,200,en,es,True,2026-08-11T10:46:07+00:00,20.815,1,1,4,1,1,0,1,1,1,0,0,0,0,1,0,,1,0,1,0,0,1,1,0,1,1,1,0,1,1,1,1,1,1,1,0,0,1,0,1,0,0,0,0,0,1,1,1,15.43,1,0,1,0,0,0,100,1,0,1,1,1,1,87.1,1,0,0,0,1,0,1
6044,M6,Latin America & Africa,Mexico,Autonomous Metropolitan University,https://www.uam.mx,https://www.uam.mx/,200,es,es,False,2026-08-11T10:46:16+00:00,5.962,1,0,0,0,0,0,0,0,0,0,0,0,0,0,0,,0,0,0,0,0,0,0,0,0,0,1,0,1,0,0,0,0,0,0,0,0,0,0,0,0,0,0,0,0,0,0,0,21.0,0,0,0,0,0,0,75,1,0,1,0,1,1,84.6,1,0,0,0,1,0,1
6045,M6,Latin America & Africa,Mexico,University of Guadalajara,https://www.udg.mx,https://www.udg.mx/en,200,en,es,True,2026-08-11T10:46:38+00:00,15.776,1,1,4,1,1,0,0,0,0,0,1,0,0,0,0,,0,0,0,0,0,0,0,0,0,0,0,0,1,1,0,1,0,1,0,0,0,0,0,1,0,0,0,1,0,1,1,1,12.63,0,1,0,0,0,0,75,1,0,1,0,1,1,23.1,1,0,0,0,1,0,1
6046,M6,Latin America & Africa,Mexico,Autonomous University of Puebla,https://www.buap.mx,https://www.buap.mx/,200,es,es,False,2026-08-11T10:46:47+00:00,6.19,1,0,0,0,0,0,0,0,0,0,0,0,0,0,0,,0,1,0,0,12,1,1,0,0,0,1,1,1,0,0,0,0,0,0,0,0,0,0,0,0,0,0,1,0,1,1,1,21.0,1,1,0,0,0,0,75,1,0,1,0,1,1,10.3,1,0,0,0,1,0,1
6047,M6,Latin America & Africa,Mexico,Autonomous University of Nuevo Leon,https://www.uanl.mx,https://www.uanl.mx/en/,200,en-us,es-mx,True,2026-08-11T10:47:03+00:00,8.239,1,1,4,1,1,0,0,0,0,0,0,0,0,0,0,,1,0,1,1,0,0,0,0,1,0,1,0,1,1,1,1,1,1,0,1,0,1,0,1,0,0,0,1,0,1,1,1,5.74,1,1,0,0,0,0,75,1,0,1,1,1,1,56.1,1,0,0,0,1,0,1
6050,M6,Latin America & Africa,Mexico,Autonomous Technological Institute of Mexico,https://www.itam.mx,https://www.itam.mx/en,200,en,es,True,2026-08-11T10:48:13+00:00,15.744,1,1,5,1,0,1,1,1,1,1,1,0,0,1,1,2026-07-06,1,1,1,1,1,0,0,0,0,0,1,0,1,1,1,1,1,1,1,1,0,1,1,1,0,1,0,1,0,1,1,1,3.72,1,1,1,0,0,0,75,1,0,1,0,1,1,88.9,1,0,0,0,0,0,1
6052,M6,Latin America & Africa,Mexico,University of Guanajuato,https://www.ugto.mx,https://www3.ugto.mx/en/,200,en,es-es,True,2026-08-11T10:49:19+00:00,21.837,1,0,0,1,0,0,0,0,1,1,0,0,0,0,0,,0,1,1,0,0,0,0,0,0,0,0,0,1,0,1,1,1,1,1,1,0,0,0,0,0,0,0,0,0,0,1,0,12.63,0,0,0,0,0,0,75,1,2,0,1,1,1,90.0,1,0,0,0,1,0,1
6053,M6,Latin America & Africa,Mexico,Veracruzana University,https://www.uv.mx,https://www.uv.mx/en/,200,en-us,es-mx,True,2026-08-11T10:49:39+00:00,8.361,1,1,9,1,1,0,0,0,0,0,0,0,1,0,0,,0,0,1,0,0,0,1,0,0,0,1,0,0,1,1,0,1,1,0,0,0,0,0,1,0,1,0,0,0,1,1,0,15.43,1,0,0,0,0,0,75,1,0,1,1,1,1,100.0,1,0,0,0,1,0,1
6055,M6,Latin America & Africa,Mexico,Autonomous University of Yucatan,https://www.uady.mx,https://uady.mx/,200,es_mx,es_mx,False,2026-08-11T10:50:28+00:00,12.539,1,0,0,0,0,0,0,0,0,0,0,0,0,0,0,,0,1,0,0,0,1,1,0,0,1,1,1,0,0,0,0,0,0,0,0,0,0,0,0,0,0,0,0,0,1,1,1,21.0,1,0,0,0,0,0,75,1,0,1,1,0,1,33.3,1,0,0,0,1,0,1
6056,M6,Latin America & Africa,Mexico,Autonomous University of Chihuahua,https://www.uach.mx,https://uach.mx/,200,es-mx,es-mx,False,2026-08-11T10:50:47+00:00,15.847,1,1,20,1,1,0,0,0,1,1,0,0,0,0,0,,0,1,0,0,0,0,1,0,0,0,1,0,1,0,0,0,0,0,0,0,0,0,0,0,0,0,0,0,0,1,1,0,12.63,1,1,0,0,0,0,100,1,1,1,1,1,0,53.1,1,0,0,0,1,0,1
6059,M6,Latin America & Africa,Argentina,University of Buenos Aires,https://www.uba.ar,https://www.uba.ar/,200,en,en,False,2026-08-11T10:51:12+00:00,11.594,1,1,3,1,1,0,0,0,0,0,0,1,4,0,0,,0,0,0,0,0,1,1,0,0,1,1,0,0,0,0,0,0,0,0,0,0,0,0,0,0,0,0,0,0,0,1,1,15.43,1,1,0,0,0,0,75,1,0,1,1,0,1,37.5,1,0,0,0,1,0,0
6060,M6,Latin America & Africa,Argentina,National University of Cordoba,https://www.unc.edu.ar,https://www.unc.edu.ar/,200,es,es,False,2026-08-11T10:51:22+00:00,6.701,1,1,5,1,0,0,0,0,0,0,0,0,0,0,0,,0,0,0,0,0,0,0,0,0,0,1,0,0,0,0,0,0,0,0,0,0,0,0,0,0,0,0,0,0,0,1,0,15.91,1,1,0,0,0,0,75,1,0,1,0,1,1,53.5,1,0,0,0,1,0,0
6061,M6,Latin America & Africa,Argentina,National University of La Plata,https://www.unlp.edu.ar,https://unlp.edu.ar/,200,es-ar,es-ar,False,2026-08-11T10:51:35+00:00,10.77,1,1,6,1,0,0,0,0,0,0,0,0,0,0,0,,0,0,0,0,0,0,0,0,0,0,1,0,0,0,0,0,0,0,0,0,0,0,0,0,0,0,0,0,0,1,1,0,7.46,1,1,0,0,0,0,90,1,0,1,1,1,1,50.0,1,0,0,0,1,0,0
6063,M6,Latin America & Africa,Argentina,Austral University,https://www.austral.edu.ar,https://www.austral.edu.ar/en/,200,en,es,True,2026-08-11T10:52:16+00:00,10.207,1,1,20,0,1,0,0,1,1,1,0,1,10,1,1,2026-08-07,1,1,1,1,2,1,1,1,1,0,1,0,1,1,1,1,1,1,1,1,1,0,0,1,0,0,0,0,0,1,1,1,21.0,1,1,0,0,0,0,90,1,3,1,0,1,1,19.1,1,0,0,0,0,0,0
6065,M6,Latin America & Africa,Argentina,National University of the Littoral,https://www.unl.edu.ar,https://www.unl.edu.ar/,200,es-es,es-es,False,2026-08-11T10:53:06+00:00,11.001,1,1,1,1,0,0,0,0,0,0,0,0,0,0,0,,0,0,0,0,0,0,0,1,0,0,1,0,0,0,0,0,0,0,0,0,0,0,0,0,1,0,0,1,0,1,1,1,4.61,1,0,0,0,0,0,90,1,0,1,0,1,1,0.0,1,0,0,0,1,0,0
6066,M6,Latin America & Africa,Argentina,National University of Cuyo,https://www.uncuyo.edu.ar,https://www.uncuyo.edu.ar/,200,es,es,False,2026-08-11T10:53:27+00:00,11.85,1,1,4,1,0,0,0,0,1,1,0,0,0,0,0,,0,1,0,0,0,1,1,0,0,0,1,0,1,0,0,0,0,0,0,0,0,0,0,1,0,0,0,0,0,1,1,0,14.02,1,1,0,0,0,0,75,1,0,1,1,1,1,86.8,1,0,0,0,1,0,0
6067,M6,Latin America & Africa,Argentina,National University of Tucuman,https://www.unt.edu.ar,https://www.unt.edu.ar/,200,es-ar,es-ar,False,2026-08-11T10:53:38+00:00,7.689,1,1,6,0,0,0,0,0,0,0,0,0,0,0,0,,0,0,0,0,0,0,0,0,0,0,1,0,0,0,0,0,0,0,0,0,0,0,0,1,1,0,0,1,0,0,1,0,7.46,1,1,0,0,0,0,75,1,0,1,0,1,1,95.5,1,0,0,0,1,0,0
6068,M6,Latin America & Africa,Argentina,National University of the South,https://www.uns.edu.ar,https://www.uns.edu.ar/,200,es,es,False,2026-08-11T10:53:54+00:00,12.908,1,1,7,0,0,0,0,0,0,0,0,0,0,0,1,2026-08-11,0,0,0,0,4,0,1,1,0,1,1,0,0,0,0,0,0,0,0,0,0,0,0,0,0,0,0,1,0,0,1,0,10.55,1,1,0,0,0,0,75,1,0,1,1,1,1,100.0,1,0,0,0,0,0,0
6069,M6,Latin America & Africa,Argentina,Torcuato di Tella University,https://www.utdt.edu,https://www.utdt.edu/,200,,,False,2026-08-11T10:54:11+00:00,14.282,1,1,16,1,0,0,0,0,1,1,1,1,2,0,0,,0,1,0,0,0,0,0,0,0,0,1,0,0,0,0,0,0,1,0,0,0,0,0,1,0,0,0,1,0,1,1,1,14.13,1,1,0,0,0,0,75,1,0,1,1,1,1,10.3,0,0,0,0,1,0,0
6070,M6,Latin America & Africa,Argentina,University of San Andres,https://www.udesa.edu.ar,https://www.udesa.edu.ar/,200,es,es,False,2026-08-11T10:54:21+00:00,6.17,1,0,0,1,0,0,0,0,1,1,0,0,0,0,1,,0,1,0,0,17,1,1,1,0,1,1,0,1,0,0,0,0,1,0,0,0,0,0,0,0,0,0,1,0,0,1,1,11.13,1,0,0,0,0,0,90,1,0,1,1,1,1,40.0,1,0,0,0,1,0,0
6072,M6,Latin America & Africa,Colombia,University of the Andes,https://www.uniandes.edu.co,https://www.uniandes.edu.co/,200,es,es,False,2026-08-11T10:54:31+00:00,6.681,1,1,1,1,0,0,0,0,0,0,0,1,2,0,1,2026-08-06,1,1,0,0,16,1,1,1,0,0,1,0,1,0,0,0,0,0,0,0,0,1,0,1,0,0,0,0,0,0,1,0,5.74,1,1,0,0,0,0,100,1,0,1,1,1,1,83.3,1,1,0,0,0,0,0
6073,M6,Latin America & Africa,Colombia,University of Antioquia,https://www.udea.edu.co,https://www.udea.edu.co/wps/portal/udea/web/inicio/!ut/p/z1/04_Sj9CPykssy0xPLMnMz0vMAfIjo8zi_QJNXQ2NnA18_D2NXQ0CLf1MA4zdPY1MzI31wwkpiAJKG-AAjgZA_VFgJRaWzkaGjiYGPgbehqYGjoGuAX4h_s4BLl5GUAV4zCjIjTDIdFRUBAC3KPbO/#,200,es,es,True,2026-08-11T10:54:50+00:00,11.149,1,0,0,1,1,0,0,0,0,0,0,0,0,0,1,2026-07-10,0,0,0,0,8,1,1,0,0,1,1,0,0,0,0,0,0,0,0,0,0,0,0,0,0,0,0,1,0,1,1,1,21.0,1,0,0,0,0,0,75,1,0,1,0,1,1,50.0,1,1,0,0,0,0,0
6075,M6,Latin America & Africa,Colombia,University of Valle,https://www.univalle.edu.co,https://www.univalle.edu.co/,200,es-es,es-es,False,2026-08-11T10:56:02+00:00,35.514,1,1,8,0,0,0,0,0,0,0,0,0,0,0,0,,0,0,0,0,0,1,0,1,0,1,1,0,1,0,0,0,0,0,0,0,0,0,0,1,0,0,0,1,0,1,1,1,5.1,1,1,0,0,0,0,90,1,2,1,1,1,0,80.0,1,0,0,0,1,0,0
6076,M6,Latin America & Africa,Colombia,University of Rosario,https://www.urosario.edu.co,https://urosario.edu.co/en,200,es-co,es-co,True,2026-08-11T10:56:40+00:00,14.035,1,1,8,1,1,0,1,1,0,0,1,1,10,1,1,2026-09-02,0,0,0,0,6,1,1,0,0,0,1,0,0,1,1,1,1,1,0,0,0,1,0,1,0,0,0,1,0,0,1,1,12.63,1,1,1,0,0,0,100,1,4,1,1,1,1,72.9,1,0,0,1,0,0,0
6077,M6,Latin America & Africa,Colombia,Externado University of Colombia,https://www.uexternado.edu.co,https://www.uexternado.edu.co/en/,202,en-us,es-es,True,2026-08-11T10:56:58+00:00,9.043,1,1,7,1,1,0,0,1,0,0,0,1,10,0,0,,1,1,0,0,15,1,1,0,0,0,1,0,0,0,0,0,0,1,0,0,0,0,0,1,0,0,0,1,0,1,1,1,15.91,1,1,0,0,0,0,90,1,10,0,1,1,0,74.5,1,0,0,0,1,0,0
6078,M6,Latin America & Africa,Colombia,Industrial University of Santander,https://www.uis.edu.co,https://uis.edu.co/en/,200,en-us,es-co,True,2026-08-11T10:57:22+00:00,9.731,0,1,9,0,1,0,0,0,0,0,0,0,0,0,0,,1,0,1,0,3,0,0,0,0,0,1,0,1,1,0,1,1,1,0,0,0,1,0,0,0,0,0,0,0,0,1,0,12.63,1,0,0,0,0,0,90,1,0,1,0,1,1,84.2,1,0,0,0,1,0,0
6080,M6,Latin America & Africa,Colombia,Pontifical Bolivarian University,https://www.upb.edu.co,https://portal.upb.edu.co/,200,es-es,es-es,False,2026-08-11T10:58:11+00:00,11.339,1,1,5,0,0,0,0,1,0,0,0,1,2,0,0,,0,0,0,0,14,1,1,0,0,1,1,0,1,0,0,0,0,0,0,0,0,0,0,1,0,0,0,1,0,1,1,1,21.0,1,1,0,0,0,0,100,1,0,1,1,1,1,33.3,1,0,0,0,1,0,0
6081,M6,Latin America & Africa,Chile,University of Chile,https://www.uchile.cl,https://uchile.cl/english,200,en,es,True,2026-08-11T10:58:45+00:00,25.367,1,1,7,1,1,0,0,0,1,0,1,0,0,0,0,,0,1,0,0,0,0,0,0,0,0,1,0,1,1,1,1,1,1,0,1,0,0,0,1,0,0,0,1,0,1,1,1,21.0,1,1,0,0,0,0,75,1,0,1,1,1,1,40.0,1,0,0,0,1,0,0
6082,M6,Latin America & Africa,Chile,Pontifical Catholic University of Chile,https://www.uc.cl,https://www.uc.cl/en,200,en,es,True,2026-08-11T10:59:05+00:00,13.498,1,0,0,1,1,0,0,0,1,1,0,1,4,0,0,,1,1,1,0,0,1,1,0,0,0,1,0,1,1,1,1,1,1,0,1,0,1,1,1,1,0,0,1,1,0,1,1,15.43,1,0,0,0,1,0,100,1,0,1,1,1,1,70.4,1,0,0,0,1,0,0
6085,M6,Latin America & Africa,Chile,University of Santiago Chile,https://www.usach.cl,https://www.usach.cl/en,200,en,es,True,2026-08-11T10:59:44+00:00,10.528,1,1,5,1,1,0,0,0,1,1,1,0,0,0,1,2026-08-11,1,1,1,0,2,0,0,1,0,1,1,0,1,1,1,1,1,1,1,1,1,1,0,1,0,0,0,1,0,0,1,1,15.43,1,1,0,0,0,0,75,1,2,1,0,1,1,50.9,1,0,0,0,0,0,0
6086,M6,Latin America & Africa,Chile,Austral University of Chile,https://www.uach.cl,https://www.uach.cl/,200,es,es,False,2026-08-11T11:00:16+00:00,29.716,1,1,7,0,0,0,0,0,0,0,0,1,3,0,0,,0,0,0,0,0,1,1,0,0,0,1,0,0,0,0,0,0,0,0,0,0,1,0,1,1,0,0,0,0,1,1,0,4.48,1,1,0,0,0,0,75,1,0,0,0,0,1,33.3,1,0,0,0,1,0,0
6087,M6,Latin America & Africa,Chile,Adolfo Ibanez University,https://www.uai.cl,https://www.uai.cl/,200,es,es,False,2026-08-11T11:00:26+00:00,5.945,1,1,4,0,0,0,0,1,1,1,0,1,10,0,0,,0,0,0,0,20,1,1,0,0,1,1,0,1,0,0,1,0,0,0,0,0,1,0,0,0,0,0,1,0,0,1,1,17.96,1,0,0,0,0,0,100,1,0,1,1,1,1,78.8,1,0,0,0,1,0,0
6088,M6,Latin America & Africa,Chile,University of Valparaiso,https://www.uv.cl,https://www.uv.cl/#,200,es-es,es-es,True,2026-08-11T11:00:35+00:00,6.544,1,1,2,1,1,0,0,0,0,0,0,0,0,0,0,,0,1,0,0,0,1,1,0,0,0,1,0,0,0,0,0,0,0,0,0,0,1,0,0,0,0,0,0,0,1,1,1,14.18,1,1,0,0,0,0,90,1,0,1,0,1,0,12.0,1,0,0,0,1,0,0
6089,M6,Latin America & Africa,Chile,University of La Frontera,https://www.ufro.cl,https://en.ufro.cl/,200,es-cl,es-cl,True,2026-08-11T11:01:59+00:00,23.259,1,1,9,1,0,0,0,0,1,1,0,1,10,0,0,,1,1,1,0,1,1,1,0,1,0,1,0,0,0,1,1,1,1,0,0,0,0,0,0,0,0,0,0,0,0,1,0,21.0,1,0,0,0,0,0,90,1,0,1,0,1,1,7.4,1,0,0,0,1,0,0
6090,M6,Latin America & Africa,Chile,Diego Portales University,https://www.udp.cl,https://diegoportalesuniversity.udp.cl/,200,en-us,es-cl,True,2026-08-11T11:01:53+00:00,5.89,1,0,0,1,0,0,0,0,0,0,0,0,0,0,0,,0,0,0,0,0,0,0,0,0,0,1,0,1,0,0,0,1,0,0,1,0,1,0,1,0,0,0,1,0,0,1,1,21.0,1,1,0,1,0,0,75,1,2,1,0,0,1,0.0,1,0,0,0,1,0,0
6091,M6,Latin America & Africa,Peru & Andes,National University of San Marcos,https://www.unmsm.edu.pe,https://www.unmsm.edu.pe/,200,es,es,False,2026-08-11T11:02:06+00:00,10.378,1,0,0,0,0,0,0,1,0,0,0,0,1,0,0,,0,0,0,0,0,1,0,0,0,1,1,0,0,0,0,0,0,0,0,0,0,0,0,1,0,0,0,1,0,1,1,1,21.0,1,1,0,0,0,0,90,1,0,1,1,1,1,100.0,1,0,0,0,1,1,0
6092,M6,Latin America & Africa,Peru & Andes,Pontifical Catholic University of Peru,https://www.pucp.edu.pe,https://www.pucp.edu.pe/en/,200,en,es,True,2026-08-11T11:02:20+00:00,7.596,0,1,7,1,1,0,1,1,1,1,0,1,6,0,0,,1,0,1,1,0,0,0,0,0,0,0,0,1,1,1,1,1,1,1,1,0,0,0,1,1,0,0,1,1,1,1,1,12.63,0,0,0,0,0,0,75,1,0,1,0,1,1,0.0,1,0,0,0,1,1,0
6093,M6,Latin America & Africa,Peru & Andes,Cayetano Heredia University,https://www.cayetano.edu.pe,https://cayetano.edu.pe/,200,es,es,False,2026-08-11T11:02:31+00:00,8.855,1,1,1,1,0,0,0,0,0,0,0,0,1,0,1,2026-07-17,0,0,0,0,9,1,1,1,0,1,1,0,0,1,0,0,1,0,0,0,0,0,0,1,1,0,0,1,0,1,1,1,21.0,1,0,0,0,0,0,90,1,2,1,1,1,1,89.6,1,0,0,0,0,1,0
6094,M6,Latin America & Africa,Peru & Andes,National University of Engineering Peru,https://www.uni.edu.pe,https://portal.uni.edu.pe/,200,es-es,es-es,False,2026-08-11T11:02:49+00:00,14.766,1,1,10,0,0,0,0,1,0,0,0,0,0,0,1,2026-07-16,0,0,0,0,1,0,1,1,0,0,1,0,1,0,0,0,0,0,0,0,0,0,0,1,0,0,0,1,0,1,1,1,12.63,1,1,0,0,0,0,75,1,0,1,1,1,1,63.6,1,0,0,0,0,1,0
6096,M6,Latin America & Africa,Peru & Andes,National Agrarian University La Molina,https://www.lamolina.edu.pe,https://www.lamolina.edu.pe/,200,es,es,False,2026-08-11T11:03:46+00:00,11.073,1,1,3,1,0,0,0,0,0,0,0,1,4,0,1,2026-08-04,0,0,0,0,0,1,1,1,0,0,1,0,1,0,0,0,0,0,0,0,0,0,0,0,1,0,0,1,0,1,1,1,12.63,1,0,0,0,0,0,75,1,0,0,1,1,0,100.0,1,0,0,0,0,1,0
6097,M6,Latin America & Africa,Peru & Andes,University of the Republic Uruguay,https://www.udelar.edu.uy,https://udelar.edu.uy/,200,es,es,False,2026-08-11T11:04:11+00:00,20.449,1,1,5,1,0,1,0,0,0,0,1,1,8,0,1,2026-09-25,0,0,0,0,20,1,1,1,0,1,1,0,0,0,0,0,0,0,0,0,0,0,0,1,0,0,0,1,0,1,1,1,18.26,1,1,0,0,0,0,100,1,0,1,0,1,0,100.0,1,0,0,1,0,1,0
6098,M6,Latin America & Africa,Peru & Andes,University of Costa Rica,https://www.ucr.ac.cr,https://www.ucr.ac.cr/,200,es,es,False,2026-08-11T11:04:25+00:00,10.312,1,1,5,1,0,0,0,0,1,4,1,1,2,0,1,2026-07-31,1,1,0,0,14,1,1,1,1,1,1,0,0,0,0,0,1,0,0,0,1,0,1,1,0,0,0,0,0,1,1,1,21.0,1,0,0,0,0,0,90,1,0,1,1,1,1,82.9,1,0,0,0,0,1,0
6099,M6,Latin America & Africa,Peru & Andes,University of Puerto Rico,https://www.upr.edu,https://www.upr.edu/en/,200,en-us,es-pr,True,2026-08-11T11:04:53+00:00,12.482,1,1,4,1,1,0,0,0,0,0,0,0,0,0,1,2026-08-07,0,0,0,0,2,1,1,0,0,1,1,0,0,0,1,0,0,0,1,0,0,0,1,1,0,0,0,0,0,0,1,0,9.1,1,0,0,0,0,0,90,1,1,1,1,0,1,81.5,1,0,0,0,0,1,0
6100,M6,Latin America & Africa,Peru & Andes,San Francisco de Quito University,https://www.usfq.edu.ec,https://www.usfq.edu.ec/en,200,en,es,True,2026-08-11T11:05:23+00:00,11.139,1,1,5,1,1,0,0,1,0,0,1,0,0,0,1,2026-10-30,1,1,1,1,12,1,1,1,1,1,1,0,1,1,1,1,1,1,1,1,1,1,1,1,0,0,0,1,0,1,1,1,15.43,1,0,0,0,0,0,100,1,0,1,1,1,1,95.9,1,0,0,1,0,1,0
6104,M6,Latin America & Africa,Peru & Andes,Higher University of San Andres Bolivia,https://www.umsa.bo,https://www.umsa.bo/en/home,200,en-us,es-es,True,2026-08-11T11:07:36+00:00,22.503,1,1,1,1,1,0,0,0,0,0,0,1,10,0,1,2026-08-10,1,1,1,1,18,1,1,1,0,0,1,0,1,0,0,0,0,0,0,0,0,0,0,1,1,0,0,1,0,1,1,0,8.69,1,1,0,0,0,0,75,1,4,0,1,1,1,76.9,1,0,0,0,0,1,0
6105,M6,Latin America & Africa,Peru & Andes,National University of Asuncion,https://www.una.py,https://www.una.py/,200,es,es,False,2026-08-11T11:07:44+00:00,1.819,1,1,9,1,0,0,0,0,0,0,0,1,6,0,1,2026-08-10,0,1,0,0,0,0,0,1,0,0,1,0,1,0,0,0,0,0,0,0,0,0,0,1,0,0,0,1,0,1,1,1,18.88,1,1,0,0,0,0,90,1,0,1,1,1,1,18.2,1,0,0,0,0,1,0
6106,M6,Latin America & Africa,South Africa,University of Cape Town,https://www.uct.ac.za,https://www.uct.ac.za/,200,en,en,False,2026-08-11T11:08:21+00:00,35.668,1,1,1,1,0,0,1,1,0,0,1,0,0,1,1,2026-12-15,1,1,1,1,8,1,1,0,1,1,1,0,1,1,1,1,1,1,1,1,1,1,1,1,0,0,1,0,0,1,1,0,2.73,1,1,1,0,0,0,75,1,0,1,1,1,0,100.0,1,0,0,1,0,0,1
6107,M6,Latin America & Africa,South Africa,University of the Witwatersrand,https://www.wits.ac.za,https://www.wits.ac.za/,200,en,en,False,2026-08-11T11:08:47+00:00,21.174,1,1,6,1,0,0,0,0,0,0,1,1,2,0,1,2026-08-11,1,1,1,1,5,1,0,0,1,1,1,0,1,1,1,1,1,1,0,1,1,1,1,1,0,0,0,1,0,1,1,1,12.45,1,1,1,0,0,0,75,1,1,1,1,1,0,41.7,1,0,0,0,0,0,1
6108,M6,Latin America & Africa,South Africa,Stellenbosch University,https://www.sun.ac.za,https://www.su.ac.za/en,200,en,en,False,2026-08-11T11:09:01+00:00,10.83,1,1,5,1,1,0,0,0,0,0,1,1,8,1,1,2026-03-26,1,0,1,1,5,1,1,0,0,1,1,0,0,1,1,1,1,1,0,1,1,1,1,1,0,0,0,1,0,1,1,1,13.02,1,1,1,0,0,0,90,1,1,1,1,1,0,95.5,1,1,0,0,0,0,1
6109,M6,Latin America & Africa,South Africa,University of Pretoria,https://www.up.ac.za,https://www.up.ac.za/,200,en,en,False,2026-08-11T11:09:12+00:00,9.125,1,1,4,1,0,0,0,0,0,1,1,1,2,1,1,2026-10-02,1,1,1,1,5,1,1,0,0,1,1,0,0,1,1,1,1,1,1,1,1,1,1,1,1,1,0,1,0,1,1,1,12.63,1,1,0,0,0,0,100,1,0,1,1,1,1,92.9,1,0,0,1,0,0,1
6110,M6,Latin America & Africa,South Africa,University of KwaZulu-Natal,https://www.ukzn.ac.za,https://ukzn.ac.za/,200,en-us,en-us,False,2026-08-11T11:09:34+00:00,19.949,1,1,20,1,0,0,0,0,0,0,0,1,3,1,0,,1,1,1,1,3,1,1,0,0,0,1,0,1,1,1,1,1,1,1,1,1,1,1,1,0,0,1,1,0,1,1,1,5.74,1,1,1,0,1,0,90,1,2,1,0,1,0,44.4,1,1,0,0,1,0,1
6111,M6,Latin America & Africa,South Africa,University of Johannesburg,https://www.uj.ac.za,https://www.uj.ac.za/,200,en-za,en-za,False,2026-08-11T12:43:16+00:00,14.013,1,1,8,1,0,0,0,0,0,0,1,0,0,0,1,2026-08-07,1,1,1,1,0,0,0,0,1,0,1,0,1,1,1,1,1,1,1,1,1,1,1,1,1,0,0,1,0,1,1,1,15.43,1,1,1,0,0,0,90,1,1,1,1,1,1,39.1,1,0,0,0,0,0,1
6112,M6,Latin America & Africa,South Africa,Rhodes University,https://www.ru.ac.za,https://www.ru.ac.za/,200,en,en,False,2026-08-11T11:09:52+00:00,9.601,1,0,0,1,0,0,0,0,0,0,0,0,0,0,0,,1,1,1,0,0,0,0,0,0,0,1,0,1,1,1,1,1,1,1,1,1,1,1,0,1,0,0,1,0,1,1,1,5.33,0,1,0,0,0,0,75,1,2,1,1,0,1,50.0,1,0,0,0,1,0,1
6113,M6,Latin America & Africa,South Africa,North-West University,https://www.nwu.ac.za,https://www.nwu.ac.za/,200,en,en,False,2026-08-11T11:10:01+00:00,4.948,1,1,6,1,1,0,0,1,1,1,1,0,0,1,0,,1,1,0,1,6,1,1,0,1,1,1,0,1,1,1,1,1,1,0,1,1,1,0,1,1,0,0,0,0,1,1,1,12.63,1,1,0,0,0,0,75,1,0,1,0,1,0,64.0,1,0,0,0,1,0,1
6114,M6,Latin America & Africa,South Africa,University of the Western Cape,https://www.uwc.ac.za,https://www.uwc.ac.za/,200,en,en,False,2026-08-11T11:10:13+00:00,9.168,1,1,5,0,0,0,0,0,0,0,1,1,3,1,0,,1,1,1,1,0,0,0,0,0,0,1,0,1,1,1,1,1,1,1,1,1,1,1,1,1,0,1,1,1,1,1,1,8.19,1,1,0,0,0,1,90,1,0,1,1,1,1,100.0,1,0,0,0,1,0,1
6115,M6,Latin America & Africa,South Africa,University of the Free State,https://www.ufs.ac.za,https://www.ufs.ac.za/,200,,,False,2026-08-11T11:10:35+00:00,20.385,1,0,0,1,0,0,0,0,0,0,0,0,0,1,0,,1,1,1,0,0,1,0,0,0,0,1,0,0,1,1,1,1,1,1,1,1,1,0,1,0,0,0,0,0,1,1,1,12.63,1,0,0,0,0,0,75,1,0,0,1,1,0,66.7,1,0,0,0,1,0,1
6116,M6,Latin America & Africa,South Africa,Nelson Mandela University,https://www.mandela.ac.za,https://www.mandela.ac.za/,200,,,False,2026-08-11T11:11:03+00:00,23.39,1,0,0,1,0,0,0,0,0,0,0,0,0,0,1,2026-09-04,1,1,1,1,0,1,1,0,0,0,1,0,1,1,1,1,1,1,1,1,1,1,1,1,1,1,0,0,0,1,1,0,15.43,1,0,0,0,0,1,75,1,0,1,1,1,0,0.0,0,0,0,1,0,0,1
6117,M6,Latin America & Africa,South Africa,University of South Africa,https://www.unisa.ac.za,https://www.unisa.ac.za/sites/corporate/default,200,,,False,2026-08-11T11:11:39+00:00,30.236,1,1,9,1,0,0,0,0,1,1,1,1,10,1,1,2027-04-16,1,1,1,1,1,1,1,0,1,0,1,0,1,1,1,1,1,1,1,1,1,1,1,1,0,0,1,0,0,1,1,1,15.43,1,0,0,0,0,0,75,1,0,1,1,0,0,82.9,1,0,0,1,0,0,1
6119,M6,Latin America & Africa,Egypt & North Africa,Ain Shams University,https://www.asu.edu.eg,https://www.asu.edu.eg/,200,en,ar,True,2026-08-11T11:12:23+00:00,17.895,1,1,17,1,0,0,0,1,1,2,1,1,10,1,1,2026-12-08,1,0,1,1,6,1,1,0,1,1,1,0,1,1,1,1,1,1,1,0,1,1,1,1,0,0,0,1,1,1,1,1,8.06,1,1,1,1,0,0,75,1,0,1,1,1,1,100.0,1,0,0,1,0,1,0
6120,M6,Latin America & Africa,Egypt & North Africa,Alexandria University,https://www.alexu.edu.eg,https://www.alexu.edu.eg/index.php/en/,200,en-gb,ar-aa,True,2026-08-11T11:12:55+00:00,20.257,1,1,9,0,1,0,0,1,1,1,1,1,10,0,0,,1,0,0,1,1,1,1,0,0,1,1,0,1,1,0,1,1,1,1,1,0,1,1,1,0,0,0,1,0,1,1,1,15.43,1,1,0,0,0,0,75,1,2,1,1,1,1,77.8,1,0,0,0,1,1,0
6121,M6,Latin America & Africa,Egypt & North Africa,Mansoura University,https://www.mans.edu.eg,https://www.mans.edu.eg/en/,200,en,ar,True,2026-08-11T11:13:12+00:00,10.138,1,0,0,1,1,0,0,1,1,1,1,0,0,0,1,2026-08-06,1,1,1,1,0,0,0,0,1,1,1,0,1,1,1,1,1,1,0,1,0,1,0,1,0,0,0,0,1,0,1,1,12.63,1,1,0,0,0,0,75,1,0,1,1,1,1,50.6,1,1,0,0,0,1,0
6122,M6,Latin America & Africa,Egypt & North Africa,Assiut University,https://www.aun.edu.eg,https://www.aun.edu.eg/main/,200,en,en,False,2026-08-11T11:13:28+00:00,12.979,1,1,11,1,1,0,0,1,0,0,1,1,10,1,1,2026-11-04,1,0,0,1,19,1,1,1,1,1,1,0,1,1,1,1,1,1,1,1,1,1,1,1,0,0,0,1,1,1,1,1,3.79,1,1,1,0,0,0,75,1,0,0,0,1,0,8.7,1,1,0,1,0,1,0
6124,M6,Latin America & Africa,Egypt & North Africa,Helwan University,https://www.helwan.edu.eg,https://www.capu.edu.eg/index.php/en/,200,en-gb,ar-aa,True,2026-08-11T11:14:30+00:00,14.411,1,1,8,1,1,0,0,1,1,1,1,0,1,0,1,2026-05-14,1,1,1,0,0,1,0,0,1,0,1,0,1,1,1,1,1,1,1,1,0,1,0,1,0,0,0,0,0,1,1,0,14.94,1,1,0,1,1,0,75,1,1,1,1,1,1,100.0,1,0,0,0,0,1,0
6125,M6,Latin America & Africa,Egypt & North Africa,American University in Cairo,https://www.aucegypt.edu,https://www.aucegypt.edu/,200,en,en,False,2026-08-11T11:14:43+00:00,10.18,1,1,9,1,1,0,0,0,1,1,1,1,3,0,1,2026-08-04,1,1,1,1,13,1,1,1,0,1,1,0,1,1,1,1,1,1,1,1,1,1,1,1,1,0,0,1,1,1,1,1,12.52,1,1,0,0,0,0,75,1,0,1,1,1,1,82.9,1,0,0,0,0,1,0
6128,M6,Latin America & Africa,Egypt & North Africa,Mohammed V University in Rabat,https://www.um5.ac.ma,https://www.um5.ac.ma/um5/,200,en,en,False,2026-08-11T11:15:20+00:00,10.385,1,1,3,0,0,0,0,0,1,1,0,1,6,0,1,,0,0,1,0,13,1,1,1,0,0,1,0,1,0,0,0,1,1,0,0,0,0,0,1,0,0,0,0,0,1,1,0,6.29,1,1,0,0,0,0,75,1,0,0,1,1,0,95.6,1,0,0,0,1,1,0
6129,M6,Latin America & Africa,Egypt & North Africa,Cadi Ayyad University,https://www.uca.ma,https://www.uca.ma/en,200,en,fr,True,2026-08-11T11:15:35+00:00,9.446,1,1,8,1,0,0,0,1,1,0,1,1,4,1,1,2026-09-09,1,1,0,1,2,1,1,1,1,0,1,0,1,1,0,1,1,1,1,0,0,1,1,1,0,0,0,1,0,1,1,1,15.43,1,1,0,0,0,0,75,1,0,1,1,1,0,100.0,1,0,0,1,0,1,0
6130,M6,Latin America & Africa,Egypt & North Africa,Hassan II University of Casablanca,https://www.univh2c.ma,https://www.univh2c.ma/en,200,en,fr,True,2026-08-11T11:16:09+00:00,23.017,1,1,3,1,1,0,0,0,1,1,0,1,10,0,1,2023-12-28,1,0,1,0,1,1,1,0,1,0,1,0,1,1,0,0,1,1,1,1,1,0,0,1,1,0,0,1,0,1,1,1,21.0,1,1,0,0,0,0,75,1,0,0,0,1,0,23.7,1,0,0,0,0,1,0
6131,M6,Latin America & Africa,Egypt & North Africa,University of Tunis El Manar,https://www.utm.rnu.tn,https://utm.rnu.tn/utm/fr/,200,,,False,2026-08-11T11:16:34+00:00,22.348,1,1,6,1,0,0,0,1,1,0,0,1,5,0,0,,0,0,1,0,0,0,0,1,0,0,1,1,1,0,0,0,1,0,1,0,0,0,0,1,0,0,0,1,0,1,1,1,4.48,1,1,0,0,0,0,75,1,0,1,1,1,1,2.6,0,0,0,0,1,1,0
6132,M6,Latin America & Africa,Sub-Saharan Africa,University of Ibadan,https://www.ui.edu.ng,https://ui.edu.ng/,200,en,en,False,2026-08-11T11:16:40+00:00,3.457,1,1,12,0,0,0,0,0,1,1,0,1,3,1,1,2026-08-10,1,0,1,1,7,1,1,1,0,0,1,0,1,1,1,1,1,1,1,1,0,1,0,1,0,0,0,0,0,1,0,1,7.08,1,1,0,0,0,0,75,1,0,0,0,1,1,100.0,1,0,0,0,0,1,0
6134,M6,Latin America & Africa,Sub-Saharan Africa,University of Nigeria Nsukka,https://www.unn.edu.ng,https://www.unn.edu.ng/,200,en-us,en-us,False,2026-08-11T11:16:59+00:00,6.608,1,0,0,1,0,1,0,0,1,1,1,1,10,1,1,2026-08-19,1,1,1,1,5,1,1,0,1,0,1,0,1,1,1,1,1,1,1,1,1,1,1,1,0,0,0,0,1,1,1,0,8.86,1,0,0,0,0,0,90,1,0,1,1,1,1,54.7,1,0,0,1,0,1,0
6135,M6,Latin America & Africa,Sub-Saharan Africa,Obafemi Awolowo University,https://www.oauife.edu.ng,https://oauife.edu.ng/,200,en-us,en-us,False,2026-08-11T11:17:11+00:00,10.01,1,1,4,1,1,0,0,0,1,1,1,0,0,1,1,2026-08-10,1,1,1,1,0,0,0,0,0,1,1,0,1,1,1,1,1,1,0,1,1,1,0,1,0,0,0,0,0,1,1,0,21.0,1,1,0,0,0,0,75,1,0,1,0,1,1,81.8,1,0,0,0,0,1,0
6137,M6,Latin America & Africa,Sub-Saharan Africa,Covenant University,https://www.covenantuniversity.edu.ng,https://www.covenantuniversity.edu.ng/,200,en-gb,en-gb,False,2026-08-11T11:18:02+00:00,12.055,1,0,0,0,0,0,0,1,1,1,0,1,9,1,1,2026-07-13,1,0,1,1,0,1,0,0,0,1,1,0,1,1,1,1,1,1,1,1,1,1,1,1,1,0,0,0,0,1,1,0,19.95,1,1,0,0,0,0,90,1,0,1,1,1,1,71.8,1,0,0,0,0,1,0
6138,M6,Latin America & Africa,Sub-Saharan Africa,University of Ilorin,https://www.unilorin.edu.ng,https://www.unilorin.edu.ng/,200,en-us,en-us,False,2026-08-11T11:18:13+00:00,7.838,1,1,4,1,0,0,0,0,1,0,1,0,1,1,0,,1,1,1,1,10,1,1,0,0,1,1,0,1,1,1,1,1,1,1,1,1,1,0,1,0,0,0,1,0,1,1,1,2.49,1,1,0,0,0,0,90,1,0,1,0,1,1,41.5,1,0,0,0,1,1,0
6139,M6,Latin America & Africa,Sub-Saharan Africa,University of Benin,https://www.uniben.edu,https://www.uniben.edu/,200,en,en,False,2026-08-11T11:18:28+00:00,10.119,1,1,10,1,0,0,0,0,0,0,1,0,0,0,0,,1,1,1,1,1,1,1,0,0,0,1,0,1,1,1,1,1,1,0,1,0,1,0,1,0,0,0,0,1,1,1,1,15.43,1,1,0,0,0,0,75,1,12,1,0,1,1,87.4,1,0,0,0,1,1,0
6140,M6,Latin America & Africa,Sub-Saharan Africa,University of Port Harcourt,https://www.uniport.edu.ng,https://www.uniport.edu.ng/,200,en-us,en-us,False,2026-08-11T11:18:49+00:00,18.513,1,1,6,1,0,0,0,1,0,0,1,1,4,1,1,2026-07-24,1,0,1,1,9,1,1,0,1,0,1,0,1,1,1,1,1,1,1,1,1,1,0,1,0,1,1,0,1,1,1,1,4.67,1,1,0,0,0,0,90,1,0,0,0,1,1,73.5,1,0,0,0,0,1,0
6142,M6,Latin America & Africa,Sub-Saharan Africa,University of Nairobi,https://www.uonbi.ac.ke,https://www.uonbi.ac.ke/,200,en,en,False,2026-08-11T11:19:19+00:00,18.118,1,1,6,1,0,0,0,1,0,0,1,0,0,1,1,2026-07-15,1,0,1,1,6,1,1,0,0,0,1,1,1,1,1,1,1,1,1,1,1,1,1,1,1,0,1,1,0,1,1,1,4.48,1,1,1,0,1,0,75,1,0,0,0,1,1,34.6,1,0,0,0,0,1,0
6143,M6,Latin America & Africa,Sub-Saharan Africa,Kenyatta University,https://www.ku.ac.ke,https://www.ku.ac.ke/,200,en-gb,en-gb,False,2026-08-11T11:19:49+00:00,26.106,1,0,0,1,0,0,0,1,1,0,0,0,0,1,1,2026-08-05,1,0,1,1,1,0,0,0,0,1,1,0,1,1,1,1,1,1,0,1,1,1,0,1,1,0,0,1,0,1,1,1,5.33,1,1,0,0,0,0,90,1,0,0,1,1,1,18.8,1,0,0,0,0,1,0
6144,M6,Latin America & Africa,Sub-Saharan Africa,Moi University,https://www.mu.ac.ke,https://mu.ac.ke/,200,en-us,en-us,False,2026-08-11T11:20:10+00:00,15.673,1,1,7,1,0,0,0,0,1,0,1,1,2,1,1,2026-11-19,1,1,1,1,20,0,1,1,0,1,1,0,1,1,1,1,1,1,1,1,1,1,1,1,1,0,0,1,0,1,1,1,13.58,1,1,0,0,0,0,90,1,0,1,0,1,0,38.5,1,0,0,1,0,1,0
6145,M6,Latin America & Africa,Sub-Saharan Africa,Jomo Kenyatta University of Agriculture and Technology,https://www.jkuat.ac.ke,https://www.jkuat.ac.ke/,200,en-us,en-us,False,2026-08-11T11:20:27+00:00,13.655,1,1,7,1,0,0,0,0,1,1,1,1,2,1,0,,1,0,1,1,1,1,1,0,1,0,1,0,1,1,1,1,1,1,1,1,1,1,1,1,0,0,0,0,0,1,1,0,21.0,1,1,0,0,0,0,75,1,0,1,0,0,0,90.0,1,0,0,0,1,1,0
6146,M6,Latin America & Africa,Sub-Saharan Africa,Strathmore University,https://www.strathmore.edu,https://strathmore.edu/,200,en,en,False,2026-08-11T11:20:58+00:00,28.196,1,1,7,1,1,0,0,0,0,0,0,1,4,1,0,,1,1,1,1,0,1,0,0,0,0,1,0,1,1,1,0,1,1,1,1,1,1,1,1,0,0,0,0,0,1,1,1,21.0,1,1,0,0,0,0,90,1,1,1,1,1,0,69.2,1,0,0,0,1,1,0
6147,M6,Latin America & Africa,Sub-Saharan Africa,University of Ghana,https://www.ug.edu.gh,https://www.ug.edu.gh/,200,en,en,False,2026-08-11T11:21:14+00:00,13.772,1,1,4,1,0,0,0,0,0,0,1,0,0,1,1,2026-08-06,1,1,1,1,5,1,1,1,0,1,1,0,1,1,1,1,1,1,0,1,1,1,0,1,0,0,0,1,0,1,1,1,15.43,1,0,0,0,0,0,90,1,0,0,0,1,1,66.7,1,0,0,0,0,1,0
6148,M6,Latin America & Africa,Sub-Saharan Africa,Kwame Nkrumah University of Science and Technology,https://www.knust.edu.gh,https://www.knust.edu.gh/,200,en,en,False,2026-08-11T11:21:49+00:00,32.524,1,1,8,1,0,0,0,0,1,1,0,0,0,1,1,2026-08-07,1,1,1,1,1,1,1,0,0,1,1,1,1,1,1,1,1,1,1,1,1,1,1,1,0,0,1,1,0,1,1,1,4.83,1,1,0,0,0,0,75,1,3,1,0,1,1,35.0,1,0,0,0,0,1,0
6149,M6,Latin America & Africa,Sub-Saharan Africa,University of Cape Coast,https://www.ucc.edu.gh,https://ucc.edu.gh/,200,en,en,False,2026-08-11T11:22:03+00:00,8.538,1,1,7,1,0,1,0,1,1,1,1,1,10,1,1,2026-08-08,1,0,1,1,2,1,1,1,0,0,1,0,1,1,0,1,1,1,1,1,1,1,0,1,0,0,0,1,0,1,1,1,21.0,0,1,0,0,1,0,90,1,0,1,1,1,1,95.7,1,1,0,0,0,1,0
6150,M6,Latin America & Africa,Sub-Saharan Africa,Cheikh Anta Diop University,https://www.ucad.sn,https://www.ucad.sn/,200,fr,fr,False,2026-08-11T11:22:22+00:00,11.925,1,1,8,1,0,0,0,0,1,1,0,1,5,1,1,2026-11-13,1,0,1,0,0,0,0,1,0,1,1,1,1,1,1,1,1,1,1,1,1,0,0,1,0,1,0,1,0,1,1,1,5.89,1,1,0,0,0,0,75,1,1,1,0,1,1,40.5,1,0,1,1,0,1,0
6151,M6,Latin America & Africa,Sub-Saharan Africa,University of Dar es Salaam,https://www.udsm.ac.tz,https://www.udsm.ac.tz/,200,en,en,False,2026-08-11T11:22:59+00:00,26.007,1,1,7,0,0,0,0,0,1,1,1,1,7,1,1,2026-10-23,1,0,1,1,12,0,0,1,1,1,1,0,1,1,1,1,1,1,1,1,1,1,0,1,1,1,0,1,0,1,1,1,12.63,1,1,0,0,0,0,75,1,0,1,0,1,1,97.0,1,0,0,1,0,1,0
6152,M6,Latin America & Africa,Sub-Saharan Africa,Makerere University,https://www.mak.ac.ug,https://www.mak.ac.ug/,200,en,en,False,2026-08-11T11:23:18+00:00,15.326,1,1,6,1,0,0,0,0,1,1,1,1,4,1,1,2026-08-07,1,1,1,1,14,1,1,1,0,0,1,0,1,1,1,1,1,1,1,1,1,1,0,1,1,1,1,0,0,1,1,0,14.55,1,1,0,0,0,0,75,1,0,1,0,1,1,31.6,1,1,0,0,0,1,0
6153,M6,Latin America & Africa,Sub-Saharan Africa,Addis Ababa University,https://www.aau.edu.et,https://www.aau.edu.et/,200,en,en,False,2026-08-11T11:23:32+00:00,11.874,1,1,1,1,0,1,1,1,0,0,1,0,0,1,1,2026-08-10,1,0,1,1,1,1,1,0,1,0,1,0,1,1,0,1,1,1,0,1,0,1,0,1,0,0,0,0,0,1,1,1,20.01,0,0,1,0,0,0,90,1,0,1,1,1,0,95.9,1,0,0,0,0,1,0
6154,M6,Latin America & Africa,Sub-Saharan Africa,University of Botswana,https://www.ub.bw,https://www.ub.bw/,200,en,en,False,2026-08-11T11:23:53+00:00,16.259,1,1,5,1,0,0,0,0,0,0,0,1,2,0,1,2026-10-15,1,0,1,1,5,1,1,1,0,0,1,0,1,0,0,0,1,1,0,1,0,1,0,1,0,0,1,1,0,1,1,0,5.15,1,0,0,0,0,0,75,1,1,0,0,1,1,84.2,1,0,0,1,0,1,0
6155,M6,Latin America & Africa,Sub-Saharan Africa,University of Zimbabwe,https://www.uz.ac.zw,https://www.uz.ac.zw/,200,en-gb,en-gb,False,2026-08-11T11:24:09+00:00,13.172,1,1,7,1,0,0,0,0,0,0,0,1,6,1,0,,1,0,1,1,0,0,0,0,0,0,1,0,1,1,1,1,1,1,0,1,1,1,0,1,1,0,1,0,0,1,1,0,5.33,1,0,0,0,0,0,75,1,1,1,1,1,1,47.8,1,0,0,0,1,1,0
6301,M6,Latin America & Africa,Brazil,Federal University of Campina Grande,https://www.ufcg.edu.br,https://www.gov.br/ufcg/en,200,en,pt-br,True,2026-08-11T11:48:57+00:00,22.9,1,1,4,0,1,0,0,0,0,0,0,0,0,0,0,,0,0,0,0,0,0,0,0,0,0,1,0,0,0,0,0,0,0,0,0,0,0,0,0,0,0,0,0,0,0,1,0,12.63,1,0,0,0,0,0,75,1,2,1,0,1,1,100.0,1,0,0,0,1,0,1
6302,M6,Latin America & Africa,Brazil,Federal University of Ouro Preto,https://www.ufop.br,https://en.ufop.br/,200,en,pt-br,True,2026-08-11T11:49:35+00:00,20.352,1,1,7,1,0,1,0,1,0,0,0,0,0,0,1,2025-07-04,0,0,0,0,0,1,1,0,0,1,1,0,1,1,0,1,1,1,1,1,0,0,0,1,0,0,0,0,0,0,1,0,1.17,1,0,0,0,0,0,75,1,2,0,0,1,1,33.3,1,1,0,0,0,0,1
6305,M6,Latin America & Africa,Brazil,Ceara State University,https://www.uece.br,https://www.uece.br/,200,pt-br,pt-br,False,2026-08-11T11:50:29+00:00,14.276,1,1,9,0,0,0,0,0,0,0,0,0,0,0,0,,0,1,0,0,0,0,0,0,0,0,1,0,0,0,0,0,0,0,0,0,0,0,0,1,1,0,0,0,0,1,1,1,21.0,1,1,0,0,0,0,75,1,0,0,0,1,1,51.7,1,0,0,0,1,0,1
6306,M6,Latin America & Africa,Brazil,Amazonas State University,https://www.uea.edu.br,https://uea.edu.br/,200,pt-br,pt-br,False,2026-08-11T11:50:47+00:00,15.191,1,1,7,1,0,0,0,0,0,0,0,0,0,0,0,,0,1,0,0,1,1,1,0,0,0,1,0,0,0,0,0,0,0,0,0,0,0,0,0,0,0,0,1,0,1,1,1,3.9,1,1,0,0,0,0,90,1,0,1,1,1,1,77.6,1,0,0,0,1,0,1
6307,M6,Latin America & Africa,Brazil,Federal University of Grande Dourados,https://www.ufgd.edu.br,https://www.ufgd.edu.br/,200,en,en,False,2026-08-11T11:51:01+00:00,10.955,1,1,7,1,1,0,0,0,0,0,1,1,10,1,1,2026-10-08,1,1,1,1,2,1,0,1,1,0,1,1,1,1,1,1,1,1,0,1,0,0,1,1,1,0,0,1,1,0,1,1,12.63,1,1,0,0,0,0,75,1,3,1,0,1,1,93.1,1,1,0,1,0,0,1
6308,M6,Latin America & Africa,Brazil,Federal University of Rio Grande,https://www.furg.br,https://www.furg.br/en/,200,en-gb,pt-br,True,2026-08-11T11:51:18+00:00,9.323,1,1,10,1,1,1,0,0,0,0,0,0,0,0,0,,1,1,1,0,0,1,1,0,0,0,1,0,1,1,0,0,1,1,1,1,0,0,1,1,1,0,0,0,1,0,1,0,12.81,1,1,0,0,0,0,75,1,10,1,1,1,0,66.7,1,1,0,0,1,0,1
6309,M6,Latin America & Africa,Brazil,University of Fortaleza,https://www.unifor.br,https://unifor.br/en/,200,en-us,pt-br,True,2026-08-11T11:52:09+00:00,28.348,1,1,1,1,1,0,0,0,0,0,0,0,0,0,0,,1,0,0,0,18,1,1,0,0,0,1,0,0,0,0,0,0,0,0,0,0,0,0,0,0,0,0,1,0,0,1,1,15.43,1,1,1,0,0,0,100,1,0,1,1,1,1,69.0,1,0,0,0,1,0,1
6310,M6,Latin America & Africa,Mexico,Autonomous University of Queretaro,https://www.uaq.mx,https://www.uaq.mx/,200,es-es,es-es,False,2026-08-11T11:52:26+00:00,12.284,1,1,7,1,0,0,0,1,1,1,0,0,0,0,0,,0,1,0,0,0,1,1,0,0,0,1,0,1,0,0,0,0,0,0,0,0,0,0,1,0,0,0,0,0,0,1,1,9.76,1,1,0,0,0,0,75,1,2,1,1,1,1,16.9,1,0,0,0,1,0,1
6311,M6,Latin America & Africa,Mexico,Autonomous University of Hidalgo,https://www.uaeh.edu.mx,https://www.uaeh.edu.mx/,200,es,es,False,2026-08-11T11:52:41+00:00,12.285,1,1,8,1,0,0,0,1,0,0,0,1,3,0,1,,0,1,0,0,4,1,1,1,0,1,1,0,1,0,0,0,0,0,0,0,0,1,0,0,0,0,0,0,0,1,1,0,12.63,1,0,0,0,0,0,75,1,1,1,1,1,1,67.7,1,0,0,0,1,0,1
6312,M6,Latin America & Africa,Mexico,University of Sonora,https://www.unison.mx,https://www.unison.mx/,200,es-es,es-es,False,2026-08-11T11:52:58+00:00,13.514,1,1,4,1,0,0,0,0,0,0,0,0,0,0,0,,0,1,0,0,0,0,0,0,0,1,1,0,1,0,0,0,0,0,0,0,0,0,0,0,0,0,0,1,0,1,1,1,16.29,1,1,0,0,0,0,75,1,0,0,0,1,1,99.1,1,0,0,0,1,0,1
6315,M6,Latin America & Africa,Argentina,National University of Mar del Plata,https://www.mdp.edu.ar,https://www.mdp.edu.ar/,200,es-es,es-es,False,2026-08-11T11:53:57+00:00,13.719,1,1,8,1,0,0,0,1,1,1,0,0,0,0,0,,1,0,0,0,20,1,1,0,0,1,1,0,0,0,0,1,0,0,0,0,0,0,0,1,1,0,0,1,0,0,1,1,21.0,1,1,0,0,0,0,50,1,1,1,1,1,0,89.2,1,0,0,0,1,0,0
6317,M6,Latin America & Africa,Argentina,National University of San Luis,https://www.unsl.edu.ar,https://www.unsl.edu.ar/#gsc.tab=0,200,en,en,False,2026-08-11T11:54:48+00:00,11.336,1,1,6,1,0,0,0,0,0,0,1,1,9,1,0,,1,1,0,1,0,1,1,0,1,0,1,0,0,0,1,1,0,0,1,1,0,1,0,1,0,0,0,1,1,0,1,1,13.06,1,1,0,0,0,0,75,1,0,1,1,1,0,98.6,1,0,0,0,1,0,0
6321,M6,Latin America & Africa,Chile,Catholic University of the North,https://www.ucn.cl,https://www.ucn.cl/#,200,es,es,True,2026-08-11T11:56:50+00:00,10.921,1,1,9,1,1,0,0,0,0,0,0,1,10,0,0,,0,0,0,0,0,1,1,0,0,0,1,0,0,0,0,0,0,0,0,0,0,1,0,1,1,0,0,1,0,1,1,1,10.7,1,1,0,0,0,0,75,1,0,0,1,1,1,18.5,1,0,0,0,1,0,0
6322,M6,Latin America & Africa,Peru & Andes,University of Lima,https://www.ulima.edu.pe,https://www.ulima.edu.pe/en,200,en,es,True,2026-08-11T11:57:11+00:00,11.474,1,1,1,1,1,0,0,0,1,1,1,1,10,0,0,,1,0,1,0,0,1,1,0,1,1,1,0,1,1,1,1,1,1,1,1,1,1,0,0,0,0,0,1,0,1,1,1,21.0,1,1,1,0,1,0,75,1,0,1,1,1,0,12.9,1,0,0,0,1,1,0
6324,M6,Latin America & Africa,South Africa,Tshwane University of Technology,https://www.tut.ac.za,https://www.tut.ac.za/,200,en,en,False,2026-08-11T11:57:24+00:00,4.713,1,1,4,1,0,0,0,0,1,1,0,0,0,1,1,2026-08-11,1,1,1,1,0,1,1,0,0,0,1,0,1,1,1,1,1,1,1,1,1,1,1,1,1,0,1,1,0,1,1,1,8.2,1,1,0,0,0,0,90,1,0,1,1,1,0,100.0,1,0,0,0,0,0,1
6325,M6,Latin America & Africa,South Africa,Cape Peninsula University of Technology,https://www.cput.ac.za,https://www.cput.ac.za/,200,en-gb,en-gb,False,2026-08-11T11:57:45+00:00,17.914,1,1,2,1,1,0,0,0,0,1,1,0,0,0,1,2026-08-11,1,0,1,1,18,1,1,0,1,0,1,0,1,1,1,1,1,1,1,1,0,1,1,1,0,0,0,0,0,1,1,1,12.63,1,1,0,0,0,0,90,1,0,1,1,1,0,65.6,1,0,0,0,0,0,1
6326,M6,Latin America & Africa,South Africa,Durban University of Technology,https://www.dut.ac.za,https://www.dut.ac.za/,200,en-us,en-us,False,2026-08-11T11:58:13+00:00,25.501,1,1,10,1,0,0,0,1,0,0,1,0,0,1,1,2026-08-04,1,1,1,1,6,1,1,1,1,1,1,1,1,1,1,1,1,1,1,1,1,1,1,1,0,0,0,1,0,1,1,1,4.48,1,1,1,0,0,0,90,1,2,1,1,0,0,23.1,1,0,0,0,0,0,1
6327,M6,Latin America & Africa,South Africa,University of Limpopo,https://www.ul.ac.za,https://www.ul.ac.za/,200,en-us,en-us,False,2026-08-11T11:58:30+00:00,13.528,1,1,9,1,0,0,0,0,1,1,1,1,10,1,1,2026-08-05,1,1,1,1,6,1,0,0,0,1,1,0,1,1,1,1,1,1,1,1,1,1,0,1,1,1,1,1,0,1,1,1,4.32,1,1,0,0,0,0,90,1,0,1,1,1,1,19.1,1,0,0,0,0,0,1
6328,M6,Latin America & Africa,South Africa,University of Fort Hare,https://www.ufh.ac.za,https://www.ufh.ac.za/,200,en-us,en-us,False,2026-08-11T11:58:37+00:00,4.941,1,1,4,1,0,0,0,0,1,1,1,1,8,1,1,2026-09-28,1,1,1,1,8,0,0,1,1,0,1,0,1,1,1,1,1,1,1,1,1,1,1,1,0,1,0,0,0,1,1,1,12.63,1,1,0,0,0,0,90,1,0,1,1,1,1,65.0,1,1,0,1,0,0,1
6329,M6,Latin America & Africa,South Africa,University of Zululand,https://www.unizulu.ac.za,https://www.unizulu.ac.za/,200,en-us,en-us,False,2026-08-11T11:59:01+00:00,20.847,1,1,7,1,1,0,0,0,1,0,1,1,4,1,0,,1,1,1,0,1,1,1,1,0,0,1,1,1,1,0,1,1,1,0,1,1,1,0,1,1,0,0,0,0,1,1,0,8.21,1,0,0,0,0,0,90,1,0,1,0,1,0,55.2,1,0,0,0,1,0,1
6331,M6,Latin America & Africa,Egypt & North Africa,University of Carthage,https://www.ucar.rnu.tn,https://ucar.rnu.tn/,200,en-us,en-us,False,2026-08-11T11:59:52+00:00,13.957,1,1,11,1,0,0,0,1,1,1,1,0,0,0,1,2026-06-12,1,0,1,1,0,1,1,0,1,1,1,0,1,1,1,1,1,1,1,0,1,1,0,1,0,0,0,0,0,1,1,0,13.58,1,0,0,0,0,0,90,1,0,1,0,1,1,31.4,1,0,0,0,0,1,0
6332,M6,Latin America & Africa,Egypt & North Africa,Houari Boumediene University of Science and Technology,https://www.usthb.dz,https://www.usthb.dz/,200,en,en,False,2026-08-11T12:00:07+00:00,11.492,1,1,7,1,0,0,0,0,0,0,0,1,3,1,1,2026-08-20,1,0,1,0,2,1,1,0,0,0,1,0,1,1,1,1,1,1,0,1,0,1,0,1,0,0,0,1,0,1,1,1,21.0,1,1,0,0,0,0,75,1,0,1,0,1,0,37.1,1,0,0,1,0,1,0
6333,M6,Latin America & Africa,Egypt & North Africa,Ferhat Abbas University of Setif,https://www.univ-setif.dz,https://www.univ-setif.dz/,200,ar-aa,ar-aa,False,2026-08-11T12:00:23+00:00,12.671,1,1,4,1,0,0,0,0,0,0,0,1,10,0,0,,0,0,0,0,1,1,1,0,0,0,1,0,0,0,0,0,0,0,0,0,0,0,0,1,0,0,0,0,0,1,1,0,15.33,1,0,0,0,0,0,75,1,0,1,1,1,1,17.7,1,0,0,0,1,1,0
6335,M6,Latin America & Africa,Egypt & North Africa,Mohammed VI Polytechnic University,https://www.um6p.ma,https://www.um6p.ma/,200,en,en,False,2026-08-11T12:01:02+00:00,30.975,1,1,7,1,0,0,0,1,1,1,1,0,0,0,1,2026-08-03,1,0,1,1,0,1,1,1,0,1,1,0,1,1,0,1,1,1,1,0,0,1,1,1,0,0,0,0,0,1,1,1,15.43,1,1,1,0,1,0,50,1,0,1,1,1,1,96.4,1,0,0,0,0,1,0
6336,M6,Latin America & Africa,Sub-Saharan Africa,University of Rwanda,https://www.ur.ac.rw,https://www.ur.ac.rw/,200,fr,fr,False,2026-08-11T12:01:25+00:00,13.948,1,1,5,1,0,0,0,1,0,0,1,1,8,1,1,2026-08-11,1,1,1,1,0,1,1,1,1,1,1,0,1,1,1,1,1,1,0,1,0,0,0,1,0,1,0,1,0,1,1,1,3.54,1,1,0,0,0,0,75,1,0,1,0,1,0,60.0,1,0,0,0,0,1,0
6337,M6,Latin America & Africa,Sub-Saharan Africa,Sokoine University of Agriculture,https://www.sua.ac.tz,https://www.sua.ac.tz/,200,en,en,False,2026-08-11T12:01:34+00:00,5.349,1,1,6,1,0,0,0,0,1,1,1,0,0,1,1,2026-09-18,1,0,1,1,6,1,1,1,0,0,1,0,1,1,1,1,1,1,1,1,1,1,1,1,1,1,0,0,1,1,1,1,16.67,1,1,0,0,0,0,75,1,0,1,1,1,1,100.0,1,0,0,1,0,1,0
6338,M6,Latin America & Africa,Sub-Saharan Africa,Jimma University,https://www.ju.edu.et,https://ju.edu.et/,200,en-us,en-us,False,2026-08-11T12:01:47+00:00,9.565,1,1,1,1,0,0,0,0,0,0,1,1,4,0,1,2026-08-21,1,1,1,1,1,0,1,0,0,1,1,0,1,1,1,1,1,1,0,1,1,1,1,1,0,0,1,1,0,1,1,1,9.74,1,1,0,0,0,0,90,1,0,1,0,1,0,30.9,1,0,0,1,0,1,0
6339,M6,Latin America & Africa,Sub-Saharan Africa,Mekelle University,https://www.mu.edu.et,https://www.mu.edu.et/,200,en-gb,en-gb,False,2026-08-11T12:01:56+00:00,5.912,1,1,6,1,0,0,0,1,0,0,1,0,0,1,1,2026-08-04,1,0,0,1,0,0,0,0,0,0,0,0,0,1,0,1,1,1,0,1,0,1,0,1,1,0,0,0,0,1,1,0,15.33,0,1,0,0,0,0,90,1,21,1,1,1,1,100.0,1,0,0,0,0,1,0
6340,M6,Latin America & Africa,Sub-Saharan Africa,University of Zambia,https://www.unza.zm,https://www.unza.zm/,200,en,en,False,2026-08-11T12:02:11+00:00,12.302,1,1,6,1,0,0,0,0,1,1,0,0,0,1,1,2026-02-17,1,1,1,1,1,1,1,1,0,1,1,0,1,1,1,1,1,1,0,1,1,1,1,1,1,0,0,0,0,1,0,1,21.0,1,0,0,0,0,0,75,1,0,1,0,1,1,64.7,1,0,1,0,0,1,0
6342,M6,Latin America & Africa,Sub-Saharan Africa,University of Mauritius,https://www.uom.ac.mu,https://www.uom.ac.mu/,200,en-gb,en-gb,False,2026-08-11T12:03:07+00:00,17.061,1,1,8,1,0,0,0,0,1,1,1,0,0,0,0,,1,1,1,1,0,0,0,0,0,0,1,0,1,1,1,1,1,1,1,1,1,1,1,1,1,0,0,1,0,1,1,0,15.43,1,1,0,0,0,0,75,1,44,0,0,1,1,82.4,1,0,0,0,1,1,0
6343,M6,Latin America & Africa,Sub-Saharan Africa,University of Malawi,https://www.unima.ac.mw,https://www.unima.ac.mw/,200,en,en,False,2026-08-11T12:03:20+00:00,10.387,1,0,0,1,0,0,0,1,0,0,1,0,1,1,1,2026-08-10,1,0,1,1,0,1,1,0,1,0,1,0,1,1,1,1,1,1,1,1,0,1,1,1,1,0,0,1,0,1,1,1,10.41,1,1,0,0,1,0,75,1,1,0,0,1,1,2.3,1,0,0,0,0,1,0
6344,M6,Latin America & Africa,Sub-Saharan Africa,Nnamdi Azikiwe University,https://www.unizik.edu.ng,https://www.unizik.edu.ng/,200,en,en,False,2026-08-11T12:03:28+00:00,3.551,1,1,7,0,0,0,0,0,1,1,1,1,10,0,1,2026-08-02,1,0,1,1,8,1,1,1,1,0,1,0,1,1,1,1,1,1,1,1,0,1,0,1,1,1,0,0,0,1,0,0,16.79,1,0,0,0,0,0,90,1,0,1,1,1,1,100.0,1,0,0,0,0,1,0
6345,M6,Latin America & Africa,Sub-Saharan Africa,University of Jos,https://www.unijos.edu.ng,https://www.unijos.edu.ng/,200,en,en,False,2026-08-11T12:03:46+00:00,15.486,1,1,7,1,0,0,0,0,0,0,1,1,10,0,1,2026-08-31,1,1,1,1,20,1,1,0,1,1,1,0,1,1,1,1,1,1,1,1,1,1,1,1,0,0,0,1,0,1,1,1,4.94,1,1,0,0,0,0,75,1,1,1,0,1,1,40.0,1,0,0,1,0,1,0
6349,M6,Latin America & Africa,Sub-Saharan Africa,University of Education Winneba,https://www.uew.edu.gh,https://www.uew.edu.gh/,200,en,en,False,2026-08-11T12:04:53+00:00,9.459,1,1,7,1,0,0,0,0,1,1,1,1,4,1,1,2026-07-29,1,1,1,1,9,1,1,1,1,1,1,1,1,1,1,1,1,1,0,1,1,1,0,1,1,0,0,0,0,1,1,0,21.0,1,1,0,0,0,0,100,1,0,0,0,1,1,83.3,1,0,0,0,0,1,0
6350,M6,Latin America & Africa,Sub-Saharan Africa,Felix Houphouet-Boigny University,https://www.univ-fhb.edu.ci,https://univ-fhb.edu.ci/,200,fr-fr,fr-fr,False,2026-08-11T12:05:03+00:00,6.899,1,1,6,1,0,0,0,0,0,0,0,0,0,1,1,2025-05-14,1,1,0,1,0,1,1,1,1,0,1,0,1,1,1,1,1,1,1,0,0,1,0,0,0,0,0,0,0,1,1,0,12.63,1,0,0,0,0,0,90,1,1,1,0,1,1,17.6,1,0,0,0,0,1,0
6351,M6,Latin America & Africa,Sub-Saharan Africa,University of Lome,https://www.univ-lome.tg,https://univ-lome.tg/en/accueil-english/,200,en-us,fr-fr,True,2026-08-11T12:05:29+00:00,17.339,1,0,0,1,1,0,0,0,0,0,0,0,1,0,1,2024-06-18,1,0,1,1,6,0,0,0,1,0,1,1,1,1,1,0,1,1,1,0,1,1,1,1,1,0,0,0,0,1,1,1,5.33,1,1,0,0,0,0,90,1,2,1,0,1,0,10.5,1,0,0,0,0,1,0
6353,M6,Latin America & Africa,Sub-Saharan Africa,Technical University of Kenya,https://www.tukenya.ac.ke,https://www.tukenya.ac.ke/,200,en,en,False,2026-08-11T12:06:16+00:00,8.887,1,1,8,0,0,0,0,0,1,1,1,0,0,1,1,2026-11-20,1,1,1,1,4,1,1,1,1,0,1,0,1,1,1,1,1,1,1,1,1,1,0,1,0,1,0,1,0,1,1,1,21.0,1,1,0,0,1,0,75,1,0,1,1,1,1,100.0,1,0,0,1,0,1,0
6354,M6,Latin America & Africa,Sub-Saharan Africa,Multimedia University of Kenya,https://www.mmu.ac.ke,https://www.mmu.ac.ke/,200,en-us,en-us,False,2026-08-11T12:06:30+00:00,12.213,1,0,0,1,1,0,0,0,1,1,0,0,1,1,1,2026-08-06,1,0,1,1,1,0,0,0,0,0,1,0,1,1,1,1,1,1,1,1,0,1,0,1,1,0,0,1,0,1,1,1,5.33,1,1,0,0,1,0,90,1,3,0,0,1,1,33.3,1,0,0,0,0,1,0
6401,M6,Latin America & Africa,Brazil,Federal University of Lavras,https://www.ufla.br,https://ufla.br/,200,pt-br,pt-br,False,2026-08-11T13:01:36+00:00,21.734,1,1,6,1,0,0,0,0,0,0,0,0,0,0,0,,0,0,0,0,0,1,1,1,0,0,1,0,0,0,0,0,0,0,0,0,0,0,0,1,1,0,0,1,1,1,1,1,12.63,1,1,1,0,0,0,75,1,0,1,1,1,1,96.7,1,0,0,0,1,0,1
6403,M6,Latin America & Africa,Brazil,Federal University of Alfenas,https://www.unifal-mg.edu.br,https://www.unifal-mg.edu.br/portal/index/,200,pt-br,pt-br,False,2026-08-11T13:02:18+00:00,20.884,0,1,7,0,0,0,0,0,0,0,0,0,0,0,0,,0,0,0,0,0,0,0,0,0,0,1,0,0,0,0,0,0,0,0,0,0,0,0,0,0,0,0,0,0,0,0,0,15.91,1,0,0,0,0,0,90,1,0,1,0,1,1,0.0,0,0,0,0,1,0,1
6404,M6,Latin America & Africa,Brazil,Federal University of the Semi-Arid Region,https://www.ufersa.edu.br,https://ufersa.edu.br/#,200,,,True,2026-08-11T13:02:47+00:00,18.693,1,1,5,1,1,0,0,0,0,0,0,0,0,0,0,,0,1,0,0,0,0,0,0,0,1,1,0,0,0,0,0,0,0,0,0,0,0,1,1,1,0,0,1,0,0,1,1,12.63,1,1,0,0,0,0,90,1,0,1,0,1,1,26.0,0,0,0,0,1,0,1
6405,M6,Latin America & Africa,Brazil,Federal Technological University of Parana,https://www.utfpr.edu.br,https://www.utfpr.edu.br/,200,pt-br,pt-br,False,2026-08-11T13:03:26+00:00,37.339,0,1,0,1,0,0,0,0,0,0,0,0,0,0,0,,0,1,0,0,0,1,1,0,0,1,1,1,0,0,0,0,0,0,0,0,0,1,0,1,1,0,0,0,0,0,1,0,21.0,1,0,0,0,0,0,75,1,0,1,0,1,0,15.2,1,0,0,0,1,0,1
6411,M6,Latin America & Africa,Brazil,Federal University of Jequitinhonha and Mucuri Valleys,https://www.ufvjm.edu.br,https://portal.ufvjm.edu.br/,200,pt-br,pt-br,False,2026-08-11T13:07:09+00:00,22.019,0,1,10,1,0,0,0,0,0,0,0,0,0,0,1,2026-08-10,0,1,0,0,0,0,0,1,0,0,1,0,0,0,0,0,0,0,0,0,0,0,0,1,1,0,0,0,0,0,1,1,14.74,1,0,0,1,0,0,75,1,1,0,1,1,1,94.7,1,0,0,0,0,0,1
6413,M6,Latin America & Africa,Brazil,CEFET Rio de Janeiro,https://www.cefet-rj.br,https://www.cefet-rj.br/index.php/english-version,200,pt-br,pt-br,True,2026-08-11T13:08:11+00:00,14.504,1,1,7,1,1,0,0,0,0,0,0,0,0,0,0,,0,1,0,0,0,0,0,0,0,0,0,1,1,0,0,0,1,1,0,0,0,0,0,1,1,0,0,0,0,0,1,1,12.63,0,0,0,0,0,0,75,1,0,1,1,1,1,50.0,1,0,0,0,1,0,1
6414,M6,Latin America & Africa,Brazil,State University of Goias,https://www.ueg.br,https://www.ueg.br/,200,,,False,2026-08-11T13:08:37+00:00,14.426,1,1,20,0,0,0,0,0,0,0,0,0,0,0,1,2026-08-10,0,1,0,0,2,1,1,1,0,0,1,0,0,0,0,0,0,0,0,0,0,0,0,1,1,0,0,0,0,0,1,1,19.03,1,0,0,0,0,0,75,1,0,1,0,1,1,30.9,0,0,0,0,0,0,1
6415,M6,Latin America & Africa,Brazil,State University of Santa Cruz,https://www.uesc.br,https://www.uesc.br/arint_english/,200,pt-br,pt-br,True,2026-08-11T13:09:00+00:00,15.741,1,1,8,0,1,0,0,0,0,0,1,0,0,0,0,,0,1,0,0,0,0,0,0,0,0,1,0,1,1,0,1,1,0,0,0,0,0,0,1,0,0,0,1,0,1,1,0,15.43,0,1,0,0,0,0,75,1,0,1,1,1,0,8.9,1,0,0,0,1,0,1
6419,M6,Latin America & Africa,Brazil,State University of Montes Claros,https://www.unimontes.br,https://unimontes.br/,200,pt-br,pt-br,False,2026-08-11T13:11:19+00:00,25.994,1,1,2,1,0,0,0,0,0,0,0,0,0,0,1,2026-07-29,0,1,0,0,0,0,1,1,0,0,1,0,0,1,0,0,0,0,0,0,0,0,1,0,0,0,0,1,0,1,1,1,8.57,1,1,0,0,0,0,90,1,1,1,1,1,0,59.2,1,0,0,0,0,0,1
6422,M6,Latin America & Africa,Mexico,Autonomous University of Ciudad Juarez,https://www.uacj.mx,https://www.uacj.mx/,200,en,en,False,2026-08-11T13:12:41+00:00,6.634,1,1,8,1,1,0,0,1,0,0,0,0,0,0,0,,0,1,0,0,1,1,1,0,0,0,1,0,1,0,0,0,0,0,0,0,0,0,0,0,0,0,0,0,0,0,1,0,15.43,0,0,0,0,0,0,75,1,0,1,0,1,0,0.0,1,0,0,0,1,0,1
6423,M6,Latin America & Africa,Mexico,Autonomous University of Nayarit,https://www.uan.edu.mx,https://www.uan.edu.mx/,200,es,es,False,2026-08-11T13:13:03+00:00,20.08,1,1,10,1,0,0,0,0,0,0,0,0,0,0,0,,0,1,0,0,0,1,1,0,0,1,1,0,1,0,0,0,0,0,0,0,0,0,0,1,0,0,0,0,0,1,1,0,12.98,1,0,0,0,0,0,75,1,1,1,1,1,1,87.1,1,0,0,0,1,0,1
6424,M6,Latin America & Africa,Mexico,University of Guadalajara CUCEA,https://www.cucea.udg.mx,https://www.cucea.udg.mx/,200,es,es,False,2026-08-11T13:13:21+00:00,14.877,1,1,7,1,0,0,0,0,0,0,0,0,0,0,1,2026-02-03,0,1,0,0,4,0,0,1,0,1,1,0,0,0,0,0,0,0,0,0,0,0,0,0,0,0,0,1,0,1,1,1,12.63,1,1,0,0,0,0,75,1,1,0,0,1,1,78.3,1,0,0,0,0,0,1
6430,M6,Latin America & Africa,Sub-Saharan Africa,Federal University of Technology Owerri,https://www.futo.edu.ng,https://futo.edu.ng/,200,en,en,False,2026-08-11T13:15:29+00:00,10.18,1,1,12,0,0,0,0,0,0,0,0,1,6,0,1,2026-07-18,1,0,1,1,2,1,1,1,1,0,1,0,1,1,0,1,1,0,0,1,1,1,0,1,1,0,1,1,0,1,0,1,19.9,1,0,1,0,0,0,75,1,0,1,0,1,1,63.6,1,0,0,0,0,1,0
6431,M6,Latin America & Africa,Sub-Saharan Africa,Ladoke Akintola University of Technology,https://www.lautech.edu.ng,https://www.lautech.edu.ng/,200,en,en,False,2026-08-11T13:15:47+00:00,15.995,1,1,8,1,0,0,0,1,0,0,1,0,1,1,1,2025-04-03,1,0,1,1,6,1,1,1,0,1,1,0,1,1,1,1,1,1,0,1,0,1,0,1,0,0,0,1,0,1,1,1,3.77,1,1,0,0,0,0,75,1,0,1,0,1,1,87.0,1,0,0,0,0,1,0
6436,M6,Latin America & Africa,Egypt & North Africa,Minia University,https://www.minia.edu.eg,https://www.minia.edu.eg/Minia/,200,,,False,2026-08-11T13:16:48+00:00,10.751,1,1,9,0,1,0,0,0,0,0,0,1,9,0,1,2026-08-15,0,0,0,0,6,1,1,0,0,0,1,0,0,0,0,0,0,0,0,0,0,0,0,0,0,0,0,0,0,1,1,1,15.43,1,1,0,0,0,0,75,1,1,1,1,1,0,61.5,1,0,0,1,0,1,0
6437,M6,Latin America & Africa,Egypt & North Africa,Beni-Suef University,https://www.bsu.edu.eg,https://www.bsu.edu.eg/,200,,,False,2026-08-11T13:17:09+00:00,17.156,1,1,7,1,0,0,0,1,0,0,0,1,10,0,1,2026-08-11,0,0,0,0,2,0,0,0,0,0,1,0,1,0,0,0,1,0,0,0,0,0,0,0,0,0,0,0,0,1,0,0,15.91,1,1,0,0,0,0,75,1,0,1,0,1,1,42.9,0,0,0,0,0,1,0
6439,M6,Latin America & Africa,Egypt & North Africa,South Valley University,https://www.svu.edu.eg,http://www.svu.edu.eg/en/,200,en-us,ar,True,2026-08-11T13:19:38+00:00,26.33,1,1,8,0,1,0,0,0,1,1,0,0,0,1,1,2026-06-07,1,0,1,0,0,0,0,0,1,0,1,0,1,1,1,1,0,1,0,0,0,0,0,0,0,0,0,0,0,1,0,0,13.3,1,0,0,0,0,0,35,0,4,0,0,1,0,18.8,0,0,0,0,0,1,0
6500,M6,Latin America & Africa,Brazil,Federal University of Tocantins,https://www.uft.edu.br,https://www.uft.edu.br/,200,pt-br,pt-br,False,2026-08-11T13:25:55+00:00,11.396,1,1,20,1,0,0,0,0,0,0,0,0,0,0,0,,0,0,0,0,0,1,0,1,0,0,1,0,0,0,0,0,0,0,0,0,0,0,0,0,0,0,0,0,0,0,1,1,21.0,1,1,0,0,0,0,75,1,0,0,1,1,1,25.0,1,0,0,0,1,0,1
6501,M6,Latin America & Africa,Brazil,Federal University of Piaui,https://www.ufpi.br,https://ufpi.br/,200,pt-br,pt-br,False,2026-08-11T13:26:17+00:00,19.505,1,1,4,1,0,0,0,0,1,1,1,0,0,0,0,,0,1,0,0,0,1,1,1,0,0,1,0,0,0,0,0,0,0,0,0,0,0,0,1,1,0,0,0,0,0,1,1,12.63,1,1,0,0,0,0,75,1,0,1,0,1,1,54.5,1,0,0,0,1,0,1
6503,M6,Latin America & Africa,Brazil,Federal University of Acre,https://www.ufac.br,https://www.ufac.br/,200,pt-br,pt-br,False,2026-08-11T13:27:06+00:00,10.207,1,1,10,1,1,0,0,0,0,0,0,0,0,0,1,2026-08-10,0,1,0,0,20,0,0,1,0,0,1,0,0,0,0,0,0,0,0,0,0,0,0,0,0,0,0,0,0,0,1,1,14.74,0,1,1,0,0,0,75,1,0,1,0,1,1,80.0,1,0,0,0,0,0,1
6504,M6,Latin America & Africa,Brazil,State University of Ponta Grossa,https://www.uepg.br,https://www.uepg.br/,200,pt-br,pt-br,False,2026-08-11T13:27:15+00:00,6.63,1,1,9,1,0,0,0,0,0,0,0,0,0,0,0,,0,0,0,0,0,0,0,0,0,0,1,0,0,0,0,0,0,0,0,0,0,0,0,0,1,0,0,0,0,1,1,0,12.75,1,0,0,0,0,0,90,1,0,1,0,1,1,39.3,1,0,0,0,1,0,1
6506,M6,Latin America & Africa,Brazil,University of Caxias do Sul,https://www.ucs.br,https://www.ucs.br/site/english/,200,pt-br,pt-br,True,2026-08-11T13:27:44+00:00,11.817,1,1,4,0,0,0,0,1,1,0,1,1,9,1,0,,1,0,1,1,0,1,1,0,0,1,1,0,1,1,1,1,1,1,1,1,1,1,0,0,0,0,0,1,0,1,1,1,15.43,1,0,0,0,0,0,90,1,0,1,1,0,1,39.6,1,0,0,0,1,0,1
6509,M6,Latin America & Africa,Mexico,Anahuac University,https://www.anahuac.mx,https://www.anahuac.mx/,200,en,en,False,2026-08-11T13:28:33+00:00,8.479,1,1,9,1,1,0,0,1,1,1,1,1,6,0,1,2026-06-05,0,0,0,0,11,0,0,1,0,0,1,0,1,0,0,0,0,0,0,0,0,0,0,1,1,0,0,0,0,1,1,1,12.63,1,1,1,0,0,0,75,1,0,0,1,1,1,94.0,1,0,0,0,0,0,1
6511,M6,Latin America & Africa,Mexico,University of Quintana Roo,https://www.uqroo.mx,https://www.uqroo.mx/,200,es,es,False,2026-08-11T13:29:21+00:00,11.32,1,1,10,0,0,0,0,0,1,1,0,1,3,0,0,,0,1,0,0,20,1,1,0,0,1,1,0,1,0,0,0,0,0,0,0,0,0,0,0,1,0,0,1,0,0,1,1,13.97,1,1,1,0,0,0,75,1,0,1,1,0,1,86.5,1,0,0,0,1,0,1
6512,M6,Latin America & Africa,Argentina,National University of the Northeast,https://www.unne.edu.ar,https://www.unne.edu.ar/,200,es,es,False,2026-08-11T13:29:38+00:00,14.32,1,1,0,1,0,0,0,0,0,0,0,0,0,0,0,,0,0,0,0,1,1,1,0,0,0,1,0,0,0,0,0,0,0,0,0,0,0,0,1,0,0,0,1,0,0,1,1,12.63,1,1,0,0,0,0,90,1,0,1,0,1,1,28.9,1,0,0,0,1,0,0
6513,M6,Latin America & Africa,Argentina,National University of Salta,https://www.unsa.edu.ar,https://www.unsa.edu.ar/,200,es,es,False,2026-08-11T13:30:00+00:00,18.435,1,1,8,1,0,0,0,0,0,0,0,0,0,0,1,2026-08-10,1,1,0,0,0,1,0,1,0,1,1,0,0,0,0,0,0,0,0,0,0,0,0,1,0,0,0,0,0,1,1,0,16.62,1,1,0,0,0,0,90,1,1,1,0,1,1,28.6,1,0,0,0,0,0,0
6514,M6,Latin America & Africa,Argentina,National University of Rio Cuarto,https://www.unrc.edu.ar,https://www.unrc.edu.ar/,200,es,es,False,2026-08-11T13:30:09+00:00,6.079,1,1,6,0,0,0,0,0,0,0,0,0,0,0,0,,0,1,0,0,0,0,0,0,0,0,1,0,0,0,0,0,0,0,0,0,0,0,0,1,0,0,0,0,0,0,1,0,7.46,1,0,0,0,0,0,75,1,0,0,1,0,1,62.5,1,0,0,0,1,0,0
6515,M6,Latin America & Africa,Chile,University of Bio-Bio,https://www.ubiobio.cl,https://www.ubiobio.cl/w/,200,es,es,False,2026-08-11T13:30:26+00:00,14.377,1,1,7,1,0,0,0,0,0,0,0,1,4,0,1,2026-08-10,0,0,0,0,5,0,1,1,0,0,1,0,0,0,0,0,0,0,0,0,0,0,0,0,0,0,0,1,0,1,1,1,15.43,1,1,0,0,0,0,75,1,0,1,1,1,0,98.2,1,1,0,0,0,0,0
6516,M6,Latin America & Africa,Chile,University of Antofagasta,https://www.uantof.cl,https://www.uantof.cl/en/,200,en-gb,es-es,True,2026-08-11T13:30:46+00:00,12.934,1,1,9,1,1,0,0,1,0,0,0,1,2,0,0,,0,0,0,0,0,1,1,0,0,0,1,0,0,1,1,1,1,1,0,0,0,1,0,0,0,0,0,0,0,0,0,0,11.98,1,1,0,0,0,0,100,1,1,1,0,1,1,7.4,1,1,0,0,1,0,0
6517,M6,Latin America & Africa,Peru & Andes,Ricardo Palma University,https://www.urp.edu.pe,https://www.urp.edu.pe/,200,es,es,False,2026-08-11T13:31:01+00:00,10.344,1,1,6,0,0,0,0,1,1,1,0,1,2,0,1,2026-08-24,0,1,0,0,0,1,1,1,0,1,1,0,1,0,0,0,0,0,0,0,0,0,0,1,1,0,0,0,0,1,1,0,6.01,1,1,0,0,0,0,75,1,0,1,1,1,1,100.0,1,0,0,1,0,1,0
6518,M6,Latin America & Africa,Peru & Andes,University of Panama,https://www.up.ac.pa,https://www.up.ac.pa/,200,es,es,False,2026-08-11T13:31:14+00:00,8.027,1,1,11,1,0,0,0,0,0,0,0,1,6,0,1,2026-07-13,0,1,0,0,0,1,1,1,0,1,1,1,1,0,0,0,0,0,0,0,0,0,0,1,0,0,0,0,0,1,1,0,12.63,1,1,0,0,0,0,75,1,1,0,0,1,1,88.0,1,1,0,0,0,1,0
6520,M6,Latin America & Africa,Peru & Andes,University of the West Indies,https://www.uwi.edu,https://www.uwi.edu/,200,en,en,False,2026-08-11T13:32:08+00:00,17.281,1,0,0,1,0,0,0,1,0,0,1,0,0,0,1,2026-07-31,1,0,1,1,2,1,1,0,0,1,1,0,1,1,0,1,1,1,0,0,1,1,0,1,0,0,0,0,0,1,0,0,9.29,1,0,0,0,0,0,75,1,0,0,1,1,0,95.0,1,1,0,0,0,1,0
6521,M6,Latin America & Africa,South Africa,Walter Sisulu University,https://www.wsu.ac.za,https://www.wsu.ac.za/en/,200,en-gb,en-gb,False,2026-08-11T13:32:27+00:00,16.126,1,1,10,1,1,0,0,0,1,1,1,1,10,0,1,2026-08-04,1,1,1,1,0,0,0,0,1,0,1,0,1,1,1,1,1,1,1,1,1,1,1,1,1,1,1,0,0,1,1,0,19.68,1,0,1,0,0,0,90,1,1,1,0,1,0,69.2,1,1,0,0,0,0,1
6522,M6,Latin America & Africa,South Africa,Central University of Technology Free State,https://www.cut.ac.za,https://www.cut.ac.za/,200,en,en,False,2026-08-11T13:32:40+00:00,8.428,1,1,8,1,0,0,0,0,1,1,1,1,10,1,0,,1,1,1,1,12,1,1,0,1,0,1,0,1,1,1,1,1,1,1,1,1,1,1,1,1,1,0,1,0,1,1,1,12.63,1,1,0,0,1,0,75,1,0,0,1,1,0,98.3,1,0,0,0,1,0,1
6523,M6,Latin America & Africa,South Africa,University of Venda,https://www.univen.ac.za,https://www.univen.ac.za/,200,en-us,en-us,False,2026-08-11T13:33:12+00:00,28.782,1,1,8,1,0,0,0,0,0,0,1,0,1,1,1,2026-09-08,1,1,1,1,20,1,1,0,1,1,1,0,1,1,1,1,1,1,1,1,1,1,1,1,0,1,0,1,0,1,1,1,5.74,1,1,0,0,0,1,90,1,0,1,0,1,1,30.7,1,0,0,1,0,0,1
6525,M6,Latin America & Africa,Egypt & North Africa,Aswan University,https://www.aswu.edu.eg,https://aswu.edu.eg/,200,en-us,en-us,False,2026-08-11T13:33:56+00:00,18.301,1,1,9,1,1,0,0,1,0,0,0,0,0,0,1,2026-08-13,0,0,0,0,1,1,1,0,0,1,1,0,0,0,0,0,0,0,0,0,0,0,0,0,0,0,0,0,1,0,1,0,5.74,1,1,0,0,0,0,90,1,0,1,1,1,1,31.5,1,1,0,1,0,1,0
6526,M6,Latin America & Africa,Egypt & North Africa,University of Constantine 1,https://www.umc.edu.dz,https://www.umc.edu.dz/index.php/en,200,ar-aa,ar-aa,True,2026-08-11T13:34:51+00:00,35.46,1,0,0,0,1,0,0,0,0,0,0,0,0,0,1,2026-08-11,1,0,1,0,0,0,0,0,0,0,1,0,0,0,1,0,1,1,0,0,1,0,0,1,1,0,0,0,0,1,1,0,1.66,1,0,0,0,0,0,75,1,0,1,1,1,1,61.1,1,0,0,0,0,1,0
6528,M6,Latin America & Africa,Sub-Saharan Africa,Bahir Dar University,https://www.bdu.edu.et,https://www.bdu.edu.et/,200,en,en,False,2026-08-11T13:35:15+00:00,15.378,1,1,7,1,0,0,0,0,0,1,0,0,0,1,1,2026-07-30,1,0,1,1,9,1,1,0,0,0,1,0,1,1,1,1,1,1,1,1,0,0,0,0,1,0,0,1,0,1,1,1,21.0,1,1,0,0,0,0,75,1,0,1,0,1,1,84.2,1,0,0,0,0,1,0
6529,M6,Latin America & Africa,Sub-Saharan Africa,Hawassa University,https://www.hu.edu.et,https://www.hu.edu.et/,200,en-us,en-us,False,2026-08-11T13:35:27+00:00,9.342,1,1,2,1,1,0,0,1,0,0,1,1,9,1,1,2026-08-04,1,0,1,1,2,1,1,0,0,1,1,0,1,1,1,1,1,1,0,1,0,1,0,1,1,0,0,1,0,1,0,1,15.43,1,1,0,0,0,1,75,1,0,1,1,1,1,10.5,1,0,0,0,0,1,0
6530,M6,Latin America & Africa,Sub-Saharan Africa,National University of Science and Technology Zimbabwe,https://www.nust.ac.zw,https://www.nust.ac.zw/,200,en-gb,en-gb,False,2026-08-11T13:35:43+00:00,11.169,1,1,9,1,0,0,0,0,0,0,1,0,0,1,0,,1,1,1,1,0,1,0,0,1,0,1,0,1,1,1,1,1,1,0,1,1,1,1,1,1,0,1,0,0,1,0,0,21.0,1,1,0,0,0,0,90,1,0,1,1,1,1,90.9,1,0,0,0,1,1,0
6531,M6,Latin America & Africa,Sub-Saharan Africa,Copperbelt University,https://www.cbu.ac.zm,https://www.cbu.ac.zm/,307,en,en,False,2026-08-11T13:35:54+00:00,8.639,1,1,20,1,0,0,0,1,1,0,0,1,3,1,0,,1,1,1,0,2,1,1,0,1,1,1,0,1,1,1,1,1,1,1,1,1,1,1,1,1,0,0,0,0,1,1,1,1.0,1,1,0,0,0,0,75,1,0,0,1,1,1,45.5,1,0,0,0,1,1,0
6533,M6,Latin America & Africa,Sub-Saharan Africa,University of Uyo,https://www.uniuyo.edu.ng,https://uniuyo.edu.ng/,200,en-us,en-us,False,2026-08-11T13:36:13+00:00,14.101,1,1,20,1,1,0,0,0,0,0,1,0,0,0,0,,1,1,1,1,0,0,0,1,0,0,1,0,1,1,1,1,1,1,0,1,1,1,0,1,0,0,0,1,0,1,0,1,12.63,1,1,0,0,0,0,75,1,0,1,0,1,1,59.5,1,0,0,0,1,1,0
