uni_id,P1_domestic_student,P2_international_student,P3_accessibility_expert,P4_researcher,P5_literature_aligned,trackA_consensus,trackA_sd,trackA_min,trackA_max,trackA_grade
1001,66.75725955704449,62.05909028741592,71.5261007072399,67.20073254079666,66.63673464582169,66.83598354766373,3.3539099425121575,62.05909028741592,71.5261007072399,Good
1002,57.15344048283747,54.05838398340911,64.39185500917284,57.39345920528677,59.50590731434953,58.50060919901115,3.823983885328956,54.05838398340911,64.39185500917284,Fair
1003,76.16495706043445,69.7272978649863,78.01591323017203,74.72828482751783,75.00032337613996,74.72735527185012,3.0804382346409063,69.7272978649863,78.01591323017203,Very Good
1004,75.9622593124352,68.86072266092366,74.85767737497008,73.46049029932131,74.08373629257399,73.44497718804485,2.727456440146444,68.86072266092366,75.9622593124352,Very Good
1005,68.93122091941189,63.680125495200876,73.1854922761958,69.04872540841862,68.84490712823377,68.73809424549219,3.3729658961331688,63.680125495200876,73.1854922761958,Good
1006,80.73197603892478,73.47509279731995,78.47154150514476,78.12290162514907,78.01215589949749,77.76273357320721,2.640767192036291,73.47509279731995,80.73197603892478,Excellent
1007,76.07608013613039,71.96132514423972,77.6599892651086,71.73720766288871,74.96126698306347,74.47917383828619,2.586409231781708,71.73720766288871,77.6599892651086,Very Good
1008,82.07733109994417,74.42488633644412,81.9600502512563,79.06029811676466,79.17847571189279,79.34020830326043,3.1072620672259945,74.42488633644412,82.07733109994417,Excellent
1009,76.54454765892956,70.39830390045464,79.10503481694185,75.16786891336059,76.39026166387494,75.52120339071232,3.2021589555034478,70.39830390045464,79.10503481694185,Excellent
1010,72.98098693467338,64.72081046502353,74.04394952540481,71.89082108608721,71.68737269235065,71.06478814070792,3.669578145865062,64.72081046502353,74.04394952540481,Very Good
1011,73.13951298556273,66.74810554359097,72.06536774547341,71.44887531378376,71.1615728687884,70.91268689143985,2.4484999316698643,66.74810554359097,73.13951298556273,Very Good
1012,73.07908906968706,68.13301789370132,74.77628826008349,73.05757884855161,72.43332191327005,72.2958591970587,2.4846698932067572,68.13301789370132,74.77628826008349,Very Good
1013,75.52072243850778,68.37515670976853,73.42802266976283,73.30802178085837,72.13005956870741,72.55239663352098,2.6351636751865364,68.37515670976853,75.52072243850778,Very Good
1014,71.12476288319907,65.7661689186674,73.6753996782856,69.95551430360466,70.36634896854643,70.17763895046065,2.8582071532762083,65.7661689186674,73.6753996782856,Very Good
1015,81.55794333572626,75.1768785514876,81.65248367631811,79.87518850521485,79.8804892998325,79.62859667371586,2.634414014906467,75.1768785514876,81.65248367631811,Excellent
1016,61.06958203716999,56.078615298715796,65.07597162399298,63.00886541828093,63.51029592406476,61.74866606044488,3.4775363140576165,56.078615298715796,65.07597162399298,Fair
1017,79.11143141102337,72.27474247427614,79.37253372816464,76.71408728547307,77.77306735678393,77.04917245114423,2.8758653979211344,72.27474247427614,79.37253372816464,Excellent
1018,76.27667544069553,71.28971524288107,80.09218353673127,76.01583416084343,77.0654327191513,76.14796822006052,3.1636696461496174,71.28971524288107,80.09218353673127,Excellent
1019,74.61407298928503,69.16982491292441,74.2652389580176,73.59428255421443,71.89826881667597,72.7083376462235,2.237071251926245,69.16982491292441,74.61407298928503,Very Good
1020,78.0831060062216,73.26776740847092,77.71047200287151,74.37405587154332,75.56540480178671,75.80016121817881,2.083448441979752,73.26776740847092,78.0831060062216,Excellent
1021,68.18124351918323,61.44704474754727,71.21874700885378,67.13303604327146,66.71659073143495,66.93933241005814,3.5393534449118893,61.44704474754727,71.21874700885378,Good
1022,70.38541062986891,66.18105886043976,68.30571744170588,69.14464007409325,67.47403073739065,68.2981715486997,1.5995708095142003,66.18105886043976,70.38541062986891,Good
1023,75.12876764776263,69.53582515753371,77.51864062375368,75.43934651730473,74.77351959798996,74.47921990886894,2.9624988449763254,69.53582515753371,77.51864062375368,Very Good
1024,74.40313472122517,68.95006779931403,76.34931004227487,74.91861957431912,73.94161390284756,73.71254920799615,2.811481885912687,68.95006779931403,76.34931004227487,Very Good
1025,68.39815745393635,63.53440216957805,74.60673506420994,70.77118249818594,70.24490675600222,69.5110767883825,4.0327203916621235,63.53440216957805,74.60673506420994,Very Good
1026,61.27897004599719,57.28753039270427,64.22751708675654,62.38985379852156,60.06601402270613,61.04997706933714,2.6013773403099525,57.28753039270427,64.22751708675654,Fair
1027,63.765542474276145,58.58692382547659,66.72964353513599,58.958645026430275,62.804920915689564,62.16913515540172,3.4238305091970527,58.58692382547659,66.72964353513599,Fair
1028,70.07487796123475,63.264985243678716,71.06264666586902,69.90343602208718,68.74077520938022,68.60934422044997,3.0992177481821535,63.264985243678716,71.06264666586902,Good
1029,70.44272765414374,65.43125790859058,74.08285635319454,69.90710890697947,69.96751328643217,69.96629282186811,3.0717719376124624,65.43125790859058,74.08285635319454,Very Good
1030,79.02605843017622,72.33182187938507,78.95632977695954,76.84730017910636,77.05042372032987,76.84238679719141,2.7214736863907727,72.33182187938507,79.02605843017622,Excellent
1031,74.10360364521017,65.9778145967935,73.81467155419958,72.87734946966697,72.55879074483529,71.8664460021411,3.353270940927461,65.9778145967935,74.10360364521017,Very Good
1032,70.99704940575894,65.15898616893995,73.89204075137592,71.25163642465266,70.83093009715242,70.42612856957598,3.1986956098242794,65.15898616893995,73.89204075137592,Very Good
1033,73.93799752731913,66.87290420355747,72.53682150833532,71.173350429288,70.28670128419877,70.96155499053974,2.6719854447379103,66.87290420355747,73.93799752731913,Very Good
1034,69.74328088059345,64.98034821727686,73.75615399617134,71.34128858752989,70.19258500502512,70.00273133731933,3.2096576268816857,64.98034821727686,73.75615399617134,Very Good
1035,66.96696306931483,62.112810401212414,69.52738252771795,66.83842189418915,66.31174369625907,66.35146431773869,2.677227466185233,62.112810401212414,69.52738252771795,Good
1036,74.07153359389541,67.72937172635666,75.77220710031641,72.19916180090738,71.7904741299088,72.31254967027694,3.0147219490851764,67.72937172635666,75.77220710031641,Very Good
1037,74.32380952380953,70.88253968253967,77.67936507936508,73.09004562688773,73.97666666666666,73.99048531585375,2.4591282797680263,70.88253968253967,77.67936507936508,Very Good
1038,63.92987187923747,57.53618010688363,65.92963370922071,61.642198343106834,63.40394924623115,62.48836665693595,3.162226278697147,57.53618010688363,65.92963370922071,Good
1039,82.1057111270639,74.6341914014517,80.13682265693546,79.37819513298126,78.87988599888331,79.02696126346312,2.74553803745668,74.6341914014517,82.1057111270639,Excellent
1040,71.33987719550132,65.4434424184414,72.7303480218553,69.78058749773545,70.30926770742602,69.9207045681919,2.744295799791411,65.4434424184414,72.7303480218553,Very Good
1041,79.77104069554119,76.09751589694504,81.01194228683099,77.31637334904069,78.70160448464544,78.57969534260067,1.9433983152233891,76.09751589694504,81.01194228683099,Excellent
1042,73.99963512802107,69.45785964744357,77.17816834968492,74.37286033263806,74.30003754103852,73.86171219976524,2.777823921238104,69.45785964744357,77.17816834968492,Very Good
1043,73.3046582116934,67.52096992901012,72.62693626864481,72.69291060404525,72.67350725851479,71.76379645438168,2.388078153493411,67.52096992901012,73.3046582116934,Very Good
1044,68.17790966627626,62.30581966395291,69.85163598650665,67.98843995889365,66.10562888729274,66.88588683258445,2.8838529857411612,62.30581966395291,69.85163598650665,Good
1045,64.05538475446012,57.430643801015655,68.19715122570524,65.3411927680301,63.96138899311371,63.797152308464966,3.9487383957620947,57.430643801015655,68.19715122570524,Good
1046,77.32902940097313,70.751997319933,74.41166228762862,74.87367362924772,74.54446660859855,74.3821658492762,2.3521755790054364,70.751997319933,77.32902940097313,Very Good
1047,45.0,45.0,45.0,45.0,45.0,45.0,0.0,45.0,45.0,Poor
1049,58.75115657653346,51.62581159767089,60.67943337720347,57.87026304971293,58.49603015075376,57.484538950374905,3.439049808161114,51.62581159767089,60.67943337720347,Fair
1050,69.73502592326713,64.21372577171573,73.11417863125149,68.32306950212795,69.23922596314908,68.92504515830227,3.1961900258348037,64.21372577171573,73.11417863125149,Good
1051,77.21781228364043,69.68384895908113,74.41419028475713,73.94415756877054,72.75575514014517,73.60315284727888,2.73490651705163,69.68384895908113,77.21781228364043,Very Good
1052,74.36185598362182,70.66116874318683,75.73740888702774,73.81069976603666,72.73261534040573,73.46074974405578,1.902988952697327,70.66116874318683,75.73740888702774,Very Good
1053,67.84551726888411,62.908255563531945,69.32020668820293,65.20249505996664,65.90609156895589,66.2365132299083,2.467474948492821,62.908255563531945,69.32020668820293,Good
1054,81.11898862566804,78.2398418760469,80.19238449389806,79.02780729636227,78.51960101842546,79.41972466208014,1.2083507787319387,78.2398418760469,81.11898862566804,Excellent
1055,63.155441293770444,59.91869027678073,65.60799747746671,64.93808426813716,64.05028855388052,63.53410037400712,2.2222310342270823,59.91869027678073,65.60799747746671,Good
1056,78.70143642019623,69.16200443487278,78.39353133923586,76.0721806340358,76.24332300614182,75.7144951668965,3.8549249484778154,69.16200443487278,78.70143642019623,Excellent
1057,71.12163595756562,62.373933157852754,72.7388853992183,67.4788404460449,69.00820770519263,68.54430053317483,3.989393710083529,62.373933157852754,72.7388853992183,Good
1058,79.56190210310815,72.50884049879025,77.84516564302997,77.89230271917393,76.13109277870835,76.78786074856214,2.682086389698779,72.50884049879025,79.56190210310815,Excellent
1059,81.5157227938635,76.70504373720455,81.3721961327803,79.21162699300758,79.31321421924437,79.62356077522006,1.9635267279456212,76.70504373720455,81.5157227938635,Excellent
1060,73.71451157374172,67.7458363563851,75.32160705112865,73.86088422757705,72.64406063428251,72.65737996862302,2.9063505354051924,67.7458363563851,75.32160705112865,Very Good
1061,45.0,45.0,45.0,45.0,45.0,45.0,0.0,45.0,45.0,Poor
1062,81.42527112280983,76.11668173672597,82.83233254101195,81.87190345739364,81.20905494732924,80.69104876105413,2.6320980509357854,76.11668173672597,82.83233254101195,Excellent
1063,55.93806858255076,49.74962940046617,59.693188677208816,56.284256385671206,55.72621072611648,55.478270754402686,3.588361951091974,49.74962940046617,59.693188677208816,Fair
1064,66.80983897264097,61.7058477147643,69.22488978224455,65.94615206848458,65.37003527191513,65.8113527620099,2.7256794278849767,61.7058477147643,69.22488978224455,Good
1065,74.3638430459174,69.14983422934779,76.71422300124962,74.03144035052198,73.54890669048947,73.56164946350525,2.750782341929349,69.14983422934779,76.71422300124962,Very Good
1066,76.05822980511022,69.12641229427561,78.15059552258649,74.0896255451152,75.94355783956821,74.67368420133114,3.4180333543799457,69.12641229427561,78.15059552258649,Very Good
1067,74.51948506600084,68.42331173075834,74.41034449206948,73.38470703357018,72.49996370767401,72.64756240601457,2.5010476041538476,68.42331173075834,74.51948506600084,Very Good
1068,73.12868309802984,67.17155619366675,74.23161442131291,71.99673865762203,72.09093662758235,71.72390579964278,2.7016216482579334,67.17155619366675,74.23161442131291,Very Good
1069,70.99059184812955,62.30353354071947,66.87904452819654,69.91776019096835,68.20238079285316,67.65866218017342,3.383271918303793,62.30353354071947,70.99059184812955,Good
1070,73.48516949828506,66.13602137672488,76.24031327271275,72.32530771911095,72.13598257956448,72.06455888927962,3.6971511839097433,66.13602137672488,76.24031327271275,Very Good
1071,67.99055164712452,62.995551088777226,72.55142127303183,66.85778756128823,68.07135916247906,67.69333414654017,3.413193352193953,62.995551088777226,72.55142127303183,Good
1072,71.4007750059823,64.744196378719,72.54577169079525,70.69469056128274,70.68691658291458,70.01447004393877,3.04220307842319,64.744196378719,72.54577169079525,Very Good
1073,74.62445752572387,68.29688569833293,75.97285646486401,73.53620877473934,73.50699019542155,73.18747973181634,2.913967982290703,68.29688569833293,75.97285646486401,Very Good
1074,71.25482471085587,65.68623957884662,74.0026678152668,69.7593494270401,70.9717713813512,70.33497058267213,3.0267841649619336,65.68623957884662,74.0026678152668,Very Good
1075,72.12611507271808,66.43846257743746,72.50983017601233,72.33932352075911,70.7329134263912,70.82932895466362,2.5531757517510605,66.43846257743746,72.50983017601233,Very Good
1076,66.52330674536704,60.84840498790247,68.08927547791869,65.24682514816871,63.71889445375022,64.88534136262143,2.772014097285423,60.84840498790247,68.08927547791869,Good
1077,67.15890753370024,59.097708383185775,64.73196640444286,62.74114646718587,62.4816611948632,63.24227799667559,2.9818738442731467,59.097708383185775,67.15890753370024,Good
1078,74.02048137512962,67.40379277339076,75.06714525005982,71.46505403923415,70.75270519262982,71.74183572608884,3.005141984913405,67.40379277339076,75.06714525005982,Very Good
1079,72.06109766869686,64.8879664966513,74.96551013775823,71.27369627681101,71.34445038104084,70.90654419219166,3.686395198500427,64.8879664966513,74.96551013775823,Very Good
1080,70.11635558746113,63.883544707665315,72.77832864720429,69.75783983861211,69.70879955332217,69.248973666853,3.2583320317397857,63.883544707665315,72.77832864720429,Good
1081,85.93168121560181,80.49788510808008,83.92409090292733,82.80346519255232,83.47155809268565,83.32573610236945,1.9646724028788263,80.49788510808008,85.93168121560181,Excellent
1082,69.01970825556354,62.25154866395469,71.49782774188402,66.42591780004064,67.97926842211055,67.43485417671067,3.435131444496809,62.25154866395469,71.49782774188402,Good
1083,80.05589882747068,72.78134469171255,77.78177082635399,77.8510949728399,76.50177019318815,76.99437590231305,2.679513636820681,72.78134469171255,80.05589882747068,Excellent
1084,77.45929629097871,72.74531821009812,77.01199059583634,73.94977697096758,75.02364348185372,75.23800510994688,2.0000081025717558,72.74531821009812,77.45929629097871,Excellent
1085,67.57857229002153,60.82975155140783,71.23473379197574,67.90062450185506,67.06269371747626,66.92127517054728,3.7790127382269745,60.82975155140783,71.23473379197574,Good
1086,67.24811730610726,61.02170322512032,65.80980770253383,66.23760570089054,64.9881354922762,65.06107388538562,2.40051159683514,61.02170322512032,67.24811730610726,Good
1087,45.0,45.0,45.0,45.0,45.0,45.0,0.0,45.0,45.0,Poor
1088,75.60820604610353,68.89418559463986,75.30080920076573,72.71257582275494,72.7344540212172,73.05004613709625,2.696978769560648,68.89418559463986,75.60820604610353,Very Good
1089,79.76146418202123,73.89246700167506,75.99396840452263,77.2177747048332,75.41390456281407,76.45591577117324,2.200995891238809,73.89246700167506,79.76146418202123,Excellent
1090,64.71274268166228,58.58780569514237,66.86876585307489,64.90162062158359,63.59579134561698,63.73334523941602,3.108474200407549,58.58780569514237,66.86876585307489,Good
1091,69.62949842466301,63.20740863045386,65.24959596095556,66.93421802250764,66.78187538805138,66.36051928532629,2.364801960749924,63.20740863045386,69.62949842466301,Good
1092,72.9322688575151,67.78427098455239,75.6587708117306,73.5119160315426,72.49298266145541,72.47604186935922,2.8906721922057876,67.78427098455239,75.6587708117306,Very Good
1093,81.34831046236474,76.46564279599053,80.26693232166122,78.34519567621541,78.26629841578261,78.9384759344029,1.9033396068968063,76.46564279599053,81.34831046236474,Excellent
1094,75.86455337955164,71.46334445191387,73.29859383992718,73.3481494453401,72.48231201254865,73.2913906258563,1.6294785226771562,71.46334445191387,75.86455337955164,Very Good
1095,77.40684108372551,71.09942835872485,76.88503064263115,77.18029153543567,75.97222482784291,75.70876328967202,2.633811351735371,71.09942835872485,77.40684108372551,Excellent
1096,67.80916014995611,61.012736316503144,71.18491964186008,67.7340009076938,67.4547303450586,67.03910947221434,3.699780677214247,61.012736316503144,71.18491964186008,Good
1097,76.3413341309723,69.06220499322008,71.00260506899576,74.33440442234306,72.5987821663875,72.66786615638374,2.830652586534754,69.06220499322008,76.3413341309723,Very Good
1098,55.12466865059047,54.12717233536871,61.82845828324759,60.11077052647329,57.618927301197175,57.76199941937544,3.2496447709984713,54.12717233536871,61.82845828324759,Fair
1099,82.29861487330834,76.76408593230704,75.49239418654118,78.32802021094483,77.05520510701656,77.98766406202358,2.6121415591047414,75.49239418654118,82.29861487330834,Excellent
1100,80.36034875967138,74.09663441014595,78.28653147882268,79.68443862213192,76.49295692015635,77.78418203818566,2.5379733468222745,74.09663441014595,80.36034875967138,Excellent
1101,76.60055867212672,70.79156818764595,76.80365581455492,75.06021408195393,75.13094566635631,74.87738848452756,2.422367915083412,70.79156818764595,76.80365581455492,Excellent
1102,68.42199561830317,63.35194057057776,71.57196393209433,69.884708107855,68.22454534375582,68.29103071451723,3.070851428054836,63.35194057057776,71.57196393209433,Good
1103,74.06713591768366,70.68534354311238,75.20056486799075,73.06009485380763,72.30804381909547,73.06423660033798,1.7176060638348118,70.68534354311238,75.20056486799075,Very Good
1104,45.0,45.0,45.0,45.0,45.0,45.0,0.0,45.0,45.0,Poor
1105,45.0,45.0,45.0,45.0,45.0,45.0,0.0,45.0,45.0,Poor
1106,69.05029891255218,64.56269989098934,71.0760898114913,64.42659937977918,68.14629877982505,67.4523973549274,2.90136779875432,64.42659937977918,71.0760898114913,Good
1107,72.38028106139163,67.43097880939087,70.62835336736593,72.32811403977021,71.32322958496185,70.8181913725761,2.030043205771877,67.43097880939087,72.38028106139163,Very Good
1108,70.2810361330462,62.89215920874213,63.46587351439739,68.19279851477683,65.58993858179787,66.08436119055207,3.136426048946266,62.89215920874213,70.2810361330462,Good
1109,77.92085688761267,72.20524233867751,75.5512946318896,76.87246355445372,76.22591824008933,75.75515513054457,2.1681616667575616,72.20524233867751,77.92085688761267,Excellent
1110,76.47923487277659,72.25381944643856,77.35323361649517,73.3540795454685,75.02463889223897,74.89300127468354,2.1165874348204707,72.25381944643856,77.35323361649517,Excellent
1111,72.21490020472736,66.89639388476778,73.9140583565978,72.60864086876127,70.4345158004839,71.21370182306762,2.715071695218869,66.89639388476778,73.9140583565978,Very Good
1112,72.89916679163012,67.91469402036637,70.81029507192045,72.9049519334995,70.75514891717847,71.05685134691899,2.0514975623676244,67.91469402036637,72.9049519334995,Very Good
1113,71.91966279014117,67.32541960596635,76.0576999202361,72.91375641474515,72.32564938246789,72.10843762271134,3.130706361428241,67.32541960596635,76.0576999202361,Very Good
1114,81.51648275284779,73.86282836153126,76.76950368087063,78.39996470810053,77.00621831403917,77.51099956347788,2.781543096066463,73.86282836153126,81.51648275284779,Excellent
1115,63.80239424636409,57.26849591874718,67.89927099119939,64.3368155603543,63.78620277312488,63.41863589795797,3.8414106254344587,57.26849591874718,67.89927099119939,Good
1116,45.0,45.0,45.0,45.0,45.0,45.0,0.0,45.0,45.0,Poor
1117,79.53397200287151,74.47828092845178,75.66990374491506,75.58033873887139,75.60795640424344,76.17409036387065,1.9424100409360705,74.47828092845178,79.53397200287151,Excellent
1118,72.40654829704076,66.51542027598309,71.91163553880513,70.4756076559134,69.48035050809604,70.15791245516768,2.343057698369609,66.51542027598309,72.40654829704076,Very Good
1119,75.74740329159023,70.9834268910691,78.99890636250034,76.0350192535843,75.12867569551462,75.37868629885172,2.8746099318398275,70.9834268910691,78.99890636250034,Excellent
1120,68.84916564967696,62.50607593523172,66.64969450925261,66.13217588198043,65.54028757118928,65.9354799094662,2.288850420821932,62.50607593523172,68.84916564967696,Good
1121,70.90856002233389,62.955814628699045,71.25937171970966,68.73703939400106,69.07015746510329,68.58618864596939,3.335318946364695,62.955814628699045,71.25937171970966,Good
1122,42.13204874105979,41.28016454760576,52.755494860546115,46.12204389546215,46.55475051405173,45.768900511745116,4.553301341553773,41.28016454760576,52.755494860546115,Fair
1123,52.77241580920475,47.88865661641541,60.07860857860733,54.83219693738922,55.68299867113345,54.25097532255004,4.444520681594464,47.88865661641541,60.07860857860733,Fair
1124,64.20252918561059,58.8641149876366,67.92192030788866,65.0087853528939,63.74421317922948,63.94831260265183,3.2737405472693837,58.8641149876366,67.92192030788866,Good
1125,72.31460078168622,66.53414692510171,75.3527324120603,70.68862350438654,71.18558905639307,71.21513853592558,3.1826983058586182,66.53414692510171,75.3527324120603,Very Good
1126,75.79661869665789,69.49897012044349,76.21013726170534,73.86748514780056,73.90476980234504,73.85559620579048,2.6596137939138775,69.49897012044349,76.21013726170534,Very Good
1127,79.50930299114621,71.73262745473397,80.4435620642897,79.7837040331792,78.97985634617532,78.08981057790488,3.5927127125570015,71.73262745473397,80.4435620642897,Excellent
1128,72.2603464518359,67.41091748690545,75.39071859030604,73.1729395686097,71.49891545207518,71.94676750994645,2.9256253866230706,67.41091748690545,75.39071859030604,Very Good
1129,75.71537639520353,69.79988594825983,76.99092343596288,74.31453894729093,74.04566024492834,74.1732769943291,2.714774035170787,69.79988594825983,76.99092343596288,Very Good
1130,73.83331937465104,66.46744436468056,68.11906407035177,70.29926538902339,68.75297319932997,69.49441327960736,2.787371193060474,66.46744436468056,73.83331937465104,Very Good
1131,73.11334721225174,67.47058275504506,71.97426708941533,71.97609587814401,70.41657902847571,70.99017439266638,2.1888855252492108,67.47058275504506,73.11334721225174,Very Good
1132,73.13573422668901,68.67575975113664,75.78347989949748,71.20224152702333,71.46216527079842,72.05187613502898,2.625234024137237,68.67575975113664,75.78347989949748,Very Good
1133,73.77619235861849,68.25773457765015,71.9222695501316,67.94296782918512,72.78490520156336,70.93681390342974,2.6734441568757963,67.94296782918512,73.77619235861849,Very Good
1134,67.5470014091622,62.4420605673872,68.7460661774481,68.19580444798376,67.65864693839569,66.91791590807539,2.547196723142947,62.4420605673872,68.7460661774481,Good
1135,72.67352531063563,70.67269105796,74.21410673974373,68.95075529497255,71.45784319959499,71.59378432058138,1.9927634959397735,68.95075529497255,74.21410673974373,Very Good
1136,70.86890005583474,64.7962032384143,72.63030429927414,68.92626470182674,68.97428810720268,69.23919208051052,2.918211681641647,64.7962032384143,72.63030429927414,Good
1138,78.75084961314509,71.72868073701842,79.32362418042594,75.95806789025133,77.64845030485762,76.68193454513968,3.0517123317618267,71.72868073701842,79.32362418042594,Excellent
1139,65.86370696916747,59.21135671759728,66.07303024224895,64.61099600687317,64.85924595223011,64.12366717762339,2.8167851538160877,59.21135671759728,66.07303024224895,Good
1140,63.3978306771955,60.38346181702162,69.79252484246629,60.34834463662055,63.8331047414852,63.551053342957836,3.8519467736692072,60.34834463662055,69.79252484246629,Good
1141,60.25239690516073,55.527909388210894,62.76948233229641,59.87613034648211,60.35583221663875,59.756350237757786,2.625760139985476,55.527909388210894,62.76948233229641,Fair
1142,69.41213117531349,63.114090957727896,68.21293852549654,66.72125812129069,66.70322836453842,66.8327294288734,2.3672641897927718,63.114090957727896,69.41213117531349,Good
1143,45.0,45.0,45.0,45.0,45.0,45.0,0.0,45.0,45.0,Poor
1144,64.64872553242401,57.159541198053766,64.57054853633245,62.550572414801984,63.93447365717476,62.5727722677574,3.140799504018793,57.159541198053766,64.64872553242401,Good
1145,75.8703114518986,68.12720401758932,75.56058573000519,73.75734884244748,74.41005830510562,73.54510166940925,3.1470458505078325,68.12720401758932,75.8703114518986,Very Good
1146,73.90205298316982,66.98511270638909,73.12892990248864,71.1830042174758,71.20721156895588,71.28126227569584,2.6811592113537643,66.98511270638909,73.90205298316982,Very Good
1147,68.61868269921034,63.59153306213609,67.80563133125949,68.24152070196106,67.95060887772195,67.2415953344578,2.0639774558352157,63.59153306213609,68.61868269921034,Good
1148,76.37594673100955,71.95890510754832,73.95913175334344,74.39523941602492,73.4939790991997,74.03664042142519,1.598313188003799,71.95890510754832,76.37594673100955,Very Good
1149,63.5274257956449,58.7418199569275,68.84218626465662,63.633598766662836,64.11607974986042,63.77222210675045,3.5779485076810995,58.7418199569275,68.84218626465662,Good
1150,45.0,45.0,45.0,45.0,45.0,45.0,0.0,45.0,45.0,Poor
1151,73.97154909467974,68.02975225333014,72.08360171891202,72.69629098064063,72.3365615633724,71.823551122187,2.2416113642494113,68.02975225333014,73.97154909467974,Very Good
1152,65.00359237988886,62.88392417112016,67.58386457419373,65.45654172669143,65.65512223711147,65.31660901780114,1.6800710624508906,62.88392417112016,67.58386457419373,Good
1153,67.61552843582993,62.86064927813673,68.03009432081039,69.15775661289545,66.52065745393634,66.83693722032177,2.4148980045775206,62.86064927813673,69.15775661289545,Good
1154,78.03963278828002,71.21173452447422,74.84185459174178,77.05877164293287,75.63201029741298,75.35680076896838,2.6275833250773926,71.21173452447422,78.03963278828002,Excellent
1155,70.59017946877245,66.34025045864242,68.40808496849326,65.05879079866914,67.48934299274147,67.57732973746374,2.1005096377361863,65.05879079866914,70.59017946877245,Good
1156,73.2829436069235,66.44082443965861,75.47632439977666,69.24584413746646,72.19325172529312,71.32783766182368,3.5354956598003575,66.44082443965861,75.47632439977666,Very Good
1157,74.65822897556565,71.23389433942197,77.38048958416421,73.60130535073672,73.91257211985854,74.15729807394942,2.2110632835603647,71.23389433942197,77.38048958416421,Very Good
1158,45.0,45.0,45.0,45.0,45.0,45.0,0.0,45.0,45.0,Poor
1159,68.62935608112939,64.14978563466944,70.69217687654475,69.0472511031243,67.8745139403187,68.07861672715731,2.42639829509086,64.14978563466944,70.69217687654475,Good
1160,67.11136003828668,62.3200123793571,66.8469499322007,68.17254662774705,66.01495413065325,66.09316462164895,2.2456367945732025,62.3200123793571,68.17254662774705,Good
1161,72.98889181356517,65.0828151338704,74.8993852529845,69.6541549467019,70.72969238786526,70.67098790699745,3.7254896679217935,65.0828151338704,74.8993852529845,Very Good
1162,79.14247362207864,73.03879071548218,79.49535064608759,77.80313771892689,77.36827951312115,77.36960644313929,2.5790386990737533,73.03879071548218,79.49535064608759,Excellent
1163,81.58379569806706,74.84724043497913,81.0966272167717,80.60829879750273,79.38566022706122,79.50432447487637,2.728593999357501,74.84724043497913,81.58379569806706,Excellent
1164,77.66439705405334,71.73210003456435,78.5125697229534,76.67106791692541,76.46777990991997,76.2095829276833,2.6338052061883293,71.73210003456435,78.5125697229534,Excellent
1165,77.25378812049668,71.48426125335673,78.17405961686741,76.35420487341274,75.86057742415782,75.82537825765829,2.582772361206029,71.48426125335673,78.17405961686741,Excellent
1166,75.38648533673658,68.85530296987584,74.4338087594055,73.24638790637204,72.12098306346547,72.80859360717109,2.528825272313647,68.85530296987584,75.38648533673658,Very Good
1167,78.30922392916965,72.671584717237,80.42490762542873,78.18170927847902,77.85052899162478,77.48759090838783,2.877079696246348,72.671584717237,80.42490762542873,Excellent
1168,59.362981574539376,55.30055037090212,67.962081239531,62.40804200941731,62.860702400893366,61.578871519056634,4.6744910186257345,55.30055037090212,67.962081239531,Fair
1169,68.96525438880533,60.89951975500657,72.19644742738095,66.33621862726903,67.56119318841102,67.19172667737459,4.142852212221243,60.89951975500657,72.19644742738095,Good
1170,68.19391800271198,65.29010130015155,72.58079335167903,67.4262886309964,67.24403685092129,68.14702762729206,2.699877880930743,65.29010130015155,72.58079335167903,Good
1171,80.13225148117084,77.71372958392314,75.72550599793946,76.95909884099132,76.30106570099086,77.36633032100312,1.7149297915848254,75.72550599793946,80.13225148117084,Excellent
1172,69.5020270559145,62.559232735104096,67.46659838478104,66.35795840173814,65.68389988386376,66.3139432922803,2.5489819164097662,62.559232735104096,69.5020270559145,Good
1173,60.92654383026244,54.49001834569675,65.9913749302066,59.46766047963615,60.770886376326075,60.3292967924256,4.106410358728819,54.49001834569675,65.9913749302066,Fair
1175,67.79648620084551,61.40913615697535,69.53688786192869,67.43367150965935,66.6053487437186,66.5563060946255,3.0695051713354835,61.40913615697535,69.53688786192869,Good
1176,69.29624710855866,63.16487197894233,64.02134481933477,66.64705792312246,64.90031825795646,65.60596801758295,2.4325886465996938,63.16487197894233,69.29624710855866,Good
1177,70.85312731913537,65.79631784318418,74.94810833532743,70.63342451968086,70.71131397654942,70.58845839877546,3.24261945640574,65.79631784318418,74.94810833532743,Very Good
1178,70.62742841190078,65.02227646167346,67.57936866874053,69.00943071504298,68.19409112227805,68.08651907592716,2.059510999419972,65.02227646167346,70.62742841190078,Good
1179,45.0,45.0,45.0,45.0,45.0,45.0,0.0,45.0,45.0,Poor
1180,72.94442490228923,69.29204115817181,74.8800230318258,71.7446283147632,71.23974025683975,72.02017153277797,2.071272994438701,69.29204115817181,74.8800230318258,Very Good
1184,25.317474375847492,23.189585227725928,34.04319063073303,26.285347450897568,28.53850318257956,27.474820173556715,4.144488412223024,23.189585227725928,34.04319063073303,Poor
1185,76.70495733960809,73.45491723166096,75.24050417098722,75.57277162949896,74.40393502326448,75.07541707900393,1.2254514131725245,73.45491723166096,76.70495733960809,Excellent
1186,81.83938594560102,77.25362928930366,81.97512812873894,79.9319267998627,79.65387498380791,80.13078902946285,1.9278181643150916,77.25362928930366,81.97512812873894,Excellent
1187,80.37439578846616,73.45781287389327,81.16061856903568,76.47355335898051,78.70068118369626,78.03341235481437,3.125465586499998,73.45781287389327,81.16061856903568,Excellent
1188,74.2891627715296,67.84558889686528,74.56561145010767,72.17868926342399,72.5636337911781,72.28853723462092,2.6932835046619696,67.84558889686528,74.56561145010767,Very Good
1189,68.6952735104092,64.02135566722501,70.77759204753929,69.2502432230557,68.15943307649358,68.18077950494457,2.5225559676243905,64.02135566722501,70.77759204753929,Good
1190,78.81856504745953,74.29105846693787,81.58575865438303,76.73094622912133,78.40120044667783,77.96550576891592,2.694878066443078,74.29105846693787,81.58575865438303,Excellent
1191,76.14649072633848,72.24043384597412,63.730955984313134,71.40709684689385,68.33287404642172,70.37157028998827,4.641355217428251,63.730955984313134,76.14649072633848,Very Good
1193,76.88326974555316,71.49090238494058,76.11898945521258,76.20355594203909,76.5085604511446,75.44105559577801,2.228466948091685,71.49090238494058,76.88326974555316,Excellent
1194,75.93695304033395,69.79370596899844,73.17383146021112,74.85324932793263,72.24994454643587,73.2015368687824,2.38381326127033,69.79370596899844,75.93695304033395,Very Good
1195,72.15259365611124,65.2927600967802,68.3331771290314,67.65533005300261,67.87813325888702,68.2623988387625,2.4735385628540136,65.2927600967802,72.15259365611124,Good
1196,70.6400364472457,68.56276274243046,69.98898074210271,70.75476644508053,69.68001548135724,69.92531237164334,0.8831180954487817,68.56276274243046,70.75476644508053,Very Good
1197,73.98921047080265,68.226331241008,74.31836177291817,73.67920745334787,71.79662537378232,72.4019472623718,2.5310880274695453,68.226331241008,74.31836177291817,Very Good
1199,80.78906264656617,73.71448429448833,81.5785682300391,78.44488604787321,78.87700028140702,78.68080030007476,3.065953103521554,73.71448429448833,81.5785682300391,Excellent
1300,87.29703870722282,81.1665022867127,85.28201454870185,83.88482054050465,84.07226828612178,84.34052887385276,2.235029321655792,81.1665022867127,87.29703870722282,Excellent
1301,45.0,45.0,45.0,45.0,45.0,45.0,0.0,45.0,45.0,Poor
1302,77.6706314641993,70.94466725160193,76.30387406609768,75.48684785020147,75.1655039456542,75.1143049155509,2.523745629749592,70.94466725160193,77.6706314641993,Excellent
1303,60.140415059424114,55.21852424024887,65.13969925819573,58.550992758794294,59.689342945840316,59.74779485250067,3.5768990726234664,55.21852424024887,65.13969925819573,Fair
1400,45.0,45.0,45.0,45.0,45.0,45.0,0.0,45.0,45.0,Poor
1401,76.31042472680865,68.83141510728244,77.72160158331339,75.22607537423639,75.58011071356783,74.73392550104174,3.4354558664550487,68.83141510728244,77.72160158331339,Very Good
1402,45.0,45.0,45.0,45.0,45.0,45.0,0.0,45.0,45.0,Poor
1403,78.05406809045226,72.4363952779772,76.21392490926857,74.70187036441769,74.5652262892239,75.19429698626793,2.08938792604853,72.4363952779772,78.05406809045226,Excellent
2001,78.00576908212561,70.81294244306419,78.87220990338164,76.29277233142314,76.74130774879228,76.14500030175738,3.150729789182869,70.81294244306419,78.87220990338164,Excellent
2002,59.28900193236716,52.885843478260874,65.56318792270532,59.95144777067157,60.07871704347825,59.55363962949664,4.502170779786196,52.885843478260874,65.56318792270532,Fair
2003,66.2656199677939,63.89065562456866,70.49783816425122,69.23055721801717,67.41410144927536,67.45975448478126,2.575470970608091,63.89065562456866,70.49783816425122,Good
2004,45.0,45.0,45.0,45.0,45.0,45.0,0.0,45.0,45.0,Poor
2005,79.23220611916265,70.51596043248217,80.49093397745573,77.29842607261371,77.53313204508856,77.01413172936057,3.8595473399079183,70.51596043248217,80.49093397745573,Excellent
2006,75.86154727398207,71.83133747412008,75.42186128364389,73.46232993855877,73.51331362318841,74.01807791869865,1.6366477616589694,71.83133747412008,75.86154727398207,Very Good
2007,69.79713388543824,65.76207591442375,74.7486314699793,71.4364844068551,70.84325642512079,70.51751642036344,3.2398344354356636,65.76207591442375,74.7486314699793,Very Good
2008,81.77080653324043,77.64736166157182,81.19882186565236,80.01118783829268,79.60712314699622,80.04706020915071,1.6008779519454777,77.64736166157182,81.77080653324043,Excellent
2009,68.30403726708074,63.040441683919944,72.44609644582471,70.99104804001828,69.16010869565218,68.78834642649917,3.593125418020599,63.040441683919944,72.44609644582471,Good
2010,72.55770445134576,66.35937198067633,74.77599400448585,75.13050052202229,73.77757826086957,72.52022984387996,3.586101084742057,66.35937198067633,75.13050052202229,Very Good
2011,67.41113347135956,64.2335856452726,73.52139675638372,70.07002531523905,68.63125721739131,68.77347968112925,3.417257651103239,64.2335856452726,73.52139675638372,Good
2012,72.52870476190476,73.79380317460317,75.36531587301587,70.95928066319644,71.68847822222222,72.86711653898848,1.7495211183877966,70.95928066319644,75.36531587301587,Very Good
2013,71.4202736599954,64.13201343455255,74.3359004715896,70.96500325656207,69.72024553301127,70.11468727114217,3.748139688473629,64.13201343455255,74.3359004715896,Very Good
2014,45.0,45.0,45.0,45.0,45.0,45.0,0.0,45.0,45.0,Poor
2015,82.18601363008972,77.95363008971704,81.11933941511388,80.69462186216192,80.52815410628018,80.49635182067254,1.5611555631027103,77.95363008971704,82.18601363008972,Excellent
2016,78.22149758454107,74.24361628709455,79.54272342995169,75.89703951443083,76.49371980676328,76.87971932455629,2.0588621994563034,74.24361628709455,79.54272342995169,Excellent
2017,77.00610075914423,74.0232988267771,78.8294099378882,75.93064146803277,76.25691980676328,76.40927415972112,1.743447630872428,74.0232988267771,78.8294099378882,Excellent
2018,72.4803955831608,68.96716411318151,73.46308157349898,71.09252924358462,70.28266904347828,71.25716791138083,1.7736411948286028,68.96716411318151,73.46308157349898,Very Good
2019,83.41519944789509,79.38789233954452,83.26342408557625,80.76349580007245,81.86877024154589,81.73975638292684,1.7051148430496352,79.38789233954452,83.41519944789509,Excellent
2020,81.73199751552794,79.42931235334714,82.79236949620427,80.50180265528184,80.34063364251206,80.95922313257465,1.3124518353159231,79.42931235334714,82.79236949620427,Excellent
2021,74.52554761904761,67.67726984126983,74.57075595238095,73.76247854679436,73.81447999999999,72.87010639189855,2.9277301617537788,67.67726984126983,74.57075595238095,Very Good
2022,73.29298366689672,74.03551874856223,78.57553197607545,76.07719959504857,74.65730112721417,75.32770702275943,2.0838305940590898,73.29298366689672,78.57553197607545,Excellent
2023,66.39541062801932,63.90269151138717,73.05298913043478,69.73789043400028,68.65207729468598,68.34821179970551,3.4545098685409807,63.90269151138717,73.05298913043478,Good
2024,68.05619461697722,62.90458523119392,72.78312094547964,70.84967499387638,69.54103652173913,68.82692246185324,3.739020353739107,62.90458523119392,72.78312094547964,Good
2025,74.9420336783989,69.49066887508627,77.57649744651484,74.72241167616178,74.42204593236713,74.23073152170579,2.9345632065786127,69.49066887508627,77.57649744651484,Very Good
2026,57.254525580859465,54.74258705839723,61.63319369104918,58.532829729345096,58.27804625810733,58.08823646355167,2.4843941139146306,54.74258705839723,61.63319369104918,Fair
2027,45.0,45.0,45.0,45.0,45.0,45.0,0.0,45.0,45.0,Poor
2028,73.08393391994478,69.27188819875776,73.4843098257419,70.54897891980043,72.08010550724639,71.69384327429826,1.7652125768367548,69.27188819875776,73.4843098257419,Very Good
2029,85.57131354957443,82.93682999769956,85.1972797331493,83.74760135194919,83.65639291465378,84.22188350940526,1.1145004410256885,82.93682999769956,85.57131354957443,Excellent
2030,79.16063289624941,76.33460086101974,80.92949122383042,76.09514885491824,77.0665450020687,77.9172837676173,2.071721994202907,76.09514885491824,80.92949122383042,Excellent
2031,75.07995072463768,72.17994368530022,76.02765241545895,73.63380894339156,72.9775498357488,73.97978112090743,1.5626683179100276,72.17994368530022,76.02765241545895,Very Good
2032,63.4926682194617,61.0723464458247,69.56997045376121,65.1484789035018,66.44820869565218,65.14633454364032,3.1857270325677907,61.0723464458247,69.56997045376121,Good
2033,73.07473995859213,68.12407922705313,76.07696097308488,73.37597281628449,72.90167532367148,72.71068565973722,2.871427677937587,68.12407922705313,76.07696097308488,Very Good
2034,65.03091787439614,63.19364159190246,71.67222624798713,69.13215500661727,66.72743639291465,67.15127542276352,3.342951595713597,63.19364159190246,71.67222624798713,Good
2035,52.794271911663216,51.80841959972394,63.294332298136645,56.28362060856341,56.95814492753624,56.22775786912469,4.52195855302195,51.80841959972394,63.294332298136645,Fair
2036,81.8346645962733,78.58383436853002,79.3827986542443,78.49984069426631,79.0041195169082,79.46105156604442,1.3731701992692669,78.49984069426631,81.8346645962733,Excellent
2037,66.98716425120773,64.50279089026914,64.48380676328503,67.97652789349814,65.0363398067633,65.79732592100467,1.5925521874106663,64.48380676328503,67.97652789349814,Good
2038,87.00972054290315,84.12607517828387,88.14361909362779,86.22314465949341,86.21023222544282,86.34255833995022,1.4691402823673747,84.12607517828387,88.14361909362779,Excellent
2039,54.08476276742582,53.84879917184266,63.01922079882678,55.64254168960119,57.70759371980676,56.86058362950064,3.7717996739474335,53.84879917184266,63.01922079882678,Fair
2040,85.4215183804923,81.1973815504946,85.85036620657927,84.41713521857412,83.3102861900161,84.03933750923127,1.8668964560287513,81.1973815504946,85.85036620657927,Excellent
2041,51.58669233954451,46.02061890959283,60.12044113181505,48.26066401008095,53.97397310144928,51.99247789849652,5.471387076475164,46.02061890959283,60.12044113181505,Fair
2042,85.77801242236026,80.50321601104211,81.5964302967564,83.53898432443057,82.32206956521738,82.74774252396135,2.0219554782108338,80.50321601104211,85.77801242236026,Excellent
2043,69.57812842190017,66.05436899010813,69.24037328904991,69.79847822175283,68.38255842190016,68.61078146894224,1.527260626507493,66.05436899010813,69.79847822175283,Good
2045,71.96294685990338,67.42749482401656,76.94380434782609,71.77616186508635,72.3739690821256,72.0968753957916,3.372440144859841,67.42749482401656,76.94380434782609,Very Good
2046,89.36728309178746,84.88641877156658,86.19900289855073,84.42019511953426,85.25362798067633,86.02530557242308,1.9791357657941855,84.42019511953426,89.36728309178746,Excellent
2047,83.82816986427423,76.85940501495286,85.81638967103751,80.52874790320283,82.38120783252818,81.88278405719912,3.4122557140332965,76.85940501495286,85.81638967103751,Excellent
2048,80.61032808833679,75.20080579710144,80.7893232574189,78.84009032261068,78.3641315169082,78.7609357964752,2.2568148034698217,75.20080579710144,80.7893232574189,Excellent
2049,86.32546652864046,81.34411594202898,84.97328657694962,84.81941046223884,84.03343700483093,84.29914330293778,1.8462068834869236,81.34411594202898,86.32546652864046,Excellent
2050,53.923721739130436,50.11917405106971,59.275661352657,51.12303699270474,53.88510129468599,53.66533908604957,3.5577155362707202,50.11917405106971,59.275661352657,Fair
2051,67.78071014492754,65.95890683229814,73.58920048309179,68.00620401989738,70.09695458937198,69.08639521391737,2.913301204630611,65.95890683229814,73.58920048309179,Good
2052,74.76200828157349,69.21463077984818,78.3073887163561,72.51350691854125,74.81169082125602,73.92184510351503,3.3493273757378508,69.21463077984818,78.3073887163561,Very Good
2053,73.90296756383712,67.89137336093859,77.25387336093857,71.99229083485376,74.28300724637681,73.06470247338898,3.4514311681907603,67.89137336093859,77.25387336093857,Very Good
2054,69.45811651713825,64.19821025994938,72.22150721762135,66.69454272060679,70.20238953301127,68.5549532496654,3.139096407025518,64.19821025994938,72.22150721762135,Good
2055,70.85980469289164,64.21891511387163,73.23017305037958,67.86477482818901,70.74333294685991,69.38340012643835,3.4570571983184037,64.21891511387163,73.23017305037958,Very Good
2056,69.31456176673566,62.88240165631469,73.2230762594893,64.6598115504294,69.70404589371981,67.95677942533777,4.1608202993662236,62.88240165631469,73.2230762594893,Good
2057,88.45437239475501,83.5336138026225,89.86821538992409,87.21116799132727,87.55962674396135,87.32539926451804,2.355103100788033,83.5336138026225,89.86821538992409,Excellent
2058,83.47798730158729,78.15715555555555,83.01865396825396,81.59353172675277,81.46496577777776,81.54245886598547,2.0853245805161493,78.15715555555555,83.47798730158729,Excellent
2059,81.4488800552105,77.01277902001381,79.67722425810905,80.07877364686334,78.99280208695653,79.44209181343065,1.6272117238917787,77.01277902001381,81.4488800552105,Excellent
2060,85.61276038647343,82.71537694962043,84.62869758454107,84.3787734827593,82.83488883091788,84.03409944686241,1.239117894384156,82.71537694962043,85.61276038647343,Excellent
2061,82.07670766045548,79.13199696342305,80.12168109040717,77.93978250363925,79.3585326763285,79.72574017885069,1.529774042009877,77.93978250363925,82.07670766045548,Excellent
2062,79.27744582470669,73.20188819875777,80.67730089717045,76.46443968710331,78.66161661835747,77.65653824521914,2.916656344408552,73.20188819875777,80.67730089717045,Excellent
2063,75.14925686680468,71.28305093167702,77.73345251897861,74.13315220567212,75.29108112077294,74.71799872878107,2.331752580938959,71.28305093167702,77.73345251897861,Very Good
2064,81.64329422590293,77.33655394524959,81.25851161720728,80.44065161044567,79.35170692431562,80.00614366462422,1.7315081086144757,77.33655394524959,81.64329422590293,Excellent
2065,52.92939958592133,50.77418909592822,62.614665286404424,53.905521235269525,56.52797101449275,55.35034924360325,4.556502154088055,50.77418909592822,62.614665286404424,Fair
2066,82.394126984127,76.87809523809523,77.67468253968252,79.88360730887045,78.53958888888887,79.07402019193282,2.1647395626870782,76.87809523809523,82.394126984127,Excellent
2067,77.46800782148608,70.54919714745802,77.13621434322522,75.51630812445458,75.67454750402575,75.26885498812995,2.7759815268957997,70.54919714745802,77.46800782148608,Excellent
2068,61.07574189095928,57.81331953071085,66.79645445134577,61.66641878758583,62.36221014492753,61.94282896110585,3.2254709611083276,57.81331953071085,66.79645445134577,Fair
2069,75.06376811594203,65.54589371980677,74.92506038647345,71.48725837261307,72.31176811594202,71.86674974215546,3.8687680980935033,65.54589371980677,75.06376811594203,Very Good
2070,64.93151249137337,58.80653581780538,65.96467311939269,59.49103449891916,63.33409128502415,62.50556944250295,3.213538433335614,58.80653581780538,65.96467311939269,Good
2071,72.99603809523809,68.6704380952381,75.23167698412698,71.51478793565109,72.6417471111111,72.21093764427307,2.3951308496455415,68.6704380952381,75.23167698412698,Very Good
2072,44.555967046238784,43.6308557625949,53.677864691166334,44.10794106689988,47.86139323671497,46.76680436072297,4.205722558459194,43.6308557625949,53.677864691166334,Fair
2073,81.83558471359558,76.37626915113871,78.48401617494824,79.62426439845433,78.80613217391303,79.02525332240998,1.975781216675056,76.37626915113871,81.83558471359558,Excellent
2074,84.39725483091789,78.47622774327122,79.19462952898552,81.14241864695184,80.29006260869565,80.70011867176443,2.304602972481909,78.47622774327122,84.39725483091789,Excellent
2075,87.10549132735221,82.54414428341384,85.89434639981597,86.58451975050968,84.6706809146538,85.3598365351491,1.8190601112041387,82.54414428341384,87.10549132735221,Excellent
2076,74.26024025764897,70.82440156429722,74.46440209339775,71.67968056745356,72.0842487020934,72.66259463697818,1.6185286142185749,70.82440156429722,74.46440209339775,Very Good
2077,81.15916756383712,76.65957018633542,79.71665669427192,79.80823106577294,78.52885569082126,79.17449624020773,1.686429869975321,76.65957018633542,81.15916756383712,Excellent
2078,89.67749654934438,86.61781918564527,86.60390053485162,86.64122047035092,86.48682512077293,87.20545237219304,1.3831994211129661,86.48682512077293,89.67749654934438,Excellent
2080,65.46607250977597,62.5916112129866,67.51154919484492,65.40475584899205,64.5961290600397,65.11402356532784,1.773934303891651,62.5916112129866,67.51154919484492,Good
2081,61.11456176673569,58.19668737060041,65.84529848171154,62.88773177834963,63.39315700483091,62.28748728044563,2.843906543104081,58.19668737060041,65.84529848171154,Good
2082,75.46713232114102,69.9343190246147,75.3541830457787,76.09680220916468,73.80889670209339,74.1322666605585,2.493074326518029,69.9343190246147,76.09680220916468,Very Good
2083,71.64618633540373,65.96208143547274,71.59842667356799,69.63905966327934,69.8389079227053,69.73693240608581,2.311919624716526,65.96208143547274,71.64618633540373,Very Good
2084,91.22445220841962,86.28236714975846,84.93665782436163,86.30154881350533,86.94548792270533,87.13810278375009,2.3986359683591254,84.93665782436163,91.22445220841962,Excellent
2085,78.73909644582471,73.86146169772256,74.59303213423051,76.26715333577347,75.12392231884058,75.71693318647837,1.9035363727020886,73.86146169772256,78.73909644582471,Excellent
2086,74.98397170462388,73.0415458937198,75.41069271911664,74.49474829772312,73.95313043478261,74.37681780999321,0.9238374940591151,73.0415458937198,75.41069271911664,Very Good
2087,83.92482884748104,78.75037129054519,81.03849430641822,82.43090090145469,81.40801265700483,81.5105216005808,1.905762650741778,78.75037129054519,83.92482884748104,Excellent
2088,80.25485420979986,76.96881297446517,79.17172468081435,78.47607791775985,78.81699468599034,78.73769289376591,1.193087317620172,76.96881297446517,80.25485420979986,Excellent
2089,71.67269082125604,68.00053554175294,73.63918236714976,69.99798572238848,70.85089971014493,70.83225883253843,2.079673144813207,68.00053554175294,73.63918236714976,Very Good
2090,77.82415873015871,75.09473015873016,72.1342976190476,75.12415945847526,73.83136888888889,74.80174297106012,2.084567189470413,72.1342976190476,77.82415873015871,Very Good
2091,74.53551677018635,70.85782415458938,71.90481145617667,72.42936199137755,71.39447791304347,72.22439845707468,1.4178951999667733,70.85782415458938,74.53551677018635,Very Good
2092,80.96336783988959,74.8872049689441,81.93821687370601,79.03584747822734,80.78927101449275,79.52278163505196,2.7946058422603484,74.8872049689441,81.93821687370601,Excellent
2094,79.76091861053601,77.13220630319762,77.33943672647803,78.54490252684853,75.7115325152979,77.69779933647162,1.5303284025485966,75.7115325152979,79.76091861053601,Excellent
2095,67.18662594893031,64.4686155969634,70.47034575569359,65.91181255628852,66.84388531400967,66.97625703437708,2.2187688574163094,64.4686155969634,70.47034575569359,Good
2096,74.40368511617208,69.04520929376582,71.98783125143777,73.26628000994683,71.68495902093397,72.07759293845129,2.0112962794794136,69.04520929376582,74.40368511617208,Very Good
2097,70.58998969404098,67.13050976371123,73.20846758683939,70.98809242156432,69.55197862525708,70.29380761828261,2.214822877455725,67.13050976371123,73.20846758683939,Very Good
2098,88.19944145387623,82.99074488152749,86.99461657464919,86.60478333701217,85.129266215781,85.98377049256922,2.0003152520790164,82.99074488152749,88.19944145387623,Excellent
2099,76.27036328502416,71.22644692891652,77.26955169082126,73.27408461994825,73.90598639613526,74.3892865841691,2.414290051790153,71.22644692891652,77.26955169082126,Very Good
2100,83.01781361858754,79.58431911663214,81.32680959282264,80.89936902531318,79.8983450048309,80.94533127163729,1.3593523867079953,79.58431911663214,83.01781361858754,Excellent
2101,64.33938164251208,55.441832988267784,53.89153140096619,60.75468309569912,57.7303949758454,58.43156482065812,4.193483550498693,53.89153140096619,64.33938164251208,Fair
2102,76.9871994478951,73.1431939268461,79.54431297446514,76.68216786484979,76.216621352657,76.51469911334263,2.2850470493174537,73.1431939268461,79.54431297446514,Excellent
2103,53.2475129399586,50.48786059351277,56.959175077639756,53.864940030306165,54.662939130434786,53.84448555437042,2.3449351216149044,50.48786059351277,56.959175077639756,Fair
2104,64.73334178743963,62.326993788819884,61.82769716183575,65.08191260667462,63.88490512077295,63.57097009310856,1.4421414628269178,61.82769716183575,65.08191260667462,Good
2105,64.29212910052823,58.69213847316603,67.59777486772276,60.771331828144696,62.447459301585596,62.76016671422947,3.4040955223046736,58.69213847316603,67.59777486772276,Good
2106,66.8257682884748,61.48568530020705,66.05589660973085,64.2983853083098,64.8215068599034,64.69744847332518,2.053362556151061,61.48568530020705,66.8257682884748,Good
2107,62.70674137336094,57.5324209799862,64.17914022601794,60.09127969589526,61.42113391304348,61.18614323766076,2.5433188352741287,57.5324209799862,64.17914022601794,Fair
2108,77.82806956521739,73.08858743961353,74.97418188405797,75.41541379126002,74.60412467632848,75.18207547129548,1.7186964915631935,73.08858743961353,77.82806956521739,Excellent
2109,62.53466572630957,57.21648872122454,63.995823163477304,59.89675328210298,62.783756607212794,61.28549750006543,2.72197124142437,57.21648872122454,63.995823163477304,Fair
2110,82.4648723257419,77.00248447204969,76.4088336783989,79.20294567708756,78.40528502415458,78.69688423548652,2.379339637439073,76.4088336783989,82.4648723257419,Excellent
2111,79.2019967793881,73.99212330342765,77.19650161030597,78.05309472119542,75.25505233494364,76.73975374985216,2.1065335988945577,73.99212330342765,79.2019967793881,Excellent
2112,45.0,45.0,45.0,45.0,45.0,45.0,0.0,45.0,45.0,Poor
2113,74.15951230733839,69.94489993098689,76.0205348516218,72.07576499777872,71.75567632850242,72.79127768324564,2.3444862296267974,69.94489993098689,76.0205348516218,Very Good
2114,63.040817851390884,59.71422266916326,62.45567255578348,58.241138451727046,61.060116306416504,60.90239356689624,1.9687838486379452,58.241138451727046,63.040817851390884,Fair
2115,65.1373015873016,58.26666666666668,61.75882936507938,62.376021249705474,62.32916666666666,61.97359710708396,2.4538163854246315,58.26666666666668,65.1373015873016,Fair
2116,60.489734989648035,56.80686266390615,62.28172774327122,55.51115962332439,57.60219594202898,58.53833619243575,2.7775481407905045,55.51115962332439,62.28172774327122,Fair
2117,71.77408270071312,65.11233034276512,69.20477412583391,67.04754486550824,70.24278904991948,68.67630421694798,2.6307866462222997,65.11233034276512,71.77408270071312,Good
2118,58.28723726708075,55.3799718426501,59.971157556935815,53.17281658102895,57.45324158454107,56.852884966447334,2.6388347301139885,53.17281658102895,59.971157556935815,Fair
2119,67.4495420289855,61.45947660455487,67.66968454106281,64.82733209202867,66.23272069565218,65.5277511924568,2.5406488112529906,61.45947660455487,67.66968454106281,Good
2120,71.73036337704164,67.3956987347596,71.73865323211412,68.2336968783907,70.54995905958133,69.92967425637747,2.012275496286639,67.3956987347596,71.73865323211412,Very Good
2121,63.37852118702553,58.428514009661846,66.78968543823326,62.378019252516296,63.193292425120774,62.83360646251155,2.987024695868043,58.428514009661846,66.78968543823326,Good
2122,79.43725486262355,70.17500328971036,77.99873162148222,77.59400263484508,76.78257960078744,76.39751440188972,3.6091350242523568,70.17500328971036,79.43725486262355,Excellent
2123,71.40491338854383,65.84586473429951,69.27949370255348,69.48538234381942,70.3119438647343,69.26551960679011,2.086539229589014,65.84586473429951,71.40491338854383,Good
2124,55.81602125603865,51.859579848171144,62.37915048309179,53.31145014375404,56.85320525603865,56.04388139741885,4.0563875477783595,51.859579848171144,62.37915048309179,Fair
2125,75.9806006441224,68.51730020703934,73.7619311594203,72.18992266619728,72.37241990338164,72.56443491603218,2.723077949572919,68.51730020703934,75.9806006441224,Very Good
2126,78.01341913963654,73.21000736139867,78.39496503335634,76.12877962557825,75.60899755233494,76.27123374246095,2.084190577724432,73.21000736139867,78.39496503335634,Excellent
2127,74.65442701863354,69.68238371290546,67.82823589544513,69.78242840751079,68.38335574879227,70.06616615665743,2.698152911476379,67.82823589544513,74.65442701863354,Very Good
2128,67.32748695652174,62.374270807453435,73.27693985507247,66.30295606798491,69.11233051207729,67.67879683982196,3.9858680641836632,62.374270807453435,73.27693985507247,Good
2129,63.44337888198759,58.5783740510697,68.13192960662528,63.00783101194085,63.11300173913044,63.254903058150774,3.3827509228852795,58.5783740510697,68.13192960662528,Good
2130,72.42021394064872,67.26187715665978,77.87413906142167,73.4171228610359,73.60200917874397,72.91507243970202,3.7920898034578974,67.26187715665978,77.87413906142167,Very Good
2131,68.70276052449967,62.55734989648034,70.74623878536923,65.66400458597256,66.6987922705314,66.87382921257064,3.1010825886975986,62.55734989648034,70.74623878536923,Good
2133,71.68067632850243,65.64140786749483,75.43952294685991,69.14541519163946,71.96689855072465,70.77478417704425,3.640328305478521,65.64140786749483,75.43952294685991,Very Good
2134,65.14710144927537,59.45383022774327,68.81186594202899,63.50661659723444,64.50460144927537,64.28480313311148,3.362664154311047,59.45383022774327,68.81186594202899,Good
2135,65.02105417529332,61.19957211870255,66.03293521394065,63.07728500925297,64.63217004830918,63.992603313099735,1.8886861769861987,61.19957211870255,66.03293521394065,Good
2136,54.86120312859444,52.00418679549115,63.323069070623426,57.58001972601515,57.87116344605475,57.127928433355784,4.199027396771725,52.00418679549115,63.323069070623426,Fair
2137,25.687054520358863,28.29223464458247,40.351052104899935,27.15005080147414,34.907620869565214,31.277602588176126,6.178750926863641,25.687054520358863,40.351052104899935,Poor
2138,65.15701062801934,59.71912325741893,69.97822801932368,63.822242990605474,65.18262707246377,64.77184639356624,3.6693071416874816,59.71912325741893,69.97822801932368,Good
2139,34.88369565217391,33.33295376121463,42.51579106280193,38.38956316376225,38.96480676328502,37.617362080647545,3.6137098309262226,33.33295376121463,42.51579106280193,Poor
2140,32.98183381642512,35.239556107660455,46.64933864734301,33.395646468083996,41.060398705314014,37.865354748965316,5.875554576577743,32.98183381642512,46.64933864734301,Poor
2142,61.685231193926846,57.61532091097309,69.167205831608,63.30509458335546,63.22268357487923,62.99910721894853,4.150315661750026,57.61532091097309,69.167205831608,Good
2143,25.55406947319902,29.1563968582592,41.567392776625454,26.71041921662703,34.927013388542115,31.583058342650567,6.649228794353799,25.55406947319902,41.567392776625454,Poor
2144,69.09423777317689,67.46234883827927,69.77043825626869,66.76810550493663,67.9468756779388,68.20840121012006,1.2169744875993567,66.76810550493663,69.77043825626869,Good
2145,54.38253968253969,51.87619047619047,56.26170634920635,52.67838399417347,53.183555555555564,53.676475211533116,1.707492903802256,51.87619047619047,56.26170634920635,Fair
2146,69.56997929606626,65.21421670117323,73.70409765355417,69.68065015753803,69.89210628019325,69.61221001770498,3.007104048790914,65.21421670117323,73.70409765355417,Very Good
2147,60.42104347826087,56.75420841959974,66.45995048309179,62.21438275733928,62.57601458937197,61.68511994553273,3.5279100344424403,56.75420841959974,66.45995048309179,Fair
2148,78.80751092707615,74.01039797561538,79.89386358408098,78.15070032941888,76.32443156199678,77.43738087563763,2.3131826705676235,74.01039797561538,79.89386358408098,Excellent
2149,32.515586956521744,33.85908350586611,42.00722041062802,31.836946951175783,38.8909825120773,35.821964067253795,4.425541248254251,31.836946951175783,42.00722041062802,Poor
2150,63.297963975155284,58.85277515527952,66.41891325051759,61.56505408113372,61.92805114975846,62.412551522368915,2.759523954234303,58.85277515527952,66.41891325051759,Good
2151,67.2825881642512,61.97692615596965,66.38468508454106,66.0219784010379,66.34590260869564,65.60241608289907,2.0801385156399355,61.97692615596965,67.2825881642512,Good
2152,82.6221982861735,79.00087967399418,78.47221150505887,77.9452672305675,78.1259222967547,79.23329579850974,1.936699530889514,77.9452672305675,82.6221982861735,Excellent
2153,56.72859443294226,53.78279273061881,58.6470123073384,56.25615460054819,57.384943639291464,56.55989954214783,1.7937236865820068,53.78279273061881,58.6470123073384,Fair
2154,65.5386544168392,57.59111525189786,65.86629481538992,64.10270131571963,64.0319625120773,63.42614566238478,3.3648678512423076,57.59111525189786,65.86629481538992,Good
2155,86.91972193466759,83.73092937658154,76.75464796123764,83.39875555201644,81.67092431561997,82.49499582802464,3.726701020448545,76.75464796123764,86.91972193466759,Excellent
2156,75.68512767425811,70.38164251207729,71.95852743271223,70.61378846596239,71.18338164251207,71.96449354550442,2.166974349494411,70.38164251207729,75.68512767425811,Very Good
2157,72.0375574879227,67.57943077984818,67.79035458937199,66.1171631702817,68.42344371014491,68.38958994751388,2.2072708036397968,66.1171631702817,72.0375574879227,Good
2158,78.74255845410629,74.72800331262941,79.64855966183576,75.48327032147444,76.70549000966183,77.06157635194155,2.096520570626538,74.72800331262941,79.64855966183576,Excellent
2159,51.66086763285024,49.57718205659074,56.505516183574876,54.87284225390678,53.50713252173912,53.224708129732356,2.706928825651079,49.57718205659074,56.505516183574876,Fair
2160,63.56459627329194,58.278812974465154,66.04587646652864,61.63970461270233,63.209461352657,62.54769033592902,2.861690792571189,58.278812974465154,66.04587646652864,Good
2161,57.000812422360255,52.91022553485162,59.170008074534174,55.31762244108972,57.826956676328514,56.44512502983285,2.4191946651733405,52.91022553485162,59.170008074534174,Fair
2162,59.62594893029676,54.47591442374053,62.13603347135957,58.8630286232117,59.63059178743961,58.94630344720963,2.788183049034081,54.47591442374053,62.13603347135957,Fair
2163,59.017701863354034,54.49868875086268,60.70692287784679,55.56828684494588,58.83690821256038,57.72570170991395,2.591320873493566,54.49868875086268,60.70692287784679,Fair
2164,76.72143326432021,71.43311193926847,77.92866273291924,75.65822231014175,75.44657250241545,75.43760054981303,2.446339138794224,71.43311193926847,77.92866273291924,Excellent
2165,60.92159227053141,58.389121325051775,65.3040427536232,61.26228796964541,63.12354604830917,61.80011807343219,2.5848074103065266,58.389121325051775,65.3040427536232,Fair
2166,74.47570628019325,69.55636273291927,76.50749130434782,73.68984559056506,73.21407828019323,73.48869683764372,2.5331026112241433,69.55636273291927,76.50749130434782,Very Good
2167,80.14931207729468,72.81667412008282,76.81521062801933,77.25385110081038,77.35512363285025,76.87803431181149,2.6252954176764036,72.81667412008282,80.14931207729468,Excellent
2168,59.670255348516235,55.255348516218085,61.67399930986889,61.208263691558884,59.23676328502416,59.408926030237254,2.535661263356599,55.255348516218085,61.67399930986889,Fair
2169,34.171221532091096,32.881849551414774,40.02351621808144,35.09097343879952,36.64367391304347,35.76224693068606,2.7483626237872762,32.881849551414774,40.02351621808144,Poor
2170,56.43188733609386,54.057304347826076,57.79458510179434,57.452353005330124,57.50566019323671,56.64835799685623,1.5375004199013984,54.057304347826076,57.79458510179434,Fair
2171,64.29427536231884,60.583933747412,65.19744565217393,64.27608284926364,64.93189758454106,63.8567270391419,1.8729656872200382,60.583933747412,65.19744565217393,Good
2172,67.54333310328964,62.619621808143556,68.25479244306419,64.73286918895157,67.62100908212561,66.15432512511492,2.3982875382458286,62.619621808143556,68.25479244306419,Good
2173,69.15160282953761,65.63584541062801,73.446847394755,71.76824896689885,71.71649806763286,70.34380853389047,3.0466550710066094,65.63584541062801,73.446847394755,Very Good
2174,77.36142746721877,71.04389896480332,75.25082118702554,73.39478378145289,75.41375026086958,74.49293633227401,2.3849699643023885,71.04389896480332,77.36142746721877,Very Good
2175,56.16112261329652,54.04853922245226,58.72380377271682,56.588539352841416,57.13191626409018,56.53078424507944,1.6935332946034167,54.04853922245226,58.72380377271682,Fair
2176,80.5266425120773,74.74790890269152,75.93959541062803,77.52319766342649,75.80826473429951,76.9091218446246,2.2520132190239854,74.74790890269152,80.5266425120773,Excellent
2177,79.40528640441684,75.01465838509316,81.1766028295376,77.82669166412873,78.75123719806764,78.43489529624881,2.2708271337943176,75.01465838509316,81.1766028295376,Excellent
2178,79.18543197607545,74.99752316540142,79.99829671037497,80.17885282120203,77.55535743639291,78.38309242188936,2.157812171053389,74.99752316540142,80.17885282120203,Excellent
2179,78.2907781688512,71.51644489138548,71.39209120657715,75.70364364633751,74.29646075086096,74.23988373280245,2.91901443859133,71.39209120657715,78.2907781688512,Very Good
2180,84.97412063492065,79.77495873015874,78.02598174603176,82.83749897821477,80.45319288888889,81.21315059564297,2.7197141457439944,78.02598174603176,84.97412063492065,Excellent
2181,77.15983906142166,73.9055757073844,75.25320983436853,76.63327169503097,74.35803385507246,75.46198603065561,1.4088404826442167,73.9055757073844,77.15983906142166,Excellent
2182,77.04750603864736,72.84159420289856,76.0293372584541,75.54626236252095,74.67048937198066,75.22703784690034,1.5858578638988485,72.84159420289856,77.04750603864736,Excellent
2183,71.9927537152059,66.48922420059812,74.66411361858754,71.08893377851913,71.0239707310789,71.05179920879792,2.9476030467225884,66.48922420059812,74.66411361858754,Very Good
2184,66.90353715205889,61.98544835518748,66.72158063031976,64.93600025332749,65.70784953301127,65.25088318478097,1.9915603331390515,61.98544835518748,66.90353715205889,Good
2185,45.0,45.0,45.0,45.0,45.0,45.0,0.0,45.0,45.0,Poor
2186,58.1556590752243,52.741614906832304,63.68298395445136,53.44053388767348,57.68530193236714,57.14121875130972,4.392362408204014,52.741614906832304,63.68298395445136,Fair
2187,71.9319530710835,67.16576949620429,74.21715838509316,70.91370920798839,71.0031038647343,71.04633880502074,2.54542174640192,67.16576949620429,74.21715838509316,Very Good
2188,65.225183747412,61.402477570738434,61.58141110248447,62.98766439975822,62.38632898550725,62.71661316118008,1.5403829768011237,61.402477570738434,65.225183747412,Good
2189,65.630343857833,58.97300069013113,61.56753739648034,62.678245251739526,62.32419671497584,62.234664782231974,2.38845805818858,58.97300069013113,65.630343857833,Fair
2190,78.69612560386473,71.17017529330575,77.67196497584543,75.59504406501205,75.92256115942028,75.81117421948966,2.888921816874271,71.17017529330575,78.69612560386473,Excellent
2191,86.67166611456177,82.63099710144928,82.35594630779848,84.02224922637328,83.48213068599033,83.83259788723464,1.7207155215530865,82.35594630779848,86.67166611456177,Excellent
2192,84.18894363929147,80.85403082585691,84.3473615136876,81.88961166200525,81.46656808373591,82.54930314491543,1.6126756609286819,80.85403082585691,84.3473615136876,Excellent
2193,60.936808143547275,55.54592132505177,63.687925293305724,61.66431219259595,61.17714782608695,60.602422956117536,3.027303432844443,55.54592132505177,63.687925293305724,Fair
2194,55.45024154589372,52.339958592132504,64.44849033816425,60.76682378558809,58.54885265700482,58.31087338375668,4.679575470873784,52.339958592132504,64.44849033816425,Fair
2195,75.346449689441,68.05059102829539,75.67273229813665,74.8072695514334,73.41165959420289,73.45774043230186,3.14380456564927,68.05059102829539,75.67273229813665,Very Good
2196,73.98797262479872,70.83546077754774,75.30890257648953,72.9859103183451,72.3087504025765,73.08539933995151,1.6907032818735814,70.83546077754774,75.30890257648953,Very Good
2197,85.40410388773869,77.93938403496665,81.98144567517829,83.33056306839191,81.44401703059582,82.01990273937427,2.745651293547395,77.93938403496665,85.40410388773869,Excellent
2198,77.81989302967564,70.44461697722568,75.7186249137336,75.15073681509608,74.34995652173913,74.69676565149402,2.7020943594792355,70.44461697722568,77.81989302967564,Very Good
2199,23.756406441223838,27.750178789970096,40.06681344605475,25.46896077503309,33.21320777455716,30.051113445367786,6.637523007514491,23.756406441223838,40.06681344605475,Poor
2200,73.64906527490224,70.00709500805152,67.4084266879457,69.8487362059925,68.42171590982285,69.86700781734297,2.369462320487136,67.4084266879457,73.64906527490224,Very Good
2300,79.37419742350959,74.40769954977058,75.9896137221051,77.14820265254869,76.03227524361458,76.59039771830972,1.8369336232653939,74.40769954977058,79.37419742350959,Excellent
2301,45.0,45.0,45.0,45.0,45.0,45.0,0.0,45.0,45.0,Poor
2302,84.44354727398206,79.49648033126294,86.41691683919946,81.88334418357302,83.42630917874395,83.1333195613523,2.615988756115888,79.49648033126294,86.41691683919946,Excellent
2303,69.55996721877156,65.06594893029677,67.46097869220151,69.5205545822937,67.71276086956522,67.86404205862576,1.8462710472871406,65.06594893029677,69.55996721877156,Good
2304,73.34331603404645,67.94066050149529,74.76696579250057,72.43127897856868,72.27727260547503,72.1518987824172,2.553739918380399,67.94066050149529,74.76696579250057,Very Good
2305,78.71620878766964,74.1125379342075,76.44684163791119,77.15915607636707,76.57610447020934,76.60216978127296,1.658498388601342,74.1125379342075,78.71620878766964,Excellent
2306,61.2702852541983,56.37901081205429,58.025750230043705,59.729091290098154,58.549690016103064,58.790765520499505,1.8363278524580975,56.37901081205429,61.2702852541983,Fair
2307,68.60828212560388,65.880893857833,68.23221449275363,65.93910551220118,65.94634612560387,66.9213684227991,1.3749628618376675,65.880893857833,68.60828212560388,Good
2308,74.303933747412,69.20358868184955,72.99922360248446,74.07518051911644,73.35758454106279,72.78790221838504,2.071951690126878,69.20358868184955,74.303933747412,Very Good
2309,88.69107232574189,85.35623685300207,86.61731145617667,86.58926602496581,85.58308902415457,86.56739513680819,1.3180229217776214,85.35623685300207,88.69107232574189,Excellent
2310,45.0,45.0,45.0,45.0,45.0,45.0,0.0,45.0,45.0,Poor
2311,75.75056038647344,70.94667218771565,75.33880314009662,71.74214769178614,72.54368705314009,73.26437409184238,2.161751795710287,70.94667218771565,75.75056038647344,Very Good
3001,52.346766169154236,51.89471689173182,59.951347429519075,52.81899006989346,56.51312437810946,54.70498898768161,3.4572194941655137,51.89471689173182,59.951347429519075,Fair
3003,65.5421421464108,64.68036199952618,67.94170267709073,63.227669510554044,64.85906371475953,65.25018800966826,1.724655719127218,63.227669510554044,67.94170267709073,Good
3004,45.69325027244729,45.08797763563137,55.615270587538504,46.84478653810185,52.16358020563847,49.080973047871495,4.599476038033812,45.08797763563137,55.615270587538504,Fair
3005,85.50554376924899,82.09658516939112,80.59206377339494,82.9905076017637,81.90115197346599,82.61717045745294,1.8280337527649448,80.59206377339494,85.50554376924899,Excellent
3006,39.146197583511025,40.660506988865194,51.46587005448946,40.08269439384915,47.72659618573798,43.81637304129056,5.466146613107998,39.146197583511025,51.46587005448946,Poor
3008,61.76341089033694,56.169521743151506,59.25000562645499,60.042022737573255,58.374796528494535,59.11995150520225,2.0685320080303797,56.169521743151506,61.76341089033694,Fair
3010,71.82409381663113,68.08694622127459,70.42765932243545,71.1418866722873,69.66990298507461,70.2300978035406,1.4420584006787307,68.08694622127459,71.82409381663113,Very Good
3013,76.0127837005449,70.8898933901919,71.7474644633973,73.25885030218102,72.65168756218905,72.91213588370084,1.9524334380514292,70.8898933901919,76.0127837005449,Very Good
3017,62.21485638474296,58.65824856669036,63.12860058043118,60.12249257356941,61.0163575920398,61.02811113949474,1.7504964949558,58.65824856669036,63.12860058043118,Fair
3018,56.42274737423991,53.21647318960751,58.76883982863461,55.05791017919848,55.877971254836936,55.86878836530349,2.0254353003082524,53.21647318960751,58.76883982863461,Fair
3019,60.958603806365,60.150422490721,61.47939568032852,56.25893512963427,59.47017274737424,59.6635059708846,2.051846844066635,56.25893512963427,61.47939568032852,Fair
3020,81.87681062939272,77.50501713653952,81.15201585327331,78.95635529313142,79.35361397457159,79.76876257738172,1.7545764156701886,77.50501713653952,81.87681062939272,Excellent
3021,74.56533759772566,70.81344705046197,77.89630774697939,73.8307965090683,73.84753548922056,74.19068487869117,2.526114209233554,70.81344705046197,77.89630774697939,Very Good
3022,80.41450035536603,71.33131106372899,73.36319231224829,77.43435854849524,76.17993592039801,75.74465964004732,3.5355689937179733,71.33131106372899,80.41450035536603,Excellent
3023,66.86101344862988,62.04569337439785,65.64456838229488,66.45622505901186,63.87697227639579,64.97689450814605,1.9991173343016249,62.04569337439785,66.86101344862988,Good
3024,84.63812224591331,81.71068846244964,85.3437109689647,83.20152691717814,84.48056772802653,83.87492326450646,1.435617475270634,81.71068846244964,85.3437109689647,Excellent
3027,84.79531748400852,78.70394560530681,79.61836454039329,80.91390959181344,80.26587306135986,80.85948205657638,2.3469578495017855,78.70394560530681,84.79531748400852,Excellent
3028,48.506810530679935,46.83952949538024,54.06040764925374,47.45043623313929,49.76162510779435,49.32376180324951,2.87122388437315,46.83952949538024,54.06040764925374,Fair
3029,74.4734462607597,69.17034825870647,73.73835021321962,71.09662280461966,71.29620729684908,71.9549949668309,2.147557572380851,69.17034825870647,74.4734462607597,Very Good
3030,60.664859536682435,52.9906784727618,59.97864457422397,56.2325882441416,58.31989538979536,57.63733324352104,3.10959219024333,52.9906784727618,60.664859536682435,Fair
3032,47.30952555510831,41.74421968202855,55.36706763782669,40.09085338671811,49.44028906580796,46.79039106549793,6.148139795853274,40.09085338671811,55.36706763782669,Fair
3033,44.768926202321715,43.218137882018475,46.33748445273633,47.30152073639898,45.419793864013265,45.409172627497746,1.5534965208886913,43.218137882018475,47.30152073639898,Fair
3034,68.86218115770355,62.270157150754166,65.55654268340835,62.88676685974408,65.50349364289663,65.01582829890135,2.6170705241374828,62.270157150754166,68.86218115770355,Good
3035,57.530857616678524,53.76995972518361,63.52665985548449,53.151774767957015,58.79908789386401,57.35566797183353,4.204917211157486,53.151774767957015,63.52665985548449,Fair
3036,67.95575531864488,63.887756645344716,65.55311808813077,66.18039830460191,64.72770894195686,65.66094745973582,1.5461839523671537,63.887756645344716,67.95575531864488,Good
3037,76.0282752902156,72.79421937929402,74.29354270315092,71.42693415513526,71.97534411276949,73.30366312811307,1.867448057155985,71.42693415513526,76.0282752902156,Very Good
3038,71.18679689242518,65.27833477048137,68.72896007982725,69.84492397172659,68.74538019218647,68.75687918132937,2.190292473040387,65.27833477048137,71.18679689242518,Good
3039,37.50687040985549,39.063634209902865,50.235166429755985,40.74372344945794,43.78246102819237,42.266371105432924,5.025660502667375,37.50687040985549,50.235166429755985,Poor
3042,68.4943293058517,63.48785027244729,72.05091305377873,67.46700797535362,68.43981067993367,67.987982257473,3.061476155288322,63.48785027244729,72.05091305377873,Good
3043,71.59194503672117,65.9592750533049,72.10874644633975,70.34089447691176,67.74580431177446,69.54933306501042,2.6215769339976815,65.9592750533049,72.10874644633975,Very Good
3045,4.036522743425729,4.858066808813078,11.173571872778963,5.382030324567638,8.574885572139305,6.805015464344942,2.987338824657366,4.036522743425729,11.173571872778963,Poor
3046,69.80286425017769,67.26177683013505,71.16698116560059,68.2757038405428,68.54028507462687,69.0095222322166,1.5080871608779591,67.26177683013505,71.16698116560059,Good
3048,74.48191107952302,71.65914554213062,77.02594093026929,75.89175088505804,75.2205496959646,74.85585962658912,2.017061034294938,71.65914554213062,77.02594093026929,Very Good
3049,58.54152665245203,54.39893295427625,66.12161786306562,59.40849527569403,61.420269585406295,59.97816846617885,4.281879326661543,54.39893295427625,66.12161786306562,Fair
3050,43.40193603411513,38.06978630656243,50.606689350864734,43.998082953269126,44.37635210613598,44.09056935018948,4.451799907982342,38.06978630656243,50.606689350864734,Poor
3051,54.541094859038154,53.8493465055674,62.25720306799337,55.79876900383374,57.09884657379768,56.709052002046064,3.3406769110497283,53.8493465055674,62.25720306799337,Fair
3052,77.55776684829819,72.67976075179658,77.15270631761825,72.75050924402471,75.21687213709231,75.07152305976601,2.3260207626837808,72.67976075179658,77.55776684829819,Excellent
3053,70.1842730790492,64.93102108505093,71.64283374792704,65.25350870478916,68.3252487562189,68.06737707460705,2.961681153351721,64.93102108505093,71.64283374792704,Good
3054,70.44125971728658,67.12391133222776,70.97674354813238,71.78851248154831,69.04641177888338,69.87536777161569,1.8337847169278205,67.12391133222776,71.78851248154831,Very Good
3055,30.935526711679696,28.804320777067044,30.521916118810704,32.811681439534546,32.79958557213931,31.174606123846257,1.6898217087730119,28.804320777067044,32.811681439534546,Poor
3057,78.83861111111112,73.20920634920635,76.08826388888889,74.01921277552856,75.56591111111112,75.54424104716921,2.175281753714584,73.20920634920635,78.83861111111112,Excellent
3058,35.140375207296856,33.97947642738687,39.61861681177446,32.364599841548,37.9039648424544,35.80140662609212,2.9393824910492103,32.364599841548,39.61861681177446,Poor
3059,76.77844434968019,72.15450329305853,76.5700061241412,75.43657627190827,74.98962108789387,75.1858302253364,1.85355585589779,72.15450329305853,76.77844434968019,Excellent
3060,68.03021776830136,65.85086112295664,69.87667672352522,67.10722692993487,67.33055779767827,67.63910806847927,1.477803119216218,65.85086112295664,69.87667672352522,Good
3061,31.033924251757085,32.72915606096502,43.17322856353154,31.79534229718958,37.72324514538419,35.290979263765486,5.122272558208747,31.033924251757085,43.17322856353154,Poor
3062,44.810424157335284,42.69309246099088,47.549759357798266,40.1750324796859,45.51439533446468,44.148540758055006,2.8186448031401636,40.1750324796859,47.549759357798266,Poor
3063,29.149248182126854,23.84086413558262,33.897718400805246,26.29808289630709,28.435985081112136,28.324379739186792,3.740413032033426,23.84086413558262,33.897718400805246,Poor
3064,45.0,45.0,45.0,45.0,45.0,45.0,0.0,45.0,45.0,Poor
3066,60.847573655531875,55.140537692489936,61.5664969556977,56.482444886038294,58.068325545605305,58.421075747072635,2.757998319750244,55.140537692489936,61.5664969556977,Fair
3067,82.54424820342732,74.20295032772646,78.85330707573246,79.01970135825596,78.60725284687673,78.64549196240378,2.9631553463322504,74.20295032772646,82.54424820342732,Excellent
3068,43.65028221985311,43.02662639185028,52.90146640310353,45.73535904917288,46.899176782752896,46.44258216934654,3.9335582368107103,43.02662639185028,52.90146640310353,Fair
3070,45.0,45.0,45.0,45.0,45.0,45.0,0.0,45.0,45.0,Poor
3071,81.95742195372345,77.81709901287215,81.62706457395562,81.60646713837791,80.16035597125483,80.6336817300368,1.720652825357047,77.81709901287215,81.95742195372345,Excellent
3072,33.92795887230515,33.48909585406302,44.59757454394693,32.441492021673014,40.520125479270305,36.995249354251676,5.30702810191684,32.441492021673014,44.59757454394693,Poor
3073,41.150225752191425,36.494815825633744,41.61701493129589,33.97367782103556,40.29707725373133,38.70656231677759,3.3265590842013593,33.97367782103556,41.61701493129589,Poor
3074,69.9789149490642,64.37000710732053,64.50567697228145,66.98523192788707,65.4828897180763,66.26454413492591,2.3243176048048446,64.37000710732053,69.9789149490642,Good
3075,71.66388827292111,69.36598569059464,73.27924814025113,69.1677304727567,70.03063373797679,70.70149726290008,1.7433506271856483,69.1677304727567,73.27924814025113,Very Good
3076,64.19965022935612,59.58780887890134,62.56142375900651,61.45102561694927,60.76640780544314,61.713263257931274,1.7595707255497903,59.58780887890134,64.19965022935612,Fair
3077,72.30932406222854,70.85646105978046,72.35741858959173,74.10290041905374,70.87181754339414,72.09958433480972,1.3394505739863907,70.85646105978046,74.10290041905374,Very Good
3078,34.47477713022191,34.08935980415384,43.76297240385375,37.34731617562851,40.011798545052514,37.9372448117821,4.043074091665411,34.08935980415384,43.76297240385375,Poor
3079,61.96053660270079,55.467484008528785,66.89094705046197,60.37757781844585,62.2073175787728,61.380772611782035,4.103495677804693,55.467484008528785,66.89094705046197,Fair
3080,80.99356048329778,75.3060192371476,80.565264877991,78.12951564214785,78.95789009618574,78.79045006735399,2.2699004276105974,75.3060192371476,80.99356048329778,Excellent
3081,69.7469833159814,65.48226664683588,68.52811315323358,67.33737826446344,65.87959685557317,67.39486764721748,1.7870427166096863,65.48226664683588,69.7469833159814,Good
3082,66.3597480217958,62.38438322672353,71.58264520255865,67.45273345476205,67.5306527097844,67.06203252312488,3.2856429186582132,62.38438322672353,71.58264520255865,Good
3083,72.68015551641291,69.37732059018617,73.04257861073992,71.95880584574552,69.97236155447574,71.40624442351205,1.6415172230135764,69.37732059018617,73.04257861073992,Very Good
3084,77.14028514570008,70.90412028745163,72.87789653320698,77.3890891461336,74.33704060143725,74.52968634278591,2.7794631531938965,70.90412028745163,77.3890891461336,Very Good
3085,45.0,45.0,45.0,45.0,45.0,45.0,0.0,45.0,45.0,Poor
3086,45.0,45.0,45.0,45.0,45.0,45.0,0.0,45.0,45.0,Poor
3087,72.63634725183607,67.86829708599856,65.27072898898366,70.67908228569894,67.80667688225539,68.85222649895452,2.852428239348775,65.27072898898366,72.63634725183607,Good
3088,75.82608441917398,69.24535876174683,73.77001200347469,71.80871109940946,72.57841012714206,72.64571528218941,2.4313741699386924,69.24535876174683,75.82608441917398,Very Good
3089,67.2541301429361,61.99020769170024,68.86572840164258,66.35315518033508,65.84169707020453,66.06098369736371,2.549257704968271,61.99020769170024,68.86572840164258,Good
3090,69.41208282397537,66.9786615493959,70.50528638948117,71.77671172151582,69.05170695854063,69.54488988858178,1.7853420639078492,66.9786615493959,71.77671172151582,Very Good
3091,78.28530482508094,75.7591692331991,75.09238401247731,75.78237574418253,75.64442283029298,76.11273132904657,1.246458789950239,75.09238401247731,78.28530482508094,Excellent
3092,34.17797716180999,33.50589680170576,50.36908702914001,38.40155539403426,42.67257329353234,39.825417936044474,6.948607248556173,33.50589680170576,50.36908702914001,Poor
3093,45.0,45.0,45.0,45.0,45.0,45.0,0.0,45.0,45.0,Poor
3094,70.25644842454395,64.14863946932007,71.37404834162521,68.05538902249884,68.38393653067992,68.4436923577336,2.7602038105626265,64.14863946932007,71.37404834162521,Good
3095,78.76460968174999,74.250710384585,77.55690487246308,76.72098404910095,75.301878631288,76.51901752383739,1.7879687586184594,74.250710384585,78.76460968174999,Excellent
3096,65.05258232646293,58.12812129827055,66.9477004856669,65.46942001003274,64.00652155887231,63.92086913586108,3.406015135878171,58.12812129827055,66.9477004856669,Good
3097,57.37167298428493,56.58168522467031,56.99000839058675,59.936399686548945,57.96913858485351,57.76978097418889,1.3145423980862787,56.58168522467031,59.936399686548945,Fair
3098,56.27641158088761,51.033359267046166,59.30624972683031,56.75421379176079,55.49487690197088,55.77302225369915,3.010050003310416,51.033359267046166,59.30624972683031,Fair
3099,31.038255389718074,28.802450604122242,44.58496766169154,33.247168529820534,36.75787701492538,34.88614384005555,6.1659220231807845,28.802450604122242,44.58496766169154,Poor
3100,50.33920037905709,46.86792968490878,53.77925883676855,50.21365568609622,51.78856631509121,50.597722180384366,2.5330800373351914,46.86792968490878,53.77925883676855,Fair
3102,90.66851851851852,89.55132275132277,90.15810185185185,88.56752136752138,88.21185185185185,89.43146326821329,1.0376082153107684,88.21185185185185,90.66851851851852,Excellent
3104,73.19324496564795,66.77368585643212,68.6332802061123,69.15074737360048,70.4031255721393,69.63081679478644,2.3809713571317284,66.77368585643212,73.19324496564795,Very Good
3105,30.385718834399434,32.429937171286426,41.98158699360341,28.72967639458386,36.27112778109453,33.95960943499353,5.295281670547384,28.72967639458386,41.98158699360341,Poor
3106,58.95140616362633,57.915892758430076,59.899838481205094,61.02803073028918,58.842996130458815,59.3276328528019,1.1819688649968716,57.915892758430076,61.02803073028918,Fair
3107,35.80501764984601,33.39439658848614,40.30076910092396,38.47464641511931,39.17147515754561,37.42926098238421,2.7969624993190827,33.39439658848614,40.30076910092396,Poor
3108,56.425456053068004,54.286235489220566,59.109069237147594,55.4122739876864,56.25709784411276,56.29802652224706,1.7854785983078092,54.286235489220566,59.109069237147594,Fair
3109,69.15773908236595,63.104082760799194,70.29500069098951,67.7260082851599,66.77893311221669,67.41235278630624,2.757572443881358,63.104082760799194,70.29500069098951,Good
3110,77.69102891889757,72.65868157624575,72.32778389402196,76.86459176490786,73.34865912216695,74.57814905524802,2.5088834950743757,72.32778389402196,77.69102891889757,Very Good
3112,67.25381056621652,61.90471774461028,65.02621438047855,64.44699858371531,65.05539247761193,64.73742675052651,1.9121504150404258,61.90471774461028,67.25381056621652,Good
3114,68.15152017689331,64.94618178946537,66.90870301271421,64.54900296090399,66.30171503593145,66.17142459518166,1.4675494428600897,64.54900296090399,68.15152017689331,Good
3115,65.62250642027956,59.507354276237855,63.804022589433785,62.1278343213564,63.49463296185738,62.911270113833,2.2742326274429874,59.507354276237855,65.62250642027956,Good
3116,45.0,45.0,45.0,45.0,45.0,45.0,0.0,45.0,45.0,Poor
3117,48.79689713338072,46.75427699597252,52.95143942193793,47.25881081271875,51.252074242122724,49.40269972122652,2.645332632253007,46.75427699597252,52.95143942193793,Fair
3118,48.66041194029851,44.67856602700782,49.50679502487563,46.0722721507174,47.08999092537314,47.2016072136545,1.9426524898438284,44.67856602700782,49.50679502487563,Fair
3119,63.74505074626866,62.311804027481635,67.71462330016584,65.36191201616748,63.97049743283581,64.62077750458388,2.0397476691985714,62.311804027481635,67.71462330016584,Good
3120,72.14132693674486,68.19462307510068,71.60556615730871,69.04084257332961,70.11439565505805,70.21935087950838,1.6669586729888315,68.19462307510068,72.14132693674486,Very Good
3121,61.56796977019664,56.81328064439707,63.49825915659796,61.08825718947196,61.711811482587066,60.935915648650145,2.479235685335283,56.81328064439707,63.49825915659796,Fair
3122,77.9075811419095,70.55242833451788,76.77604092632079,72.74521090326274,74.7125240464345,74.53875707048908,2.9787679618794614,70.55242833451788,77.9075811419095,Very Good
3123,62.29053162757639,59.21366879886283,63.256060234541565,66.37738899871187,62.54445691542288,62.73642131502311,2.557934885534764,59.21366879886283,66.37738899871187,Good
3125,59.03646351575457,56.213101160862365,65.26698279436152,59.89861052363018,61.58806550580431,60.400644700082594,3.3443894857117433,56.213101160862365,65.26698279436152,Fair
3126,76.19701528073917,68.02561383558398,70.68306109334281,71.8896775942919,71.32967124378109,71.6250078095478,2.9539561055744135,68.02561383558398,76.19701528073917,Very Good
3127,66.15457934138831,60.58119725183606,63.76646284055912,63.736230244957994,64.1286336053068,63.67342065680966,1.9961096365885251,60.58119725183606,66.15457934138831,Good
3128,69.8544311774461,63.119349917081266,69.69321849087893,66.17915759931786,67.07517452736319,67.18426634241747,2.782548799393645,63.119349917081266,69.8544311774461,Good
3129,45.0,45.0,45.0,45.0,45.0,45.0,0.0,45.0,45.0,Poor
3130,61.01324296804365,60.58021418570066,65.5978576046592,63.27511717976368,61.71137094308823,62.43556057625109,2.042959007096468,60.58021418570066,65.5978576046592,Good
3131,37.46821854684302,36.17048106033761,40.142054267006145,42.13798160421775,40.48751929247828,39.28125095417656,2.414588551736548,36.17048106033761,42.13798160421775,Poor
3132,59.773809405354186,55.35963705283109,54.9919074567638,59.86965260644915,57.23880580431177,57.446762465142,2.329763704244031,54.9919074567638,59.86965260644915,Fair
3133,79.55649530127143,77.89631209034194,83.32399115533444,78.08242458423133,79.53260060807075,79.67836474784998,2.182282516620246,77.89631209034194,83.32399115533444,Excellent
3134,79.57622923906946,72.38779940247395,79.69722747850425,78.06754091974895,77.7608918850451,77.49793778496834,2.985936930111909,72.38779940247395,79.69722747850425,Excellent
3135,66.87124307036247,60.08940251125326,67.55376380004738,66.97227371145047,64.74229621890547,65.24579586240381,3.073736515752961,60.08940251125326,67.55376380004738,Good
3136,28.74035276000948,27.174348732527836,37.358244551054256,27.93785301274618,33.97835031509121,31.03782987428579,4.427444136139056,27.174348732527836,37.358244551054256,Poor
3137,69.43020119639895,62.51932290926321,64.04378587716181,69.23840891263751,67.60801804311774,66.56794738771585,3.1292315385939538,62.51932290926321,69.43020119639895,Good
3138,78.57917580352208,71.85375193871911,72.95990258627498,76.37880710425125,74.21126622001105,74.79658073055569,2.701281490498642,71.85375193871911,78.57917580352208,Very Good
3139,63.7213004501303,59.585341104003795,67.04948618810708,63.30530868234497,64.65225972139302,63.662739229195836,2.702108771492727,59.585341104003795,67.04948618810708,Good
3140,69.84398820184792,63.2193425254679,70.2216930111348,67.10575844816789,66.37478433167496,67.35311330365869,2.8521737387979478,63.2193425254679,70.2216930111348,Good
3141,74.76920110558319,72.99019808892048,70.78223966279712,71.84706396224009,70.97138464123826,72.27201749215583,1.646464292435606,70.78223966279712,74.76920110558319,Very Good
3142,74.0837809448264,68.85447980996032,71.30428529951824,72.19645826381709,71.21997052517779,71.53179496865997,1.8888767370178048,68.85447980996032,74.0837809448264,Very Good
3143,45.0,45.0,45.0,45.0,45.0,45.0,0.0,45.0,45.0,Poor
3144,78.57438693437574,73.93172565742715,75.35578256041222,75.99568880198967,75.0638591044776,75.78428861173647,1.7294481996480537,73.93172565742715,78.57438693437574,Excellent
3145,59.230001658374796,56.61206538734898,59.65857338308458,57.73386935766512,58.29570096185738,58.306042149666176,1.2124446200185415,56.61206538734898,59.65857338308458,Fair
3146,50.71115944089078,49.372844349680165,53.649376687988635,52.59835503799684,52.74904739635158,51.8161565825816,1.7344746322395188,49.372844349680165,53.649376687988635,Fair
3147,42.581509121061366,39.286804074863774,50.8852508291874,45.82971646490892,47.335219734660036,45.1837000449363,4.446876297517511,39.286804074863774,50.8852508291874,Fair
3148,47.13705341546237,48.36434222538104,55.731825803522085,46.3317757240403,53.60994679049199,50.23498879177956,4.181421799194688,46.3317757240403,55.731825803522085,Fair
3149,65.9151054647398,59.53563073521283,57.34926073007976,57.747795940290835,61.921711487009404,60.49390087146652,3.5276138522331286,57.34926073007976,65.9151054647398,Fair
3150,69.0086680289031,60.14233262260128,64.3396376599147,65.66020034682958,66.56911880597013,65.14399149284375,3.2747809358315383,60.14233262260128,69.0086680289031,Good
3151,69.44839136450919,67.47867554281021,67.36089880287864,65.89149637824997,65.72921046747669,67.18173451118494,1.5027098561958547,65.72921046747669,69.44839136450919,Good
3152,66.03827197346601,64.03739019189766,65.56236815920398,66.48905598861296,65.30503774461029,65.48642481155818,0.9284630520906997,64.03739019189766,66.48905598861296,Good
3153,75.35110404361815,69.90375609520079,72.64625226232326,72.2609412439425,72.23764357327066,72.47993944367107,1.9374360801630528,69.90375609520079,75.35110404361815,Very Good
3154,45.0,45.0,45.0,45.0,45.0,45.0,0.0,45.0,45.0,Poor
3155,45.0,45.0,45.0,45.0,45.0,45.0,0.0,45.0,45.0,Poor
3156,67.57109310589908,63.450863776356314,65.95741358682777,65.51458388029009,66.1863400331675,65.73605887650815,1.4908277457982257,63.450863776356314,67.57109310589908,Good
3157,70.59947287372663,67.20948827292112,65.74691275764039,69.79659436095024,67.75944029850747,68.22238171274917,1.968306522783452,65.74691275764039,70.59947287372663,Good
3159,66.50593745557924,61.069824212271975,68.55573637763563,64.83576186160005,64.24686023217247,65.04282402785188,2.781295324079345,61.069824212271975,68.55573637763563,Good
3161,56.66489429045251,52.27915356550581,58.85392870172945,54.46778228080726,55.5334224344942,55.55983625459785,2.4509363920208584,52.27915356550581,58.85392870172945,Fair
3162,69.1716809286899,65.38604804548686,63.128647761194024,67.13737993970767,65.78727182752903,66.1222057005215,2.23301230580881,63.128647761194024,69.1716809286899,Good
3163,64.06715628208165,57.27584300718629,62.280858603806365,63.882694106103365,62.6421569928137,62.02974179839828,2.7668644604655133,57.27584300718629,64.06715628208165,Fair
3164,67.64516498854933,63.29769422727631,66.32081330944484,67.66524822484837,66.54118926478716,66.29402200298121,1.7850517000816364,63.29769422727631,67.66524822484837,Good
3165,63.899549869699115,59.60175313906658,67.54714522624971,59.81997262578567,65.16427860696517,63.20653989355325,3.450260271186064,59.60175313906658,67.54714522624971,Good
3166,69.06098071547027,65.89100743899549,70.61067681828949,69.17574456769555,69.56133694195688,68.85994929648153,1.7685974331879297,65.89100743899549,70.61067681828949,Good
3167,90.87787842567612,89.97834631868653,88.84804115516066,88.73555679928707,88.53991811168966,89.3959481621,1.0005512488666997,88.53991811168966,90.87787842567612,Excellent
3168,45.0,45.0,45.0,45.0,45.0,45.0,0.0,45.0,45.0,Poor
3169,68.79051239042882,62.89618649609098,65.84460899076049,66.92656112995846,65.83692664676617,66.05895913080099,2.139654854439029,62.89618649609098,68.79051239042882,Good
3170,64.01522617458578,63.706290231272654,65.58477327575235,65.94994619049585,63.4526231440936,64.54177180324004,1.1437145332707186,63.4526231440936,65.94994619049585,Good
3171,80.9781247729606,79.23679112374636,70.76938099186607,77.15618440763218,74.6703587175235,76.56216800274574,4.004449470593337,70.76938099186607,80.9781247729606,Excellent
3172,83.50548997463318,80.02441484629279,76.59012103102363,81.02006550523889,79.95768360843854,80.21955499312541,2.4858415560420455,76.59012103102363,83.50548997463318,Excellent
3173,79.43523748312248,75.06457979930549,75.21401468379153,77.76305268654846,76.71979776653693,76.83933648386098,1.8301417546988734,75.06457979930549,79.43523748312248,Excellent
3175,79.53041190871042,80.50505125167811,77.4928248440338,78.6004732382046,77.24519128800442,78.67479050612627,1.3718839408273276,77.24519128800442,80.50505125167811,Excellent
3176,77.32082350153992,76.94924046434495,70.14344787964937,74.20497264592787,71.8825639800995,74.10020969431233,3.1254688236995056,70.14344787964937,77.32082350153992,Very Good
3177,19.396454523394905,18.738351654854945,20.02843663592004,23.312156788428176,21.52655522460076,20.600390965439765,1.8340691930362412,18.738351654854945,23.312156788428176,Poor
3178,65.76321638227749,62.1874400377956,69.21673943700956,64.0389643731511,64.512306670904,65.14373338022756,2.6140018220710526,62.1874400377956,69.21673943700956,Good
3179,57.98561787885967,59.29830251915029,66.21427791202717,63.27129217456194,61.489666750690986,61.65183144705802,3.2574947630243796,57.98561787885967,66.21427791202717,Fair
3180,63.18050225065151,56.646197583511025,58.07948649609098,60.183329736511205,59.23783416252073,59.46547004585709,2.4615976788801786,56.646197583511025,63.18050225065151,Fair
3182,58.731550947546374,56.91134167247931,60.04254871206287,58.73087184869033,59.25890586161708,58.73504380847919,1.1521631405523383,56.91134167247931,60.04254871206287,Fair
3183,75.65685828002844,71.52983349917082,78.41283920871832,74.30163200270098,75.67034250082918,75.11430109828954,2.499637125204499,71.52983349917082,78.41283920871832,Excellent
3184,69.42590914475242,64.43323856905945,71.75461457592988,69.7877319111019,70.41111857379768,69.16252255492827,2.788562323017822,64.43323856905945,71.75461457592988,Good
3185,71.7028468135513,65.76289068941009,74.73488578535893,70.22337889730065,70.96276746932007,70.6773539309882,3.238622530232488,65.76289068941009,74.73488578535893,Very Good
3186,47.24874489457475,45.53416650082919,54.00762507699597,42.6289757988542,49.1431863880597,47.71253973186276,4.256697287897113,42.6289757988542,54.00762507699597,Fair
3187,42.08954039327173,42.36128879412461,47.624563195925134,41.78500422506708,42.84252072968491,43.34058346761469,2.426133879999281,41.78500422506708,47.624563195925134,Poor
3188,70.2425728697781,65.50401374081972,70.56198639244256,67.2271621869446,67.81234308457711,68.26961565491243,2.126727835999912,65.50401374081972,70.56198639244256,Good
3189,21.524496564795072,20.00985548448235,29.872465055674002,19.27554707664684,26.716557213930347,23.479784279105722,4.606577712433295,19.27554707664684,29.872465055674002,Poor
3191,53.31255550817342,48.92137863065625,57.36423917318171,48.94251665597212,53.954582766169146,52.49905454683053,3.602051304124004,48.92137863065625,57.36423917318171,Fair
3192,16.434849561715232,17.7727078891258,36.23673596304193,18.339703449208557,25.70148258706467,22.897095890031242,8.285535406286305,16.434849561715232,36.23673596304193,Poor
3193,45.0,45.0,45.0,45.0,45.0,45.0,0.0,45.0,45.0,Poor
3194,77.25176485824845,72.57163149332703,76.83755714680565,75.9828799599458,74.98202609397457,75.5251719104603,1.866238412428765,72.57163149332703,77.25176485824845,Excellent
3195,56.940464344941965,52.62402274342573,65.87388059701492,59.43508906211186,59.697747097844115,58.91424076906772,4.816232651899578,52.62402274342573,65.87388059701492,Fair
3196,71.93494580668089,65.33426913053779,65.08320710435916,69.15050803913726,67.01157213930348,67.70290044400373,2.8704058083760007,65.08320710435916,71.93494580668089,Good
3197,45.0,45.0,45.0,45.0,45.0,45.0,0.0,45.0,45.0,Poor
3198,62.35952775803523,58.276648503514174,63.04260197030719,62.065295270322764,61.44667689331121,61.438150079098115,1.8582033465356045,58.276648503514174,63.04260197030719,Fair
3199,90.14653240148465,86.56020936586907,89.18557966516623,86.91826352486652,87.8552258087341,88.1331621532241,1.515639315276293,86.56020936586907,90.14653240148465,Excellent
3200,48.87907590618336,46.02597337123904,55.96531678512201,48.03471929191521,52.31141304145937,50.2432996791838,3.922478414771785,46.02597337123904,55.96531678512201,Fair
3201,82.82580835505014,79.61906442391219,76.63405172155097,79.78965680408446,78.64904675069099,79.50352561105777,2.241472587011893,76.63405172155097,82.82580835505014,Excellent
3202,25.41822998104714,28.072534944325994,37.38204372482824,26.070490477053713,32.61902537313433,29.912464900077886,5.036475320850655,25.41822998104714,37.38204372482824,Poor
3203,74.76749421148227,71.09754440495932,76.68274213851379,73.42562481059134,74.04350422996131,74.0033819591016,2.0336017011447445,71.09754440495932,76.68274213851379,Very Good
3204,78.74497857571954,76.81240181896293,75.66111062527042,77.18747180916152,76.17777950030215,76.91674846588332,1.1778482717122505,75.66111062527042,78.74497857571954,Excellent
3205,72.51037080855879,68.63135348642545,66.52178047191441,70.0510747083078,69.14178496830587,69.37127288870246,2.1815028492527557,66.52178047191441,72.51037080855879,Good
3206,75.20482890310352,70.77785434731106,71.68607102582327,74.86155924522365,72.18457308126037,72.94297732054437,1.9773515807973723,70.77785434731106,75.20482890310352,Very Good
3208,79.43315959883124,73.510005527916,79.57719981441997,78.46360601081732,78.48755002763957,77.89430419592482,2.5049118546066262,73.510005527916,79.57719981441997,Excellent
3209,82.83810272447289,77.95855730869462,82.42722254205165,80.72001940710942,81.2256985008292,81.03392009663156,1.9228582589237027,77.95855730869462,82.83810272447289,Excellent
3210,74.23307734344151,70.7194353312801,77.22718223564715,72.75523422870226,73.90605876395799,73.7681975806058,2.3728010740891317,70.7194353312801,77.22718223564715,Very Good
3300,46.29676163626312,42.88201329858642,51.880793145384196,49.56524783370597,49.262134193477046,47.977390021483345,3.4711594491046807,42.88201329858642,51.880793145384196,Fair
3301,45.0,45.0,45.0,45.0,45.0,45.0,0.0,45.0,45.0,Poor
3302,56.70108260671087,55.67516016730676,56.99880134966849,45.1596980865007,54.104269081075365,53.72780225825244,4.921538638454597,45.1596980865007,56.99880134966849,Fair
3303,76.19547767116798,72.43247334754797,74.32723813965886,75.16566013675597,74.24455522388061,74.4730809038023,1.3859915146772528,72.43247334754797,76.19547767116798,Very Good
3304,48.54739398246861,46.69770196635868,55.116330549632785,49.633082514936405,51.69213930348258,50.33732966337581,3.2257201596130107,46.69770196635868,55.116330549632785,Fair
3305,81.79888059701494,75.12332385690596,73.54282752902158,76.93254929804421,75.71262852404644,76.62204196100663,3.1404945208776622,73.54282752902158,81.79888059701494,Excellent
3306,35.831658225091736,35.29014908264452,45.35188272903731,39.91295620595526,40.914117125509456,39.46015267364765,4.110548279241772,35.29014908264452,45.35188272903731,Poor
3307,82.35570927900181,77.91378112611545,83.86241284450762,81.7578872757861,81.4470041437258,81.46735893382736,2.1930678193606044,77.91378112611545,83.86241284450762,Excellent
3308,70.57083980099503,67.08413437574035,67.44358897180763,68.53170003155611,67.08912352902156,68.14387734182414,1.4804152945931923,67.08413437574035,70.57083980099503,Good
3309,68.92878905472637,64.39163193556028,68.18627122719735,66.04108446163247,66.33571942951907,66.77669922172711,1.8057216078241616,64.39163193556028,68.92878905472637,Good
3310,47.93751376451078,43.865095095948824,54.81570074626866,50.38813501185033,50.517526427860695,49.50479420928785,4.008560210541009,43.865095095948824,54.81570074626866,Fair
3311,61.39810866303406,57.910763642106936,66.74444987364765,63.605115544314295,62.12193477059148,62.356074498738884,3.223012974353433,57.910763642106936,66.74444987364765,Good
3312,64.70204810866305,63.28560600173735,68.46552986654031,68.336863864982,66.72482549032614,66.30297466644977,2.2725969663121726,63.28560600173735,68.46552986654031,Good
3313,45.0,45.0,45.0,45.0,45.0,45.0,0.0,45.0,45.0,Poor
3314,57.04423063255153,52.17916607438995,58.75010231580193,52.2037335109684,55.64859900497513,55.16516630773739,2.928422685286207,52.17916607438995,58.75010231580193,Fair
3315,75.49228132354102,70.3166208323462,70.73029168838349,71.06836090302295,71.62915262797127,71.84734147505299,2.0934964482650855,70.3166208323462,75.49228132354102,Very Good
3316,71.95396904367055,67.5455942509674,68.2810931453842,70.30279943064704,68.64491686014372,69.34567454616258,1.7736947449305855,67.5455942509674,71.95396904367055,Good
3400,77.09033372818448,73.47534739003395,75.22107170496723,76.61718861063873,75.78465768933113,75.6377198246311,1.4089435042938656,73.47534739003395,77.09033372818448,Excellent
3402,67.92892343281606,63.89484673500975,71.38898058680057,65.44907714768836,67.96169436666818,67.32470445379658,2.8535538794437443,63.89484673500975,71.38898058680057,Good
3403,80.85106160501749,77.15348083657328,72.65453652355677,77.18861870222655,75.55181076840609,76.67990168715605,2.9731212174179698,72.65453652355677,80.85106160501749,Excellent
4001,45.0,45.0,45.0,45.0,45.0,45.0,0.0,45.0,45.0,Poor
4002,45.0,45.0,45.0,45.0,45.0,45.0,0.0,45.0,45.0,Poor
4003,45.0,39.753693690168646,40.827194799088055,45.0,43.09031651059442,42.734240999970226,2.3934600968035107,39.753693690168646,45.0,Poor
4004,45.0,45.0,45.0,45.0,45.0,45.0,0.0,45.0,45.0,Poor
4005,45.0,45.0,45.0,45.0,45.0,45.0,0.0,45.0,45.0,Poor
4006,14.142301587301587,14.74857142857143,19.79014880952381,13.942621939464045,19.32443333333333,16.38961541963884,2.911529042269517,13.942621939464045,19.79014880952381,Poor
4007,57.49031746031746,51.68507936507937,48.29545634920635,56.31571492834651,52.53093333333333,53.263500287256605,3.7044407523171072,48.29545634920635,57.49031746031746,Fair
4008,45.0,45.0,45.0,45.0,45.0,45.0,0.0,45.0,45.0,Poor
4009,45.0,45.0,45.0,45.0,45.0,45.0,0.0,45.0,45.0,Poor
4010,45.0,45.0,45.0,45.0,45.0,45.0,0.0,45.0,45.0,Poor
4011,8.372073015873015,10.18168888888889,22.909073015873016,11.403504761904761,15.964348444444443,13.766137625396826,5.829915054343059,8.372073015873015,22.909073015873016,Poor
4012,14.52349206349206,14.363809523809524,19.578214285714285,14.280115673799887,18.787866666666666,16.306699642696486,2.6420016903810977,14.280115673799887,19.578214285714285,Poor
4013,45.0,41.70349206349207,44.70624007936508,45.0,45.0,44.28194642857143,1.447001624845717,41.70349206349207,45.0,Poor
4014,7.109030411777349,8.542973531827174,12.791982942256922,9.244946531942452,12.067528866802988,9.951292456921376,2.403576463822383,7.109030411777349,12.791982942256922,Poor
4015,45.0,45.0,45.0,45.0,45.0,45.0,0.0,45.0,45.0,Poor
4016,45.0,45.0,45.0,45.0,45.0,45.0,0.0,45.0,45.0,Poor
4018,45.0,45.0,45.0,45.0,45.0,45.0,0.0,45.0,45.0,Poor
4019,45.0,45.0,45.0,45.0,45.0,45.0,0.0,45.0,45.0,Poor
4020,45.0,45.0,44.55277777777778,45.0,45.0,44.910555555555554,0.20000385798748146,44.55277777777778,45.0,Poor
4021,45.0,45.0,45.0,45.0,45.0,45.0,0.0,45.0,45.0,Poor
4023,56.67771610588168,52.38178892826389,46.06136146575473,55.719305984930266,51.07901651059442,52.38383779908499,4.220160207582653,46.06136146575473,56.67771610588168,Fair
4024,45.0,40.16888888888889,39.50250992063493,45.0,43.190400000000004,42.572359761904764,2.615793296139966,39.50250992063493,45.0,Poor
4025,45.0,45.0,45.0,45.0,45.0,45.0,0.0,45.0,45.0,Poor
4026,29.200000000000003,30.698412698412692,34.902777777777786,31.074583895636522,33.94888888888889,31.964932652143183,2.3774283692592686,29.200000000000003,34.902777777777786,Poor
4029,45.0,45.0,45.0,45.0,45.0,45.0,0.0,45.0,45.0,Poor
4030,45.0,45.0,45.0,45.0,45.0,45.0,0.0,45.0,45.0,Poor
4031,45.0,45.0,45.0,45.0,45.0,45.0,0.0,45.0,45.0,Poor
4032,45.0,45.0,45.0,45.0,45.0,45.0,0.0,45.0,45.0,Poor
4033,16.327116402116403,16.556190476190476,21.588065476190476,21.38846989268042,20.968888888888884,19.365746227213332,2.6798812938716763,16.327116402116403,21.588065476190476,Poor
4034,27.877285714285716,29.198984126984122,37.96277182539682,31.358468221836638,33.28318222222222,31.936138422145103,3.9507859653635915,27.877285714285716,37.96277182539682,Poor
4038,45.0,45.0,45.0,45.0,45.0,45.0,0.0,45.0,45.0,Poor
4039,45.0,44.66392591277956,41.06885794225692,45.0,44.77028442235855,44.100613655479,1.7011109556194828,41.06885794225692,45.0,Poor
4040,51.24638806355365,46.4648365473115,49.88959360861187,52.531034537079876,49.427636510594425,49.91189785343026,2.2780462717094636,46.4648365473115,52.531034537079876,Fair
4041,45.0,45.0,45.0,45.0,45.0,45.0,0.0,45.0,45.0,Poor
4042,41.85809523809524,35.87126984126985,36.93941468253968,40.80835325493221,39.16806666666666,38.929039936700725,2.5237315572805326,35.87126984126985,41.85809523809524,Poor
4043,18.067321428571425,19.269682539682538,30.60318948412698,19.970463659147867,26.011955555555556,22.784522533416876,5.340245560633877,18.067321428571425,30.60318948412698,Poor
4044,57.344444444444456,51.64761904761905,47.97083333333334,52.43310841205579,52.836888888888886,52.446578825268304,3.3470974536223514,47.97083333333334,57.344444444444456,Fair
4045,45.0,45.0,45.0,45.0,45.0,45.0,0.0,45.0,45.0,Poor
4046,27.7768253968254,24.713650793650793,26.65765873015873,25.5750684403316,27.176711111111114,26.379982894415527,1.2336529745035207,24.713650793650793,27.7768253968254,Poor
4047,18.22595238095238,17.79111111111111,24.7350496031746,22.93752715121136,22.20351111111111,21.178630271512112,3.0407980128125796,17.79111111111111,24.7350496031746,Poor
4048,45.0,45.0,45.0,45.0,45.0,45.0,0.0,45.0,45.0,Poor
4049,62.36160499477058,54.87131273778769,54.12865313242139,57.40107836459739,56.35047206614998,57.0226242591454,3.244338974278792,54.12865313242139,62.36160499477058,Fair
4051,29.716684359849943,26.129725436200392,33.07137138638965,24.553299944187387,30.95343873281665,28.88490397188881,3.4946747452358955,24.553299944187387,33.07137138638965,Poor
4052,11.285595238095238,12.473015873015873,19.052400793650794,12.389273182957394,16.731022222222222,14.386261461988306,3.336666045153492,11.285595238095238,19.052400793650794,Poor
4053,44.393095238095235,37.97714285714286,37.66455357142857,41.46816657027184,40.818266666666666,40.464244980721034,2.76554710759591,37.66455357142857,44.393095238095235,Poor
4054,45.0,41.48679365079365,41.48204563492063,44.673692050639424,42.580968888888876,43.04470004504852,1.700060336580576,41.48204563492063,45.0,Poor
4055,26.001002633999576,25.31316400801765,30.084545442256918,29.36046115182549,30.501671089025205,28.252168865024963,2.416178538455586,25.31316400801765,30.501671089025205,Poor
4056,76.02639956011605,71.48232512085826,69.92004419337088,73.10207600668046,72.02030620304188,72.51023021681351,2.275928730835075,69.92004419337088,76.02639956011605,Very Good
4057,78.68043809523809,74.3672126984127,76.12167420634918,75.34170873337189,76.69286177777776,76.24077910222992,1.6193424067804494,74.3672126984127,78.68043809523809,Excellent
4058,35.774793650793654,39.354412698412695,49.0215992063492,43.571309812994016,44.38985777777778,42.42239462926547,5.058248963015201,35.774793650793654,49.0215992063492,Poor
4059,79.33372882447576,73.81383067468433,73.77529246606645,74.35899935631106,75.83923553346965,75.42421737100145,2.340059184755606,73.77529246606645,79.33372882447576,Excellent
4060,77.74705502645503,71.53042116402116,77.45215224867724,76.00428049611209,76.17629274074072,75.78204033520124,2.496580049063067,71.53042116402116,77.74705502645503,Excellent
4061,69.17157142857143,65.40469841269841,74.5205992063492,69.04855497718655,71.72211555555555,69.97350791607224,3.3950820397388575,65.40469841269841,74.5205992063492,Very Good
4062,45.0,45.0,45.0,45.0,45.0,45.0,0.0,45.0,45.0,Poor
4063,16.591006349206346,17.47951746031746,30.49150634920635,19.378321855921854,24.267811555555554,21.641632714041513,5.770001836415102,16.591006349206346,30.49150634920635,Poor
4064,62.66533730158731,58.152222222222214,63.84960813492064,64.40968350363087,61.89906666666667,62.19518356580554,2.46451804661958,58.152222222222214,64.40968350363087,Fair
4065,54.4292791005291,51.8652380952381,57.36144345238095,55.54435993830731,57.58253333333333,55.356570783957764,2.34834847625851,51.8652380952381,57.58253333333333,Fair
4066,85.19371031746033,77.02936507936509,80.96957837301586,82.00551089261616,81.11984444444444,81.26360182138038,2.9168501255629176,77.02936507936509,85.19371031746033,Excellent
4067,67.51365740740741,61.92671957671958,63.26188657407407,67.60815339631131,64.57674074074075,64.97743153905063,2.537894317411956,61.92671957671958,67.60815339631131,Good
4068,66.65725396825398,63.377904761904766,62.7382261904762,65.56615718784141,64.47160222222223,64.56222886613973,1.5917619786647605,62.7382261904762,66.65725396825398,Good
4069,64.99462698412698,59.491365079365075,59.2393492063492,63.449261229998065,61.73943777777777,61.782808055523425,2.4907138446774915,59.2393492063492,64.99462698412698,Fair
4070,75.3135470899471,70.96242116402117,71.7619082010582,72.96395172546751,72.08316385185185,72.61699840646915,1.6692465254007995,70.96242116402117,75.3135470899471,Very Good
4071,69.09191295145989,60.65107511912876,62.71568492638391,65.40652121223293,64.16044620013632,64.40512808186836,3.161318619709527,60.65107511912876,69.09191295145989,Good
4072,71.28041534391534,66.8422433862434,68.18944312169312,68.73957663389243,70.44104296296297,69.09854428974144,1.775463352442266,66.8422433862434,71.28041534391534,Good
4073,47.46061771336465,42.94138623023988,46.476903577177566,47.73960304502002,47.74152886680299,46.47200788652102,2.040903209521851,42.94138623023988,47.74152886680299,Fair
4074,61.49903041177735,53.61249734135099,56.16062877559026,58.82101940643638,57.156162200136315,57.449867627058254,2.947439009666394,53.61249734135099,61.49903041177735,Fair
4075,62.15436507936508,56.63333333333333,58.18526785714286,61.47333397596556,60.68822222222222,59.82690449360581,2.3325703981968413,56.63333333333333,62.15436507936508,Fair
4076,54.01090209339598,49.49635976206706,47.630071043244,49.659220485001796,51.46721773360598,50.45275422346297,2.4083956783238754,47.630071043244,54.01090209339598,Fair
4077,68.15679365079365,63.32114285714285,66.57290476190477,66.77906869738449,66.27840888888889,66.22166377122294,1.7744745502152568,63.32114285714285,68.15679365079365,Good
4078,69.8583373015873,61.56644444444444,58.63767757936509,66.75662547394127,64.68607111111112,64.30103118208984,4.376453730879588,58.63767757936509,69.8583373015873,Good
4080,63.801280423280424,57.51030687830687,62.157391534391536,62.99680894544052,62.522945185185186,61.7977465933209,2.4743329971540886,57.51030687830687,63.801280423280424,Fair
4081,64.33152380952383,58.20926984126985,58.47784325396825,59.99722742754323,60.57046222222222,60.317265310905476,2.4549909684135547,58.20926984126985,64.33152380952383,Fair
4082,44.68785714285715,40.86095238095238,49.31223214285714,44.45038622196517,46.08195555555555,45.07867668883748,3.0523043521358786,40.86095238095238,49.31223214285714,Fair
4083,54.263093090008674,51.39909051556547,58.492884283215055,54.25596397606195,55.550972066149974,54.79240078620023,2.5666853225394597,51.39909051556547,58.492884283215055,Fair
4084,72.69861058201059,70.27188148148149,75.57426335978835,72.4574266949425,72.50527940740741,72.70149230512607,1.8877167501051282,70.27188148148149,75.57426335978835,Very Good
4085,69.58422668789228,64.55793707641205,65.5900248255431,66.89036992683633,66.19246391800185,66.56300448693712,1.8933592352118358,64.55793707641205,69.58422668789228,Good
4086,58.340879618126564,54.83084654770018,55.15931825971725,57.90905706468457,57.0735999779141,56.66274029362853,1.5932965256689366,54.83084654770018,58.340879618126564,Fair
4087,51.99991930066625,48.5716084524621,50.30266349781248,55.1158318220909,50.786791089025215,51.35536283241139,2.4360479381284463,48.5716084524621,55.1158318220909,Fair
4088,73.14000952380954,66.47248253968253,67.71048174603175,71.8566748666538,69.61038177777779,69.75800609079108,2.7771915551863495,66.47248253968253,73.14000952380954,Very Good
4089,66.3374126984127,59.93028571428572,64.32727380952382,61.79767187198767,63.49288,63.177104818841975,2.442069722510853,59.93028571428572,66.3374126984127,Good
4091,68.69192063492065,65.63657142857144,68.50039285714287,67.81750761519183,67.97727333333333,67.724733173832,1.2216692098007982,65.63657142857144,68.69192063492065,Good
4092,85.3076494593964,84.30364019849385,78.77060198987597,81.94160953560545,81.72978220013631,82.41065667670159,2.545071079226105,78.77060198987597,85.3076494593964,Excellent
4093,45.0,45.0,45.0,45.0,45.0,45.0,0.0,45.0,45.0,Poor
4094,32.54634920634921,33.074285714285715,40.71669642857143,33.39849109954373,37.00702222222222,35.34856893419446,3.478320831706576,32.54634920634921,40.71669642857143,Poor
4095,71.2773835978836,70.29535449735448,68.1862724867725,69.65566101150311,69.9879362962963,69.88052157796201,1.1242653193053063,68.1862724867725,71.2773835978836,Very Good
4096,78.95336507936508,73.01393650793649,70.58267063492065,76.20451301330249,73.90435777777779,74.5317686026605,3.187531279685806,70.58267063492065,78.95336507936508,Very Good
4097,45.0,45.0,45.0,45.0,45.0,45.0,0.0,45.0,45.0,Poor
4099,38.714682539682535,36.12380952380952,44.102529761904755,41.164456011824434,41.43688888888889,40.308473345222026,3.0187941503084095,36.12380952380952,44.102529761904755,Poor
4101,45.0,45.0,45.0,45.0,45.0,45.0,0.0,45.0,45.0,Poor
4102,66.80329841269842,65.7543365079365,66.92797896825398,67.09649564937988,66.08178533333333,66.53277897432042,0.5823461662031867,65.7543365079365,67.09649564937988,Good
4103,73.77911111111112,66.11866666666667,67.44029166666667,70.8271713900135,69.05482666666666,69.44401350022493,2.997102608568177,66.11866666666667,73.77911111111112,Very Good
4104,75.66245714285716,67.32081269841271,68.4491515873016,71.69317272668852,69.24229866666667,70.47357856438533,3.3153490842051774,67.32081269841271,75.66245714285716,Very Good
4105,26.567698412698416,27.215238095238092,38.496101190476196,28.84606002184949,33.79765555555556,30.984550655163552,5.065234291721319,26.567698412698416,38.496101190476196,Poor
4106,57.440126984126984,55.454476190476186,56.66040476190476,56.720589165220744,56.80818666666666,56.61675675367907,0.7207923372723466,55.454476190476186,57.440126984126984,Fair
4107,7.227857142857143,8.668571428571429,21.344732142857143,9.637142857142859,14.389866666666668,12.253634047619048,5.748232076227764,7.227857142857143,21.344732142857143,Poor
4108,67.21866269841271,58.35647619047618,60.51446130952382,63.92309922241501,62.25332444444444,62.45320477305442,3.370906494293584,58.35647619047618,67.21866269841271,Good
4109,66.47549206349206,60.36609523809524,55.91688095238094,65.33213006876166,61.34748444444443,61.88761655343486,4.218107646769445,55.91688095238094,66.47549206349206,Fair
4110,59.64925925925926,53.28126984126984,57.544027777777785,57.57040035987405,56.26702222222222,56.862395892080634,2.3404825025992544,53.28126984126984,59.64925925925926,Fair
4111,69.18116931216932,63.38256084656084,65.79894708994709,65.71508334939914,65.51344296296297,65.91824071220788,2.079407399336607,63.38256084656084,69.18116931216932,Good
4113,6.565571428571429,7.585142857142858,19.44994642857143,8.75409523809524,13.74304,11.219559190476192,5.363168982921506,6.565571428571429,19.44994642857143,Poor
4114,74.81992063492063,70.66222222222221,69.90762896825396,74.3329336160915,70.87608888888887,72.11975886607544,2.277809409125777,69.90762896825396,74.81992063492063,Very Good
4115,5.769285714285713,6.92,13.719910714285714,7.692380952380952,11.7456,9.169435476190475,3.39654666453606,5.769285714285713,13.719910714285714,Poor
4116,45.0,45.0,45.0,45.0,45.0,45.0,0.0,45.0,45.0,Poor
4117,67.88297566137568,61.34426243386244,63.29869788359789,66.5869325107641,63.14932385185185,64.4524384682904,2.6932616634775712,61.34426243386244,67.88297566137568,Good
4118,45.0,45.0,45.0,45.0,45.0,45.0,0.0,45.0,45.0,Poor
4120,72.89677142857141,67.59508571428572,67.89272976190476,67.23800293040293,68.79054399999998,68.88262676703296,2.3164780490555623,67.23800293040293,72.89677142857141,Good
4122,54.777197089947094,51.63770370370371,54.05292625661375,54.683996079943455,53.21523851851852,53.673412329745304,1.2978524555144584,51.63770370370371,54.777197089947094,Fair
4123,70.65950660225353,63.60916400801766,64.62183413273311,65.5013506833466,65.41195108902521,65.96076130307522,2.734647781740716,63.60916400801766,70.65950660225353,Good
4124,76.98474469749165,70.34900527785892,71.19214167241566,74.63314587645759,72.3514399779141,73.10209550042758,2.702313506683876,70.34900527785892,76.98474469749165,Very Good
4125,45.0,41.19649523809524,45.0,45.0,45.0,44.23929904761904,1.70097904007264,41.19649523809524,45.0,Poor
4126,65.40030582010583,60.226895238095224,64.32371785714287,66.75173379602853,64.99365066666667,64.33926067560783,2.4640343284270227,60.226895238095224,66.75173379602853,Good
4127,45.0,42.01800634920635,45.0,45.0,45.0,44.403601269841275,1.3335881023294731,42.01800634920635,45.0,Poor
4129,45.0,45.0,45.0,45.0,45.0,45.0,0.0,45.0,45.0,Poor
4130,45.0,45.0,45.0,45.0,45.0,45.0,0.0,45.0,45.0,Poor
4131,76.03455026455028,69.68507936507936,69.11700396825398,72.86242529400423,71.27651111111112,71.7951140005998,2.7841265101715567,69.11700396825398,76.03455026455028,Very Good
4132,55.89452380952381,50.78603174603175,56.639176587301584,55.923602596234176,54.7494222222222,54.79855139226271,2.342942831478446,50.78603174603175,56.639176587301584,Fair
4133,44.23862086778645,40.64096353143849,44.010044005437265,45.0,45.0,43.77792568093244,1.8092527312241358,40.64096353143849,45.0,Poor
4134,65.78199047619047,60.809803174603175,66.5579765873016,64.37796660882977,64.14041377777777,64.33363012494056,2.2080602091105606,60.809803174603175,66.5579765873016,Good
4135,65.88051587301587,57.79904761904761,62.50971726190476,62.43693914272862,62.31795555555555,62.18883509045048,2.8757579056516196,57.79904761904761,65.88051587301587,Fair
4136,72.46106031746032,66.29347936507936,69.93824087301589,71.03186734785683,68.79621200000001,69.7041719806825,2.338547197539888,66.29347936507936,72.46106031746032,Very Good
4137,60.83565263399956,59.587684642938285,62.488855164479126,62.94710199752949,60.69419908902521,61.31069870559433,1.3820624427776558,59.587684642938285,62.94710199752949,Fair
4138,45.0,45.0,45.0,45.0,45.0,45.0,0.0,45.0,45.0,Poor
4139,70.70239365079367,62.5383365079365,70.43040753968255,69.10770495469443,68.49752311111111,68.25527315284366,3.323713960062807,62.5383365079365,70.70239365079367,Good
4140,84.12571428571428,79.94095238095238,85.5265476190476,84.42240987083093,83.53463333333332,83.5100514979757,2.1223081685272116,79.94095238095238,85.5265476190476,Excellent
4141,71.10480317460318,67.99959365079367,71.44319206349206,71.28374716277875,69.701984,70.30666401033353,1.4638668985527687,67.99959365079367,71.44319206349206,Very Good
4142,75.45080952380951,72.7006984126984,78.91754563492063,75.36653145684724,75.54272888888887,75.59566278343293,2.2074878264482267,72.7006984126984,78.91754563492063,Excellent
4143,72.22843121693123,66.1485925925926,74.91929927248678,71.82902139965299,70.76593185185185,71.1782552667031,3.2011440749057605,66.1485925925926,74.91929927248678,Very Good
4144,77.60893439153438,74.14231957671957,79.68633716931215,77.02631997943577,76.32285985185185,76.95735419377073,2.0126887538581606,74.14231957671957,79.68633716931215,Excellent
4145,62.60072089947089,63.269999999999996,66.91168154761907,67.41375072296125,65.47473333333333,65.13417730067691,2.1427501657934864,62.60072089947089,67.41375072296125,Good
4146,74.30353968253968,66.95415873015872,70.5690257936508,70.84424574256153,71.22632,70.77945798978214,2.6124811492697466,66.95415873015872,74.30353968253968,Very Good
4147,87.0614761904762,83.72876190476191,82.52772619047619,84.01017338217338,84.0332088888889,84.27226931135532,1.676629817360365,82.52772619047619,87.0614761904762,Excellent
4148,74.66351428571427,67.13970793650795,73.34408373015873,73.40056515648095,72.2135982222222,72.15229386621681,2.933195706732416,67.13970793650795,74.66351428571427,Very Good
4149,45.0,45.0,45.0,45.0,45.0,45.0,0.0,45.0,45.0,Poor
4150,45.0,45.0,45.0,45.0,45.0,45.0,0.0,45.0,45.0,Poor
4151,59.224329365079385,56.337555555555554,54.89394742063494,58.502314696998916,55.22159333333333,56.83594807432043,1.9433891647485015,54.89394742063494,59.224329365079385,Fair
4153,62.64469444444445,57.298698412698414,59.13750694444446,59.82435492577598,60.42915777777779,59.866882501028215,1.9469052036872994,57.298698412698414,62.64469444444445,Fair
4154,45.0,45.0,45.0,45.0,45.0,45.0,0.0,45.0,45.0,Poor
4155,45.0,45.0,45.0,45.0,45.0,45.0,0.0,45.0,45.0,Poor
4156,67.57894074074075,62.62323386243386,71.71739907407408,69.43233234367972,67.59968474074076,67.79031815233382,3.350296880022577,62.62323386243386,71.71739907407408,Good
4157,60.1374007936508,56.60555555555554,61.61722718253969,61.15060246770773,59.71844444444445,59.84584608877964,1.9647454194053766,56.60555555555554,61.61722718253969,Fair
4158,45.0,45.0,45.0,45.0,45.0,45.0,0.0,45.0,45.0,Poor
4159,45.0,45.0,45.0,45.0,45.0,45.0,0.0,45.0,45.0,Poor
4160,45.0,45.0,45.0,45.0,45.0,45.0,0.0,45.0,45.0,Poor
4161,72.43577917824263,68.99145738284417,70.98161245308813,71.75500801513472,71.01031506984486,71.0348344198309,1.2903603871638414,68.99145738284417,72.43577917824263,Very Good
4162,49.837777777777774,44.715555555555554,58.906944444444456,50.80883490778228,52.52528888888889,51.35888031488979,5.125520651642144,44.715555555555554,58.906944444444456,Fair
4164,72.45857671957673,67.03885714285714,67.47959523809524,67.86709414562047,67.73910222222223,68.51664509367437,2.2262436931348186,67.03885714285714,72.45857671957673,Good
4166,63.20611772486772,61.104497354497354,68.64934689153439,64.00499807210333,64.96851851851851,64.38669571230426,2.775833045527418,61.104497354497354,68.64934689153439,Good
4167,61.944074074074074,57.10751322751324,64.7889351851852,63.1238326585695,60.822974074074075,61.55746584388321,2.8890708486220875,57.10751322751324,64.7889351851852,Fair
4168,73.02042857142857,68.66949206349207,77.06077579365079,69.97612473491421,73.47300888888888,72.4399660104749,3.2803576421496166,68.66949206349207,77.06077579365079,Very Good
4171,65.85999365079364,62.07718095238095,65.9626880952381,63.20803172032645,65.06638622222222,64.43485612819227,1.719581933195625,62.07718095238095,65.9626880952381,Good
4172,80.14786111111111,77.07692063492063,77.99449305555555,78.02556320287898,77.57444444444445,78.16385648978215,1.1739803506961803,77.07692063492063,80.14786111111111,Excellent
4173,72.34302328042328,69.23207195767198,70.68082883597883,71.66040580939527,70.87031051851851,70.95732808039757,1.1699361155238905,69.23207195767198,72.34302328042328,Very Good
4175,62.46865185185185,58.54195132275134,63.96873518518519,62.00404642375169,61.712330074074075,61.73914297152284,1.9872211662991401,58.54195132275134,63.96873518518519,Fair
4176,74.31584656084658,72.17798941798942,79.18045304232805,73.4333384743911,75.35311851851853,74.89214920281475,2.665940703770033,72.17798941798942,79.18045304232805,Excellent
4177,25.216822222222223,25.83192380952381,42.091849999999994,25.559331713900136,33.91096533333333,30.5221786157959,7.418158756350477,25.216822222222223,42.091849999999994,Poor
4178,57.05296296296297,53.01608465608466,55.87601851851852,57.81698605488079,56.10548518518519,55.97350747552643,1.8259866762544728,53.01608465608466,57.81698605488079,Fair
4180,76.7488835978836,73.99056084656085,78.78791137566138,76.62588188419767,75.89488296296297,76.4096241334533,1.7273491442091917,73.99056084656085,78.78791137566138,Excellent
4181,75.3276455026455,70.81460317460318,72.06739087301587,72.64809073966968,73.06548888888888,72.78464383576463,1.655286243288277,70.81460317460318,75.3276455026455,Very Good
4182,77.00042063492066,72.18596825396827,66.33549007936509,74.17342034573612,73.01636444444445,72.54233275168691,3.918277426817324,66.33549007936509,77.00042063492066,Very Good
4183,67.07246031746031,61.77079365079366,67.75364087301587,65.21777135145557,66.3272111111111,65.6283754607673,2.352660120334257,61.77079365079366,67.75364087301587,Good
4184,79.06989206349206,73.75652063492063,78.58354484126984,77.71562156673735,77.40095466666666,77.3053067546173,2.092787830260275,73.75652063492063,79.06989206349206,Excellent
4186,17.954518507015447,22.591830674684317,32.33590853749501,21.53745067692028,26.396715533469656,24.163284785916943,5.4702203654577835,17.954518507015447,32.33590853749501,Poor
4187,45.0,45.0,45.0,45.0,45.0,45.0,0.0,45.0,45.0,Poor
4188,67.23131587301587,62.03170793650793,68.73587837301586,66.06778538654329,67.70571377777777,66.35448026937215,2.5997251871933478,62.03170793650793,68.73587837301586,Good
4189,72.57803597883597,67.55993227513228,65.41468875661376,69.34851240922819,68.16698251851851,68.61363038766575,2.6362646333005606,65.41468875661376,72.57803597883597,Good
4190,29.71705555555556,30.27028571428571,36.51587500000001,25.93948987854251,33.30312,31.14916522967676,3.981368467530434,25.93948987854251,36.51587500000001,Poor
4191,60.16603174603175,58.095873015873025,64.77686507936508,62.029982648930016,62.11995555555556,61.43774160915109,2.487531031861434,58.095873015873025,64.77686507936508,Fair
4193,62.48875000000002,57.742698412698424,61.57475694444445,60.51284525416105,61.14039999999999,60.69189012226078,1.7985486621798414,57.742698412698424,62.48875000000002,Fair
4194,69.99245816937376,63.38956670604167,61.75419380702457,67.14915850083543,66.24780539948333,65.70663651655175,3.2300393400725365,61.75419380702457,69.99245816937376,Good
4195,76.72301587301588,69.6920634920635,72.24329365079365,73.93688066319648,73.88822222222223,73.29669518025835,2.578877642181515,69.6920634920635,76.72301587301588,Very Good
4196,75.07060582010581,69.04713227513228,69.04532804232805,73.91806272090481,71.64458962962962,71.74514369762012,2.7549345155041327,69.04532804232805,75.07060582010581,Very Good
4197,59.79778835978836,53.28977777777778,57.68260317460319,57.284664481717115,59.343506666666656,57.47966809211063,2.5730315636100505,53.28977777777778,59.79778835978836,Fair
4198,45.0,45.0,45.0,45.0,45.0,45.0,0.0,45.0,45.0,Poor
4199,76.42196296296297,70.66319576719577,78.4645324074074,75.77745209176788,75.38490962962963,75.34241057179274,2.872246359701843,70.66319576719577,78.4645324074074,Excellent
4200,71.01851690821078,64.97490367741098,67.03110252472548,69.31970595508726,67.65391521508745,67.99962885610441,2.29471197545526,64.97490367741098,71.01851690821078,Good
4201,70.90375660225354,62.77481480166844,64.59417441051089,67.90892243323414,65.73994664458077,66.38432297844955,3.1383947254405475,62.77481480166844,70.90375660225354,Good
4202,45.0,45.0,45.0,45.0,45.0,45.0,0.0,45.0,45.0,Poor
4203,72.8744695652165,66.0905502514039,64.31540820680718,70.24980007605916,68.26370738532151,68.35878709696165,3.371578622458537,64.31540820680718,72.8744695652165,Good
4204,34.326142857142855,34.622507936507944,45.473712301587305,42.912218816271455,41.72403111111111,39.811722604524135,5.05835106405012,34.326142857142855,45.473712301587305,Poor
4205,15.153551587301589,15.970317460317462,24.81823908730159,18.21214285714286,22.238844444444446,19.278619087301593,4.139708232279999,15.153551587301589,24.81823908730159,Poor
4207,66.53945502645503,62.98840211640213,63.70313558201058,64.91295058158217,65.68925629629629,64.76663992054924,1.441238386964902,62.98840211640213,66.53945502645503,Good
4208,45.0,45.0,45.0,45.0,45.0,45.0,0.0,45.0,45.0,Poor
4209,45.0,45.0,45.0,45.0,45.0,45.0,0.0,45.0,45.0,Poor
4210,45.0,40.53536507936508,40.70585515873016,43.86395810037915,42.18830222222223,42.45869611213932,1.9543383299299044,40.53536507936508,45.0,Poor
4211,60.14459654934349,54.807883584737226,59.33018796871195,58.30863485531499,59.2547073853215,58.36920206868583,2.0944150053916144,54.807883584737226,60.14459654934349,Fair
4214,45.0,45.0,45.0,45.0,45.0,45.0,0.0,45.0,45.0,Poor
4215,30.411527777777785,32.36873015873016,40.82420138888889,30.061104363472786,37.17724444444445,34.168561626662814,4.679092186688037,30.061104363472786,40.82420138888889,Poor
4216,73.51443174603175,67.75436190476192,72.07954285714287,71.58241521753102,71.83288355555557,71.35272705620463,2.146669924147271,67.75436190476192,73.51443174603175,Very Good
4300,45.0,40.939682539682536,38.65987103174603,45.0,41.40977777777778,42.20186626984127,2.7579587994715498,38.65987103174603,45.0,Poor
4301,45.0,44.87619047619047,45.0,44.79367649893966,44.83533333333333,44.90104006169268,0.09493148771340233,44.79367649893966,45.0,Poor
4304,45.0,45.0,45.0,45.0,45.0,45.0,0.0,45.0,45.0,Poor
4305,45.0,45.0,45.0,45.0,45.0,45.0,0.0,45.0,45.0,Poor
4306,66.80471825396826,59.788158730158734,57.418329365079366,61.09197101728681,62.20077333333332,61.4607901399653,3.4777994230876295,57.418329365079366,66.80471825396826,Fair
4307,63.3422507936508,57.693638095238086,60.81519523809524,59.27825671871987,59.903478666666665,60.20656390247412,2.089938718147275,57.693638095238086,63.3422507936508,Fair
4308,69.68431481481481,68.24175661375662,63.793967592592594,68.94187944219524,67.5641214814815,67.64520798896815,2.293131667552959,63.793967592592594,69.68431481481481,Good
4309,61.227399999999996,55.71385396825398,60.6621638888889,58.53136014394963,59.285941333333334,59.084143866885164,2.1673047838618467,55.71385396825398,61.227399999999996,Fair
4310,55.58355605297164,52.774646071121026,51.994828727659495,56.13844260854059,53.98476095503888,54.09524688306633,1.7718396534524408,51.994828727659495,56.13844260854059,Fair
4311,53.882460317460314,52.213968253968254,51.484335317460314,52.01751943962471,52.27391111111112,52.37443888792493,0.8985629011010196,51.484335317460314,53.882460317460314,Fair
4312,68.45145396825396,66.60619682539682,71.17498174603173,68.55257590129169,67.7706328888889,68.51116826597261,1.6791732698177217,66.60619682539682,71.17498174603173,Good
4313,45.0,45.0,45.0,45.0,45.0,45.0,0.0,45.0,45.0,Poor
5001,78.12964237144591,71.91292461498581,76.28063211366552,76.67558304097022,76.50192076058356,75.9001405803302,2.3439706479035967,71.91292461498581,78.12964237144591,Excellent
5003,88.28764468403713,84.26728553459121,90.40638787061995,87.7573828955553,88.62770636477987,87.86928146991667,2.2457760906651103,84.26728553459121,90.40638787061995,Excellent
5004,76.68204216831387,72.63707313566935,77.32356522911051,74.60589578057383,74.88472731236897,75.2266607252073,1.8522537017521763,72.63707313566935,77.32356522911051,Excellent
5006,45.0,45.0,45.0,45.0,45.0,45.0,0.0,45.0,45.0,Poor
5007,71.77274802661643,65.3232917734271,66.08845728411352,69.76463769470786,67.32648573491308,68.0551241027556,2.674171109079234,65.3232917734271,71.77274802661643,Good
5008,67.11013277428373,63.32904063092744,63.82221348707199,66.42906492161707,64.04136233403214,64.94636282958648,1.7013799254422632,63.32904063092744,67.11013277428373,Good
5009,73.20439904162923,68.70162611560346,69.42795407307578,73.57241209749095,70.03623187421384,70.98852464040266,2.244923196001406,68.70162611560346,73.57241209749095,Very Good
5010,63.32638758111212,55.43130613956275,62.43660648397724,62.00445819531898,61.691283203354295,60.97800832066508,3.1611176521213618,55.43130613956275,63.32638758111212,Fair
5011,80.84482444192611,77.47030578699339,79.49514349930993,79.82125740055085,78.15238038881557,79.15678230351917,1.3470827704230772,77.47030578699339,80.84482444192611,Excellent
5012,74.34408063791554,68.6597202755316,70.62304617774784,72.62623257345105,71.79528561844863,71.60967305661893,2.1342729501975084,68.6597202755316,74.34408063791554,Very Good
5013,79.47398530845298,72.3358018037649,77.62204685360763,78.5218589537808,76.68636925254721,76.9280124344307,2.7681581548592358,72.3358018037649,79.47398530845298,Excellent
5014,76.27986718925564,71.37608404395655,74.14687108241866,73.397867603368,73.70671008273591,73.78148000034696,1.754574585709836,71.37608404395655,76.27986718925564,Very Good
5015,80.6294943595887,74.74893081761006,71.57247304582211,77.15046491409947,74.85047044025158,75.79036671547439,3.3550575334845427,71.57247304582211,80.6294943595887,Excellent
5016,85.07062493760607,78.26871119097535,76.14924216332236,81.56275657697704,78.33997554157932,79.87826208209204,3.487861910720443,76.14924216332236,85.07062493760607,Excellent
5017,73.44753593890388,67.00108415693322,67.70477781521414,71.31887382946967,69.67855471698114,69.8301652915004,2.6384456251903003,67.00108415693322,73.44753593890388,Very Good
5018,65.98685134208672,60.169825570094545,53.01773523110674,61.02727277460416,59.299629179981096,59.90026281957465,4.640024841868103,53.01773523110674,65.98685134208672,Fair
5021,82.17639512828192,79.72676450034942,81.9357373714685,80.42096848313334,80.18059399021664,80.88809189468995,1.0982628499137053,79.72676450034942,82.17639512828192,Excellent
5022,84.07534641457262,78.97590610645032,81.46618993037713,81.98994056855794,79.87915188846615,81.27730698168483,1.9763496476246833,78.97590610645032,84.07534641457262,Excellent
5023,45.0,45.0,45.0,45.0,45.0,45.0,0.0,45.0,45.0,Poor
5024,45.0,45.0,45.0,45.0,45.0,45.0,0.0,45.0,45.0,Poor
5027,77.5140224618149,72.99743156633724,72.84834898173105,75.86107178444416,74.33457392033543,74.71108974293256,1.9828692705710536,72.84834898173105,77.5140224618149,Very Good
5028,72.62221885295,66.13786463012879,67.74154209718479,71.53431849459157,69.55827924528302,69.51884466402763,2.659156426767952,66.13786463012879,72.62221885295,Very Good
5029,45.0,45.0,45.0,45.0,45.0,45.0,0.0,45.0,45.0,Poor
5030,45.0,45.0,45.0,45.0,45.0,45.0,0.0,45.0,45.0,Poor
5031,80.29823490066886,77.86827752820206,77.0573072277129,78.27836828161358,77.14166921034241,78.12877142970795,1.3152199787762555,77.0573072277129,80.29823490066886,Excellent
5033,67.41907856643707,63.08030747728861,71.64724942597583,68.22194930965536,67.61282396925228,67.59628174972184,3.0507170162143793,63.08030747728861,71.64724942597583,Good
5034,65.76306042228211,59.77909853249476,60.87963209418987,65.14148047307432,61.98221886792452,62.70909807799311,2.631699385605232,59.77909853249476,65.76306042228211,Good
5035,45.0,45.0,45.0,45.0,45.0,45.0,0.0,45.0,45.0,Poor
5036,85.30243408705202,79.21049156434063,75.04096068558451,82.7421068479132,79.4317739762404,80.34555343222615,3.8915355788641053,75.04096068558451,85.30243408705202,Excellent
5038,76.1714174703005,73.19590568034342,74.37240908455627,72.92943132092448,73.63986228371768,74.06180516796846,1.299714113647568,72.92943132092448,76.1714174703005,Very Good
5039,45.0,45.0,45.0,45.0,45.0,45.0,0.0,45.0,45.0,Poor
5040,66.77359488868923,61.07549166417091,66.13444394529301,67.30762319441564,64.12317784765898,65.08286630804555,2.544306159908042,61.07549166417091,67.30762319441564,Good
5041,45.0,45.0,45.0,45.0,45.0,45.0,0.0,45.0,45.0,Poor
5043,83.85990715783169,80.94510931416593,79.48858902365978,81.84589810277994,81.5844503144654,81.54479078258055,1.5842652764492837,79.48858902365978,83.85990715783169,Excellent
5044,45.0,45.0,45.0,45.0,45.0,45.0,0.0,45.0,45.0,Poor
5045,70.15329815661114,63.66227272320183,63.493845026713345,68.89031747017336,66.87595150831241,66.61513697700242,3.00935731384007,63.493845026713345,70.15329815661114,Good
5046,63.578168987720886,56.427657981431565,55.35458735774185,59.56942249794783,58.576687631027255,58.701304891173876,3.1985523903661788,55.35458735774185,63.578168987720886,Fair
5047,53.53060796645703,48.03815513626834,59.09769392033544,53.02374659435236,53.680822851153046,53.47420529371325,3.9186429655038393,48.03815513626834,59.09769392033544,Fair
5048,45.0,45.0,45.0,45.0,45.0,45.0,0.0,45.0,45.0,Poor
5049,54.0305630428272,54.17687930518119,62.729134845762204,56.813160380389775,57.47099056603773,57.04414562803961,3.5304939227904857,54.0305630428272,62.729134845762204,Fair
5050,72.24260319956073,65.29131975641408,64.40921417964461,70.88951281808781,67.77460237596085,68.12145046593362,3.4116239064051213,64.40921417964461,72.24260319956073,Good
5051,45.0,45.0,45.0,45.0,45.0,45.0,0.0,45.0,45.0,Poor
5052,14.547663971248875,12.994609164420487,19.94117812219227,12.860493032290451,17.967610062893083,15.662310870609033,3.1556442537614915,12.860493032290451,19.94117812219227,Poor
5054,79.63749260583178,72.75731581256058,70.9630446743002,76.36463301610281,72.22040908362028,74.38857903848313,3.5550017336697124,70.9630446743002,79.63749260583178,Very Good
5055,45.0,45.0,45.0,45.0,45.0,45.0,0.0,45.0,45.0,Poor
5056,84.06907668962762,80.52341946690626,82.3108148098233,82.10694505785509,81.42716692662472,82.0874845901674,1.309511499762954,80.52341946690626,84.06907668962762,Excellent
5058,80.96219077568134,77.95996406109614,78.24555031446542,78.85635033398688,77.41829517819706,78.68847013268537,1.3727921183757918,77.41829517819706,80.96219077568134,Excellent
5059,84.0536787461316,80.06288908854945,80.04380977338525,81.55060200088998,80.45243885394828,81.23268369258092,1.6918708404081233,80.04380977338525,84.0536787461316,Excellent
5061,71.35186712588599,63.76993431167017,67.01750915942897,69.08989890788898,66.56978593990216,67.55979908895526,2.8442162754299516,63.76993431167017,71.35186712588599,Good
5063,81.972198676618,73.81769039988393,71.82799980008946,78.65450751724207,76.00894950143461,76.4562691790536,3.9950219125090385,71.82799980008946,81.972198676618,Excellent
5064,76.43758966105358,69.0606466874626,71.98993946616629,74.24501133594569,71.2615160645668,72.598940643039,2.8338968780705924,69.0606466874626,76.43758966105358,Very Good
5065,72.40638215034443,67.00578217031048,70.17403326844365,71.28092218936311,68.40587700908455,69.85459935750923,2.1715539410083995,67.00578217031048,72.40638215034443,Very Good
5066,69.68906313267445,64.20065265049416,66.62742057502246,69.50492568237236,66.96598534171906,67.3976094764565,2.274399081898195,64.20065265049416,69.68906313267445,Good
5067,80.05560303484077,76.89892047519218,78.13447043526006,79.89410039273316,78.81648269461914,78.75991540652907,1.3060307632019936,76.89892047519218,80.05560303484077,Excellent
5068,77.67126141906498,71.36987699593818,73.34141782795125,75.690476813864,73.27880076058358,74.2703667634804,2.441402628005203,71.36987699593818,77.67126141906498,Very Good
5069,69.90115925426775,64.77876250374365,68.4917953915843,69.96642421486713,67.98798767295597,68.22522580748377,2.112224857324181,64.77876250374365,69.96642421486713,Good
5070,82.64441645550302,76.97048955458847,76.44142558975618,78.8632105446593,78.63486689615308,78.71088180813202,2.433160180516402,76.44142558975618,82.64441645550302,Excellent
5071,26.07976961665169,27.350122192273137,33.11409024034141,28.406734357664842,30.149371949685534,29.020017671323323,2.7316019678572276,26.07976961665169,33.11409024034141,Poor
5072,73.59255182537424,66.92459437639143,67.00654471224794,70.8476864344321,68.78880299678202,69.43203606904555,2.82391475902213,66.92459437639143,73.59255182537424,Very Good
5073,84.41223420185683,80.21443545971849,77.06119908655286,81.5327615119075,79.64580712788259,80.57328747758365,2.691740227555875,77.06119908655286,84.41223420185683,Excellent
5074,45.0,45.0,45.0,45.0,45.0,45.0,0.0,45.0,45.0,Poor
5077,71.26793834481383,66.36517216731556,67.42958981231907,69.88949484111828,66.73586331516422,68.3376116961462,2.1375087646557773,66.36517216731556,71.26793834481383,Good
5078,45.0,45.0,45.0,45.0,45.0,45.0,0.0,45.0,45.0,Poor
5079,72.33859484875713,65.97245306978135,68.03628300389339,70.06363553683434,68.99387226834381,69.080967745522,2.3632385434317813,65.97245306978135,72.33859484875713,Good
5080,69.58239168413697,63.259241289807335,64.833446453529,68.1505413388333,65.8318216631726,66.33148848589585,2.5401685271087864,63.259241289807335,69.58239168413697,Good
5081,76.98639188075745,70.26608051678403,69.8371255580688,73.09362672120189,71.89418193486384,72.4154813223352,2.867607880991919,69.8371255580688,76.98639188075745,Very Good
5082,77.69342118398721,70.1915743236498,72.01615441249875,76.25271172609803,73.52214116002793,73.93520056125234,3.0562711694639466,70.1915743236498,77.69342118398721,Very Good
5083,77.04437593590895,69.7983797544175,69.85001338349805,74.23715561884877,72.12887798742138,72.61176053601892,3.084863156248227,69.7983797544175,77.04437593590895,Very Good
5085,80.9309691324748,75.97961098133173,74.16273118698213,78.89601302433636,76.18585607826695,77.2310360806784,2.6708900084093745,74.16273118698213,80.9309691324748,Excellent
5086,45.0,45.0,45.0,45.0,45.0,45.0,0.0,45.0,45.0,Poor
5087,45.0,45.0,45.0,45.0,45.0,45.0,0.0,45.0,45.0,Poor
5088,30.36659179395028,27.326445043426173,36.63573487571129,25.40118971836946,32.8617610062893,30.518344487549303,4.452824665721421,25.40118971836946,36.63573487571129,Poor
5089,66.8662887491265,60.83766333233505,67.54415614954577,65.68783519126798,65.58290402795248,65.30376949004555,2.628322924609583,60.83766333233505,67.54415614954577,Good
5090,45.0,45.0,45.0,45.0,45.0,45.0,0.0,45.0,45.0,Poor
5091,73.45436753519017,67.38957196765499,70.89744353099732,72.70077014888456,71.29468757232704,71.14736815101082,2.3420344472718337,67.38957196765499,73.45436753519017,Very Good
5092,66.2574765041287,59.99521124281376,62.415870586194565,66.77698021813052,62.67511044348267,63.62412979895004,2.8462501025354503,59.99521124281376,66.77698021813052,Good
5093,75.1398861934711,71.00794249775382,72.07992812219229,73.15481601924503,73.05889895178197,72.88829435688884,1.5296228788836852,71.00794249775382,75.1398861934711,Very Good
5094,87.33901601277829,81.14505836078666,80.26426898272936,83.39333589028206,82.25279878686234,82.87889560668773,2.7564371953661126,80.26426898272936,87.33901601277829,Excellent
5095,65.89243957272637,57.762878786063695,64.5083373714685,65.20285890148692,64.22106599021663,63.51751612439242,3.2815088646382176,57.762878786063695,65.89243957272637,Good
5096,77.21776794449437,69.38791015274035,68.67656030997304,73.82414593328993,72.55249794549266,72.33177645719806,3.4704377009231027,68.67656030997304,77.21776794449437,Very Good
5097,60.649154462413904,52.605496256364184,57.31826020140761,58.5176273024118,57.98245593291404,57.41459883110231,2.963875517568647,52.605496256364184,60.649154462413904,Fair
5098,45.0,45.0,45.0,45.0,45.0,45.0,0.0,45.0,45.0,Poor
5099,77.22095437755814,69.68610961365678,73.70835130278526,74.32283895515278,73.81559748427674,73.75077034668593,2.6877922403245953,69.68610961365678,77.22095437755814,Very Good
5101,45.0,45.0,45.0,45.0,45.0,45.0,0.0,45.0,45.0,Poor
5103,81.66390665868025,73.99820624937607,75.95314670060898,79.18152516753906,77.7990339063592,77.71916373651273,2.944071063729443,73.99820624937607,81.66390665868025,Excellent
5104,73.49152181291804,69.62749885195169,70.49306007287612,72.30573478689467,70.47271658979733,71.27810642288757,1.5767596243148425,69.62749885195169,73.49152181291804,Very Good
5105,45.0,45.0,45.0,45.0,45.0,45.0,0.0,45.0,45.0,Poor
5106,81.50921413596886,75.31030368373764,73.6804510332435,77.88656951522492,75.83797685534591,76.84490304470417,3.0092988832215495,73.6804510332435,81.50921413596886,Excellent
5107,82.55220350404315,77.3440451232904,77.06290362633523,79.7057000386792,78.90989210342418,79.11494887915443,2.2109242638669686,77.06290362633523,82.55220350404315,Excellent
5108,75.50105430767695,69.84135609463912,70.84261178496556,71.96306316347231,71.66318046121593,71.96225316239398,2.142682890012468,69.84135609463912,75.50105430767695,Very Good
5109,79.7556910886267,73.54924786546,70.75214728786938,77.70309344130584,73.73151419175056,75.0983387750025,3.5928035701624164,70.75214728786938,79.7556910886267,Excellent
5110,70.7005684221597,62.45576678329967,67.72637232405786,69.62967177635488,68.69978449223974,67.84243275962237,3.2065501371020506,62.45576678329967,70.7005684221597,Good
5111,9.270233003893381,10.948293501048218,27.3536764001198,12.730681042228213,18.575355303983226,15.775647850254568,7.361805181577382,9.270233003893381,27.3536764001198,Poor
5112,68.9985740491165,65.46412997903565,73.64967140236597,70.9176069042951,70.56684947589098,69.91936636214083,3.001161607144388,65.46412997903565,73.64967140236597,Very Good
5113,71.90973105720275,66.70681281820904,74.3967541179994,71.00292825920631,71.8685566457023,71.17695657966397,2.80155476381165,66.70681281820904,74.3967541179994,Very Good
5114,83.81927193770589,80.05739922132375,84.5600109314166,82.03395802520332,82.65776402515722,82.62568082816135,1.7402247199883087,80.05739922132375,84.5600109314166,Excellent
5115,82.46325315311708,78.14666573508164,82.05965851378532,80.05172895049488,79.85930584234457,80.51612243896469,1.76318008563883,78.14666573508164,82.46325315311708,Excellent
5116,81.31688940800639,77.64832712388939,82.06173112708396,80.38289307982099,79.6893191977638,80.2198319873129,1.6968203667274198,77.64832712388939,82.06173112708396,Excellent
5117,72.44435759209344,68.95073974243786,72.73050801138066,71.03485195814888,69.49150943396225,70.93039334760462,1.6980008429795836,68.95073974243786,72.73050801138066,Very Good
5118,74.41777478286912,70.30194669062594,75.8036238394729,71.21800170479416,72.33838155136269,72.81594571382496,2.2690174427944263,70.30194669062594,75.8036238394729,Very Good
5119,77.78101874812819,73.9542708595388,78.51138143156635,75.57067307067864,75.73784171069182,76.31103716412076,1.8325801609823626,73.9542708595388,78.51138143156635,Excellent
5120,45.0,45.0,45.0,45.0,45.0,45.0,0.0,45.0,45.0,Poor
5121,74.48341179994009,70.5279808325846,74.93624985025455,72.01150063353838,72.01145224318658,72.79411907190084,1.8576110799291654,70.5279808325846,74.93624985025455,Very Good
5122,89.51846137566137,83.70785608465609,85.5122947089947,86.25311769166507,84.9617945185185,85.99070487589914,2.180186793745862,83.70785608465609,89.51846137566137,Excellent
5123,77.2940992198037,73.02182767977567,75.2456071748116,74.01378471472403,74.41444827980091,74.79795341378318,1.6083964944981162,73.02182767977567,77.2940992198037,Very Good
5124,83.56987121892784,79.54942198262953,75.64790843066788,79.76140573979701,78.28012893081761,79.36174726056797,2.866433019275373,75.64790843066788,83.56987121892784,Excellent
5125,45.0,45.0,45.0,45.0,45.0,45.0,0.0,45.0,45.0,Poor
5126,83.78252539530536,79.67798820687958,79.66437926226291,81.50205665242993,80.74900240977992,81.07519038533152,1.7000616322692523,79.66437926226291,83.78252539530536,Excellent
5127,86.63785938903865,80.76163522012578,83.51409759658581,82.81287234777801,83.23954716981132,83.39320234466791,2.111158055815714,80.76163522012578,86.63785938903865,Excellent
5128,80.71852494758912,75.9545047020066,80.16173563941301,77.28851759393648,77.51023456603774,78.32670348979659,2.0285420517394828,75.9545047020066,80.71852494758912,Excellent
5129,79.711510628455,75.31882393818893,74.50438966057004,76.86928862521447,74.52525384578705,76.1858533396431,2.19282887349534,74.50438966057004,79.711510628455,Excellent
5130,71.81262353998204,68.80581012279126,74.47065551063193,70.70787951979611,69.91537211740042,71.14246816212035,2.161049631604702,68.80581012279126,74.47065551063193,Very Good
5131,69.52516259858241,63.093609863232516,70.29986451158031,69.40602976357198,68.6398571628232,68.19290477995807,2.910688815045482,63.093609863232516,70.29986451158031,Good
5132,45.0,45.0,45.0,45.0,45.0,45.0,0.0,45.0,45.0,Poor
5133,45.0,45.0,45.0,45.0,45.0,45.0,0.0,45.0,45.0,Poor
5134,80.87209056603774,75.36810350404313,76.54309842767296,76.67560793420417,77.12508055345911,77.31679619708342,2.0906940699610996,75.36810350404313,80.87209056603774,Excellent
5135,72.03579862234201,67.10893992213238,76.29828918837975,69.87115329882519,72.4107412914046,71.5449844646168,3.3935431768279276,67.10893992213238,76.29828918837975,Very Good
5136,83.20540261555355,78.34313586902266,78.50192777278626,79.94724447305977,80.27826455625436,80.05519505733533,1.9576137841377774,78.34313586902266,83.20540261555355,Excellent
5137,83.77108131176999,79.98236957172806,83.34576553608865,81.6523549294135,83.26615865828092,82.40354600145622,1.5754693271133515,79.98236957172806,83.77108131176999,Excellent
5138,76.45002300089845,72.55425153239493,77.55241520914446,73.84755203538602,74.13970553738643,74.90878946304204,2.0387325556019325,72.55425153239493,77.55241520914446,Excellent
5139,88.3774726964161,85.62958330837577,84.3101299291205,85.38458847651302,85.35844069881202,85.81204302184749,1.5214250191919112,84.3101299291205,88.3774726964161,Excellent
5140,66.55820005989818,62.734088050314476,66.00695530098832,62.48671688898104,64.74999014675052,64.50719008938651,1.8534489641910437,62.48671688898104,66.55820005989818,Good
5141,78.48228882899072,74.0398040131776,79.28786692123391,75.96257793782956,76.93508185324947,76.94152391089625,2.077115616552049,74.0398040131776,79.28786692123391,Excellent
5142,56.77394728960766,53.045055405810125,60.55822401916742,56.77710890676134,56.28613752620544,56.688094629510395,2.665825388683743,53.045055405810125,60.55822401916742,Fair
5143,87.28197172806229,81.98619898173106,83.60905348906859,83.89163181975256,83.56692984486371,84.06715717269563,1.9465556203155463,81.98619898173106,87.28197172806229,Excellent
5144,70.03902907383616,63.686328011821836,69.94922579639264,67.42099962881261,68.3629932820829,67.89171515858922,2.5967895712369677,63.686328011821836,70.03902907383616,Good
5145,91.82575676350207,88.2466698612359,87.6904226440052,89.03415241781279,88.98181277428372,89.15576289216793,1.592763887533357,87.6904226440052,91.82575676350207,Excellent
5146,76.48667452830189,72.13715184186883,75.95246658805031,73.47517017628735,74.18702620545074,74.44769786799182,1.7870462702300403,72.13715184186883,76.48667452830189,Very Good
5147,51.814165917939505,49.11596286313267,59.809239293201564,54.23151347163264,54.190373165618446,53.83225094230496,3.947407131656823,49.11596286313267,59.809239293201564,Fair
5148,74.04852127730595,69.87994268426803,74.92664676376037,70.7256636973766,71.62941482068139,72.24203784867848,2.1636022342232226,69.87994268426803,74.92664676376037,Very Good
5149,80.39148092243188,75.52042264150943,80.41139496855347,77.78111386448707,77.72481003773586,78.36584448694354,2.069827304751263,75.52042264150943,80.41139496855347,Excellent
5150,85.40897142857143,79.6823619047619,83.56672142857143,81.15726105006105,82.03081244444444,82.36922565128205,2.20661896420257,79.6823619047619,85.40897142857143,Excellent
5151,76.47067924528302,69.41728421683139,73.86955765199163,73.35883638462388,73.41325970649896,73.30592344104578,2.5233508819514223,69.41728421683139,76.47067924528302,Very Good
5153,80.95915513626835,75.45744713986224,76.49411844863732,77.27672626656143,76.93068897274632,77.42362719281513,2.091313959931064,75.45744713986224,80.95915513626835,Excellent
5154,78.39906739889925,77.31231285497782,77.29935352476666,76.34939380881872,76.29468559636274,77.13096263676503,0.8630675236730715,76.29468559636274,78.39906739889925,Excellent
5155,82.33639512828194,79.93438354796845,78.05573737146851,80.91057712011039,79.31712732354997,80.11084409827585,1.6184281414569026,78.05573737146851,82.33639512828194,Excellent
5156,79.27148721174004,75.15074728960768,76.3451460167715,76.5749346658858,75.44731100209643,76.55792523722027,1.6296162632951998,75.15074728960768,79.27148721174004,Excellent
5157,68.59082923030849,63.403578077268655,66.57205354896676,67.45179989742137,66.46038450314467,66.49572905142199,1.9282108634117276,63.403578077268655,68.59082923030849,Good
5158,45.0,45.0,45.0,45.0,45.0,45.0,0.0,45.0,45.0,Poor
5160,52.29374064091046,46.38477388439652,49.70215783168614,52.562618350423726,50.231775681341716,50.235013277751705,2.4881917392316972,46.38477388439652,52.562618350423726,Fair
5161,45.0,45.0,45.0,45.0,45.0,45.0,0.0,45.0,45.0,Poor
5162,45.0,45.0,45.0,45.0,45.0,45.0,0.0,45.0,45.0,Poor
5163,69.87187890933151,64.40337181474621,68.66709349431842,68.63845113137039,67.73031650062549,67.86222237007841,2.077866354266621,64.40337181474621,69.87187890933151,Good
5164,78.84722970949387,71.00545073375261,74.06455151242888,75.2187384280731,74.96404612159328,74.82000330106834,2.8071252766017536,71.00545073375261,78.84722970949387,Very Good
5166,78.34266143555953,77.00657905560548,79.53413889887192,78.07877925001182,75.83762688749125,77.759957105508,1.4010571798793625,75.83762688749125,79.53413889887192,Excellent
5167,59.35376290306479,56.12402835180193,57.70125766197465,60.57105908942651,58.33177503843465,58.41637660894052,1.6803840872084315,56.12402835180193,60.57105908942651,Fair
5168,73.03706954177898,66.30812482779275,71.40143222521714,70.25419438678942,71.35431637735849,70.47102747178737,2.530177820381585,66.30812482779275,73.03706954177898,Very Good
5169,73.5505975441749,66.63651057202755,69.50977154836777,70.80100665209225,69.29267109433962,69.95811148220044,2.51462127294721,66.63651057202755,73.5505975441749,Very Good
5171,71.44301645203154,63.36628184087053,69.87864118997705,70.84882450514287,70.02687201118098,69.1127271998406,3.2744541946853674,63.36628184087053,71.44301645203154,Good
5172,59.6647634271738,55.66929879205351,48.908449878955786,58.66207973125847,54.54066493361286,55.489051352610886,4.235000652762366,48.908449878955786,59.6647634271738,Fair
5173,86.12762831186983,82.41479516821404,79.72123523010882,82.52496690395557,81.33981884556255,82.42568889194216,2.3562424340636423,79.72123523010882,86.12762831186983,Excellent
5174,69.39393151642209,65.54544554257762,65.43104105520617,66.91785460749115,65.84308925227114,66.62627239479363,1.6549242939353286,65.43104105520617,69.39393151642209,Good
5175,51.639462413896375,50.574351602276124,56.636868074273735,48.54882287964711,55.15157735849057,52.51021646571678,3.324321938241697,48.54882287964711,56.636868074273735,Fair
5176,64.04632133373266,62.101283338324855,64.478762109414,61.87815604031851,62.81071897134871,63.063048358627746,1.1579834894859307,61.87815604031851,64.478762109414,Good
5178,68.95704607167815,67.88242907058002,66.07410975092344,72.0995332137795,68.56038824598183,68.71470127058858,2.1911772740046933,66.07410975092344,72.0995332137795,Good
5179,30.74597053009883,28.69596178496556,41.30503080263553,28.91436421557037,36.95132690985325,33.32253084862471,5.5759349846091775,28.69596178496556,41.30503080263553,Poor
5180,78.94692372965959,75.77063392233204,73.0643241489468,75.53153083482775,75.80540573025856,75.82376367320495,2.089090414665845,73.0643241489468,78.94692372965959,Excellent
5183,77.45632834507506,75.88977207691119,75.27680389362736,77.42593167057642,74.82185412624781,76.17413802248757,1.2171425169821783,74.82185412624781,77.45632834507506,Excellent
5184,21.080469481880804,24.95364312668464,36.963882479784374,22.15017763276115,30.795453786163524,27.1887253014549,6.638063202442611,21.080469481880804,36.963882479784374,Poor
5300,70.79085299642944,64.38514718866314,67.808017930012,70.00773951780637,67.76006949917628,68.15036542641744,2.4934120307213776,64.38514718866314,70.79085299642944,Good
5301,45.0,45.0,45.0,45.0,45.0,45.0,0.0,45.0,45.0,Poor
5302,78.30036729559748,71.33692770290506,77.34461677148849,74.88218113547052,74.93159409643604,75.35913740037952,2.7009911623079956,71.33692770290506,78.30036729559748,Excellent
5303,70.90802635519616,62.7162024558251,67.05269354597185,69.38206183091982,67.76099790356393,67.56399641829537,3.093915180579355,62.7162024558251,70.90802635519616,Good
5304,45.0,45.0,45.0,45.0,45.0,45.0,0.0,45.0,45.0,Poor
5305,66.85463977086691,64.87713932997033,59.70354316612636,66.33974761471713,62.274607407683504,64.00993545787284,2.9928576596003866,59.70354316612636,66.85463977086691,Good
5306,45.0,45.0,45.0,45.0,45.0,45.0,0.0,45.0,45.0,Poor
5307,75.660493081761,69.08897622042528,72.90741551362684,73.29845996146632,71.95437338364779,72.58194363218546,2.3817777008825383,69.08897622042528,75.660493081761,Very Good
5308,85.74360553732562,80.27214782497076,79.68293246331764,84.71341537030528,81.36737871632124,82.3558959824481,2.7156205753084497,79.68293246331764,85.74360553732562,Excellent
5309,82.15718680243586,82.14936995108314,80.27860608964761,80.65359324945165,79.82157114744933,81.01206544801352,1.082647920176341,79.82157114744933,82.15718680243586,Excellent
5310,77.60259582709395,74.6836922831187,75.28737884596187,76.74838038104454,75.47897340600979,75.96020414864577,1.1866372294403218,74.6836922831187,77.60259582709395,Excellent
5311,86.38870005338663,80.27960278210172,79.00207029875088,83.69663430919884,81.63380674800494,82.2001628382886,2.916349469258536,79.00207029875088,86.38870005338663,Excellent
5312,82.66099880529269,79.84250203598077,77.41939888214688,81.4819215339625,78.75725527229953,80.03241530593648,2.091678423578684,77.41939888214688,82.66099880529269,Excellent
5313,73.78185117300589,67.85342326045723,74.31654177398423,73.9038607432951,71.46829181830887,72.26479375381027,2.7061170849727834,67.85342326045723,74.31654177398423,Very Good
5314,45.0,45.0,45.0,45.0,45.0,45.0,0.0,45.0,45.0,Poor
5316,82.83619986023761,76.59883158630329,78.99276170510134,80.56754873152889,78.64657780573026,79.52838393778028,2.3274589070558362,76.59883158630329,82.83619986023761,Excellent
5317,46.62112614728866,41.578339179667786,43.03581431541905,42.30403164417817,43.36701722924927,43.381265703160594,1.938247445804631,41.578339179667786,46.62112614728866,Poor
5318,76.60213041872031,73.69331911799325,62.90536563070408,73.18707407656233,69.63045019230275,71.20366788725656,5.2586237582404305,62.90536563070408,76.60213041872031,Very Good
5319,78.06530929419986,73.32860744733952,73.20272438853948,75.06267260119336,73.91806347449335,74.71547544115312,2.011816165494404,73.20272438853948,78.06530929419986,Very Good
5321,65.82551662174303,58.572926025756225,59.72210991314765,62.96321694415041,61.59584905660377,61.73592371228021,2.8421224522273265,58.572926025756225,65.82551662174303,Fair
5322,70.76650117127052,63.179856213878324,64.55569160451883,68.49174715073787,66.36512140227856,66.67178350853683,3.0349803632512713,63.179856213878324,70.76650117127052,Good
5323,72.35665526930389,65.61171788903057,70.20547742861787,70.87634807637079,70.15884160912694,69.84180805449,2.5259234978068474,65.61171788903057,72.35665526930389,Very Good
5324,71.029938754118,62.89725426774485,64.01020473944294,66.4201852454067,65.31088050314465,65.93369270197142,3.143089966922897,62.89725426774485,71.029938754118,Good
5325,75.20130627932514,67.4146750524109,71.4222723869422,71.78182667602726,71.91114297693922,71.54624467432895,2.7673706679755297,67.4146750524109,75.20130627932514,Very Good
5326,67.36182861136068,63.16317827692922,69.40079506838374,70.25731194265296,69.05221357931515,67.84706549572834,2.821790200192523,63.16317827692922,70.25731194265296,Good
5327,66.78401673502782,62.6570168581724,66.26956884622017,69.58767583463799,66.53227128469258,66.36610991175019,2.4671559622237473,62.6570168581724,69.58767583463799,Good
5328,45.0,45.0,45.0,45.0,45.0,45.0,0.0,45.0,45.0,Poor
5329,49.264271062455514,45.15417826638907,51.44550290031597,51.540905426203985,50.90840837642253,49.66265320635741,2.6806410144428665,45.15417826638907,51.540905426203985,Fair
5330,68.24672079964061,63.86201197963462,63.33996437930518,64.45082341436562,65.2195134591195,65.0238068064131,1.932542251030713,63.33996437930518,68.24672079964061,Good
5331,45.0,45.0,45.0,45.0,45.0,45.0,0.0,45.0,45.0,Poor
5332,64.86338267445345,60.01166636717582,59.53773474468404,61.41976289417303,60.35848838574424,61.23820701324612,2.141539975618839,59.53773474468404,64.86338267445345,Fair
5400,78.34735514625137,73.09702266147549,70.78493507287612,76.37998130061486,73.97602770090845,74.51706437642527,2.931706633631215,70.78493507287612,78.34735514625137,Very Good
5401,75.6984318658281,69.46804911650194,68.94969234800838,70.19982848267259,70.31187807127881,70.92557597685796,2.725435219598906,68.94969234800838,75.6984318658281,Very Good
5402,77.33613469449674,70.7641992880416,69.450934185144,73.40628425603012,71.50379924835435,72.49227033441336,3.0623305500031663,69.450934185144,77.33613469449674,Very Good
5404,81.2693371268843,75.68674054108017,77.47415980333432,80.18261694390792,78.44293151642208,78.61115718632576,2.2027642864149897,75.68674054108017,81.2693371268843,Excellent
5405,68.01026627233703,64.49417430368374,62.19207204627134,65.90525656424563,63.74545727463313,64.86944529223418,2.2085156948183653,62.19207204627134,68.01026627233703,Good
5406,77.51548623340324,71.12224881701108,75.87867054507338,75.38821366333104,73.8209557903564,74.74511500983502,2.4162321111612357,71.12224881701108,77.51548623340324,Very Good
5407,45.0,45.0,45.0,45.0,45.0,45.0,0.0,45.0,45.0,Poor
5408,45.0,45.0,45.0,45.0,45.0,45.0,0.0,45.0,45.0,Poor
5409,72.62468176426245,67.63162420828785,61.531155565784665,69.19456643891964,67.52448422547911,67.70130244054675,4.017970057360886,61.531155565784665,72.62468176426245,Good
5410,45.0,45.0,45.0,45.0,45.0,45.0,0.0,45.0,45.0,Poor
5411,45.0,45.0,45.0,45.0,45.0,45.0,0.0,45.0,45.0,Poor
5412,81.13435160227613,75.4492362982929,74.11511680143757,78.4534194703013,76.83138364779875,77.19670156402132,2.7279884715464653,74.11511680143757,81.13435160227613,Excellent
5413,77.2307375461715,68.45849975042427,75.32726357691924,75.75515743398167,74.72370921034242,74.29907350356781,3.393546321601508,68.45849975042427,77.2307375461715,Very Good
5414,83.94429236645439,78.01969770074002,81.55613815339797,82.38913771017832,81.1663588039099,81.41512494693612,2.1769292708672805,78.01969770074002,83.94429236645439,Excellent
5416,70.05902740341419,66.90528301886792,65.30663353548968,68.20998525583433,66.54136436058701,67.40445871483863,1.8090457880823234,65.30663353548968,70.05902740341419,Good
5417,75.36094076070681,67.7821182389937,72.48042398921834,73.70908460701828,71.6061253081761,72.18773858082264,2.838007009742322,67.7821182389937,75.36094076070681,Very Good
5418,44.190236597783766,40.25732255166217,51.83177223719677,43.63004705765381,47.501357442348,45.482147177328905,4.381582153260258,40.25732255166217,51.83177223719677,Fair
5419,88.03381201956675,82.69261056204454,86.42060447239693,85.1679696823093,85.49099315164221,85.56119797759195,1.9519702030460453,82.69261056204454,88.03381201956675,Excellent
5420,79.15920934411503,73.87900569032642,79.05113806528902,76.21533805486139,75.47784067085954,76.75650636509029,2.3046786910454786,73.87900569032642,79.15920934411503,Excellent
5423,70.70730884995508,64.49908615353898,64.76684479509834,70.19554810223431,67.34591658979734,67.50294089812482,2.9177101197391297,64.49908615353898,70.70730884995508,Good
5424,83.10775529599681,77.71339834281721,81.16275110312469,82.66170991533018,80.07458329000698,80.94403958945517,2.172146913451455,77.71339834281721,83.10775529599681,Excellent
5426,71.61214934611161,65.68557053009883,64.65827268643307,66.55639805852319,67.57958071278826,67.21839426679098,2.6822355153663375,64.65827268643307,71.61214934611161,Good
6001,24.897025626867336,23.85963926517264,32.346904117778166,23.564905064343122,29.94969396549004,26.923633607930263,3.9794837284956457,23.564905064343122,32.346904117778166,Poor
6002,62.12427828669605,54.81731577436463,64.97142243883962,62.640078351372196,61.82883494537704,61.2763859593299,3.8163025450139507,54.81731577436463,64.97142243883962,Fair
6003,44.9986201058201,44.18118941798942,52.752870105820115,45.48547957929011,48.4850834074074,47.180648523265425,3.513644988449859,44.18118941798942,52.752870105820115,Fair
6004,24.453764803312627,24.154416011042095,36.170043788819875,23.845625525724383,30.861641120772948,27.89709824993439,5.466003776145937,23.845625525724383,36.170043788819875,Poor
6005,29.629062974465143,29.175164941338856,35.621304822291236,29.069669810907794,34.41205487922704,31.581451485646017,3.171900596125746,29.069669810907794,35.621304822291236,Poor
6006,30.871563768115053,29.760033573235038,40.17242592017273,29.641061382428006,37.15465640303487,33.519948209397135,4.838988132392684,29.641061382428006,40.17242592017273,Poor
6007,37.507109638830485,34.583635505602196,44.52668777317479,37.710244250784335,40.35384098274501,38.93630363022736,3.7334080905251286,34.583635505602196,44.52668777317479,Poor
6009,25.460080055210486,25.89224568668047,36.7547298136646,25.379971787514123,32.93230608695652,29.28386668600524,5.255704960183848,25.379971787514123,36.7547298136646,Poor
6011,18.018271014492754,18.94151608005521,31.028967270531403,19.5346927366726,25.53873368115942,22.612436156582277,5.555531597296907,18.018271014492754,31.028967270531403,Poor
6012,32.89873188405797,31.687439613526564,41.250286835748796,31.68108020888341,38.98823188405797,35.301154085254936,4.497839002337553,31.68108020888341,41.250286835748796,Poor
6013,19.571774076895295,20.478641273065524,33.400181951144845,19.853307606100813,27.428584005416738,24.14649778252464,6.1076900485134535,19.571774076895295,33.400181951144845,Poor
6014,31.85272342995169,30.872953761214628,40.87353411835749,35.19010597377874,38.11322898550724,35.38050925376196,4.196446772015387,30.872953761214628,40.87353411835749,Poor
6015,29.29753163100989,29.937451115711987,42.40115481941569,30.121027829700598,36.84201417069243,33.71983591330612,5.742994092052125,29.29753163100989,42.40115481941569,Poor
6016,45.0,44.011396204364125,45.0,45.0,45.0,44.80227924087283,0.44211705797122525,44.011396204364125,45.0,Poor
6017,35.548703887738675,37.60940308258569,46.671073452956065,36.07857374465521,43.28676014170693,39.83890286192852,4.9010923879545825,35.548703887738675,46.671073452956065,Poor
6018,25.70198412698413,28.142857142857142,35.756845238095245,25.47800912537755,31.58888888888889,29.333716904440585,4.353633272514324,25.47800912537755,35.756845238095245,Poor
6019,39.773502242926156,36.351576259489306,43.57357923567978,41.29578376729636,41.66064811594203,40.53101792426673,2.699984867321994,36.351576259489306,43.57357923567978,Poor
6021,52.14401035196688,50.24032022084196,59.53014561766735,51.0936782200764,52.65929352657005,53.133489587424535,3.696363037800402,50.24032022084196,59.53014561766735,Fair
6022,29.401809753853225,29.378727398205655,42.996322636300896,31.180744589083258,38.786284251207725,34.34877772573015,6.198423659927362,29.378727398205655,42.996322636300896,Poor
6023,28.899311249137334,28.724836438923397,40.53676897860593,28.84481565861886,35.549227439613524,32.51099195297981,5.3493932235761665,28.724836438923397,40.53676897860593,Poor
6024,44.14358182654616,41.13280099904595,45.73558025074554,44.328134593139666,46.913105678397194,44.450640669574895,2.1698016382906142,41.13280099904595,46.913105678397194,Poor
6025,44.55266528640441,41.270619737750174,45.0,44.1579096906145,45.0,43.996238942953816,1.5636352098071695,41.270619737750174,45.0,Poor
6026,24.217331262939958,27.7703740510697,38.50949309868875,26.477029478191948,33.386450628019325,30.072135703781935,5.802484677836013,24.217331262939958,38.50949309868875,Poor
6027,46.21345806303198,43.995214354727395,57.20264848171151,40.260603153368365,51.116426782608684,47.757670167089586,6.580948638617662,40.260603153368365,57.20264848171151,Fair
6028,42.88222898550725,39.3511188405797,47.032435507246376,45.03451494064034,44.84321298550724,43.82870225189619,2.9022270711330767,39.3511188405797,47.032435507246376,Poor
6029,42.846949197669126,40.981229922052705,40.45046019763879,44.06963896621292,42.31371071349299,42.132397799413305,1.4534840031829097,40.45046019763879,44.06963896621292,Poor
6030,75.25439630779847,73.00411732229122,71.39511037784679,71.87540740275065,72.75469487922705,72.85674525798284,1.4899885797185455,71.39511037784679,75.25439630779847,Very Good
6031,51.579736714975844,51.60858799171842,55.23508997584542,53.34500207970688,54.315912270531406,53.216865806555596,1.6251384574994374,51.579736714975844,55.23508997584542,Fair
6032,35.91468599033817,36.505672877846784,47.24349033816425,34.63568568392367,43.027823768115944,39.465471731677766,5.42870259310374,34.63568568392367,47.24349033816425,Poor
6033,36.85980565907522,38.72367812284334,51.51740590062113,42.97582724853755,45.516890357487924,43.118721457713036,5.805169379273751,36.85980565907522,51.51740590062113,Poor
6034,16.62111801242236,17.118012422360252,32.487060041407865,19.139268461007592,25.624927536231883,22.19807729468599,6.779976289862247,16.62111801242236,32.487060041407865,Poor
6035,5.325151874855334,6.3307858161612,15.629378559924275,7.100202499807113,11.049053504484148,9.086914451046415,4.25288000623823,5.325151874855334,15.629378559924275,Poor
6037,32.42690361168622,31.336204278812975,41.63197808833679,31.640773766448827,38.384845410628024,35.08414103118257,4.6565421250834484,31.336204278812975,41.63197808833679,Poor
6038,21.617551035194026,22.643641092375937,32.07740047445882,21.767710871936615,29.287983701858238,25.478857435164727,4.867518895588956,21.617551035194026,32.07740047445882,Poor
6039,14.69946831147918,14.964713595583163,25.04410347653554,13.860603622583028,19.831852173913042,17.680148236018788,4.735626298963557,13.860603622583028,25.04410347653554,Poor
6040,31.029638543823324,29.38806763285024,38.23616783126294,29.188955755237224,35.7119536231884,32.71095667727243,4.056071181815007,29.188955755237224,38.23616783126294,Poor
6041,33.73450315159792,33.06301493969467,46.085318000918065,33.39031369380847,42.01919843202038,37.6584696436079,6.015824984595505,33.06301493969467,46.085318000918065,Poor
6042,24.02918992408558,24.75569551414769,37.791386783988955,24.938113930869534,31.426346241545893,28.58814647892753,5.9487291263238555,24.02918992408558,37.791386783988955,Poor
6043,64.72686790890269,62.79306445824707,67.12618191856453,63.40532455330076,65.13451495652174,64.63719075910737,1.685878591633914,62.79306445824707,67.12618191856453,Good
6044,10.939883781918564,12.572112077294683,27.970447791580398,13.991639914352957,19.934481623188404,17.081713037667,6.969755241032597,10.939883781918564,27.970447791580398,Poor
6045,40.43385006901311,40.37292615596963,46.61934976708074,37.44108484235487,43.69757149758453,41.71295646640058,3.5246302509624545,37.44108484235487,46.61934976708074,Poor
6046,19.954542615596964,21.24464734299517,31.922116589026917,22.80662662136575,28.45100753623188,24.875788141043337,5.101916520585311,19.954542615596964,31.922116589026917,Poor
6047,64.497077294686,59.88554865424432,65.88729468599034,62.931415700157125,64.2489284057971,63.49005294817498,2.2716340332461495,59.88554865424432,65.88729468599034,Good
6050,77.10700740740741,72.37943703703704,72.28536851851852,75.59226918578497,73.43843496296296,74.16050342234217,2.117873353850754,72.28536851851852,77.10700740740741,Very Good
6052,45.0,41.796907400773655,45.0,45.0,45.0,44.35938148015473,1.4324665580193194,41.796907400773655,45.0,Poor
6053,49.873119392684615,48.18923395445136,56.707388716356114,45.984162189196525,51.6072463768116,50.47223012590005,4.0583008615657405,45.984162189196525,56.707388716356114,Fair
6055,16.15472481021394,17.715603864734298,31.412612793305726,19.433650174302347,25.58888115942029,22.061094560395322,6.3357739969687525,16.15472481021394,31.412612793305726,Poor
6056,22.43484982746633,25.78586012027898,36.426763710602906,23.982068975733085,30.92781907614276,27.91147234204481,5.734988382975015,22.43484982746633,36.426763710602906,Poor
6059,20.79739734299517,24.790041407867495,36.80904438405797,22.658188210213385,30.579536231884052,27.126841515403612,6.541359068098811,20.79739734299517,36.80904438405797,Poor
6060,18.410465838509317,19.289965493443756,32.66294168391995,18.5901727749325,26.29380869565217,23.049470897291535,6.294524145562393,18.410465838509317,32.66294168391995,Poor
6061,19.73181504485852,20.881711525189786,35.128735334713596,20.35197171673144,28.674608695652175,24.953768463429107,6.752806479112368,19.73181504485852,35.128735334713596,Poor
6063,70.23323099838792,66.13140232015309,66.35484409074803,70.4434283057428,68.61944108304237,68.35646935961483,2.0557366724596213,66.13140232015309,70.4434283057428,Good
6065,22.500475500345065,22.053151138716352,30.889853519668737,22.21289970746264,27.497687246376813,25.030813422513923,3.9882182019392545,22.053151138716352,30.889853519668737,Poor
6066,29.601777869795253,30.26144228203359,43.14462931907062,29.367992525349052,37.83546377455716,34.04226115416113,6.186735057479879,29.367992525349052,43.14462931907062,Poor
6067,22.638142167011736,22.693024154589374,36.123631297446515,21.9706642898588,29.39761391304348,26.564615164389984,6.142301342449395,21.9706642898588,36.123631297446515,Poor
6068,25.079468599033817,25.230503795721184,39.59707125603864,26.339936239707406,33.89724637681159,30.028845253462528,6.473869318493944,25.079468599033817,39.59707125603864,Poor
6069,34.16174298366689,32.021311709224754,37.32716719864274,30.301105404723256,37.14697774557166,34.19166100836586,3.0989123156356175,30.301105404723256,37.32716719864274,Poor
6070,36.52383252818036,34.04945939728549,45.0,34.4579475444464,41.603832528180355,38.32701439961852,4.790221650921519,34.04945939728549,45.0,Poor
6072,40.01686183574879,38.61292146307799,54.63631352657005,39.399210592814256,48.314359169082124,44.19593331745864,7.028623249233115,38.61292146307799,54.63631352657005,Poor
6073,24.605141476880608,27.94147688060732,42.49375862663906,26.62373939307578,34.15834782608695,31.164492840657942,7.268885660593691,24.605141476880608,42.49375862663906,Poor
6075,26.637129494425515,27.022479059388793,36.93820239053044,26.263331153760934,32.82203148643984,29.936634716909104,4.749201548218629,26.263331153760934,36.93820239053044,Poor
6076,56.0154600156026,55.00723775025785,61.261812378326006,58.25009303624806,58.92104830932207,57.891130297951314,2.469112101511313,55.00723775025785,61.261812378326006,Fair
6077,41.43006418219462,40.630277432712205,47.133186162870935,36.38796381887457,44.36997719806763,41.99029375894399,4.051599619054455,36.38796381887457,47.133186162870935,Poor
6078,44.66647563837129,40.74309233954451,50.584366942719114,43.75197201625394,45.43506179710145,45.036193746798055,3.576239580877954,40.74309233954451,50.584366942719114,Fair
6080,27.120252760524505,28.70387163561076,40.25256707211871,28.470458471522548,35.735837681159424,32.05659752418719,5.682855549325861,27.120252760524505,40.25256707211871,Poor
6081,55.0132160110421,53.44140786749482,59.240118184955136,57.620320403386756,57.11267632850241,56.48554775907625,2.275038784492436,53.44140786749482,59.240118184955136,Fair
6082,45.0,45.0,45.0,45.0,45.0,45.0,0.0,45.0,45.0,Poor
6085,76.90528293357896,71.8958335567433,72.29635582968388,74.170026867404,73.4779633382917,73.74909250514038,1.984769971624415,71.8958335567433,76.90528293357896,Very Good
6086,21.093892512077296,21.215242236024846,29.36944957729469,20.152405490686956,25.74354473429952,23.51490691007666,3.9274253817747145,20.152405490686956,29.36944957729469,Poor
6087,28.32890305958132,30.17588921095008,43.1458040257649,33.56028480118914,36.63951239291466,34.37007869808002,5.850352105360923,28.32890305958132,43.1458040257649,Poor
6088,22.989779158040026,26.098523119392684,34.422689786059344,23.931131544953054,30.849352173913037,27.65829515647163,4.849215364769093,22.989779158040026,34.422689786059344,Poor
6089,51.87169001610306,44.932725097768575,50.414863325281814,50.013195525044495,50.41660779388084,49.529816351615764,2.6655666794132227,44.932725097768575,51.87169001610306,Fair
6090,28.608613276344073,28.51641970811205,36.3879168487775,33.64069414503697,33.780918442961585,32.186912484246434,3.484950366411576,28.51641970811205,36.3879168487775,Poor
6091,19.957556935817806,22.11566597653554,36.84046756383712,22.923256301288337,29.83587439613527,26.334564234722812,6.941461013847186,19.957556935817806,36.84046756383712,Poor
6092,67.228697952611,63.559328272371765,63.063329595123065,65.45680244833565,63.47663446054751,64.55695854579781,1.7565025078814145,63.063329595123065,67.228697952611,Good
6093,39.56891113693759,37.85880093654545,49.445022680385506,42.38256977502609,45.51328557339636,42.9537180204582,4.648379564293951,37.85880093654545,49.445022680385506,Poor
6094,32.306543639291476,32.16599696342304,43.99563743961353,32.39653311949513,39.65889712077295,36.104721656519224,5.444930803308353,32.16599696342304,43.99563743961353,Poor
6096,30.548454106280193,29.676963423050378,40.02535628019324,29.78609295442247,35.41623188405797,33.09061972960085,4.54242764286336,29.676963423050378,40.02535628019324,Poor
6097,35.776224982746726,35.578951000690125,45.975379572118705,34.78177276152104,42.41352657004831,38.90517097742498,5.0038201345306,34.78177276152104,45.975379572118705,Poor
6098,49.08294575569358,47.391393788819876,57.56708585231194,52.36067681205988,55.3786526763285,52.35615097704275,4.232377158251103,47.391393788819876,57.56708585231194,Fair
6099,36.395320266849815,39.747939715402055,49.01492134805403,35.32877310133882,43.475372055208794,40.7924652973707,5.59206184471509,35.32877310133882,49.01492134805403,Poor
6100,83.88325493443755,79.03301697722569,81.49965348516218,81.7482535428128,82.13657963285024,81.66015171449769,1.7395782556015007,79.03301697722569,83.88325493443755,Excellent
6104,49.23583682719681,46.05909696350837,52.799151750306706,43.265896096481335,51.28600512091628,48.5291973516819,3.8773565422157543,43.265896096481335,52.799151750306706,Fair
6105,39.129542097998616,37.952129744651494,48.04644125258799,37.27095341661475,45.524689082125605,41.584751118795694,4.87620217328689,37.27095341661475,48.04644125258799,Poor
6106,74.50764199447896,70.26224844720497,67.95214229641132,72.37558143873247,70.65875739130435,71.15127431362642,2.451097586754128,67.95214229641132,74.50764199447896,Very Good
6107,74.75302144007271,66.50866849386998,68.58594377731558,71.99911030816114,71.15789640303485,70.60092808449085,3.1745770106861295,66.50866849386998,74.75302144007271,Very Good
6108,71.85087168161861,67.34906876992241,74.86785198987596,70.91518983250154,71.76065775569187,71.34872800592208,2.6921783631548784,67.34906876992241,74.86785198987596,Very Good
6109,80.26803432252129,74.66959024614675,76.94287490223142,77.66629097753673,77.5389301320451,77.41714411609625,1.998653579089617,74.66959024614675,80.26803432252129,Excellent
6110,75.66577821768293,71.08923406283944,71.23845739398111,72.34385963587295,71.29045322557027,72.32555650718933,1.9325587023252562,71.08923406283944,75.66577821768293,Very Good
6111,78.08043051529701,70.57672784514672,72.44724023176693,74.4977640039018,74.08112500206869,73.93665751963623,2.78451329924333,70.57672784514672,78.08043051529701,Very Good
6112,45.0,45.0,45.0,45.0,45.0,45.0,0.0,45.0,45.0,Poor
6113,66.79369174143088,63.77102185415229,66.65286444674487,68.54281605909982,67.02050190016102,66.55617920031777,1.730981171563065,63.77102185415229,68.54281605909982,Good
6114,78.02070393374741,73.16425120772946,75.04540200138025,75.44177528548238,74.46949758454107,75.22832600257611,1.7827381765011097,73.16425120772946,78.02070393374741,Excellent
6115,45.0,45.0,45.0,45.0,45.0,45.0,0.0,45.0,45.0,Poor
6116,45.0,45.0,45.0,45.0,45.0,45.0,0.0,45.0,45.0,Poor
6117,78.82137455716587,73.75458679549115,72.89757383252818,75.12403597175772,73.94622433494364,74.90875909837732,2.326926992285111,72.89757383252818,78.82137455716587,Excellent
6119,74.29994248907292,69.71095468138947,72.58389780308259,73.31575877635375,73.18986312399356,72.62008337477846,1.7388846296655818,69.71095468138947,74.29994248907292,Very Good
6120,54.89121267823044,56.18814328759216,60.187079052596225,60.01325483103289,58.01682146389556,57.85930226266946,2.328368358447224,54.89121267823044,60.187079052596225,Fair
6121,45.0,45.0,45.0,45.0,45.0,45.0,0.0,45.0,45.0,Poor
6122,72.2876597078445,70.79771842650104,68.55034640269152,73.9524451625161,70.72611362318841,71.26285666454831,2.009120837553715,68.55034640269152,73.9524451625161,Very Good
6124,70.62790089716958,67.69991395050673,70.95250801702112,70.45146620347357,70.23592951092536,69.99354371581927,1.308740133029343,67.69991395050673,70.95250801702112,Very Good
6125,87.8794835978836,82.35886560846562,83.40006693121693,85.18434570186149,84.92830162962963,84.75021269381145,2.0948721913076187,82.35886560846562,87.8794835978836,Excellent
6128,41.22153342535081,35.92846450425581,45.025968207959515,38.9344892115089,42.09551221900161,40.641193513615335,3.4205533441476295,35.92846450425581,45.025968207959515,Poor
6129,67.8548723257419,63.98089717046239,68.08286145617667,68.13401180394315,68.64217391304346,67.33896333387352,1.8991191869866977,63.98089717046239,68.64217391304346,Good
6130,58.11708045778698,55.011357257879,53.824847667931905,54.30583487239093,54.813376489533006,55.21449934910437,1.687005207194518,53.824847667931905,58.11708045778698,Fair
6131,42.36560628019324,40.93497860593512,41.29771074879228,41.66968376720322,43.557724057971015,41.96514069201898,1.0356985459052146,40.93497860593512,43.557724057971015,Poor
6132,66.58107890499195,60.038058431101916,64.02571054750403,65.60207931571777,64.01719001610306,64.05282344308375,2.4956267945757773,60.038058431101916,66.58107890499195,Good
6134,45.0,45.0,45.0,45.0,45.0,45.0,0.0,45.0,45.0,Poor
6135,69.26818228663447,63.75411308948701,68.66634774557167,67.72973612626886,67.9920396199678,67.48208377358596,2.1686275111350426,63.75411308948701,69.26818228663447,Good
6137,45.0,45.0,45.0,45.0,45.0,45.0,0.0,45.0,45.0,Poor
6138,72.11029140786749,66.05439199447895,65.88882552622498,70.22595759465554,68.42249632850242,68.54039257034587,2.683757316610137,65.88882552622498,72.11029140786749,Good
6139,67.13654501955372,59.281916908212565,64.00382722567288,64.57790548016268,64.17697596135265,63.835434118990904,2.842891264069527,59.281916908212565,67.13654501955372,Good
6140,76.8577032436163,74.02540234644583,69.5008071083506,73.21710859832599,71.7477070531401,73.06974566997577,2.7280362285302546,69.5008071083506,76.8577032436163,Very Good
6142,79.2301563146998,74.11745755693582,69.06797938233265,74.80032237971369,72.80682202898551,74.0045475325335,3.665966615665486,69.06797938233265,79.2301563146998,Very Good
6143,45.0,45.0,45.0,45.0,45.0,45.0,0.0,45.0,45.0,Poor
6144,82.16392770876466,73.62453416149067,72.3638446773637,77.97946396556237,75.94810628019323,76.41597535867493,3.870215153358063,72.3638446773637,82.16392770876466,Excellent
6145,66.97786289394985,61.446809293765824,63.64462014032666,65.23944972054811,63.67471368760064,64.19669114723821,2.0592082701864514,61.446809293765824,66.97786289394985,Good
6146,66.83560377271593,63.15751542278647,65.22454784908922,62.718186946617195,64.75555924361458,64.53828264696469,1.6594517082239837,62.718186946617195,66.83560377271593,Good
6147,75.92432698412699,66.48403809523809,69.51396587301588,72.40250645416963,71.41090622222222,71.14714872575455,3.4956691111436715,66.48403809523809,75.92432698412699,Very Good
6148,80.05892199217674,74.7757294423063,70.59530712559965,75.43848668282635,74.64897953714865,75.10348495601154,3.3654958245228817,70.59530712559965,80.05892199217674,Excellent
6149,76.32899277662757,71.22814593972856,80.43508456406718,76.52132810063064,77.53958147504026,76.41062657121884,3.32970815957903,71.22814593972856,80.43508456406718,Excellent
6150,72.35318454106192,67.83098641427485,66.97606460777338,70.43574752923315,68.67548236116691,69.25429309070203,2.153492023879649,66.97606460777338,72.35318454106192,Good
6151,75.55405129974694,70.01562778927996,70.27713704853923,73.95071712260956,71.27777320450886,72.21506129293691,2.430685217145365,70.01562778927996,75.55405129974694,Very Good
6152,85.3229112031286,80.35797561536693,79.81029043018172,80.62978853674505,80.58196199677938,81.34058555644035,2.2498325012375138,79.81029043018172,85.3229112031286,Excellent
6153,60.96641573498965,54.94937308488613,63.25370800552106,61.50489859282171,61.84611344927535,60.50410177349878,3.218371833930515,54.94937308488613,63.25370800552106,Fair
6154,62.786648217160376,56.1244233592944,58.53714784908922,56.10686398965213,58.949209021392356,58.50085848731769,2.7362831679197566,56.10686398965213,62.786648217160376,Fair
6155,69.10271502185327,62.34459948075748,65.25697793880627,64.42840635392402,64.66705157211699,65.15995007349161,2.4626770977424854,62.34459948075748,69.10271502185327,Good
6301,12.895017693183275,16.431947658422608,29.1838019419452,14.661583045102066,21.02783873281665,18.840037814293957,6.526514687889917,12.895017693183275,29.1838019419452,Poor
6302,45.64730927358356,43.631845519016125,48.404297024760936,47.36552317599415,45.57710936083598,46.125216870838145,1.835639145552283,43.631845519016125,48.404297024760936,Fair
6305,24.676109730848864,23.960905452035885,34.16181021394065,23.17684326386386,29.75432115942029,27.14599796402191,4.691063915729189,23.17684326386386,34.16181021394065,Poor
6306,27.759823602484467,28.18174851621808,39.91512311939268,27.851424722340965,35.410137507246375,31.82365149353651,5.565328717709942,27.759823602484467,39.91512311939268,Poor
6307,81.82984660685352,74.37606052121129,80.2938277547692,78.53858090090591,78.88622612007941,78.78490838076387,2.786456909691284,74.37606052121129,81.82984660685352,Excellent
6308,60.70388760064412,57.26454879227053,65.53628212560388,56.51258987528279,60.74557530434783,60.15257673962983,3.5787597168412697,56.51258987528279,65.53628212560388,Fair
6309,25.096097998619737,28.340665286404416,40.55469703243616,26.831564462996955,34.71681768115942,31.107968492323334,6.410005028604444,25.096097998619737,40.55469703243616,Poor
6310,30.523502912875024,31.004638249634937,40.34109603844854,29.925674199222968,37.10075522234966,33.77913332450623,4.670081000883551,29.925674199222968,40.34109603844854,Poor
6311,32.62604476650474,32.53362032271745,44.261462272829725,32.93601590399763,39.90448214216531,36.45232508164297,5.36798636156341,32.53362032271745,44.261462272829725,Poor
6312,25.57055458937198,25.883808419599724,36.72290603864734,25.288014906087213,31.830298144927532,29.059116419726756,5.071660739915848,25.288014906087213,36.72290603864734,Poor
6315,38.38632270531313,37.440604633736534,46.29600108120332,38.21300267341095,42.84984541430701,40.63715530159419,3.810486602971052,37.440604633736534,46.29600108120332,Poor
6317,51.94410669427191,51.980453002070405,57.940709351276745,53.46278628362061,55.95482771014492,54.256576608276916,2.627510691056563,51.94410669427191,57.940709351276745,Fair
6321,31.919712732919248,34.427971014492755,41.95838272084196,30.548160986822314,38.28454685990338,35.42775486299593,4.688462553379863,30.548160986822314,41.95838272084196,Poor
6322,60.0568634115482,59.23596181274442,59.70248992121003,62.9935766664897,60.12165658615138,60.42210967962875,1.4799424584306895,59.23596181274442,62.9935766664897,Fair
6324,82.18332183114792,76.41177823786519,76.85675178283874,77.55996866935082,77.82469484702094,78.16730307364473,2.313766100488489,76.41177823786519,82.18332183114792,Excellent
6325,68.20781210029907,64.87378072233723,67.16098601334254,67.25248141088505,67.02919235426731,66.90485052022623,1.2272802167506045,64.87378072233723,68.20781210029907,Good
6326,80.4519094001076,73.06818368326734,70.69135840329788,77.39155371406359,75.6762863656669,75.45585831328067,3.780128344517906,70.69135840329788,80.4519094001076,Excellent
6327,83.93688584080977,79.82537520128825,75.19300450023005,79.68830742687265,78.65725552334942,79.46016569851002,3.1256910957056627,75.19300450023005,83.93688584080977,Excellent
6328,82.72991948470211,77.2484794110881,82.64531803542673,81.14182447013111,81.01790837359098,80.95668995498781,2.2239972841968707,77.2484794110881,82.72991948470211,Excellent
6329,67.91960524499655,61.74467356797791,64.13688785369219,64.98991300622421,64.479762705314,64.65416847564097,2.2101447303717623,61.74467356797791,67.91960524499655,Good
6331,65.43998102139406,60.15774097078446,62.616811737980214,62.95855919061869,63.175790016103065,62.8697765873761,1.879268860656774,60.15774097078446,65.43998102139406,Good
6332,65.75246635610765,57.93524499654935,61.23256146480331,62.88811378595132,62.373656038647354,62.0364085284118,2.833457954708812,57.93524499654935,65.75246635610765,Fair
6333,24.58148913043478,25.397892339544516,36.754192934782616,24.153096618357488,32.092848019323675,28.59590380848861,5.587209468362823,24.153096618357488,36.754192934782616,Poor
6335,67.92848014722797,62.79490701633311,66.82067579940188,65.60896368308359,66.86951786151369,66.00450890151205,1.9731975662361911,62.79490701633311,67.92848014722797,Good
6336,73.42777225672879,66.59885990338165,65.91710196687372,70.96074387566837,69.09820908212559,69.20053741695563,3.103545814688669,65.91710196687372,73.42777225672879,Good
6337,83.2854957441914,77.3317230273752,79.02302593742812,80.3293989339756,79.79692431561996,79.95331359171806,2.1798800365144557,77.3317230273752,83.2854957441914,Excellent
6338,74.54177795031056,67.99541062801933,67.77089177881298,71.3743723997843,70.28994541062802,70.39447963351105,2.7753353801886145,67.77089177881298,74.54177795031056,Very Good
6339,53.618288474810214,48.45990338164252,57.47160973084887,54.778680629481535,55.22041545893719,53.90977953514406,3.3520705208226076,48.45990338164252,57.47160973084887,Fair
6340,78.68222576489534,68.85587706464229,72.44929822866345,74.96891360545548,73.730836431562,73.73743021904372,3.586657323442091,68.85587706464229,78.68222576489534,Very Good
6342,69.90191423970555,62.72055504945939,62.820613515067855,66.19288570292323,63.556828779388084,65.03855945730882,3.0607451404919104,62.72055504945939,69.90191423970555,Good
6343,45.0,45.0,45.0,45.0,45.0,45.0,0.0,45.0,45.0,Poor
6344,72.40402576489532,67.11253738210262,71.30215378421902,71.54918734964502,70.26091465378421,70.52576378692923,2.0553773880007964,67.11253738210262,72.40402576489532,Very Good
6345,76.44403110190848,69.85077477406321,69.28635561306437,73.84410324758886,72.36598606487061,72.3582501602991,2.942167316195484,69.28635561306437,76.44403110190848,Very Good
6349,78.05334722797332,68.74559411088109,72.01516606855303,75.10533766448823,74.41649440257649,73.66718789489444,3.4935436946938134,68.74559411088109,78.05334722797332,Very Good
6350,57.74750660225354,53.54227511912877,57.66198691051089,58.026934878878166,58.44768886680299,57.08527847551486,2.0041762865631045,53.54227511912877,58.44768886680299,Fair
6351,45.0,45.0,45.0,45.0,45.0,45.0,0.0,45.0,45.0,Poor
6353,78.66092707614447,73.68368990108121,76.03372296986429,78.2575343971225,76.9537842190016,76.71793171264281,1.9922348498686688,73.68368990108121,78.66092707614447,Excellent
6354,45.0,45.0,45.0,45.0,45.0,45.0,0.0,45.0,45.0,Poor
6401,35.60070614216701,35.09740565907523,46.408422325741896,33.57467071767118,42.00030817391304,38.53630260371367,5.455069506014576,33.57467071767118,46.408422325741896,Poor
6403,10.35134575569358,10.914009661835749,18.475319185645272,10.823236836051482,15.738869565217392,13.260556200888692,3.648496329982454,10.35134575569358,18.475319185645272,Poor
6404,32.96599378881987,34.127122153209115,38.209562629399585,30.06172091320833,37.410231884057964,34.55492627373897,3.331882134751701,30.06172091320833,38.209562629399585,Poor
6405,24.243053140096617,23.54761628709455,31.472890096618357,22.599434476194205,28.433328695652172,26.05926453913118,3.759020721820389,22.599434476194205,31.472890096618357,Poor
6411,35.29186307798393,32.644003759570445,43.23808936047639,31.548828883305806,38.883059649411685,36.321168946149655,4.789658548598356,31.548828883305806,43.23808936047639,Poor
6413,43.236335403726706,41.27826086956522,50.685701345755696,41.297749949008534,46.57414492753623,44.61443849911848,4.022758819965152,41.27826086956522,50.685701345755696,Poor
6414,29.749707556935817,27.68628709454796,34.27885157867495,28.05392106706752,33.859795652173915,30.72571258988004,3.1534281513311764,27.68628709454796,34.27885157867495,Poor
6415,35.26613647342995,37.056536922015184,43.463091485507256,40.99674396787211,41.6738709178744,39.69127595333978,3.4053351934467018,35.26613647342995,43.463091485507256,Poor
6419,31.885060777546848,31.097212317196394,41.08718601334043,31.579541225663004,37.80715002622328,34.69123007199399,4.5025372505979355,31.097212317196394,41.08718601334043,Poor
6422,24.80893719806763,27.461007591442367,34.551781400966185,24.882151681694015,31.790048309178744,28.69878523626978,4.331373178281186,24.80893719806763,34.551781400966185,Poor
6423,28.967053140095732,29.199323014228828,41.48732290084906,27.799509649882225,36.189329330571105,32.728507607125394,5.907470626499647,27.799509649882225,41.48732290084906,Poor
6424,30.82677382102511,29.70043992244139,39.371585047156856,29.422173161876636,36.14340573636821,33.092875537773644,4.439758437206857,29.422173161876636,39.371585047156856,Poor
6430,64.6668380952381,60.35420952380952,64.19881031746031,64.87846818756292,64.10024977777778,63.63971518036973,1.8647196439475235,60.35420952380952,64.87846818756292,Good
6431,71.68088198757762,63.58268599033817,66.74674551414769,69.38896425754092,68.34919690821256,67.94969493156339,3.027817252684528,63.58268599033817,71.68088198757762,Good
6436,22.083168438002335,25.50446007427024,36.71954488152539,24.221721210183947,31.186270702551784,27.94303306130674,5.951440238250988,22.083168438002335,36.71954488152539,Poor
6437,26.489006901311246,25.979726708074537,32.950504485852306,30.381503878611426,31.72371864734299,29.504892124238502,3.1259494055099495,25.979726708074537,32.950504485852306,Poor
6439,42.04793188125707,37.72643462166342,36.14971057248291,35.948109704824006,37.91115090513528,37.95666753707254,2.454227013261114,35.948109704824006,42.04793188125707,Poor
6500,20.72040200138026,21.205175983436853,32.595205745341616,21.202311380457832,28.06486231884058,24.757591485891428,5.336778267513842,20.72040200138026,32.595205745341616,Poor
6501,33.5449194847021,32.562447665056354,42.19642914653785,31.82323547627895,38.683375040257644,35.76208136256658,4.488951928436005,31.82323547627895,42.19642914653785,Poor
6503,32.65663446054751,34.0327674258109,45.04969202898551,32.171582989431954,40.94618260869565,36.97137190269431,5.73037313988983,32.171582989431954,45.04969202898551,Poor
6504,20.83120859213251,20.885100069013113,33.53746614044169,20.156291318224962,27.333634782608694,24.54874018048419,5.8113840716409975,20.156291318224962,33.53746614044169,Poor
6506,59.659371980676326,55.665472739820565,60.567675120772954,62.22166151629538,58.88893864734298,59.40062400098164,2.429011544892862,55.665472739820565,62.22166151629538,Fair
6509,39.219880837359106,40.90526063952151,50.03697624798712,38.56671371107068,45.591134170692435,42.863993121326175,4.859829802620234,38.56671371107068,50.03697624798712,Poor
6511,27.95146353807223,28.50849045318611,41.41357907752473,29.78208733651297,35.84858247987117,32.700840577033446,5.7980943758058805,27.95146353807223,41.41357907752473,Poor
6512,22.96221618357488,23.759993098688753,34.51684329710145,22.965725941572625,30.11012173913043,26.862980052013626,5.223950327622981,22.96221618357488,34.51684329710145,Poor
6513,36.38106457326803,34.421896927272314,43.27730514722587,33.52796913862638,41.94545350448414,37.910737858175345,4.438455470747578,33.52796913862638,43.27730514722587,Poor
6514,21.005303657694963,20.94937198067633,34.61091959972395,20.538845422735584,27.854944927536234,24.99187711767341,6.180356837714529,20.538845422735584,34.61091959972395,Poor
6515,31.178935265700485,31.013386335403727,46.26398236714975,31.188018051073424,38.926755710144924,35.71421554589446,6.796525225032731,31.013386335403727,46.26398236714975,Poor
6516,42.225390315159,41.7251626277554,51.068261323899435,45.12052341916237,46.06160654796241,45.24018884678772,3.7449931628653976,41.7251626277554,51.068261323899435,Fair
6517,35.72714446744882,35.08952564987348,47.044753163100985,35.938716739824294,43.02943716586151,39.365915437221815,5.37726219771371,35.08952564987348,47.044753163100985,Poor
6518,36.055976351505905,35.43860638206873,48.60729039567307,34.7994644450828,43.17756983298657,39.615781481463415,6.059114683362635,34.7994644450828,48.60729039567307,Poor
6520,45.0,45.0,45.0,45.0,45.0,45.0,0.0,45.0,45.0,Poor
6521,80.81524950540515,79.17912112787043,77.69009535311498,76.84312869526605,75.98390868000749,78.10230067233283,1.9211094184417603,75.98390868000749,80.81524950540515,Excellent
6522,78.68794350126525,73.68281978375893,72.47062586841501,76.45118112859257,73.80454464412239,75.01942298523083,2.5133035233640237,72.47062586841501,78.68794350126525,Excellent
6523,78.21882660455486,73.25054106280193,70.69040118184955,75.72673656735671,74.05039342995168,74.38737976930295,2.808356912745063,70.69040118184955,78.21882660455486,Very Good
6525,28.074099206349203,31.27425396825397,44.965661706349216,29.235701026069442,37.78200888888888,34.26634495918214,7.061146614858057,28.074099206349203,44.965661706349216,Poor
6526,45.0,41.11362705314009,45.0,42.69645539079956,44.97345344927536,43.756707178643,1.780592034256243,41.11362705314009,45.0,Poor
6528,65.87543584080974,59.113876788589835,63.418478111341145,63.748104487901294,63.04983152334942,63.04114535039829,2.4545308933066075,59.113876788589835,65.87543584080974,Good
6529,69.90543737060041,64.75213250517598,67.52774262422359,69.43233979597824,68.36619371980676,67.996769203157,2.0364187196840176,64.75213250517598,69.90543737060041,Good
6530,75.94089468599034,68.93245106970325,73.16206376811594,71.45851485197574,72.82874001932367,72.46453287902179,2.558904148932586,68.93245106970325,75.94089468599034,Very Good
6531,71.63419254658385,65.29984817115252,63.61064182194617,69.75437698668821,66.73080048309178,67.40597200189251,3.266840992923643,63.61064182194617,71.63419254658385,Good
6533,69.0859247757074,63.04604554865424,67.16104554865426,66.99457836341132,66.66307874396135,66.59013459607772,2.1956986770855145,63.04604554865424,69.0859247757074,Good
