uni_id,name,url,member,region,country,country_is_bucket,country_rank_eligible,notice_date_future,http_status,page_lang,switched_to_english,fetched_at,load_time_s,a01_logo,a02_primary_nav,a03_nav_item_count,a04_search_bar,a05_language_toggle,a06_breadcrumb,a07_qs_badge,a09_national_rank,a11_accreditation,a12_accred_count,a13_achievements,a14_stats_block,a15_stat_item_count,a16_notice_board,a17_notice_timestamp,a18_recent_notice_date,a20_news_events,a21_calendar_link,a22_admission_notice,a23_upcoming_events,a24_event_count,a25_event_images,a26_event_captions,a27_event_datetime,a28_contests,a29_video_content,a30_image_gallery,a31_social_feed_embed,a32_vision_mission,a33_about_blurb,a34_department_links,a35_faculty_link,a36_research_highlight,a37_programs_listing,a38_scholarship,a39_library_link,a40_career_link,a41_alumni_link,a42_faq_link,a43_contact_link,a44_student_portal,a45_prospectus,a46_admissions_policy,a47_footer_contact,a48_footer_sitemap,a49_copyright_line,a50_social_links,a51_quick_links,a53_contrast_ratio,a54_banner_carousel,a57_logo_prominence,a58_live_chat,a59_feedback_form,a60_trust_seal,a61_testimonials,a63_mobile_score,a65_https,a66_broken_links,a67_gzip,a69_title_meta,a70_favicon,a71_sitemap_robots,a72_alt_text_pct,a73_accessible_design,a74_a11y_toggle,a75_bookmark,notice_recency_days,notice_evidence,event_evidence,load_time_z_region,load_time_pct_region,broken_links_w,broken_links_log,broken_links_present,mobile_ordinal,nav_quality,a18_missing,a72_missing,a53_missing,content_completeness_B5,footer_completeness_B6,a11y_completeness_B11,seo_completeness_B10,nav_completeness_B1,events_completeness_B4,service_completeness_B8
1001,Harvard University,https://www.harvard.edu,M1,North America,United States,0,1,0,200,en-us,False,2026-08-11T11:13:32+00:00,3.19,1,1,1,1,0,0,0,0,1,1,1,0,0,1,0,,1,0,1,1,0,1,1,0,0,0,1,0,1,1,1,1,1,1,1,1,1,1,1,1,0,0,0,0,0,1,1,1,15.13,1,0,0,0,0,0,90,1,0,1,1,1,1,76.2,1,1,0,3650.0,1,1,-1.5310999853732092,0.0251256281407035,0,0.0,0,12,0.15,1,0,0,0.8,0.6,0.6666666666666666,1.0,0.6,0.5,0.0
1002,Massachusetts Institute of Technology,https://www.mit.edu,M1,North America,United States,0,1,0,200,en,False,2026-08-11T11:13:36+00:00,1.793,0,1,11,1,0,0,0,0,0,0,0,0,0,0,1,2026-08-11,1,0,1,1,1,1,1,0,1,0,0,0,1,1,0,1,1,0,1,0,1,1,0,1,0,0,0,0,0,0,1,1,21.0,0,0,0,0,1,0,75,1,0,1,0,1,1,100.0,1,1,0,0.0,3,2,-1.8226437441121224,0.0050251256281407,0,0.0,0,9,0.8533333333333334,0,0,0,0.5333333333333333,0.4,0.6666666666666666,0.6666666666666666,0.4,0.5,0.25
1003,Stanford University,https://www.stanford.edu,M1,North America,United States,0,1,0,200,en,False,2026-08-11T11:13:49+00:00,10.363,0,1,4,1,0,0,0,0,1,1,1,0,0,0,1,2026-08-06,1,0,1,1,11,1,1,1,1,1,1,0,1,1,1,1,1,1,1,1,1,1,1,1,0,0,0,0,0,1,1,0,18.88,1,0,0,0,0,0,100,1,0,1,1,1,1,100.0,1,1,0,5.0,3,3,-0.0341469564295992,0.5376884422110553,0,0.0,0,13,0.85,0,0,0,0.8,0.4,0.6666666666666666,1.0,0.4,0.875,0.0
1004,Yale University,https://www.yale.edu,M1,North America,United States,0,1,0,200,en,False,2026-08-11T11:13:54+00:00,3.724,1,1,4,1,0,0,0,0,0,0,1,0,0,0,1,2026-08-06,1,1,1,0,5,1,1,1,0,0,1,0,1,1,1,1,1,1,1,1,1,1,1,1,0,0,0,0,0,1,1,0,21.0,1,1,0,0,0,0,100,1,0,1,1,1,0,30.8,1,1,0,5.0,3,1,-1.4196580618466668,0.0402010050251256,0,0.0,0,13,0.85,0,0,0,0.8,0.4,0.6666666666666666,0.6666666666666666,0.6,0.5,0.0
1005,Princeton University,https://www.princeton.edu,M1,North America,United States,0,1,0,200,en,False,2026-08-11T11:13:58+00:00,2.319,1,1,0,1,0,0,0,0,1,1,1,0,1,1,1,2026-08-06,1,1,1,1,0,1,1,0,0,0,1,0,1,1,0,1,1,1,1,1,1,1,1,1,0,0,0,1,0,1,1,1,8.86,1,0,0,0,0,0,90,1,0,1,1,1,1,87.5,1,1,0,5.0,3,1,-1.7128713625110712,0.0150753768844221,0,0.0,0,12,0.0,0,0,0,0.7333333333333333,0.8,0.6666666666666666,1.0,0.6,0.5,0.0
1006,Columbia University,https://www.columbia.edu,M1,North America,United States,0,1,1,200,en,False,2026-08-11T11:14:05+00:00,4.784,1,1,7,1,0,0,0,0,0,0,1,1,6,1,1,2026-12-29,1,1,1,1,20,1,1,1,0,1,1,0,1,1,1,1,1,1,1,1,1,1,1,1,0,0,0,0,0,1,1,1,7.02,1,1,1,0,0,0,75,1,0,1,0,1,0,98.2,1,1,0,0.0,3,3,-1.1984437567190735,0.0854271356783919,0,0.0,0,9,1.0,0,0,0,0.8,0.6,0.6666666666666666,0.3333333333333333,0.6,0.75,0.25
1007,University of Chicago,https://www.uchicago.edu,M1,North America,United States,0,1,0,200,en,False,2026-08-11T11:14:18+00:00,10.527,1,1,4,1,0,0,0,0,1,1,0,0,0,0,0,,1,1,1,1,4,0,0,0,1,1,1,0,1,1,1,1,1,1,1,0,1,1,0,1,0,0,1,1,0,1,1,1,8.45,1,1,1,0,0,0,75,1,0,1,1,1,1,100.0,1,1,0,3650.0,0,2,7.865304297176274e-05,0.5829145728643216,0,0.0,0,9,0.85,1,0,0,0.7333333333333333,0.8,0.6666666666666666,1.0,0.6,0.5,0.25
1008,University of Pennsylvania,https://www.upenn.edu,M1,North America,United States,0,1,1,200,en,False,2026-08-11T11:14:29+00:00,8.758,1,1,6,1,0,0,0,0,0,0,1,1,3,1,1,2026-08-25,1,0,1,1,11,1,1,1,0,0,1,0,1,1,1,1,1,1,1,1,1,1,1,1,1,0,0,1,0,1,1,1,21.0,1,0,0,0,0,0,100,1,0,1,1,1,1,100.0,1,1,0,0.0,3,3,-0.3690988052312853,0.3115577889447236,0,0.0,0,13,1.0,0,0,0,0.8666666666666667,0.8,0.6666666666666666,1.0,0.6,0.625,0.0
1009,California Institute of Technology,https://www.caltech.edu,M1,North America,Canada,0,1,1,200,en,False,2026-08-11T11:14:34+00:00,3.399,1,1,8,1,0,0,0,1,0,0,1,0,0,1,1,2026-08-27,1,1,1,1,14,1,1,0,1,0,1,0,1,1,1,1,1,1,1,1,1,1,1,1,0,0,0,0,0,1,1,0,12.63,1,1,0,0,0,0,100,1,0,1,1,1,1,90.5,1,1,0,0.0,3,2,-1.4874832025697495,0.0301507537688442,0,0.0,0,13,1.0,0,0,0,0.8,0.4,0.6666666666666666,1.0,0.6,0.625,0.0
1010,Cornell University,https://www.cornell.edu,M1,North America,United States,0,1,0,200,en,False,2026-08-11T11:14:47+00:00,10.283,1,1,1,1,0,0,0,0,0,0,1,1,5,0,1,,1,1,1,1,6,0,0,1,0,1,1,0,1,1,1,1,1,1,0,1,1,1,1,1,0,0,0,0,0,1,1,1,13.39,1,1,0,0,0,0,50,1,0,1,1,1,1,65.6,1,1,0,3650.0,1,3,-0.0508423756845119,0.5226130653266332,0,0.0,0,5,0.15,1,0,0,0.7333333333333333,0.6,0.6666666666666666,1.0,0.6,0.5,0.0
1011,Johns Hopkins University,https://www.jhu.edu,M1,North America,United States,0,1,0,200,en,False,2026-08-11T11:14:59+00:00,9.551,1,1,3,1,0,0,0,0,0,0,1,0,0,0,1,2026-08-05,1,1,1,1,7,1,1,0,0,1,1,0,1,1,1,1,1,1,1,1,1,1,1,1,0,0,0,0,0,1,1,0,1.7,1,1,0,0,0,0,90,1,0,1,1,1,1,74.4,1,1,0,6.0,3,2,-0.203605461866963,0.4170854271356783,0,0.0,0,12,0.6,0,0,0,0.8,0.4,0.6666666666666666,1.0,0.6,0.625,0.0
1012,"University of California, Berkeley",https://www.berkeley.edu,M1,North America,United States,0,1,0,200,en-us,False,2026-08-11T11:15:09+00:00,8.896,1,1,3,1,0,0,0,1,1,1,1,0,0,0,0,,1,1,1,1,0,1,1,0,0,1,1,0,1,1,1,1,1,1,1,1,1,1,1,1,0,0,0,0,1,1,1,1,15.13,1,1,0,0,0,0,90,1,0,1,1,1,1,42.9,1,1,0,3650.0,0,1,-0.3402992070165606,0.3366834170854271,0,0.0,0,12,0.6,1,0,0,0.8,0.8,0.6666666666666666,1.0,0.6,0.625,0.0
1013,"University of California, Los Angeles",https://www.ucla.edu,M1,North America,United States,0,1,1,200,en,False,2026-08-11T11:15:18+00:00,6.561,1,1,20,1,0,0,0,1,0,1,1,0,0,0,1,2026-08-29,1,1,1,1,20,1,1,0,0,0,1,0,1,1,1,1,1,1,1,1,1,1,0,1,1,0,0,1,0,1,1,1,12.63,1,1,0,0,0,0,75,1,3,0,1,1,1,51.6,1,1,0,0.0,3,2,-0.8275967565193252,0.1809045226130653,3,1.3862943611198906,1,9,0.45,0,0,0,0.8,0.8,0.6666666666666666,1.0,0.6,0.5,0.0
1014,Duke University,https://www.duke.edu,M1,North America,United States,0,1,0,200,en-us,False,2026-08-11T11:15:38+00:00,17.39,1,1,3,1,0,0,0,0,0,1,0,0,1,0,0,,1,1,1,0,0,1,1,0,1,1,1,0,1,1,1,1,1,1,1,1,1,1,1,1,0,0,0,1,0,0,1,1,21.0,1,1,0,0,0,0,90,1,0,1,1,1,1,97.2,1,1,0,3650.0,0,0,1.4323369323737951,0.9396984924623116,0,0.0,0,12,0.6,1,0,0,0.8,0.6,0.6666666666666666,1.0,0.6,0.625,0.0
1015,Northwestern University,https://www.northwestern.edu,M1,North America,United States,0,1,0,200,en,False,2026-08-11T11:15:50+00:00,9.082,1,1,6,1,0,0,0,1,0,0,1,0,0,1,1,2026-07-19,1,1,1,1,0,1,1,0,1,1,1,0,1,1,1,1,1,1,1,1,1,1,1,1,1,0,0,1,0,1,1,1,13.19,1,1,1,0,1,0,75,1,0,1,1,1,1,97.2,1,1,0,23.0,3,1,-0.3014823572488885,0.3618090452261306,0,0.0,0,9,1.0,0,0,0,0.8666666666666667,0.8,0.6666666666666666,1.0,0.6,0.75,0.5
1016,University of Michigan,https://www.umich.edu,M1,North America,United States,0,1,0,200,en,False,2026-08-11T11:15:56+00:00,3.052,1,1,9,1,0,0,0,0,0,0,1,0,1,1,0,,1,1,0,1,2,1,1,0,0,0,1,0,0,1,1,1,1,1,0,1,1,1,0,1,0,0,0,0,0,1,1,0,18.26,0,0,0,0,0,0,75,1,0,1,1,1,1,100.0,1,0,0,3650.0,1,2,-1.5598995835879337,0.0201005025125628,0,0.0,0,9,1.0,1,0,0,0.6,0.4,0.3333333333333333,1.0,0.6,0.5,0.0
1017,Brown University,https://www.brown.edu,M1,North America,United States,0,1,0,200,en,False,2026-08-11T11:16:07+00:00,9.008,0,1,4,1,0,0,0,0,0,0,0,0,1,0,1,2026-08-06,1,0,1,1,1,1,1,1,1,1,1,0,1,1,1,1,1,1,1,1,1,1,1,1,0,0,0,1,0,1,1,1,21.0,0,0,0,0,0,0,75,1,0,1,1,1,1,64.8,1,1,0,5.0,3,3,-0.3169256200596831,0.3467336683417085,0,0.0,0,9,0.85,0,0,0,0.8,0.8,0.6666666666666666,1.0,0.4,0.875,0.0
1018,Dartmouth College,https://www.dartmouth.edu,M1,North America,United States,0,1,0,200,en,False,2026-08-11T11:16:20+00:00,10.835,1,1,6,1,0,1,0,0,0,0,1,1,4,0,0,,1,1,1,1,12,1,1,0,1,1,1,0,1,1,1,1,1,1,1,1,1,1,1,1,0,0,0,0,0,1,1,1,17.22,1,1,1,0,0,1,100,1,0,1,1,1,1,100.0,1,1,0,3650.0,0,2,0.064356017174386,0.6331658291457286,0,0.0,0,13,1.0,1,0,0,0.8,0.6,0.6666666666666666,1.0,0.8,0.75,0.5
1019,"University of California, San Diego",https://www.ucsd.edu,M1,North America,United States,0,1,0,200,en,False,2026-08-11T11:16:45+00:00,23.263,1,1,7,1,0,0,0,1,1,1,1,1,2,0,1,2026-08-06,1,0,1,1,8,1,1,0,1,1,1,0,1,1,1,1,1,1,1,1,1,1,1,1,0,0,0,1,0,1,1,1,14.18,1,0,0,0,0,0,75,1,0,0,1,1,1,89.3,1,1,0,5.0,3,2,2.657989398425074,0.9798994974874372,0,0.0,0,9,1.0,0,0,0,0.8,0.8,0.6666666666666666,1.0,0.6,0.75,0.0
1020,"University of California, Davis",https://www.ucdavis.edu,M1,North America,United States,0,1,0,200,en,False,2026-08-11T11:16:59+00:00,10.837,1,1,6,1,0,0,0,1,0,0,0,0,0,0,1,2026-08-03,1,1,1,1,0,1,1,0,1,1,1,0,1,1,1,1,1,1,1,1,1,1,1,1,0,0,1,0,0,1,1,0,21.0,1,0,0,0,0,0,100,1,0,1,0,1,1,100.0,1,1,0,8.0,3,1,0.0647734026557585,0.6407035175879398,0,0.0,0,13,1.0,0,0,0,0.8666666666666667,0.4,0.6666666666666666,0.6666666666666666,0.6,0.75,0.0
1021,"University of California, Santa Barbara",https://www.ucsb.edu,M1,North America,United States,0,1,0,200,en,False,2026-08-11T11:17:06+00:00,4.991,0,1,5,1,0,0,0,1,0,0,0,1,2,0,0,,1,0,1,1,0,0,0,0,0,1,1,0,1,1,1,1,1,1,0,1,1,1,1,1,0,0,0,1,0,1,1,1,9.24,1,0,0,0,0,1,75,1,0,1,1,1,1,50.0,1,1,0,3650.0,0,1,-1.155244359396987,0.100502512562814,0,0.0,0,9,1.0,1,0,0,0.7333333333333333,0.8,0.6666666666666666,1.0,0.4,0.375,0.25
1022,"University of California, Irvine",https://www.uci.edu,M1,North America,United States,0,1,0,200,en,False,2026-08-11T11:17:15+00:00,7.736,0,1,3,1,0,0,0,1,1,1,1,0,0,1,1,2026-08-07,1,1,1,1,0,1,1,0,0,0,1,0,1,1,1,1,1,1,1,1,0,1,0,0,0,0,1,1,0,1,1,1,9.74,1,0,0,0,0,0,90,1,0,0,1,1,1,96.8,1,0,0,4.0,3,1,-0.5823827862127949,0.236180904522613,0,0.0,0,12,0.6,0,0,0,0.6666666666666666,0.8,0.3333333333333333,1.0,0.4,0.5,0.0
1023,University of Southern California,https://www.usc.edu,M1,North America,United States,0,1,0,200,en-us,False,2026-08-11T11:17:28+00:00,8.998,1,1,5,1,0,0,0,0,0,0,1,0,0,1,1,2026-08-06,1,1,1,1,2,1,1,0,0,0,1,1,1,1,1,1,1,1,1,1,1,1,1,0,0,0,0,1,0,1,1,1,21.0,1,1,0,0,1,1,90,1,0,1,1,1,1,95.0,1,1,0,5.0,3,2,-0.3190125474665471,0.3417085427135678,0,0.0,0,12,1.0,0,0,0,0.7333333333333333,0.8,0.6666666666666666,1.0,0.6,0.625,0.5
1024,Carnegie Mellon University,https://www.cmu.edu,M1,North America,United States,0,1,1,200,en,False,2026-08-11T11:17:43+00:00,13.781,1,1,4,1,0,0,0,1,0,0,1,1,10,0,1,2026-12-31,1,1,1,1,10,1,1,0,1,1,1,0,1,1,1,1,1,1,1,1,1,1,1,0,0,0,0,1,0,1,1,1,21.0,1,1,0,0,0,0,90,1,0,1,1,1,1,100.0,1,1,0,0.0,3,2,0.6791648312365461,0.8492462311557789,0,0.0,0,12,0.85,0,0,0,0.7333333333333333,0.8,0.6666666666666666,1.0,0.6,0.75,0.0
1025,University of Wisconsin-Madison,https://www.wisc.edu,M1,North America,United States,0,1,0,200,en,False,2026-08-11T11:17:49+00:00,3.475,1,1,6,1,0,0,0,1,0,0,1,0,1,1,0,,1,1,1,1,1,1,1,0,1,0,1,0,1,1,1,1,1,0,0,1,1,1,1,1,0,0,0,1,0,1,1,1,16.88,1,0,0,0,0,0,90,1,0,1,1,0,1,100.0,1,1,0,3650.0,1,2,-1.4716225542775827,0.0351758793969849,0,0.0,0,12,1.0,1,0,0,0.6666666666666666,0.8,0.6666666666666666,0.6666666666666666,0.6,0.625,0.0
1026,University of Washington,https://www.washington.edu,M1,North America,United States,0,1,0,200,en,False,2026-08-11T11:18:01+00:00,9.787,0,1,7,1,0,0,0,1,1,1,0,0,0,0,0,,1,1,1,1,1,0,0,0,0,0,1,0,1,1,1,1,1,0,1,1,1,1,1,1,0,0,0,0,0,1,1,0,10.86,1,0,0,0,0,0,75,1,0,0,1,0,0,71.4,1,1,0,3650.0,0,2,-0.1543539750649704,0.4547738693467337,0,0.0,0,9,1.0,1,0,0,0.7333333333333333,0.4,0.6666666666666666,0.3333333333333333,0.4,0.25,0.0
1027,New York University,https://www.nyu.edu,M1,North America,United States,0,1,0,202,en,False,2026-08-11T11:18:09+00:00,5.017,1,1,5,1,0,1,0,0,0,0,1,0,0,1,0,,1,0,1,1,0,0,0,0,0,0,1,0,1,1,0,1,1,1,0,0,0,1,1,1,0,0,1,0,0,1,1,1,19.68,1,1,0,1,0,0,90,1,0,0,1,0,0,53.8,1,1,0,3650.0,1,1,-1.1498183481391402,0.1105527638190954,0,0.0,0,12,1.0,1,0,0,0.6,0.6,0.6666666666666666,0.3333333333333333,0.8,0.25,0.25
1028,University of Illinois Urbana-Champaign,https://illinois.edu,M1,North America,United States,0,1,0,200,en-us,False,2026-08-11T11:18:22+00:00,12.199,0,1,3,1,0,0,0,1,0,0,1,1,4,1,0,,1,1,1,1,0,1,1,0,1,1,1,0,1,1,1,1,1,1,0,1,1,1,1,1,0,0,0,0,0,1,1,1,14.52,1,0,0,0,1,0,90,1,0,1,1,1,1,27.6,1,1,0,3650.0,1,1,0.3490129154706473,0.7386934673366834,0,0.0,0,12,0.6,1,0,0,0.7333333333333333,0.6,0.6666666666666666,1.0,0.4,0.75,0.25
1029,University of Texas at Austin,https://www.utexas.edu,M1,North America,United States,0,1,0,200,en,False,2026-08-11T11:18:33+00:00,8.711,1,1,5,1,0,0,0,1,0,0,1,1,7,0,0,,1,1,1,0,0,1,0,0,1,1,1,0,1,1,1,1,1,1,1,1,1,1,0,1,0,0,0,0,0,1,1,1,15.32,1,0,0,0,0,0,100,1,0,1,1,1,1,77.8,1,1,0,3650.0,0,0,-0.3789073640435463,0.3065326633165829,0,0.0,0,13,1.0,1,0,0,0.7333333333333333,0.6,0.6666666666666666,1.0,0.6,0.5,0.0
1030,Georgia Institute of Technology,https://www.gatech.edu,M1,North America,United States,0,1,0,200,en,False,2026-08-11T11:18:45+00:00,9.227,1,1,7,1,0,1,0,1,1,1,0,0,0,1,1,2026-07-27,1,1,1,1,0,1,1,0,0,1,1,0,1,1,1,1,1,1,1,1,1,1,0,1,1,0,0,1,0,1,1,1,21.0,1,1,1,0,0,0,75,1,1,0,1,1,1,85.7,1,1,0,15.0,3,1,-0.2712219098493594,0.3819095477386934,1,0.6931471805599453,1,9,1.0,0,0,0,0.8,0.8,0.6666666666666666,1.0,0.8,0.625,0.25
1031,University of North Carolina at Chapel Hill,https://www.unc.edu,M1,North America,United States,0,1,1,200,en-us,False,2026-08-11T11:18:52+00:00,5.966,1,1,3,1,0,0,0,1,0,0,1,1,2,1,1,2026-08-21,1,1,1,0,20,1,1,1,0,0,1,0,1,1,1,1,1,1,0,1,1,1,1,1,0,0,0,0,0,1,1,0,2.74,1,1,0,0,0,0,90,1,0,1,1,1,1,64.7,1,1,0,0.0,3,1,-0.9517689372277384,0.1557788944723618,0,0.0,0,12,0.6,0,0,0,0.7333333333333333,0.4,0.6666666666666666,1.0,0.6,0.5,0.0
1032,University of Florida,https://www.ufl.edu,M1,North America,United States,0,1,0,200,en-us,False,2026-08-11T11:19:00+00:00,5.927,1,1,2,0,0,0,0,1,0,0,0,1,2,1,0,,1,1,1,1,1,1,1,0,1,0,1,1,1,1,1,1,1,1,1,1,1,1,0,1,1,0,0,1,0,1,1,1,15.43,1,1,0,0,0,0,90,1,0,1,1,1,1,72.2,1,1,0,3650.0,1,2,-0.9599079541145084,0.1507537688442211,0,0.0,0,12,0.35,1,0,0,0.8,0.8,0.6666666666666666,1.0,0.4,0.75,0.0
1033,Boston University,https://www.bu.edu,M1,North America,United States,0,1,0,200,en,False,2026-08-11T11:19:08+00:00,5.28,0,1,3,1,0,0,0,0,0,0,1,0,0,1,0,,1,1,1,1,0,1,1,0,0,0,1,0,1,1,1,1,1,1,1,1,1,1,1,1,1,0,0,1,0,1,1,1,12.61,1,0,0,0,0,0,100,1,0,0,1,1,1,30.0,1,1,0,3650.0,1,1,-1.0949321573386148,0.1306532663316583,0,0.0,0,13,0.6,1,0,0,0.8666666666666667,0.8,0.6666666666666666,1.0,0.4,0.5,0.0
1034,Boston College,https://www.bc.edu,M1,North America,United States,0,1,0,200,en,False,2026-08-11T11:19:16+00:00,5.814,1,1,3,0,0,0,0,1,0,0,1,1,4,1,0,,1,1,1,1,6,1,1,0,1,0,1,0,1,1,1,1,1,1,1,1,1,1,1,1,0,0,0,0,0,1,1,1,7.46,1,1,0,0,0,1,75,1,0,1,1,1,1,93.8,1,1,0,3650.0,1,2,-0.9834902338120723,0.1457286432160804,0,0.0,0,9,0.6,1,0,0,0.8,0.6,0.6666666666666666,1.0,0.4,0.625,0.25
1035,Rice University,https://www.rice.edu,M1,North America,United States,0,1,0,200,en,False,2026-08-11T11:19:22+00:00,4.677,1,1,5,1,0,0,0,0,0,0,0,0,0,1,0,,1,0,1,1,0,1,1,0,1,0,1,1,1,1,1,1,1,1,1,1,1,1,1,0,0,0,0,1,0,0,1,1,15.91,1,1,0,0,1,0,75,1,0,1,1,1,0,63.0,1,1,0,3650.0,1,1,-1.2207738799725194,0.0804020100502512,0,0.0,0,9,1.0,1,0,0,0.7333333333333333,0.6,0.6666666666666666,0.6666666666666666,0.6,0.75,0.25
1036,Vanderbilt University,https://www.vanderbilt.edu,M1,North America,United States,0,1,0,200,en-us,False,2026-08-11T11:19:33+00:00,9.379,0,1,4,1,0,0,0,0,1,1,1,0,0,1,1,2026-08-06,1,0,1,1,0,1,1,0,0,1,1,0,1,1,1,1,1,1,1,1,1,1,0,1,1,0,0,1,0,1,1,1,15.38,1,0,0,0,0,0,75,1,0,1,1,1,1,100.0,1,1,0,5.0,3,1,-0.2395006132650254,0.3969849246231156,0,0.0,0,9,0.85,0,0,0,0.8,0.8,0.6666666666666666,1.0,0.4,0.625,0.0
1037,University of Notre Dame,https://www.nd.edu,M1,North America,United States,0,1,0,200,en,False,2026-08-11T11:20:13+00:00,36.283,1,1,3,1,1,0,0,0,0,0,0,0,1,1,0,,1,1,1,1,0,1,1,0,1,1,1,0,1,1,1,1,1,1,1,1,1,1,1,1,0,0,0,1,0,1,1,1,7.46,1,0,0,0,0,0,100,1,0,1,1,1,1,100.0,1,1,0,3650.0,1,1,5.375168882162116,1.0,0,0.0,0,13,0.6,1,0,0,0.8,0.8,0.6666666666666666,1.0,0.8,0.75,0.0
1038,Emory University,https://www.emory.edu,M1,North America,United States,0,1,0,200,en,False,2026-08-11T11:20:28+00:00,10.837,1,1,2,1,0,0,0,0,0,0,0,0,1,0,0,,1,0,1,1,0,1,1,0,1,1,1,0,1,1,1,1,1,1,0,0,1,1,1,1,0,0,0,1,0,1,1,1,21.0,1,1,0,0,0,0,100,1,0,1,0,1,1,37.9,1,1,0,3650.0,0,1,0.0647734026557585,0.6407035175879398,0,0.0,0,13,0.35,1,0,0,0.6666666666666666,0.8,0.6666666666666666,0.6666666666666666,0.6,0.75,0.0
1039,Georgetown University,https://www.georgetown.edu,M1,North America,United States,0,1,0,200,en-us,False,2026-08-11T11:20:40+00:00,9.529,0,1,5,1,0,0,0,0,0,0,1,0,0,1,1,2026-08-06,1,1,1,1,12,1,1,1,1,1,1,0,1,1,1,1,1,1,1,1,1,1,1,1,0,0,0,1,0,1,1,1,21.0,1,0,0,0,0,1,75,1,0,1,0,1,1,84.8,1,1,0,5.0,3,3,-0.208196702162064,0.4120603015075377,0,0.0,0,9,1.0,0,0,0,0.8,0.8,0.6666666666666666,0.6666666666666666,0.4,0.875,0.25
1040,University of Virginia,https://www.virginia.edu,M1,North America,United States,0,1,0,200,en,False,2026-08-11T11:21:02+00:00,19.949,1,1,5,1,0,0,0,0,0,0,1,1,5,1,0,,1,1,1,1,3,1,1,0,0,1,1,0,1,1,1,1,1,1,1,1,1,0,0,1,0,0,0,0,0,1,1,1,5.74,1,1,0,0,0,0,75,1,0,1,1,1,1,79.2,1,1,0,3650.0,1,2,1.9663816557903155,0.9597989949748744,0,0.0,0,9,1.0,1,0,0,0.6666666666666666,0.6,0.6666666666666666,1.0,0.6,0.625,0.0
1041,University of Rochester,https://www.rochester.edu,M1,North America,United States,0,1,0,200,en,False,2026-08-11T11:21:11+00:00,6.27,1,1,6,1,0,0,0,1,0,0,1,0,0,0,0,,1,1,1,1,0,1,1,0,0,1,1,0,1,1,1,1,1,1,1,1,1,1,1,1,0,0,1,1,0,1,1,1,21.0,1,1,1,0,0,0,75,1,0,1,1,1,1,86.4,1,1,0,3650.0,0,1,-0.8883263440590702,0.1658291457286432,0,0.0,0,9,1.0,1,0,0,0.8666666666666667,0.8,0.6666666666666666,1.0,0.6,0.625,0.25
1042,Tufts University,https://www.tufts.edu,M1,North America,United States,0,1,0,200,en,False,2026-08-11T11:21:22+00:00,9.079,1,1,4,1,0,1,0,1,0,0,1,1,8,0,0,,1,1,1,1,0,1,1,0,1,1,1,0,1,1,1,1,1,1,1,1,1,1,1,1,0,0,0,0,0,1,1,1,21.0,1,1,1,0,0,1,100,1,0,1,1,1,0,89.7,1,1,0,3650.0,0,1,-0.3021084354709478,0.3567839195979899,0,0.0,0,13,0.85,1,0,0,0.8,0.6,0.6666666666666666,0.6666666666666666,0.8,0.75,0.5
1043,Wake Forest University,https://www.wfu.edu,M1,North America,United States,0,1,0,200,en,False,2026-08-11T11:21:35+00:00,10.706,1,1,2,1,0,1,0,1,0,0,0,1,10,0,1,2026-07-01,1,1,1,1,0,1,1,0,0,1,1,0,1,1,1,1,1,1,1,1,1,1,1,1,0,0,0,0,0,1,1,1,15.91,1,1,0,0,0,0,90,1,0,1,1,1,1,60.0,1,0,0,41.0,3,1,0.0374346536258389,0.6080402010050251,0,0.0,0,12,0.35,0,0,0,0.8,0.6,0.3333333333333333,1.0,0.8,0.625,0.0
1044,"University of California, Santa Cruz",https://www.ucsc.edu,M1,North America,United States,0,1,0,200,en-us,False,2026-08-11T11:21:46+00:00,8.886,0,1,7,1,0,0,0,1,1,1,1,0,0,0,1,2026-07-31,1,1,1,1,0,0,0,0,1,1,1,0,1,1,1,1,1,1,1,1,1,1,1,0,0,0,0,0,0,1,1,0,21.0,1,0,0,0,0,0,90,1,2,1,0,1,1,100.0,1,1,0,11.0,3,1,-0.3423861344234249,0.3316582914572864,2,1.0986122886681098,1,12,1.0,0,0,0,0.7333333333333333,0.4,0.6666666666666666,0.6666666666666666,0.4,0.5,0.0
1045,University of Miami,https://www.miami.edu,M1,North America,United States,0,1,0,200,en,False,2026-08-11T11:22:02+00:00,14.59,1,1,2,1,0,0,0,1,1,1,0,1,2,1,0,,1,1,1,1,5,1,1,0,0,0,1,0,1,1,1,1,1,1,0,1,1,1,1,0,0,0,0,0,0,1,1,0,20.82,1,0,1,0,0,0,75,1,0,1,1,1,1,91.5,1,1,0,3650.0,1,2,0.8479972584518506,0.8743718592964824,0,0.0,0,9,0.35,1,0,0,0.6666666666666666,0.4,0.6666666666666666,1.0,0.6,0.5,0.25
1046,Ohio State University,https://www.osu.edu,M1,North America,United States,0,1,0,200,en,False,2026-08-11T11:22:14+00:00,9.638,1,1,9,1,0,0,0,1,0,0,0,0,0,1,1,2025-06-27,1,1,1,0,0,1,1,0,1,0,1,0,1,1,1,1,1,1,1,1,1,1,1,1,1,0,0,1,0,1,1,1,15.77,1,1,0,0,0,1,90,1,0,1,1,1,1,94.2,1,0,0,410.0,2,0,-0.1854491934272454,0.4271356783919598,0,0.0,0,12,1.0,0,0,0,0.8666666666666667,0.8,0.3333333333333333,1.0,0.6,0.5,0.25
1047,Pennsylvania State University,https://www.psu.edu,M1,North America,United States,0,1,0,200,en,False,2026-08-11T11:22:25+00:00,8.673,1,0,0,0,0,0,1,1,0,0,1,0,0,0,0,,1,1,1,0,0,0,0,0,0,1,0,0,1,1,1,1,1,1,1,1,1,1,1,1,0,0,1,0,0,1,1,0,21.0,0,0,0,0,0,0,90,1,1,1,1,1,1,90.0,1,1,0,3650.0,0,0,-0.3868376881896299,0.2964824120603015,1,0.6931471805599453,1,12,0.0,1,0,0,0.8666666666666667,0.4,0.6666666666666666,1.0,0.2,0.125,0.0
1049,"University of Maryland, College Park",https://umd.edu,M1,North America,United States,0,1,0,200,en,False,2026-08-11T11:23:13+00:00,9.128,1,1,0,0,0,0,0,1,0,0,0,1,3,0,0,,1,1,1,1,0,0,0,0,1,1,1,0,1,1,1,1,1,1,0,0,0,0,1,1,1,0,0,1,0,0,1,0,21.0,1,1,1,0,0,0,75,1,0,1,1,1,1,100.0,1,0,0,3650.0,0,1,-0.2918824911773139,0.371859296482412,0,0.0,0,9,0.0,1,0,0,0.6,0.4,0.3333333333333333,1.0,0.4,0.5,0.25
1050,University of Minnesota Twin Cities,https://twin-cities.umn.edu,M1,North America,United States,0,1,0,200,en,False,2026-08-11T11:23:25+00:00,10.631,0,1,4,1,0,0,0,1,0,0,0,1,3,0,1,2025-08-01,1,1,1,1,0,1,1,0,1,1,1,0,1,1,0,1,1,1,1,1,1,1,1,1,0,0,0,0,0,1,1,1,12.63,1,0,0,0,0,0,100,1,0,1,1,1,1,90.0,1,1,0,375.0,2,1,0.0217826980743584,0.5979899497487438,0,0.0,0,13,0.85,0,0,0,0.7333333333333333,0.6,0.6666666666666666,1.0,0.4,0.75,0.0
1051,Michigan State University,https://msu.edu,M1,North America,United States,0,1,0,200,en,False,2026-08-11T11:23:37+00:00,8.596,1,1,3,1,0,0,0,0,0,0,1,0,0,1,1,2026-07-29,1,1,1,1,0,0,0,0,1,0,1,0,1,1,1,1,1,1,1,1,1,1,1,1,1,0,0,1,1,1,1,1,15.43,1,1,0,0,0,0,75,1,0,0,0,1,1,78.3,1,1,0,13.0,3,1,-0.4029070292224833,0.2864321608040201,0,0.0,0,9,0.6,0,0,0,0.8666666666666667,1.0,0.6666666666666666,0.6666666666666666,0.6,0.375,0.0
1052,Indiana University Bloomington,https://www.indiana.edu,M1,North America,United States,0,1,0,200,en-us,False,2026-08-11T11:23:51+00:00,11.96,0,1,9,1,0,0,0,1,1,1,1,1,2,1,1,2026-06-16,1,1,1,1,0,1,1,0,1,0,1,0,1,1,1,1,1,1,1,1,1,1,1,0,0,0,1,0,0,1,0,0,11.22,1,0,1,0,1,0,100,1,0,1,1,1,1,61.9,1,1,0,56.0,3,1,0.2991353504465958,0.7236180904522613,0,0.0,0,13,1.0,0,0,0,0.8,0.2,0.6666666666666666,1.0,0.4,0.625,0.5
1053,University of Pittsburgh,https://www.pitt.edu,M1,North America,United States,0,1,0,200,en,False,2026-08-11T11:23:58+00:00,4.107,1,1,6,1,0,0,0,1,0,0,1,1,3,0,0,,1,0,1,1,0,1,1,0,0,1,1,0,1,1,1,1,1,1,1,0,1,1,1,1,0,0,0,1,0,0,1,1,15.43,1,1,0,0,0,0,75,1,0,1,0,1,0,100.0,1,1,0,3650.0,0,1,-1.3397287421637722,0.0552763819095477,0,0.0,0,9,1.0,1,0,0,0.7333333333333333,0.6,0.6666666666666666,0.3333333333333333,0.6,0.625,0.0
1054,University of Colorado Boulder,https://www.colorado.edu,M1,North America,United States,0,1,1,200,en,False,2026-08-11T11:24:08+00:00,7.067,1,1,6,1,1,0,0,1,0,0,1,0,0,1,1,2026-08-12,1,1,1,1,20,1,1,1,1,0,1,0,1,1,1,1,1,1,1,1,1,1,1,0,0,0,1,0,0,1,1,1,18.88,1,0,0,0,0,1,90,1,0,1,0,1,0,92.3,1,1,0,0.0,3,3,-0.7219982297320023,0.2010050251256281,0,0.0,0,12,1.0,0,0,0,0.8,0.6,0.6666666666666666,0.3333333333333333,0.8,0.75,0.25
1055,University of Georgia,https://www.uga.edu,M1,North America,United States,0,1,0,200,en-us,False,2026-08-11T11:24:20+00:00,10.8,1,1,5,1,0,0,0,1,0,0,0,1,3,1,1,2026-08-10,1,1,0,1,7,1,1,0,1,1,1,0,1,1,1,1,1,1,1,0,1,1,0,0,0,0,0,1,0,1,1,1,15.43,1,0,0,0,1,0,75,1,0,0,1,1,1,22.2,1,1,0,1.0,3,2,0.0570517712503616,0.6180904522613065,0,0.0,0,9,1.0,0,0,0,0.6,0.8,0.6666666666666666,1.0,0.6,0.75,0.25
1056,University of Iowa,https://uiowa.edu,M1,North America,United States,0,1,0,200,en,False,2026-08-11T11:24:35+00:00,12.043,0,1,3,1,0,0,0,0,0,0,1,1,4,1,1,2026-08-08,1,1,1,1,2,1,1,1,0,1,1,0,1,1,1,1,1,1,0,1,1,1,1,1,1,0,0,0,0,1,1,0,21.0,1,0,1,0,0,0,90,1,0,1,1,1,1,83.3,1,1,0,3.0,3,3,0.3164568479235674,0.7336683417085427,0,0.0,0,12,0.6,0,0,0,0.8,0.4,0.6666666666666666,1.0,0.4,0.75,0.25
1057,University of Connecticut,https://uconn.edu,M1,North America,United States,0,1,0,200,en-us,False,2026-08-11T11:24:51+00:00,12.62,0,1,8,0,0,0,0,0,0,0,0,0,0,1,1,,1,0,1,1,2,1,1,1,1,0,1,0,1,1,1,1,1,1,0,0,1,1,1,1,1,0,0,1,0,1,1,1,19.02,1,0,0,0,0,0,75,1,0,1,1,1,1,100.0,1,1,0,3650.0,1,3,0.4368725592996252,0.7839195979899497,0,0.0,0,9,1.0,1,0,0,0.7333333333333333,0.8,0.6666666666666666,1.0,0.2,0.75,0.0
1058,Rutgers University,https://www.rutgers.edu,M1,North America,United States,0,1,1,200,en,False,2026-08-11T11:25:22+00:00,27.81,0,1,4,1,0,0,0,1,1,1,1,1,10,1,1,2026-11-22,1,1,1,1,14,1,1,1,1,0,1,0,1,1,1,1,1,1,1,1,1,1,0,1,0,0,0,1,0,1,1,1,9.74,1,0,0,0,0,0,90,1,0,0,1,1,1,100.0,1,1,0,0.0,3,3,3.606915290326174,0.9899497487437184,0,0.0,0,12,0.85,0,0,0,0.7333333333333333,0.8,0.6666666666666666,1.0,0.4,0.75,0.0
1059,Texas A&M University,https://www.tamu.edu,M1,North America,United States,0,1,1,200,en,False,2026-08-11T11:25:34+00:00,9.657,1,1,3,1,0,0,0,1,1,1,1,0,0,1,1,2026-10-02,1,1,1,1,12,1,1,0,0,1,1,0,1,1,1,1,1,1,1,1,0,0,1,1,1,0,1,1,0,1,1,1,21.0,1,1,0,0,0,1,75,1,0,1,1,1,1,100.0,1,1,0,0.0,3,2,-0.1814840313542036,0.4321608040201005,0,0.0,0,9,0.6,0,0,0,0.8,0.8,0.6666666666666666,1.0,0.6,0.625,0.25
1060,"University of California, Riverside",https://www.ucr.edu,M1,North America,United States,0,1,1,200,en,False,2026-08-11T11:25:55+00:00,18.518,0,1,4,1,0,0,0,1,0,0,1,1,10,0,1,2026-11-26,1,1,1,1,5,1,1,1,1,1,1,0,1,1,0,1,1,1,1,1,1,1,1,0,0,0,0,1,0,1,1,1,7.24,1,0,0,0,0,1,100,1,0,1,1,1,1,86.7,1,1,0,0.0,3,3,1.6677423438680643,0.949748743718593,0,0.0,0,13,0.85,0,0,0,0.6666666666666666,0.8,0.6666666666666666,1.0,0.4,0.875,0.25
1061,Case Western Reserve University,https://case.edu,M1,North America,United States,0,1,0,200,en,False,2026-08-11T11:26:10+00:00,12.705,1,0,0,0,0,0,0,1,0,0,1,1,10,1,0,,1,0,1,1,7,0,0,0,0,1,1,0,0,1,1,1,1,1,1,1,1,1,0,1,1,0,0,1,0,1,1,1,21.0,1,1,0,0,0,0,100,1,0,0,1,1,1,59.4,1,0,0,3650.0,1,2,0.4546114422579702,0.7939698492462312,0,0.0,0,13,0.0,1,0,0,0.7333333333333333,0.8,0.3333333333333333,1.0,0.2,0.375,0.0
1062,Lehigh University,https://www1.lehigh.edu,M1,North America,United States,0,1,0,200,en,False,2026-08-11T11:26:25+00:00,12.357,1,1,12,1,0,1,0,1,1,1,1,1,10,0,1,2026-07-23,1,0,1,1,3,1,1,1,1,1,1,0,1,1,1,1,1,1,1,1,1,1,1,1,0,0,0,1,0,1,1,1,18.42,1,1,1,0,0,1,75,1,0,1,1,1,1,76.7,1,1,0,19.0,3,3,0.3819863684990998,0.7688442211055276,0,0.0,0,9,0.78,0,0,0,0.8,0.8,0.6666666666666666,1.0,0.8,0.875,0.5
1063,Northeastern University,https://www.northeastern.edu,M1,North America,United States,0,1,0,200,en-us,False,2026-08-11T11:26:38+00:00,9.921,1,1,20,1,0,0,0,0,0,0,0,0,0,0,0,,1,0,1,1,0,1,0,0,1,1,1,0,1,1,1,1,1,1,0,1,1,1,0,0,0,0,0,0,0,1,1,0,9.93,1,0,1,0,0,0,90,1,2,1,0,1,1,46.7,1,1,0,3650.0,0,1,-0.1263891478129919,0.4723618090452261,2,1.0986122886681098,1,12,0.45,1,0,0,0.6,0.4,0.6666666666666666,0.6666666666666666,0.6,0.625,0.25
1064,University of Delaware,https://www.udel.edu,M1,North America,United States,0,1,0,200,en,False,2026-08-11T12:09:26+00:00,11.053,1,1,4,1,0,0,0,1,0,0,1,1,4,1,0,,1,0,1,1,0,0,0,0,0,1,1,0,1,1,1,1,1,1,1,1,1,1,0,1,0,0,0,0,0,1,1,1,10.89,1,1,0,0,0,0,90,1,0,1,1,1,0,94.4,1,1,0,3650.0,1,1,0.1098510346440231,0.6633165829145728,0,0.0,0,12,0.85,1,0,0,0.7333333333333333,0.6,0.6666666666666666,0.6666666666666666,0.6,0.375,0.0
1065,Syracuse University,https://www.syracuse.edu,M1,North America,United States,0,1,0,200,en,False,2026-08-11T11:27:30+00:00,10.365,1,1,5,1,0,0,0,1,1,1,0,1,8,0,0,,1,1,1,1,10,1,1,0,0,1,1,0,1,1,1,1,1,1,1,1,0,1,1,1,0,0,0,1,0,0,1,1,12.63,1,1,0,0,0,1,100,1,0,1,1,1,1,85.7,1,1,0,3650.0,0,2,-0.0337295709482262,0.542713567839196,0,0.0,0,13,1.0,1,0,0,0.7333333333333333,0.6,0.6666666666666666,1.0,0.6,0.625,0.25
1066,George Washington University,https://www.gwu.edu,M1,North America,United States,0,1,1,200,en,False,2026-08-11T11:27:43+00:00,10.336,1,1,7,1,0,0,0,0,1,1,1,0,1,1,1,2026-12-15,0,1,1,0,20,1,1,1,1,1,1,0,1,1,1,1,1,1,0,0,1,1,1,1,0,0,0,1,0,1,1,1,9.74,1,1,1,0,0,1,90,1,0,1,1,1,1,92.3,1,1,0,0.0,3,1,-0.039781660428132,0.5326633165829145,0,0.0,0,12,1.0,0,0,0,0.6666666666666666,0.8,0.6666666666666666,1.0,0.6,0.75,0.5
1067,University of Massachusetts Amherst,https://www.umass.edu,M1,North America,United States,0,1,1,200,en,False,2026-08-11T11:27:57+00:00,11.94,1,1,3,1,0,0,0,1,0,0,1,1,5,1,1,2026-08-12,1,1,1,1,20,1,1,0,0,1,1,0,1,1,1,1,1,1,1,1,1,1,1,1,0,0,0,0,0,1,1,1,18.26,1,1,0,0,0,0,90,1,1,1,0,1,1,100.0,1,1,0,0.0,3,2,0.2949614956328674,0.7185929648241206,1,0.6931471805599453,1,12,0.6,0,0,0,0.8,0.6,0.6666666666666666,0.6666666666666666,0.6,0.625,0.0
1068,Virginia Tech,https://www.vt.edu,M1,North America,United States,0,1,0,200,en,False,2026-08-11T11:28:08+00:00,9.564,1,1,2,1,0,1,0,1,0,0,0,0,0,1,1,2026-08-10,1,1,1,0,0,1,1,0,0,0,1,0,1,1,1,1,1,1,1,1,1,1,1,1,0,0,0,0,1,1,1,1,21.0,1,1,0,0,0,0,90,1,0,1,0,1,1,40.0,1,1,0,1.0,3,0,-0.2008924562380397,0.4221105527638191,0,0.0,0,12,0.35,0,0,0,0.8,0.8,0.6666666666666666,0.6666666666666666,0.8,0.375,0.0
1069,Florida State University,https://www.fsu.edu,M1,North America,United States,0,1,1,200,en-us,False,2026-08-11T11:28:25+00:00,9.701,1,1,3,1,0,0,0,1,0,0,1,0,0,1,1,2026-08-26,1,1,1,1,7,0,0,1,0,1,1,0,1,1,1,1,1,1,0,1,1,1,1,0,0,0,0,0,0,1,1,1,9.0,1,1,1,0,0,0,75,1,0,0,1,0,1,50.0,1,0,0,0.0,3,3,-0.1723015507640016,0.4371859296482412,0,0.0,0,9,0.6,0,0,0,0.6666666666666666,0.6,0.3333333333333333,0.6666666666666666,0.6,0.5,0.25
1070,North Carolina State University,https://www.ncsu.edu,M1,North America,United States,0,1,0,200,en-us,False,2026-08-11T11:28:33+00:00,5.637,0,1,5,1,0,0,1,1,0,0,0,1,5,0,0,,1,1,1,1,16,1,1,0,0,0,1,0,1,1,1,1,1,1,0,1,1,1,1,1,0,0,0,1,0,1,1,1,12.63,1,0,0,0,0,0,90,1,0,1,1,1,1,85.0,1,1,0,3650.0,0,2,-1.0204288489135669,0.1407035175879397,0,0.0,0,12,1.0,1,0,0,0.7333333333333333,0.8,0.6666666666666666,1.0,0.4,0.5,0.0
1071,"University of Tennessee, Knoxville",https://www.utk.edu,M1,North America,United States,0,1,0,200,en-us,False,2026-08-11T11:28:39+00:00,3.788,1,1,4,1,0,0,0,0,0,0,0,1,2,0,0,,1,1,1,0,0,0,0,0,1,1,1,0,1,1,0,1,1,1,1,1,1,1,1,1,0,0,0,1,0,0,1,1,8.72,1,1,0,0,0,1,90,1,0,1,1,1,1,89.5,1,1,0,3650.0,0,0,-1.4063017264427369,0.0452261306532663,0,0.0,0,12,0.85,1,0,0,0.7333333333333333,0.6,0.6666666666666666,1.0,0.6,0.375,0.25
1072,University of Alabama,https://www.ua.edu,M1,North America,United States,0,1,0,200,en-us,False,2026-08-11T11:28:57+00:00,15.981,1,1,7,1,0,0,0,1,0,0,1,0,0,1,0,,1,1,1,0,0,1,1,0,1,1,1,0,1,1,1,1,1,1,0,1,1,1,0,1,0,0,0,1,0,1,1,1,21.0,1,1,0,0,0,1,90,1,0,1,1,1,1,38.9,1,1,0,3650.0,1,0,1.1382888607466453,0.9045226130653268,0,0.0,0,12,1.0,1,0,0,0.6666666666666666,0.8,0.6666666666666666,1.0,0.6,0.625,0.25
1073,Auburn University,https://www.auburn.edu,M1,North America,United States,0,1,0,200,en,False,2026-08-11T11:29:14+00:00,15.071,1,1,3,1,0,0,0,0,0,0,1,1,3,0,0,,1,1,1,1,5,0,0,1,1,1,1,0,1,1,1,1,1,1,1,1,1,1,1,1,0,0,0,0,0,1,1,0,15.43,1,1,0,0,0,1,90,1,0,1,1,1,1,88.0,1,1,0,3650.0,0,3,0.9483784667220132,0.8894472361809045,0,0.0,0,12,0.6,1,0,0,0.8,0.4,0.6666666666666666,1.0,0.6,0.625,0.25
1074,University of South Carolina,https://www.sc.edu,M1,North America,United States,0,1,0,200,en,False,2026-08-11T11:29:25+00:00,8.464,1,1,9,1,0,0,0,0,0,0,1,0,0,0,0,,1,1,1,1,0,1,1,0,1,1,1,0,1,1,1,1,1,1,1,1,1,1,0,1,0,0,0,0,0,1,1,1,15.91,1,1,0,0,0,0,75,1,0,1,1,0,1,66.7,1,1,0,3650.0,0,1,-0.4304544709930892,0.2814070351758794,0,0.0,0,9,1.0,1,0,0,0.7333333333333333,0.6,0.6666666666666666,0.6666666666666666,0.6,0.75,0.0
1075,Clemson University,https://www.clemson.edu,M1,North America,United States,0,1,0,200,en-us,False,2026-08-11T11:29:56+00:00,28.729,1,1,6,1,0,0,0,1,1,1,1,1,2,0,1,2026-08-10,1,1,1,1,7,1,1,0,0,1,1,0,1,1,1,1,1,1,1,1,1,1,1,0,0,0,0,0,0,1,1,1,19.8,1,1,0,0,0,0,75,1,0,1,1,0,1,42.4,1,1,0,1.0,3,2,3.798703919016984,0.9949748743718592,0,0.0,0,9,1.0,0,0,0,0.7333333333333333,0.6,0.6666666666666666,0.6666666666666666,0.6,0.625,0.0
1076,University of Kentucky,https://www.uky.edu,M1,North America,United States,0,1,0,200,en,False,2026-08-11T11:30:15+00:00,15.874,0,1,4,1,0,1,0,1,1,1,0,1,6,0,0,,1,1,1,0,0,0,0,0,0,0,1,0,1,1,1,1,1,1,1,1,1,1,1,1,0,0,0,0,0,1,1,0,21.0,1,0,0,0,0,0,100,1,0,0,0,1,1,75.0,1,1,0,3650.0,0,0,1.1159587374931996,0.8994974874371859,0,0.0,0,13,0.85,1,0,0,0.8,0.4,0.6666666666666666,0.6666666666666666,0.6,0.125,0.0
1077,University of Missouri,https://www.missouri.edu,M1,North America,United States,0,1,0,200,en,False,2026-08-11T11:30:22+00:00,4.956,1,1,7,1,0,0,0,0,0,0,0,1,6,0,0,,1,1,1,1,0,0,0,0,0,0,1,0,1,1,1,1,1,1,0,0,1,1,1,1,0,0,0,1,0,1,1,1,1.15,1,0,0,0,0,0,100,1,0,0,0,1,1,100.0,1,1,0,3650.0,0,1,-1.162548605321011,0.0954773869346733,0,0.0,0,13,1.0,1,0,0,0.6666666666666666,0.8,0.6666666666666666,0.6666666666666666,0.6,0.25,0.0
1078,University of Kansas,https://ku.edu,M1,North America,United States,0,1,0,200,en,False,2026-08-11T11:30:41+00:00,16.51,1,1,7,1,0,0,0,1,0,0,0,1,9,0,0,,1,1,1,0,0,0,0,0,0,0,1,0,1,1,1,1,1,1,1,1,1,1,1,1,1,0,0,1,0,1,1,1,12.63,1,0,0,0,0,0,100,1,0,1,1,1,1,100.0,1,1,0,3650.0,0,0,1.2486873205697555,0.9195979899497488,0,0.0,0,13,1.0,1,0,0,0.8666666666666667,0.8,0.6666666666666666,1.0,0.6,0.125,0.0
1079,University of Nebraska-Lincoln,https://www.unl.edu,M1,North America,United States,0,1,0,200,en,False,2026-08-11T11:30:52+00:00,8.062,1,1,6,1,0,1,0,1,0,0,1,0,1,1,0,,1,1,1,1,3,1,1,0,1,0,1,0,1,1,1,1,1,1,0,1,1,1,1,1,0,0,0,0,0,1,1,0,10.05,1,0,0,0,0,1,100,1,1,1,0,1,1,86.4,1,1,0,3650.0,1,2,-0.5143489527490258,0.2462311557788944,1,0.6931471805599453,1,13,1.0,1,0,0,0.7333333333333333,0.4,0.6666666666666666,0.6666666666666666,0.8,0.625,0.25
1080,University of Oklahoma,https://www.ou.edu,M1,North America,United States,0,1,0,200,en,False,2026-08-11T11:31:08+00:00,13.28,1,1,7,1,0,0,0,1,0,0,1,0,0,1,1,2026-08-07,1,1,1,1,0,1,1,1,1,1,1,1,1,1,1,1,1,1,1,1,0,1,0,0,0,0,0,0,0,1,1,0,12.98,1,0,0,0,0,0,75,1,0,1,1,0,1,100.0,1,1,0,4.0,3,1,0.5746097681526551,0.8241206030150754,0,0.0,0,9,1.0,0,0,0,0.6,0.4,0.6666666666666666,0.6666666666666666,0.6,1.0,0.0
1081,University of Arizona,https://www.arizona.edu,M1,North America,United States,0,1,0,200,en,False,2026-08-11T11:31:24+00:00,12.732,1,1,3,1,0,0,0,1,0,0,1,0,1,0,1,2026-08-05,1,1,1,1,6,1,1,1,1,0,1,0,1,1,1,1,1,1,1,1,1,1,1,1,0,0,1,1,0,1,1,1,15.43,1,1,0,0,0,0,90,1,0,1,1,1,1,66.7,1,1,0,6.0,3,3,0.460246146256503,0.7989949748743719,0,0.0,0,12,0.6,0,0,0,0.8666666666666667,0.8,0.6666666666666666,1.0,0.6,0.75,0.0
1082,Arizona State University,https://www.asu.edu,M1,North America,United States,0,1,0,200,en,False,2026-08-11T11:31:34+00:00,7.876,1,1,6,1,0,0,0,1,0,0,1,0,0,0,0,,1,0,1,1,0,1,1,0,1,1,1,0,1,1,1,1,1,1,0,0,1,1,1,1,1,0,0,0,0,1,1,1,17.58,1,1,0,0,1,0,100,1,0,1,0,1,1,93.8,1,1,0,3650.0,0,1,-0.5531658025166976,0.2412060301507537,0,0.0,0,13,1.0,1,0,0,0.7333333333333333,0.6,0.6666666666666666,0.6666666666666666,0.6,0.75,0.25
1083,University of Utah,https://www.utah.edu,M1,North America,United States,0,1,0,200,en-us,False,2026-08-11T11:31:51+00:00,11.903,1,1,8,1,0,0,0,1,0,0,1,1,3,1,1,2026-08-05,1,1,1,1,1,0,0,1,0,1,1,0,1,1,1,1,1,1,1,1,1,1,0,1,0,0,0,1,0,1,1,1,13.47,1,0,1,0,0,1,75,1,0,1,1,1,0,68.8,1,1,0,6.0,3,3,0.2872398642274704,0.7135678391959799,0,0.0,0,9,1.0,0,0,0,0.7333333333333333,0.8,0.6666666666666666,0.6666666666666666,0.6,0.5,0.5
1084,University of Oregon,https://www.uoregon.edu,M1,North America,United States,0,1,0,200,en,False,2026-08-11T11:32:01+00:00,6.822,1,1,4,1,0,0,0,0,0,0,1,0,1,0,0,,1,1,1,1,0,1,1,0,1,0,1,0,1,1,1,1,1,1,1,1,1,1,1,1,1,0,1,0,0,1,1,0,3.36,1,1,0,0,0,0,100,1,0,1,1,1,1,85.7,1,1,0,3650.0,0,1,-0.7731279512001725,0.1959798994974874,0,0.0,0,13,0.85,1,0,0,0.9333333333333332,0.4,0.6666666666666666,1.0,0.6,0.625,0.0
1085,Oregon State University,https://oregonstate.edu,M1,North America,United States,0,1,0,200,en,False,2026-08-11T11:32:11+00:00,8.063,1,1,5,0,0,0,0,1,0,0,1,1,4,0,0,,1,1,1,1,0,0,0,0,0,0,1,0,1,1,1,1,1,1,0,1,1,1,1,1,0,0,0,1,0,1,1,1,9.74,1,1,0,0,0,0,75,1,0,1,1,1,1,71.4,1,1,0,3650.0,0,1,-0.5141402600083391,0.2512562814070351,0,0.0,0,9,1.0,1,0,0,0.7333333333333333,0.8,0.6666666666666666,1.0,0.4,0.25,0.0
1086,Washington State University,https://wsu.edu,M1,North America,United States,0,1,0,200,en-us,False,2026-08-11T11:32:25+00:00,11.374,0,1,7,1,0,0,0,0,1,1,0,1,4,1,0,,1,1,1,1,0,1,1,0,1,1,1,0,1,1,1,1,1,1,1,1,1,0,1,0,1,0,0,0,0,1,1,0,15.13,1,0,0,0,0,0,90,1,0,1,1,1,1,60.0,1,0,0,3650.0,1,1,0.1768414044043602,0.6834170854271356,0,0.0,0,12,1.0,1,0,0,0.7333333333333333,0.4,0.3333333333333333,1.0,0.4,0.75,0.0
1087,Colorado State University,https://www.colostate.edu,M1,North America,United States,0,1,0,200,en-us,False,2026-08-11T11:32:37+00:00,9.39,1,0,0,1,0,0,0,0,0,0,1,1,3,0,0,,1,1,1,1,10,1,1,0,1,1,1,0,1,1,1,1,1,1,1,1,1,1,0,1,0,0,0,0,0,1,1,1,21.0,1,0,0,0,0,0,90,1,0,1,1,1,1,89.7,1,1,0,3650.0,0,2,-0.2372049931174747,0.4020100502512563,0,0.0,0,12,0.0,1,0,0,0.7333333333333333,0.6,0.6666666666666666,1.0,0.4,0.75,0.0
1088,"University of Nevada, Reno",https://www.unr.edu,M1,North America,United States,0,1,0,200,en-us,False,2026-08-11T11:32:45+00:00,6.294,1,1,5,1,0,0,0,1,0,0,0,0,0,0,0,,1,1,1,1,0,0,1,0,1,1,1,0,1,1,1,1,1,1,1,1,1,1,1,1,1,0,0,1,0,0,1,1,11.2,1,1,0,0,0,0,75,1,0,0,1,1,1,78.6,1,1,0,3650.0,0,1,-0.8833177182825964,0.1708542713567839,0,0.0,0,9,1.0,1,0,0,0.8666666666666667,0.6,0.6666666666666666,1.0,0.6,0.625,0.0
1089,University of New Mexico,https://www.unm.edu,M1,North America,United States,0,1,1,200,en,False,2026-08-11T11:32:56+00:00,8.805,1,1,5,1,0,1,0,0,0,0,1,1,10,0,1,2026-12-22,1,1,1,1,20,1,1,1,0,0,1,0,1,1,1,1,1,1,1,1,1,1,1,1,0,1,0,0,0,1,1,0,2.41,1,0,0,0,1,0,75,1,0,1,0,1,0,98.4,1,1,0,0.0,3,3,-0.359290246419024,0.321608040201005,0,0.0,0,9,1.0,0,0,0,0.8666666666666667,0.4,0.6666666666666666,0.3333333333333333,0.8,0.625,0.25
1090,Baylor University,https://www.baylor.edu,M1,North America,United States,0,1,1,200,en,False,2026-08-11T11:33:09+00:00,9.859,1,1,2,1,0,0,0,1,0,0,0,1,10,1,1,2027-04-22,1,1,1,1,3,0,0,0,0,0,1,0,1,1,1,1,1,1,1,1,0,1,0,0,0,0,0,0,0,1,1,1,21.0,1,0,0,0,0,0,75,1,0,1,1,1,1,29.2,1,1,0,0.0,3,2,-0.1393280977355491,0.4673366834170854,0,0.0,0,9,0.35,0,0,0,0.6,0.6,0.6666666666666666,1.0,0.6,0.25,0.0
1091,Southern Methodist University,https://www.smu.edu,M1,North America,United States,0,1,1,200,en,False,2026-08-11T11:33:23+00:00,13.044,0,1,4,1,0,0,0,1,0,0,0,0,0,0,1,2027-01-24,1,1,1,1,6,1,1,0,0,1,1,1,1,1,0,1,1,1,1,1,1,1,1,1,0,0,0,0,0,1,1,1,5.74,1,0,1,0,0,0,75,1,0,1,1,0,1,21.1,1,0,0,0.0,3,2,0.5253582813506629,0.8090452261306532,0,0.0,0,9,0.85,0,0,0,0.7333333333333333,0.6,0.3333333333333333,0.6666666666666666,0.4,0.75,0.25
1092,Texas Christian University,https://www.tcu.edu,M1,North America,United States,0,1,0,200,en,False,2026-08-11T11:33:35+00:00,8.097,1,1,6,1,0,0,0,1,1,1,0,1,3,1,0,,1,1,1,1,2,1,1,0,1,1,1,0,1,1,1,1,1,1,1,1,1,1,1,0,0,0,0,1,0,1,1,1,16.52,1,0,0,0,0,0,100,1,0,1,1,1,1,64.0,1,1,0,3650.0,1,2,-0.5070447068250015,0.2562814070351759,0,0.0,0,13,1.0,1,0,0,0.7333333333333333,0.8,0.6666666666666666,1.0,0.6,0.75,0.0
1093,University of Houston,https://www.uh.edu,M1,North America,United States,0,1,1,200,en,False,2026-08-11T11:33:54+00:00,16.1,1,1,4,1,0,0,0,1,0,1,1,1,10,1,1,2026-09-03,1,1,1,1,7,0,0,0,0,1,1,0,1,1,1,1,1,1,1,1,1,1,1,1,0,0,1,1,0,1,1,1,18.88,1,1,0,0,0,0,75,1,0,1,1,0,1,77.8,1,1,0,0.0,3,2,1.163123296888328,0.9095477386934674,0,0.0,0,9,0.85,0,0,0,0.8666666666666667,0.8,0.6666666666666666,0.6666666666666666,0.6,0.375,0.0
1094,Texas Tech University,https://www.ttu.edu,M1,North America,United States,0,1,0,200,en-us,False,2026-08-11T11:34:09+00:00,12.506,1,1,3,1,0,1,0,1,0,0,1,0,0,0,1,2026-04-27,1,1,1,1,2,0,0,0,1,1,1,0,1,1,1,1,1,1,1,1,1,1,1,1,0,0,1,0,0,1,1,0,1.66,1,1,0,0,1,0,100,1,2,1,1,1,0,97.8,1,1,0,106.0,2,2,0.4130815868613748,0.7788944723618091,2,1.0986122886681098,1,13,0.6,0,0,0,0.8666666666666667,0.4,0.6666666666666666,0.6666666666666666,0.8,0.5,0.25
1095,Louisiana State University,https://www.lsu.edu,M1,North America,United States,0,1,1,200,en,False,2026-08-11T11:34:27+00:00,13.886,1,1,5,1,0,0,0,1,1,1,1,0,0,1,1,2026-09-06,1,1,1,1,20,1,1,1,1,1,1,0,1,1,1,1,1,1,1,1,1,0,1,0,0,0,0,1,0,1,1,1,16.3,1,1,1,0,0,0,90,1,0,0,1,1,1,100.0,1,1,0,0.0,3,3,0.7010775690086187,0.8592964824120602,0,0.0,0,12,1.0,0,0,0,0.6666666666666666,0.8,0.6666666666666666,1.0,0.6,0.875,0.25
1096,University of Mississippi,https://olemiss.edu,M1,North America,United States,0,1,0,200,en,False,2026-08-11T11:34:41+00:00,11.269,1,1,6,1,0,0,0,0,0,0,0,1,2,1,1,2025-01-10,1,0,1,1,1,1,1,0,0,0,1,0,1,1,1,1,1,1,0,1,1,1,1,0,0,0,0,1,0,1,1,1,15.91,1,1,0,0,0,1,75,1,0,1,1,1,1,87.1,1,1,0,578.0,2,2,0.1549286666322872,0.6733668341708543,0,0.0,0,9,1.0,0,0,0,0.6666666666666666,0.8,0.6666666666666666,1.0,0.6,0.5,0.25
1097,Mississippi State University,https://www.msstate.edu,M1,North America,United States,0,1,1,200,en,False,2026-08-11T11:34:55+00:00,10.637,1,1,2,1,0,0,0,0,0,0,1,0,1,1,1,2026-08-18,1,1,1,1,5,1,0,1,1,0,1,1,1,1,1,1,1,1,1,1,1,1,0,1,0,0,0,1,0,1,1,1,15.91,1,0,0,0,0,1,75,1,0,0,1,1,1,58.8,1,0,0,0.0,3,3,0.0230348545184769,0.6030150753768844,0,0.0,0,9,0.35,0,0,0,0.7333333333333333,0.8,0.3333333333333333,1.0,0.6,0.75,0.25
1098,University of Arkansas,https://www.uark.edu,M1,North America,United States,0,1,0,200,en,False,2026-08-11T11:35:09+00:00,11.899,1,1,1,1,0,0,0,1,1,0,1,1,7,0,0,,1,0,1,1,2,1,1,0,0,1,1,0,1,1,0,1,1,0,1,1,1,1,0,1,0,0,0,1,0,1,1,1,15.43,1,1,0,0,0,1,90,1,1,1,0,1,1,77.8,1,1,0,3650.0,0,2,0.2864050932647245,0.7085427135678392,1,0.6931471805599453,1,12,0.15,1,0,0,0.6,0.8,0.6666666666666666,0.6666666666666666,0.6,0.625,0.25
1099,West Virginia University,https://www.wvu.edu,M1,North America,United States,0,1,0,200,en-us,False,2026-08-11T11:35:25+00:00,13.689,1,1,8,1,0,0,0,1,1,1,1,1,5,1,1,2026-08-06,1,1,1,1,0,0,0,0,0,0,1,0,1,1,1,1,1,1,1,1,1,1,1,1,1,0,1,1,0,1,1,1,13.33,1,1,0,0,0,0,75,1,0,1,1,1,1,44.4,1,0,0,5.0,3,1,0.6599650990933964,0.8442211055276382,0,0.0,0,9,1.0,0,0,0,0.9333333333333332,0.8,0.3333333333333333,1.0,0.6,0.25,0.0
1100,University of Cincinnati,https://www.uc.edu,M1,North America,United States,0,1,0,200,en-us,False,2026-08-11T11:35:37+00:00,9.821,0,1,4,1,0,0,0,1,1,3,1,1,6,1,1,2026-08-07,1,1,1,1,15,1,1,0,1,1,1,0,1,1,1,1,1,1,1,1,1,1,1,1,1,0,0,1,0,1,1,1,12.63,1,0,0,0,1,1,75,1,0,1,0,1,1,69.2,1,1,0,4.0,3,2,-0.1472584218816327,0.4623115577889447,0,0.0,0,9,0.85,0,0,0,0.8666666666666667,0.8,0.6666666666666666,0.6666666666666666,0.4,0.75,0.5
1101,Miami University,https://www.miamioh.edu,M1,North America,United States,0,1,0,200,en,False,2026-08-11T11:36:03+00:00,21.276,1,1,5,1,0,0,0,1,0,0,1,0,0,1,0,,1,1,1,1,1,1,1,0,1,1,1,0,1,1,1,1,1,1,1,1,1,1,1,1,0,0,0,1,0,1,1,1,21.0,1,1,0,0,0,0,100,1,1,1,1,1,1,65.9,1,1,0,3650.0,1,2,2.2433169226811795,0.964824120603015,1,0.6931471805599453,1,13,1.0,1,0,0,0.8,0.8,0.6666666666666666,1.0,0.6,0.75,0.0
1102,Kent State University,https://www.kent.edu,M1,North America,United States,0,1,0,200,en,False,2026-08-11T11:36:16+00:00,9.987,1,1,2,0,0,0,0,1,1,1,1,1,4,0,0,,1,1,1,1,13,1,1,0,0,1,1,0,1,1,1,1,1,1,1,1,1,1,1,1,1,0,0,0,0,1,1,0,19.63,1,1,1,0,0,0,75,1,0,1,1,1,1,79.2,1,1,0,3650.0,0,2,-0.1126154269276887,0.4874371859296482,0,0.0,0,9,0.35,1,0,0,0.8666666666666667,0.4,0.6666666666666666,1.0,0.4,0.625,0.25
1103,Bowling Green State University,https://www.bgsu.edu,M1,North America,United States,0,1,0,200,en,False,2026-08-11T11:36:30+00:00,12.228,1,1,8,1,0,0,0,1,0,0,0,0,0,0,0,,1,1,1,1,0,1,1,0,0,1,1,1,1,1,1,1,1,1,1,1,1,1,1,0,0,0,1,1,0,0,0,1,21.0,1,0,1,0,1,1,90,1,0,1,1,1,1,55.9,1,1,0,3650.0,0,1,0.3550650049505531,0.7537688442211056,0,0.0,0,12,1.0,1,0,0,0.8,0.4,0.6666666666666666,1.0,0.6,0.75,0.75
1104,University of Dayton,https://udayton.edu,M1,North America,United States,0,1,0,200,en,False,2026-08-11T11:36:43+00:00,11.111,0,0,0,1,0,0,0,1,0,0,0,1,5,0,0,,1,1,1,1,0,1,0,0,0,1,1,0,1,1,1,1,0,1,0,1,1,1,1,1,0,0,0,1,0,0,1,1,19.63,1,0,0,0,0,0,75,1,0,1,1,1,1,94.7,1,0,0,3650.0,0,1,0.1219552136038347,0.6683417085427136,0,0.0,0,9,0.0,1,0,0,0.6666666666666666,0.6,0.3333333333333333,1.0,0.2,0.5,0.0
1105,Marquette University,https://www.marquette.edu,M1,North America,United States,0,1,0,200,en,False,2026-08-11T11:37:03+00:00,17.376,1,0,0,1,0,0,0,1,0,0,1,1,10,0,0,,1,0,1,0,0,1,1,0,1,0,1,0,1,1,1,1,1,1,1,1,1,1,1,1,0,0,0,1,0,1,1,1,15.43,1,1,0,0,0,0,75,1,0,1,1,0,1,87.0,1,1,0,3650.0,0,0,1.4294152340041857,0.9296482412060302,0,0.0,0,9,0.0,1,0,0,0.8,0.8,0.6666666666666666,0.6666666666666666,0.4,0.5,0.0
1106,DePaul University,https://www.depaul.edu,M1,North America,United States,0,1,0,200,en,False,2026-08-11T11:37:17+00:00,10.522,1,1,3,1,0,0,0,0,1,1,0,1,10,0,0,,1,1,1,1,0,1,1,0,1,1,1,0,1,1,1,1,0,1,1,1,1,1,1,1,0,0,0,1,0,1,1,1,17.04,1,1,0,0,0,0,100,1,0,1,0,1,1,71.4,1,1,0,3650.0,0,1,-0.00096481066046,0.5778894472361809,0,0.0,0,13,0.6,1,0,0,0.7333333333333333,0.8,0.6666666666666666,0.6666666666666666,0.6,0.75,0.0
1107,Loyola University Chicago,https://www.luc.edu,M1,North America,United States,0,1,0,200,en,False,2026-08-11T11:37:30+00:00,9.972,1,1,3,1,0,0,0,1,1,1,1,0,1,0,0,,1,1,1,1,9,1,1,0,1,1,1,0,1,1,1,1,1,1,1,1,1,1,0,1,0,0,0,1,0,1,1,1,21.0,1,1,1,0,0,0,75,1,0,1,1,1,1,59.1,1,0,0,3650.0,0,2,-0.115745818037985,0.4824120603015075,0,0.0,0,9,0.6,1,0,0,0.7333333333333333,0.8,0.3333333333333333,1.0,0.6,0.75,0.25
1108,University of Illinois Chicago,https://www.uic.edu,M1,North America,United States,0,1,0,200,en,False,2026-08-11T11:37:41+00:00,8.795,0,1,0,1,0,0,0,1,0,0,1,0,0,0,1,,1,1,1,1,1,0,0,1,0,0,1,0,1,1,1,1,1,1,1,1,0,1,1,1,0,0,0,1,0,1,1,1,19.77,1,0,0,0,0,0,75,1,0,1,1,1,0,0.0,1,0,0,3650.0,1,3,-0.361377173825888,0.3165829145728643,0,0.0,0,9,0.0,1,0,0,0.7333333333333333,0.8,0.3333333333333333,0.6666666666666666,0.4,0.375,0.0
1109,Illinois Institute of Technology,https://www.iit.edu,M1,North America,United States,0,1,0,200,en,False,2026-08-11T11:37:53+00:00,9.514,1,1,6,1,0,0,0,1,0,0,1,1,2,0,1,2026-01-28,1,1,1,1,1,1,1,0,1,0,1,0,1,1,1,1,1,1,1,1,1,1,1,1,0,0,0,1,0,1,1,1,15.91,1,1,1,0,0,1,90,1,0,1,1,1,1,91.1,1,0,0,195.0,2,2,-0.2113270932723602,0.4070351758793969,0,0.0,0,12,1.0,0,0,0,0.8,0.8,0.3333333333333333,1.0,0.6,0.625,0.5
1110,Iowa State University,https://www.iastate.edu,M1,North America,United States,0,1,0,200,en,False,2026-08-11T11:38:09+00:00,12.296,1,1,9,1,0,0,0,0,0,0,1,0,1,0,0,,1,1,1,1,20,1,1,0,0,1,1,0,1,1,1,1,1,1,1,1,1,0,0,1,0,0,1,1,0,1,1,1,8.86,1,1,0,0,0,0,75,1,0,1,1,1,1,81.2,1,1,0,3650.0,0,2,0.3692561113172288,0.7638190954773869,0,0.0,0,9,1.0,1,0,0,0.7333333333333333,0.8,0.6666666666666666,1.0,0.6,0.625,0.0
1111,University of St. Thomas,https://www.stthomas.edu,M1,North America,United States,0,1,0,200,en,False,2026-08-11T11:38:31+00:00,19.02,0,1,1,1,0,0,0,1,1,1,1,1,10,0,1,2026-08-07,1,1,1,0,0,1,1,0,0,1,1,0,1,1,1,1,1,1,1,1,1,1,1,1,0,0,0,1,0,1,1,1,21.0,1,0,0,0,0,0,75,1,0,1,1,1,1,86.4,1,1,0,4.0,3,0,1.7725060996926414,0.9547738693467336,0,0.0,0,9,0.15,0,0,0,0.8,0.8,0.6666666666666666,1.0,0.4,0.5,0.0
1112,Drexel University,https://drexel.edu,M1,North America,United States,0,1,1,200,en,False,2026-08-11T11:38:49+00:00,15.738,0,1,4,1,0,0,0,1,1,1,1,1,10,0,1,2026-10-28,1,0,1,1,8,1,1,0,1,1,1,1,1,1,1,1,1,1,1,1,1,1,0,1,0,0,0,1,0,1,1,1,12.63,1,0,0,0,0,1,100,1,0,1,1,1,1,66.7,1,0,0,0.0,3,2,1.087576524759848,0.8944723618090452,0,0.0,0,13,0.85,0,0,0,0.7333333333333333,0.8,0.3333333333333333,1.0,0.4,0.875,0.25
1113,Temple University,https://www.temple.edu,M1,North America,United States,0,1,0,200,en,False,2026-08-11T11:39:06+00:00,14.496,1,1,1,1,0,1,0,1,1,0,1,1,2,0,1,2026-07-31,1,0,1,1,0,1,1,0,0,1,1,0,1,1,1,1,1,1,1,1,1,1,1,1,0,0,0,1,0,1,1,1,21.0,1,1,0,0,0,0,90,1,0,1,1,1,1,91.3,1,1,0,11.0,3,1,0.8283801408273284,0.8693467336683417,0,0.0,0,12,0.15,0,0,0,0.8,0.8,0.6666666666666666,1.0,0.8,0.625,0.0
1114,Villanova University,https://www1.villanova.edu,M1,North America,United States,0,1,0,200,en,False,2026-08-11T12:10:00+00:00,22.051,1,1,8,1,0,0,0,0,0,0,1,1,10,1,1,2025-05-08,1,1,1,1,1,1,1,1,1,1,1,0,1,1,1,1,1,1,1,1,0,1,1,1,1,0,0,1,0,1,1,1,14.94,1,1,1,0,1,0,75,1,1,0,1,1,0,100.0,1,1,0,460.0,2,3,2.405053796713146,0.9698492462311558,1,0.6931471805599453,1,9,1.0,0,0,0,0.8,0.8,0.6666666666666666,0.6666666666666666,0.6,0.875,0.5
1115,Rensselaer Polytechnic Institute,https://www.rpi.edu,M1,North America,United States,0,1,0,200,en,False,2026-08-11T11:39:49+00:00,3.917,1,1,4,0,0,0,0,0,1,1,0,0,0,0,0,,1,1,1,1,0,1,1,0,0,0,1,0,1,1,1,1,1,1,0,1,0,1,0,1,0,0,0,1,0,1,1,1,15.43,1,1,0,0,0,1,75,1,0,1,0,1,1,100.0,1,1,0,3650.0,0,1,-1.37938036289419,0.050251256281407,0,0.0,0,9,0.85,1,0,0,0.6,0.8,0.6666666666666666,0.6666666666666666,0.4,0.5,0.25
1116,Stevens Institute of Technology,https://www.stevens.edu,M1,North America,United States,0,1,0,200,en,False,2026-08-11T11:40:00+00:00,8.601,0,0,0,0,0,0,0,1,1,1,1,1,3,1,1,2026-07-10,1,0,1,1,7,1,1,0,1,1,1,1,1,1,1,1,1,1,1,1,1,1,1,1,0,0,1,0,1,1,1,1,21.0,1,0,0,0,0,1,90,1,0,1,1,1,1,78.3,1,0,0,32.0,3,2,-0.4018635655190511,0.2914572864321608,0,0.0,0,12,0.0,0,0,0,0.8666666666666667,0.8,0.3333333333333333,1.0,0.0,0.875,0.25
1117,Worcester Polytechnic Institute,https://www.wpi.edu,M1,North America,United States,0,1,0,200,en,False,2026-08-11T12:10:17+00:00,13.352,1,1,6,1,0,0,0,0,0,0,1,0,0,0,1,2026-07-30,1,1,1,1,1,1,1,0,1,1,1,0,1,1,1,1,1,1,1,1,1,1,1,1,0,0,1,0,0,0,1,1,15.81,1,1,0,0,0,1,100,1,0,0,1,1,0,51.1,1,1,0,12.0,3,2,0.5896356454820767,0.8341708542713567,0,0.0,0,13,1.0,0,0,0,0.8666666666666667,0.4,0.6666666666666666,0.6666666666666666,0.6,0.75,0.25
1118,Brandeis University,https://www.brandeis.edu,M1,North America,United States,0,1,0,200,en,False,2026-08-11T11:40:50+00:00,10.211,1,1,7,1,0,0,0,1,0,0,1,0,0,1,0,,1,1,1,0,0,0,0,0,1,1,1,0,1,1,1,1,1,1,1,1,1,1,1,1,0,0,0,1,0,1,1,1,21.0,1,0,0,0,0,0,75,1,0,0,1,1,1,45.8,1,1,0,3650.0,1,0,-0.0658682530139331,0.5125628140703518,0,0.0,0,9,1.0,1,0,0,0.8,0.8,0.6666666666666666,1.0,0.6,0.375,0.0
1119,Clark University,https://www.clarku.edu,M1,North America,United States,0,1,0,200,en-us,False,2026-08-11T11:41:05+00:00,11.411,1,1,5,1,0,1,0,1,1,1,1,1,3,0,0,,1,1,1,1,0,1,1,0,1,0,1,0,1,1,1,1,1,1,1,1,1,1,1,1,0,0,0,1,0,1,1,1,16.81,1,0,0,0,0,0,90,1,0,1,1,1,1,83.3,1,1,1,3650.0,0,1,0.1845630358097571,0.6884422110552764,0,0.0,0,12,1.0,1,0,0,0.8,0.8,1.0,1.0,0.8,0.625,0.0
1120,University of Vermont,https://www.uvm.edu,M1,North America,United States,0,1,0,200,en,False,2026-08-11T11:41:16+00:00,7.726,1,1,6,1,0,0,0,1,0,0,0,1,3,0,0,,1,1,1,1,1,1,1,0,0,1,1,0,1,1,0,1,1,1,1,1,0,1,1,1,1,0,0,0,0,1,1,1,1.38,1,0,0,0,0,0,75,1,0,1,1,1,1,33.3,1,1,0,3650.0,0,2,-0.5844697136196589,0.2311557788944723,0,0.0,0,9,1.0,1,0,0,0.7333333333333333,0.6,0.6666666666666666,1.0,0.6,0.625,0.0
1121,University of New Hampshire,https://www.unh.edu,M1,North America,United States,0,1,0,200,en,False,2026-08-11T11:41:27+00:00,9.171,1,1,4,1,0,0,0,0,0,0,1,0,0,0,1,2026-02-07,1,0,1,1,0,0,0,1,1,0,1,0,1,1,1,1,1,1,0,1,0,1,1,1,0,0,0,1,0,1,1,1,16.54,1,1,0,0,0,0,100,1,0,1,1,1,0,44.1,1,1,0,185.0,2,1,-0.2829087033277985,0.3768844221105528,0,0.0,0,13,0.85,0,0,0,0.6666666666666666,0.8,0.6666666666666666,0.6666666666666666,0.6,0.5,0.0
1122,University of Maine,https://www.maine.edu,M1,North America,United States,0,1,0,200,en-us,False,2026-08-11T11:41:42+00:00,10.932,1,1,7,0,0,0,0,0,1,1,0,0,0,0,0,,1,0,0,0,0,1,1,0,0,1,1,0,0,1,0,1,1,1,1,0,1,1,1,0,0,0,0,0,0,1,1,0,15.13,1,1,0,0,0,0,90,1,0,1,0,0,1,83.3,1,1,0,3650.0,0,0,0.0845992130209675,0.6482412060301508,0,0.0,0,12,1.0,1,0,0,0.5333333333333333,0.4,0.6666666666666666,0.3333333333333333,0.4,0.5,0.0
1123,University of Rhode Island,https://www.uri.edu,M1,North America,United States,0,1,0,200,en-us,False,2026-08-11T11:41:53+00:00,9.05,1,1,1,1,0,0,0,1,0,0,0,0,0,0,0,,1,0,1,1,0,1,1,0,1,1,1,1,1,1,0,1,1,1,0,1,0,1,0,0,0,0,0,0,0,1,1,1,20.12,1,1,0,0,0,0,90,1,0,1,1,1,1,42.1,1,1,0,3650.0,0,1,-0.3081605249508536,0.3517587939698492,0,0.0,0,12,0.15,1,0,0,0.4666666666666667,0.6,0.6666666666666666,1.0,0.6,0.875,0.0
1124,Fordham University,https://www.fordham.edu,M1,North America,United States,0,1,0,200,en,False,2026-08-11T11:42:10+00:00,13.929,1,1,1,1,0,0,0,0,0,0,0,1,3,1,0,,1,1,1,1,0,0,0,0,0,1,1,0,1,1,1,1,1,1,1,1,1,1,1,0,0,0,0,0,0,0,1,1,12.63,1,1,0,0,1,0,90,1,0,1,1,1,1,72.2,1,1,0,3650.0,1,1,0.7100513568581345,0.864321608040201,0,0.0,0,12,0.15,1,0,0,0.7333333333333333,0.4,0.6666666666666666,1.0,0.6,0.375,0.25
1125,Binghamton University,https://www.binghamton.edu,M1,North America,United States,0,1,0,200,en-us,False,2026-08-11T11:42:19+00:00,6.766,1,1,9,1,0,0,0,1,0,0,0,0,1,0,0,,1,1,1,1,0,0,0,0,0,1,1,0,1,1,1,1,1,1,1,1,1,1,0,1,0,0,0,1,0,1,1,1,11.03,1,0,1,0,0,0,75,1,0,1,1,1,1,100.0,1,1,0,3650.0,0,1,-0.7848147446786113,0.1909547738693467,0,0.0,0,9,1.0,1,0,0,0.7333333333333333,0.8,0.6666666666666666,1.0,0.6,0.375,0.25
1126,Stony Brook University,https://www.stonybrook.edu,M1,North America,United States,0,1,0,200,en,False,2026-08-11T11:42:38+00:00,17.386,1,1,4,1,0,0,0,1,0,0,0,1,9,0,0,,1,1,1,1,12,1,1,0,1,1,1,0,1,1,1,1,1,1,1,1,1,1,0,1,1,0,0,1,0,1,1,1,8.72,1,1,0,0,0,0,75,1,0,1,1,1,1,85.7,1,1,0,3650.0,0,2,1.4315021614110492,0.9346733668341708,0,0.0,0,9,0.85,1,0,0,0.8,0.8,0.6666666666666666,1.0,0.6,0.75,0.0
1127,University at Buffalo,https://www.buffalo.edu,M1,North America,United States,0,1,1,200,en-us,False,2026-08-11T11:42:49+00:00,8.214,1,1,1,1,0,1,0,1,0,0,1,1,10,0,1,2026-08-21,1,1,1,1,15,1,1,1,1,1,1,0,1,1,1,1,1,1,0,1,1,1,1,1,0,0,0,1,0,1,1,1,3.21,1,1,0,0,0,1,100,1,0,1,1,0,1,88.7,1,1,0,0.0,3,3,-0.4826276561646914,0.2613065326633166,0,0.0,0,13,0.15,0,0,0,0.7333333333333333,0.8,0.6666666666666666,0.6666666666666666,0.8,0.875,0.25
1128,Rochester Institute of Technology,https://www.rit.edu,M1,North America,United States,0,1,0,200,en,False,2026-08-11T11:43:00+00:00,10.223,0,1,1,1,0,0,0,1,1,1,1,0,0,0,0,,1,1,1,1,5,1,1,0,1,1,1,0,1,1,1,1,1,1,1,1,1,1,1,1,0,0,0,1,0,1,1,1,15.43,1,0,0,0,1,0,100,1,0,1,1,1,1,96.6,1,1,0,3650.0,0,2,-0.0633639401256961,0.5175879396984925,0,0.0,0,13,0.15,1,0,0,0.8,0.8,0.6666666666666666,1.0,0.4,0.75,0.25
1129,Clarkson University,https://www.clarkson.edu,M1,North America,United States,0,1,0,200,en,False,2026-08-11T11:43:13+00:00,9.787,1,1,5,1,0,0,0,1,1,1,1,0,0,0,0,,1,1,1,1,0,0,0,0,1,1,1,0,1,1,1,1,1,1,1,1,0,1,1,1,1,0,0,1,0,1,1,1,9.68,1,1,1,0,0,0,75,1,0,1,1,1,1,88.9,1,1,0,3650.0,0,1,-0.1543539750649704,0.4547738693467337,0,0.0,0,9,1.0,1,0,0,0.8,0.8,0.6666666666666666,1.0,0.6,0.5,0.25
1130,Colgate University,https://www.colgate.edu,M1,North America,United States,0,1,0,200,en,False,2026-08-11T11:43:25+00:00,9.756,1,1,5,1,0,0,0,0,0,0,0,1,9,1,0,,1,1,1,1,10,0,0,0,0,1,1,0,1,1,1,1,1,1,1,1,1,1,0,1,1,0,0,1,0,1,1,1,21.0,1,1,0,0,0,1,75,1,0,1,0,1,0,100.0,1,0,0,3650.0,1,2,-0.1608234500262491,0.4472361809045226,0,0.0,0,9,1.0,1,0,0,0.8,0.8,0.3333333333333333,0.3333333333333333,0.6,0.375,0.25
1131,Hamilton College,https://www.hamilton.edu,M1,North America,United States,0,1,0,200,en,False,2026-08-11T11:43:37+00:00,9.992,1,1,3,1,0,0,0,0,0,0,1,1,3,0,0,,1,1,1,1,1,1,1,0,1,1,1,0,1,1,1,1,1,1,1,1,1,1,1,1,0,0,0,1,0,1,1,1,1.0,1,0,0,0,0,0,100,1,0,1,1,1,1,95.5,1,1,0,3650.0,0,2,-0.1115719632242565,0.4924623115577889,0,0.0,0,13,0.6,1,0,0,0.8,0.8,0.6666666666666666,1.0,0.6,0.75,0.0
1132,Union College,https://www.union.edu,M1,North America,United States,0,1,0,200,en,False,2026-08-11T11:43:44+00:00,4.524,0,1,3,1,0,0,0,1,0,0,0,0,0,0,0,,1,1,1,1,0,1,1,0,0,1,1,0,1,1,1,1,1,1,1,1,1,1,0,0,1,0,1,1,0,1,1,1,15.28,1,0,0,0,0,0,90,1,0,1,1,1,1,100.0,1,1,0,3650.0,0,1,-1.25270386929754,0.0753768844221105,0,0.0,0,12,0.6,1,0,0,0.8,0.8,0.6666666666666666,1.0,0.4,0.625,0.0
1133,Bard College,https://www.bard.edu,M1,North America,United States,0,1,1,200,en,False,2026-08-11T11:43:57+00:00,10.809,1,1,9,1,0,0,0,0,1,0,0,1,5,1,1,2026-08-16,1,1,1,1,7,1,1,0,1,1,1,0,1,1,1,1,0,1,1,1,1,1,0,1,0,0,0,1,0,1,1,1,15.91,0,1,0,0,0,0,75,1,0,1,1,1,1,85.7,1,0,0,0.0,3,2,0.058930005916539,0.6231155778894473,0,0.0,0,9,1.0,0,0,0,0.6666666666666666,0.8,0.3333333333333333,1.0,0.6,0.75,0.0
1134,Vassar College,https://www.vassar.edu,M1,North America,United States,0,1,0,200,en,False,2026-08-11T11:44:04+00:00,4.297,1,1,5,1,0,0,0,0,1,1,1,1,5,1,0,,1,1,1,1,1,1,1,0,0,1,1,0,1,1,1,1,1,1,1,1,1,0,0,0,0,0,0,0,0,1,1,1,8.86,1,1,0,0,0,0,100,1,0,1,1,1,1,100.0,1,0,0,3650.0,1,2,-1.3000771214333546,0.0653266331658291,0,0.0,0,13,1.0,1,0,0,0.6,0.6,0.3333333333333333,1.0,0.6,0.625,0.0
1135,Williams College,https://www.williams.edu,M1,North America,United States,0,1,1,200,en-us,False,2026-08-11T11:44:18+00:00,12.243,0,1,4,0,1,0,0,0,0,0,0,1,10,1,1,2026-09-19,1,0,1,1,15,1,1,1,1,1,1,1,1,1,0,1,1,1,1,0,1,1,1,1,0,0,1,1,0,1,1,1,21.0,1,0,0,0,0,0,90,1,2,1,0,1,1,100.0,1,1,0,0.0,3,3,0.3581953960608494,0.7587939698492462,2,1.0986122886681098,1,12,0.85,0,0,0,0.7333333333333333,0.8,0.6666666666666666,0.6666666666666666,0.4,1.0,0.0
1136,Amherst College,https://www.amherst.edu,M1,North America,United States,0,1,0,200,en,False,2026-08-11T11:44:30+00:00,9.746,0,1,6,1,0,0,0,0,0,0,1,1,2,0,0,,1,1,1,1,6,1,1,0,0,1,1,0,1,1,1,1,1,1,1,1,1,1,1,1,0,0,0,0,0,1,1,0,7.89,1,0,0,0,0,0,100,1,0,1,0,1,1,100.0,1,1,0,3650.0,0,2,-0.1629103774331132,0.4422110552763819,0,0.0,0,13,1.0,1,0,0,0.8,0.4,0.6666666666666666,0.6666666666666666,0.4,0.625,0.0
1138,Swarthmore College,https://www.swarthmore.edu,M1,North America,United States,0,1,1,200,en,False,2026-08-11T11:44:52+00:00,10.169,1,1,5,1,0,0,0,0,0,0,0,1,4,0,1,2026-09-18,1,1,1,1,4,1,1,1,0,1,1,0,1,1,0,1,1,1,1,1,1,1,1,1,0,0,0,1,0,1,1,1,21.0,1,1,0,0,0,0,75,1,0,1,1,1,1,91.7,1,1,0,0.0,3,3,-0.0746333481227623,0.507537688442211,0,0.0,0,9,1.0,0,0,0,0.7333333333333333,0.8,0.6666666666666666,1.0,0.6,0.75,0.0
1139,Haverford College,https://www.haverford.edu,M1,North America,United States,0,1,0,200,en,False,2026-08-11T11:45:04+00:00,9.937,1,1,4,1,0,0,0,0,0,0,0,1,8,0,0,,1,0,1,1,2,1,1,0,1,1,1,0,1,1,1,1,1,1,0,1,0,1,0,1,0,0,0,1,0,1,1,1,15.91,1,0,1,0,0,0,75,1,1,1,1,1,1,100.0,1,0,0,3650.0,0,2,-0.1230500639620093,0.4773869346733668,1,0.6931471805599453,1,9,0.85,1,0,0,0.6,0.8,0.3333333333333333,1.0,0.6,0.75,0.25
1140,Bowdoin College,https://www.bowdoin.edu,M1,North America,United States,0,1,0,200,en,False,2026-08-11T11:45:15+00:00,9.33,1,1,8,1,1,0,0,0,0,0,1,0,0,0,0,,1,1,1,0,0,0,0,0,1,0,1,0,1,1,0,1,1,1,1,0,1,1,1,1,0,0,0,0,0,0,1,0,21.0,1,0,0,0,0,0,75,1,0,1,1,1,1,90.9,1,1,0,3650.0,0,0,-0.2497265575586593,0.3919597989949748,0,0.0,0,9,1.0,1,0,0,0.6666666666666666,0.2,0.6666666666666666,1.0,0.8,0.25,0.0
1141,Middlebury College,https://www.middlebury.edu,M1,North America,United States,0,1,0,200,en,False,2026-08-11T11:45:21+00:00,4.165,1,1,1,1,0,0,0,0,0,0,1,0,0,0,0,,1,0,1,1,0,0,1,0,1,1,1,0,1,1,1,1,1,1,1,0,1,1,1,0,1,0,0,0,0,1,1,0,16.29,1,1,0,0,0,1,90,1,0,1,1,1,1,100.0,1,0,0,3650.0,0,1,-1.3276245632039605,0.0603015075376884,0,0.0,0,12,0.15,1,0,0,0.7333333333333333,0.4,0.3333333333333333,1.0,0.6,0.625,0.25
1142,Colby College,https://www.colby.edu,M1,North America,United States,0,1,0,200,en-us,False,2026-08-11T11:45:30+00:00,6.612,0,1,5,1,0,0,0,0,0,0,0,0,1,1,0,,1,1,1,1,6,1,0,0,0,1,1,0,1,1,0,1,1,1,1,1,1,1,0,1,0,0,0,1,1,0,1,1,21.0,1,0,0,0,1,0,90,1,3,1,1,1,1,100.0,1,0,0,3650.0,1,2,-0.8169534267443183,0.185929648241206,3,1.3862943611198906,1,12,1.0,1,0,0,0.6666666666666666,0.8,0.3333333333333333,1.0,0.4,0.5,0.25
1143,Bates College,https://www.bates.edu,M1,North America,United States,0,1,0,200,en,False,2026-08-11T11:45:43+00:00,10.596,1,0,0,1,0,0,0,0,0,0,1,0,0,1,1,2026-06-18,1,1,1,1,0,0,0,0,0,0,1,0,1,1,0,1,1,1,1,1,1,1,0,0,0,0,0,1,0,0,1,1,21.0,0,0,0,0,0,0,75,1,1,1,1,1,1,85.7,1,0,0,54.0,3,1,0.0144784521503341,0.592964824120603,1,0.6931471805599453,1,9,0.0,0,0,0,0.6,0.6,0.3333333333333333,1.0,0.4,0.25,0.0
1144,Trinity College,https://www.trincoll.edu,M1,North America,United States,0,1,1,200,en-us,False,2026-08-11T11:45:55+00:00,10.137,0,1,3,1,0,0,0,0,0,0,0,1,6,1,1,2026-09-02,1,0,1,1,19,1,1,1,1,1,1,0,1,1,0,1,1,1,0,0,1,1,1,0,0,0,0,1,0,1,1,1,21.0,1,0,0,0,0,0,100,1,0,1,1,1,1,55.6,1,0,0,0.0,3,3,-0.0813115158247274,0.5025125628140703,0,0.0,0,13,0.6,0,0,0,0.5333333333333333,0.8,0.3333333333333333,1.0,0.4,0.875,0.0
1145,Wesleyan University,https://www.wesleyan.edu,M1,North America,United States,0,1,0,200,en,False,2026-08-11T11:46:05+00:00,8.32,1,1,5,1,0,0,0,0,0,0,0,1,5,1,0,,1,0,1,1,3,1,1,1,1,1,1,1,1,1,1,1,1,1,0,1,1,1,1,1,0,0,0,1,0,1,1,1,21.0,1,1,0,0,0,0,90,1,1,1,1,1,0,63.2,1,1,0,3650.0,1,3,-0.4605062256519321,0.2663316582914573,1,0.6931471805599453,1,12,1.0,1,0,0,0.7333333333333333,0.8,0.6666666666666666,0.6666666666666666,0.6,1.0,0.0
1146,Smith College,https://www.smith.edu,M1,North America,United States,0,1,0,200,en,False,2026-08-11T11:46:19+00:00,10.404,0,1,5,1,0,0,0,0,0,0,1,0,0,0,1,2026-08-10,1,1,1,1,0,0,0,0,0,1,1,0,1,1,1,1,1,1,1,1,1,1,0,1,0,0,0,1,0,1,1,1,15.85,1,0,0,0,0,0,100,1,0,1,1,1,1,16.7,1,1,0,1.0,3,1,-0.0255905540614563,0.5552763819095478,0,0.0,0,13,1.0,0,0,0,0.7333333333333333,0.8,0.6666666666666666,1.0,0.4,0.375,0.0
1147,Mount Holyoke College,https://www.mtholyoke.edu,M1,North America,United States,0,1,0,200,en,False,2026-08-11T11:46:27+00:00,5.089,1,1,2,1,0,0,0,0,0,0,1,1,7,0,1,2026-05-24,1,1,1,1,0,1,1,0,1,1,1,0,1,1,1,1,1,1,1,0,1,1,1,0,0,0,0,1,0,1,1,1,15.91,1,1,1,0,0,1,90,1,0,0,1,1,1,100.0,1,0,0,79.0,3,1,-1.1347924708097188,0.1206030150753768,0,0.0,0,12,0.35,0,0,0,0.6666666666666666,0.8,0.3333333333333333,1.0,0.6,0.75,0.5
1148,Barnard College,https://barnard.edu,M1,North America,United States,0,1,1,200,en,False,2026-08-11T11:46:41+00:00,11.99,1,1,1,1,0,0,0,0,1,1,1,0,0,1,1,2026-08-31,1,1,1,1,1,1,1,0,0,0,1,0,1,1,1,1,1,1,1,1,1,1,1,1,0,0,1,0,0,1,1,1,21.0,1,1,0,0,0,1,90,1,0,1,1,1,0,28.6,1,1,0,0.0,3,2,0.3053961326671879,0.7286432160804021,0,0.0,0,12,0.15,0,0,0,0.8666666666666667,0.6,0.6666666666666666,0.6666666666666666,0.6,0.5,0.25
1149,Grinnell College,https://www.grinnell.edu,M1,North America,United States,0,1,0,200,en,False,2026-08-11T11:46:53+00:00,8.677,1,1,5,1,0,0,0,0,0,0,1,1,4,0,0,,1,1,1,1,0,1,1,0,0,0,1,0,1,1,0,1,1,1,1,1,1,1,0,0,0,0,0,1,0,0,1,1,12.63,1,1,0,0,0,0,90,1,0,1,1,1,1,88.9,1,1,0,3650.0,0,1,-0.3860029172268843,0.3015075376884422,0,0.0,0,12,1.0,1,0,0,0.6,0.6,0.6666666666666666,1.0,0.6,0.5,0.0
1150,Carleton College,https://www.carleton.edu,M1,North America,Canada,0,1,0,200,en-us,False,2026-08-11T11:47:01+00:00,5.092,1,0,0,1,0,0,0,1,0,0,1,1,10,1,0,,1,1,1,1,0,0,0,0,0,0,1,0,1,1,1,1,0,1,1,1,1,1,0,1,0,0,0,1,0,0,0,1,12.63,1,0,0,0,0,0,90,1,0,1,1,0,1,100.0,1,1,0,3650.0,1,1,-1.1341663925876595,0.1256281407035175,0,0.0,0,12,0.0,1,0,0,0.6666666666666666,0.4,0.6666666666666666,0.6666666666666666,0.4,0.25,0.0
1151,Macalester College,https://www.macalester.edu,M1,North America,United States,0,1,0,200,en,False,2026-08-11T11:47:08+00:00,5.048,1,1,3,1,0,0,0,1,0,0,0,1,5,1,0,,1,1,1,1,20,1,1,0,0,0,1,0,1,1,1,1,1,1,1,1,1,1,1,1,0,0,0,1,0,1,1,1,21.0,1,1,0,0,0,0,100,1,0,1,1,1,1,53.3,1,0,0,3650.0,1,2,-1.1433488731778616,0.1155778894472361,0,0.0,0,13,0.6,1,0,0,0.8,0.8,0.3333333333333333,1.0,0.6,0.5,0.0
1152,Oberlin College,https://www.oberlin.edu,M1,North America,United States,0,1,0,200,en,False,2026-08-11T11:47:24+00:00,13.5,1,1,2,1,1,1,0,0,1,1,1,0,0,1,0,,1,0,1,1,0,1,1,0,1,1,1,0,1,1,1,1,1,1,1,1,0,1,1,1,0,0,0,0,0,1,0,0,19.38,1,1,1,0,0,0,75,1,0,1,0,1,1,7.6,1,1,0,3650.0,1,1,0.6205221711036651,0.8391959798994975,0,0.0,0,9,0.35,1,0,0,0.7333333333333333,0.2,0.6666666666666666,0.6666666666666666,1.0,0.75,0.25
1153,Kenyon College,https://www.kenyon.edu,M1,North America,United States,0,1,0,200,en,False,2026-08-11T11:47:36+00:00,10.035,0,1,2,1,0,0,0,1,0,0,1,1,4,0,0,,1,1,1,1,1,1,1,0,1,1,1,0,1,1,1,1,1,1,1,1,1,1,1,0,0,0,0,1,0,1,1,1,21.0,1,0,0,0,0,1,100,1,0,1,1,1,1,0.0,1,1,0,3650.0,0,2,-0.1025981753747411,0.4974874371859296,0,0.0,0,13,0.35,1,0,0,0.7333333333333333,0.8,0.6666666666666666,1.0,0.4,0.75,0.25
1154,Denison University,https://denison.edu,M1,North America,United States,0,1,0,200,en,False,2026-08-11T11:47:51+00:00,10.543,1,1,6,1,0,0,0,0,1,1,1,0,0,1,1,2026-08-10,1,1,1,1,6,1,1,1,1,1,1,0,1,1,1,1,1,1,1,1,1,1,1,0,0,0,0,1,0,0,1,1,8.36,1,0,1,0,0,0,75,1,0,1,1,1,1,97.7,1,0,0,1.0,3,3,0.0034177368939543,0.5879396984924623,0,0.0,0,9,1.0,0,0,0,0.7333333333333333,0.6,0.3333333333333333,1.0,0.6,0.875,0.25
1155,Reed College,https://www.reed.edu,M1,North America,United States,0,1,0,200,en-us,False,2026-08-11T11:48:05+00:00,11.315,1,1,4,1,0,0,0,0,0,0,1,0,0,0,0,,1,0,1,1,12,1,1,0,0,1,1,0,1,1,0,1,1,1,1,0,1,1,1,1,1,0,1,1,0,1,1,1,21.0,1,0,0,0,0,0,75,1,0,1,1,1,1,75.0,1,0,0,3650.0,0,2,0.1645285327038619,0.678391959798995,0,0.0,0,9,0.85,1,0,0,0.8,0.8,0.3333333333333333,1.0,0.6,0.625,0.0
1156,Pomona College,https://www.pomona.edu,M1,North America,United States,0,1,1,200,en,False,2026-08-11T11:48:16+00:00,9.125,0,1,7,1,0,0,0,0,0,0,0,0,1,0,1,2026-10-10,1,1,1,1,18,1,1,0,0,1,1,0,1,1,1,1,1,1,1,0,1,1,1,1,0,0,0,0,0,1,1,0,21.0,1,0,0,0,0,0,100,1,0,1,1,1,1,72.0,1,1,0,0.0,3,2,-0.2925085693993731,0.3668341708542713,0,0.0,0,13,1.0,0,0,0,0.7333333333333333,0.4,0.6666666666666666,1.0,0.4,0.625,0.0
1157,Claremont McKenna College,https://www.cmc.edu,M1,North America,United States,0,1,0,200,en,False,2026-08-11T11:48:23+00:00,5.004,1,1,9,1,0,0,0,0,1,1,1,0,0,0,0,,1,1,1,1,0,1,0,0,0,1,1,0,1,1,1,1,1,1,1,1,1,1,1,0,0,0,1,1,0,1,1,1,16.3,1,1,0,0,0,0,75,1,0,1,1,1,1,100.0,1,1,0,3650.0,0,1,-1.1525313537680637,0.1055276381909547,0,0.0,0,9,1.0,1,0,0,0.8,0.8,0.6666666666666666,1.0,0.6,0.5,0.0
1158,Harvey Mudd College,https://www.hmc.edu,M1,North America,United States,0,1,0,200,en-us,False,2026-08-11T11:48:39+00:00,13.284,1,0,0,1,0,0,0,1,0,0,1,0,1,0,0,,1,1,1,1,15,0,0,0,1,1,0,0,1,1,1,1,1,1,1,0,1,1,1,1,0,0,0,1,0,1,1,1,15.43,0,0,0,0,0,1,75,1,0,1,0,1,1,28.6,1,1,0,3650.0,0,2,0.5754445391154009,0.8291457286432161,0,0.0,0,9,0.0,1,0,0,0.7333333333333333,0.8,0.6666666666666666,0.6666666666666666,0.4,0.375,0.25
1159,Scripps College,https://www.scrippscollege.edu,M1,North America,United States,0,1,0,200,en,False,2026-08-11T11:48:48+00:00,7.395,1,1,3,1,0,0,0,0,0,1,1,1,5,0,0,,1,0,1,1,11,1,1,0,0,0,1,0,1,1,1,1,1,1,1,1,1,0,1,1,0,0,0,1,0,1,1,1,12.63,1,1,0,0,1,1,75,1,1,1,1,1,1,35.7,1,1,0,3650.0,0,2,-0.6535470107868604,0.2060301507537688,1,0.6931471805599453,1,9,0.6,1,0,0,0.7333333333333333,0.8,0.6666666666666666,1.0,0.6,0.5,0.5
1160,University of San Diego,https://www.sandiego.edu,M1,North America,United States,0,1,0,200,en,False,2026-08-11T11:49:03+00:00,12.641,1,1,7,1,0,0,0,1,0,0,1,1,6,1,0,,1,1,1,1,0,0,1,0,1,1,1,0,1,1,1,1,1,1,1,1,1,1,1,0,0,0,0,0,0,0,1,0,21.0,1,1,1,0,1,1,90,1,0,1,1,0,1,84.6,1,0,0,3650.0,1,1,0.44125510685404,0.7889447236180904,0,0.0,0,12,1.0,1,0,0,0.7333333333333333,0.2,0.3333333333333333,0.6666666666666666,0.6,0.625,0.75
1161,Santa Clara University,https://www.scu.edu,M1,North America,United States,0,1,0,200,en,False,2026-08-11T11:49:12+00:00,7.404,0,1,7,1,0,0,0,1,1,1,0,1,4,0,0,,1,1,1,1,0,0,0,0,0,1,1,0,1,1,1,1,1,1,0,0,1,1,1,1,1,0,0,1,0,1,1,1,15.43,1,0,1,0,0,0,75,1,0,1,1,1,1,80.0,1,1,0,3650.0,0,1,-0.6516687761206826,0.2110552763819095,0,0.0,0,9,1.0,1,0,0,0.7333333333333333,0.8,0.6666666666666666,1.0,0.4,0.375,0.25
1162,University of San Francisco,https://www.usfca.edu,M1,North America,United States,0,1,1,200,en,False,2026-08-11T11:49:25+00:00,11.005,1,1,6,1,0,0,0,1,0,0,1,1,8,1,1,2026-08-17,1,1,1,1,11,1,1,0,1,0,1,1,1,1,1,1,1,1,1,1,1,1,1,1,0,0,0,1,0,1,1,1,21.0,1,0,0,0,0,0,90,1,0,1,1,1,1,71.9,1,1,0,0.0,3,2,0.0998337830910754,0.6582914572864321,0,0.0,0,12,1.0,0,0,0,0.8,0.8,0.6666666666666666,1.0,0.6,0.75,0.0
1163,Loyola Marymount University,https://www.lmu.edu,M1,North America,United States,0,1,1,200,en,False,2026-08-11T11:49:38+00:00,10.373,1,1,3,1,0,0,0,1,1,1,0,1,3,1,1,2026-09-04,1,1,1,1,2,1,1,1,0,1,1,0,1,1,1,1,1,1,1,1,1,1,1,1,0,0,0,1,0,1,1,1,21.0,1,0,0,0,1,0,75,1,0,1,1,1,1,75.0,1,1,0,0.0,3,3,-0.0320600290227351,0.5477386934673367,0,0.0,0,9,0.6,0,0,0,0.8,0.8,0.6666666666666666,1.0,0.6,0.75,0.25
1164,Pepperdine University,https://www.pepperdine.edu,M1,North America,United States,0,1,0,200,en,False,2026-08-11T11:49:52+00:00,10.507,1,1,5,1,0,0,0,1,1,1,0,0,1,1,1,2026-08-10,1,1,1,1,1,1,1,0,0,1,0,1,1,1,1,1,1,1,1,1,1,1,0,1,0,0,0,1,0,1,1,1,21.0,0,0,0,0,0,1,75,1,0,1,1,1,1,78.6,1,1,0,1.0,3,2,-0.0040952017707563,0.5728643216080402,0,0.0,0,9,1.0,0,0,0,0.7333333333333333,0.8,0.6666666666666666,1.0,0.6,0.625,0.25
1165,San Diego State University,https://www.sdsu.edu,M1,North America,United States,0,1,0,200,en,False,2026-08-11T11:50:07+00:00,13.194,1,1,4,1,0,0,0,1,1,1,0,1,7,1,0,,1,0,1,1,6,1,1,1,0,1,1,0,1,1,1,1,1,1,1,1,1,1,1,1,0,0,0,1,0,1,1,1,21.0,1,1,0,0,0,0,75,1,0,1,1,1,1,100.0,1,1,0,3650.0,1,3,0.5566621924536242,0.8190954773869347,0,0.0,0,9,0.85,1,0,0,0.8,0.8,0.6666666666666666,1.0,0.6,0.75,0.0
1166,San Jose State University,https://www.sjsu.edu,M1,North America,United States,0,1,1,200,en,False,2026-08-11T11:50:25+00:00,16.211,1,1,5,1,0,0,0,1,1,1,0,1,2,1,1,2026-11-30,1,1,1,1,0,1,1,0,0,0,1,0,1,1,1,1,1,1,1,1,1,1,1,1,0,0,0,1,0,0,1,1,19.8,1,1,0,0,0,0,75,1,0,1,0,0,1,87.5,1,1,0,0.0,3,1,1.1862881911045189,0.914572864321608,0,0.0,0,9,1.0,0,0,0,0.8,0.6,0.6666666666666666,0.3333333333333333,0.6,0.5,0.0
1167,California Polytechnic State University,https://www.calpoly.edu,M1,North America,Canada,0,1,1,200,en,False,2026-08-11T11:50:33+00:00,4.941,1,1,3,1,0,0,0,1,0,0,1,1,4,1,1,2026-08-22,1,1,1,1,14,1,1,0,1,0,1,0,1,1,1,1,1,1,1,1,1,1,1,1,0,0,0,1,0,1,1,1,17.78,1,1,0,0,1,0,100,1,0,1,1,1,1,92.3,1,1,0,0.0,3,2,-1.1656789964313077,0.0904522613065326,0,0.0,0,13,0.6,0,0,0,0.8,0.8,0.6666666666666666,1.0,0.6,0.625,0.25
1168,University of Toronto,https://www.utoronto.ca,M1,North America,Canada,0,1,1,200,en,False,2026-08-11T11:50:39+00:00,4.366,1,1,3,1,0,0,0,1,0,0,1,0,0,0,1,2026-08-27,1,0,0,1,3,1,0,0,1,0,1,0,0,1,0,1,1,1,0,1,1,1,1,1,0,0,0,0,1,0,1,1,7.49,1,1,0,0,0,0,90,1,0,1,1,1,1,100.0,1,1,0,0.0,3,2,-1.2856773223259923,0.0703517587939698,0,0.0,0,12,0.6,0,0,0,0.6,0.6,0.6666666666666666,1.0,0.6,0.5,0.0
1169,University of British Columbia,https://www.ubc.ca,M1,North America,Canada,0,1,0,200,en-ca,False,2026-08-11T11:50:50+00:00,8.812,0,1,9,1,0,0,0,0,0,0,0,0,0,0,0,,1,1,1,1,0,0,0,0,0,0,0,0,1,1,1,1,1,1,0,1,1,1,1,1,0,0,0,0,0,1,1,1,15.91,0,0,0,0,0,0,100,1,1,1,1,1,1,100.0,1,1,0,3650.0,0,1,-0.3578293972342192,0.3266331658291457,1,0.6931471805599453,1,13,1.0,1,0,0,0.7333333333333333,0.6,0.6666666666666666,1.0,0.4,0.125,0.0
1170,McGill University,https://www.mcgill.ca,M1,North America,Canada,0,1,0,200,,False,2026-08-11T11:50:53+00:00,1.957,0,1,7,1,1,0,1,1,0,0,1,0,0,1,0,,1,0,1,1,0,0,0,0,1,0,1,0,1,1,1,1,1,1,1,1,1,1,1,1,0,0,0,0,0,1,1,0,21.0,1,0,0,0,0,0,75,1,0,1,0,1,1,100.0,1,1,0,3650.0,1,1,-1.788418134639551,0.0100502512562814,0,0.0,0,9,1.0,1,0,0,0.8,0.4,0.6666666666666666,0.6666666666666666,0.6,0.375,0.0
1171,University of Alberta,https://www.ualberta.ca,M1,North America,Canada,0,1,0,200,en,False,2026-08-11T11:51:07+00:00,12.212,0,1,5,1,1,0,0,1,0,0,1,1,8,0,0,,1,1,1,1,1,1,1,0,0,1,1,0,1,1,1,1,1,1,1,1,1,1,1,1,1,0,1,0,0,1,1,1,14.45,1,0,1,0,0,1,90,1,2,1,1,1,1,50.0,1,0,0,3650.0,0,2,0.3517259210995706,0.7437185929648241,2,1.0986122886681098,1,12,1.0,1,0,0,0.9333333333333332,0.6,0.3333333333333333,1.0,0.6,0.625,0.5
1172,McMaster University,https://www.mcmaster.ca,M1,North America,Canada,0,1,0,200,en-us,False,2026-08-11T11:51:23+00:00,13.879,0,1,4,0,0,0,0,0,0,0,1,0,0,0,1,2026-08-10,1,1,1,1,0,1,0,0,0,0,1,0,1,1,1,1,1,1,0,1,1,1,0,1,0,0,1,1,0,0,0,1,15.43,1,0,0,0,0,0,75,1,0,1,1,0,1,98.4,1,0,0,1.0,3,1,0.6996167198238139,0.8542713567839196,0,0.0,0,9,0.85,0,0,0,0.7333333333333333,0.4,0.3333333333333333,0.6666666666666666,0.2,0.375,0.0
1173,University of Waterloo,https://uwaterloo.ca,M1,North America,Canada,0,1,0,200,en,False,2026-08-11T11:51:31+00:00,5.545,0,1,1,1,0,0,0,1,0,0,0,1,4,0,0,,1,0,1,1,9,1,1,0,1,0,1,0,1,1,1,1,1,1,0,0,1,0,0,1,0,0,0,1,0,1,1,1,21.0,1,0,0,0,0,0,100,1,0,1,1,1,0,100.0,1,1,0,3650.0,0,2,-1.0396285810567163,0.135678391959799,0,0.0,0,13,0.15,1,0,0,0.5333333333333333,0.8,0.6666666666666666,0.6666666666666666,0.4,0.625,0.0
1175,Queen's University,https://www.queensu.ca,M1,North America,Canada,0,1,0,200,en,False,2026-08-11T11:52:37+00:00,10.455,1,1,3,1,0,0,1,1,0,0,1,0,0,0,0,,0,1,1,0,0,1,1,0,1,1,1,0,1,1,1,1,1,1,0,1,1,1,0,1,1,0,0,1,0,1,1,1,15.28,1,0,1,0,0,0,90,1,0,1,1,1,1,29.4,1,1,0,3650.0,0,0,-0.0149472242864494,0.5678391959798995,0,0.0,0,12,0.6,1,0,0,0.7333333333333333,0.8,0.6666666666666666,1.0,0.6,0.625,0.25
1176,University of Montreal,https://www.umontreal.ca,M1,North America,Canada,0,1,0,200,en,True,2026-08-11T11:53:00+00:00,13.18,0,1,7,1,0,0,0,0,0,0,0,1,2,0,1,2026-07-14,1,0,1,0,0,1,1,0,0,0,1,0,1,1,1,1,1,1,1,1,1,1,1,1,0,0,0,1,0,1,1,1,7.94,1,0,0,0,1,0,90,1,0,1,0,1,1,20.0,1,0,0,28.0,3,0,0.5537404940840143,0.8140703517587939,0,0.0,0,12,1.0,0,0,0,0.8,0.8,0.3333333333333333,0.6666666666666666,0.4,0.375,0.25
1177,University of Ottawa,https://www.uottawa.ca,M1,North America,Canada,0,1,1,200,en,False,2026-08-11T11:53:14+00:00,10.956,1,1,4,0,1,0,0,0,0,0,1,1,3,0,1,2026-08-30,1,0,1,1,0,1,1,0,1,0,1,0,1,1,1,1,1,1,0,1,1,1,1,1,1,0,0,1,0,0,1,1,13.79,1,1,0,0,0,0,100,1,0,1,1,1,1,88.9,1,1,0,0.0,3,1,0.0896078387974411,0.6532663316582915,0,0.0,0,13,0.85,0,0,0,0.8,0.6,0.6666666666666666,1.0,0.6,0.625,0.0
1178,Simon Fraser University,https://www.sfu.ca,M1,North America,Canada,0,1,0,200,en,False,2026-08-11T11:53:34+00:00,14.624,1,1,5,1,0,0,0,1,0,0,1,0,0,0,0,,1,0,1,1,1,1,1,0,1,1,1,0,1,1,1,1,1,1,1,1,1,1,0,1,1,0,0,0,0,1,1,1,21.0,1,1,0,0,0,1,90,1,0,1,1,1,1,41.0,1,0,0,3650.0,0,2,0.8550928116351887,0.8793969849246231,0,0.0,0,12,1.0,1,0,0,0.8,0.6,0.3333333333333333,1.0,0.6,0.75,0.25
1179,University of Calgary,https://www.ucalgary.ca,M1,North America,Canada,0,1,1,200,en,False,2026-08-11T11:53:48+00:00,11.796,1,0,0,1,0,0,0,1,0,0,0,1,10,0,1,2026-08-18,1,1,1,1,20,1,1,0,0,1,1,0,1,1,1,1,1,1,1,1,1,1,1,1,1,0,1,0,0,1,1,1,10.86,1,1,0,0,0,1,100,1,0,1,1,1,1,72.7,1,0,0,0.0,3,2,0.2649097409740245,0.7035175879396985,0,0.0,0,13,0.0,0,0,0,0.9333333333333332,0.6,0.3333333333333333,1.0,0.4,0.625,0.25
1180,Dalhousie University,https://www.dal.ca,M1,North America,Canada,0,1,0,200,en,False,2026-08-11T11:53:58+00:00,7.669,1,1,6,0,0,0,0,1,0,0,1,1,3,1,0,,1,0,1,1,0,0,0,0,1,0,1,0,1,1,1,1,1,1,1,1,1,1,1,1,1,0,1,0,0,1,1,1,15.52,1,1,0,0,0,1,90,1,0,1,1,1,1,62.5,1,1,0,3650.0,1,1,-0.5963651998387843,0.2261306532663316,0,0.0,0,12,1.0,1,0,0,0.9333333333333332,0.6,0.6666666666666666,1.0,0.4,0.375,0.25
1184,University of Guelph,https://www.uoguelph.ca,M1,North America,Canada,0,1,0,200,en,False,2026-08-11T11:55:28+00:00,10.823,0,0,0,0,0,0,1,1,0,0,0,0,0,0,0,,1,0,0,1,0,1,0,0,0,0,1,0,0,0,0,1,0,1,0,0,0,0,1,0,0,0,0,0,0,0,0,0,7.46,1,0,0,0,0,1,75,1,0,0,1,0,1,33.3,1,0,0,3650.0,0,1,0.0618517042861489,0.628140703517588,0,0.0,0,9,0.0,1,0,0,0.2,0.0,0.3333333333333333,0.6666666666666666,0.0,0.375,0.25
1185,York University,https://www.yorku.ca,M1,North America,Canada,0,1,0,200,en-ca,False,2026-08-11T11:55:42+00:00,12.225,1,1,3,1,0,0,0,1,1,1,0,1,4,0,1,2026-07-31,1,0,1,1,0,1,1,0,0,1,1,0,1,1,1,1,1,1,1,1,1,1,1,1,0,0,1,1,0,0,1,1,15.43,1,1,0,0,1,1,90,1,0,1,1,1,1,14.6,1,1,0,11.0,3,1,0.3544389267284939,0.7487437185929648,0,0.0,0,12,0.6,0,0,0,0.8666666666666667,0.6,0.6666666666666666,1.0,0.6,0.625,0.5
1186,Concordia University,https://www.concordia.ca,M1,North America,Canada,0,1,0,200,en,False,2026-08-11T11:56:08+00:00,22.174,1,1,5,1,1,0,0,1,0,0,1,1,2,1,1,2026-08-06,1,1,1,1,7,1,1,0,0,0,1,0,1,1,1,1,1,1,1,1,1,1,1,1,1,0,0,1,0,1,1,1,21.0,1,1,0,0,1,0,75,1,0,1,1,1,1,86.7,1,1,0,5.0,3,2,2.4307230038175747,0.9748743718592964,0,0.0,0,9,1.0,0,0,0,0.8666666666666667,0.8,0.6666666666666666,1.0,0.8,0.5,0.25
1187,University of Victoria,https://www.uvic.ca,M1,North America,Canada,0,1,1,200,en,False,2026-08-11T11:56:18+00:00,7.494,1,1,6,1,0,0,0,1,0,0,0,0,1,0,1,2026-10-07,1,1,1,1,0,1,1,0,0,0,1,0,1,1,1,1,1,1,0,1,1,1,0,1,1,0,1,0,0,1,1,1,15.43,1,1,1,0,0,0,100,1,0,1,1,1,1,100.0,1,1,0,0.0,3,1,-0.6328864294589058,0.2160804020100502,0,0.0,0,13,1.0,0,0,0,0.8,0.6,0.6666666666666666,1.0,0.6,0.5,0.25
1188,Carleton University,https://carleton.ca,M1,North America,Canada,0,1,0,200,en-us,False,2026-08-11T11:56:31+00:00,10.404,1,1,10,1,0,0,0,0,0,0,1,1,5,0,0,,1,1,1,1,4,1,1,0,0,1,1,0,1,1,1,1,1,1,1,1,1,1,1,1,1,0,0,0,0,1,1,0,12.63,1,1,0,0,0,0,90,1,0,1,1,1,1,42.1,1,1,0,3650.0,0,2,-0.0255905540614563,0.5552763819095478,0,0.0,0,12,0.9266666666666666,1,0,0,0.8666666666666667,0.4,0.6666666666666666,1.0,0.6,0.625,0.0
1189,University of Manitoba,https://umanitoba.ca,M1,North America,Canada,0,1,0,200,en,False,2026-08-11T11:56:46+00:00,12.443,1,1,5,1,0,0,0,0,0,0,1,1,3,0,0,,1,1,1,0,0,1,1,0,1,0,1,0,1,1,1,1,1,1,1,1,1,1,1,0,0,0,0,1,0,1,1,1,15.91,1,1,0,0,0,1,90,1,0,1,1,1,1,41.2,1,1,0,3650.0,0,0,0.399933944198131,0.7738693467336684,0,0.0,0,12,1.0,1,0,0,0.7333333333333333,0.8,0.6666666666666666,1.0,0.6,0.5,0.25
1190,University of Saskatchewan,https://www.usask.ca,M1,North America,Canada,0,1,0,200,en,False,2026-08-11T11:56:54+00:00,6.402,1,1,6,1,1,0,0,1,0,0,0,0,0,0,1,2026-06-30,1,0,1,1,1,0,0,1,1,0,1,0,1,1,1,1,1,1,1,1,1,1,1,1,0,0,0,0,0,1,1,1,17.4,1,1,0,0,0,0,75,1,0,1,1,1,1,100.0,1,1,0,42.0,3,3,-0.8607789022884641,0.1758793969849246,0,0.0,0,9,1.0,0,0,0,0.8,0.6,0.6666666666666666,1.0,0.8,0.5,0.0
1191,Universidad de las Americas Puebla,https://www.udlap.mx,M1,North America,United States,0,1,0,200,es,True,2026-08-11T11:57:15+00:00,10.71,1,1,7,1,0,0,0,1,1,1,1,0,0,1,0,,1,1,1,0,3,1,1,0,0,1,1,0,1,1,1,1,1,1,1,1,0,1,0,1,1,1,1,1,0,1,0,1,1.11,1,1,0,0,0,0,75,1,2,1,0,0,1,16.0,1,0,0,3650.0,1,1,0.0382694245885849,0.6130653266331658,2,1.0986122886681098,1,9,1.0,1,0,0,0.8666666666666667,0.6,0.3333333333333333,0.3333333333333333,0.6,0.5,0.0
1193,American University,https://www.american.edu,M1,North America,United States,0,1,0,200,en,False,2026-08-11T11:57:39+00:00,10.335,1,1,12,1,0,1,0,1,1,0,0,0,1,1,0,,1,1,1,1,1,1,1,0,1,1,1,0,1,1,1,1,1,1,1,1,1,1,1,1,0,0,0,1,0,1,1,1,11.07,1,1,1,0,0,0,100,1,0,1,1,1,1,72.4,1,0,0,3650.0,1,2,-0.0399903531688183,0.5276381909547738,0,0.0,0,13,0.78,1,0,0,0.8,0.8,0.3333333333333333,1.0,0.8,0.75,0.25
1194,Howard University,https://howard.edu,M1,North America,United States,0,1,0,200,en,False,2026-08-11T11:57:54+00:00,11.735,0,1,3,1,0,0,0,1,1,1,1,0,0,1,1,2026-08-11,1,1,1,1,18,1,1,0,1,1,1,0,1,1,1,1,1,1,1,1,1,1,1,1,0,0,0,1,0,1,1,1,1.0,1,0,0,0,0,0,75,1,0,1,1,1,1,95.7,1,1,0,0.0,3,2,0.2521794837921535,0.6984924623115578,0,0.0,0,9,0.6,0,0,0,0.8,0.8,0.6666666666666666,1.0,0.4,0.75,0.0
1195,Baylor College of Medicine,https://www.bcm.edu,M1,North America,United States,0,1,0,200,en,False,2026-08-11T11:58:09+00:00,12.814,1,1,5,1,0,1,0,0,1,1,1,0,0,0,0,,1,1,1,1,0,0,0,0,0,0,1,0,1,1,1,1,1,1,1,0,1,1,1,1,1,0,0,1,0,1,1,1,12.63,1,1,0,0,0,0,100,1,0,0,1,1,0,100.0,1,0,0,3650.0,0,1,0.4773589509927887,0.8040201005025126,0,0.0,0,13,1.0,1,0,0,0.8,0.8,0.3333333333333333,0.6666666666666666,0.8,0.25,0.0
1196,University of Denver,https://www.du.edu,M1,North America,United States,0,1,0,200,en,False,2026-08-11T11:58:23+00:00,10.452,1,1,1,1,0,0,0,1,1,1,1,0,1,0,0,,1,0,1,1,0,1,1,0,1,1,1,0,1,1,1,1,1,1,1,1,1,1,1,1,0,0,1,0,0,1,1,1,7.75,1,1,1,0,0,1,100,1,1,1,1,1,1,87.0,1,0,0,3650.0,0,1,-0.0155733025085087,0.5628140703517588,1,0.6931471805599453,1,13,0.15,1,0,0,0.8666666666666667,0.6,0.3333333333333333,1.0,0.6,0.75,0.5
1197,Gonzaga University,https://www.gonzaga.edu,M1,North America,United States,0,1,0,200,en,False,2026-08-11T11:58:42+00:00,16.885,1,1,1,1,0,0,0,1,0,0,1,1,7,1,1,2026-07-08,1,0,1,1,11,1,1,0,1,1,1,0,1,1,1,1,1,1,1,1,1,1,1,1,1,0,0,1,0,0,1,1,12.63,1,1,0,0,0,1,75,1,1,1,1,1,1,79.2,1,1,0,34.0,3,2,1.326947098327159,0.9246231155778896,1,0.6931471805599453,1,9,0.15,0,0,0,0.8666666666666667,0.6,0.6666666666666666,1.0,0.6,0.75,0.25
1199,Seattle University,https://www.seattleu.edu,M1,North America,United States,0,1,0,200,en-us,False,2026-08-11T11:58:53+00:00,6.244,0,1,8,1,0,0,0,0,0,0,0,1,2,0,1,,1,1,1,1,7,1,1,1,1,0,1,0,1,1,1,1,1,1,1,1,1,1,1,1,0,0,0,1,0,1,1,1,21.0,1,0,0,0,0,1,90,1,0,1,1,1,1,95.8,1,1,0,3650.0,1,3,-0.8937523553169168,0.1608040201005025,0,0.0,0,12,1.0,1,0,0,0.8,0.8,0.6666666666666666,1.0,0.4,0.75,0.25
1300,Kansas State University,https://www.k-state.edu,M1,North America,United States,0,1,1,200,en,False,2026-08-11T11:24:48+00:00,8.378,1,1,2,1,0,0,0,1,0,0,0,1,4,0,1,2026-10-28,1,1,1,1,12,1,1,1,1,0,1,0,1,1,1,1,1,1,1,1,1,1,1,1,1,0,1,1,0,1,1,1,21.0,1,1,0,0,0,1,90,1,1,1,1,0,1,100.0,1,1,0,0.0,3,3,-0.4484020466921204,0.271356783919598,1,0.6931471805599453,1,12,0.35,0,0,0,0.9333333333333332,0.8,0.6666666666666666,0.6666666666666666,0.6,0.75,0.25
1301,Montana State University,https://www.montana.edu,M1,North America,United States,0,1,0,200,en-us,False,2026-08-11T11:24:58+00:00,7.651,1,0,0,1,0,1,0,0,0,0,1,0,0,0,0,,1,1,1,1,1,1,1,0,1,0,1,0,1,1,1,1,1,1,1,1,1,1,1,1,0,0,0,0,0,0,1,1,12.63,1,1,0,0,0,0,75,1,0,1,1,1,1,92.1,1,1,0,3650.0,0,2,-0.6001216691711396,0.2211055276381909,0,0.0,0,9,0.0,1,0,0,0.8,0.4,0.6666666666666666,1.0,0.6,0.625,0.0
1302,Memorial University of Newfoundland,https://www.mun.ca,M1,North America,Canada,0,1,0,200,en-ca,False,2026-08-11T11:25:09+00:00,9.231,1,1,4,1,0,0,0,0,1,1,1,0,0,0,1,2026-08-07,1,1,1,1,0,1,1,0,1,1,1,0,1,1,1,1,1,1,1,1,1,1,1,1,1,0,0,0,0,1,1,1,12.63,1,1,0,0,0,0,100,1,0,1,0,1,1,52.0,1,1,0,4.0,3,1,-0.2703871388866138,0.3869346733668342,0,0.0,0,13,0.85,0,0,0,0.8666666666666667,0.6,0.6666666666666666,0.6666666666666666,0.6,0.75,0.0
1303,Toronto Metropolitan University,https://www.torontomu.ca,M1,North America,Canada,0,1,0,200,en,False,2026-08-11T11:25:55+00:00,27.392,1,1,8,1,0,1,0,0,0,0,1,0,0,0,0,,1,0,1,1,0,1,0,0,0,1,1,0,1,1,0,1,1,1,1,1,1,1,0,1,0,0,0,0,0,0,1,0,21.0,1,0,0,0,0,0,90,1,0,1,1,1,0,85.7,1,1,0,3650.0,0,1,3.519681724719255,0.984924623115578,0,0.0,0,12,1.0,1,0,0,0.6666666666666666,0.2,0.6666666666666666,0.6666666666666666,0.8,0.5,0.0
1400,University of Louisville,https://www.louisville.edu,M1,North America,United States,0,1,0,200,en,False,2026-08-11T13:21:30+00:00,14.705,1,0,0,1,0,0,0,0,1,1,0,1,5,0,1,2026-07-20,1,1,1,1,13,1,1,0,0,0,1,0,1,1,1,1,1,1,1,1,1,1,1,1,0,0,1,1,0,1,1,1,12.63,1,1,0,0,0,0,100,1,0,1,0,1,1,76.9,1,1,0,22.0,3,2,0.8719969236307876,0.8844221105527639,0,0.0,0,13,0.0,0,0,0,0.8666666666666667,0.8,0.6666666666666666,0.6666666666666666,0.4,0.5,0.0
1401,Wilfrid Laurier University,https://www.wlu.ca,M1,North America,Canada,0,1,1,200,en,False,2026-08-11T13:21:45+00:00,11.561,1,1,5,1,0,0,0,1,0,0,1,0,0,0,1,2026-09-26,1,1,1,1,7,1,0,0,1,1,1,0,1,1,1,1,1,1,0,1,1,1,1,1,0,0,0,0,0,1,1,1,9.74,1,1,1,0,0,1,75,1,0,1,1,1,1,97.6,1,1,0,0.0,3,2,0.2158669469127185,0.6934673366834171,0,0.0,0,9,1.0,0,0,0,0.7333333333333333,0.6,0.6666666666666666,1.0,0.6,0.625,0.5
1402,University of Windsor,https://www.uwindsor.ca,M1,North America,Canada,0,1,0,200,en,False,2026-08-11T13:22:05+00:00,18.044,1,0,0,1,0,0,1,1,0,0,1,0,0,0,0,,1,0,0,1,0,1,0,0,0,0,1,0,0,1,1,1,1,1,0,1,0,1,0,1,0,0,0,0,0,0,1,1,12.63,1,0,0,0,0,0,75,1,0,1,0,1,1,65.0,1,1,0,3650.0,0,1,1.5688219847827063,0.9447236180904522,0,0.0,0,9,0.0,1,0,0,0.5333333333333333,0.4,0.6666666666666666,0.6666666666666666,0.4,0.375,0.0
1403,Brock University,https://www.brocku.ca,M1,North America,Canada,0,1,0,200,en-ca,False,2026-08-11T13:22:16+00:00,8.46,0,1,1,1,0,1,0,0,0,0,0,1,10,0,1,2026-08-04,1,1,1,1,5,1,1,0,0,0,1,0,1,1,1,1,1,1,1,1,1,1,1,1,1,0,1,0,0,1,1,0,1.21,1,0,1,0,0,0,75,1,0,1,1,1,1,83.3,1,1,0,7.0,3,2,-0.4312892419558348,0.2763819095477386,0,0.0,0,9,0.15,0,0,0,0.9333333333333332,0.4,0.6666666666666666,1.0,0.6,0.5,0.25
2001,University of Oxford,https://www.ox.ac.uk,M2,Western & Northern Europe,United Kingdom,0,1,0,200,en,,2026-08-11T06:50:58+00:00,5.252,1,1,3,1,0,0,0,0,0,0,1,0,0,0,1,2026-08-10,1,1,1,1,9,0,0,1,1,0,1,0,1,1,1,1,1,1,1,1,1,1,0,1,0,0,0,0,0,1,1,1,5.47,1,1,0,0,1,0,100,1,0,1,1,1,1,90.9,1,1,0,1.0,3,3,-0.7964637859061842,0.2270531400966183,0,0.0,0,13,0.6,0,0,0,0.7333333333333333,0.6,0.6666666666666666,1.0,0.6,0.5,0.25
2002,University of Cambridge,https://www.cam.ac.uk,M2,Western & Northern Europe,United Kingdom,0,1,0,200,en,,2026-08-11T06:52:36+00:00,3.267,1,1,2,0,0,0,0,0,0,0,0,0,0,0,0,,1,0,1,1,5,1,1,0,0,0,1,0,1,1,1,1,1,1,0,1,1,1,1,1,0,0,0,0,0,1,1,0,15.43,1,0,0,0,0,0,75,1,0,1,1,1,1,72.7,1,1,0,3650.0,0,2,-1.2789767749941146,0.0483091787439613,0,0.0,0,9,0.35,1,0,0,0.7333333333333333,0.4,0.6666666666666666,1.0,0.4,0.5,0.0
2003,Imperial College London,https://www.imperial.ac.uk,M2,Western & Northern Europe,United Kingdom,0,1,0,200,en-gb,,2026-08-11T06:52:43+00:00,5.088,1,1,10,1,0,0,1,1,0,0,1,0,0,1,0,,1,0,0,1,0,1,1,0,0,0,1,0,1,1,1,1,1,1,1,1,1,1,1,1,0,0,0,1,1,1,1,1,17.51,1,0,0,0,0,0,100,1,0,1,1,1,1,20.0,1,1,0,3650.0,1,1,-0.8363288389089149,0.2028985507246377,0,0.0,0,13,0.9266666666666666,1,0,0,0.8,1.0,0.6666666666666666,1.0,0.6,0.5,0.0
2004,University College London,https://www.ucl.ac.uk,M2,Western & Northern Europe,United Kingdom,0,1,1,200,en,,2026-08-11T06:52:48+00:00,2.98,1,0,0,1,0,0,1,1,0,0,1,0,0,0,1,2027-07-31,1,0,1,1,0,1,1,0,1,0,1,0,1,1,1,1,1,1,1,1,1,1,1,1,1,0,0,1,0,1,1,1,17.4,1,1,0,0,1,0,100,1,0,1,1,1,1,100.0,1,1,0,0.0,3,1,-1.3487406177488932,0.0289855072463768,0,0.0,0,13,0.0,0,0,0,0.8666666666666667,0.8,0.6666666666666666,1.0,0.4,0.625,0.25
2005,University of Edinburgh,https://www.ed.ac.uk,M2,Western & Northern Europe,United Kingdom,0,1,0,200,en,,2026-08-11T06:52:52+00:00,1.458,1,1,10,1,0,0,0,1,1,1,1,0,0,0,1,2026-08-10,1,0,1,1,1,1,1,1,0,0,1,0,1,1,1,1,1,1,0,1,1,1,0,1,1,0,0,1,0,1,0,1,9.28,1,1,0,0,0,0,100,1,0,1,1,1,1,100.0,1,1,0,1.0,3,3,-1.7187077559815531,0.0048309178743961,0,0.0,0,13,0.9266666666666666,0,0,0,0.7333333333333333,0.6,0.6666666666666666,1.0,0.6,0.625,0.0
2006,University of Manchester,https://www.manchester.ac.uk,M2,Western & Northern Europe,United Kingdom,0,1,0,200,en,,2026-08-11T06:53:04+00:00,10.069,1,1,7,1,0,0,1,1,0,0,1,1,2,1,0,,1,1,1,1,1,1,1,0,0,0,1,0,1,1,1,1,1,1,1,0,1,1,1,1,0,1,0,1,0,1,1,1,21.0,1,1,0,0,0,1,100,1,0,0,1,1,1,63.0,1,1,0,3650.0,1,2,0.3744506062532923,0.6739130434782609,0,0.0,0,13,1.0,1,0,0,0.8,0.8,0.6666666666666666,1.0,0.6,0.5,0.25
2007,King's College London,https://www.kcl.ac.uk,M2,Western & Northern Europe,United Kingdom,0,1,1,200,en-gb,,2026-08-11T06:53:09+00:00,3.54,1,1,6,1,0,0,0,0,0,0,0,1,4,0,1,2026-10-29,1,1,0,1,4,1,1,0,0,0,1,1,1,1,1,1,1,1,1,1,1,1,0,1,0,0,0,1,0,0,1,1,6.13,1,0,0,0,0,1,75,1,0,1,1,0,1,100.0,1,1,0,0.0,3,2,-1.2126160465200566,0.0772946859903381,0,0.0,0,9,1.0,0,0,0,0.7333333333333333,0.6,0.6666666666666666,0.6666666666666666,0.6,0.625,0.25
2008,London School of Economics,https://www.lse.ac.uk,M2,Western & Northern Europe,United Kingdom,0,1,0,200,en-gb,,2026-08-11T06:53:22+00:00,9.784,1,1,3,1,0,0,0,1,0,0,1,0,1,1,1,2026-07-31,1,1,1,1,7,1,1,0,1,0,1,0,1,1,1,1,1,1,1,1,1,1,1,1,0,0,1,1,0,1,1,1,12.63,1,1,0,0,1,1,75,1,1,1,1,1,1,94.1,1,1,0,11.0,3,2,0.3051729226814735,0.6570048309178744,1,0.6931471805599453,1,9,0.6,0,0,0,0.8666666666666667,0.8,0.6666666666666666,1.0,0.6,0.625,0.5
2009,University of Bristol,https://www.bristol.ac.uk,M2,Western & Northern Europe,United Kingdom,0,1,0,200,en,,2026-08-11T06:53:29+00:00,4.039,1,1,4,1,0,0,1,1,0,0,1,1,2,1,1,2026-08-06,1,0,0,1,4,0,0,1,0,0,1,0,0,1,1,1,1,1,0,1,1,1,1,1,0,0,0,1,0,1,1,1,12.63,1,1,0,0,0,1,75,1,0,0,1,1,1,100.0,1,1,0,5.0,3,3,-1.091319330371504,0.1062801932367149,0,0.0,0,9,0.85,0,0,0,0.6666666666666666,0.8,0.6666666666666666,1.0,0.6,0.375,0.25
2010,University of Warwick,https://warwick.ac.uk,M2,Western & Northern Europe,United Kingdom,0,1,0,200,en-gb,,2026-08-11T06:53:35+00:00,3.382,1,1,1,1,0,0,1,1,0,0,1,0,1,0,1,2026-07-31,1,1,0,1,2,1,1,1,1,0,1,0,1,1,1,1,1,1,0,1,1,1,1,1,1,0,0,0,0,1,1,1,19.56,1,1,0,0,0,0,90,1,0,1,1,1,1,25.9,1,1,0,11.0,3,3,-1.251022621973907,0.0676328502415458,0,0.0,0,12,0.15,0,0,0,0.8,0.6,0.6666666666666666,1.0,0.6,0.75,0.0
2011,University of Glasgow,https://www.gla.ac.uk,M2,Western & Northern Europe,United Kingdom,0,1,1,200,en,,2026-08-11T06:53:41+00:00,4.352,1,1,4,1,0,0,0,1,0,0,1,0,0,0,1,2026-10-24,1,0,0,1,1,0,0,0,0,0,1,0,1,1,1,1,1,1,1,1,1,1,1,1,0,0,0,1,0,1,1,1,12.29,1,0,0,0,0,1,90,1,0,1,1,1,1,96.9,1,1,0,0.0,3,2,-1.0152354182382433,0.1304347826086956,0,0.0,0,12,0.85,0,0,0,0.8,0.8,0.6666666666666666,1.0,0.6,0.25,0.25
2012,University of Southampton,https://www.southampton.ac.uk,M2,Western & Northern Europe,United Kingdom,0,1,0,200,en,,2026-08-11T06:53:54+00:00,10.058,1,1,0,1,1,0,0,1,0,0,1,0,1,1,0,,1,0,1,1,0,1,1,0,0,0,1,0,1,1,1,1,1,1,1,0,1,1,0,1,0,1,1,1,1,1,1,1,21.0,1,1,0,0,1,1,100,1,0,1,0,1,1,91.7,1,1,0,3650.0,1,1,0.3717767307470113,0.6666666666666666,0,0.0,0,13,0.0,1,0,0,0.8,1.0,0.6666666666666666,0.6666666666666666,0.8,0.5,0.5
2013,University of Leeds,https://www.leeds.ac.uk,M2,Western & Northern Europe,United Kingdom,0,1,0,200,en,,2026-08-11T06:54:00+00:00,3.281,0,1,4,1,0,0,1,1,1,1,1,0,0,0,0,,1,1,1,1,0,1,1,0,0,0,1,0,1,1,1,1,1,1,0,1,1,1,1,1,1,0,0,0,0,1,1,0,15.43,1,0,0,0,0,1,75,1,0,1,1,1,1,91.7,1,1,0,3650.0,0,1,-1.2755736607133934,0.0531400966183574,0,0.0,0,9,0.85,1,0,0,0.8,0.4,0.6666666666666666,1.0,0.4,0.5,0.25
2014,University of Birmingham,https://www.birmingham.ac.uk,M2,Western & Northern Europe,United Kingdom,0,1,0,200,en,,2026-08-11T06:54:05+00:00,2.804,1,0,0,1,0,0,0,0,0,0,0,0,1,0,1,2026-08-10,1,0,0,1,0,1,1,0,0,0,1,0,0,1,1,1,1,1,0,0,1,1,0,1,1,0,0,1,0,1,1,1,21.0,1,1,0,0,0,1,90,1,0,1,1,1,0,38.1,1,1,0,1.0,3,1,-1.391522625849385,0.0193236714975845,0,0.0,0,12,0.0,0,0,0,0.6,0.8,0.6666666666666666,0.6666666666666666,0.4,0.5,0.25
2015,University of Sheffield,https://www.sheffield.ac.uk,M2,Western & Northern Europe,United Kingdom,0,1,0,200,en,,2026-08-11T06:54:13+00:00,5.388,1,1,2,1,0,0,1,1,0,0,1,0,0,0,1,2026-07-27,1,0,1,1,4,1,1,1,1,0,1,0,1,1,1,1,1,1,1,1,1,1,1,1,0,0,1,1,0,1,1,1,11.77,1,1,0,0,0,1,100,1,0,1,1,1,1,32.3,1,1,0,15.0,3,3,-0.7634049614648952,0.2415458937198067,0,0.0,0,13,0.35,0,0,0,0.8666666666666667,0.8,0.6666666666666666,1.0,0.6,0.75,0.25
2016,University of Nottingham,https://www.nottingham.ac.uk,M2,Western & Northern Europe,United Kingdom,0,1,0,200,en-gb,,2026-08-11T06:54:21+00:00,5.96,1,1,6,1,0,0,1,1,0,0,1,1,2,0,0,,1,1,1,1,3,1,1,0,0,0,1,0,0,1,1,1,1,1,1,1,1,1,1,1,0,0,1,1,0,1,1,1,15.41,1,1,0,0,0,0,75,1,0,1,1,0,1,100.0,1,1,0,3650.0,0,2,-0.6243634351382976,0.3285024154589372,0,0.0,0,9,1.0,1,0,0,0.8,0.8,0.6666666666666666,0.6666666666666666,0.6,0.5,0.0
2017,Durham University,https://www.durham.ac.uk,M2,Western & Northern Europe,United Kingdom,0,1,1,200,en-gb,,2026-08-11T06:54:34+00:00,9.984,1,1,6,1,0,0,1,1,0,0,1,0,0,1,1,2026-09-20,1,0,1,1,0,1,1,0,0,1,1,0,0,1,1,1,1,1,1,1,1,1,1,1,0,0,1,0,0,1,1,1,15.43,1,1,1,0,1,1,100,1,0,1,1,1,1,90.0,1,1,0,0.0,3,1,0.3537888409774865,0.6618357487922706,0,0.0,0,13,1.0,0,0,0,0.8,0.6,0.6666666666666666,1.0,0.6,0.625,0.75
2018,University of St Andrews,https://www.st-andrews.ac.uk,M2,Western & Northern Europe,United Kingdom,0,1,0,200,en,,2026-08-11T06:54:47+00:00,10.371,1,1,1,1,0,0,0,1,0,0,1,0,0,0,1,2026-07-03,1,0,1,1,0,0,1,0,1,0,1,0,0,1,1,1,1,1,1,1,1,1,1,1,0,0,1,1,0,1,1,1,16.24,1,0,1,0,0,1,100,1,0,1,0,1,1,91.7,1,1,0,39.0,3,1,0.447860642880272,0.714975845410628,0,0.0,0,13,0.15,0,0,0,0.8,0.8,0.6666666666666666,0.6666666666666666,0.6,0.5,0.5
2019,Queen Mary University of London,https://www.qmul.ac.uk,M2,Western & Northern Europe,United Kingdom,0,1,1,200,en,,2026-08-11T06:54:55+00:00,5.486,1,1,6,1,1,0,0,1,0,0,0,0,1,0,1,2026-10-10,1,1,1,1,6,1,1,1,0,0,1,0,0,1,1,1,1,1,1,1,1,1,0,1,1,1,0,0,1,1,1,0,10.6,1,1,0,0,0,1,90,1,0,1,1,1,1,47.6,1,1,0,0.0,3,3,-0.7395831614998488,0.2560386473429952,0,0.0,0,12,1.0,0,0,0,0.8,0.6,0.6666666666666666,1.0,0.8,0.625,0.25
2020,Lancaster University,https://www.lancaster.ac.uk,M2,Western & Northern Europe,United Kingdom,0,1,0,200,en,,2026-08-11T06:55:01+00:00,3.905,1,1,2,1,0,0,1,1,0,0,1,0,0,1,1,2026-08-06,1,1,1,1,0,1,1,0,0,0,1,0,1,1,1,1,1,1,1,1,1,1,1,1,0,1,1,1,0,1,1,1,16.52,1,1,0,0,0,1,100,1,0,1,1,1,1,88.9,1,1,0,5.0,3,1,-1.1238919956298328,0.0966183574879227,0,0.0,0,13,0.35,0,0,0,0.9333333333333332,0.8,0.6666666666666666,1.0,0.6,0.5,0.25
2021,University of York,https://www.york.ac.uk,M2,Western & Northern Europe,United Kingdom,0,1,0,200,en,,2026-08-11T06:55:07+00:00,4.165,1,1,5,1,0,0,1,1,0,0,1,0,0,0,1,2026-08-10,1,0,1,1,1,1,1,0,1,0,1,0,1,1,1,1,1,1,0,1,1,1,1,1,0,0,0,1,0,1,1,1,19.59,1,1,1,0,0,0,90,1,0,1,1,1,1,11.8,1,1,0,1.0,3,2,-1.0606913018450157,0.1111111111111111,0,0.0,0,12,1.0,0,0,0,0.7333333333333333,0.8,0.6666666666666666,1.0,0.6,0.625,0.25
2022,Cardiff University,https://www.cardiff.ac.uk,M2,Western & Northern Europe,United Kingdom,0,1,1,200,en,,2026-08-11T06:55:13+00:00,4.32,1,1,6,1,1,0,0,1,1,1,1,1,3,1,1,2026-10-17,1,0,0,1,0,0,1,0,1,0,1,0,1,1,1,1,1,1,1,1,1,1,1,1,1,1,0,1,0,1,1,1,18.73,1,0,1,0,0,0,90,1,0,1,1,1,1,60.0,1,1,0,0.0,3,1,-1.0230139651656052,0.1207729468599033,0,0.0,0,12,1.0,0,0,0,0.9333333333333332,0.8,0.6666666666666666,1.0,0.8,0.5,0.25
2023,University of Exeter,https://www.exeter.ac.uk,M2,Western & Northern Europe,United Kingdom,0,1,0,200,en,,2026-08-11T06:55:19+00:00,3.217,1,1,7,1,0,0,1,1,0,0,1,0,0,0,0,,1,1,0,1,0,0,0,0,1,0,1,0,0,1,1,1,1,1,1,1,1,1,1,1,0,0,0,0,1,1,1,1,12.63,1,1,0,0,1,0,75,1,0,1,1,1,1,100.0,1,1,0,3650.0,0,1,-1.2911307545681177,0.0434782608695652,0,0.0,0,9,1.0,1,0,0,0.7333333333333333,0.8,0.6666666666666666,1.0,0.6,0.375,0.25
2024,University of Bath,https://www.bath.ac.uk,M2,Western & Northern Europe,United Kingdom,0,1,1,200,en,,2026-08-11T06:55:31+00:00,10.182,0,1,3,1,0,0,1,1,0,0,0,0,0,0,1,2026-10-10,1,0,0,1,3,1,1,1,1,1,1,0,0,1,1,1,1,1,0,1,1,1,1,1,0,0,0,1,0,1,1,1,15.74,1,0,0,0,1,0,75,1,0,1,1,1,1,81.0,1,1,0,0.0,3,3,0.4019186000905396,0.6908212560386473,0,0.0,0,9,0.6,0,0,0,0.6666666666666666,0.8,0.6666666666666666,1.0,0.4,0.875,0.25
2025,University of Liverpool,https://www.liverpool.ac.uk,M2,Western & Northern Europe,United Kingdom,0,1,1,200,en-gb,,2026-08-11T06:55:39+00:00,5.512,1,1,4,1,0,0,1,1,0,0,1,0,0,0,1,2026-10-16,1,1,1,1,0,1,1,0,1,0,1,0,1,1,1,1,1,1,1,1,1,1,1,1,0,0,0,0,0,1,1,0,14.6,1,0,1,0,0,1,100,1,0,1,1,1,1,83.3,1,1,0,0.0,3,1,-0.7332630921213672,0.2705314009661835,0,0.0,0,13,0.85,0,0,0,0.8,0.4,0.6666666666666666,1.0,0.6,0.625,0.5
2026,University of Reading,https://www.reading.ac.uk,M2,Western & Northern Europe,United Kingdom,0,1,0,200,en,,2026-08-11T06:55:46+00:00,4.01,1,1,2,1,0,0,0,1,0,0,0,1,2,1,0,,1,0,0,0,0,0,0,0,0,0,1,0,1,1,1,1,1,1,0,0,1,1,0,1,0,1,0,1,1,1,1,1,21.0,1,1,0,0,0,0,75,1,1,0,1,1,1,25.0,1,1,0,3650.0,1,0,-1.0983686385244258,0.1014492753623188,1,0.6931471805599453,1,9,0.35,1,0,0,0.6666666666666666,1.0,0.6666666666666666,1.0,0.6,0.125,0.0
2027,Newcastle University,https://www.ncl.ac.uk,M2,Western & Northern Europe,United Kingdom,0,1,0,200,en,,2026-08-11T06:55:56+00:00,8.119,1,0,0,1,0,0,0,1,0,0,1,1,10,0,1,2026-08-10,1,1,1,1,0,1,1,1,1,0,1,0,1,1,1,1,1,1,1,1,1,1,1,1,1,1,1,1,0,1,1,1,8.59,1,1,1,0,1,1,75,1,0,1,1,0,1,98.5,1,1,0,1.0,3,1,-0.0995545971328359,0.5072463768115942,0,0.0,0,9,0.0,0,0,0,1.0,0.8,0.6666666666666666,0.6666666666666666,0.4,0.75,0.75
2028,University of Sussex,https://www.sussex.ac.uk,M2,Western & Northern Europe,United Kingdom,0,1,1,200,en,,2026-08-11T06:56:03+00:00,3.578,1,1,5,1,0,0,0,1,0,0,1,0,0,0,1,2026-11-07,1,1,1,1,0,1,1,0,1,1,1,0,0,1,0,1,1,1,1,1,1,1,0,1,0,0,1,0,0,1,1,1,21.0,1,0,0,0,1,0,75,1,0,1,1,1,1,16.7,1,1,0,0.0,3,1,-1.203379022043814,0.0821256038647343,0,0.0,0,9,1.0,0,0,0,0.6666666666666666,0.6,0.6666666666666666,1.0,0.6,0.75,0.25
2029,University of Leicester,https://www.le.ac.uk,M2,Western & Northern Europe,United Kingdom,0,1,1,200,en,,2026-08-11T06:56:14+00:00,8.267,1,1,8,1,0,0,0,1,1,1,1,1,6,1,1,2026-08-12,1,0,1,1,11,1,1,1,1,0,1,0,1,1,1,1,1,1,1,1,1,1,1,1,0,1,1,0,0,1,1,1,11.03,1,1,0,0,0,1,100,1,0,1,1,1,1,100.0,1,1,0,0.0,3,3,-0.0635788175937863,0.5265700483091788,0,0.0,0,13,1.0,0,0,0,0.9333333333333332,0.6,0.6666666666666666,1.0,0.6,0.75,0.25
2030,Loughborough University,https://www.lboro.ac.uk,M2,Western & Northern Europe,United Kingdom,0,1,1,200,en,,2026-08-11T06:56:20+00:00,2.786,0,1,4,1,0,1,0,0,0,0,0,0,1,0,1,2026-09-10,1,0,1,1,0,0,0,0,1,0,1,0,1,1,1,1,1,1,1,1,1,1,1,1,0,1,1,1,0,1,1,1,6.66,1,0,0,0,1,0,75,1,1,1,1,1,1,0.0,1,1,0,0.0,3,1,-1.395898058496026,0.0144927536231884,1,0.6931471805599453,1,9,0.85,0,1,0,0.9333333333333332,0.8,0.6666666666666666,1.0,0.6,0.375,0.25
2031,University of Aberdeen,https://www.abdn.ac.uk,M2,Western & Northern Europe,United Kingdom,0,1,0,200,en-gb,,2026-08-11T06:56:44+00:00,21.787,1,1,6,1,0,0,1,1,0,0,1,1,5,0,0,,1,0,1,1,0,0,0,0,1,1,1,0,1,1,1,1,1,1,1,1,1,1,1,1,0,0,1,1,0,0,1,1,9.32,1,1,0,0,1,0,100,1,0,1,1,1,1,61.9,1,1,0,3650.0,0,1,3.2228572592167013,0.9903381642512076,0,0.0,0,13,1.0,1,0,0,0.8666666666666667,0.6,0.6666666666666666,1.0,0.6,0.5,0.25
2032,University of Dundee,https://www.dundee.ac.uk,M2,Western & Northern Europe,United Kingdom,0,1,0,200,en,,2026-08-11T06:56:52+00:00,5.181,1,1,5,1,0,0,0,1,0,0,1,0,0,0,1,2026-08-04,1,0,0,1,0,1,1,0,0,0,1,0,1,1,1,1,1,1,1,0,1,1,0,1,0,0,0,0,0,1,1,1,10.55,1,1,1,0,0,1,100,1,0,1,1,1,1,38.9,1,1,0,7.0,3,1,-0.8137224369012688,0.217391304347826,0,0.0,0,13,1.0,0,0,0,0.6666666666666666,0.6,0.6666666666666666,1.0,0.6,0.5,0.5
2033,University of Strathclyde,https://www.strath.ac.uk,M2,Western & Northern Europe,United Kingdom,0,1,0,200,en,,2026-08-11T06:56:59+00:00,4.519,1,1,3,1,0,0,0,0,0,0,1,1,7,1,0,,1,0,1,1,0,1,1,1,0,1,1,0,1,1,1,1,1,1,1,1,1,1,1,1,0,0,0,0,0,0,1,1,21.0,1,1,1,0,1,1,75,1,0,1,1,1,1,84.2,1,1,0,3650.0,1,1,-0.9746411264610724,0.1497584541062802,0,0.0,0,9,0.6,1,0,0,0.8,0.4,0.6666666666666666,1.0,0.6,0.75,0.75
2034,Queen's University Belfast,https://www.qub.ac.uk,M2,Western & Northern Europe,United Kingdom,0,1,0,200,en,,2026-08-11T06:57:10+00:00,8.07,1,1,11,1,0,0,1,1,1,1,1,1,3,0,0,,1,0,0,1,2,1,1,0,0,1,1,0,1,1,1,1,1,1,1,1,1,1,1,1,0,0,0,1,0,0,1,1,7.68,1,0,0,0,0,0,90,1,0,1,1,1,1,100.0,1,1,0,3650.0,0,2,-0.111465497115359,0.5024154589371981,0,0.0,0,12,0.8533333333333334,1,0,0,0.8,0.6,0.6666666666666666,1.0,0.6,0.625,0.0
2035,University of East Anglia,https://www.uea.ac.uk,M2,Western & Northern Europe,United Kingdom,0,1,0,200,en,,2026-08-11T06:57:17+00:00,4.789,1,1,0,1,0,0,0,1,0,0,1,0,0,0,0,,1,0,0,1,0,1,1,0,1,0,1,0,0,1,0,1,1,1,1,0,1,1,1,1,0,0,0,1,0,1,1,1,20.29,1,0,0,0,0,1,90,1,0,1,1,1,1,100.0,1,1,0,3650.0,0,1,-0.9090096367614546,0.178743961352657,0,0.0,0,12,0.0,1,0,0,0.6,0.8,0.6666666666666666,1.0,0.6,0.625,0.25
2036,University of Surrey,https://www.surrey.ac.uk,M2,Western & Northern Europe,United Kingdom,0,1,1,200,en-gb,,2026-08-11T06:57:25+00:00,6.609,1,1,4,1,0,0,0,1,0,0,1,0,0,0,1,2026-10-28,1,1,1,1,1,1,1,0,0,0,1,0,0,1,1,1,1,1,1,1,1,1,1,1,0,1,1,1,0,1,1,1,10.76,1,1,1,0,0,0,100,1,0,0,1,1,1,42.1,1,1,0,0.0,3,2,-0.466604780267735,0.3768115942028985,0,0.0,0,13,0.85,0,0,0,0.8666666666666667,0.8,0.6666666666666666,1.0,0.6,0.5,0.25
2037,"Royal Holloway, University of London",https://www.royalholloway.ac.uk,M2,Western & Northern Europe,United Kingdom,0,1,0,200,en-gb,,2026-08-11T06:57:36+00:00,7.205,1,1,4,1,0,0,0,0,0,0,1,0,0,0,0,,1,1,0,1,0,1,1,0,0,0,1,0,0,1,1,1,1,1,1,1,1,1,1,1,1,1,0,1,0,0,1,1,1.44,1,1,0,0,1,0,75,1,0,1,1,1,1,0.0,1,1,0,3650.0,0,1,-0.3217293437456159,0.4396135265700483,0,0.0,0,9,0.85,1,0,0,0.8666666666666667,0.6,0.6666666666666666,1.0,0.6,0.5,0.25
2038,"City, University of London",https://www.city.ac.uk,M2,Western & Northern Europe,United Kingdom,0,1,1,200,en-gb,,2026-08-11T06:57:45+00:00,4.357,1,1,2,1,0,1,0,1,1,2,1,1,8,0,1,2026-11-21,1,1,1,1,18,1,1,1,0,0,1,0,1,1,1,1,1,1,1,1,1,1,1,1,0,1,1,0,0,1,1,1,16.67,1,1,0,0,1,0,100,1,0,1,1,1,1,87.9,1,1,0,0.0,3,3,-1.014020020280843,0.1352657004830917,0,0.0,0,13,0.35,0,0,0,0.9333333333333332,0.6,0.6666666666666666,1.0,0.8,0.625,0.25
2039,Heriot-Watt University,https://www.hw.ac.uk,M2,Western & Northern Europe,United Kingdom,0,1,0,200,en,,2026-08-11T06:57:52+00:00,2.538,0,1,2,1,1,0,0,1,0,0,1,0,0,0,1,2026-08-06,1,1,0,0,0,0,0,0,0,0,1,0,1,0,0,0,1,1,1,1,1,0,1,1,0,0,0,1,0,1,1,1,21.0,1,0,0,0,0,0,90,1,0,1,1,1,1,23.3,1,1,0,5.0,3,0,-1.4561817971830822,0.0096618357487922,0,0.0,0,12,0.35,0,0,0,0.5333333333333333,0.8,0.6666666666666666,1.0,0.6,0.125,0.0
2040,University of Kent,https://www.kent.ac.uk,M2,Western & Northern Europe,United Kingdom,0,1,0,200,en-gb,,2026-08-11T06:58:05+00:00,9.577,1,1,20,1,0,1,0,1,1,1,1,1,10,1,0,,1,1,1,1,0,1,1,1,0,1,1,0,1,1,1,1,1,1,1,1,1,1,1,1,1,0,1,1,0,1,1,1,21.0,1,0,1,0,1,1,90,1,0,1,1,1,1,98.3,1,1,0,3650.0,1,1,0.2548554472450998,0.6473429951690821,0,0.0,0,12,0.45,1,0,0,0.9333333333333332,0.8,0.6666666666666666,1.0,0.8,0.75,0.75
2041,Ludwig Maximilian University of Munich,https://www.lmu.de,M2,Western & Northern Europe,Germany,0,1,0,200,de,,2026-08-11T06:51:07+00:00,5.497,1,1,3,1,0,0,0,1,0,0,0,1,3,0,0,,1,0,1,0,2,0,0,0,0,0,0,0,0,0,0,0,1,1,0,0,1,0,0,1,0,0,0,1,1,1,1,1,21.0,0,1,0,0,0,0,90,1,0,1,1,1,1,85.7,1,1,0,3650.0,0,1,-0.7369092859935681,0.2608695652173913,0,0.0,0,12,0.6,1,0,0,0.2666666666666666,1.0,0.6666666666666666,1.0,0.6,0.0,0.0
2042,Technical University of Munich,https://www.tum.de,M2,Western & Northern Europe,Germany,0,1,1,200,de-de,,2026-08-11T06:58:34+00:00,11.611,1,1,7,1,1,0,0,1,1,0,1,1,2,0,1,2026-09-17,1,1,1,1,4,1,1,1,1,1,1,0,1,1,1,1,1,1,1,1,1,1,1,1,1,0,0,1,0,0,1,1,16.15,0,0,0,0,1,0,100,1,0,1,1,1,0,20.8,1,1,0,0.0,3,3,0.7492793363155535,0.7946859903381642,0,0.0,0,13,1.0,0,0,0,0.8666666666666667,0.6,0.6666666666666666,0.6666666666666666,0.8,0.875,0.25
2043,Heidelberg University,https://www.uni-heidelberg.de,M2,Western & Northern Europe,Germany,0,1,1,200,en,,2026-08-11T06:58:44+00:00,5.562,1,1,4,0,1,0,0,1,1,1,1,0,0,0,1,2027-01-01,1,1,1,1,3,0,0,0,1,0,1,0,0,1,1,1,1,1,1,1,0,1,1,1,0,0,0,1,0,1,1,1,5.2,1,1,0,0,0,0,100,1,0,1,1,1,0,5.3,1,1,0,0.0,3,2,-0.7211091125473638,0.2753623188405797,0,0.0,0,13,0.85,0,0,0,0.6666666666666666,0.8,0.6666666666666666,0.6666666666666666,0.6,0.375,0.0
2045,Free University of Berlin,https://www.fu-berlin.de,M2,Western & Northern Europe,Germany,0,1,0,200,de,,2026-08-11T06:58:57+00:00,4.274,1,1,7,1,1,1,0,1,0,0,1,1,3,0,0,,1,1,1,1,9,0,1,0,1,0,1,0,1,1,1,1,1,1,0,1,1,1,0,1,0,0,0,0,0,1,1,1,21.0,1,0,0,0,1,0,100,1,0,1,1,1,0,75.0,1,1,0,3650.0,0,2,-1.0341956263736884,0.1159420289855072,0,0.0,0,13,1.0,1,0,0,0.6666666666666666,0.6,0.6666666666666666,0.6666666666666666,1.0,0.5,0.25
2046,RWTH Aachen University,https://www.rwth-aachen.de,M2,Western & Northern Europe,Germany,0,1,1,200,en-us,,2026-08-11T06:59:10+00:00,10.744,1,1,6,1,1,0,0,1,0,0,1,0,0,1,1,2026-09-28,1,1,1,1,4,0,0,1,1,0,1,0,1,1,1,1,1,1,1,1,1,1,1,1,1,0,1,0,1,1,1,1,16.98,1,1,0,0,0,0,90,1,0,1,1,1,0,91.7,1,1,0,0.0,3,3,0.5385293305023364,0.7439613526570048,0,0.0,0,12,1.0,0,0,0,0.9333333333333332,0.8,0.6666666666666666,0.6666666666666666,0.8,0.5,0.0
2047,Karlsruhe Institute of Technology,https://www.kit.edu,M2,Western & Northern Europe,Germany,0,1,1,200,de-de,,2026-08-11T06:59:19+00:00,4.848,0,1,7,1,1,1,0,1,0,1,1,1,10,0,1,2026-08-21,1,1,1,1,3,1,1,1,0,0,1,0,1,0,1,1,1,1,0,0,1,1,1,1,1,0,0,1,1,0,1,1,21.0,1,0,0,0,1,0,90,1,0,1,1,1,1,69.2,1,1,0,0.0,3,3,-0.8946679408641307,0.1884057971014492,0,0.0,0,12,1.0,0,0,0,0.6666666666666666,0.8,0.6666666666666666,1.0,0.8,0.625,0.25
2048,Technical University of Berlin,https://www.tu.berlin,M2,Western & Northern Europe,Germany,0,1,0,200,de,,2026-08-11T06:59:26+00:00,4.536,1,1,3,1,1,0,0,1,0,0,1,1,9,1,1,2026-08-07,1,1,1,1,13,0,0,1,0,0,1,0,1,1,1,1,1,1,1,1,1,1,1,1,1,0,0,0,0,1,1,0,21.0,1,1,0,0,1,0,100,1,0,1,1,1,0,82.4,1,1,0,4.0,3,3,-0.9705087734059112,0.1545893719806763,0,0.0,0,13,0.6,0,0,0,0.8666666666666667,0.4,0.6666666666666666,0.6666666666666666,0.8,0.375,0.25
2049,University of Tuebingen,https://uni-tuebingen.de,M2,Western & Northern Europe,Germany,0,1,1,200,de,,2026-08-11T06:59:32+00:00,3.849,1,1,4,1,1,0,0,1,0,0,1,1,4,1,1,2026-08-19,1,1,1,1,1,1,1,1,0,0,1,0,1,1,1,1,1,1,1,1,1,1,1,1,1,0,0,1,0,1,1,1,8.49,1,1,1,0,1,1,100,1,0,1,1,1,0,61.5,1,1,0,0.0,3,3,-1.1375044527527165,0.0917874396135265,0,0.0,0,13,0.85,0,0,0,0.8666666666666667,0.8,0.6666666666666666,0.6666666666666666,0.8,0.625,0.75
2050,University of Freiburg,https://uni-freiburg.de,M2,Western & Northern Europe,Germany,0,1,0,200,de-de,,2026-08-11T06:59:46+00:00,10.316,1,1,7,1,1,0,0,1,0,0,0,0,1,0,0,,1,0,1,0,0,1,1,0,0,1,1,0,0,0,0,1,1,1,0,0,0,0,1,1,0,0,0,1,0,0,1,1,14.35,1,0,0,0,0,0,90,1,0,1,0,1,0,71.2,1,1,0,3650.0,0,0,0.4344912653488685,0.7101449275362319,0,0.0,0,12,1.0,1,0,0,0.3333333333333333,0.6,0.6666666666666666,0.3333333333333333,0.8,0.5,0.0
2051,University of Goettingen,https://www.uni-goettingen.de,M2,Western & Northern Europe,Germany,0,1,1,200,de,,2026-08-11T06:59:53+00:00,5.003,1,1,7,1,1,1,0,1,0,0,1,1,6,1,1,2026-08-16,1,1,0,1,2,1,1,1,0,0,1,0,1,0,0,0,1,1,1,1,1,1,0,1,1,0,0,1,0,0,1,1,5.03,1,1,0,0,0,1,75,1,0,1,1,1,0,87.0,1,1,0,0.0,3,3,-0.8569906041847205,0.1980676328502415,0,0.0,0,9,1.0,0,0,0,0.6,0.6,0.6666666666666666,0.6666666666666666,1.0,0.625,0.25
2052,University of Bonn,https://www.uni-bonn.de,M2,Western & Northern Europe,Germany,0,1,1,200,de,,2026-08-11T07:00:03+00:00,6.681,1,1,5,1,1,1,0,1,0,0,1,1,10,0,1,2026-08-12,1,1,1,1,4,0,0,1,0,0,1,0,1,1,1,0,1,1,0,1,1,1,1,1,0,0,0,0,0,1,1,0,17.64,1,1,0,0,1,0,75,1,0,1,1,1,0,100.0,1,1,1,0.0,3,3,-0.4491030496811703,0.3816425120772946,0,0.0,0,9,1.0,0,0,0,0.6666666666666666,0.4,1.0,0.6666666666666666,1.0,0.375,0.25
2053,University of Hamburg,https://www.uni-hamburg.de,M2,Western & Northern Europe,Germany,0,1,1,200,de,,2026-08-11T07:00:19+00:00,13.646,1,1,4,1,1,0,0,0,0,0,0,1,2,1,1,2026-11-01,1,1,1,1,2,1,1,1,0,1,1,0,0,1,0,1,1,1,0,1,1,1,0,1,0,0,0,0,1,1,1,1,8.32,1,1,0,0,1,0,100,1,0,1,1,0,1,100.0,1,1,0,0.0,3,3,1.2439463049774873,0.9033816425120772,0,0.0,0,13,0.85,0,0,0,0.5333333333333333,0.8,0.6666666666666666,0.6666666666666666,0.8,0.75,0.25
2054,University of Cologne,https://www.uni-koeln.de,M2,Western & Northern Europe,Germany,0,1,0,200,de-de,,2026-08-11T07:00:31+00:00,10.376,1,1,4,1,1,0,0,1,1,1,0,1,4,0,1,2026-08-07,1,1,1,1,4,1,1,1,0,0,1,0,0,0,0,0,1,1,0,1,1,1,0,1,0,0,0,1,1,1,1,1,21.0,1,1,0,0,0,0,100,1,0,1,1,1,1,28.6,1,1,0,4.0,3,3,0.4490760408376721,0.7198067632850241,0,0.0,0,13,0.85,0,0,0,0.4,1.0,0.6666666666666666,1.0,0.8,0.625,0.0
2055,Goethe University Frankfurt,https://www.goethe-university-frankfurt.de,M2,Western & Northern Europe,Germany,0,1,0,200,en,,2026-08-11T07:00:39+00:00,5.142,1,1,5,0,1,0,0,0,0,0,0,0,0,0,1,2026-03-08,1,1,1,1,1,1,1,1,1,0,1,0,0,1,1,1,1,1,0,0,0,1,1,1,1,0,0,0,0,1,1,0,11.71,1,1,0,0,1,0,100,1,0,1,1,1,0,59.3,1,1,0,156.0,2,3,-0.8232025409689913,0.2125603864734299,0,0.0,0,13,1.0,0,0,0,0.6,0.4,0.6666666666666666,0.6666666666666666,0.6,0.75,0.25
2056,TU Dresden,https://tu-dresden.de,M2,Western & Northern Europe,Germany,0,1,1,200,de,,2026-08-11T07:01:09+00:00,19.803,1,1,2,1,1,1,0,0,0,0,1,1,10,0,1,2026-09-08,1,1,1,1,6,1,1,1,0,0,1,0,0,0,1,0,1,1,0,0,1,0,1,1,1,0,0,0,0,1,1,1,21.0,1,1,0,0,0,0,100,1,0,1,1,1,0,100.0,1,1,0,0.0,3,3,2.7405873497202515,0.9806763285024156,0,0.0,0,13,0.35,0,0,0,0.4666666666666667,0.6,0.6666666666666666,0.6666666666666666,1.0,0.625,0.0
2057,University of Mannheim,https://www.uni-mannheim.de,M2,Western & Northern Europe,Germany,0,1,1,200,de,,2026-08-11T07:01:18+00:00,5.408,1,1,6,1,1,1,0,1,0,0,1,1,4,1,1,2026-09-16,1,1,1,1,19,1,1,1,1,0,1,0,1,1,1,1,1,1,1,1,1,1,1,1,1,0,0,0,1,0,1,1,13.01,1,1,0,0,1,0,90,1,0,1,1,1,1,88.6,1,1,1,0.0,3,3,-0.7585433696352938,0.2463768115942029,0,0.0,0,12,1.0,0,0,0,0.8666666666666667,0.6,1.0,1.0,1.0,0.75,0.25
2058,University of Muenster,https://www.uni-muenster.de,M2,Western & Northern Europe,Germany,0,1,0,200,de,,2026-08-11T07:01:26+00:00,6.05,1,1,2,1,1,0,0,1,0,0,1,0,1,0,1,2026-08-10,1,1,1,1,1,1,1,1,1,0,1,0,1,0,1,1,1,1,1,1,1,1,1,1,1,0,0,1,1,1,1,1,21.0,1,1,0,0,0,0,100,1,0,1,1,1,0,94.1,1,1,0,1.0,3,3,-0.6024862719050917,0.3333333333333333,0,0.0,0,13,0.35,0,0,0,0.8,1.0,0.6666666666666666,0.6666666666666666,0.8,0.75,0.0
2059,University of Wuerzburg,https://www.uni-wuerzburg.de,M2,Western & Northern Europe,Germany,0,1,1,200,de-de,,2026-08-11T07:01:36+00:00,7.1,1,1,6,1,1,0,0,1,1,0,1,1,3,1,1,2026-09-11,1,1,1,1,7,1,1,1,1,0,1,0,1,1,1,1,1,1,1,1,1,1,1,1,0,0,0,0,1,1,1,0,7.0,1,1,0,0,1,0,75,1,0,1,0,1,0,73.8,1,1,0,0.0,3,3,-0.3472527008510229,0.429951690821256,0,0.0,0,9,1.0,0,0,0,0.8,0.6,0.6666666666666666,0.3333333333333333,0.8,0.75,0.25
2060,FAU Erlangen-Nuremberg,https://www.fau.de,M2,Western & Northern Europe,Germany,0,1,0,200,de,,2026-08-11T07:01:44+00:00,5.257,1,1,1,1,1,0,0,1,1,0,1,1,7,1,1,2026-08-10,1,1,1,1,13,0,0,1,1,0,1,0,1,1,1,1,1,1,1,1,1,1,1,1,1,0,1,0,0,1,1,1,21.0,1,1,0,0,1,1,90,1,0,1,1,1,0,93.8,1,1,1,1.0,3,3,-0.7952483879487839,0.2318840579710145,0,0.0,0,12,0.15,0,0,0,0.9333333333333332,0.6,1.0,0.6666666666666666,0.8,0.5,0.5
2061,University of Stuttgart,https://www.uni-stuttgart.de,M2,Western & Northern Europe,Germany,0,1,1,200,de,,2026-08-11T07:01:55+00:00,6.933,1,1,3,1,1,0,0,1,0,0,1,1,9,1,1,2026-10-08,1,1,1,1,4,1,1,1,0,0,1,0,1,1,1,1,1,1,1,0,1,1,1,1,0,0,1,0,0,1,1,1,12.63,1,1,0,0,1,0,90,1,0,0,1,1,0,67.6,1,1,0,0.0,3,3,-0.3878469926281938,0.4057971014492754,0,0.0,0,12,0.6,0,0,0,0.8,0.6,0.6666666666666666,0.6666666666666666,0.8,0.625,0.25
2062,Ulm University,https://www.uni-ulm.de,M2,Western & Northern Europe,Germany,0,1,1,200,de-de,,2026-08-11T07:02:17+00:00,10.838,1,1,5,1,1,0,0,1,0,0,1,1,3,1,1,2026-08-20,1,1,1,1,8,1,1,1,0,0,1,0,1,0,1,1,1,1,0,0,1,1,1,1,0,0,0,1,0,1,1,1,12.63,1,1,0,0,1,0,75,1,0,1,1,1,1,73.5,1,1,0,0.0,3,3,0.5613788121014625,0.748792270531401,0,0.0,0,9,1.0,0,0,0,0.6,0.8,0.6666666666666666,1.0,0.8,0.625,0.25
2063,Kiel University,https://www.uni-kiel.de,M2,Western & Northern Europe,Germany,0,1,1,200,de,,2026-08-11T07:02:25+00:00,5.611,1,1,7,1,1,0,0,1,0,0,1,1,10,1,1,2026-09-11,1,1,1,1,1,1,1,1,1,0,1,0,1,0,0,1,1,1,1,1,1,1,0,1,0,0,0,0,0,1,1,1,21.0,1,1,0,0,1,0,100,1,0,1,1,1,0,96.7,1,1,0,0.0,3,3,-0.7091982125648406,0.2946859903381642,0,0.0,0,13,1.0,0,0,0,0.6,0.6,0.6666666666666666,0.6666666666666666,0.8,0.75,0.25
2064,Leipzig University,https://www.uni-leipzig.de,M2,Western & Northern Europe,Germany,0,1,1,200,de,,2026-08-11T07:02:40+00:00,11.787,1,1,5,1,1,0,0,1,1,1,1,1,10,1,1,2026-08-24,1,0,1,1,1,1,1,1,0,1,1,0,1,1,1,1,1,1,1,1,1,1,1,1,1,0,0,0,1,1,1,0,12.64,1,1,0,0,1,0,100,1,0,1,1,1,0,100.0,1,1,0,0.0,3,3,0.7920613444160451,0.821256038647343,0,0.0,0,13,1.0,0,0,0,0.8666666666666667,0.6,0.6666666666666666,0.6666666666666666,0.8,0.75,0.25
2065,Friedrich Schiller University Jena,https://www.uni-jena.de,M2,Western & Northern Europe,Germany,0,1,1,200,de,,2026-08-11T07:02:51+00:00,4.628,0,1,6,0,1,0,0,1,1,0,1,1,6,0,1,2026-09-07,1,0,0,1,1,1,1,1,0,1,1,0,0,0,0,0,1,1,0,0,1,0,1,1,1,0,0,0,0,0,1,1,21.0,1,0,0,0,1,0,100,1,0,1,1,1,0,100.0,1,1,0,0.0,3,3,-0.9481454509897452,0.1642512077294686,0,0.0,0,13,1.0,0,0,0,0.4,0.4,0.6666666666666666,0.6666666666666666,0.4,0.75,0.25
2066,Technical University of Darmstadt,https://www.tu-darmstadt.de,M2,Western & Northern Europe,Germany,0,1,1,200,de,,2026-08-11T07:02:59+00:00,5.245,1,1,4,1,1,0,1,1,0,0,1,1,10,0,1,2026-09-18,1,1,1,1,1,1,1,1,0,0,1,0,0,1,1,1,1,1,1,1,1,1,1,1,1,0,0,0,1,1,1,1,12.79,1,1,0,0,0,0,100,1,0,0,1,1,0,12.0,1,1,0,0.0,3,3,-0.7981653430465446,0.2222222222222222,0,0.0,0,13,0.85,0,0,0,0.8,0.8,0.6666666666666666,0.6666666666666666,0.8,0.625,0.0
2067,University of Konstanz,https://www.uni-konstanz.de,M2,Western & Northern Europe,Germany,0,1,1,200,de-de,,2026-08-11T07:03:09+00:00,5.565,1,1,3,1,1,0,0,0,1,1,1,1,4,0,1,2026-08-19,1,1,1,1,7,1,1,1,0,0,1,0,0,0,1,1,1,1,0,1,1,0,1,1,1,0,0,1,0,1,1,1,21.0,1,1,0,0,0,0,75,1,0,1,1,1,0,50.0,1,1,0,0.0,3,3,-0.7203798737729235,0.2801932367149758,0,0.0,0,9,0.6,0,0,0,0.6,0.8,0.6666666666666666,0.6666666666666666,0.8,0.625,0.0
2068,Ruhr University Bochum,https://www.ruhr-uni-bochum.de,M2,Western & Northern Europe,Germany,0,1,0,200,de,,2026-08-11T07:03:24+00:00,12.249,1,1,2,0,1,0,0,1,0,0,1,1,8,0,0,,1,1,1,1,1,1,1,0,1,1,1,0,1,1,0,1,1,1,0,0,1,1,1,1,0,0,0,1,0,0,1,1,8.28,1,1,0,0,0,1,100,1,0,1,1,1,0,100.0,1,1,0,3650.0,0,2,0.9043641156798352,0.8647342995169082,0,0.0,0,13,0.35,1,0,0,0.6,0.6,0.6666666666666666,0.6666666666666666,0.6,0.75,0.25
2069,Bielefeld University,https://www.uni-bielefeld.de,M2,Western & Northern Europe,Germany,0,1,1,200,de,,2026-08-11T07:03:32+00:00,5.673,1,1,7,1,0,0,0,0,0,0,0,1,3,1,1,2026-08-31,1,1,1,1,3,1,1,1,0,0,1,0,1,0,0,1,1,1,0,1,1,1,1,1,1,0,0,0,0,1,1,1,21.0,1,0,0,0,0,1,90,1,0,1,1,1,0,100.0,1,1,0,0.0,3,3,-0.6941272778930765,0.3140096618357488,0,0.0,0,12,1.0,0,0,0,0.6666666666666666,0.6,0.6666666666666666,0.6666666666666666,0.6,0.625,0.25
2070,University of Duisburg-Essen,https://www.uni-due.de,M2,Western & Northern Europe,Germany,0,1,0,200,de-19,,2026-08-11T07:03:47+00:00,12.242,1,1,7,0,1,0,0,0,0,0,0,1,3,0,1,2026-08-07,1,1,1,1,0,1,1,1,0,0,1,0,1,1,0,0,1,1,0,0,1,1,1,1,1,0,0,1,0,1,1,1,21.0,1,1,0,0,0,0,75,1,0,1,0,1,0,71.4,1,1,0,4.0,3,1,0.902662558539475,0.8599033816425121,0,0.0,0,9,1.0,0,0,0,0.6,0.8,0.6666666666666666,0.3333333333333333,0.6,0.625,0.0
2071,Leibniz University Hannover,https://www.uni-hannover.de,M2,Western & Northern Europe,Germany,0,1,0,200,de,,2026-08-11T07:03:58+00:00,7.251,1,1,20,1,1,0,0,0,0,0,1,1,5,0,1,2026-07-20,1,1,1,1,2,1,1,1,0,0,1,0,1,0,0,1,1,1,1,1,1,1,1,1,0,0,0,0,1,1,1,0,19.8,1,1,0,0,0,0,75,1,0,1,1,1,0,95.2,1,1,0,22.0,3,3,-0.3105476825375328,0.4444444444444444,0,0.0,0,9,0.45,0,0,0,0.6666666666666666,0.6,0.6666666666666666,0.6666666666666666,0.8,0.625,0.0
2072,Johannes Gutenberg University Mainz,https://www.uni-mainz.de,M2,Western & Northern Europe,Germany,0,1,0,200,de-de,,2026-08-11T07:04:14+00:00,11.958,1,1,5,1,1,0,0,0,0,0,1,0,1,1,0,,0,0,0,0,0,0,0,0,0,0,1,0,1,0,1,0,1,1,0,0,0,0,0,1,0,0,0,1,0,1,1,1,12.48,1,1,0,0,0,0,75,1,0,1,0,0,1,33.3,1,1,0,3650.0,1,0,0.8336279545591362,0.8309178743961353,0,0.0,0,9,1.0,1,0,0,0.3333333333333333,0.8,0.6666666666666666,0.3333333333333333,0.8,0.125,0.0
2073,University of Regensburg,https://www.uni-regensburg.de,M2,Western & Northern Europe,Germany,0,1,0,200,de-de,,2026-08-11T07:04:22+00:00,5.625,1,1,3,1,1,0,0,1,0,0,1,0,1,0,1,2026-08-10,1,1,1,1,3,1,1,1,0,1,1,0,1,0,1,1,1,1,1,1,1,1,1,1,1,0,0,1,0,0,1,1,21.0,1,1,0,0,1,0,75,1,0,1,1,1,0,14.3,1,1,0,1.0,3,3,-0.7057950982841197,0.3043478260869565,0,0.0,0,9,0.6,0,0,0,0.8,0.6,0.6666666666666666,0.6666666666666666,0.8,0.75,0.25
2074,University of Marburg,https://www.uni-marburg.de,M2,Western & Northern Europe,Germany,0,1,0,200,de,,2026-08-11T07:04:34+00:00,8.682,1,1,6,1,1,0,0,0,0,0,0,1,10,0,1,2026-08-10,1,1,1,1,6,1,1,1,0,0,1,0,1,1,1,1,1,1,1,1,1,1,1,1,1,0,0,1,0,0,1,1,12.63,1,1,0,0,1,1,90,1,0,1,1,1,0,2.3,1,1,0,1.0,3,3,0.0372992128704411,0.5652173913043478,0,0.0,0,12,1.0,0,0,0,0.8666666666666667,0.6,0.6666666666666666,0.6666666666666666,0.8,0.625,0.5
2075,University of Bremen,https://www.uni-bremen.de,M2,Western & Northern Europe,Germany,0,1,0,200,de-de,,2026-08-11T07:04:42+00:00,4.867,1,1,3,1,1,0,0,1,1,1,1,1,10,0,1,2026-07-30,1,1,1,1,20,1,1,1,1,0,1,0,1,1,1,1,1,1,1,1,1,1,1,1,1,0,0,1,1,1,1,1,16.1,1,1,0,0,1,1,90,1,0,1,1,1,0,89.1,1,1,0,12.0,3,3,-0.8900494286260094,0.1932367149758454,0,0.0,0,12,0.6,0,0,0,0.8666666666666667,1.0,0.6666666666666666,0.6666666666666666,0.8,0.75,0.5
2076,Paris-Saclay University,https://www.universite-paris-saclay.fr,M2,Western & Northern Europe,France,0,1,1,200,fr,,2026-08-11T07:04:53+00:00,7.834,1,1,4,1,1,0,0,1,1,1,1,1,10,0,1,2026-09-04,1,1,1,1,2,1,1,0,0,0,1,0,1,1,1,0,1,1,1,1,1,1,1,1,0,0,0,1,1,0,1,1,6.58,1,1,0,0,0,0,90,1,0,1,0,1,0,81.8,1,1,0,0.0,3,2,-0.1688322807046547,0.4879227053140096,0,0.0,0,12,0.85,0,0,0,0.7333333333333333,0.8,0.6666666666666666,0.3333333333333333,0.8,0.5,0.0
2077,PSL University,https://psl.eu,M2,Western & Northern Europe,France,0,1,0,200,fr,,2026-08-11T07:05:04+00:00,7.661,1,1,6,1,1,0,0,1,1,0,1,1,7,1,1,2026-07-29,1,1,1,1,1,1,1,1,0,0,1,0,1,1,1,1,1,1,1,1,0,1,1,1,0,0,0,0,1,1,1,1,21.0,1,1,0,0,0,1,75,1,0,1,0,1,0,95.3,1,1,0,13.0,3,3,-0.2108850500307061,0.4589371980676328,0,0.0,0,9,1.0,0,0,0,0.7333333333333333,0.8,0.6666666666666666,0.3333333333333333,0.8,0.625,0.25
2078,Sorbonne University,https://www.sorbonne-universite.fr,M2,Western & Northern Europe,France,0,1,1,200,fr,,2026-08-11T06:51:13+00:00,3.432,1,1,5,1,1,0,0,0,1,0,1,1,10,1,1,2027-06-15,1,1,1,1,2,1,1,1,1,0,1,0,1,1,1,1,1,1,1,1,1,1,1,1,0,0,1,1,1,1,1,1,12.63,1,0,0,0,0,0,90,1,0,1,0,1,1,34.6,1,1,1,0.0,3,3,-1.2388686423999036,0.072463768115942,0,0.0,0,12,1.0,0,0,0,0.8666666666666667,1.0,1.0,0.6666666666666666,0.8,0.75,0.0
2080,Universite Paris Cite,https://u-paris.fr,M2,Western & Northern Europe,France,0,1,1,200,fr-fr,,2026-08-11T07:05:48+00:00,7.622,1,1,5,1,1,0,0,0,0,0,1,0,0,0,1,2026-09-28,1,1,1,1,0,0,0,0,0,0,1,0,0,1,1,1,1,0,1,1,1,0,1,1,1,0,0,0,0,0,1,1,10.05,1,1,0,0,0,0,75,1,1,1,0,1,0,55.6,1,1,0,0.0,3,1,-0.2203651540984285,0.4492753623188406,1,0.6931471805599453,1,9,1.0,0,0,0,0.6666666666666666,0.4,0.6666666666666666,0.3333333333333333,0.8,0.25,0.0
2081,Aix-Marseille University,https://www.univ-amu.fr,M2,Western & Northern Europe,France,0,1,0,200,fr,,2026-08-11T07:05:58+00:00,7.054,1,1,2,0,1,0,0,0,0,0,1,0,0,1,1,2026-08-11,1,0,0,0,0,1,1,1,0,0,1,0,1,1,1,1,1,1,0,0,1,1,1,1,1,0,0,0,1,0,1,1,16.88,0,1,0,0,0,0,100,1,0,1,1,1,0,24.0,1,1,0,0.0,3,0,-0.3584343620591058,0.4251207729468599,0,0.0,0,13,0.35,0,0,0,0.7333333333333333,0.6,0.6666666666666666,0.6666666666666666,0.6,0.5,0.0
2082,Grenoble Alpes University,https://www.univ-grenoble-alpes.fr,M2,Western & Northern Europe,France,0,1,1,200,fr,,2026-08-11T07:06:06+00:00,5.499,1,1,1,1,0,0,0,1,1,1,1,1,6,1,1,2026-09-30,1,1,1,1,0,1,1,0,1,0,1,0,1,1,1,1,1,1,1,1,1,1,1,1,1,0,0,0,1,1,0,0,21.0,0,1,1,0,0,1,75,1,0,1,1,1,0,73.1,1,1,1,0.0,3,1,-0.736423126810608,0.2657004830917874,0,0.0,0,9,0.15,0,0,0,0.8666666666666667,0.4,1.0,0.6666666666666666,0.6,0.625,0.5
2083,Claude Bernard University Lyon 1,https://www.univ-lyon1.fr,M2,Western & Northern Europe,France,0,1,0,200,fr,,2026-08-11T07:06:16+00:00,5.63,1,1,4,1,1,0,0,0,0,0,1,0,1,1,0,,1,1,1,1,0,1,1,0,0,0,1,0,1,1,1,1,1,1,0,1,1,1,0,1,1,0,0,0,0,1,1,1,14.79,0,1,0,0,0,0,75,1,0,1,0,1,0,52.6,1,1,1,3650.0,1,1,-0.7045797003267193,0.3091787439613526,0,0.0,0,9,0.85,1,0,0,0.7333333333333333,0.6,1.0,0.3333333333333333,0.8,0.5,0.0
2084,University of Strasbourg,https://www.unistra.fr,M2,Western & Northern Europe,France,0,1,1,200,fr,,2026-08-11T07:06:23+00:00,3.841,1,1,6,1,0,0,0,0,1,0,1,0,0,1,1,2026-09-13,1,1,1,1,17,1,1,1,1,0,1,0,1,1,1,1,1,1,1,1,1,1,1,1,1,1,1,0,1,1,1,1,18.88,0,1,0,0,0,0,75,1,0,1,1,1,0,26.5,1,1,0,0.0,3,3,-1.1394490894845568,0.0869565217391304,0,0.0,0,9,1.0,0,0,0,1.0,0.8,0.6666666666666666,0.6666666666666666,0.6,0.75,0.0
2085,University of Montpellier,https://www.umontpellier.fr,M2,Western & Northern Europe,France,0,1,1,200,fr-fr,,2026-08-11T07:06:31+00:00,4.698,1,1,8,1,1,0,0,1,0,0,1,1,10,1,1,2026-09-08,1,1,1,1,0,1,0,1,0,0,1,0,1,1,1,1,1,1,1,1,0,1,1,1,0,0,0,1,1,0,1,1,21.0,1,1,0,0,0,0,90,1,0,1,0,1,0,2.1,1,1,0,0.0,3,1,-0.9311298795861404,0.1690821256038647,0,0.0,0,12,1.0,0,0,0,0.7333333333333333,0.8,0.6666666666666666,0.3333333333333333,0.8,0.5,0.0
2086,Sciences Po,https://www.sciencespo.fr,M2,Western & Northern Europe,France,0,1,0,200,fr,,2026-08-11T07:06:43+00:00,8.879,1,1,5,0,1,0,0,1,0,0,0,1,10,1,0,,1,1,1,1,0,1,1,1,1,1,1,0,1,1,0,1,1,1,1,1,1,1,1,1,1,1,0,1,0,1,1,1,21.0,1,1,1,0,1,0,90,1,0,1,1,1,0,47.5,1,1,0,3650.0,1,1,0.0851858923920138,0.5942028985507246,0,0.0,0,12,1.0,1,0,0,0.8666666666666667,0.8,0.6666666666666666,0.6666666666666666,0.6,0.875,0.5
2087,University of Bordeaux,https://www.u-bordeaux.fr,M2,Western & Northern Europe,France,0,1,1,200,fr,,2026-08-11T07:06:50+00:00,3.074,1,1,1,1,1,0,0,0,1,0,1,1,6,1,1,2026-09-10,1,1,1,1,16,1,1,1,1,0,1,0,1,1,1,1,1,1,1,1,1,1,1,1,1,0,0,1,1,1,1,1,19.85,1,1,0,0,0,0,100,1,0,1,1,1,0,15.6,1,1,0,0.0,3,3,-1.3258911361497672,0.038647342995169,0,0.0,0,13,0.15,0,0,0,0.8666666666666667,1.0,0.6666666666666666,0.6666666666666666,0.8,0.75,0.0
2088,University of Lille,https://www.univ-lille.fr,M2,Western & Northern Europe,France,0,1,1,200,fr,,2026-08-11T07:06:59+00:00,4.459,1,1,2,1,1,0,0,0,0,0,0,1,10,0,1,2026-10-18,1,1,1,1,3,1,1,1,1,0,1,0,0,1,1,1,1,1,1,1,1,0,1,1,0,1,0,1,1,1,1,1,21.0,1,1,0,0,0,0,75,1,0,1,1,1,0,32.3,1,1,0,0.0,3,3,-0.9892259019498764,0.144927536231884,0,0.0,0,9,0.35,0,0,0,0.7333333333333333,1.0,0.6666666666666666,0.6666666666666666,0.8,0.75,0.0
2089,University of Lorraine,https://www.univ-lorraine.fr,M2,Western & Northern Europe,France,0,1,0,200,fr-fr,,2026-08-11T07:07:06+00:00,4.624,1,1,9,1,1,0,0,1,0,0,0,1,2,0,0,,1,1,1,1,13,1,0,0,0,0,1,0,1,1,1,1,1,1,1,1,1,1,1,1,0,0,0,0,0,1,1,0,15.91,1,1,0,0,0,0,90,1,0,1,1,1,0,42.1,1,1,0,3650.0,0,2,-0.9491177693556656,0.1594202898550724,0,0.0,0,12,1.0,1,0,0,0.8,0.4,0.6666666666666666,0.6666666666666666,0.8,0.375,0.0
2090,Universite Cote d'Azur,https://univ-cotedazur.fr,M2,Western & Northern Europe,France,0,1,0,200,fr,,2026-08-11T07:07:23+00:00,13.203,1,1,8,1,1,0,0,1,1,0,0,1,2,1,0,,1,1,1,1,0,1,1,0,1,0,1,0,1,1,1,1,1,1,1,1,1,1,1,1,1,1,0,0,1,1,1,1,16.1,0,1,0,0,0,0,75,1,0,0,1,1,0,86.0,1,0,0,3650.0,1,1,1.1362620459518178,0.8888888888888888,0,0.0,0,9,1.0,1,0,0,0.9333333333333332,0.8,0.3333333333333333,0.6666666666666666,0.8,0.625,0.0
2091,Toulouse III - Paul Sabatier University,https://www.univ-tlse3.fr,M2,Western & Northern Europe,France,0,1,0,200,fr,,2026-08-11T07:07:33+00:00,6.184,1,1,7,1,1,0,0,1,1,0,0,1,10,1,0,,1,1,1,1,0,1,1,0,1,0,0,1,1,1,0,1,1,1,1,1,1,1,1,1,1,0,0,1,1,1,0,1,1.0,0,1,0,0,0,0,75,1,0,1,1,1,0,72.7,1,1,0,3650.0,1,1,-0.5699136066467629,0.3478260869565217,0,0.0,0,9,1.0,1,0,0,0.8,0.8,0.6666666666666666,0.6666666666666666,0.8,0.625,0.0
2092,Nantes University,https://www.univ-nantes.fr,M2,Western & Northern Europe,France,0,1,1,200,fr,,2026-08-11T07:07:46+00:00,9.121,1,1,1,1,1,1,0,1,1,0,1,1,4,0,1,2027-01-30,1,1,1,1,7,1,1,1,1,0,1,1,1,1,1,1,1,1,0,0,1,1,1,1,1,0,0,0,1,1,1,1,7.12,0,1,0,0,0,0,75,1,0,1,1,1,0,75.0,1,1,0,0.0,3,3,0.1440111535301899,0.6086956521739131,0,0.0,0,9,0.15,0,0,0,0.7333333333333333,0.8,0.6666666666666666,0.6666666666666666,1.0,0.875,0.0
2094,ENS de Lyon,https://www.ens-lyon.fr,M2,Western & Northern Europe,France,0,1,1,200,fr,,2026-08-11T07:08:11+00:00,16.457,1,1,20,1,1,0,0,1,1,2,1,1,10,1,1,2026-09-08,1,1,1,1,0,0,0,0,1,1,1,0,1,1,1,1,1,1,1,1,1,1,1,1,1,1,0,1,1,1,1,1,21.0,1,1,0,0,0,0,75,1,0,1,0,1,0,91.4,1,1,0,0.0,3,1,1.927243036627952,0.9758454106280192,0,0.0,0,9,0.45,0,0,0,0.9333333333333332,1.0,0.6666666666666666,0.3333333333333333,0.8,0.5,0.0
2095,Paris-Est Creteil University,https://www.u-pec.fr,M2,Western & Northern Europe,France,0,1,0,200,fr,,2026-08-11T07:08:30+00:00,16.163,1,1,4,1,1,1,0,0,0,0,1,0,0,1,0,,1,0,1,0,0,1,1,0,1,0,1,0,1,1,0,1,1,1,0,1,1,1,0,1,1,1,0,0,1,1,1,1,16.3,1,1,0,0,0,0,75,1,0,1,1,1,0,47.9,1,1,1,3650.0,1,0,1.8557776367328125,0.966183574879227,0,0.0,0,9,0.85,1,0,0,0.7333333333333333,0.8,1.0,0.6666666666666666,1.0,0.5,0.0
2096,University of Tours,https://www.univ-tours.fr,M2,Western & Northern Europe,France,0,1,0,200,fr,,2026-08-11T07:08:41+00:00,7.142,1,1,13,1,1,0,0,0,1,1,1,1,10,1,0,,1,1,1,1,0,1,1,0,0,0,1,1,1,1,1,1,1,1,0,1,1,1,1,1,1,0,0,0,1,1,0,1,11.05,1,1,0,0,0,1,75,1,0,1,1,1,0,90.9,1,0,0,3650.0,1,1,-0.33704335800886,0.4347826086956521,0,0.0,0,9,0.72,1,0,0,0.8,0.6,0.3333333333333333,0.6666666666666666,0.8,0.625,0.25
2097,Clermont Auvergne University,https://www.uca.fr,M2,Western & Northern Europe,France,0,1,1,200,fr,,2026-08-11T07:08:50+00:00,5.617,1,1,2,1,1,0,0,1,0,0,1,1,2,0,1,2026-09-24,1,0,1,1,1,1,1,0,0,0,1,0,1,1,1,1,1,1,1,1,1,0,1,0,1,0,0,1,1,1,1,1,19.6,1,1,0,0,0,0,100,1,1,1,1,1,0,87.5,1,1,0,0.0,3,2,-0.7077397350159602,0.2995169082125604,1,0.6931471805599453,1,13,0.35,0,0,0,0.7333333333333333,1.0,0.6666666666666666,0.6666666666666666,0.8,0.5,0.0
2098,University of Caen Normandy,https://www.unicaen.fr,M2,Western & Northern Europe,France,0,1,1,200,fr-fr,,2026-08-11T07:08:56+00:00,3.345,1,1,5,1,1,1,0,1,1,2,1,0,0,1,1,2026-09-17,1,1,1,1,20,1,0,1,1,0,1,0,1,1,1,1,1,1,1,1,1,1,1,1,1,0,0,1,1,0,1,1,21.0,1,0,0,0,1,1,75,1,0,1,1,1,0,52.6,1,1,0,0.0,3,3,-1.2600165668586691,0.0628019323671497,0,0.0,0,9,1.0,0,0,0,0.8666666666666667,0.8,0.6666666666666666,0.6666666666666666,1.0,0.625,0.5
2099,University of Poitiers,https://www.univ-poitiers.fr,M2,Western & Northern Europe,France,0,1,1,200,fr-fr,,2026-08-11T07:09:07+00:00,6.971,1,1,9,1,1,0,0,0,0,0,1,0,0,0,1,2026-10-08,1,1,1,1,0,0,0,0,1,1,1,1,0,1,1,1,1,1,1,1,1,1,1,1,1,0,0,0,1,0,1,0,13.55,1,0,0,0,0,0,90,1,0,1,1,1,0,90.9,1,1,0,0.0,3,1,-0.3786099681519512,0.4154589371980676,0,0.0,0,12,1.0,0,0,0,0.8,0.4,0.6666666666666666,0.6666666666666666,0.8,0.625,0.0
2100,University of Burgundy,https://www.u-bourgogne.fr,M2,Western & Northern Europe,France,0,1,0,200,fr-fr,,2026-08-11T07:09:21+00:00,10.92,1,1,10,1,1,0,0,1,0,0,1,1,10,0,1,2026-07-17,1,1,1,0,15,1,1,1,1,0,1,0,1,1,1,1,1,1,1,1,1,1,0,1,1,1,0,1,0,0,1,1,21.0,1,1,0,0,0,1,75,1,0,1,1,1,0,76.9,1,1,0,25.0,3,1,0.581311338602828,0.7584541062801933,0,0.0,0,9,0.9266666666666666,0,0,0,0.8666666666666667,0.6,0.6666666666666666,0.6666666666666666,0.8,0.625,0.25
2101,University of Amsterdam,https://www.uva.nl,M2,Western & Northern Europe,Netherlands,0,1,1,200,nl,,2026-08-11T06:51:21+00:00,5.756,0,1,3,1,0,0,0,0,0,0,1,0,0,0,1,2026-11-06,1,0,1,1,4,1,1,0,0,0,1,0,0,1,1,1,1,1,0,1,1,1,0,1,1,0,0,0,0,1,1,1,1.16,1,0,0,1,0,0,100,1,0,0,1,1,0,0.0,1,0,0,0.0,3,2,-0.673951671800231,0.3188405797101449,0,0.0,0,13,0.6,0,0,0,0.6666666666666666,0.6,0.3333333333333333,0.6666666666666666,0.4,0.5,0.25
2102,Delft University of Technology,https://www.tudelft.nl,M2,Western & Northern Europe,Netherlands,0,1,1,200,nl,,2026-08-11T07:09:33+00:00,8.874,1,1,2,1,1,0,0,0,0,0,1,1,10,1,1,2027-01-01,1,0,1,1,0,1,1,1,1,0,1,0,1,1,1,1,1,1,1,1,1,1,1,1,1,0,0,0,0,0,1,1,14.85,1,1,0,0,1,1,100,1,0,1,1,1,1,87.0,1,1,0,0.0,3,1,0.0839704944346138,0.5893719806763285,0,0.0,0,13,0.35,0,0,0,0.8666666666666667,0.4,0.6666666666666666,1.0,0.8,0.75,0.5
2103,Utrecht University,https://www.uu.nl,M2,Western & Northern Europe,Netherlands,0,1,0,200,nl,,2026-08-11T07:09:40+00:00,3.055,1,1,5,1,1,0,0,0,0,0,0,0,0,0,0,,1,0,0,1,0,0,0,0,0,0,1,0,1,1,0,1,1,1,0,1,1,1,0,1,1,0,0,0,0,0,1,0,10.37,1,1,0,0,0,0,100,1,0,1,1,1,0,33.3,1,0,0,3650.0,0,1,-1.3305096483878884,0.0338164251207729,0,0.0,0,13,1.0,1,0,0,0.6666666666666666,0.2,0.3333333333333333,0.6666666666666666,0.8,0.25,0.0
2104,Leiden University,https://www.universiteitleiden.nl,M2,Western & Northern Europe,Netherlands,0,1,1,200,nl,,2026-08-11T07:09:54+00:00,11.611,1,1,5,1,1,0,0,0,0,0,1,0,0,1,1,2026-11-07,1,0,0,1,7,0,1,1,0,1,1,0,0,1,1,1,1,1,1,1,1,1,0,1,0,0,0,0,0,0,1,1,7.06,1,1,0,0,0,0,90,1,0,0,1,1,0,14.3,1,0,0,0.0,3,3,0.7492793363155535,0.7946859903381642,0,0.0,0,12,1.0,0,0,0,0.6666666666666666,0.4,0.3333333333333333,0.6666666666666666,0.8,0.625,0.0
2105,Erasmus University Rotterdam,https://www.eur.nl,M2,Western & Northern Europe,Netherlands,0,1,1,200,nl,,2026-08-11T07:10:05+00:00,7.821,1,1,3,1,1,0,0,1,0,0,1,0,0,0,1,2026-08-31,1,1,1,1,0,0,0,0,0,0,1,0,1,1,0,0,1,1,0,1,1,1,1,1,1,0,0,0,0,0,1,1,14.5,1,0,0,0,1,0,75,1,1,1,1,1,0,100.0,1,1,0,0.0,3,1,-0.1719923153938955,0.4830917874396135,1,0.6931471805599453,1,9,0.6,0,0,0,0.6666666666666666,0.4,0.6666666666666666,0.6666666666666666,0.8,0.25,0.25
2106,University of Groningen,https://www.rug.nl,M2,Western & Northern Europe,Netherlands,0,1,0,200,nl,,2026-08-11T07:10:19+00:00,11.397,1,1,6,1,1,0,0,0,0,0,1,0,0,0,0,,1,0,1,1,0,1,1,0,0,0,0,0,0,1,1,1,1,1,0,1,1,1,1,1,1,0,0,0,0,1,1,1,10.37,0,1,0,0,0,0,50,1,0,1,1,1,0,7.1,1,1,0,3650.0,0,1,0.6972603037388193,0.782608695652174,0,0.0,0,5,1.0,1,0,0,0.7333333333333333,0.6,0.6666666666666666,0.6666666666666666,0.8,0.375,0.0
2107,Wageningen University & Research,https://www.wur.nl,M2,Western & Northern Europe,Netherlands,0,1,0,200,nl,,2026-08-11T07:10:32+00:00,10.146,0,1,6,1,1,0,0,0,0,0,0,0,0,0,0,,1,0,1,1,0,1,1,1,0,1,1,0,0,1,0,1,1,1,0,1,1,1,1,1,0,0,0,0,0,0,1,1,19.42,1,0,0,0,0,0,80,1,0,1,1,1,0,11.1,1,1,0,3650.0,0,1,0.3931677347972573,0.6811594202898551,0,0.0,0,10,1.0,1,0,0,0.6,0.4,0.6666666666666666,0.6666666666666666,0.6,0.75,0.0
2108,Eindhoven University of Technology,https://www.tue.nl,M2,Western & Northern Europe,Netherlands,0,1,0,200,en-us,,2026-08-11T07:10:42+00:00,8.165,1,1,6,1,1,0,0,0,0,0,1,1,4,0,0,,1,1,1,1,0,1,1,1,0,0,1,0,1,1,1,1,1,1,1,1,1,0,1,1,1,0,0,1,0,1,1,1,5.02,1,0,0,0,1,0,75,1,0,1,1,1,1,93.8,1,0,0,3650.0,0,1,-0.0883729359247531,0.5169082125603864,0,0.0,0,9,1.0,1,0,0,0.8,0.8,0.3333333333333333,1.0,0.8,0.625,0.25
2109,Radboud University,https://www.ru.nl,M2,Western & Northern Europe,Netherlands,0,1,1,200,nl,,2026-08-11T07:10:49+00:00,3.308,1,1,1,1,1,0,0,0,0,0,1,0,0,1,1,2026-11-14,1,0,1,1,7,1,1,1,0,0,1,0,0,1,0,1,1,1,0,0,1,1,0,1,0,0,0,0,0,1,1,1,12.21,1,1,0,0,0,0,100,1,2,1,1,1,0,100.0,1,0,0,0.0,3,3,-1.2690105117434318,0.0579710144927536,2,1.0986122886681098,1,13,0.15,0,0,0,0.4666666666666667,0.6,0.3333333333333333,0.6666666666666666,0.8,0.625,0.0
2110,University of Twente,https://www.utwente.nl,M2,Western & Northern Europe,Netherlands,0,1,0,200,nl,,2026-08-11T07:11:00+00:00,8.752,1,1,5,1,1,0,0,1,0,0,1,0,0,1,0,,1,1,1,1,17,1,1,1,1,1,1,0,1,1,1,1,1,1,1,1,1,1,1,1,1,0,0,1,0,1,1,1,15.83,1,0,0,0,0,0,100,1,0,1,1,1,0,40.0,1,0,0,3650.0,1,3,0.0543147842740458,0.5700483091787439,0,0.0,0,13,1.0,1,0,0,0.8666666666666667,0.8,0.3333333333333333,0.6666666666666666,0.8,0.875,0.0
2111,Maastricht University,https://www.maastrichtuniversity.nl,M2,Western & Northern Europe,Netherlands,0,1,0,200,en,,2026-08-11T07:11:26+00:00,15.579,1,1,4,0,1,0,0,1,1,1,1,1,4,0,1,2026-08-04,1,1,1,1,1,1,1,1,1,0,1,0,1,1,1,1,1,1,1,1,1,1,1,1,1,0,0,1,0,0,1,1,17.02,1,0,0,0,0,0,100,1,0,1,0,1,0,100.0,1,1,0,7.0,3,3,1.713819155308454,0.9565217391304348,0,0.0,0,13,0.85,0,0,0,0.8666666666666667,0.6,0.6666666666666666,0.3333333333333333,0.6,0.75,0.0
2112,Vrije Universiteit Amsterdam,https://vu.nl,M2,Western & Northern Europe,Netherlands,0,1,1,200,nl,,2026-08-11T07:11:42+00:00,12.208,1,0,0,0,1,0,0,1,0,0,1,0,0,0,1,2027-01-26,1,1,1,1,0,1,1,0,0,0,1,0,1,1,1,1,1,1,0,1,1,1,1,1,1,1,0,0,0,1,0,0,11.04,1,0,0,0,0,0,75,1,0,0,1,1,0,0.0,1,1,0,0.0,3,1,0.8943978524291526,0.855072463768116,0,0.0,0,9,0.0,0,0,0,0.8666666666666667,0.2,0.6666666666666666,0.6666666666666666,0.4,0.5,0.0
2113,Tilburg University,https://www.tilburguniversity.edu,M2,Western & Northern Europe,Netherlands,0,1,0,200,en,,2026-08-11T07:11:53+00:00,7.718,0,1,10,1,1,1,0,1,0,0,1,0,1,0,0,,1,1,1,1,0,1,1,0,0,0,1,0,1,1,1,1,1,1,0,1,1,1,1,1,1,1,0,0,0,1,1,1,21.0,1,0,0,0,0,0,100,1,0,1,0,1,0,100.0,1,1,0,3650.0,0,1,-0.1970295133163422,0.463768115942029,0,0.0,0,13,0.9266666666666666,1,0,0,0.8666666666666667,0.6,0.6666666666666666,0.3333333333333333,0.8,0.5,0.0
2114,Amsterdam University of Applied Sciences,https://www.amsterdamuas.com,M2,Western & Northern Europe,Netherlands,0,1,0,200,en-us,,2026-08-11T07:12:02+00:00,6.202,1,1,3,1,1,0,0,0,0,0,0,0,0,0,0,,1,1,1,1,0,0,0,0,1,0,0,0,1,1,1,0,1,1,0,1,0,0,1,1,0,0,1,0,0,1,1,1,10.34,0,0,0,0,1,0,100,1,1,1,0,1,0,100.0,1,0,0,3650.0,0,1,-0.5655381740001217,0.3526570048309179,1,0.6931471805599453,1,13,0.6,1,0,0,0.6,0.6,0.3333333333333333,0.3333333333333333,0.8,0.25,0.25
2115,Rotterdam University of Applied Sciences,https://www.rotterdamuas.com,M2,Western & Northern Europe,Netherlands,0,1,0,200,en,,2026-08-11T07:12:15+00:00,11.37,0,1,1,1,1,1,0,0,0,0,0,0,0,0,1,2026-07-01,1,1,1,1,0,1,0,0,0,0,1,0,0,1,1,1,1,1,0,1,1,0,1,1,1,0,0,0,0,1,1,0,11.9,1,0,0,0,0,0,75,1,0,1,1,1,0,0.0,1,0,0,41.0,3,1,0.6906971547688573,0.7777777777777778,0,0.0,0,9,0.15,0,0,0,0.6666666666666666,0.4,0.3333333333333333,0.6666666666666666,0.8,0.375,0.0
2116,The Hague University of Applied Sciences,https://www.thehagueuniversity.com,M2,Western & Northern Europe,Netherlands,0,1,0,200,en,,2026-08-11T07:12:32+00:00,11.54,0,1,5,0,1,0,0,0,0,0,0,0,0,0,0,,1,0,1,1,0,0,0,0,0,1,1,0,1,1,1,0,1,1,0,1,1,0,1,1,1,0,1,0,0,0,1,1,12.94,1,0,0,0,0,0,100,1,0,1,0,1,0,47.4,1,1,0,3650.0,0,1,0.7320206853204685,0.7874396135265701,0,0.0,0,13,1.0,1,0,0,0.7333333333333333,0.4,0.6666666666666666,0.3333333333333333,0.4,0.375,0.0
2117,Fontys University of Applied Sciences,https://www.fontys.edu,M2,Western & Northern Europe,Netherlands,0,1,0,200,en,,2026-08-11T07:12:44+00:00,9.697,1,1,5,1,1,1,0,0,1,1,0,0,0,1,1,,1,1,1,1,1,1,1,1,1,1,1,0,0,1,0,1,1,1,0,0,1,0,1,1,1,0,0,1,0,0,0,1,8.32,1,1,0,0,0,0,100,1,0,1,1,1,0,25.0,1,0,0,3650.0,1,3,0.2840249982227075,0.6521739130434783,0,0.0,0,13,1.0,1,0,0,0.5333333333333333,0.4,0.3333333333333333,0.6666666666666666,1.0,0.875,0.0
2118,Saxion University of Applied Sciences,https://www.saxion.edu,M2,Western & Northern Europe,Netherlands,0,1,1,200,en,,2026-08-11T07:13:00+00:00,13.12,1,1,5,1,1,0,0,0,0,0,0,0,1,0,1,2026-09-24,1,0,1,1,0,0,0,0,0,1,1,0,0,1,0,0,1,1,1,0,0,1,1,1,0,0,0,1,0,1,1,1,16.82,1,0,0,0,1,0,100,1,0,1,1,1,0,83.3,1,0,0,0.0,3,1,1.1160864398589725,0.8840579710144928,0,0.0,0,13,1.0,0,0,0,0.4666666666666667,0.8,0.3333333333333333,0.6666666666666666,0.8,0.375,0.25
2119,HAN University of Applied Sciences,https://www.han.nl,M2,Western & Northern Europe,Netherlands,0,1,0,200,nl,,2026-08-11T07:13:29+00:00,25.951,1,1,8,0,1,1,0,0,0,0,0,1,5,1,0,,1,1,1,1,1,1,1,1,0,0,1,0,0,1,0,1,1,1,0,0,1,1,1,1,1,0,0,0,0,1,1,1,21.0,1,0,0,0,1,0,100,1,0,1,1,1,0,90.9,1,0,1,3650.0,1,3,4.235040678139695,0.9951690821256038,0,0.0,0,13,1.0,1,0,0,0.6,0.6,0.6666666666666666,0.6666666666666666,0.8,0.625,0.25
2120,Hanze University of Applied Sciences,https://www.hanze.nl,M2,Western & Northern Europe,Netherlands,0,1,1,200,nl,,2026-08-11T07:13:42+00:00,9.158,1,1,5,1,1,1,0,0,1,1,1,0,0,0,1,2027-06-11,1,0,1,1,15,1,1,1,1,1,1,0,0,0,0,1,1,1,1,0,1,1,1,1,1,0,0,0,0,0,1,1,12.63,1,0,0,0,0,1,100,1,0,1,0,1,1,99.2,1,0,0,0.0,3,3,0.1530050984149521,0.6135265700483091,0,0.0,0,13,1.0,0,0,0,0.6,0.4,0.3333333333333333,0.6666666666666666,1.0,0.875,0.25
2121,Karolinska Institute,https://ki.se,M2,Western & Northern Europe,Sweden,0,0,1,200,sv,,2026-08-11T07:13:54+00:00,9.32,1,1,1,1,1,0,0,0,0,0,1,0,0,0,1,2026-08-25,1,1,1,0,9,1,1,0,0,0,1,0,0,1,0,1,1,1,0,1,1,0,1,1,0,0,0,1,0,1,1,1,21.0,1,1,0,0,0,0,100,1,0,0,1,1,0,95.7,1,1,0,0.0,3,1,0.192383992234723,0.6328502415458938,0,0.0,0,13,0.15,0,0,0,0.5333333333333333,0.8,0.6666666666666666,0.6666666666666666,0.8,0.375,0.0
2122,Lund University,https://www.lunduniversity.lu.se,M2,Western & Northern Europe,Sweden,0,0,1,200,en,,2026-08-11T07:14:12+00:00,14.339,1,1,1,1,0,0,0,0,1,1,1,1,2,0,1,2026-09-03,1,1,1,1,12,1,1,1,1,0,0,0,1,1,1,1,1,1,0,1,1,1,1,1,1,0,0,1,0,0,1,1,15.43,0,1,0,0,0,0,100,1,4,1,1,1,1,100.0,1,1,0,0.0,3,3,1.4124004618731725,0.927536231884058,4,1.6094379124341005,1,13,0.15,0,0,0,0.8,0.6,0.6666666666666666,1.0,0.6,0.625,0.0
2123,Uppsala University,https://www.uu.se,M2,Western & Northern Europe,Sweden,0,0,1,200,sv,,2026-08-11T06:51:46+00:00,21.633,1,1,4,1,1,0,0,0,0,0,0,1,9,0,1,2027-09-19,1,0,1,0,20,1,1,1,1,0,1,0,0,1,1,1,1,1,0,1,1,1,1,1,0,0,0,1,0,1,1,0,6.93,1,1,0,0,0,0,90,1,0,1,1,1,1,31.0,1,0,0,0.0,3,1,3.185423002128771,0.9855072463768116,0,0.0,0,12,0.85,0,0,0,0.6666666666666666,0.6,0.3333333333333333,1.0,0.8,0.625,0.0
2124,KTH Royal Institute of Technology,https://www.kth.se,M2,Western & Northern Europe,Sweden,0,0,0,200,sv-se,,2026-08-11T07:14:22+00:00,7.045,1,1,3,1,1,0,1,1,0,0,0,0,0,0,0,,1,0,1,1,0,1,1,0,0,0,1,0,0,0,0,0,1,1,0,1,1,1,0,1,1,0,0,1,0,0,0,1,15.69,0,1,0,0,0,0,75,1,0,1,1,1,0,93.8,1,1,0,3650.0,0,1,-0.3606220783824264,0.4202898550724637,0,0.0,0,9,0.6,1,0,0,0.4666666666666667,0.4,0.6666666666666666,0.6666666666666666,0.8,0.5,0.0
2125,Stockholm University,https://www.su.se,M2,Western & Northern Europe,Sweden,0,0,1,200,sv,,2026-08-11T07:14:40+00:00,14.706,1,1,10,1,1,0,0,0,0,0,0,1,10,0,1,2026-08-26,1,1,1,0,20,1,1,1,0,0,1,0,0,1,1,1,1,1,0,1,1,0,1,1,1,0,0,1,0,0,1,1,8.72,1,1,0,0,0,0,90,1,0,1,0,1,0,59.3,1,1,0,0.0,3,1,1.5016106719463564,0.9420289855072465,0,0.0,0,12,0.9266666666666666,0,0,0,0.6666666666666666,0.6,0.6666666666666666,0.3333333333333333,0.8,0.5,0.0
2126,Chalmers University of Technology,https://www.chalmers.se,M2,Western & Northern Europe,Sweden,0,0,1,200,sv,,2026-08-11T07:14:51+00:00,8.313,1,1,3,0,1,0,0,0,1,1,1,1,7,1,1,2026-08-17,1,1,1,0,6,1,0,1,0,0,1,0,1,1,1,1,1,1,0,1,0,1,1,1,1,0,1,1,0,0,1,1,21.0,1,0,0,0,0,0,90,1,0,1,1,1,1,41.4,1,1,0,0.0,3,1,-0.052397156385703,0.5314009661835749,0,0.0,0,12,0.6,0,0,0,0.8,0.6,0.6666666666666666,1.0,0.6,0.375,0.0
2127,University of Gothenburg,https://www.gu.se,M2,Western & Northern Europe,Sweden,0,0,1,200,sv,,2026-08-11T07:15:07+00:00,13.304,0,1,7,1,1,0,0,1,0,0,1,1,8,0,1,2026-08-29,1,0,1,0,3,1,0,1,0,0,1,0,1,1,0,1,1,1,0,1,1,1,1,1,1,0,1,1,0,0,1,1,1.99,1,0,0,0,0,0,75,1,0,1,0,1,1,0.0,1,1,0,0.0,3,1,1.1608130846913045,0.893719806763285,0,0.0,0,9,1.0,0,0,0,0.8,0.6,0.6666666666666666,0.6666666666666666,0.6,0.375,0.0
2128,Linkoping University,https://liu.se,M2,Western & Northern Europe,Sweden,0,0,0,200,sv-se,,2026-08-11T07:15:15+00:00,4.776,1,1,3,1,1,0,0,0,0,0,0,0,0,0,1,2026-07-23,1,1,1,0,2,1,1,0,0,0,0,0,1,1,0,1,1,1,0,1,1,1,1,1,0,0,0,0,0,0,1,0,16.88,0,1,0,0,0,1,100,1,0,1,1,1,1,76.9,1,1,0,19.0,3,1,-0.9121696714506956,0.1739130434782608,0,0.0,0,13,0.6,0,0,0,0.6666666666666666,0.2,0.6666666666666666,1.0,0.8,0.25,0.25
2129,Umea University,https://www.umu.se,M2,Western & Northern Europe,Sweden,0,0,0,200,sv,,2026-08-11T07:15:27+00:00,9.069,1,1,0,1,1,0,0,0,0,0,1,1,3,0,0,,1,0,1,0,3,1,0,0,0,0,1,0,0,1,1,1,1,1,0,1,1,0,1,1,1,0,0,1,0,0,1,1,21.0,1,1,0,0,0,0,100,1,0,1,1,0,1,44.4,1,1,0,3650.0,0,1,0.1313710147732266,0.5990338164251208,0,0.0,0,13,0.0,1,0,0,0.6666666666666666,0.6,0.6666666666666666,0.6666666666666666,0.8,0.25,0.0
2130,Swedish University of Agricultural Sciences,https://www.slu.se,M2,Western & Northern Europe,Sweden,0,0,1,200,sv,,2026-08-11T07:15:35+00:00,5.566,1,1,1,0,1,1,0,1,0,0,0,1,8,0,1,2026-08-28,1,0,1,0,9,1,1,1,1,0,1,0,1,1,1,1,1,1,0,1,1,1,1,1,1,0,0,1,0,0,1,1,20.53,1,1,0,0,0,0,100,1,0,1,1,1,1,70.0,1,1,0,0.0,3,1,-0.7201367941814436,0.2850241545893719,0,0.0,0,13,0.15,0,0,0,0.8,0.6,0.6666666666666666,1.0,0.8,0.625,0.0
2131,Orebro University,https://www.oru.se,M2,Western & Northern Europe,Sweden,0,0,1,200,sv,,2026-08-11T07:15:42+00:00,4.374,1,1,5,1,1,0,0,0,0,0,0,1,3,1,1,2026-08-20,1,0,1,0,0,0,0,0,0,0,0,0,0,1,1,1,1,1,0,1,1,1,0,1,1,0,0,1,0,0,1,1,11.39,0,1,0,0,0,0,100,1,0,0,1,1,0,100.0,1,1,0,0.0,3,0,-1.0098876672256818,0.1400966183574879,0,0.0,0,13,1.0,0,0,0,0.6666666666666666,0.6,0.6666666666666666,0.6666666666666666,0.8,0.0,0.0
2133,Lulea University of Technology,https://www.ltu.se,M2,Western & Northern Europe,Sweden,0,0,1,200,sv,,2026-08-11T07:16:05+00:00,8.774,1,1,8,1,1,0,0,0,0,0,0,0,1,0,1,2026-11-13,1,1,1,0,11,1,1,1,0,0,1,0,0,1,0,1,1,1,0,1,1,0,1,1,0,0,0,1,0,0,1,1,16.86,1,1,0,0,0,0,75,1,0,1,1,1,1,87.5,1,1,0,0.0,3,1,0.0596625352866068,0.5748792270531401,0,0.0,0,9,1.0,0,0,0,0.5333333333333333,0.6,0.6666666666666666,1.0,0.8,0.5,0.0
2134,Karlstad University,https://www.kau.se,M2,Western & Northern Europe,Sweden,0,0,1,200,sv,,2026-08-11T07:16:16+00:00,8.391,1,1,4,0,1,0,0,0,0,0,0,0,0,0,1,2026-08-31,1,1,1,0,0,0,0,0,0,0,1,0,0,1,0,1,1,1,0,1,1,1,1,1,1,0,0,1,0,1,1,1,21.0,1,1,1,0,0,0,75,1,0,1,1,1,0,100.0,1,1,0,0.0,3,0,-0.033436948250258,0.5362318840579711,0,0.0,0,9,0.85,0,0,0,0.6666666666666666,0.8,0.6666666666666666,0.6666666666666666,0.6,0.125,0.25
2135,Mid Sweden University,https://www.miun.se,M2,Western & Northern Europe,Sweden,0,0,0,200,sv,,2026-08-11T07:16:27+00:00,8.845,1,1,3,1,1,1,0,0,0,0,0,0,0,0,1,2026-07-10,1,0,1,0,2,1,1,0,0,0,1,0,0,1,0,1,1,1,1,1,1,0,1,1,1,0,0,1,0,0,0,0,13.2,1,1,0,0,1,0,90,1,0,1,1,1,1,29.4,1,0,0,32.0,3,1,0.0769211862816919,0.5845410628019324,0,0.0,0,12,0.6,0,0,0,0.6666666666666666,0.2,0.3333333333333333,1.0,1.0,0.375,0.25
2136,University of Oslo,https://www.uio.no,M2,Western & Northern Europe,Norway,0,0,0,200,no,,2026-08-11T07:16:35+00:00,5.587,1,1,1,1,1,0,0,0,1,1,1,0,0,0,1,2026-08-11,1,0,0,0,17,1,1,1,0,0,0,0,0,1,0,1,1,1,0,1,0,0,0,1,1,0,0,1,0,0,1,0,21.0,0,0,0,0,0,0,75,1,0,1,1,1,0,100.0,1,1,0,0.0,3,1,-0.7150321227603622,0.2898550724637681,0,0.0,0,9,0.15,0,0,0,0.4666666666666667,0.4,0.6666666666666666,0.6666666666666666,0.8,0.375,0.0
2137,University of Bergen,https://www.uib.no,M2,Western & Northern Europe,Norway,0,0,1,200,nb,,2026-08-11T07:16:46+00:00,8.17,1,1,7,0,1,1,0,0,0,0,0,0,0,0,1,2026-08-26,0,0,0,0,4,1,1,1,0,0,1,0,0,0,0,0,0,0,0,0,0,0,0,0,0,0,0,0,0,0,1,1,18.53,1,1,1,0,0,0,100,1,0,1,0,1,0,89.5,1,0,0,0.0,3,1,-0.0871575379673525,0.5217391304347826,0,0.0,0,13,1.0,0,0,0,0.0,0.4,0.3333333333333333,0.3333333333333333,0.8,0.5,0.25
2138,Norwegian University of Science and Technology,https://www.ntnu.edu,M2,Western & Northern Europe,Norway,0,0,0,200,en-gb,,2026-08-11T07:17:03+00:00,14.343,1,1,1,1,1,1,0,0,0,0,0,0,0,0,0,,1,1,1,0,0,1,1,0,0,0,1,0,0,1,1,1,1,1,0,1,1,0,1,1,1,0,0,0,0,0,1,1,14.61,1,1,0,0,0,0,100,1,0,1,1,1,0,78.6,1,1,0,3650.0,0,0,1.4133727802390927,0.932367149758454,0,0.0,0,13,0.15,1,0,0,0.6666666666666666,0.4,0.6666666666666666,0.6666666666666666,1.0,0.375,0.0
2139,UiT The Arctic University of Norway,https://uit.no,M2,Western & Northern Europe,Norway,0,0,0,200,nb,,2026-08-11T07:17:17+00:00,10.556,1,1,15,1,0,0,0,0,0,0,0,1,7,0,0,,1,0,0,1,0,1,1,1,0,0,1,0,1,1,0,0,1,0,0,0,0,0,0,0,1,0,0,0,0,0,1,1,15.43,1,0,1,0,1,0,75,1,0,1,0,1,0,100.0,1,0,0,3650.0,0,1,0.4928303673040838,0.7246376811594203,0,0.0,0,9,0.6,1,0,0,0.2666666666666666,0.4,0.3333333333333333,0.3333333333333333,0.6,0.625,0.5
2140,Norwegian University of Life Sciences,https://www.nmbu.no,M2,Western & Northern Europe,Norway,0,0,1,200,nb,,2026-08-11T07:17:33+00:00,12.118,1,1,4,1,1,0,0,0,0,0,0,1,3,0,1,2026-08-14,0,0,0,0,1,1,1,1,0,0,1,0,0,0,0,0,0,0,0,0,0,1,0,0,0,0,0,1,0,0,1,1,12.63,1,0,1,0,0,0,90,1,0,1,1,1,1,95.7,1,0,0,0.0,3,1,0.8725206891959467,0.8454106280193237,0,0.0,0,12,0.85,0,0,0,0.0666666666666666,0.6,0.3333333333333333,1.0,0.8,0.5,0.25
2142,University of Agder,https://www.uia.no,M2,Western & Northern Europe,Norway,0,0,1,200,no,,2026-08-11T07:17:47+00:00,6.536,0,1,1,1,1,1,0,0,0,0,0,1,2,0,1,2026-08-14,1,0,0,0,16,0,0,1,0,0,1,0,0,1,1,1,1,1,0,1,1,0,0,1,1,0,0,1,0,0,1,1,12.63,1,0,0,0,0,0,75,1,0,1,1,1,0,87.5,1,1,0,0.0,3,1,-0.4843495904457799,0.3671497584541063,0,0.0,0,9,0.15,0,0,0,0.6,0.6,0.6666666666666666,0.6666666666666666,0.8,0.25,0.0
2143,Nord University,https://www.nord.no,M2,Western & Northern Europe,Norway,0,0,0,200,nb,,2026-08-11T07:17:58+00:00,7.719,1,1,5,1,1,0,0,0,0,0,0,1,4,0,0,,0,0,0,0,4,1,1,0,0,0,1,0,0,0,0,0,0,0,0,0,0,0,0,0,0,0,0,1,0,0,1,1,18.77,1,1,0,0,0,0,100,1,1,1,1,1,1,84.6,1,0,0,3650.0,0,1,-0.1967864337248621,0.4685990338164251,1,0.6931471805599453,1,13,1.0,1,0,0,0.0,0.6,0.3333333333333333,1.0,0.8,0.375,0.0
2144,BI Norwegian Business School,https://www.bi.edu,M2,Western & Northern Europe,Norway,0,0,1,200,en,,2026-08-11T07:18:08+00:00,7.726,1,1,2,1,1,0,0,1,1,1,0,0,0,0,1,2026-08-21,1,0,1,1,0,1,1,0,1,0,1,0,0,1,0,1,1,1,1,1,0,1,1,1,1,0,1,0,0,1,1,1,21.0,1,0,0,0,0,0,90,1,0,1,1,1,1,85.7,1,0,0,0.0,3,1,-0.1950848765845017,0.4734299516908212,0,0.0,0,12,0.35,0,0,0,0.7333333333333333,0.6,0.3333333333333333,1.0,0.8,0.625,0.0
2145,OsloMet,https://www.oslomet.no,M2,Western & Northern Europe,Norway,0,0,0,200,no,,2026-08-11T07:18:20+00:00,8.575,1,1,7,1,1,0,0,0,0,0,0,0,1,0,0,,1,0,1,0,0,1,1,0,0,0,1,0,0,0,0,1,1,1,1,1,1,1,0,1,0,0,0,0,0,0,1,0,15.91,1,0,0,0,0,1,90,1,0,0,1,1,0,100.0,1,0,0,3650.0,0,0,0.0112896965820738,0.5555555555555556,0,0.0,0,12,1.0,1,0,0,0.5333333333333333,0.2,0.3333333333333333,0.6666666666666666,0.8,0.375,0.25
2146,Norwegian School of Economics,https://www.nhh.no,M2,Western & Northern Europe,Norway,0,0,1,200,no,,2026-08-11T07:18:30+00:00,8.448,1,1,5,1,1,0,0,0,0,0,0,0,0,1,1,2026-08-28,1,1,0,0,14,1,1,1,0,0,1,0,1,1,0,1,1,1,0,1,1,1,1,1,1,0,0,1,0,0,1,1,14.16,1,0,0,0,1,0,90,1,0,1,1,1,0,100.0,1,1,0,0.0,3,1,-0.0195814115358942,0.5458937198067633,0,0.0,0,12,1.0,0,0,0,0.7333333333333333,0.6,0.6666666666666666,0.6666666666666666,0.8,0.5,0.25
2147,Inland Norway University of Applied Sciences,https://www.inn.no,M2,Western & Northern Europe,Norway,0,0,1,200,no,,2026-08-11T07:18:44+00:00,10.869,1,1,1,1,1,0,0,0,0,0,0,1,2,0,1,2026-08-16,1,0,0,0,20,1,0,1,0,0,1,0,0,1,1,1,1,1,0,1,1,0,0,1,1,0,0,0,0,0,1,1,15.13,0,1,0,0,0,0,75,1,0,1,1,1,0,89.5,1,1,0,0.0,3,1,0.5689142794373446,0.7536231884057971,0,0.0,0,9,0.15,0,0,0,0.6,0.4,0.6666666666666666,0.6666666666666666,0.8,0.375,0.0
2148,University of South-Eastern Norway,https://www.usn.no,M2,Western & Northern Europe,Norway,0,0,0,200,no,,2026-08-11T07:18:59+00:00,11.954,0,1,0,1,1,0,0,0,1,1,0,1,6,1,1,2026-08-07,1,1,1,0,1,1,1,1,0,0,1,0,1,1,1,1,1,1,1,1,1,1,1,1,1,0,0,1,0,0,1,1,15.33,1,0,0,0,1,1,90,1,0,1,1,1,1,87.5,1,1,0,4.0,3,1,0.832655636193216,0.8260869565217391,0,0.0,0,12,0.0,0,0,0,0.8666666666666667,0.6,0.6666666666666666,1.0,0.6,0.5,0.5
2149,Volda University College,https://www.hivolda.no,M2,Western & Northern Europe,Norway,0,0,0,200,nn,,2026-08-11T07:19:15+00:00,6.873,1,1,4,1,1,0,0,0,0,0,0,1,10,0,1,2026-08-10,0,0,0,0,13,1,1,1,0,0,1,0,0,0,0,0,0,0,0,0,0,0,0,0,1,0,0,1,0,0,1,1,14.11,1,1,0,0,0,0,75,1,0,1,0,1,1,19.4,1,0,0,1.0,3,1,-0.4024317681169976,0.3961352657004831,0,0.0,0,9,0.85,0,0,0,0.0666666666666666,0.6,0.3333333333333333,0.6666666666666666,0.8,0.5,0.0
2150,Molde University College,https://www.himolde.no,M2,Western & Northern Europe,Norway,0,0,1,200,no,,2026-08-11T07:19:27+00:00,9.233,1,1,1,1,1,1,0,0,0,0,1,1,8,1,1,2026-08-25,1,0,1,0,20,0,0,1,0,0,0,0,0,1,0,1,1,1,1,1,0,0,1,1,1,0,0,1,0,0,1,0,19.09,0,0,0,0,0,0,75,1,0,1,0,1,0,66.7,1,1,0,0.0,3,1,0.1712360677759573,0.6231884057971014,0,0.0,0,9,0.15,0,0,0,0.6,0.4,0.6666666666666666,0.3333333333333333,1.0,0.125,0.0
2151,University of Copenhagen,https://www.ku.dk,M2,Western & Northern Europe,Denmark,0,0,0,200,da-dk,,2026-08-11T07:19:37+00:00,7.646,1,1,3,1,1,0,0,0,0,0,0,1,2,0,1,2026-08-11,1,0,1,0,0,1,1,1,0,1,1,0,0,1,1,1,1,1,0,1,1,1,0,1,0,0,0,0,0,0,1,1,19.8,1,0,0,0,1,0,100,1,0,1,1,1,1,16.7,1,0,0,0.0,3,0,-0.2145312439029069,0.4541062801932367,0,0.0,0,13,0.6,0,0,0,0.6,0.4,0.3333333333333333,1.0,0.8,0.625,0.25
2152,Aarhus University,https://international.au.dk,M2,Western & Northern Europe,Denmark,0,0,0,200,en,,2026-08-11T07:19:46+00:00,6.863,1,1,5,1,1,0,0,1,0,0,0,0,0,1,1,2026-08-03,1,0,1,1,0,0,0,1,0,0,1,0,1,1,1,1,1,1,1,1,1,1,1,1,1,0,1,1,0,1,1,1,18.16,1,1,0,0,1,0,75,1,1,1,1,1,0,16.7,1,1,0,8.0,3,1,-0.4048625640317982,0.391304347826087,1,0.6931471805599453,1,9,1.0,0,0,0,0.9333333333333332,0.8,0.6666666666666666,0.6666666666666666,0.8,0.375,0.25
2153,Technical University of Denmark,https://www.dtu.dk,M2,Western & Northern Europe,Denmark,0,0,0,200,da,,2026-08-11T07:20:06+00:00,10.717,0,1,7,1,1,0,0,0,1,1,0,1,3,0,0,,1,1,0,0,10,1,1,0,0,1,0,0,0,0,1,0,1,1,0,1,1,1,0,1,1,0,0,1,0,1,1,1,21.0,0,0,0,0,0,0,90,1,0,1,1,0,0,40.0,1,0,0,3650.0,0,1,0.5319661815323747,0.7391304347826086,0,0.0,0,12,1.0,1,0,0,0.5333333333333333,0.8,0.3333333333333333,0.3333333333333333,0.6,0.375,0.0
2154,Aalborg University,https://www.en.aau.dk,M2,Western & Northern Europe,Denmark,0,0,1,200,en-us,,2026-08-11T07:20:22+00:00,12.039,0,1,5,0,0,0,0,1,0,0,0,0,0,0,1,2026-08-21,1,0,1,1,6,1,1,1,0,1,1,0,1,1,0,1,1,1,0,1,0,1,1,1,0,0,0,1,0,0,1,1,15.77,1,0,0,0,0,0,90,1,0,1,1,1,1,8.7,1,1,0,0.0,3,3,0.8533174014690214,0.8405797101449275,0,0.0,0,12,1.0,0,0,0,0.6,0.6,0.6666666666666666,1.0,0.2,0.75,0.0
2155,University of Southern Denmark,https://www.sdu.dk,M2,Western & Northern Europe,Denmark,0,0,0,200,da,,2026-08-11T07:20:39+00:00,14.028,1,1,6,1,1,0,1,1,1,1,1,1,10,1,1,2026-07-27,1,1,1,1,0,1,1,1,1,1,1,0,1,1,1,1,1,1,1,1,1,1,1,1,1,0,1,1,0,1,1,1,21.0,1,1,0,0,0,0,75,1,0,1,1,1,0,2.5,1,0,0,15.0,3,1,1.3368027089228722,0.9227053140096618,0,0.0,0,9,1.0,0,0,0,0.9333333333333332,0.8,0.3333333333333333,0.6666666666666666,0.8,0.875,0.0
2156,Roskilde University,https://ruc.dk,M2,Western & Northern Europe,Denmark,0,0,0,200,da,,2026-08-11T07:20:55+00:00,10.952,1,1,7,1,1,0,0,0,0,0,0,0,0,0,1,2026-08-09,1,0,1,0,0,0,0,1,0,0,1,0,0,1,1,1,1,1,0,1,0,1,1,1,1,0,1,1,0,1,1,1,14.74,1,0,0,0,1,0,75,1,0,1,1,1,0,100.0,1,0,0,2.0,3,0,0.58908988553019,0.7632850241545893,0,0.0,0,9,1.0,0,0,0,0.7333333333333333,0.8,0.3333333333333333,0.6666666666666666,0.8,0.25,0.25
2157,Copenhagen Business School,https://www.cbs.dk,M2,Western & Northern Europe,Denmark,0,0,1,200,da,,2026-08-11T07:21:13+00:00,14.439,1,1,5,1,1,1,0,1,0,0,0,1,2,0,1,2026-11-10,1,0,1,1,7,1,1,1,0,0,1,0,0,1,1,0,1,1,0,1,1,1,0,1,0,0,1,1,0,1,1,1,14.67,1,0,0,0,0,0,100,1,0,0,0,1,0,63.2,1,0,0,0.0,3,3,1.4367084210211791,0.9371980676328504,0,0.0,0,13,1.0,0,0,0,0.6,0.8,0.3333333333333333,0.3333333333333333,1.0,0.625,0.0
2158,IT University of Copenhagen,https://en.itu.dk,M2,Western & Northern Europe,Denmark,0,0,0,200,en,,2026-08-11T07:21:32+00:00,15.625,1,1,5,1,1,1,0,1,0,0,1,1,3,0,1,2026-08-09,1,0,1,1,0,1,1,1,0,1,1,0,1,1,0,1,1,1,0,1,1,1,1,1,1,0,1,1,0,0,1,1,12.63,1,1,0,0,1,0,75,1,0,0,1,0,1,85.7,1,1,0,2.0,3,1,1.725000816516537,0.961352657004831,0,0.0,0,9,1.0,0,0,0,0.8,0.6,0.6666666666666666,0.6666666666666666,1.0,0.75,0.25
2159,VIA University College,https://www.via.dk,M2,Western & Northern Europe,Denmark,0,0,0,200,da,,2026-08-11T07:21:44+00:00,8.823,1,1,6,0,1,0,0,1,0,0,0,1,5,0,0,,1,0,0,1,0,1,1,1,0,0,1,0,0,0,0,1,1,1,0,1,1,1,0,1,1,0,0,0,0,0,1,1,12.08,1,0,1,0,1,0,75,1,0,1,1,1,0,85.7,1,0,0,3650.0,0,1,0.0715734352691304,0.5797101449275363,0,0.0,0,9,1.0,1,0,0,0.5333333333333333,0.4,0.3333333333333333,0.6666666666666666,0.6,0.625,0.5
2160,University College Copenhagen,https://www.kp.dk,M2,Western & Northern Europe,Denmark,0,0,0,200,da-dk,,2026-08-11T07:21:55+00:00,7.73,1,1,4,1,1,0,0,0,0,0,0,0,0,0,1,2026-08-06,1,0,1,0,0,1,0,1,0,0,1,0,0,1,0,1,1,1,0,1,1,0,0,1,0,0,0,1,0,0,1,1,21.0,1,0,0,0,1,0,90,1,0,1,1,1,1,100.0,1,0,0,5.0,3,0,-0.1941125582185813,0.4782608695652174,0,0.0,0,12,0.85,0,0,0,0.4666666666666667,0.6,0.3333333333333333,1.0,0.8,0.375,0.25
2161,UCL University College,https://www.ucl.dk,M2,Western & Northern Europe,Denmark,0,0,1,200,da,,2026-08-11T07:22:11+00:00,12.206,1,1,7,0,1,0,0,0,0,0,0,1,10,0,1,2026-10-27,1,0,1,1,0,1,1,1,0,0,1,0,0,0,0,0,1,1,0,1,1,0,1,1,0,0,0,1,0,1,1,1,15.43,1,1,1,0,1,0,100,1,0,1,0,1,1,73.8,1,0,0,0.0,3,1,0.8939116932461924,0.8502415458937198,0,0.0,0,13,1.0,0,0,0,0.4,0.8,0.3333333333333333,0.6666666666666666,0.6,0.625,0.5
2162,University College of Northern Denmark,https://www.ucn.dk,M2,Western & Northern Europe,Denmark,0,0,0,200,da,,2026-08-11T07:22:19+00:00,4.815,1,1,4,0,1,1,0,0,0,0,0,0,0,0,1,2026-08-07,1,0,1,0,1,0,0,1,0,0,1,0,0,1,0,1,1,1,0,1,1,0,0,1,0,0,0,1,0,0,1,1,14.17,1,1,0,0,1,0,100,1,0,0,1,1,0,100.0,1,0,0,4.0,3,1,-0.9026895673829728,0.1835748792270531,0,0.0,0,13,0.85,0,0,0,0.4666666666666667,0.6,0.3333333333333333,0.6666666666666666,0.8,0.25,0.25
2163,University College Absalon,https://phabsalon.dk,M2,Western & Northern Europe,Denmark,0,0,0,200,da,,2026-08-11T07:22:34+00:00,11.773,1,1,7,1,1,0,0,0,0,0,0,1,3,0,0,,1,0,1,0,0,1,1,1,0,1,1,0,0,1,0,1,1,1,0,0,1,0,0,1,0,0,0,1,0,0,1,1,9.54,1,1,0,0,0,0,75,1,0,1,0,1,1,100.0,1,0,0,3650.0,0,0,0.7886582301353239,0.8164251207729468,0,0.0,0,9,1.0,1,0,0,0.4,0.6,0.3333333333333333,0.6666666666666666,0.8,0.625,0.0
2164,Royal Danish Academy,https://royaldanishacademy.com,M2,Western & Northern Europe,Denmark,0,0,1,200,en,,2026-08-11T07:22:43+00:00,5.908,1,1,2,0,1,0,0,0,0,0,0,1,6,0,1,2026-08-16,1,1,1,1,4,1,1,1,0,0,1,0,1,1,1,1,1,1,1,1,1,1,0,1,1,0,0,1,0,1,1,1,19.48,1,1,0,0,0,0,100,1,0,1,1,1,0,95.8,1,1,0,0.0,3,3,-0.637003573895261,0.323671497584541,0,0.0,0,13,0.35,0,0,0,0.8,0.8,0.6666666666666666,0.6666666666666666,0.6,0.625,0.0
2165,Design School Kolding,https://www.designskolenkolding.dk,M2,Western & Northern Europe,Denmark,0,0,0,200,da,,2026-08-11T07:22:58+00:00,10.186,1,1,5,1,1,0,0,0,0,0,0,1,4,0,1,2026-08-05,1,0,0,1,0,1,1,1,0,1,1,0,1,1,0,1,1,1,0,0,1,1,0,1,0,0,0,1,0,0,1,1,21.0,1,0,0,0,1,0,75,1,0,1,1,1,1,95.7,1,0,0,6.0,3,1,0.4028909184564598,0.6956521739130435,0,0.0,0,9,1.0,0,0,0,0.5333333333333333,0.6,0.3333333333333333,1.0,0.8,0.75,0.25
2166,University of Helsinki,https://www.helsinki.fi,M2,Western & Northern Europe,Finland,0,0,0,200,en,,2026-08-11T07:23:12+00:00,11.06,0,1,2,0,1,1,0,0,0,0,1,0,0,0,1,2026-08-07,1,1,1,1,0,1,1,1,1,0,1,0,1,1,1,1,1,1,1,1,1,1,0,1,1,0,0,1,0,1,1,1,21.0,1,0,0,0,0,0,100,1,0,1,1,1,0,63.6,1,1,0,4.0,3,1,0.6153424814100373,0.7681159420289855,0,0.0,0,13,0.35,0,0,0,0.8,0.8,0.6666666666666666,0.6666666666666666,0.6,0.75,0.0
2167,Aalto University,https://www.aalto.fi,M2,Western & Northern Europe,Finland,0,0,1,200,fi,,2026-08-11T07:23:18+00:00,2.935,1,1,7,1,1,0,0,1,0,0,0,1,8,1,1,2026-10-30,1,1,1,1,9,1,1,1,0,0,1,0,1,1,1,1,1,1,0,1,1,0,0,1,1,0,0,1,0,0,1,1,13.77,1,1,0,0,1,0,100,1,0,1,1,1,0,89.2,1,0,0,0.0,3,3,-1.3596791993654962,0.0241545893719806,0,0.0,0,13,1.0,0,0,0,0.6666666666666666,0.6,0.3333333333333333,0.6666666666666666,0.8,0.625,0.25
2168,University of Turku,https://www.utu.fi,M2,Western & Northern Europe,Finland,0,0,1,200,fi,,2026-08-11T07:23:37+00:00,16.359,0,1,6,0,1,0,0,0,0,0,0,1,10,1,1,2026-08-26,1,0,1,1,20,0,0,1,0,0,1,0,0,1,1,1,1,0,0,1,1,1,0,1,1,0,0,0,0,0,1,0,18.76,1,0,0,0,1,0,100,1,0,1,1,1,0,100.0,1,0,0,0.0,3,3,1.9034212366629053,0.9710144927536232,0,0.0,0,13,1.0,0,0,0,0.6,0.2,0.3333333333333333,0.6666666666666666,0.4,0.375,0.25
2169,Tampere University,https://www.tuni.fi,M2,Western & Northern Europe,Finland,0,0,0,200,fi,,2026-08-11T07:23:45+00:00,5.37,0,1,4,0,1,0,0,0,0,0,0,0,0,0,0,,0,0,1,0,0,0,0,0,0,0,0,0,0,0,0,0,1,0,0,1,0,0,0,1,1,0,0,1,0,0,0,1,21.0,0,0,0,1,0,0,70,1,0,1,1,1,0,0.0,1,0,0,3650.0,0,0,-0.7677803941115364,0.2367149758454106,0,0.0,0,8,0.85,1,0,0,0.2666666666666666,0.4,0.3333333333333333,0.6666666666666666,0.4,0.0,0.25
2170,University of Oulu,https://www.oulu.fi,M2,Western & Northern Europe,Finland,0,0,0,200,fi,,2026-08-11T07:23:54+00:00,6.079,1,1,2,1,1,0,0,1,0,0,0,1,2,1,1,2026-08-03,1,0,1,0,0,0,0,1,0,0,1,0,0,1,1,0,1,0,0,1,1,1,1,1,0,0,0,1,0,0,1,1,15.92,1,1,0,0,1,0,75,1,0,1,1,1,0,13.3,1,0,0,8.0,3,0,-0.5954369637521699,0.3381642512077294,0,0.0,0,9,0.35,0,0,0,0.5333333333333333,0.6,0.3333333333333333,0.6666666666666666,0.8,0.25,0.25
2171,University of Jyvaskyla,https://www.jyu.fi,M2,Western & Northern Europe,Finland,0,0,1,200,fi,,2026-08-11T07:24:06+00:00,8.537,1,1,3,1,1,0,0,0,0,0,0,1,6,1,1,2026-09-10,1,1,1,0,8,1,1,1,0,0,1,0,0,1,1,0,1,0,0,1,1,0,1,1,1,0,0,1,0,0,1,1,21.0,1,1,0,0,1,0,100,1,0,1,1,1,0,54.5,1,0,1,0.0,3,1,0.0020526721058317,0.5507246376811594,0,0.0,0,13,0.6,0,0,0,0.5333333333333333,0.6,0.6666666666666666,0.6666666666666666,0.8,0.5,0.25
2172,University of Eastern Finland,https://www.uef.fi,M2,Western & Northern Europe,Finland,0,0,1,200,fi,,2026-08-11T07:24:19+00:00,8.673,1,1,11,1,1,0,0,0,0,0,0,1,10,0,1,2026-08-21,1,0,1,0,20,1,1,1,0,0,1,0,0,1,1,0,1,1,0,1,1,1,1,1,0,0,0,0,0,1,1,1,21.0,1,1,0,0,1,0,100,1,0,1,1,1,1,52.7,1,0,0,0.0,3,1,0.0351114965471204,0.5603864734299517,0,0.0,0,13,0.8533333333333334,0,0,0,0.6,0.6,0.3333333333333333,1.0,0.8,0.5,0.25
2173,Abo Akademi University,https://www.abo.fi,M2,Western & Northern Europe,Finland,0,0,1,200,sv-se,,2026-08-11T07:24:37+00:00,10.069,1,1,2,1,1,0,0,0,0,0,0,1,10,0,1,2026-08-21,1,1,0,1,4,1,1,1,0,1,1,0,0,1,1,1,1,1,0,1,0,1,1,1,0,0,0,1,0,0,1,1,16.31,1,1,0,0,1,0,90,1,0,1,1,1,1,28.2,1,1,0,0.0,3,3,0.3744506062532923,0.6739130434782609,0,0.0,0,12,0.35,0,0,0,0.6,0.6,0.6666666666666666,1.0,0.8,0.75,0.25
2174,LUT University,https://www.lut.fi,M2,Western & Northern Europe,Finland,0,0,1,200,fi,,2026-08-11T07:24:55+00:00,10.644,1,1,5,1,1,0,0,1,0,0,1,1,10,0,1,2026-12-02,1,1,1,0,5,1,1,1,0,1,1,0,1,1,1,0,1,1,0,1,1,1,1,1,1,0,0,1,0,0,1,1,21.0,1,1,0,0,0,0,100,1,0,1,1,1,1,78.6,1,0,0,0.0,3,1,0.5142213713543299,0.7342995169082126,0,0.0,0,13,1.0,0,0,0,0.7333333333333333,0.6,0.3333333333333333,1.0,0.8,0.625,0.0
2175,University of Vaasa,https://www.uwasa.fi,M2,Western & Northern Europe,Finland,0,0,1,200,fi,,2026-08-11T07:25:11+00:00,12.305,1,1,9,1,1,0,0,1,1,2,0,1,10,1,1,2026-08-14,1,0,1,0,8,1,0,1,0,0,1,0,0,1,0,0,1,0,0,1,1,1,1,1,0,0,0,1,0,0,1,1,21.0,1,1,0,0,0,0,100,1,0,1,0,1,0,100.0,1,0,0,0.0,3,1,0.9179765728027188,0.8695652173913043,0,0.0,0,13,1.0,0,0,0,0.4666666666666667,0.6,0.3333333333333333,0.3333333333333333,0.8,0.375,0.0
2176,ETH Zurich,https://ethz.ch,M2,Western & Northern Europe,Switzerland/Austria,1,0,0,200,de,,2026-08-11T07:25:30+00:00,15.474,1,1,7,1,1,0,0,0,0,0,1,1,6,1,1,2026-08-11,1,1,1,1,8,1,1,1,0,0,1,0,1,1,1,1,1,1,1,1,1,1,1,1,1,0,0,0,0,1,1,0,21.0,1,0,0,0,1,1,100,1,0,1,0,1,0,27.6,1,1,0,0.0,3,3,1.688295798203047,0.9516908212560388,0,0.0,0,13,1.0,0,0,0,0.8666666666666667,0.4,0.6666666666666666,0.3333333333333333,0.8,0.625,0.5
2177,EPFL,https://www.epfl.ch,M2,Western & Northern Europe,Switzerland/Austria,1,0,1,200,fr-fr,,2026-08-11T07:25:46+00:00,12.496,1,1,4,1,1,0,0,0,0,0,1,1,10,0,1,2026-10-02,1,1,1,0,2,1,1,1,0,0,1,0,1,1,1,1,1,1,1,1,0,1,1,1,0,0,0,1,0,1,1,1,16.1,1,1,0,0,0,0,100,1,0,1,1,1,1,85.0,1,1,0,0.0,3,1,0.9644047747754116,0.8743961352657005,0,0.0,0,13,0.85,0,0,0,0.7333333333333333,0.8,0.6666666666666666,1.0,0.8,0.5,0.0
2178,University of Zurich,https://www.uzh.ch,M2,Western & Northern Europe,Switzerland/Austria,1,0,0,200,de,,2026-08-11T07:26:00+00:00,11.189,1,1,3,0,1,0,0,1,1,1,1,1,7,0,1,2026-08-11,1,1,1,1,11,1,1,1,0,1,1,0,1,1,1,1,1,1,1,1,1,1,1,1,1,0,0,0,0,1,1,1,18.73,1,0,0,0,1,1,75,1,0,1,1,1,1,67.9,1,1,0,0.0,3,3,0.6466997487109657,0.7729468599033816,0,0.0,0,9,0.6,0,0,0,0.8666666666666667,0.6,0.6666666666666666,1.0,0.6,0.75,0.5
2179,University of Geneva,https://www.unige.ch,M2,Western & Northern Europe,Switzerland/Austria,1,0,1,200,fr,,2026-08-11T07:26:20+00:00,13.694,1,1,4,1,1,0,0,0,1,0,1,1,10,0,1,2026-10-15,1,1,1,1,3,1,1,1,1,0,1,0,1,1,1,1,1,1,0,1,1,1,1,1,0,0,0,1,0,0,1,1,15.91,1,1,0,0,0,0,75,1,1,1,0,0,1,22.6,1,0,0,0.0,3,3,1.2556141253685302,0.9082125603864736,1,0.6931471805599453,1,9,0.85,0,0,0,0.7333333333333333,0.6,0.3333333333333333,0.3333333333333333,0.8,0.75,0.0
2180,University of Bern,https://www.unibe.ch,M2,Western & Northern Europe,Switzerland/Austria,1,0,1,200,de,,2026-08-11T07:26:51+00:00,27.475,1,1,7,1,1,0,0,1,1,0,1,1,2,1,1,2026-10-12,1,1,1,1,2,1,1,1,1,0,1,0,1,1,1,1,1,1,1,1,1,1,1,1,1,0,0,1,0,1,1,1,5.74,1,1,0,0,1,1,75,1,0,0,1,1,1,79.2,1,0,0,0.0,3,3,4.605493975555315,1.0,0,0.0,0,9,1.0,0,0,0,0.8666666666666667,0.8,0.3333333333333333,1.0,0.8,0.75,0.5
2181,University of Basel,https://www.unibas.ch,M2,Western & Northern Europe,Switzerland/Austria,1,0,0,200,de,,2026-08-11T07:27:06+00:00,11.653,1,1,5,1,1,0,0,1,1,3,1,0,0,0,0,,1,1,1,1,0,1,1,0,0,1,1,0,1,1,1,1,1,1,1,1,1,1,1,1,1,0,0,0,1,1,1,1,15.91,1,0,0,0,1,1,75,1,0,1,1,1,1,95.8,1,0,0,3650.0,0,1,0.7594886791577162,0.8019323671497585,0,0.0,0,9,1.0,1,0,0,0.8666666666666667,0.8,0.3333333333333333,1.0,0.8,0.625,0.5
2182,University of Vienna,https://www.univie.ac.at,M2,Western & Northern Europe,Switzerland/Austria,1,0,1,200,de-at,,2026-08-11T07:27:18+00:00,6.906,1,1,4,1,1,0,1,1,0,0,1,1,10,1,1,2026-08-24,1,0,1,1,1,0,1,1,0,0,1,0,1,1,0,1,1,1,1,1,1,1,1,1,1,0,0,0,1,1,1,1,16.43,1,1,0,0,1,0,100,1,0,1,1,1,0,26.1,1,1,0,0.0,3,3,-0.3944101415981556,0.4009661835748792,0,0.0,0,13,0.85,0,0,0,0.8,0.8,0.6666666666666666,0.6666666666666666,0.8,0.5,0.25
2183,TU Wien,https://www.tuwien.at,M2,Western & Northern Europe,Switzerland/Austria,1,0,0,200,de,,2026-08-11T07:27:28+00:00,6.559,1,1,3,1,1,0,0,0,0,1,1,1,10,1,1,2026-08-10,1,0,1,1,12,1,1,1,1,0,1,0,1,1,0,1,1,1,0,1,1,0,1,1,1,0,0,0,0,1,1,1,19.43,1,0,0,0,1,1,100,1,0,1,1,1,0,93.3,1,1,0,1.0,3,3,-0.4787587598417382,0.3719806763285024,0,0.0,0,13,0.6,0,0,0,0.6666666666666666,0.6,0.6666666666666666,0.6666666666666666,0.8,0.75,0.5
2184,University of Innsbruck,https://www.uibk.ac.at,M2,Western & Northern Europe,Switzerland/Austria,1,0,0,200,de,,2026-08-11T07:27:39+00:00,8.03,1,1,0,1,1,0,0,0,1,1,0,0,1,0,0,,1,1,1,1,0,1,1,0,0,1,1,0,1,1,1,1,1,1,0,0,1,1,0,1,1,0,0,1,0,0,1,1,13.2,0,1,1,0,1,0,100,1,0,1,0,1,0,17.6,1,1,0,3650.0,0,1,-0.1211886807745619,0.4975845410628019,0,0.0,0,13,0.0,1,0,0,0.6666666666666666,0.6,0.6666666666666666,0.3333333333333333,0.8,0.625,0.5
2185,Graz University of Technology,https://www.tugraz.at,M2,Western & Northern Europe,Switzerland/Austria,1,0,0,200,de,,2026-08-11T07:27:56+00:00,13.842,1,0,0,0,1,0,0,0,0,0,0,0,0,1,0,,1,0,0,1,0,1,1,0,0,1,1,0,1,0,1,1,1,1,1,1,1,1,0,1,1,0,0,0,0,0,0,0,21.0,1,0,0,0,0,0,75,1,0,1,1,0,0,100.0,1,1,0,3650.0,1,1,1.29158990490758,0.9130434782608696,0,0.0,0,9,0.0,1,0,0,0.7333333333333333,0.0,0.6666666666666666,0.3333333333333333,0.4,0.625,0.0
2186,KU Leuven,https://www.kuleuven.be,M2,Western & Northern Europe,Belgium/Ireland/Iceland,1,0,0,200,nl,,2026-08-11T07:28:06+00:00,7.882,1,1,2,1,1,0,0,0,0,0,1,0,0,0,0,,1,0,1,1,0,0,0,1,0,0,1,0,0,0,1,0,1,1,0,0,1,1,1,1,1,0,0,0,0,1,1,0,12.63,1,0,0,0,0,0,75,1,0,1,1,1,0,100.0,1,1,0,3650.0,0,1,-0.1571644603136115,0.4927536231884058,0,0.0,0,9,0.35,1,0,0,0.5333333333333333,0.4,0.6666666666666666,0.6666666666666666,0.8,0.375,0.0
2187,Ghent University,https://www.ugent.be,M2,Western & Northern Europe,Belgium/Ireland/Iceland,1,0,0,200,nl,,2026-08-11T07:28:17+00:00,8.408,1,1,20,1,1,0,0,0,0,0,0,1,2,0,0,,1,1,1,1,1,1,1,1,0,0,1,0,1,1,1,1,1,1,1,1,1,1,0,0,1,0,0,0,0,1,1,1,12.63,1,1,0,0,0,0,100,1,0,1,1,1,0,100.0,1,1,0,3650.0,0,3,-0.029304595195097,0.5410628019323671,0,0.0,0,13,0.45,1,0,0,0.7333333333333333,0.6,0.6666666666666666,0.6666666666666666,0.8,0.625,0.0
2188,UCLouvain,https://uclouvain.be,M2,Western & Northern Europe,Belgium/Ireland/Iceland,1,0,0,200,fr,,2026-08-11T07:28:35+00:00,14.899,1,1,20,1,1,0,0,0,0,0,0,0,0,1,1,2026-08-10,1,0,1,0,1,1,1,0,0,0,1,0,1,1,1,1,1,1,1,1,1,1,1,1,0,0,0,0,0,1,1,0,15.43,1,1,0,0,0,0,75,1,0,1,0,1,0,37.7,1,0,0,1.0,3,1,1.548525033102009,0.9468599033816424,0,0.0,0,9,0.45,0,0,0,0.8,0.4,0.3333333333333333,0.3333333333333333,0.8,0.375,0.0
2189,University of Antwerp,https://www.uantwerpen.be,M2,Western & Northern Europe,Belgium/Ireland/Iceland,1,0,0,200,nl,,2026-08-11T07:28:50+00:00,11.659,1,1,3,1,1,0,0,0,0,0,1,0,1,0,1,2026-07-28,1,1,1,0,0,0,0,0,0,0,0,0,0,0,1,1,1,1,0,1,1,1,1,1,1,0,0,0,0,1,1,0,12.07,0,0,0,0,0,0,90,1,0,1,1,1,0,11.1,1,0,0,14.0,3,0,0.7609471567065966,0.8067632850241546,0,0.0,0,12,0.6,0,0,0,0.6666666666666666,0.4,0.3333333333333333,0.6666666666666666,0.8,0.0,0.0
2190,Universite libre de Bruxelles,https://www.ulb.be,M2,Western & Northern Europe,Belgium/Ireland/Iceland,1,0,1,200,fr,,2026-08-11T07:28:59+00:00,6.471,1,1,7,1,0,1,0,0,0,0,1,1,2,0,1,2026-09-30,1,1,1,1,1,1,1,0,0,0,1,0,1,1,1,1,1,1,0,1,1,1,1,1,1,1,0,0,0,1,0,1,20.5,1,1,0,0,0,0,75,1,0,1,1,1,0,46.4,1,1,0,0.0,3,2,-0.5001497638919841,0.3623188405797101,0,0.0,0,9,1.0,0,0,0,0.8666666666666667,0.4,0.6666666666666666,0.6666666666666666,0.8,0.5,0.0
2191,Vrije Universiteit Brussel,https://www.vub.be,M2,Western & Northern Europe,Belgium/Ireland/Iceland,1,0,1,200,nl,,2026-08-11T07:29:12+00:00,10.237,1,1,4,1,1,1,0,0,0,0,0,1,9,0,1,2026-08-19,1,1,1,1,12,1,1,1,1,0,1,0,1,1,1,1,1,1,1,1,1,1,1,1,1,1,0,1,0,0,1,1,21.0,1,1,0,0,1,1,100,1,0,1,1,1,0,97.7,1,0,0,0.0,3,3,0.4152879776219432,0.7004830917874396,0,0.0,0,13,0.85,0,0,0,0.9333333333333332,0.6,0.3333333333333333,0.6666666666666666,1.0,0.75,0.5
2192,University of Liege,https://www.uliege.be,M2,Western & Northern Europe,Belgium/Ireland/Iceland,1,0,1,200,fr,,2026-08-11T07:29:25+00:00,9.291,1,1,4,1,1,0,0,0,1,1,1,0,0,1,1,2026-09-30,1,1,1,1,1,1,1,0,0,0,1,0,1,1,1,1,1,1,1,1,1,1,1,1,1,1,0,1,1,1,1,1,8.86,1,0,0,0,0,0,90,1,0,1,1,1,1,88.5,1,1,0,0.0,3,2,0.1853346840818011,0.6280193236714976,0,0.0,0,12,0.85,0,0,0,0.9333333333333332,1.0,0.6666666666666666,1.0,0.8,0.5,0.0
2193,Trinity College Dublin,https://www.tcd.ie,M2,Western & Northern Europe,Belgium/Ireland/Iceland,1,0,1,200,en,,2026-08-11T07:29:43+00:00,13.872,1,1,7,1,0,0,0,0,0,0,0,0,0,0,1,2026-09-03,1,0,0,1,20,1,1,0,0,1,1,0,0,1,1,1,1,1,0,1,0,1,1,1,0,0,0,1,0,0,1,1,21.0,1,1,0,0,0,0,90,1,0,1,0,1,0,62.5,1,1,0,0.0,3,2,1.298882292651982,0.9178743961352656,0,0.0,0,12,1.0,0,0,0,0.6,0.6,0.6666666666666666,0.3333333333333333,0.6,0.625,0.0
2194,University College Dublin,https://www.ucd.ie,M2,Western & Northern Europe,Belgium/Ireland/Iceland,1,0,0,200,en,,2026-08-11T07:29:56+00:00,10.304,1,1,4,1,0,0,1,1,0,0,1,0,0,0,0,,1,0,0,1,2,1,1,0,0,0,1,0,0,1,1,1,1,1,0,1,1,1,0,0,0,0,0,1,0,1,1,1,14.78,1,0,0,0,0,1,100,1,0,1,1,1,1,100.0,1,1,0,3650.0,0,2,0.4315743102511076,0.7053140096618358,0,0.0,0,13,0.85,1,0,0,0.5333333333333333,0.8,0.6666666666666666,1.0,0.6,0.5,0.25
2195,University College Cork,https://www.ucc.ie,M2,Western & Northern Europe,Belgium/Ireland/Iceland,1,0,0,200,en,,2026-08-11T07:30:06+00:00,8.128,1,1,3,1,0,0,0,1,0,0,1,1,8,0,1,2026-08-06,1,0,1,1,0,1,1,1,0,0,1,0,1,1,1,1,1,1,0,1,1,1,1,1,0,0,0,1,1,1,1,1,21.0,1,1,0,0,1,0,100,1,0,1,1,1,0,81.1,1,1,0,5.0,3,1,-0.0973668808095152,0.5120772946859904,0,0.0,0,13,0.6,0,0,0,0.7333333333333333,1.0,0.6666666666666666,0.6666666666666666,0.6,0.625,0.25
2196,University of Galway,https://www.universityofgalway.ie,M2,Western & Northern Europe,Belgium/Ireland/Iceland,1,0,0,200,en,,2026-08-11T07:30:21+00:00,10.156,0,1,8,1,0,1,1,1,1,1,1,1,8,0,1,2026-08-04,1,0,1,1,0,1,0,0,1,0,1,0,0,1,1,1,1,1,1,1,1,1,1,1,0,0,1,0,0,1,1,0,6.03,0,0,0,0,0,1,75,1,0,1,1,1,0,78.0,1,1,0,7.0,3,1,0.3955985307120579,0.6859903381642513,0,0.0,0,9,1.0,0,0,0,0.8,0.4,0.6666666666666666,0.6666666666666666,0.6,0.5,0.25
2197,Dublin City University,https://www.dcu.ie,M2,Western & Northern Europe,Belgium/Ireland/Iceland,1,0,0,200,en,,2026-08-11T07:30:34+00:00,10.617,1,1,6,1,0,0,0,1,1,1,1,1,6,0,1,2026-07-31,1,1,1,1,6,1,1,1,1,0,1,0,1,1,1,1,1,1,1,1,1,1,1,1,1,0,0,1,0,0,1,1,15.29,1,1,1,0,1,0,75,1,0,1,1,1,0,99.2,1,1,0,11.0,3,3,0.5076582223843683,0.7294685990338164,0,0.0,0,9,1.0,0,0,0,0.8666666666666667,0.6,0.6666666666666666,0.6666666666666666,0.6,0.75,0.5
2198,University of Limerick,https://www.ul.ie,M2,Western & Northern Europe,Belgium/Ireland/Iceland,1,0,0,200,en,,2026-08-11T07:30:45+00:00,6.247,1,1,5,1,0,0,0,0,0,0,1,1,7,1,1,2026-08-07,1,1,1,1,0,1,1,1,1,1,1,0,1,1,1,1,1,1,1,1,0,1,1,1,1,0,0,0,0,1,1,0,10.44,1,0,1,0,1,0,90,1,0,0,0,1,1,100.0,1,1,0,4.0,3,1,-0.5545995923835189,0.357487922705314,0,0.0,0,12,1.0,0,0,0,0.8,0.4,0.6666666666666666,0.6666666666666666,0.6,0.875,0.5
2199,University of Iceland,https://www.hi.is,M2,Western & Northern Europe,Belgium/Ireland/Iceland,1,0,0,200,is,,2026-08-11T07:30:57+00:00,9.563,1,1,4,1,1,0,0,0,1,1,0,0,0,0,0,,0,0,0,0,0,0,0,0,0,0,1,0,0,0,0,0,0,0,0,0,0,0,0,0,0,0,0,1,0,1,1,1,21.0,1,1,1,0,0,0,75,1,0,1,1,1,1,82.6,1,0,0,3650.0,0,0,0.251452332964379,0.642512077294686,0,0.0,0,9,0.85,1,0,0,0.0,0.8,0.3333333333333333,1.0,0.8,0.125,0.25
2200,Reykjavik University,https://en.ru.is,M2,Western & Northern Europe,Belgium/Ireland/Iceland,1,0,0,200,en,,2026-08-11T07:31:14+00:00,12.617,1,1,20,1,0,0,0,0,1,1,1,0,0,0,0,,1,1,1,1,0,0,0,0,1,0,1,0,1,1,1,1,1,1,1,1,0,1,0,1,1,1,1,1,0,0,1,1,10.37,1,0,0,0,0,0,75,1,0,1,1,1,1,14.3,1,0,0,3650.0,0,1,0.9938174053444996,0.8792270531400966,0,0.0,0,9,0.45,1,0,0,0.8666666666666667,0.6,0.3333333333333333,1.0,0.6,0.375,0.0
2300,University of Luxembourg,https://www.uni.lu,M2,Western & Northern Europe,Switzerland/Austria,1,0,0,202,en-gb,False,2026-08-11T11:26:06+00:00,9.109,1,1,4,1,1,0,0,1,0,0,1,0,0,1,1,2026-08-10,1,1,1,1,1,1,1,1,1,0,1,0,1,1,1,1,1,1,1,1,1,1,1,1,0,0,0,0,0,1,1,1,5.04,1,1,0,0,1,0,100,1,1,0,1,0,0,47.9,1,1,0,1.0,3,3,0.141094198432429,0.6038647342995169,1,0.6931471805599453,1,13,0.85,0,0,0,0.8,0.6,0.6666666666666666,0.3333333333333333,0.8,0.75,0.25
2301,University of St. Gallen,https://www.unisg.ch,M2,Western & Northern Europe,Switzerland/Austria,1,0,0,200,en,False,2026-08-11T11:26:21+00:00,11.758,0,0,0,1,1,1,0,1,1,2,1,1,10,0,1,2026-08-11,1,1,1,1,14,1,1,1,1,1,1,0,1,1,1,1,1,1,0,1,1,1,1,1,1,1,0,1,0,1,1,1,21.0,1,0,0,0,0,0,100,1,0,1,1,1,1,44.0,1,0,0,0.0,3,3,0.7850120362631228,0.8115942028985508,0,0.0,0,13,0.0,0,0,0,0.8666666666666667,0.8,0.3333333333333333,1.0,0.6,0.875,0.0
2302,University of Lausanne,https://www.unil.ch,M2,Western & Northern Europe,Switzerland/Austria,1,0,1,200,en,True,2026-08-11T11:26:36+00:00,9.195,1,1,7,1,1,1,0,0,0,0,1,0,0,0,1,2026-11-12,1,1,1,1,8,1,1,0,0,0,1,0,1,1,1,1,1,1,1,1,1,1,1,1,1,0,0,1,1,1,1,1,21.0,1,1,0,0,0,0,90,1,0,1,1,1,1,100.0,1,1,0,0.0,3,2,0.1619990432997148,0.6183574879227053,0,0.0,0,12,1.0,0,0,0,0.8666666666666667,1.0,0.6666666666666666,1.0,1.0,0.5,0.0
2303,University of Fribourg,https://www.unifr.ch,M2,Western & Northern Europe,Switzerland/Austria,1,0,1,200,en,True,2026-08-11T11:26:47+00:00,6.955,1,1,1,0,1,1,0,1,1,0,0,1,5,1,1,2026-09-07,1,0,1,1,5,0,0,1,0,0,1,0,1,1,1,1,1,1,1,1,1,1,0,1,1,0,0,0,0,1,1,1,11.65,1,1,0,0,0,0,75,1,0,1,0,1,1,25.0,1,0,0,0.0,3,3,-0.3824992416156323,0.4106280193236715,0,0.0,0,9,0.15,0,0,0,0.8,0.6,0.3333333333333333,0.6666666666666666,0.8,0.375,0.0
2304,Johannes Kepler University Linz,https://www.jku.at,M2,Western & Northern Europe,Switzerland/Austria,1,0,1,200,en-us,True,2026-08-11T11:26:57+00:00,5.107,1,1,9,1,1,0,0,0,1,1,1,1,6,1,1,2026-09-07,1,0,1,1,6,1,1,1,0,0,1,0,1,1,1,1,1,1,0,1,0,1,1,1,0,0,0,0,0,1,1,0,21.0,1,1,0,0,1,0,100,1,0,1,0,1,0,87.1,1,1,0,0.0,3,3,-0.8317103266707936,0.2077294685990338,0,0.0,0,13,1.0,0,0,0,0.6666666666666666,0.4,0.6666666666666666,0.3333333333333333,0.8,0.625,0.25
2305,University of Salzburg,https://www.plus.ac.at,M2,Western & Northern Europe,Switzerland/Austria,1,0,0,200,en-us,True,2026-08-11T11:27:19+00:00,9.551,1,1,4,1,1,1,0,0,1,1,1,1,5,1,1,2026-07-30,1,0,1,1,12,1,1,1,0,0,1,0,1,1,1,1,1,1,1,1,1,1,1,1,1,0,0,0,0,1,1,0,9.07,1,1,0,0,1,0,90,1,0,1,1,1,0,84.2,1,0,0,12.0,3,3,0.2485353778666181,0.6376811594202898,0,0.0,0,12,0.85,0,0,0,0.8666666666666667,0.4,0.3333333333333333,0.6666666666666666,1.0,0.625,0.25
2306,Medical University of Vienna,https://www.meduniwien.ac.at,M2,Western & Northern Europe,Switzerland/Austria,1,0,0,200,en,True,2026-08-11T11:27:42+00:00,13.482,0,1,20,1,1,0,0,0,0,1,0,1,4,0,0,,1,0,1,1,7,1,0,0,0,1,1,0,1,1,1,1,1,1,0,1,1,1,0,1,0,0,0,0,0,1,1,1,18.62,1,0,0,0,0,0,75,1,0,1,1,1,0,0.0,1,0,0,3650.0,0,2,1.204081251974756,0.8985507246376812,0,0.0,0,9,0.45,1,0,0,0.6666666666666666,0.6,0.3333333333333333,0.6666666666666666,0.6,0.5,0.0
2307,Hasselt University,https://www.uhasselt.be,M2,Western & Northern Europe,Belgium/Ireland/Iceland,1,0,0,200,en,True,2026-08-11T11:27:56+00:00,6.843,1,1,5,1,1,0,0,1,0,0,0,1,8,0,0,,0,0,1,0,1,1,0,0,1,0,1,0,1,1,1,1,1,1,0,1,1,1,1,1,1,0,1,0,0,1,1,0,21.0,1,0,0,0,0,1,90,1,0,0,1,1,1,97.3,1,0,0,3650.0,0,1,-0.4097241558613997,0.3864734299516908,0,0.0,0,12,1.0,1,0,0,0.8666666666666667,0.4,0.3333333333333333,1.0,0.8,0.375,0.25
2308,University of Namur,https://www.unamur.be,M2,Western & Northern Europe,Belgium/Ireland/Iceland,1,0,1,200,en,True,2026-08-11T11:28:34+00:00,11.975,1,1,6,1,1,1,0,0,0,0,0,1,10,0,1,2026-09-18,1,1,0,1,9,1,1,1,0,1,1,0,1,1,1,1,1,1,0,1,1,1,1,1,1,0,0,0,0,0,1,1,10.35,1,0,1,0,0,0,100,1,0,0,1,1,0,100.0,1,0,0,0.0,3,3,0.8377603076142972,0.8357487922705314,0,0.0,0,13,1.0,0,0,0,0.8,0.4,0.3333333333333333,0.6666666666666666,1.0,0.75,0.25
2309,Maynooth University,https://www.maynoothuniversity.ie,M2,Western & Northern Europe,Belgium/Ireland/Iceland,1,0,1,200,en,False,2026-08-11T11:28:41+00:00,4.33,1,1,20,1,0,0,0,1,0,0,1,1,10,1,1,2026-09-08,1,0,1,1,7,1,1,1,1,0,1,0,1,1,1,1,1,1,1,1,1,1,1,1,1,1,1,1,1,1,1,1,12.63,1,1,0,0,1,1,75,1,0,1,1,1,1,72.7,1,1,0,0.0,3,3,-1.0205831692508047,0.1256038647342995,0,0.0,0,9,0.45,0,0,0,1.0,1.0,0.6666666666666666,1.0,0.6,0.75,0.5
2310,Technological University Dublin,https://www.tudublin.ie,M2,Western & Northern Europe,Belgium/Ireland/Iceland,1,0,0,200,en,False,2026-08-11T11:28:49+00:00,5.454,1,0,0,1,1,0,0,0,0,0,1,1,10,1,1,2026-08-10,1,1,1,1,0,1,0,0,0,0,1,0,1,1,1,1,1,1,1,1,1,1,1,1,0,0,0,0,1,1,1,0,15.91,1,0,1,0,0,0,90,1,0,1,1,1,1,96.8,1,1,0,1.0,3,1,-0.747361708427211,0.251207729468599,0,0.0,0,12,0.0,0,0,0,0.8,0.6,0.6666666666666666,1.0,0.6,0.375,0.25
2311,Munster Technological University,https://www.mtu.ie,M2,Western & Northern Europe,Belgium/Ireland/Iceland,1,0,1,200,en,False,2026-08-11T11:28:57+00:00,6.089,0,1,4,1,0,0,0,0,0,0,1,0,0,0,1,2026-10-09,1,0,1,1,3,1,1,0,0,0,1,0,1,1,0,1,1,1,1,1,1,1,1,1,1,0,1,1,0,1,1,1,15.43,1,1,0,0,1,0,75,1,0,1,0,1,1,97.0,1,1,0,0.0,3,2,-0.593006167837369,0.3429951690821256,0,0.0,0,9,0.85,0,0,0,0.8666666666666667,0.8,0.6666666666666666,0.6666666666666666,0.4,0.5,0.25
3001,Sapienza University of Rome,https://www.uniroma1.it,M3,Eastern & Southern Europe,Italy,0,1,0,200,it,False,2026-08-11T10:25:35+00:00,3.77,1,1,6,1,1,0,1,1,0,0,1,0,0,0,1,2026-08-08,1,0,0,0,2,1,1,1,0,0,1,0,1,0,0,0,1,1,1,0,0,0,0,0,1,0,0,1,0,1,1,1,21.0,1,1,0,0,0,0,90,1,0,1,1,0,1,100.0,1,0,0,3.0,3,1,-1.4724807875684456,0.0199004975124378,0,0.0,0,12,1.0,0,0,0,0.3333333333333333,0.8,0.3333333333333333,0.6666666666666666,0.8,0.5,0.0
3003,University of Bologna,https://www.unibo.it,M3,Eastern & Southern Europe,Italy,0,1,0,200,en,True,2026-08-11T10:26:00+00:00,7.815,1,1,2,1,1,0,0,0,1,0,1,1,2,1,0,,1,0,1,1,1,1,1,0,1,1,1,0,1,1,0,0,1,1,1,1,1,1,1,1,1,1,0,1,0,1,1,1,12.63,1,1,1,0,0,0,100,1,0,1,0,0,0,54.2,1,1,0,3650.0,1,2,-0.7460661051166384,0.2189054726368159,0,0.0,0,13,0.35,1,0,0,0.8,0.8,0.6666666666666666,0.0,0.8,0.75,0.25
3004,University of Padua,https://www.unipd.it,M3,Eastern & Southern Europe,Italy,0,1,0,200,it,False,2026-08-11T10:26:06+00:00,2.65,1,1,6,1,1,0,0,0,0,0,0,1,3,0,0,,1,0,1,0,20,1,1,1,0,1,1,0,1,0,0,0,1,0,0,0,0,0,0,0,0,0,0,1,0,1,1,1,21.0,1,1,1,0,0,0,90,1,0,1,1,1,1,76.9,1,0,0,3650.0,0,1,-1.6736141483462017,0.0049751243781094,0,0.0,0,12,1.0,1,0,0,0.1333333333333333,0.8,0.3333333333333333,1.0,0.8,0.625,0.25
3005,Polytechnic University of Milan,https://www.polimi.it,M3,Eastern & Southern Europe,Italy,0,1,1,200,en-us,True,2026-08-11T10:26:29+00:00,13.977,1,1,8,0,1,0,0,1,0,0,1,1,10,1,1,2026-10-16,1,1,1,1,12,1,1,1,1,1,1,0,1,1,1,1,1,1,1,1,1,1,1,1,1,0,1,1,0,0,1,1,13.93,1,1,0,0,1,0,100,1,0,1,1,1,0,8.3,1,1,0,0.0,3,3,0.3605265458766953,0.7412935323383084,0,0.0,0,13,1.0,0,0,0,0.9333333333333332,0.6,0.6666666666666666,0.6666666666666666,0.6,0.875,0.25
3006,University of Naples Federico II,https://www.unina.it,M3,Eastern & Southern Europe,Italy,0,1,1,200,it-it,True,2026-08-11T10:26:58+00:00,15.087,1,1,1,0,1,1,0,0,0,0,0,1,3,0,1,2026-11-09,1,1,0,0,20,1,1,1,0,1,1,0,1,0,0,0,0,0,0,0,0,0,1,1,0,0,0,1,0,1,1,1,21.0,1,1,0,0,0,0,100,1,0,1,1,1,0,100.0,1,0,0,0.0,3,1,0.5598640730760787,0.8109452736318408,0,0.0,0,13,0.15,0,0,0,0.2,0.8,0.3333333333333333,0.6666666666666666,0.8,0.625,0.0
3008,University of Pisa,https://www.unipi.it,M3,Eastern & Southern Europe,Italy,0,1,0,200,en-us,True,2026-08-11T10:27:30+00:00,13.555,1,1,5,1,0,1,0,1,0,0,1,0,0,1,0,,1,0,1,1,0,0,0,0,1,0,1,0,1,1,1,1,1,1,1,1,0,1,0,1,0,0,0,0,0,0,1,0,15.43,1,0,0,0,1,0,90,1,1,1,0,1,0,40.0,1,0,0,3650.0,1,1,0.2847423688693621,0.7014925373134329,1,0.6931471805599453,1,12,1.0,1,0,0,0.6666666666666666,0.2,0.3333333333333333,0.3333333333333333,0.8,0.375,0.25
3010,Polytechnic University of Turin,https://www.polito.it,M3,Eastern & Southern Europe,Italy,0,1,1,200,en,True,2026-08-11T10:28:05+00:00,11.03,1,1,1,1,1,0,1,1,0,0,1,0,1,1,1,2027-09-30,1,0,1,1,1,1,1,0,1,0,1,0,1,1,1,1,1,1,1,1,1,1,0,1,1,0,0,1,0,0,1,1,14.95,1,1,0,0,0,0,90,1,0,1,1,1,0,100.0,1,0,0,0.0,3,2,-0.1687056096697758,0.4378109452736318,0,0.0,0,12,0.15,0,0,0,0.8,0.6,0.3333333333333333,0.6666666666666666,0.8,0.625,0.0
3013,University of Genoa,https://www.unige.it,M3,Eastern & Southern Europe,Italy,0,1,1,200,en,True,2026-08-11T10:28:26+00:00,4.718,1,1,7,1,1,0,0,1,0,0,1,1,10,1,1,2026-10-02,1,0,1,1,5,1,1,1,0,0,1,0,1,1,1,1,1,1,1,1,1,1,0,1,1,0,0,0,0,1,1,0,12.63,1,1,0,0,0,0,90,1,0,1,0,1,0,70.0,1,0,0,0.0,3,3,-1.3022357643387017,0.0646766169154228,0,0.0,0,12,1.0,0,0,0,0.8,0.4,0.3333333333333333,0.3333333333333333,0.8,0.625,0.0
3017,University of Catania,https://www.unict.it,M3,Eastern & Southern Europe,Italy,0,1,0,200,en,True,2026-08-11T10:29:12+00:00,7.007,1,1,2,1,1,0,0,0,0,0,0,0,0,1,1,2025-10-31,1,0,1,0,0,1,1,0,0,0,1,0,1,0,0,1,1,1,1,1,0,1,0,1,1,0,0,1,1,0,1,1,17.57,1,1,0,0,0,0,75,1,0,1,1,1,0,85.7,1,0,0,284.0,2,0,-0.8911694582491626,0.1890547263681592,0,0.0,0,9,0.35,0,0,0,0.6,0.8,0.3333333333333333,0.6666666666666666,0.8,0.375,0.0
3018,University of Palermo,https://www.unipa.it,M3,Eastern & Southern Europe,Italy,0,1,0,200,en,True,2026-08-11T10:29:36+00:00,11.668,1,1,3,0,0,1,0,1,1,1,0,0,0,0,0,,1,0,1,1,0,0,0,0,0,0,1,1,0,1,0,1,1,1,1,0,0,0,1,1,1,1,0,1,0,0,1,1,12.63,1,1,1,0,0,0,75,1,0,1,1,1,0,100.0,1,0,0,3650.0,0,1,-0.0541314273695897,0.5124378109452736,0,0.0,0,9,0.6,1,0,0,0.6,0.6,0.3333333333333333,0.6666666666666666,0.6,0.375,0.25
3019,University of Perugia,https://www.unipg.it,M3,Eastern & Southern Europe,Italy,0,1,0,200,en,True,2026-08-11T10:29:52+00:00,10.474,1,1,1,0,1,0,0,0,1,1,1,0,0,0,1,,0,1,1,0,1,0,0,1,0,0,1,0,1,1,1,1,0,1,1,1,0,0,0,1,0,0,1,1,0,1,1,1,15.43,1,1,0,0,0,0,100,1,0,1,0,1,0,100.0,1,0,0,3650.0,1,1,-0.2685539566273047,0.3980099502487562,0,0.0,0,13,0.15,1,0,0,0.6,0.8,0.3333333333333333,0.3333333333333333,0.6,0.25,0.0
3020,Vita-Salute San Raffaele University,https://www.unisr.it,M3,Eastern & Southern Europe,Italy,0,1,0,200,en,True,2026-08-11T10:30:06+00:00,9.807,1,1,6,1,0,0,0,1,1,1,1,0,0,0,1,2026-07-14,1,0,1,1,0,1,1,0,0,0,1,0,1,1,1,1,1,1,1,1,1,1,1,1,1,0,1,1,0,1,1,1,12.63,1,1,1,0,0,0,100,1,0,1,1,1,1,53.1,1,1,0,28.0,3,1,-0.3883360563047719,0.36318407960199,0,0.0,0,13,1.0,0,0,0,0.9333333333333332,0.8,0.6666666666666666,1.0,0.6,0.5,0.25
3021,Bocconi University,https://www.unibocconi.it,M3,Eastern & Southern Europe,Italy,0,1,0,200,en,True,2026-08-11T10:30:26+00:00,9.698,1,1,2,1,1,0,0,1,0,0,0,0,1,1,0,,1,1,1,1,0,1,1,0,0,1,1,0,1,1,1,1,1,1,1,1,1,1,0,1,1,0,0,1,0,1,1,1,19.32,1,0,0,0,1,0,100,1,0,1,1,1,1,75.0,1,1,0,3650.0,1,1,-0.4079106423090357,0.3532338308457711,0,0.0,0,13,0.35,1,0,0,0.8,0.8,0.6666666666666666,1.0,0.8,0.625,0.25
3022,Ca' Foscari University of Venice,https://www.unive.it,M3,Eastern & Southern Europe,Italy,0,1,1,200,en-us,True,2026-08-11T10:30:47+00:00,11.997,1,1,6,1,0,0,0,0,1,0,0,1,10,1,1,2026-10-01,1,1,1,1,0,1,1,1,1,1,1,0,1,1,1,1,1,1,0,1,1,1,1,1,1,0,0,1,0,1,1,1,15.43,1,1,0,0,1,0,85,1,0,1,1,1,0,43.6,1,0,0,0.0,3,1,0.0049514973588762,0.5572139303482587,0,0.0,0,11,1.0,0,0,0,0.8,0.8,0.3333333333333333,0.6666666666666666,0.6,0.875,0.25
3023,University of Modena and Reggio Emilia,https://www.unimore.it,M3,Eastern & Southern Europe,Italy,0,1,1,200,en,True,2026-08-11T10:30:58+00:00,5.984,1,1,8,1,1,0,0,0,1,1,1,1,3,1,1,2026-10-19,1,0,1,0,0,1,1,0,1,0,1,0,1,1,1,1,1,1,0,1,0,0,1,0,1,0,0,1,1,1,1,1,1.3,1,1,0,0,0,0,75,1,0,1,0,1,0,87.9,1,1,0,0.0,3,0,-1.0748832333167024,0.1393034825870646,0,0.0,0,9,1.0,0,0,0,0.6,1.0,0.6666666666666666,0.3333333333333333,0.8,0.5,0.0
3024,University of Parma,https://www.unipr.it,M3,Eastern & Southern Europe,Italy,0,1,1,200,en,True,2026-08-11T10:31:07+00:00,3.725,1,1,4,1,1,0,0,0,0,0,0,1,10,1,1,2026-09-08,1,1,1,1,20,1,1,1,1,0,1,0,1,1,1,1,1,1,1,1,1,1,0,1,0,1,0,1,0,1,1,1,17.4,1,1,1,0,1,0,100,1,0,1,1,1,1,43.4,1,1,0,0.0,3,3,-1.4805620386711231,0.0149253731343283,0,0.0,0,13,0.85,0,0,0,0.8,0.8,0.6666666666666666,1.0,0.8,0.75,0.5
3027,University of Trieste,https://www.units.it,M3,Eastern & Southern Europe,Italy,0,1,1,200,en,True,2026-08-11T10:31:42+00:00,13.434,1,1,7,1,1,0,0,0,0,0,0,1,6,1,1,2026-09-09,1,1,1,1,4,1,1,1,1,1,1,0,1,1,1,1,1,1,1,1,1,1,1,1,1,0,0,1,0,0,1,1,1.3,1,1,0,0,0,0,100,1,0,1,1,1,0,96.4,1,1,0,0.0,3,3,0.2630127825710508,0.681592039800995,0,0.0,0,13,1.0,0,0,0,0.8666666666666667,0.6,0.6666666666666666,0.6666666666666666,0.8,0.875,0.0
3028,University of Salerno,https://www.unisa.it,M3,Eastern & Southern Europe,Italy,0,1,0,200,en,True,2026-08-11T10:32:11+00:00,14.83,1,1,20,1,1,1,0,0,1,0,0,0,0,0,0,,1,0,0,0,2,1,1,0,0,0,1,0,1,1,0,0,1,1,0,0,0,0,1,1,1,0,0,1,1,0,1,1,1.01,1,1,0,0,0,0,75,1,0,1,0,1,0,100.0,1,1,0,3650.0,0,1,0.5137111501118972,0.8009950248756219,0,0.0,0,9,0.45,1,0,0,0.4666666666666667,0.8,0.6666666666666666,0.3333333333333333,1.0,0.375,0.0
3029,Roma Tre University,https://www.uniroma3.it,M3,Eastern & Southern Europe,Italy,0,1,1,200,en-us,True,2026-08-11T10:32:22+00:00,6.034,1,1,10,1,1,0,0,0,1,0,0,0,0,1,1,2026-09-15,1,1,1,1,0,0,0,0,0,0,1,0,1,1,1,1,1,1,1,1,1,1,0,1,1,0,0,1,0,1,1,0,21.0,1,1,0,0,0,0,75,1,0,1,0,1,0,60.0,1,1,0,0.0,3,1,-1.0659040654248382,0.1442786069651741,0,0.0,0,9,0.9266666666666666,0,0,0,0.8,0.6,0.6666666666666666,0.3333333333333333,0.8,0.25,0.0
3030,University of Calabria,https://www.unical.it,M3,Eastern & Southern Europe,Italy,0,1,0,200,it,False,2026-08-11T10:32:29+00:00,3.938,1,1,7,1,0,0,0,0,0,0,1,0,0,0,1,2026-08-11,0,0,1,0,0,1,1,1,1,0,1,0,1,0,0,1,1,1,0,0,0,1,0,1,1,0,0,1,0,1,1,1,17.4,1,0,0,0,0,0,100,1,7,1,1,1,0,100.0,1,0,0,0.0,3,0,-1.442310783451782,0.0298507462686567,7,2.079441541679836,1,13,1.0,0,0,0,0.4666666666666667,0.8,0.3333333333333333,0.6666666666666666,0.6,0.625,0.0
3032,University of Ferrara,https://www.unife.it,M3,Eastern & Southern Europe,Italy,0,1,0,200,en,True,2026-08-11T10:33:02+00:00,8.61,1,1,5,1,0,1,0,0,0,0,0,0,0,0,1,2025-09-02,1,0,1,0,0,0,0,0,1,0,1,0,0,1,0,0,0,1,0,1,0,0,0,1,0,0,0,0,0,1,1,0,16.88,1,1,0,0,0,0,75,1,1,1,0,1,1,50.0,1,1,0,343.0,2,0,-0.6032973356359991,0.2736318407960199,1,0.6931471805599453,1,9,1.0,0,0,0,0.2666666666666666,0.4,0.6666666666666666,0.6666666666666666,0.8,0.25,0.0
3033,University of Cagliari,https://www.unica.it,M3,Eastern & Southern Europe,Italy,0,1,1,200,en,True,2026-08-11T10:33:24+00:00,16.49,1,1,4,0,1,0,0,0,0,0,0,1,5,0,1,2026-08-28,1,0,1,0,5,1,1,0,0,0,1,0,1,0,0,1,1,0,0,0,1,1,1,0,0,0,0,1,0,0,1,1,1.3,1,1,0,0,0,0,75,1,0,1,0,1,0,100.0,1,0,0,0.0,3,1,0.8118195241217855,0.8407960199004975,0,0.0,0,9,0.85,0,0,0,0.4,0.6,0.3333333333333333,0.3333333333333333,0.6,0.375,0.0
3034,University of Messina,https://www.unime.it,M3,Eastern & Southern Europe,Italy,0,1,1,200,en,True,2026-08-11T10:33:40+00:00,5.656,1,1,6,1,0,0,0,1,1,1,0,0,0,0,1,2026-08-21,1,1,1,0,0,1,1,0,0,1,1,0,1,1,1,0,1,1,1,0,0,0,1,1,1,0,0,1,1,0,1,1,15.43,1,1,0,0,0,0,100,1,0,1,0,1,0,100.0,1,0,0,0.0,3,0,-1.133786574687331,0.1293532338308457,0,0.0,0,13,1.0,0,0,0,0.6,0.8,0.3333333333333333,0.3333333333333333,0.6,0.5,0.0
3035,University of Sassari,https://www.uniss.it,M3,Eastern & Southern Europe,Italy,0,1,0,200,en,True,2026-08-11T10:34:28+00:00,24.55,1,1,5,1,1,0,0,0,1,0,0,0,0,0,0,,1,0,1,0,0,1,1,1,1,0,1,0,1,0,0,0,1,1,0,0,0,1,0,1,0,0,0,1,1,0,1,1,12.63,1,1,1,0,0,0,75,1,0,1,1,1,0,100.0,1,1,0,3650.0,0,0,2.259261388290281,0.965174129353234,0,0.0,0,9,1.0,1,0,0,0.3333333333333333,0.8,0.6666666666666666,0.6666666666666666,0.8,0.625,0.25
3036,Marche Polytechnic University,https://www.univpm.it,M3,Eastern & Southern Europe,Italy,0,1,1,200,en,True,2026-08-11T10:34:51+00:00,11.685,1,1,1,1,1,0,0,0,0,0,0,1,6,1,1,2026-11-17,1,0,1,1,2,0,0,0,0,0,1,0,1,1,1,1,1,1,1,1,0,1,1,1,0,0,0,1,1,0,1,1,16.39,1,1,0,0,0,0,75,1,0,1,0,1,0,92.3,1,0,0,0.0,3,2,-0.0510785102863557,0.5174129353233831,0,0.0,0,9,0.15,0,0,0,0.7333333333333333,0.8,0.3333333333333333,0.3333333333333333,0.8,0.25,0.0
3037,Scuola Normale Superiore di Pisa,https://www.sns.it,M3,Eastern & Southern Europe,Italy,0,1,1,200,en,True,2026-08-11T10:35:03+00:00,5.221,1,1,4,1,1,0,0,0,0,0,1,0,0,0,1,2026-12-09,1,0,1,1,9,0,0,0,1,0,1,0,1,1,1,1,1,1,1,1,0,1,1,1,1,0,1,0,1,1,1,0,14.0,1,1,0,0,0,0,75,1,0,0,0,1,0,100.0,1,1,0,0.0,3,2,-1.2119053353465488,0.099502487562189,0,0.0,0,9,0.85,0,0,0,0.8666666666666667,0.6,0.6666666666666666,0.3333333333333333,0.8,0.375,0.0
3038,Sant'Anna School of Advanced Studies,https://www.santannapisa.it,M3,Eastern & Southern Europe,Italy,0,1,1,200,en,True,2026-08-11T10:35:20+00:00,11.999,1,1,5,1,1,0,0,0,0,0,1,1,10,1,1,2026-09-26,1,0,1,0,4,1,1,1,1,0,1,0,1,1,1,1,1,1,0,1,1,1,0,0,1,0,0,1,0,1,1,1,16.14,1,1,0,0,0,0,75,1,2,1,0,1,1,100.0,1,0,0,0.0,3,1,0.0053106640745509,0.5621890547263682,2,1.0986122886681098,1,9,1.0,0,0,0,0.6666666666666666,0.8,0.3333333333333333,0.6666666666666666,0.8,0.625,0.0
3039,University of Udine,https://www.uniud.it,M3,Eastern & Southern Europe,Italy,0,1,0,200,en,True,2026-08-11T10:36:07+00:00,13.453,1,1,6,1,1,1,0,1,0,0,0,0,0,0,0,,0,0,0,0,0,0,1,0,0,0,1,0,0,0,0,1,1,1,1,0,0,0,0,0,0,0,0,0,0,0,1,0,15.43,1,1,0,0,0,0,90,1,0,1,1,0,1,100.0,1,0,0,3650.0,0,0,0.2664248663699592,0.6915422885572139,0,0.0,0,12,1.0,1,0,0,0.2666666666666666,0.2,0.3333333333333333,0.6666666666666666,1.0,0.25,0.0
3042,Autonomous University of Madrid,https://www.uam.es,M3,Eastern & Southern Europe,Spain,0,1,0,200,en,True,2026-08-11T10:36:53+00:00,14.807,1,1,9,1,1,1,0,1,0,0,1,1,3,0,1,2026-05-18,1,0,1,0,0,1,1,1,0,1,1,0,0,1,1,1,1,1,0,1,0,1,0,1,0,0,0,0,0,0,1,1,15.43,1,1,0,0,0,0,100,1,0,0,1,1,0,96.0,1,1,0,85.0,3,0,0.5095807328816396,0.7960199004975125,0,0.0,0,13,1.0,0,0,0,0.5333333333333333,0.4,0.6666666666666666,0.6666666666666666,1.0,0.625,0.0
3043,Autonomous University of Barcelona,https://www.uab.cat,M3,Eastern & Southern Europe,Spain,0,1,0,200,en,True,2026-08-11T10:37:15+00:00,11.873,1,1,5,1,0,0,1,1,0,0,1,1,8,1,0,,1,0,1,0,0,0,0,0,1,0,1,0,1,1,1,1,1,1,1,1,0,1,1,1,1,0,0,1,1,0,1,1,18.73,1,0,0,0,1,0,75,1,0,1,1,1,0,100.0,1,1,0,3650.0,1,0,-0.0173168390129468,0.5398009950248757,0,0.0,0,9,1.0,1,0,0,0.8,0.8,0.6666666666666666,0.6666666666666666,0.6,0.25,0.25
3045,University of Valencia,https://www.uv.es,M3,Eastern & Southern Europe,Spain,0,1,0,200,ca_es,True,2026-08-11T10:38:07+00:00,13.128,1,0,0,0,0,0,0,0,0,0,0,0,0,0,0,,0,0,0,0,0,0,0,0,0,0,0,0,0,0,0,0,0,0,0,0,0,0,0,0,0,0,0,0,0,1,0,0,21.0,0,0,0,0,0,0,0,1,0,0,0,0,0,25.0,0,0,0,3650.0,0,0,0.2080602750728426,0.6616915422885572,0,0.0,0,1,0.0,1,0,0,0.0,0.2,0.0,0.0,0.2,0.0,0.0
3046,Polytechnic University of Catalonia,https://www.upc.edu,M3,Eastern & Southern Europe,Spain,0,1,0,200,en,True,2026-08-11T10:38:27+00:00,11.48,1,1,2,1,1,0,0,1,1,0,1,0,0,0,0,,1,1,1,0,0,1,1,0,0,1,1,0,1,1,1,1,1,1,1,0,1,1,1,1,0,0,0,1,1,1,1,1,18.76,1,1,0,0,0,0,90,1,0,1,0,1,0,59.0,1,1,0,3650.0,0,0,-0.0878930986429986,0.4776119402985074,0,0.0,0,12,0.35,1,0,0,0.7333333333333333,1.0,0.6666666666666666,0.3333333333333333,0.8,0.5,0.0
3048,University of Navarra,https://www.unav.edu,M3,Eastern & Southern Europe,Spain,0,1,1,200,en,True,2026-08-11T10:38:58+00:00,8.966,1,1,3,1,1,0,0,1,1,1,1,0,0,1,1,2026-11-06,1,1,1,1,4,1,1,0,0,1,1,0,1,1,1,1,1,1,1,1,1,1,1,0,0,0,0,1,0,1,1,1,21.0,1,1,0,1,0,0,100,1,0,1,1,1,1,30.4,1,1,0,0.0,3,2,-0.5393656602459266,0.3134328358208955,0,0.0,0,13,0.6,0,0,0,0.7333333333333333,0.8,0.6666666666666666,1.0,0.8,0.625,0.25
3049,University of Granada,https://www.ugr.es,M3,Eastern & Southern Europe,Spain,0,1,0,200,en,True,2026-08-11T10:39:18+00:00,14.722,1,1,6,1,0,1,0,1,0,0,0,0,0,0,0,,1,0,0,1,1,1,1,0,0,0,1,0,1,1,1,1,1,1,0,0,1,0,0,1,0,0,0,0,1,1,1,1,6.04,1,1,0,0,0,0,100,1,0,1,1,1,0,100.0,1,1,0,3650.0,0,2,0.4943161474654705,0.7910447761194029,0,0.0,0,13,1.0,1,0,0,0.5333333333333333,0.8,0.6666666666666666,0.6666666666666666,0.8,0.5,0.0
3050,Polytechnic University of Madrid,https://www.upm.es,M3,Eastern & Southern Europe,Spain,0,1,0,200,es,True,2026-08-11T10:39:37+00:00,9.952,1,1,3,0,0,0,1,1,0,0,0,0,0,0,0,,1,0,1,1,0,0,0,0,0,0,1,0,1,0,0,1,1,1,0,0,0,0,1,0,0,0,0,0,0,1,1,1,21.0,1,1,0,0,0,0,75,1,0,1,0,1,0,95.5,1,1,0,3650.0,0,1,-0.3622964694183661,0.3681592039800995,0,0.0,0,9,0.6,1,0,0,0.3333333333333333,0.6,0.6666666666666666,0.3333333333333333,0.4,0.25,0.0
3051,University of the Basque Country,https://www.ehu.eus,M3,Eastern & Southern Europe,Spain,0,1,0,200,en-gb,True,2026-08-11T10:40:01+00:00,14.217,1,1,1,1,1,1,0,0,0,0,0,1,7,0,0,,1,0,0,1,0,1,1,1,0,0,1,0,1,1,0,1,1,1,1,0,0,0,1,1,1,0,0,0,1,0,1,0,19.95,1,1,0,0,1,0,75,1,0,1,0,1,0,84.6,1,1,0,3650.0,0,1,0.4036265517576431,0.7611940298507462,0,0.0,0,9,0.15,1,0,0,0.6,0.4,0.6666666666666666,0.3333333333333333,1.0,0.625,0.25
3052,Charles III University of Madrid,https://www.uc3m.es,M3,Eastern & Southern Europe,Spain,0,1,1,200,en,False,2026-08-11T10:40:15+00:00,11.229,1,1,5,1,0,0,0,1,1,1,1,1,5,0,1,2026-09-21,1,0,1,1,4,1,1,1,0,1,1,0,1,1,0,1,1,1,1,0,0,1,1,1,1,0,1,0,0,1,1,1,11.37,1,1,0,0,0,0,100,1,0,1,1,1,0,98.3,1,1,0,0.0,3,3,-0.1329685214601567,0.4477611940298507,0,0.0,0,13,1.0,0,0,0,0.7333333333333333,0.6,0.6666666666666666,0.6666666666666666,0.6,0.75,0.0
3053,University of Santiago de Compostela,https://www.usc.gal,M3,Eastern & Southern Europe,Spain,0,1,1,200,en,True,2026-08-11T10:40:24+00:00,3.989,1,1,10,1,1,0,0,0,0,0,0,0,0,0,1,2026-09-03,0,1,1,0,17,1,1,1,0,0,1,0,1,0,1,1,1,1,1,0,0,1,0,1,1,0,0,0,0,0,1,1,18.73,1,1,0,0,0,0,75,1,0,1,0,1,0,100.0,1,1,0,0.0,3,1,-1.4331520322020803,0.0398009950248756,0,0.0,0,9,0.9266666666666666,0,0,0,0.6,0.4,0.6666666666666666,0.3333333333333333,0.8,0.5,0.0
3054,University of Zaragoza,https://www.unizar.es,M3,Eastern & Southern Europe,Spain,0,1,0,200,en,True,2026-08-11T10:41:03+00:00,22.699,1,1,1,0,1,0,0,1,1,1,1,1,7,1,1,2026-07-31,1,1,1,0,8,1,0,1,1,1,1,0,1,1,1,1,1,1,1,1,1,1,1,1,0,0,0,1,0,0,1,0,12.02,1,1,1,0,0,0,75,1,0,1,0,1,0,80.9,1,1,0,11.0,3,1,1.926852592933472,0.9552238805970148,0,0.0,0,9,0.15,0,0,0,0.8,0.4,0.6666666666666666,0.3333333333333333,0.6,0.625,0.25
3055,University of Salamanca,https://www.usal.es,M3,Eastern & Southern Europe,Spain,0,1,0,200,es,False,2026-08-11T10:41:40+00:00,33.724,1,1,4,0,0,0,0,0,0,0,0,0,0,0,1,2026-04-20,0,1,0,0,0,0,0,1,0,0,1,0,0,0,0,0,1,0,0,0,0,1,0,1,0,0,0,1,0,1,1,1,4.48,1,0,0,0,0,0,75,1,0,1,0,1,0,2.7,0,0,0,113.0,2,0,3.906759113089509,0.9950248756218906,0,0.0,0,9,0.85,0,0,0,0.2,0.8,0.0,0.3333333333333333,0.4,0.25,0.0
3057,Rovira i Virgili University,https://www.urv.cat,M3,Eastern & Southern Europe,Spain,0,1,1,200,en,False,2026-08-11T10:42:32+00:00,13.336,1,1,9,1,1,0,0,1,0,0,1,0,0,1,1,2026-08-12,1,1,1,1,0,0,0,1,1,0,1,0,1,1,1,1,1,1,1,0,1,1,1,1,1,0,0,0,0,1,1,1,8.86,1,1,0,0,0,0,75,1,0,1,1,1,0,22.2,1,1,0,0.0,3,1,0.2454136135029973,0.6666666666666666,0,0.0,0,9,1.0,0,0,0,0.8,0.6,0.6666666666666666,0.6666666666666666,0.8,0.5,0.0
3058,University of Malaga,https://www.uma.es,M3,Eastern & Southern Europe,Spain,0,1,0,200,es,False,2026-08-11T10:42:53+00:00,17.803,1,1,5,1,0,0,0,0,0,0,0,1,6,0,0,,1,1,0,0,6,1,1,0,0,1,1,0,0,1,0,0,0,0,0,0,0,1,0,1,0,0,0,1,0,0,1,1,12.63,1,0,0,0,0,0,75,1,0,0,0,1,0,35.9,1,0,0,3650.0,0,1,1.0476124729621377,0.8805970149253731,0,0.0,0,9,1.0,1,0,0,0.2,0.6,0.3333333333333333,0.3333333333333333,0.6,0.5,0.0
3059,University of Alicante,https://www.ua.es,M3,Eastern & Southern Europe,Spain,0,1,0,200,en,True,2026-08-11T10:43:18+00:00,20.441,1,1,1,1,1,0,0,0,0,0,1,1,2,1,1,2026-07-31,1,0,1,1,4,1,1,1,0,0,0,0,1,1,1,1,1,1,1,1,0,1,0,1,1,0,0,1,1,1,1,1,15.43,0,1,1,0,1,0,75,1,0,1,1,1,0,78.6,1,1,0,11.0,3,3,1.521353370936888,0.9402985074626866,0,0.0,0,9,0.15,0,0,0,0.7333333333333333,1.0,0.6666666666666666,0.6666666666666666,0.8,0.5,0.5
3060,Polytechnic University of Valencia,https://www.upv.es,M3,Eastern & Southern Europe,Spain,0,1,0,200,en-gb,True,2026-08-11T10:43:39+00:00,11.789,1,1,5,0,1,0,0,1,0,0,1,1,2,1,0,,1,1,1,1,0,1,1,0,1,1,1,0,1,1,1,0,1,1,1,1,1,1,1,1,0,0,0,1,1,1,1,1,18.88,1,1,0,0,1,0,75,1,0,0,1,1,0,69.2,1,1,0,3650.0,1,1,-0.0324018410712785,0.527363184079602,0,0.0,0,9,1.0,1,0,0,0.7333333333333333,1.0,0.6666666666666666,0.6666666666666666,0.6,0.75,0.25
3061,University of Murcia,https://www.um.es,M3,Eastern & Southern Europe,Spain,0,1,0,200,es-es,True,2026-08-11T10:44:03+00:00,12.586,1,1,1,0,1,0,0,0,1,1,0,1,5,0,1,2026-07-14,0,0,0,0,12,1,0,1,0,0,1,0,1,1,0,0,0,0,0,0,0,1,0,1,1,0,0,0,0,0,0,0,15.18,1,1,0,0,0,0,100,1,0,1,1,1,0,81.4,1,0,0,28.0,3,1,0.1107260951250356,0.6119402985074627,0,0.0,0,13,0.15,0,0,0,0.3333333333333333,0.0,0.3333333333333333,0.6666666666666666,0.6,0.375,0.0
3062,University of Cordoba,https://www.uco.es,M3,Eastern & Southern Europe,Spain,0,1,0,200,en-gb,True,2026-08-11T10:44:26+00:00,10.465,1,1,7,1,1,0,0,0,0,0,0,1,2,1,1,2023-03-03,0,1,0,0,0,0,0,1,0,0,1,0,0,1,0,1,0,1,0,0,0,0,0,1,0,0,0,0,0,0,1,1,12.63,1,1,0,0,0,1,75,1,1,0,0,1,0,53.3,1,0,0,1257.0,2,0,-0.2701702068478402,0.3930348258706467,1,0.6931471805599453,1,9,1.0,0,0,0,0.2666666666666666,0.4,0.3333333333333333,0.3333333333333333,0.8,0.25,0.25
3063,University of Valladolid,https://www.uva.es,M3,Eastern & Southern Europe,Spain,0,1,0,200,en,True,2026-08-11T10:44:52+00:00,14.717,0,1,0,0,0,0,0,0,0,0,0,0,0,0,0,,0,0,1,0,0,0,0,0,0,1,1,0,0,1,0,0,1,1,0,0,0,0,0,1,0,0,0,0,0,0,0,0,15.43,1,0,0,0,0,0,75,1,6,1,0,1,0,100.0,1,0,0,3650.0,0,0,0.4934182306762842,0.7860696517412935,6,1.9459101490553128,1,9,0.0,1,0,0,0.2666666666666666,0.0,0.3333333333333333,0.3333333333333333,0.2,0.25,0.0
3064,University of Oviedo,https://www.uniovi.es,M3,Eastern & Southern Europe,Spain,0,1,0,200,en-us,True,2026-08-11T10:45:13+00:00,11.562,1,0,0,1,1,0,0,1,0,0,0,0,0,0,1,2026-08-05,1,1,0,0,0,1,1,1,0,1,1,0,1,1,1,1,1,1,0,0,0,0,0,1,1,0,0,0,0,1,1,0,21.0,1,1,0,0,0,0,75,1,0,0,1,1,0,100.0,1,0,0,6.0,3,0,-0.0731672633003416,0.4925373134328358,0,0.0,0,9,0.0,0,0,0,0.5333333333333333,0.4,0.3333333333333333,0.6666666666666666,0.6,0.625,0.0
3066,University of Cantabria,https://web.unican.es,M3,Eastern & Southern Europe,Spain,0,1,0,200,en-us,True,2026-08-11T10:46:18+00:00,10.501,1,1,5,1,1,0,0,0,0,0,1,0,0,0,0,,1,0,1,0,0,0,0,0,0,0,1,0,1,1,1,1,1,1,0,0,0,0,1,1,1,0,0,0,1,0,1,0,7.59,1,0,0,0,0,0,75,1,0,1,1,0,0,92.6,1,0,0,3650.0,0,0,-0.2637052059656982,0.4029850746268656,0,0.0,0,9,1.0,1,0,0,0.6,0.4,0.3333333333333333,0.3333333333333333,0.8,0.125,0.0
3067,University of Girona,https://www.udg.edu,M3,Eastern & Southern Europe,Spain,0,1,0,200,ca-es,True,2026-08-11T10:46:26+00:00,3.98,1,1,5,1,0,0,0,0,1,1,1,0,0,1,1,2026-08-01,1,1,1,1,5,1,1,1,1,0,1,0,1,1,1,1,1,1,1,1,0,1,1,1,1,0,0,1,0,0,1,1,15.24,1,1,0,0,0,0,75,1,0,1,1,0,0,36.4,1,1,0,10.0,3,3,-1.434768282422616,0.0348258706467661,0,0.0,0,9,1.0,0,0,0,0.8,0.6,0.6666666666666666,0.3333333333333333,0.6,0.75,0.0
3068,University of the Balearic Islands,https://www.uib.eu,M3,Eastern & Southern Europe,Spain,0,1,0,200,en,False,2026-08-11T10:46:41+00:00,12.848,0,1,0,1,1,0,0,1,0,0,1,0,0,1,0,,0,0,0,0,0,0,0,0,0,1,1,0,1,1,0,0,1,1,0,1,0,0,1,1,1,0,0,1,1,1,1,0,16.1,0,0,0,0,0,0,75,1,0,1,1,1,0,33.3,1,1,0,3650.0,1,0,0.1577769348784036,0.6318407960199005,0,0.0,0,9,0.0,1,0,0,0.5333333333333333,0.8,0.6666666666666666,0.6666666666666666,0.6,0.25,0.0
3070,Jaume I University,https://www.uji.es,M3,Eastern & Southern Europe,Spain,0,1,1,200,en,True,2026-08-11T10:47:09+00:00,11.917,1,0,0,1,1,0,0,1,0,0,1,1,7,1,1,2026-09-25,1,1,1,1,0,1,1,0,0,1,1,0,0,1,0,1,1,1,0,1,0,1,1,1,1,0,0,1,0,0,1,1,19.8,1,1,0,0,0,0,75,1,0,1,0,1,1,100.0,1,1,0,0.0,3,1,-0.0094151712681063,0.5472636815920398,0,0.0,0,9,0.0,0,0,0,0.6,0.6,0.6666666666666666,0.6666666666666666,0.6,0.625,0.0
3071,University of Vigo,https://www.uvigo.gal,M3,Eastern & Southern Europe,Spain,0,1,1,200,en,True,2026-08-11T10:47:29+00:00,11.593,1,1,3,1,1,0,1,1,1,1,1,1,10,1,1,2026-09-01,1,1,1,1,8,1,1,1,1,0,1,0,1,1,1,1,1,1,1,1,1,1,1,1,0,0,0,1,0,0,1,1,21.0,1,1,0,0,0,0,75,1,0,1,1,1,0,78.9,1,1,0,0.0,3,3,-0.0676001792073858,0.4975124378109453,0,0.0,0,9,0.6,0,0,0,0.8,0.6,0.6666666666666666,0.6666666666666666,0.8,0.75,0.0
3072,University of Extremadura,https://www.unex.es,M3,Eastern & Southern Europe,Spain,0,1,0,200,es,False,2026-08-11T10:47:36+00:00,4.842,1,1,5,1,0,0,0,0,0,0,0,1,6,0,1,2026-08-10,0,0,0,0,0,1,1,1,0,0,1,0,0,0,0,0,0,0,0,0,0,0,0,1,0,0,0,1,0,0,1,1,15.43,1,1,0,0,0,0,75,1,0,1,1,1,0,69.4,1,0,0,1.0,3,0,-1.279967427966879,0.0895522388059701,0,0.0,0,9,1.0,0,0,0,0.0666666666666666,0.6,0.3333333333333333,0.6666666666666666,0.6,0.5,0.0
3073,Rey Juan Carlos University,https://www.urjc.es,M3,Eastern & Southern Europe,Spain,0,1,0,200,es-es,False,2026-08-11T10:47:57+00:00,18.82,1,1,7,1,0,0,0,0,0,0,0,1,8,0,0,,0,1,0,0,4,0,0,1,0,0,1,0,0,0,0,0,0,1,0,0,0,1,0,1,1,0,0,0,0,1,1,1,1.82,1,1,0,0,0,0,75,1,0,0,1,1,0,85.1,1,0,0,3650.0,0,1,1.2302487478826536,0.8905472636815921,0,0.0,0,9,1.0,1,0,0,0.2666666666666666,0.6,0.3333333333333333,0.6666666666666666,0.6,0.25,0.0
3074,University of La Laguna,https://www.ull.es,M3,Eastern & Southern Europe,Spain,0,1,0,200,,True,2026-08-11T10:48:12+00:00,10.693,0,1,20,1,1,0,0,1,0,0,1,0,0,1,1,2026-08-07,1,1,1,1,18,0,0,0,0,0,1,0,1,1,1,1,1,1,1,1,1,1,0,1,1,0,0,0,0,0,1,0,10.86,1,0,0,0,0,0,100,1,0,1,0,1,1,0.0,0,1,0,4.0,3,2,-0.2292252012609399,0.417910447761194,0,0.0,0,13,0.45,0,0,0,0.8,0.2,0.3333333333333333,0.6666666666666666,0.6,0.25,0.0
3075,University of Almeria,https://www.ual.es,M3,Eastern & Southern Europe,Spain,0,1,0,200,en,True,2026-08-11T10:48:43+00:00,20.92,1,1,0,1,1,1,0,0,0,0,0,1,3,1,0,,1,1,1,1,1,1,1,0,0,1,1,0,1,1,1,1,1,1,1,1,1,0,0,1,0,0,1,1,0,0,0,1,12.82,1,1,0,0,0,0,90,1,0,1,0,0,0,77.4,1,1,0,3650.0,1,2,1.6073737993409467,0.945273631840796,0,0.0,0,12,0.0,1,0,0,0.7333333333333333,0.4,0.6666666666666666,0.0,1.0,0.625,0.0
3076,University of Warsaw,https://www.uw.edu.pl,M3,Eastern & Southern Europe,Poland,0,1,0,200,en-gb,True,2026-08-11T10:49:10+00:00,13.066,1,1,6,1,0,0,0,1,0,0,0,0,0,0,0,,1,1,1,0,0,0,0,0,0,0,1,0,1,1,1,1,1,1,1,1,0,0,0,1,0,1,0,0,1,1,1,0,11.24,1,1,0,0,0,0,75,1,1,1,0,1,0,27.3,1,1,0,3650.0,0,0,0.1969261068869312,0.6517412935323383,1,0.6931471805599453,1,9,1.0,1,0,0,0.6666666666666666,0.6,0.6666666666666666,0.3333333333333333,0.6,0.125,0.0
3077,Jagiellonian University,https://www.uj.edu.pl,M3,Eastern & Southern Europe,Poland,0,1,1,200,en,True,2026-08-11T10:49:42+00:00,16.203,1,1,0,0,1,0,0,1,1,1,1,1,10,0,1,2027-04-30,1,1,1,1,17,1,1,1,1,0,1,0,1,1,1,1,1,1,1,1,1,0,1,0,0,0,1,1,0,1,1,1,8.47,1,1,0,0,1,0,75,1,0,1,0,1,0,72.7,1,1,0,0.0,3,3,0.7602791004224856,0.8258706467661692,0,0.0,0,9,0.0,0,0,0,0.7333333333333333,0.8,0.6666666666666666,0.3333333333333333,0.6,0.75,0.25
3078,Warsaw University of Technology,https://www.pw.edu.pl,M3,Eastern & Southern Europe,Poland,0,1,0,200,pl,False,2026-08-11T10:50:04+00:00,19.836,1,1,5,1,0,0,0,0,1,1,0,1,4,0,0,,0,0,0,0,1,1,1,0,1,0,1,0,0,0,0,0,1,0,0,0,0,0,0,1,1,0,0,1,0,1,1,1,15.43,1,1,0,0,0,0,75,1,0,1,1,1,0,86.4,1,0,0,3650.0,0,1,1.4127054394453322,0.9253731343283582,0,0.0,0,9,1.0,1,0,0,0.2,0.8,0.3333333333333333,0.6666666666666666,0.6,0.5,0.0
3079,AGH University of Krakow,https://www.agh.edu.pl,M3,Eastern & Southern Europe,Poland,0,1,1,200,en,True,2026-08-11T10:50:15+00:00,4.613,1,1,1,1,0,0,0,1,0,0,0,1,7,0,1,2026-08-12,1,0,1,1,20,1,1,0,1,0,1,0,1,1,1,0,1,1,0,1,1,1,0,1,0,0,0,0,1,1,1,0,16.1,1,0,0,0,0,0,100,1,0,1,1,1,0,100.0,1,1,0,0.0,3,2,-1.3210920169116165,0.0597014925373134,0,0.0,0,13,0.15,0,0,0,0.6,0.6,0.6666666666666666,0.6666666666666666,0.6,0.625,0.0
3080,Adam Mickiewicz University,https://www.amu.edu.pl,M3,Eastern & Southern Europe,Poland,0,1,1,200,en,True,2026-08-11T10:50:29+00:00,5.352,1,1,7,1,1,0,0,1,0,0,1,0,1,0,1,2026-10-19,1,1,1,1,5,1,1,1,0,0,1,0,1,1,1,1,1,1,1,1,0,0,0,1,1,0,0,1,0,1,1,1,15.95,1,1,0,0,0,0,75,1,0,1,1,1,0,68.8,1,1,0,0.0,3,3,-1.1883799154698649,0.1044776119402985,0,0.0,0,9,1.0,0,0,0,0.6666666666666666,0.8,0.6666666666666666,0.6666666666666666,0.8,0.625,0.0
3081,University of Wroclaw,https://www.uwr.edu.pl,M3,Eastern & Southern Europe,Poland,0,1,0,200,en-us,True,2026-08-11T10:50:54+00:00,19.561,1,1,2,1,1,0,0,1,0,0,0,0,0,0,1,2026-07-19,1,0,1,0,0,1,0,0,1,0,1,0,1,1,1,1,1,1,1,1,0,1,1,1,1,0,0,1,1,0,1,1,21.0,1,1,0,0,0,0,90,1,6,1,0,1,0,75.0,1,1,0,23.0,3,0,1.3633200160400798,0.9203980099502488,6,1.9459101490553128,1,12,0.35,0,0,0,0.8,0.8,0.6666666666666666,0.3333333333333333,0.8,0.375,0.0
3082,Wroclaw University of Science and Technology,https://www.pwr.edu.pl,M3,Eastern & Southern Europe,Poland,0,1,0,200,en-gb,True,2026-08-11T10:51:16+00:00,12.163,1,1,8,1,1,0,0,1,0,0,0,0,1,0,1,2026-08-05,1,1,1,1,0,0,0,1,0,0,1,0,1,0,1,1,1,0,0,1,0,0,1,1,0,0,0,0,1,1,1,1,15.43,1,0,0,0,0,0,90,1,0,1,1,1,0,87.1,1,1,0,6.0,3,1,0.0347623347598651,0.5870646766169154,0,0.0,0,12,1.0,0,0,0,0.4666666666666667,0.8,0.6666666666666666,0.6666666666666666,0.8,0.375,0.0
3083,Gdansk University of Technology,https://www.pg.edu.pl,M3,Eastern & Southern Europe,Poland,0,1,0,200,en,True,2026-08-11T10:51:29+00:00,6.143,1,1,4,1,1,0,1,1,1,1,1,0,0,0,0,,1,1,1,0,0,1,1,0,0,0,1,0,1,1,1,1,1,1,1,1,1,1,1,1,1,0,0,0,0,0,1,1,10.73,1,1,0,0,1,0,100,1,1,0,0,1,1,67.4,1,1,0,3650.0,0,0,-1.0463294794205744,0.1492537313432835,1,0.6931471805599453,1,13,0.85,1,0,0,0.8666666666666667,0.4,0.6666666666666666,0.6666666666666666,0.8,0.375,0.25
3084,Nicolaus Copernicus University,https://www.umk.pl,M3,Eastern & Southern Europe,Poland,0,1,0,200,en,True,2026-08-11T10:51:46+00:00,12.999,1,1,11,0,0,0,0,1,1,1,1,1,6,0,1,2026-07-27,1,1,1,1,6,1,1,1,1,0,1,0,1,1,1,1,1,1,1,1,0,1,1,1,0,0,0,1,1,1,1,1,16.67,1,1,0,0,0,1,90,1,0,1,1,1,0,97.9,1,0,0,15.0,3,3,0.1848940219118332,0.6417910447761194,0,0.0,0,12,0.8533333333333334,0,0,0,0.7333333333333333,1.0,0.3333333333333333,0.6666666666666666,0.4,0.75,0.25
3085,University of Lodz,https://www.uni.lodz.pl,M3,Eastern & Southern Europe,Poland,0,1,0,200,en,True,2026-08-11T10:52:05+00:00,12.79,1,0,0,1,1,0,0,0,0,0,1,0,0,0,0,,1,1,1,1,0,1,1,0,1,1,1,0,1,1,1,1,1,1,1,1,0,0,1,1,0,0,1,0,1,0,1,1,19.34,1,0,0,0,0,0,75,1,4,1,0,0,0,100.0,1,1,0,3650.0,0,1,0.147361100123841,0.6268656716417911,4,1.6094379124341005,1,9,0.0,1,0,0,0.7333333333333333,0.6,0.6666666666666666,0.0,0.6,0.75,0.0
3086,University of Silesia in Katowice,https://www.us.edu.pl,M3,Eastern & Southern Europe,Poland,0,1,0,200,en-us,True,2026-08-11T10:52:37+00:00,19.195,1,0,0,1,1,0,0,1,0,0,1,0,0,1,1,2026-06-01,1,0,1,1,0,0,0,0,1,0,1,0,1,1,1,1,1,1,0,1,0,0,0,1,0,0,0,1,1,1,1,1,13.65,1,1,0,0,0,0,90,1,0,1,1,1,0,100.0,1,1,0,71.0,3,1,1.2975925070716343,0.900497512437811,0,0.0,0,12,0.0,0,0,0,0.5333333333333333,1.0,0.6666666666666666,0.6666666666666666,0.6,0.375,0.0
3087,Poznan University of Technology,https://www.put.poznan.pl,M3,Eastern & Southern Europe,Poland,0,1,0,200,en,True,2026-08-11T10:52:52+00:00,8.604,1,1,0,1,1,0,0,0,0,0,1,0,0,0,1,2026-06-23,1,1,1,1,1,1,1,0,1,1,1,0,1,0,1,1,1,1,1,1,1,1,1,1,1,0,0,1,0,0,1,1,1.51,1,1,0,0,1,0,75,1,0,0,0,1,1,72.0,1,0,0,49.0,3,2,-0.6043748357830228,0.2686567164179104,0,0.0,0,9,0.0,0,0,0,0.8,0.6,0.3333333333333333,0.6666666666666666,0.8,0.75,0.25
3088,Warsaw University of Life Sciences,https://www.sggw.edu.pl,M3,Eastern & Southern Europe,Poland,0,1,1,200,en-us,True,2026-08-11T10:53:18+00:00,16.79,1,1,10,1,1,0,0,1,1,1,0,1,9,0,1,2026-11-07,1,0,1,1,5,1,1,1,0,0,1,0,1,1,1,1,1,1,0,0,0,0,1,1,1,0,0,1,1,1,1,1,21.0,1,1,0,0,0,0,90,1,0,1,0,1,0,51.4,1,1,0,0.0,3,3,0.8656945314729703,0.8507462686567164,0,0.0,0,12,0.9266666666666666,0,0,0,0.6,1.0,0.6666666666666666,0.3333333333333333,0.8,0.625,0.0
3089,Medical University of Warsaw,https://www.wum.edu.pl,M3,Eastern & Southern Europe,Poland,0,1,0,200,en,True,2026-08-11T10:53:45+00:00,13.127,1,1,6,1,1,0,0,0,1,2,0,1,10,0,0,,1,1,1,1,0,1,1,1,1,0,1,0,1,1,0,1,1,1,0,1,0,1,1,0,1,0,0,1,0,1,1,1,14.16,1,1,0,0,0,0,75,1,0,0,1,1,0,100.0,1,1,0,3650.0,0,1,0.2078806917150054,0.6567164179104478,0,0.0,0,9,1.0,1,0,0,0.6,0.8,0.6666666666666666,0.6666666666666666,0.8,0.75,0.0
3090,University of Gdansk,https://www.ug.edu.pl,M3,Eastern & Southern Europe,Poland,0,1,0,200,en,True,2026-08-11T10:54:11+00:00,16.642,1,1,8,0,0,0,0,0,0,0,1,1,8,0,1,2026-08-10,1,1,0,0,7,1,1,1,1,0,1,0,1,1,1,1,1,1,1,1,1,1,1,1,0,1,0,1,0,0,1,1,18.42,1,1,1,0,0,0,75,1,0,1,0,1,0,97.4,1,1,0,1.0,3,1,0.8391161945130525,0.845771144278607,0,0.0,0,9,1.0,0,0,0,0.8666666666666667,0.6,0.6666666666666666,0.3333333333333333,0.4,0.625,0.25
3091,Lodz University of Technology,https://www.p.lodz.pl,M3,Eastern & Southern Europe,Poland,0,1,0,200,en,True,2026-08-11T10:54:26+00:00,10.208,1,1,2,1,1,0,0,1,1,1,1,0,0,1,1,2026-08-01,1,1,1,1,0,1,1,0,1,0,1,0,1,1,1,1,1,1,1,1,0,1,0,1,1,0,1,1,0,1,1,1,15.43,1,1,0,0,0,0,100,1,0,1,1,1,0,77.5,1,0,0,10.0,3,1,-0.3163231298120217,0.373134328358209,0,0.0,0,13,0.35,0,0,0,0.8,0.8,0.3333333333333333,0.6666666666666666,0.8,0.625,0.0
3092,Cracow University of Technology,https://www.pk.edu.pl,M3,Eastern & Southern Europe,Poland,0,1,1,200,pl-pl,False,2026-08-11T10:54:39+00:00,8.616,1,1,5,1,0,1,0,0,0,0,0,0,1,0,1,2026-09-18,0,0,0,0,0,0,0,1,0,0,1,0,0,0,0,0,1,0,0,0,0,0,0,0,0,0,0,1,0,1,1,1,10.17,1,1,0,0,0,0,75,1,0,1,1,1,0,94.9,1,1,0,0.0,3,0,-0.6022198354889753,0.2786069651741293,0,0.0,0,9,1.0,0,0,0,0.0666666666666666,0.8,0.6666666666666666,0.6666666666666666,0.8,0.25,0.0
3093,Silesian University of Technology,https://www.polsl.pl,M3,Eastern & Southern Europe,Poland,0,1,0,200,en-gb,True,2026-08-11T10:55:01+00:00,10.753,1,0,0,1,1,0,0,1,1,0,1,1,10,1,1,2026-08-10,1,0,1,1,20,1,1,1,1,0,1,0,1,1,1,1,1,1,1,0,0,0,1,1,0,0,0,1,0,1,1,1,15.43,1,1,0,0,0,0,90,1,0,1,1,1,0,60.1,1,1,0,1.0,3,3,-0.2184501997907029,0.4228855721393035,0,0.0,0,12,0.0,0,0,0,0.6,0.8,0.6666666666666666,0.6666666666666666,0.6,0.75,0.0
3094,Maria Curie-Sklodowska University,https://www.umcs.pl,M3,Eastern & Southern Europe,Poland,0,1,0,200,en,True,2026-08-11T10:55:23+00:00,11.661,1,1,9,1,1,0,0,0,1,0,0,1,8,0,0,,1,1,1,1,1,1,1,1,0,0,1,1,1,1,1,1,1,1,0,1,0,0,0,1,0,0,0,0,1,1,1,0,18.26,1,0,0,0,0,0,75,1,0,1,0,0,0,88.2,1,1,0,3650.0,0,3,-0.0553885108744506,0.5074626865671642,0,0.0,0,9,1.0,1,0,0,0.5333333333333333,0.6,0.6666666666666666,0.0,0.8,0.75,0.0
3095,SGH Warsaw School of Economics,https://www.sgh.waw.pl,M3,Eastern & Southern Europe,Poland,0,1,1,200,en,True,2026-08-11T10:55:39+00:00,10.849,1,1,4,1,1,0,0,1,1,1,1,0,0,1,1,2026-12-02,1,1,1,1,0,1,1,0,1,0,1,0,1,1,1,1,1,1,1,1,0,1,1,1,1,0,0,1,1,1,1,1,13.78,1,0,0,0,0,0,100,1,0,1,0,1,0,75.8,1,1,0,0.0,3,1,-0.2012101974383238,0.4328358208955223,0,0.0,0,13,0.85,0,0,0,0.8,1.0,0.6666666666666666,0.3333333333333333,0.8,0.625,0.0
3096,University of Bialystok,https://www.uwb.edu.pl,M3,Eastern & Southern Europe,Poland,0,1,0,200,en,True,2026-08-11T10:55:54+00:00,7.059,1,1,20,0,0,0,0,0,0,0,1,1,10,0,1,2026-04-20,1,0,1,1,0,1,1,1,1,0,1,0,1,1,1,1,1,1,0,1,0,1,0,1,0,0,0,1,1,1,1,1,21.0,1,1,0,0,0,0,75,1,59,1,1,1,0,100.0,1,1,0,113.0,2,1,-0.8818311236416239,0.1990049751243781,10,2.3978952727983707,1,9,0.45,0,0,0,0.6,1.0,0.6666666666666666,0.6666666666666666,0.4,0.75,0.0
3097,Cardinal Stefan Wyszynski University,https://www.uksw.edu.pl,M3,Eastern & Southern Europe,Poland,0,1,0,200,en-us,True,2026-08-11T10:56:35+00:00,26.483,1,1,1,1,1,0,0,0,1,1,0,0,0,0,1,2026-04-17,0,1,0,0,0,1,1,1,1,0,1,0,0,1,1,1,1,1,1,1,0,0,1,1,0,0,0,1,0,1,1,1,15.13,1,1,0,0,0,0,90,1,0,1,0,1,0,21.2,1,0,0,116.0,2,0,2.606396018989748,0.9800995024875622,0,0.0,0,12,0.15,0,0,0,0.6,0.8,0.3333333333333333,0.3333333333333333,0.8,0.625,0.0
3098,Rzeszow University of Technology,https://www.prz.edu.pl,M3,Eastern & Southern Europe,Poland,0,1,0,200,en,True,2026-08-11T10:57:05+00:00,15.15,1,1,4,1,0,0,0,0,0,0,0,0,0,0,0,,1,0,0,0,0,1,1,0,0,0,1,0,1,1,1,1,1,1,0,1,0,0,0,1,1,0,0,1,1,0,1,1,21.0,1,1,0,0,0,0,75,1,2,1,0,1,0,78.6,1,1,0,3650.0,0,0,0.5711778246198275,0.8159203980099502,2,1.0986122886681098,1,9,0.85,1,0,0,0.6,0.8,0.6666666666666666,0.3333333333333333,0.6,0.375,0.0
3099,University of Szczecin,https://www.usz.edu.pl,M3,Eastern & Southern Europe,Poland,0,1,0,200,pl-pl,False,2026-08-11T10:57:27+00:00,19.007,1,1,6,0,0,0,0,0,0,0,0,0,0,0,0,,1,0,1,0,0,1,1,0,0,0,1,0,1,0,0,0,1,0,0,0,0,0,0,0,0,0,0,0,0,1,1,0,4.03,1,0,0,0,0,0,90,0,0,1,1,1,1,100.0,1,1,0,3650.0,0,0,1.2638308357982255,0.8955223880597015,0,0.0,0,12,1.0,1,0,0,0.1333333333333333,0.4,0.6666666666666666,1.0,0.4,0.375,0.0
3100,Kazimierz Wielki University,https://www.ukw.edu.pl,M3,Eastern & Southern Europe,Poland,0,1,0,200,en,True,2026-08-11T10:57:55+00:00,19.251,1,1,3,1,0,0,0,0,0,0,0,1,3,0,1,2026-08-04,1,0,0,0,0,1,1,1,0,0,1,0,0,1,0,1,1,1,1,0,0,0,0,1,0,0,0,1,0,0,0,0,21.0,1,1,0,0,0,0,75,1,0,1,1,1,0,94.7,1,0,0,7.0,3,0,1.3076491751105226,0.9054726368159204,0,0.0,0,9,0.6,0,0,0,0.4,0.2,0.3333333333333333,0.6666666666666666,0.6,0.5,0.0
3102,University of Porto,https://www.up.pt,M3,Eastern & Southern Europe,Portugal,0,0,0,200,en,True,2026-08-11T10:58:14+00:00,9.296,0,1,5,1,1,0,1,1,1,1,1,0,1,0,1,2026-08-05,1,1,1,1,10,1,1,1,1,0,1,0,1,1,1,1,1,1,1,1,1,1,1,1,0,1,1,1,0,1,1,1,15.43,1,0,0,0,1,0,75,1,0,1,1,1,1,100.0,1,1,0,6.0,3,3,-0.4801031521596234,0.3333333333333333,0,0.0,0,9,1.0,0,0,0,0.9333333333333332,0.8,0.6666666666666666,1.0,0.6,0.75,0.25
3104,NOVA University Lisbon,https://www.unl.pt,M3,Eastern & Southern Europe,Portugal,0,0,1,200,en-us,True,2026-08-11T10:58:36+00:00,9.271,1,1,8,1,1,0,0,0,0,0,1,1,10,0,1,2026-12-13,1,0,1,1,8,1,1,1,1,1,1,0,1,1,1,1,1,1,0,0,0,0,0,1,1,0,0,1,0,1,1,1,10.37,1,1,0,0,1,0,90,1,0,1,0,1,0,44.7,1,0,0,0.0,3,3,-0.4845927361055552,0.3283582089552239,0,0.0,0,12,1.0,0,0,0,0.5333333333333333,0.8,0.3333333333333333,0.3333333333333333,0.8,0.875,0.25
3105,University of Aveiro,https://www.ua.pt,M3,Eastern & Southern Europe,Portugal,0,0,0,200,pt,False,2026-08-11T10:58:51+00:00,11.808,1,1,4,1,1,0,0,0,0,0,0,0,0,0,1,2026-07-31,0,0,0,0,0,0,0,0,0,0,1,0,0,0,0,0,0,0,0,0,0,1,0,1,0,0,0,1,0,1,1,1,21.0,1,0,0,0,0,0,100,1,0,0,1,1,0,93.8,1,0,0,11.0,3,0,-0.0289897572723701,0.5323383084577115,0,0.0,0,13,0.85,0,0,0,0.1333333333333333,0.8,0.3333333333333333,0.6666666666666666,0.8,0.125,0.0
3106,University of Minho,https://www.uminho.pt,M3,Eastern & Southern Europe,Portugal,0,0,0,200,en-us,True,2026-08-11T10:59:18+00:00,13.612,1,1,5,1,1,1,0,0,1,1,1,1,3,1,0,,1,0,0,1,6,0,1,0,0,1,1,0,1,0,1,1,1,1,1,1,0,1,0,1,1,0,0,0,0,1,1,0,21.0,1,0,0,0,1,0,50,1,0,1,0,1,0,39.5,1,0,0,3650.0,1,2,0.2949786202660872,0.7164179104477612,0,0.0,0,5,1.0,1,0,0,0.6666666666666666,0.4,0.3333333333333333,0.3333333333333333,1.0,0.5,0.25
3107,University of Beira Interior,https://www.ubi.pt,M3,Eastern & Southern Europe,Portugal,0,0,0,200,en,True,2026-08-11T10:59:40+00:00,11.235,1,1,6,0,0,0,1,1,0,0,1,0,0,0,1,2024-11-08,1,0,1,1,14,1,1,0,1,1,1,0,0,1,0,0,1,0,0,0,0,0,0,0,0,0,0,1,0,0,1,0,15.43,1,1,0,0,1,0,75,1,0,1,0,1,0,19.4,1,0,0,641.0,2,2,-0.1318910213131329,0.4527363184079602,0,0.0,0,9,1.0,0,0,0,0.1333333333333333,0.4,0.3333333333333333,0.3333333333333333,0.4,0.75,0.25
3108,ISCTE University Institute of Lisbon,https://www.iscte-iul.pt,M3,Eastern & Southern Europe,Portugal,0,0,0,200,en,True,2026-08-11T11:00:04+00:00,13.05,1,1,6,1,1,0,0,1,0,0,1,1,6,0,1,2025-12-26,1,0,1,1,0,1,1,0,0,0,1,0,1,1,1,0,1,1,1,1,0,1,0,0,0,0,0,0,0,1,1,0,21.0,1,0,0,0,0,0,75,1,0,1,1,1,0,100.0,1,0,0,228.0,2,1,0.1940527731615347,0.6467661691542289,0,0.0,0,9,1.0,0,0,0,0.5333333333333333,0.4,0.3333333333333333,0.6666666666666666,0.8,0.5,0.0
3109,University of Evora,https://www.uevora.pt,M3,Eastern & Southern Europe,Portugal,0,0,0,200,en,True,2026-08-11T11:00:27+00:00,12.714,1,1,8,1,0,0,0,0,1,1,1,1,10,0,0,,1,1,1,1,0,0,0,0,0,1,1,0,1,1,1,1,1,1,1,1,0,1,0,1,1,0,0,0,0,1,1,0,15.13,1,1,0,0,0,1,75,1,0,1,1,1,0,100.0,1,1,0,3650.0,0,1,0.1337127649282077,0.6218905472636815,0,0.0,0,9,1.0,1,0,0,0.7333333333333333,0.4,0.6666666666666666,0.6666666666666666,0.6,0.375,0.25
3110,University of Algarve,https://www.ualg.pt,M3,Eastern & Southern Europe,Portugal,0,0,0,200,en,True,2026-08-11T11:00:55+00:00,11.932,1,1,3,0,1,0,1,1,1,1,1,0,0,0,1,2026-07-21,1,1,1,1,20,1,0,1,1,1,1,0,1,1,1,1,1,1,1,1,1,1,1,1,1,0,0,1,0,1,1,1,21.0,1,0,0,0,0,0,75,1,0,1,0,1,0,92.1,1,0,0,21.0,3,3,-0.006721420900547,0.5522388059701493,0,0.0,0,9,0.6,0,0,0,0.8666666666666667,0.8,0.3333333333333333,0.3333333333333333,0.6,0.75,0.0
3112,Catholic University of Portugal,https://www.ucp.pt,M3,Eastern & Southern Europe,Portugal,0,0,1,200,pt-pt,True,2026-08-11T12:15:34+00:00,26.626,1,1,3,1,1,0,0,1,0,0,1,1,5,0,1,2026-09-03,0,1,1,0,11,1,1,1,0,0,1,0,0,1,1,1,1,1,0,0,0,1,1,1,0,0,0,1,0,1,1,1,13.4,1,1,0,0,0,0,100,1,0,0,1,1,0,89.1,1,0,0,0.0,3,1,2.63207643916048,0.9900497512437813,0,0.0,0,13,0.6,0,0,0,0.5333333333333333,0.8,0.3333333333333333,0.6666666666666666,0.8,0.5,0.0
3114,University of Madeira,https://www.uma.pt,M3,Eastern & Southern Europe,Portugal,0,0,1,200,en-us,True,2026-08-11T11:03:15+00:00,4.113,1,1,2,1,1,0,0,0,1,1,0,1,8,0,1,2026-08-14,1,1,1,0,1,0,0,0,1,0,1,0,1,1,1,0,1,1,0,1,0,1,0,1,0,0,1,1,0,1,1,1,19.63,1,1,0,0,0,1,75,1,0,1,0,1,0,100.0,1,0,0,0.0,3,1,-1.4108836958302575,0.044776119402985,0,0.0,0,9,0.35,0,0,0,0.6,0.8,0.3333333333333333,0.3333333333333333,0.8,0.25,0.25
3115,Polytechnic Institute of Lisbon,https://www.ipl.pt,M3,Eastern & Southern Europe,Portugal,0,0,0,200,en,True,2026-08-11T11:03:30+00:00,10.211,1,1,1,1,1,0,0,0,0,0,1,1,10,0,1,2026-07-14,1,0,1,1,3,1,1,1,0,0,1,0,1,1,0,1,1,1,0,0,0,1,0,1,1,0,0,1,0,1,1,1,7.13,1,1,0,0,0,0,75,1,0,1,0,1,0,94.4,1,0,0,28.0,3,3,-0.3157843797385099,0.3781094527363184,0,0.0,0,9,0.15,0,0,0,0.5333333333333333,0.8,0.3333333333333333,0.3333333333333333,0.8,0.625,0.0
3116,National and Kapodistrian University of Athens,https://www.uoa.gr,M3,Eastern & Southern Europe,Greece,0,0,0,200,el,True,2026-08-11T11:03:51+00:00,4.73,1,0,0,1,0,0,0,1,0,0,0,1,5,1,1,2026-08-10,1,1,1,1,12,1,1,1,0,0,1,0,1,1,1,1,1,1,0,1,0,0,0,1,1,0,0,0,1,1,1,1,12.63,1,1,0,0,0,0,75,1,0,1,0,1,1,37.0,1,0,0,1.0,3,3,-1.3000807640446543,0.0696517412935323,0,0.0,0,9,0.0,0,0,0,0.6,0.8,0.3333333333333333,0.6666666666666666,0.4,0.625,0.0
3117,Aristotle University of Thessaloniki,https://www.auth.gr,M3,Eastern & Southern Europe,Greece,0,0,0,200,en-us,True,2026-08-11T11:04:15+00:00,17.39,1,1,0,0,1,0,0,0,0,0,0,0,1,1,1,2026-08-11,1,0,0,1,5,1,1,1,0,0,1,0,1,0,1,1,0,1,0,0,0,0,1,1,0,0,0,0,0,1,1,1,12.63,1,1,0,0,1,0,90,1,0,1,0,1,0,77.8,1,0,0,0.0,3,3,0.97344454617534,0.8606965174129353,0,0.0,0,12,0.0,0,0,0,0.4,0.6,0.3333333333333333,0.3333333333333333,0.6,0.625,0.25
3118,National Technical University of Athens,https://www.ntua.gr,M3,Eastern & Southern Europe,Greece,0,0,0,200,el-gr,True,2026-08-11T11:04:42+00:00,16.828,1,1,6,0,1,0,0,0,0,0,0,0,0,0,0,,1,0,1,0,0,1,1,0,0,0,1,0,1,0,1,0,1,1,0,1,0,0,0,1,0,0,0,1,0,1,1,1,9.01,1,0,0,0,0,0,90,1,0,0,0,1,0,73.8,1,0,0,3650.0,0,0,0.872518699070787,0.8557213930348259,0,0.0,0,12,1.0,1,0,0,0.4,0.8,0.3333333333333333,0.3333333333333333,0.6,0.375,0.0
3119,University of Patras,https://www.upatras.gr,M3,Eastern & Southern Europe,Greece,0,0,0,200,en-us,True,2026-08-11T11:04:59+00:00,12.984,1,1,9,1,1,0,1,1,0,0,1,0,0,1,0,,1,1,0,0,0,1,1,0,0,0,1,0,0,1,1,1,1,1,1,1,0,1,0,1,1,0,0,1,0,0,1,1,19.26,1,1,0,0,0,0,75,1,0,1,0,1,0,91.3,1,1,0,3650.0,1,0,0.1822002715442739,0.6368159203980099,0,0.0,0,9,1.0,1,0,0,0.6666666666666666,0.6,0.6666666666666666,0.3333333333333333,0.8,0.375,0.0
3120,University of Crete,https://www.uoc.gr,M3,Eastern & Southern Europe,Greece,0,0,0,200,en-gb,True,2026-08-11T11:05:39+00:00,25.866,1,1,4,1,1,0,0,0,0,0,1,1,3,1,1,2026-08-07,1,1,1,1,2,1,1,0,1,0,1,0,1,1,1,1,1,1,1,0,0,1,1,1,0,0,0,0,0,1,1,1,5.49,1,1,0,0,1,0,90,1,0,0,0,1,1,72.0,1,1,0,4.0,3,2,2.4955930872041447,0.9701492537313432,0,0.0,0,12,0.85,0,0,0,0.6666666666666666,0.6,0.6666666666666666,0.6666666666666666,0.8,0.625,0.25
3121,University of Ioannina,https://www.uoi.gr,M3,Eastern & Southern Europe,Greece,0,0,0,200,en-us,True,2026-08-11T11:05:53+00:00,8.716,1,1,4,0,1,0,0,0,0,0,0,0,0,0,1,2026-06-24,1,0,1,1,0,1,1,0,0,0,1,0,1,1,1,1,1,1,0,1,1,0,0,1,0,0,0,0,0,1,1,1,12.08,1,1,0,0,0,0,90,1,0,1,0,1,1,93.1,1,0,0,48.0,3,1,-0.5842614997052472,0.2885572139303483,0,0.0,0,12,0.85,0,0,0,0.6,0.6,0.3333333333333333,0.6666666666666666,0.6,0.5,0.0
3122,University of Thessaly,https://www.uth.gr,M3,Eastern & Southern Europe,Greece,0,0,0,200,en,True,2026-08-11T11:06:03+00:00,5.534,1,1,6,1,1,0,0,1,0,0,1,0,0,1,1,2026-06-17,1,1,1,1,6,0,0,1,0,0,1,0,1,0,1,0,1,1,0,1,1,1,1,1,1,0,0,1,1,1,1,1,18.1,1,1,0,0,0,0,75,1,0,0,1,1,0,87.5,1,1,0,55.0,3,3,-1.1556957443434794,0.1194029850746268,0,0.0,0,9,1.0,0,0,0,0.6666666666666666,1.0,0.6666666666666666,0.6666666666666666,0.8,0.375,0.0
3123,Athens University of Economics and Business,https://www.aueb.gr,M3,Eastern & Southern Europe,Greece,0,0,0,200,en,True,2026-08-11T11:06:26+00:00,12.211,1,1,0,0,1,0,0,1,0,0,1,0,1,1,1,2026-07-11,1,1,0,0,0,1,1,1,1,0,1,0,1,1,1,1,1,1,0,1,1,1,1,1,1,0,0,0,1,1,1,0,4.48,1,0,0,0,0,1,75,1,0,1,1,1,0,89.5,1,0,0,31.0,3,0,0.0433823359360547,0.5920398009950248,0,0.0,0,9,0.0,0,0,0,0.8,0.6,0.3333333333333333,0.6666666666666666,0.6,0.625,0.25
3125,Democritus University of Thrace,https://www.duth.gr,M3,Eastern & Southern Europe,Greece,0,0,0,200,en-gb,True,2026-08-11T11:07:18+00:00,9.668,1,1,1,1,1,1,0,0,0,0,1,0,0,1,0,,1,1,0,1,1,1,1,0,0,0,1,0,1,1,1,0,1,1,0,1,1,1,1,1,1,0,0,0,0,1,1,0,16.95,1,0,0,0,0,0,90,1,0,1,1,1,0,15.0,1,1,0,3650.0,1,2,-0.4132981430441544,0.3482587064676617,0,0.0,0,12,0.15,1,0,0,0.7333333333333333,0.4,0.6666666666666666,0.6666666666666666,1.0,0.5,0.0
3126,University of Macedonia,https://www.uom.gr,M3,Eastern & Southern Europe,Greece,0,0,0,200,en,True,2026-08-11T11:07:33+00:00,8.74,1,1,8,1,0,0,0,0,0,0,0,0,0,1,1,2026-07-18,1,1,1,1,0,1,1,1,1,1,1,0,1,0,1,1,1,1,1,1,0,1,0,1,1,0,0,1,0,1,1,1,1.54,1,1,0,0,0,0,75,1,14,0,1,1,1,100.0,1,1,0,24.0,3,1,-0.5799514991171523,0.2935323383084577,10,2.3978952727983707,1,9,1.0,0,0,0,0.6666666666666666,0.8,0.6666666666666666,1.0,0.6,0.875,0.0
3127,Panteion University,https://www.panteion.gr,M3,Eastern & Southern Europe,Greece,0,0,0,200,en-us,True,2026-08-11T11:08:12+00:00,26.603,1,1,5,1,1,0,0,0,0,0,0,1,10,1,0,,1,1,1,1,8,1,1,0,0,1,1,0,1,1,1,1,1,1,0,1,0,1,0,1,0,0,0,0,0,1,1,0,21.0,1,1,0,0,0,0,90,1,0,1,0,1,0,71.9,1,0,0,3650.0,1,2,2.627946021930222,0.9850746268656716,0,0.0,0,12,1.0,1,0,0,0.6,0.4,0.3333333333333333,0.3333333333333333,0.8,0.625,0.0
3128,Agricultural University of Athens,https://www.aua.gr,M3,Eastern & Southern Europe,Greece,0,0,0,200,en,True,2026-08-11T11:08:48+00:00,26.175,1,1,3,1,0,0,0,1,0,0,1,1,10,1,1,2026-08-07,1,1,1,1,3,0,0,0,1,1,1,0,1,1,1,0,1,1,1,1,1,1,0,1,1,0,0,0,0,0,1,1,12.63,1,1,0,0,0,0,75,1,0,1,0,1,1,81.0,1,1,0,4.0,3,2,2.551084344775865,0.9751243781094528,0,0.0,0,9,0.6,0,0,0,0.7333333333333333,0.4,0.6666666666666666,0.6666666666666666,0.6,0.5,0.0
3129,Technical University of Crete,https://www.tuc.gr,M3,Eastern & Southern Europe,Greece,0,0,1,200,en-us,True,2026-08-11T11:09:07+00:00,8.205,1,0,0,1,1,1,0,0,0,0,1,0,0,0,1,2026-10-02,0,1,1,0,0,1,1,0,0,0,1,0,0,1,1,1,1,0,0,0,0,0,0,1,0,0,0,0,0,1,1,0,12.63,1,0,0,0,0,0,75,1,0,1,0,0,0,61.7,1,0,0,0.0,3,0,-0.6760285955600983,0.2388059701492537,0,0.0,0,9,0.0,0,0,0,0.3333333333333333,0.4,0.3333333333333333,0.0,0.8,0.375,0.0
3130,University of Piraeus,https://www.unipi.gr,M3,Eastern & Southern Europe,Greece,0,0,0,200,en-gb,True,2026-08-11T11:09:40+00:00,19.36,1,1,4,1,1,0,0,0,1,0,1,0,0,1,1,2025-10-07,1,0,0,0,0,0,0,0,0,1,1,0,0,1,1,1,1,1,1,1,1,1,1,1,0,0,0,1,0,1,1,1,16.67,1,1,0,0,0,0,90,1,1,1,0,1,0,89.3,1,1,0,308.0,2,0,1.327223761114786,0.9104477611940298,1,0.6931471805599453,1,12,0.85,0,0,0,0.7333333333333333,0.8,0.6666666666666666,0.3333333333333333,0.8,0.25,0.0
3131,Charles University,https://www.cuni.cz,M3,Eastern & Southern Europe,Czechia,0,0,0,200,en,False,2026-08-11T11:10:00+00:00,17.645,1,1,7,1,0,0,0,0,0,0,1,1,10,0,0,,1,0,0,0,5,1,1,0,1,1,1,0,0,0,0,1,1,0,0,0,0,1,0,0,1,0,0,1,0,1,1,1,12.61,1,1,0,0,0,0,75,1,3,1,0,1,0,6.9,1,0,0,3650.0,0,1,1.0192383024238467,0.8656716417910447,3,1.3862943611198906,1,9,1.0,1,0,0,0.2666666666666666,0.8,0.3333333333333333,0.3333333333333333,0.6,0.625,0.0
3132,Czech Technical University in Prague,https://www.cvut.cz,M3,Eastern & Southern Europe,Czechia,0,0,0,200,en,True,2026-08-11T11:10:18+00:00,8.548,1,1,2,0,1,0,0,0,0,0,1,0,0,1,0,,1,0,1,1,2,1,1,0,0,0,1,0,1,1,1,1,1,1,0,1,1,1,1,1,0,0,0,0,0,1,1,1,1.41,1,1,0,0,0,0,75,1,0,1,1,1,0,6.7,1,0,0,3650.0,1,2,-0.6144315038219105,0.2587064676616915,0,0.0,0,9,0.35,1,0,0,0.7333333333333333,0.6,0.3333333333333333,0.6666666666666666,0.6,0.5,0.0
3133,Masaryk University,https://www.muni.cz,M3,Eastern & Southern Europe,Czechia,0,0,0,200,en,True,2026-08-11T11:10:36+00:00,13.569,1,1,2,1,1,1,0,0,1,1,1,0,0,1,0,,1,1,1,1,16,1,0,0,0,0,1,0,1,1,1,1,1,1,1,1,1,1,1,1,0,0,1,1,0,1,1,1,20.12,1,1,0,0,0,0,90,1,0,1,1,1,1,100.0,1,1,0,3650.0,1,2,0.2872565358790842,0.7064676616915423,0,0.0,0,12,0.35,1,0,0,0.8666666666666667,0.8,0.6666666666666666,1.0,1.0,0.375,0.0
3134,Brno University of Technology,https://www.vutbr.cz,M3,Eastern & Southern Europe,Czechia,0,0,1,200,en,True,2026-08-11T11:10:45+00:00,5.063,1,1,2,1,0,1,0,0,0,0,1,1,2,1,1,2026-11-04,1,1,1,0,1,1,1,1,1,0,1,0,1,1,1,1,1,1,1,1,0,1,1,1,1,0,0,1,0,1,1,1,17.39,1,0,0,0,1,0,75,1,1,1,1,1,1,38.5,1,1,0,0.0,3,1,-1.2402795058848397,0.0945273631840796,1,0.6931471805599453,1,9,0.35,0,0,0,0.8,0.8,0.6666666666666666,1.0,0.8,0.625,0.25
3135,Palacky University Olomouc,https://www.upol.cz,M3,Eastern & Southern Europe,Czechia,0,0,0,200,en,True,2026-08-11T11:10:56+00:00,5.911,1,1,1,1,0,0,1,1,0,0,1,1,4,1,0,,1,1,1,1,0,1,1,0,0,0,1,1,1,1,1,1,1,1,0,1,0,1,1,1,0,0,0,1,0,1,1,1,7.59,1,0,0,0,0,0,75,1,0,0,1,1,0,58.7,1,1,0,3650.0,1,1,-1.087992818438824,0.1343283582089552,0,0.0,0,9,0.15,1,0,0,0.6666666666666666,0.8,0.6666666666666666,0.6666666666666666,0.6,0.625,0.0
3136,University of Chemistry and Technology Prague,https://www.vscht.cz,M3,Eastern & Southern Europe,Czechia,0,0,1,200,,False,2026-08-11T11:11:12+00:00,12.056,1,0,0,0,0,0,0,0,0,0,0,1,9,0,1,2026-10-09,0,0,0,0,0,1,1,1,1,0,1,0,0,0,0,0,0,1,0,0,0,1,0,0,0,0,0,1,0,1,1,1,16.3,0,1,0,0,0,0,75,1,0,1,0,1,0,81.0,1,0,0,0.0,3,0,0.0155469154712757,0.572139303482587,0,0.0,0,9,0.0,0,0,0,0.1333333333333333,0.8,0.3333333333333333,0.3333333333333333,0.2,0.625,0.0
3137,Czech University of Life Sciences Prague,https://www.czu.cz,M3,Eastern & Southern Europe,Czechia,0,0,0,200,en,True,2026-08-11T11:11:27+00:00,8.454,1,1,6,1,0,0,0,0,0,0,1,0,0,1,1,2026-07-29,1,1,0,1,5,1,1,1,0,0,1,0,1,1,1,1,1,1,0,1,0,1,1,1,0,0,0,1,0,1,1,1,15.43,1,1,0,0,0,0,75,1,0,1,0,1,0,11.1,1,0,0,13.0,3,3,-0.6313123394586149,0.2537313432835821,0,0.0,0,9,1.0,0,0,0,0.6666666666666666,0.8,0.3333333333333333,0.3333333333333333,0.6,0.625,0.0
3138,VSB - Technical University of Ostrava,https://www.vsb.cz,M3,Eastern & Southern Europe,Czechia,0,0,1,200,en,True,2026-08-11T11:11:53+00:00,14.13,1,1,7,1,0,1,0,1,1,1,1,1,6,1,1,2026-11-26,1,1,1,1,0,1,1,0,1,0,1,0,1,1,1,1,1,1,1,1,1,1,1,1,1,0,0,1,0,1,1,1,16.57,1,1,0,0,0,0,75,1,0,1,0,1,0,94.1,1,0,0,0.0,3,1,0.3880027996257996,0.7562189054726368,0,0.0,0,9,1.0,0,0,0,0.8666666666666667,0.8,0.3333333333333333,0.3333333333333333,0.8,0.625,0.0
3139,University of West Bohemia,https://www.zcu.cz,M3,Eastern & Southern Europe,Czechia,0,0,0,200,en,True,2026-08-11T11:12:11+00:00,8.674,1,1,4,1,1,0,0,0,0,0,1,1,6,1,0,,1,0,1,0,20,1,1,0,0,0,1,0,0,1,1,1,1,1,0,1,0,0,1,1,0,0,0,0,0,1,1,1,6.82,1,1,0,0,0,0,100,1,0,1,1,1,1,95.8,1,0,0,3650.0,1,1,-0.591804000734413,0.2835820895522388,0,0.0,0,13,0.85,1,0,0,0.5333333333333333,0.6,0.3333333333333333,1.0,0.8,0.375,0.0
3140,Mendel University in Brno,https://www.mendelu.cz,M3,Eastern & Southern Europe,Czechia,0,0,0,200,en,True,2026-08-11T11:12:30+00:00,8.115,1,1,14,1,1,0,0,0,0,0,1,1,4,1,0,,1,1,1,1,17,0,0,0,0,0,1,0,1,1,1,1,1,1,0,1,1,1,0,1,1,0,0,0,1,0,1,0,17.04,1,0,0,0,0,0,75,1,0,1,0,1,0,66.7,1,1,0,3650.0,1,2,-0.6921910977654537,0.2338308457711442,0,0.0,0,9,0.66,1,0,0,0.7333333333333333,0.4,0.6666666666666666,0.3333333333333333,0.8,0.25,0.0
3141,University of Ostrava,https://www.osu.cz,M3,Eastern & Southern Europe,Czechia,0,0,0,200,cs,True,2026-08-11T11:12:58+00:00,13.462,1,1,9,1,1,0,0,0,1,1,1,0,1,0,0,,1,1,1,1,0,0,0,0,0,0,1,1,1,1,1,1,1,1,1,1,0,0,1,1,0,0,1,1,1,1,1,1,8.06,1,1,0,0,0,1,75,1,0,0,1,1,0,99.3,1,0,0,3650.0,0,1,0.2680411165904948,0.6965174129353234,0,0.0,0,9,1.0,1,0,0,0.7333333333333333,1.0,0.3333333333333333,0.6666666666666666,0.8,0.375,0.25
3142,University of South Bohemia,https://www.jcu.cz,M3,Eastern & Southern Europe,Czechia,0,0,1,200,en-gb,True,2026-08-11T11:13:16+00:00,11.624,1,1,0,1,1,0,0,0,0,0,1,1,10,1,1,2026-09-26,1,1,1,1,0,0,0,1,1,0,1,0,1,1,1,1,1,1,1,1,1,1,1,1,1,0,0,0,0,1,1,0,16.67,1,1,0,0,0,0,90,1,1,1,0,1,1,2.4,1,1,0,0.0,3,1,-0.0620330951144299,0.5024875621890548,1,0.6931471805599453,1,12,0.0,0,0,0,0.8666666666666667,0.4,0.6666666666666666,0.6666666666666666,0.8,0.5,0.0
3143,University of Bucharest,https://www.unibuc.ro,M3,Eastern & Southern Europe,Romania,0,0,0,200,en-us,True,2026-08-11T11:13:58+00:00,20.343,1,0,0,1,1,0,0,0,0,0,1,0,0,1,1,2026-08-11,1,1,1,0,0,0,1,1,1,0,1,0,1,1,1,1,1,1,1,0,0,0,1,1,0,0,0,1,0,1,1,1,14.72,1,1,0,0,0,0,90,1,0,1,0,1,1,32.7,1,1,0,0.0,3,0,1.5037542018688346,0.9353233830845772,0,0.0,0,12,0.0,0,0,0,0.6,0.8,0.6666666666666666,0.6666666666666666,0.6,0.5,0.0
3144,Babes-Bolyai University,https://www.ubbcluj.ro,M3,Eastern & Southern Europe,Romania,0,0,0,200,,True,2026-08-11T11:14:42+00:00,12.473,1,1,9,1,1,0,0,0,0,0,0,1,2,0,1,2026-06-10,1,0,1,1,8,1,1,1,0,0,1,0,1,1,1,1,1,1,1,1,1,1,0,1,0,0,0,1,1,1,1,1,1.41,1,1,0,0,1,0,75,1,0,1,1,1,0,87.5,1,1,0,62.0,3,3,0.0904331756894227,0.6019900497512438,0,0.0,0,9,1.0,0,0,0,0.7333333333333333,1.0,0.6666666666666666,0.6666666666666666,0.8,0.625,0.25
3145,Alexandru Ioan Cuza University,https://www.uaic.ro,M3,Eastern & Southern Europe,Romania,0,0,0,200,en-us,True,2026-08-11T12:17:05+00:00,13.577,1,1,0,1,1,1,0,0,0,0,1,0,0,0,0,,1,0,1,1,1,1,1,0,0,0,1,1,1,1,1,1,1,1,1,0,0,1,0,1,0,0,0,0,0,0,0,1,4.67,1,1,0,0,0,1,90,1,0,1,0,1,0,65.0,1,0,0,3650.0,0,2,0.2886932027417823,0.7114427860696517,0,0.0,0,12,0.0,1,0,0,0.6,0.2,0.3333333333333333,0.3333333333333333,1.0,0.625,0.25
3146,Politehnica University of Bucharest,https://www.upb.ro,M3,Eastern & Southern Europe,Romania,0,0,0,200,en-us,True,2026-08-11T11:16:24+00:00,14.633,1,1,1,1,1,0,0,0,0,0,0,0,0,0,0,,1,0,0,0,1,1,1,0,0,1,1,0,1,1,1,1,1,1,0,0,1,1,0,1,0,0,0,0,0,1,1,0,3.09,1,1,0,0,0,1,90,1,0,1,0,1,1,55.6,1,0,0,3650.0,0,1,0.4783332286179523,0.7810945273631841,0,0.0,0,12,0.15,1,0,0,0.6,0.4,0.3333333333333333,0.6666666666666666,0.8,0.5,0.25
3147,Politehnica University of Timisoara,https://www.upt.ro,M3,Eastern & Southern Europe,Romania,0,0,1,200,ro,False,2026-08-11T11:16:38+00:00,10.58,1,1,1,0,0,0,0,1,0,0,0,0,0,0,1,2026-10-25,0,1,1,0,0,0,0,0,0,1,0,0,0,0,0,1,1,0,0,0,0,1,0,1,0,0,0,1,0,1,1,1,19.51,0,1,0,0,0,0,75,1,0,1,1,1,1,100.0,1,0,0,0.0,3,0,-0.2495181206965527,0.4129353233830846,0,0.0,0,9,0.15,0,0,0,0.2666666666666666,0.8,0.3333333333333333,1.0,0.4,0.125,0.0
3148,West University of Timisoara,https://www.uvt.ro,M3,Eastern & Southern Europe,Romania,0,0,0,200,ro-ro,True,2026-08-11T11:16:55+00:00,11.498,1,1,8,1,1,0,1,1,1,1,0,0,1,0,1,2026-07-28,1,1,0,0,1,1,1,1,1,0,1,0,0,0,0,0,0,0,0,0,0,1,0,1,0,0,0,1,1,1,1,1,12.63,1,1,0,0,0,0,90,1,0,1,0,1,1,73.3,1,0,0,14.0,3,1,-0.0846605982019277,0.4850746268656716,0,0.0,0,12,1.0,0,0,0,0.1333333333333333,1.0,0.3333333333333333,0.6666666666666666,0.8,0.625,0.0
3149,Technical University of Cluj-Napoca,https://www.utcluj.ro,M3,Eastern & Southern Europe,Romania,0,0,0,200,en,True,2026-08-11T11:17:10+00:00,5.52,1,1,7,1,0,0,0,1,1,1,1,0,0,0,1,2025-11-24,1,1,1,1,0,0,0,1,0,0,1,0,1,0,1,1,0,1,1,0,0,1,0,1,0,0,0,1,0,1,1,1,7.02,1,1,0,0,0,0,75,1,0,1,1,1,0,4.2,0,0,0,260.0,2,1,-1.1582099113532014,0.1094527363184079,0,0.0,0,9,1.0,0,0,0,0.4666666666666667,0.8,0.0,0.6666666666666666,0.6,0.375,0.0
3150,Carol Davila University of Medicine and Pharmacy,https://www.umfcd.ro,M3,Eastern & Southern Europe,Romania,0,0,0,200,en-us,True,2026-08-11T11:17:22+00:00,3.849,1,1,5,1,0,0,0,0,0,0,0,0,0,0,1,2026-08-04,1,0,1,1,1,1,1,1,0,0,1,0,1,1,1,1,1,1,0,1,0,0,1,1,0,0,0,0,0,1,1,0,14.59,1,1,0,0,0,0,75,1,0,1,0,1,1,13.3,1,0,0,7.0,3,3,-1.4582937022993,0.0248756218905472,0,0.0,0,9,1.0,0,0,0,0.6,0.4,0.3333333333333333,0.6666666666666666,0.6,0.625,0.0
3151,Transilvania University of Brasov,https://www.unitbv.ro,M3,Eastern & Southern Europe,Romania,0,0,0,200,en-gb,True,2026-08-11T11:17:46+00:00,14.03,1,1,10,1,1,0,0,0,0,0,0,0,1,0,0,,1,1,1,1,0,1,1,0,1,1,1,0,1,1,1,1,1,1,1,1,0,0,1,1,0,0,1,0,0,1,1,0,3.54,1,0,0,0,1,0,20,1,2,0,1,1,0,90.9,1,1,0,3650.0,0,1,0.3700444638420711,0.746268656716418,2,1.0986122886681098,1,2,0.9266666666666666,1,0,0,0.7333333333333333,0.4,0.6666666666666666,0.6666666666666666,0.8,0.75,0.25
3152,Bucharest University of Economic Studies,https://www.ase.ro,M3,Eastern & Southern Europe,Romania,0,0,0,200,en-us,True,2026-08-11T11:17:54+00:00,3.421,1,1,6,1,1,0,0,1,0,0,0,0,0,0,0,,1,1,0,1,0,0,0,0,1,0,1,0,0,1,1,1,1,1,1,1,1,0,1,1,1,0,0,1,1,1,1,1,15.52,1,1,0,0,0,0,90,1,0,1,0,1,0,52.6,1,0,0,3650.0,0,1,-1.535155379453657,0.0099502487562189,0,0.0,0,12,1.0,1,0,0,0.7333333333333333,1.0,0.3333333333333333,0.3333333333333333,0.8,0.375,0.0
3153,University of Craiova,https://www.ucv.ro,M3,Eastern & Southern Europe,Romania,0,0,0,200,ro,True,2026-08-11T11:18:03+00:00,4.547,1,1,8,1,0,0,0,0,0,0,0,0,1,1,1,2026-07-16,1,0,1,1,0,0,0,1,1,0,1,0,1,1,1,1,1,1,1,1,0,1,0,1,0,1,0,1,1,1,1,1,15.43,1,0,0,0,0,0,75,1,1,1,1,1,1,77.8,1,0,0,26.0,3,1,-1.332944518528877,0.0547263681592039,1,0.6931471805599453,1,9,1.0,0,0,0,0.7333333333333333,1.0,0.3333333333333333,1.0,0.6,0.5,0.0
3154,Gheorghe Asachi Technical University of Iasi,https://www.tuiasi.ro,M3,Eastern & Southern Europe,Romania,0,0,0,200,en-us,True,2026-08-11T11:18:20+00:00,10.366,1,0,0,1,1,0,0,0,0,0,1,0,0,1,1,2026-07-27,1,0,1,1,9,1,0,1,1,0,1,0,1,1,1,1,1,1,1,1,1,1,0,1,0,0,0,0,0,1,1,1,7.49,1,1,0,0,0,0,90,1,0,1,0,1,0,62.5,1,0,0,15.0,3,3,-0.2879489592737312,0.3880597014925373,0,0.0,0,12,0.0,0,0,0,0.7333333333333333,0.6,0.3333333333333333,0.3333333333333333,0.6,0.625,0.0
3155,Taras Shevchenko National University of Kyiv,https://www.knu.ua,M3,Eastern & Southern Europe,Ukraine,0,0,0,200,,True,2026-08-11T11:18:36+00:00,12.086,1,0,0,0,0,0,0,0,1,1,1,1,5,0,1,2026-08-10,1,1,1,0,0,1,1,1,1,0,1,0,1,1,1,1,1,1,0,1,1,0,0,0,0,0,0,0,0,1,1,0,18.59,1,0,0,0,0,0,0,1,0,1,0,1,1,50.0,0,0,0,1.0,3,0,0.0209344162063944,0.5771144278606966,0,0.0,0,1,0.0,0,0,0,0.5333333333333333,0.4,0.0,0.6666666666666666,0.2,0.625,0.0
3156,Igor Sikorsky Kyiv Polytechnic Institute,https://www.kpi.ua,M3,Eastern & Southern Europe,Ukraine,0,0,0,200,en,True,2026-08-11T11:18:57+00:00,9.117,1,1,7,0,0,0,0,0,1,0,1,1,2,1,1,2026-07-31,1,0,1,1,9,1,0,1,1,1,1,0,1,1,1,1,1,1,1,0,0,1,0,0,0,0,1,0,1,1,1,0,9.74,1,1,0,0,0,0,75,1,0,1,1,1,0,88.5,1,0,0,11.0,3,3,-0.5122485732124967,0.3233830845771144,0,0.0,0,9,1.0,0,0,0,0.6,0.6,0.3333333333333333,0.6666666666666666,0.4,0.75,0.0
3157,V. N. Karazin Kharkiv National University,https://www.karazin.ua,M3,Eastern & Southern Europe,Ukraine,0,0,0,200,en-us,True,2026-08-11T11:19:10+00:00,8.242,1,1,1,1,1,0,0,1,0,0,1,1,7,1,1,2026-08-04,1,0,1,0,0,1,1,0,1,0,1,0,1,1,1,1,1,1,1,1,1,1,1,1,1,0,0,1,0,1,1,1,14.86,1,1,0,0,0,0,75,1,0,1,0,1,1,0.0,1,0,0,7.0,3,0,-0.6693840113201187,0.2437810945273631,0,0.0,0,9,0.15,0,0,0,0.8666666666666667,0.8,0.3333333333333333,0.6666666666666666,0.8,0.5,0.0
3159,Ivan Franko National University of Lviv,https://www.lnu.edu.ua,M3,Eastern & Southern Europe,Ukraine,0,0,0,200,en,True,2026-08-11T11:19:57+00:00,8.553,0,1,7,1,1,0,0,1,0,0,1,1,6,0,1,2024-09-24,1,0,1,0,0,0,0,1,0,0,1,0,1,1,1,1,1,1,0,1,0,1,0,1,0,0,0,0,0,1,1,1,11.29,1,0,0,0,0,0,75,1,0,0,0,1,1,0.0,1,1,0,686.0,2,0,-0.6135335870327239,0.263681592039801,0,0.0,0,9,1.0,0,1,0,0.6,0.6,0.6666666666666666,0.6666666666666666,0.6,0.25,0.0
3161,National University of Kyiv-Mohyla Academy,https://www.ukma.edu.ua,M3,Eastern & Southern Europe,Ukraine,0,0,0,200,en,True,2026-08-11T11:20:34+00:00,13.969,1,1,5,1,0,0,1,1,0,0,1,1,2,0,0,,1,0,1,0,0,0,0,0,0,0,1,0,1,1,1,0,1,1,0,1,1,0,0,1,0,1,0,0,0,1,1,0,19.95,1,0,0,0,0,0,75,1,0,1,1,1,1,88.2,1,0,0,3650.0,0,0,0.3590898790139969,0.736318407960199,0,0.0,0,9,1.0,1,0,0,0.6,0.4,0.3333333333333333,1.0,0.6,0.125,0.0
3162,Oles Honchar Dnipro National University,https://www.dnu.dp.ua,M3,Eastern & Southern Europe,Ukraine,0,0,0,200,,True,2026-08-11T11:20:50+00:00,11.498,1,1,6,1,1,0,0,1,0,0,1,1,4,1,1,2025-01-05,1,0,1,0,0,1,0,1,1,0,1,0,1,1,1,1,1,1,1,1,0,0,1,1,0,0,0,0,1,1,1,1,10.52,1,1,0,0,0,0,20,1,0,1,0,0,1,70.2,0,0,0,583.0,2,0,-0.0846605982019277,0.4850746268656716,0,0.0,0,2,1.0,0,0,0,0.6666666666666666,0.8,0.0,0.3333333333333333,0.8,0.5,0.0
3163,Kharkiv Polytechnic Institute,https://www.kpi.kharkov.ua,M3,Eastern & Southern Europe,Ukraine,0,0,0,200,en-us,True,2026-08-11T11:21:06+00:00,5.634,1,1,3,1,0,0,1,1,1,1,1,0,0,0,1,2026-08-07,1,0,1,1,6,1,1,0,0,0,1,0,1,1,1,1,1,1,0,1,0,1,0,1,0,0,0,0,0,1,1,0,13.99,1,1,0,0,0,0,90,1,0,1,0,1,1,32.0,1,0,0,4.0,3,2,-1.1377374085597511,0.1243781094527363,0,0.0,0,12,0.6,0,0,0,0.6,0.4,0.3333333333333333,0.6666666666666666,0.6,0.5,0.0
3164,Vinnytsia National Technical University,https://www.vntu.edu.ua,M3,Eastern & Southern Europe,Ukraine,0,0,0,200,en,True,2026-08-11T11:21:28+00:00,11.163,1,1,2,1,1,0,0,0,1,1,1,1,4,0,0,,1,0,1,1,0,1,1,1,1,0,1,0,1,1,1,1,1,1,0,1,1,1,1,1,0,0,0,0,1,1,1,0,10.73,1,0,0,0,0,0,75,1,0,1,1,1,1,13.7,1,0,0,3650.0,0,1,-0.1448210230774171,0.4427860696517413,0,0.0,0,9,0.35,1,0,0,0.7333333333333333,0.6,0.3333333333333333,1.0,0.8,0.75,0.0
3165,Yuriy Fedkovych Chernivtsi National University,https://www.chnu.edu.ua,M3,Eastern & Southern Europe,Ukraine,0,0,0,200,en,True,2026-08-11T11:21:38+00:00,4.839,1,1,7,1,1,0,0,0,0,0,1,1,2,0,1,2026-08-07,1,0,1,0,1,1,1,0,0,0,1,0,1,1,1,0,1,1,0,0,0,1,0,1,0,0,0,1,0,1,1,1,16.48,1,1,0,0,0,0,100,1,0,1,1,1,1,100.0,1,0,0,4.0,3,1,-1.2805061780403906,0.0845771144278607,0,0.0,0,13,1.0,0,0,0,0.4666666666666667,0.8,0.3333333333333333,1.0,0.8,0.375,0.0
3166,Odesa I. I. Mechnikov National University,https://www.onu.edu.ua,M3,Eastern & Southern Europe,Ukraine,0,0,0,200,uk-ua,True,2026-08-11T11:21:50+00:00,6.965,1,1,5,1,1,0,0,1,0,0,1,0,0,0,1,2026-04-24,1,0,1,1,0,0,0,1,1,0,1,0,1,1,1,1,1,1,1,1,1,1,0,0,0,0,0,0,1,1,1,0,7.46,0,1,0,0,0,0,75,1,0,1,1,1,1,94.4,1,0,0,109.0,2,1,-0.8987119592783285,0.1840796019900497,0,0.0,0,9,1.0,0,0,0,0.6666666666666666,0.6,0.3333333333333333,1.0,0.8,0.5,0.0
3167,Eotvos Lorand University,https://www.elte.hu,M3,Eastern & Southern Europe,Hungary,0,0,0,200,en,True,2026-08-11T11:22:08+00:00,8.444,1,1,5,1,1,0,1,1,1,1,1,1,10,1,1,2026-08-06,1,1,1,1,15,1,1,1,1,0,1,0,1,1,1,1,1,1,1,1,1,1,1,1,0,1,1,1,0,1,1,1,19.44,1,1,1,0,0,0,100,1,1,1,1,1,0,86.2,1,1,0,5.0,3,3,-0.6331081730369877,0.2487562189054726,1,0.6931471805599453,1,13,1.0,0,0,0,0.9333333333333332,0.8,0.6666666666666666,0.6666666666666666,0.8,0.75,0.25
3168,University of Szeged,https://www.u-szeged.hu,M3,Eastern & Southern Europe,Hungary,0,0,0,200,en,True,2026-08-11T11:22:38+00:00,19.402,1,0,0,1,0,0,0,1,1,0,1,1,6,0,1,2026-07-02,1,1,1,0,0,1,1,0,0,0,1,0,1,1,1,1,1,1,1,1,0,1,1,1,0,1,0,0,0,1,1,0,14.31,1,0,0,0,1,0,75,1,0,1,1,1,0,100.0,1,1,0,40.0,3,0,1.334766262143952,0.9154228855721394,0,0.0,0,9,0.0,0,0,0,0.8,0.4,0.6666666666666666,0.6666666666666666,0.4,0.375,0.25
3169,University of Debrecen,https://www.unideb.hu,M3,Eastern & Southern Europe,Hungary,0,0,0,200,en,True,2026-08-11T11:22:57+00:00,11.333,1,1,3,1,1,0,0,1,0,0,0,1,10,1,0,,1,1,1,1,2,1,1,0,0,0,1,0,1,1,1,1,1,1,0,1,0,1,1,1,1,0,0,0,0,1,1,0,14.78,1,1,0,0,1,0,75,1,0,1,0,1,0,77.8,1,0,0,3650.0,1,2,-0.1142918522450791,0.472636815920398,0,0.0,0,9,0.6,1,0,0,0.7333333333333333,0.4,0.3333333333333333,0.3333333333333333,0.8,0.5,0.25
3170,Budapest University of Technology and Economics,https://www.bme.hu,M3,Eastern & Southern Europe,Hungary,0,0,0,200,en,True,2026-08-11T11:23:18+00:00,13.384,1,1,2,0,1,1,0,1,0,0,1,0,0,0,0,,1,0,1,1,2,1,1,0,0,0,1,0,1,1,1,1,1,1,1,1,0,1,1,1,0,1,0,1,0,0,1,1,14.0,1,1,0,0,1,1,75,1,2,1,0,1,1,100.0,1,0,0,3650.0,0,2,0.2540336146791869,0.6766169154228856,2,1.0986122886681098,1,9,0.35,1,0,0,0.8,0.6,0.3333333333333333,0.6666666666666666,0.8,0.5,0.5
3171,University of Pecs,https://www.pte.hu,M3,Eastern & Southern Europe,Hungary,0,0,0,200,en,True,2026-08-11T11:23:55+00:00,12.475,1,1,9,1,1,0,0,1,1,1,0,1,7,0,1,2026-07-06,1,1,1,0,0,1,1,1,0,0,1,1,1,1,1,1,1,1,1,1,0,1,1,1,1,1,1,0,0,0,1,0,5.02,1,0,1,0,1,1,75,1,0,1,0,1,0,9.2,1,0,0,36.0,3,0,0.0907923424050971,0.6069651741293532,0,0.0,0,9,1.0,0,0,0,0.9333333333333332,0.2,0.3333333333333333,0.3333333333333333,0.8,0.625,0.75
3172,Semmelweis University,https://www.semmelweis.hu,M3,Eastern & Southern Europe,Hungary,0,0,0,200,en-us,True,2026-08-11T11:24:31+00:00,17.682,1,1,6,1,1,0,0,1,0,0,1,1,10,0,1,2026-06-26,1,1,1,1,3,1,1,1,0,0,1,0,1,1,1,1,1,1,1,1,0,1,1,1,0,1,0,1,1,1,1,1,15.87,1,1,0,0,0,0,90,1,2,1,1,1,1,16.2,1,0,0,46.0,3,3,1.025882886663826,0.8706467661691543,2,1.0986122886681098,1,12,1.0,0,0,0,0.8,1.0,0.3333333333333333,1.0,0.8,0.625,0.0
3173,Corvinus University of Budapest,https://www.uni-corvinus.hu,M3,Eastern & Southern Europe,Hungary,0,0,1,200,en-us,True,2026-08-11T11:24:59+00:00,11.32,1,1,8,1,1,0,0,1,1,2,0,1,4,0,1,2026-09-04,1,0,1,1,4,1,1,1,1,1,1,0,1,1,1,1,1,1,1,1,0,1,0,1,1,0,0,1,0,1,1,1,21.0,1,1,1,0,0,1,90,1,2,1,1,1,0,84.1,1,0,0,0.0,3,3,-0.1166264358969638,0.4676616915422885,2,1.0986122886681098,1,12,1.0,0,0,0,0.7333333333333333,0.8,0.3333333333333333,0.6666666666666666,0.8,0.875,0.5
3175,University of Miskolc,https://www.uni-miskolc.hu,M3,Eastern & Southern Europe,Hungary,0,0,0,200,en-us,True,2026-08-11T11:25:28+00:00,16.368,1,1,8,1,1,0,1,1,1,1,1,1,10,0,0,,1,1,1,1,0,1,1,0,1,1,1,0,1,1,1,1,1,1,1,1,0,1,1,1,0,1,1,1,0,1,1,1,5.87,1,1,0,0,0,1,90,1,0,1,0,1,1,22.0,1,1,0,3650.0,0,1,0.7899103544656371,0.835820895522388,0,0.0,0,12,1.0,1,0,0,0.8666666666666667,0.8,0.6666666666666666,0.6666666666666666,0.8,0.75,0.25
3176,Obuda University,https://www.uni-obuda.hu,M3,Eastern & Southern Europe,Hungary,0,0,0,200,en-gb,True,2026-08-11T12:18:08+00:00,14.965,1,1,7,1,1,1,1,1,0,0,1,1,4,0,0,,1,1,1,1,12,1,1,0,0,0,1,0,1,1,1,1,1,1,1,1,0,1,1,1,0,1,1,1,0,0,1,1,1.14,1,1,1,0,0,0,90,1,0,0,0,1,0,17.4,1,1,0,3650.0,0,2,0.5379549034199302,0.8059701492537313,0,0.0,0,12,1.0,1,0,0,0.8666666666666667,0.6,0.6666666666666666,0.3333333333333333,1.0,0.5,0.25
3177,University of Zagreb,https://www.unizg.hr,M3,Eastern & Southern Europe,Balkans,1,0,0,200,hr,True,2026-08-11T11:26:37+00:00,22.957,1,0,0,1,0,0,0,0,0,0,0,1,3,0,0,,1,0,0,0,0,0,0,0,0,0,1,0,0,0,0,0,1,0,0,0,0,1,1,0,0,0,0,0,0,0,1,0,1.48,1,0,0,0,0,0,75,1,4,1,1,1,0,0.0,0,0,0,3650.0,0,0,1.973185099255491,0.9601990049751244,4,1.6094379124341005,1,9,0.0,1,0,0,0.2,0.2,0.0,0.6666666666666666,0.4,0.125,0.0
3178,University of Rijeka,https://www.uniri.hr,M3,Eastern & Southern Europe,Balkans,1,0,1,200,en-gb,True,2026-08-11T11:26:49+00:00,6.798,1,1,9,0,1,0,0,1,1,1,1,0,0,0,1,2026-09-11,1,0,1,1,0,0,0,1,0,0,1,0,1,1,0,1,1,1,1,0,0,0,1,1,1,0,0,1,0,1,1,1,21.0,1,0,1,0,1,0,75,1,2,1,1,1,0,100.0,1,1,0,0.0,3,1,-0.9287023800371546,0.1741293532338308,2,1.0986122886681098,1,9,1.0,0,0,0,0.6,0.8,0.6666666666666666,0.6666666666666666,0.6,0.375,0.5
3179,University of Split,https://www.unist.hr,M3,Eastern & Southern Europe,Balkans,1,0,0,200,hr,True,2026-08-11T11:27:14+00:00,20.009,1,1,5,0,1,0,0,1,1,1,1,0,0,0,0,,1,0,0,0,0,1,1,0,1,0,1,0,1,1,1,1,1,1,1,1,0,1,1,1,0,0,0,1,0,1,1,1,21.0,1,1,0,1,0,0,100,1,0,1,1,1,0,94.6,1,1,0,3650.0,0,0,1.4437733603511824,0.9303482587064676,0,0.0,0,13,1.0,1,0,0,0.7333333333333333,0.8,0.6666666666666666,0.6666666666666666,0.6,0.5,0.25
3180,University of Belgrade,https://www.bg.ac.rs,M3,Eastern & Southern Europe,Balkans,1,0,0,200,sr-rs,True,2026-08-11T11:27:38+00:00,14.119,1,1,6,1,0,0,0,0,0,0,1,0,0,1,1,2026-03-31,1,0,1,1,4,1,0,0,0,0,1,0,1,1,1,1,1,1,1,1,0,1,0,1,0,0,0,0,0,0,1,0,12.63,1,0,0,0,0,0,90,1,0,1,0,1,1,0.0,1,0,0,133.0,2,2,0.3860273826895893,0.7512437810945274,0,0.0,0,12,1.0,0,0,0,0.6666666666666666,0.2,0.3333333333333333,0.6666666666666666,0.6,0.375,0.0
3182,University of Nis,https://www.ni.ac.rs,M3,Eastern & Southern Europe,Balkans,1,0,0,200,en,True,2026-08-11T11:28:15+00:00,22.435,1,1,3,1,1,0,0,0,1,1,0,1,3,0,1,2026-08-06,1,0,0,0,0,1,1,1,1,0,1,0,1,1,1,1,1,1,1,0,0,0,0,1,1,0,0,0,0,1,1,0,21.0,1,1,0,0,0,0,75,1,2,1,1,0,0,72.7,1,0,0,5.0,3,0,1.8794425864644289,0.9502487562189056,2,1.0986122886681098,1,9,0.6,0,0,0,0.6,0.4,0.3333333333333333,0.3333333333333333,0.8,0.625,0.0
3183,University of Ljubljana,https://www.uni-lj.si,M3,Eastern & Southern Europe,Balkans,1,0,0,200,en,True,2026-08-11T11:28:24+00:00,4.498,1,1,3,1,1,0,0,0,0,0,1,0,0,1,1,2026-08-03,1,0,1,1,7,1,1,1,1,0,1,0,1,1,1,1,1,1,1,1,0,1,0,1,0,0,0,1,0,1,1,1,7.01,1,1,0,0,0,0,100,1,0,1,0,1,1,95.7,1,1,0,8.0,3,3,-1.3417441030629038,0.0497512437810945,0,0.0,0,13,0.6,0,0,0,0.6666666666666666,0.8,0.6666666666666666,0.6666666666666666,0.8,0.75,0.0
3184,University of Maribor,https://www.um.si,M3,Eastern & Southern Europe,Balkans,1,0,0,200,en-gb,True,2026-08-11T11:28:43+00:00,10.845,1,1,4,1,1,0,0,1,0,0,1,0,0,0,1,2026-07-29,1,0,1,1,1,1,1,1,1,0,1,1,1,1,1,1,1,1,0,1,0,0,0,0,0,0,0,1,0,1,1,1,21.0,1,1,0,0,0,0,75,1,0,1,1,1,1,15.0,1,1,0,13.0,3,3,-0.2019285308696728,0.4278606965174129,0,0.0,0,9,0.85,0,0,0,0.4666666666666667,0.8,0.6666666666666666,1.0,0.8,0.875,0.0
3185,University of Primorska,https://www.upr.si,M3,Eastern & Southern Europe,Balkans,1,0,0,200,sl,True,2026-08-11T11:28:56+00:00,6.64,1,1,6,1,0,0,0,1,0,0,1,0,0,1,0,,1,1,1,1,0,0,0,0,0,0,1,0,0,1,1,1,1,1,1,1,0,1,1,1,0,0,0,1,0,0,1,1,9.79,1,1,0,1,0,0,100,1,0,1,1,1,1,71.4,1,1,0,3650.0,1,1,-0.9570765505754452,0.1592039800995024,0,0.0,0,13,1.0,1,0,0,0.6666666666666666,0.6,0.6666666666666666,1.0,0.6,0.25,0.25
3186,Josip Juraj Strossmayer University of Osijek,https://www.unios.hr,M3,Eastern & Southern Europe,Balkans,1,0,0,200,en-us,True,2026-08-11T11:29:17+00:00,12.61,1,1,5,1,1,0,0,0,0,0,0,0,0,0,0,,1,0,0,0,1,1,1,0,0,0,1,0,1,1,0,1,0,1,0,0,0,0,0,1,1,0,0,1,0,1,1,0,3.61,1,1,0,0,0,0,90,1,0,1,0,1,0,72.7,1,1,0,3650.0,0,1,0.1150360957131302,0.6169154228855721,0,0.0,0,12,1.0,1,0,0,0.4,0.6,0.6666666666666666,0.3333333333333333,0.8,0.375,0.0
3187,University of Kragujevac,https://www.kg.ac.rs,M3,Eastern & Southern Europe,Balkans,1,0,1,200,en,True,2026-08-11T11:29:31+00:00,5.523,0,1,0,0,1,0,0,0,0,0,1,0,0,0,1,2026-11-16,0,0,1,0,0,1,1,0,1,0,1,0,0,0,0,1,1,1,1,0,0,1,0,0,0,0,1,0,0,0,0,0,21.0,1,0,0,0,0,0,75,1,0,0,1,1,0,100.0,1,0,0,0.0,3,0,-1.1576711612796895,0.1144278606965174,0,0.0,0,9,0.0,0,0,0,0.4,0.0,0.3333333333333333,0.6666666666666666,0.4,0.5,0.0
3188,University of Nova Gorica,https://www.ung.si,M3,Eastern & Southern Europe,Balkans,1,0,0,200,en,True,2026-08-11T11:29:41+00:00,4.772,1,1,11,0,0,1,0,0,0,0,0,0,0,0,0,,1,0,1,1,2,0,0,0,0,0,1,0,1,1,1,1,1,1,1,1,1,1,0,1,1,0,1,1,0,0,1,1,16.3,1,1,0,0,0,0,90,1,0,1,1,1,0,16.1,1,1,0,3650.0,0,2,-1.2925382630154885,0.0746268656716417,0,0.0,0,12,0.8533333333333334,1,0,0,0.8666666666666667,0.6,0.6666666666666666,0.6666666666666666,0.6,0.25,0.0
3189,Sofia University St. Kliment Ohridski,https://www.uni-sofia.bg,M3,Eastern & Southern Europe,Bulgaria & Slovakia,1,0,0,200,bg-bg,False,2026-08-11T11:29:50+00:00,6.751,0,0,0,1,0,0,0,0,0,0,0,0,0,0,0,,0,0,0,0,3,1,1,0,0,0,0,0,0,0,0,0,0,1,0,0,0,0,0,0,0,0,0,0,0,1,0,0,11.62,0,0,1,0,0,0,20,1,0,1,1,1,1,50.0,0,0,0,3650.0,0,1,-0.9371427978555068,0.1691542288557214,0,0.0,0,2,0.0,1,0,0,0.0666666666666666,0.2,0.0,1.0,0.2,0.25,0.25
3191,Plovdiv University Paisii Hilendarski,https://www.uni-plovdiv.bg,M3,Eastern & Southern Europe,Bulgaria & Slovakia,1,0,0,200,en-us,True,2026-08-11T11:30:16+00:00,8.895,1,1,7,1,0,0,0,0,0,0,0,0,0,0,0,,1,0,1,1,2,1,1,0,0,0,1,1,1,0,1,1,0,1,1,1,0,0,0,0,0,0,0,0,0,1,1,0,21.0,1,0,0,0,0,0,75,1,0,1,1,1,1,92.7,1,0,0,3650.0,0,2,-0.5521160786523736,0.3034825870646766,0,0.0,0,9,1.0,1,0,0,0.4,0.4,0.3333333333333333,1.0,0.6,0.625,0.0
3192,American University in Bulgaria,https://www.aubg.edu,M3,Eastern & Southern Europe,Bulgaria & Slovakia,1,0,0,200,en-us,False,2026-08-11T11:30:27+00:00,7.817,1,1,9,0,0,0,0,0,0,0,0,0,0,0,0,,0,0,0,0,0,0,0,0,0,0,1,0,0,1,0,0,0,0,0,0,0,0,0,0,0,0,0,0,0,0,0,0,14.6,1,1,0,0,0,0,90,1,0,1,0,1,1,100.0,1,1,0,3650.0,0,0,-0.7457069384009638,0.2238805970149253,0,0.0,0,12,1.0,1,0,0,0.0666666666666666,0.0,0.6666666666666666,0.6666666666666666,0.4,0.125,0.0
3193,Comenius University Bratislava,https://www.uniba.sk,M3,Eastern & Southern Europe,Bulgaria & Slovakia,1,0,0,200,en-en,True,2026-08-11T11:30:49+00:00,13.353,1,0,0,1,0,0,1,1,0,0,1,0,1,0,1,2026-06-23,1,0,0,0,0,1,1,0,1,0,1,0,1,1,1,1,1,1,0,0,0,0,0,1,1,0,0,1,1,1,1,1,21.0,1,1,0,0,0,0,75,1,0,1,1,1,0,36.8,1,0,0,49.0,3,0,0.248466530586231,0.6716417910447762,0,0.0,0,9,0.0,0,0,0,0.5333333333333333,1.0,0.3333333333333333,0.6666666666666666,0.4,0.5,0.0
3194,Slovak University of Technology in Bratislava,https://www.stuba.sk,M3,Eastern & Southern Europe,Bulgaria & Slovakia,1,0,0,200,en,True,2026-08-11T11:31:04+00:00,7.014,1,1,2,1,1,0,0,1,1,1,1,0,1,1,1,2026-07-03,1,1,1,1,0,1,1,1,1,0,1,0,1,1,1,1,1,1,1,1,0,1,0,1,1,0,0,0,1,1,1,1,12.1,1,1,0,0,0,0,75,1,0,0,1,1,0,96.7,1,1,0,39.0,3,1,-0.8899123747443015,0.1940298507462686,0,0.0,0,9,0.35,0,0,0,0.7333333333333333,0.8,0.6666666666666666,0.6666666666666666,0.8,0.75,0.0
3195,Technical University of Kosice,https://www.tuke.sk,M3,Eastern & Southern Europe,Bulgaria & Slovakia,1,0,0,200,en,False,2026-08-11T11:31:14+00:00,7.325,1,1,2,0,1,0,0,0,0,0,0,1,10,0,1,2026-07-28,1,0,1,0,2,1,0,1,0,0,1,0,0,1,1,1,1,1,0,1,0,0,1,0,0,0,0,0,0,1,1,0,21.0,1,0,1,0,0,0,90,1,0,1,1,1,1,100.0,1,1,0,14.0,3,1,-0.8340619504569067,0.2039800995024875,0,0.0,0,12,0.35,0,0,0,0.4666666666666667,0.4,0.6666666666666666,1.0,0.6,0.375,0.25
3196,Pavol Jozef Safarik University,https://www.upjs.sk,M3,Eastern & Southern Europe,Bulgaria & Slovakia,1,0,0,200,en-us,True,2026-08-11T11:31:31+00:00,9.76,1,1,8,1,0,0,0,1,0,0,1,0,0,0,1,2026-06-26,1,0,1,1,0,1,0,0,0,0,1,0,0,1,1,1,1,1,1,1,0,1,1,1,1,0,0,1,1,1,1,1,21.0,1,1,1,0,1,0,90,1,0,1,0,1,0,26.5,1,0,0,46.0,3,1,-0.3967764741231243,0.3582089552238806,0,0.0,0,12,1.0,0,0,0,0.7333333333333333,1.0,0.3333333333333333,0.3333333333333333,0.6,0.375,0.5
3197,University of Zilina,https://www.uniza.sk,M3,Eastern & Southern Europe,Bulgaria & Slovakia,1,0,0,200,en-gb,True,2026-08-11T11:32:44+00:00,39.123,1,0,0,0,1,0,0,1,1,1,1,1,10,1,1,2026-07-03,1,0,1,1,0,0,0,1,0,1,1,0,0,1,1,1,1,1,1,1,1,1,1,1,1,0,0,0,0,1,1,0,15.43,1,1,0,0,0,0,90,1,1129,0,1,1,0,91.7,1,1,0,39.0,3,1,4.876329662052997,1.0,10,2.3978952727983707,1,12,0.0,0,0,0,0.8,0.4,0.6666666666666666,0.6666666666666666,0.4,0.5,0.0
3198,Matej Bel University,https://www.umb.sk,M3,Eastern & Southern Europe,Bulgaria & Slovakia,1,0,0,200,en,True,2026-08-11T11:33:10+00:00,15.742,1,1,1,1,1,0,0,0,1,1,0,0,0,0,0,,1,0,1,1,0,1,0,0,0,1,1,0,1,1,1,1,1,1,0,1,0,0,1,1,0,0,0,1,1,1,1,1,14.25,1,1,0,0,0,0,75,1,0,1,1,1,0,87.5,1,0,0,3650.0,0,1,0.6774911724594987,0.8208955223880597,0,0.0,0,9,0.15,1,0,0,0.6,1.0,0.3333333333333333,0.6666666666666666,0.8,0.5,0.0
3199,University of Tartu,https://www.ut.ee,M3,Eastern & Southern Europe,Baltics,1,0,1,200,en,True,2026-08-11T11:33:19+00:00,4.81,1,1,8,1,1,0,0,1,1,1,1,1,10,0,1,2026-08-31,1,1,1,1,20,1,1,1,1,0,1,0,1,1,1,1,1,1,1,1,1,1,1,1,1,0,1,0,0,0,1,1,15.43,1,1,0,0,0,0,75,1,0,1,1,1,1,74.1,1,1,0,0.0,3,3,-1.2857140954176718,0.0796019900497512,0,0.0,0,9,1.0,0,0,0,0.9333333333333332,0.4,0.6666666666666666,1.0,0.8,0.75,0.0
3200,Tallinn University of Technology,https://www.taltech.ee,M3,Eastern & Southern Europe,Baltics,1,0,1,200,et,True,2026-08-11T11:33:28+00:00,6.35,1,1,6,0,1,0,0,0,0,0,0,1,10,0,1,2026-09-05,0,0,1,0,9,1,1,1,0,0,1,0,0,1,0,0,1,1,0,0,0,0,1,0,0,0,0,1,0,1,1,1,15.91,1,1,0,0,1,0,100,1,0,1,1,1,1,71.9,1,0,0,0.0,3,1,-1.0091557243482572,0.154228855721393,0,0.0,0,13,1.0,0,0,0,0.2666666666666666,0.8,0.3333333333333333,1.0,0.6,0.5,0.25
3201,Tallinn University,https://www.tlu.ee,M3,Eastern & Southern Europe,Baltics,1,0,1,200,en,True,2026-08-11T11:33:51+00:00,12.468,1,1,2,1,1,0,0,0,1,1,1,1,10,0,1,2027-06-14,1,1,1,1,11,1,1,1,1,0,1,0,1,1,1,1,1,1,1,1,1,1,1,1,0,0,1,1,0,0,1,1,9.98,1,1,0,0,0,0,75,1,0,0,1,1,0,98.1,1,0,0,0.0,3,3,0.0895352589002362,0.5970149253731343,0,0.0,0,9,0.35,0,0,0,0.8666666666666667,0.6,0.3333333333333333,0.6666666666666666,0.8,0.75,0.0
3202,Vilnius University,https://www.vu.lt,M3,Eastern & Southern Europe,Baltics,1,0,1,200,lt,False,2026-08-11T11:34:07+00:00,13.731,1,1,2,1,1,0,0,0,0,0,0,0,0,0,1,2027-12-31,0,0,0,0,7,1,0,0,0,0,1,0,0,0,0,0,0,0,0,0,0,1,0,0,0,0,0,1,0,1,1,1,10.21,1,0,0,0,0,0,90,1,0,1,1,1,0,25.9,1,0,0,0.0,3,1,0.3163490398487238,0.7213930348258707,0,0.0,0,12,0.35,0,0,0,0.0666666666666666,0.8,0.3333333333333333,0.6666666666666666,0.8,0.25,0.0
3203,Kaunas University of Technology,https://www.ktu.edu,M3,Eastern & Southern Europe,Baltics,1,0,0,200,en,True,2026-08-11T11:34:34+00:00,13.435,1,1,5,1,1,0,0,1,0,1,1,0,0,0,1,2026-01-12,1,1,1,1,20,1,1,0,1,0,1,0,1,1,1,1,1,1,1,1,0,1,0,1,0,0,0,1,0,1,1,1,11.55,1,1,0,0,0,0,90,1,0,1,1,1,0,94.6,1,1,0,211.0,2,2,0.2631923659288883,0.6865671641791045,0,0.0,0,12,1.0,0,0,0,0.6666666666666666,0.8,0.6666666666666666,0.6666666666666666,0.8,0.625,0.0
3204,Vilnius Gediminas Technical University,https://www.vilniustech.lt,M3,Eastern & Southern Europe,Baltics,1,0,1,200,en,True,2026-08-11T11:34:49+00:00,9.6,1,1,1,1,1,0,0,0,0,0,1,1,6,1,1,2026-10-02,1,1,1,1,5,1,1,0,1,0,1,0,1,1,1,1,1,1,1,1,1,1,1,1,0,0,1,1,0,0,1,1,21.0,1,1,0,0,1,1,90,1,1,1,1,1,0,98.3,1,0,0,0.0,3,2,-0.4255098113770895,0.3432835820895522,1,0.6931471805599453,1,12,0.15,0,0,0,0.8666666666666667,0.6,0.3333333333333333,0.6666666666666666,0.8,0.625,0.5
3205,Vytautas Magnus University,https://www.vdu.lt,M3,Eastern & Southern Europe,Baltics,1,0,1,200,en-us,True,2026-08-11T11:35:10+00:00,11.309,1,1,5,1,1,0,0,0,0,0,1,0,0,1,1,2026-08-21,1,0,1,0,0,1,1,0,1,0,1,1,1,1,1,1,1,1,1,1,1,1,0,1,1,0,0,1,0,0,1,1,11.73,1,1,1,0,0,1,90,1,2,1,1,1,0,2.6,1,0,0,0.0,3,0,-0.1186018528331741,0.4626865671641791,2,1.0986122886681098,1,12,1.0,0,0,0,0.8,0.6,0.3333333333333333,0.6666666666666666,0.8,0.625,0.5
3206,University of Latvia,https://www.lu.lv,M3,Eastern & Southern Europe,Baltics,1,0,0,200,en,True,2026-08-11T11:35:39+00:00,17.751,1,1,5,0,1,0,1,1,0,0,1,1,10,0,1,2026-08-04,1,1,1,1,7,0,0,1,0,0,1,0,1,1,1,1,1,1,1,1,1,1,1,1,0,0,0,0,0,1,1,1,17.22,1,1,0,1,1,0,50,1,0,1,0,0,1,96.7,1,0,0,7.0,3,3,1.038274138354599,0.8756218905472637,0,0.0,0,5,1.0,0,0,0,0.8,0.6,0.3333333333333333,0.3333333333333333,0.6,0.375,0.5
3208,Riga Stradins University,https://www.rsu.lv,M3,Eastern & Southern Europe,Baltics,1,0,1,200,en,True,2026-08-11T11:36:02+00:00,7.565,1,1,9,1,1,0,0,1,1,1,1,1,10,0,1,2026-08-31,1,1,1,1,15,1,1,1,0,0,1,0,1,1,1,1,1,1,0,1,1,1,0,1,0,0,0,0,1,1,1,0,21.0,1,0,1,0,0,0,75,1,0,1,1,1,1,20.0,1,1,0,0.0,3,3,-0.7909619445759589,0.2139303482587064,0,0.0,0,9,1.0,0,0,0,0.6666666666666666,0.6,0.6666666666666666,1.0,0.8,0.625,0.25
3209,Estonian University of Life Sciences,https://www.emu.ee,M3,Eastern & Southern Europe,Baltics,1,0,0,200,en,True,2026-08-11T11:36:18+00:00,10.298,1,1,4,1,1,0,0,0,0,0,1,1,4,0,1,2026-07-31,1,1,1,1,20,1,1,1,1,1,1,0,1,1,1,1,1,1,1,1,1,1,0,1,0,0,0,1,1,0,1,1,15.43,1,1,0,0,0,0,75,1,0,1,0,1,1,82.4,1,1,0,11.0,3,3,-0.3001606276066664,0.3830845771144278,0,0.0,0,9,0.85,0,0,0,0.7333333333333333,0.8,0.6666666666666666,0.6666666666666666,0.8,0.875,0.0
3210,Lithuanian University of Health Sciences,https://www.lsmuni.lt,M3,Eastern & Southern Europe,Baltics,1,0,1,200,en-us,True,2026-08-11T11:36:41+00:00,13.754,1,1,5,1,1,0,0,0,1,1,0,0,0,0,1,2026-10-21,1,0,1,1,4,1,0,0,0,1,1,0,1,1,1,1,1,1,1,1,1,1,0,1,0,0,0,1,0,1,1,1,21.0,1,1,0,0,0,0,75,1,0,1,1,1,1,77.8,1,1,0,0.0,3,2,0.3204794570789812,0.7263681592039801,0,0.0,0,9,1.0,0,0,0,0.7333333333333333,0.8,0.6666666666666666,1.0,0.8,0.5,0.0
3300,University of Salento,https://www.unisalento.it,M3,Eastern & Southern Europe,Italy,0,1,0,200,it-it,False,2026-08-11T11:29:06+00:00,6.701,1,1,1,1,0,0,0,0,1,1,0,1,6,0,0,,1,1,1,0,16,1,1,0,0,0,1,0,1,0,0,1,1,0,0,0,0,1,1,0,0,0,0,1,0,0,1,1,21.0,1,1,0,0,0,0,75,1,0,1,1,1,0,71.7,1,0,0,3650.0,0,1,-0.946121965747371,0.1641791044776119,0,0.0,0,9,0.15,1,0,0,0.3333333333333333,0.6,0.3333333333333333,0.6666666666666666,0.6,0.375,0.0
3301,University of L'Aquila,https://www.univaq.it,M3,Eastern & Southern Europe,Italy,0,1,0,200,it,True,2026-08-11T11:29:45+00:00,13.793,1,0,0,1,0,0,0,1,1,0,1,1,8,1,0,,1,1,1,1,0,0,0,0,1,0,1,0,0,1,1,1,1,1,1,1,0,1,1,1,1,0,0,0,1,1,1,0,19.65,1,0,0,0,0,0,75,1,0,1,0,0,0,100.0,1,1,0,3650.0,1,1,0.3274832080346352,0.7313432835820896,0,0.0,0,9,0.0,1,0,0,0.7333333333333333,0.6,0.6666666666666666,0.0,0.4,0.375,0.0
3302,University of Basilicata,https://www.unibas.it,M3,Eastern & Southern Europe,Italy,0,1,0,200,en,True,2026-08-11T11:30:03+00:00,7.993,1,1,5,1,1,0,0,0,0,0,0,0,0,1,0,,0,0,1,0,0,0,0,0,0,1,1,0,0,1,1,0,0,1,1,0,0,1,0,1,1,0,1,1,0,0,1,1,21.0,1,1,0,0,0,0,75,1,2,0,1,1,0,100.0,1,0,0,3650.0,1,0,-0.7141002674216022,0.2288557213930348,2,1.0986122886681098,1,9,1.0,1,0,0,0.5333333333333333,0.6,0.3333333333333333,0.6666666666666666,0.8,0.25,0.0
3303,Polytechnic University of Bari,https://www.poliba.it,M3,Eastern & Southern Europe,Italy,0,1,0,200,en,False,2026-08-11T11:30:20+00:00,14.392,1,1,3,1,1,0,0,0,1,0,1,1,10,0,1,2026-08-03,1,0,1,1,6,1,1,1,1,0,1,0,1,1,1,1,1,1,1,1,1,1,0,1,0,0,0,1,0,1,1,1,13.97,1,1,1,1,0,0,75,1,0,1,0,1,0,38.9,1,1,0,8.0,3,3,0.4350536393791673,0.7661691542288557,0,0.0,0,9,0.6,0,0,0,0.7333333333333333,0.8,0.6666666666666666,0.3333333333333333,0.8,0.75,0.5
3304,University of Burgos,https://www.ubu.es,M3,Eastern & Southern Europe,Spain,0,1,0,200,es,True,2026-08-11T11:30:34+00:00,7.417,1,1,8,0,1,1,0,0,0,0,0,0,0,0,0,,0,1,0,0,1,1,1,0,0,1,1,0,0,1,0,1,1,1,0,0,0,1,0,1,1,0,0,1,0,0,1,1,14.07,1,1,0,0,0,0,75,1,0,1,0,1,0,100.0,1,0,0,3650.0,0,1,-0.8175402815358768,0.208955223880597,0,0.0,0,9,1.0,1,0,0,0.4666666666666667,0.6,0.3333333333333333,0.3333333333333333,0.8,0.5,0.0
3305,University of Jaen,https://www.ujaen.es,M3,Eastern & Southern Europe,Spain,0,1,0,200,en,True,2026-08-11T11:30:53+00:00,14.622,1,1,5,1,1,0,0,0,0,0,0,1,9,0,1,2026-06-26,1,1,1,1,20,1,1,1,0,0,1,0,1,1,1,1,1,1,1,1,1,1,0,1,1,0,0,1,1,0,1,1,9.56,1,1,0,0,0,0,100,1,0,0,0,1,0,100.0,1,0,0,46.0,3,3,0.4763578116817423,0.7761194029850746,0,0.0,0,13,1.0,0,0,0,0.8,0.8,0.3333333333333333,0.3333333333333333,0.8,0.625,0.0
3306,Pablo de Olavide University,https://www.upo.es,M3,Eastern & Southern Europe,Spain,0,1,0,200,es,False,2026-08-11T11:31:07+00:00,11.761,1,1,5,1,0,0,0,0,0,0,0,0,0,0,0,,0,0,0,0,0,1,1,0,0,0,1,0,0,0,0,1,1,0,0,0,0,1,0,1,0,0,0,1,0,1,1,1,12.63,1,0,1,0,0,0,75,1,1,1,1,0,0,95.5,1,0,0,3650.0,0,0,-0.0374301750907225,0.5223880597014925,1,0.6931471805599453,1,9,1.0,1,0,0,0.2666666666666666,0.8,0.3333333333333333,0.3333333333333333,0.6,0.375,0.25
3307,Miguel Hernandez University,https://www.umh.es,M3,Eastern & Southern Europe,Spain,0,1,1,200,en,True,2026-08-11T11:31:19+00:00,6.882,1,1,3,1,1,0,0,1,1,1,1,1,8,1,1,2026-12-23,1,1,1,1,20,0,0,1,0,0,1,0,1,1,1,1,1,1,1,1,1,1,1,1,0,0,0,1,0,1,1,1,16.48,1,1,0,0,0,0,100,1,0,1,1,1,1,64.7,1,1,0,0.0,3,3,-0.9136173779788228,0.1791044776119403,0,0.0,0,13,0.6,0,0,0,0.8,0.8,0.6666666666666666,1.0,0.8,0.375,0.0
3308,Public University of Navarre,https://www.unavarra.es,M3,Eastern & Southern Europe,Spain,0,1,0,200,en,True,2026-08-11T11:31:33+00:00,10.521,1,1,5,1,1,0,0,1,0,0,0,1,10,1,0,,1,0,1,1,2,1,1,0,0,0,1,0,1,1,1,1,1,1,1,1,1,1,0,1,0,0,0,1,1,1,1,1,18.58,1,0,0,0,0,0,75,1,0,0,1,1,0,64.8,1,0,0,3650.0,1,2,-0.2601135388089523,0.4079601990049751,0,0.0,0,9,1.0,1,0,0,0.7333333333333333,1.0,0.3333333333333333,0.6666666666666666,0.8,0.5,0.0
3309,University of Opole,https://www.uni.opole.pl,M3,Eastern & Southern Europe,Poland,0,1,0,200,en-us,True,2026-08-11T11:31:58+00:00,14.434,1,1,8,0,1,0,0,0,0,0,1,1,10,1,1,2026-07-29,1,1,1,1,0,0,0,1,1,0,1,0,1,1,1,1,1,1,1,0,0,0,1,1,0,0,0,1,0,1,1,1,12.63,1,1,0,0,0,0,90,1,0,0,0,1,0,71.1,1,1,0,13.0,3,1,0.4425961404083331,0.7711442786069652,0,0.0,0,12,1.0,0,0,0,0.6,0.8,0.6666666666666666,0.3333333333333333,0.6,0.5,0.0
3310,University of Zielona Gora,https://www.uz.zgora.pl,M3,Eastern & Southern Europe,Poland,0,1,0,200,en,True,2026-08-11T11:32:17+00:00,9.539,1,1,20,0,0,0,0,0,0,0,1,1,6,0,0,,1,0,0,1,1,1,1,1,0,0,1,0,0,1,1,0,1,1,0,1,0,0,0,1,0,0,0,1,1,0,1,0,21.0,1,1,0,0,0,0,75,1,0,1,0,1,0,60.6,1,1,0,3650.0,0,3,-0.4364643962051637,0.3383084577114428,0,0.0,0,9,0.45,1,0,0,0.4,0.6,0.6666666666666666,0.3333333333333333,0.4,0.625,0.0
3311,West Pomeranian University of Technology,https://www.zut.edu.pl,M3,Eastern & Southern Europe,Poland,0,1,0,200,en-us,True,2026-08-11T11:32:38+00:00,11.291,1,1,5,1,0,1,0,1,1,1,1,0,0,1,1,2026-07-24,1,0,0,0,0,0,0,1,1,0,1,0,1,0,1,1,1,1,1,1,0,0,0,1,0,0,0,1,1,0,1,0,7.46,1,0,0,0,0,0,75,1,0,1,0,1,0,100.0,1,1,0,18.0,3,0,-0.121834353274245,0.4577114427860697,0,0.0,0,9,1.0,0,0,0,0.5333333333333333,0.6,0.6666666666666666,0.3333333333333333,0.8,0.375,0.0
3312,University of West Attica,https://www.uniwa.gr,M3,Eastern & Southern Europe,Greece,0,0,0,200,en-gb,True,2026-08-11T11:32:55+00:00,8.945,1,1,5,1,1,1,0,0,1,1,1,1,4,0,0,,0,1,0,0,1,1,1,0,0,0,1,0,0,1,1,1,1,1,0,1,0,1,1,1,1,0,0,1,1,1,1,1,19.43,1,1,1,0,1,1,90,1,0,1,1,1,0,68.4,1,0,0,3650.0,0,1,-0.5431369107605093,0.308457711442786,0,0.0,0,12,1.0,1,0,0,0.6666666666666666,1.0,0.3333333333333333,0.6666666666666666,1.0,0.375,0.75
3313,Hellenic Mediterranean University,https://www.hmu.gr,M3,Eastern & Southern Europe,Greece,0,0,0,200,en-gb,True,2026-08-11T11:33:27+00:00,18.362,1,0,0,1,1,0,0,0,0,0,0,1,8,1,1,2026-07-16,1,1,1,1,3,1,1,1,0,1,1,0,1,1,1,1,1,1,0,1,1,1,1,1,1,0,0,1,0,1,1,1,5.74,1,1,0,0,1,0,90,1,0,1,1,1,0,51.9,1,1,0,26.0,3,3,1.147999569993178,0.8855721393034826,0,0.0,0,12,0.0,0,0,0,0.8,0.8,0.6666666666666666,0.6666666666666666,0.6,0.75,0.25
3314,University of Zagreb Faculty,https://www.pmf.unizg.hr,M3,Eastern & Southern Europe,Balkans,1,0,0,200,en,True,2026-08-11T11:33:46+00:00,8.791,1,1,6,1,0,0,0,0,0,0,0,1,4,0,0,,1,0,1,1,0,1,1,0,0,1,1,0,1,1,0,1,1,1,0,0,0,0,0,1,0,0,1,0,0,1,1,0,14.99,1,0,0,0,0,0,75,1,0,1,0,1,0,28.6,1,1,0,3650.0,0,1,-0.5707927478674508,0.2985074626865671,0,0.0,0,9,1.0,1,0,0,0.4666666666666667,0.4,0.6666666666666666,0.3333333333333333,0.6,0.625,0.0
3315,University of Banja Luka,https://www.unibl.org,M3,Eastern & Southern Europe,Balkans,1,0,0,200,en,True,2026-08-11T11:34:09+00:00,12.038,1,1,5,1,1,0,0,0,1,1,1,1,4,0,1,2026-07-28,1,0,1,1,15,1,1,1,1,0,1,0,1,1,1,1,1,1,1,0,0,1,0,1,1,0,0,1,0,1,1,1,15.43,1,1,0,0,0,0,75,1,0,1,0,0,0,91.7,1,0,0,14.0,3,3,0.0123144150302048,0.5671641791044776,0,0.0,0,9,1.0,0,0,0,0.6666666666666666,0.8,0.3333333333333333,0.0,0.8,0.75,0.0
3316,Sts. Cyril and Methodius University Skopje,https://www.ukim.edu.mk,M3,Eastern & Southern Europe,Balkans,1,0,0,200,en-gb,True,2026-08-11T11:34:43+00:00,16.309,1,1,10,1,1,0,0,1,1,1,1,1,8,1,1,2026-06-02,1,1,1,1,0,0,0,1,1,1,1,0,1,1,1,1,1,1,1,1,0,1,0,1,0,0,0,0,0,1,1,0,15.43,1,0,0,0,0,0,90,1,0,0,0,1,1,80.0,1,0,0,70.0,3,1,0.7793149363532379,0.8308457711442786,0,0.0,0,12,0.9266666666666666,0,0,0,0.6666666666666666,0.4,0.3333333333333333,0.6666666666666666,0.8,0.625,0.0
3400,Sofia Medical University,https://www.mu-sofia.bg,M3,Eastern & Southern Europe,Bulgaria & Slovakia,1,0,0,200,en-us,True,2026-08-11T13:19:57+00:00,12.128,1,1,6,1,1,0,0,1,1,1,1,1,8,1,1,2026-07-22,1,0,1,1,3,1,1,1,0,0,1,0,1,1,1,1,1,1,1,1,0,1,1,1,0,0,0,0,0,1,1,1,11.9,1,1,0,0,1,0,90,1,0,1,1,1,1,54.2,1,0,0,20.0,3,3,0.0284769172355602,0.582089552238806,0,0.0,0,12,1.0,0,0,0,0.7333333333333333,0.6,0.3333333333333333,1.0,0.8,0.625,0.25
3402,University of National and World Economy,https://www.unwe.bg,M3,Eastern & Southern Europe,Bulgaria & Slovakia,1,0,0,200,en,True,2026-08-11T13:20:54+00:00,11.873,1,1,20,1,1,0,0,0,1,1,1,1,7,0,1,2026-07-08,1,0,1,1,15,1,1,1,0,1,1,0,1,1,1,0,1,1,1,1,0,0,0,1,1,0,0,0,0,0,1,0,12.63,1,1,0,0,0,0,100,1,4,1,1,1,1,67.6,1,1,0,34.0,3,3,-0.0173168390129468,0.5398009950248757,4,1.6094379124341005,1,13,0.45,0,0,0,0.6,0.2,0.6666666666666666,1.0,0.8,0.75,0.0
3403,Slovak University of Agriculture in Nitra,https://www.uniag.sk,M3,Eastern & Southern Europe,Bulgaria & Slovakia,1,0,0,200,en,True,2026-08-11T13:21:12+00:00,9.019,1,1,8,1,0,0,0,1,1,1,1,1,9,1,1,2026-07-13,1,1,1,1,0,1,1,1,1,0,1,0,1,1,1,1,1,1,1,1,0,1,0,1,0,1,1,1,0,1,1,1,21.0,1,1,0,0,0,0,75,1,1,1,0,0,0,54.2,1,0,0,29.0,3,1,-0.5298477422805504,0.3184079601990049,1,0.6931471805599453,1,9,1.0,0,0,0,0.8,0.8,0.3333333333333333,0.0,0.6,0.75,0.0
4001,Tsinghua University,https://www.tsinghua.edu.cn,M4,Asia (East & Southeast),China,0,1,0,200,,True,2026-08-11T10:23:37+00:00,12.446,1,0,0,1,0,0,0,0,0,0,0,1,3,0,0,,1,1,1,1,1,1,1,0,0,1,1,0,1,1,1,1,1,1,0,0,0,1,0,1,0,0,0,0,0,1,1,0,21.0,1,0,0,0,0,1,75,1,0,1,0,0,0,0.0,0,0,0,3650.0,0,2,0.14211768077957,0.66,0,0.0,0,9,0.0,1,0,0,0.5333333333333333,0.4,0.0,0.0,0.4,0.625,0.25
4002,Peking University,https://www.pku.edu.cn,M4,Asia (East & Southeast),China,0,1,0,200,,True,2026-08-11T10:23:59+00:00,11.726,0,0,0,1,0,0,0,0,1,1,1,0,1,0,1,2026-07-27,1,0,1,1,0,0,0,0,0,0,1,0,1,1,1,1,1,1,0,1,1,1,0,1,0,0,0,0,0,1,1,0,12.63,1,0,0,0,0,0,75,1,0,1,1,1,0,0.0,0,0,0,15.0,3,1,-0.0027238249833755,0.57,0,0.0,0,9,0.0,0,0,0,0.6666666666666666,0.4,0.0,0.6666666666666666,0.2,0.25,0.0
4003,Fudan University,https://www.fudan.edu.cn,M4,Asia (East & Southeast),China,0,1,0,200,,True,2026-08-11T10:24:22+00:00,11.8,1,0,0,0,0,0,0,0,0,0,1,1,7,0,0,,1,0,1,1,0,1,0,0,0,1,1,0,1,1,0,1,1,1,0,1,1,1,0,1,0,0,0,0,0,1,0,0,12.63,1,0,0,0,0,0,75,1,2,1,1,1,0,0.0,0,0,0,3650.0,0,1,0.0121626631089271,0.59,2,1.0986122886681098,1,9,0.0,1,0,0,0.6,0.2,0.0,0.6666666666666666,0.2,0.5,0.0
4004,Shanghai Jiao Tong University,https://www.sjtu.edu.cn,M4,Asia (East & Southeast),China,0,1,0,200,en,True,2026-08-11T10:24:58+00:00,22.464,1,0,0,1,1,0,0,1,0,0,1,1,10,1,1,2026-08-05,1,0,1,1,2,1,0,0,1,1,1,0,1,1,1,1,1,1,1,0,1,1,1,1,0,0,0,1,0,1,1,1,17.4,1,1,0,0,0,0,75,1,0,1,0,1,1,0.0,1,1,0,6.0,3,2,2.157426298464558,0.97,0,0.0,0,9,0.0,0,0,0,0.7333333333333333,0.8,0.6666666666666666,0.6666666666666666,0.6,0.625,0.0
4005,Zhejiang University,https://www.zju.edu.cn,M4,Asia (East & Southeast),China,0,1,0,200,en,True,2026-08-11T10:25:23+00:00,10.012,1,0,0,0,0,0,0,0,0,0,1,1,10,0,1,2026-07-24,1,1,1,1,3,1,0,0,1,0,1,0,1,1,1,1,1,1,0,0,0,1,0,1,0,0,0,0,0,1,1,1,10.16,1,1,0,0,0,0,75,1,0,1,0,0,0,20.0,1,0,0,18.0,3,2,-0.3475270762023884,0.335,0,0.0,0,9,0.0,0,0,0,0.5333333333333333,0.6,0.3333333333333333,0.0,0.2,0.5,0.0
4006,University of Science and Technology of China,https://www.ustc.edu.cn,M4,Asia (East & Southeast),China,0,1,0,200,,False,2026-08-11T10:25:39+00:00,14.406,1,1,20,1,0,0,0,0,0,0,0,0,0,0,0,,0,0,0,0,0,0,0,0,0,0,1,0,0,0,0,0,0,0,0,0,0,0,0,0,0,0,0,1,0,0,0,0,18.8,0,1,0,0,0,0,75,1,0,1,0,1,0,0.0,0,0,0,3650.0,0,0,0.5364084464675895,0.795,0,0.0,0,9,0.45,1,0,0,0.0,0.2,0.0,0.3333333333333333,0.6,0.125,0.0
4007,Nanjing University,https://www.nju.edu.cn,M4,Asia (East & Southeast),China,0,1,0,200,en,False,2026-08-11T10:26:47+00:00,13.196,1,1,9,1,0,0,0,1,0,0,1,1,10,0,1,2026-08-09,1,0,1,1,0,0,0,0,1,0,1,0,1,1,1,1,1,1,1,1,0,1,0,0,0,0,0,0,0,1,1,0,12.63,1,0,0,0,0,0,75,1,0,1,0,1,0,0.0,0,0,0,2.0,3,1,0.2929942492826386,0.72,0,0.0,0,9,1.0,0,0,0,0.6,0.4,0.0,0.3333333333333333,0.6,0.375,0.0
4008,Wuhan University,https://www.whu.edu.cn,M4,Asia (East & Southeast),China,0,1,0,200,en,True,2026-08-11T10:27:14+00:00,14.507,1,0,0,1,0,0,0,0,0,0,0,1,4,1,1,2026-08-07,1,0,1,1,6,1,1,0,1,0,1,0,1,1,1,1,1,0,0,1,0,1,1,1,0,0,0,0,0,1,1,1,15.43,1,1,0,0,0,0,75,1,0,1,0,0,0,5.1,1,0,0,4.0,3,2,0.5567264910260025,0.805,0,0.0,0,9,0.0,0,0,0,0.6,0.6,0.3333333333333333,0.0,0.4,0.625,0.0
4009,Sun Yat-sen University,https://www.sysu.edu.cn,M4,Asia (East & Southeast),China,0,1,0,200,zh-cn,True,2026-08-11T10:27:41+00:00,15.228,1,0,0,1,0,0,0,1,0,0,1,1,10,0,1,2026-08-07,1,0,1,0,0,0,0,0,1,1,1,0,1,1,1,1,1,1,1,1,1,1,1,0,0,0,0,1,0,1,1,1,12.63,1,1,0,0,0,0,75,1,1,1,0,1,0,0.0,1,0,0,4.0,3,0,0.7017691655469525,0.845,1,0.6931471805599453,1,9,0.0,0,0,0,0.7333333333333333,0.8,0.3333333333333333,0.3333333333333333,0.4,0.375,0.0
4010,Huazhong University of Science and Technology,https://www.hust.edu.cn,M4,Asia (East & Southeast),China,0,1,0,200,en,True,2026-08-11T10:28:06+00:00,11.241,1,0,0,1,0,0,0,0,1,1,1,1,3,1,1,2026-07-23,1,1,1,1,2,1,1,0,1,0,1,0,1,1,1,1,1,1,1,1,0,1,1,1,0,0,1,0,0,1,1,0,12.63,1,0,0,0,0,0,75,0,2,1,0,0,0,1.2,0,0,0,19.0,3,2,-0.1002906726153601,0.54,2,1.0986122886681098,1,9,0.0,0,0,0,0.8,0.4,0.0,0.0,0.4,0.625,0.0
4011,Harbin Institute of Technology,https://www.hit.edu.cn,M4,Asia (East & Southeast),China,0,1,0,200,zh-cn,False,2026-08-11T10:28:29+00:00,20.261,1,0,0,0,0,0,0,0,0,0,0,1,3,0,0,,0,0,0,0,0,1,0,0,0,1,1,0,0,0,0,0,0,0,0,0,0,0,0,0,0,0,0,0,0,1,0,0,9.01,1,0,0,0,0,0,75,1,0,0,1,1,0,67.7,1,0,0,3650.0,0,0,1.7142515245815446,0.94,0,0.0,0,9,0.0,1,0,0,0.0,0.2,0.3333333333333333,0.6666666666666666,0.2,0.375,0.0
4012,Xi'an Jiaotong University,https://www.xjtu.edu.cn,M4,Asia (East & Southeast),China,0,1,0,200,,False,2026-08-11T10:28:39+00:00,6.83,1,0,0,1,0,0,0,0,0,0,0,0,0,0,1,2026-07-22,0,0,0,0,0,0,0,0,0,0,1,0,1,0,0,0,0,0,0,0,0,0,0,0,0,0,0,0,0,0,0,0,21.0,0,0,0,0,0,0,0,1,0,1,0,0,0,0.0,0,0,0,20.0,3,0,-0.9876460641714074,0.14,0,0.0,0,1,0.0,0,0,0,0.0666666666666666,0.0,0.0,0.0,0.4,0.125,0.0
4013,Tongji University,https://www.tongji.edu.cn,M4,Asia (East & Southeast),China,0,1,0,200,,True,2026-08-11T10:29:05+00:00,8.989,1,0,0,0,0,0,0,0,0,0,1,1,10,0,1,2026-08-07,1,0,0,1,0,1,1,0,1,1,1,0,1,1,1,1,1,1,0,1,0,1,0,0,0,0,0,1,0,1,1,1,21.0,1,0,0,0,0,0,90,1,0,0,0,1,0,0.0,0,1,0,4.0,3,1,-0.5533227156405738,0.215,0,0.0,0,12,0.0,0,0,0,0.5333333333333333,0.8,0.3333333333333333,0.3333333333333333,0.2,0.75,0.0
4014,Beijing Normal University,https://www.bnu.edu.cn,M4,Asia (East & Southeast),China,0,1,0,200,,False,2026-08-11T10:29:22+00:00,13.514,1,0,0,0,0,0,0,0,0,0,0,1,8,0,0,,0,0,0,0,0,0,0,0,0,0,1,0,0,0,0,0,0,0,0,0,0,0,0,0,0,0,0,1,0,1,1,0,12.82,1,1,0,0,0,0,75,1,1,0,0,1,0,0.0,0,0,0,3650.0,0,0,0.3569659143279396,0.74,1,0.6931471805599453,1,9,0.0,1,0,0,0.0,0.6,0.0,0.3333333333333333,0.2,0.125,0.0
4015,Nankai University,https://www.nankai.edu.cn,M4,Asia (East & Southeast),China,0,1,0,200,,True,2026-08-11T10:29:46+00:00,11.032,1,0,0,1,1,0,0,0,0,0,1,1,10,0,1,2026-07-07,1,0,1,1,3,1,0,0,1,1,1,0,1,1,1,1,1,1,1,1,1,1,0,1,0,0,0,0,0,1,1,0,21.0,1,0,0,0,0,0,75,1,2,1,0,0,0,0.0,0,0,0,35.0,3,2,-0.1423349430382151,0.51,2,1.0986122886681098,1,9,0.0,0,0,0,0.7333333333333333,0.4,0.0,0.0,0.6,0.625,0.0
4016,Tianjin University,https://www.tju.edu.cn,M4,Asia (East & Southeast),China,0,1,0,200,en,True,2026-08-11T10:30:12+00:00,11.777,1,0,0,1,1,0,0,0,1,1,1,1,10,1,1,2026-08-10,1,1,1,1,0,0,0,0,1,1,1,0,1,1,1,1,1,1,1,1,1,1,1,1,0,0,0,0,0,1,1,0,21.0,1,0,0,0,0,0,75,0,2,1,1,0,0,0.6,1,0,0,1.0,3,1,0.0075357816748327,0.585,2,1.0986122886681098,1,9,0.0,0,0,0,0.8,0.4,0.3333333333333333,0.3333333333333333,0.6,0.5,0.0
4018,Shandong University,https://www.sdu.edu.cn,M4,Asia (East & Southeast),China,0,1,0,200,,True,2026-08-11T10:30:48+00:00,12.239,1,0,0,1,0,0,0,0,0,0,1,1,8,0,1,2026-08-04,1,0,1,1,0,0,0,0,0,0,1,0,1,1,1,1,1,1,0,1,0,1,0,1,1,0,0,0,0,1,0,0,21.0,1,0,0,0,0,0,75,1,0,1,0,0,0,0.0,0,0,0,7.0,3,1,0.1004757478727233,0.635,0,0.0,0,9,0.0,0,0,0,0.6666666666666666,0.2,0.0,0.0,0.4,0.25,0.0
4019,Central South University,https://www.csu.edu.cn,M4,Asia (East & Southeast),China,0,1,0,200,,True,2026-08-11T10:31:13+00:00,11.536,1,0,0,1,0,0,0,0,0,0,1,1,3,1,1,2025-10-24,1,0,1,1,1,1,1,0,1,0,1,0,1,1,1,1,1,1,1,1,0,1,0,1,1,0,0,0,0,1,1,0,21.0,1,0,0,0,0,0,0,1,0,1,0,0,0,2.4,0,0,0,291.0,2,2,-0.0409458890041531,0.565,0,0.0,0,1,0.0,0,0,0,0.7333333333333333,0.4,0.0,0.0,0.4,0.625,0.0
4020,Xiamen University,https://www.xmu.edu.cn,M4,Asia (East & Southeast),China,0,1,0,200,,True,2026-08-11T10:31:39+00:00,14.886,1,0,0,1,0,0,0,0,0,0,1,1,4,0,1,2026-08-07,1,0,1,1,2,1,1,0,0,1,1,0,1,1,1,1,1,1,1,1,0,0,0,0,0,0,0,0,0,1,1,0,21.0,1,0,0,0,0,0,75,1,0,1,0,0,0,0.0,0,0,0,4.0,3,2,0.6329694503095531,0.83,0,0.0,0,9,0.0,0,0,0,0.5333333333333333,0.4,0.0,0.0,0.4,0.625,0.0
4021,Southeast University,https://www.seu.edu.cn,M4,Asia (East & Southeast),China,0,1,0,200,,True,2026-08-11T10:32:06+00:00,11.007,1,0,0,1,0,0,0,0,0,0,1,1,6,0,1,2026-08-07,1,0,1,1,0,1,0,0,1,1,1,0,1,1,1,1,1,1,1,1,0,1,0,1,0,0,0,0,0,1,1,0,15.72,1,0,0,0,1,0,75,1,0,1,1,1,0,0.0,0,0,0,4.0,3,1,-0.1473641619883175,0.5,0,0.0,0,9,0.0,0,0,0,0.6666666666666666,0.4,0.0,0.6666666666666666,0.4,0.625,0.25
4023,South China University of Technology,https://www.scut.edu.cn,M4,Asia (East & Southeast),China,0,1,0,200,,True,2026-08-11T10:33:46+00:00,9.051,1,1,2,0,0,0,0,1,0,0,1,0,1,0,1,2026-07-24,1,0,1,1,0,1,0,0,1,0,1,0,1,1,1,1,1,1,1,1,0,1,1,1,0,1,0,0,0,1,0,0,12.21,1,1,0,0,0,0,75,1,2,0,0,0,0,0.0,0,0,0,18.0,3,1,-0.5408502526443203,0.23,2,1.0986122886681098,1,9,0.35,0,0,0,0.8,0.2,0.0,0.0,0.4,0.5,0.0
4024,Jilin University,https://www.jlu.edu.cn,M4,Asia (East & Southeast),China,0,1,0,200,,True,2026-08-11T10:34:06+00:00,11.009,1,0,0,0,0,0,0,1,0,0,1,1,10,0,1,2026-06-10,1,1,0,0,1,1,0,0,0,0,1,0,0,1,1,1,1,1,0,1,0,1,0,1,0,0,0,0,0,1,0,0,21.0,1,0,0,0,0,0,75,1,0,0,0,1,0,0.0,0,0,0,62.0,3,1,-0.1469618244723092,0.505,0,0.0,0,9,0.0,0,0,0,0.5333333333333333,0.2,0.0,0.3333333333333333,0.2,0.25,0.0
4025,Dalian University of Technology,https://www.dlut.edu.cn,M4,Asia (East & Southeast),China,0,1,0,200,zh-en,True,2026-08-11T10:34:35+00:00,16.675,1,0,0,1,0,0,0,0,0,0,1,1,10,0,1,2026-06-22,1,1,1,1,4,0,0,1,0,1,1,0,1,1,1,1,1,1,0,1,1,0,0,1,0,0,0,0,0,0,1,0,12.63,1,0,0,0,0,0,75,1,0,1,1,0,0,0.0,1,0,0,50.0,3,3,0.992860358378873,0.87,0,0.0,0,9,0.0,0,0,0,0.6,0.2,0.3333333333333333,0.3333333333333333,0.4,0.5,0.0
4026,Renmin University of China,https://www.ruc.edu.cn,M4,Asia (East & Southeast),China,0,1,0,200,en,False,2026-08-11T10:35:14+00:00,13.552,1,0,0,1,1,0,0,0,0,0,0,1,10,0,1,2026-08-11,1,0,0,1,5,1,1,0,0,0,1,0,0,1,0,1,0,0,0,0,0,0,0,0,0,0,0,1,0,1,0,0,12.63,1,1,0,0,0,0,75,1,0,0,0,1,0,0.0,1,0,0,0.0,3,2,0.3646103271320952,0.75,0,0.0,0,9,0.0,0,0,0,0.1333333333333333,0.4,0.3333333333333333,0.3333333333333333,0.6,0.5,0.0
4029,Northwestern Polytechnical University,https://www.nwpu.edu.cn,M4,Asia (East & Southeast),China,0,1,0,200,,True,2026-08-11T10:36:36+00:00,18.259,1,0,0,1,0,0,0,0,0,0,1,0,0,1,0,,1,0,1,1,1,1,1,0,0,1,1,0,1,1,1,1,1,1,1,1,0,1,0,1,0,0,0,0,0,1,0,0,20.27,1,0,0,0,0,0,55,1,0,1,1,1,0,25.0,0,0,0,3650.0,1,2,1.3115116710573538,0.91,0,0.0,0,6,0.0,1,0,0,0.6666666666666666,0.2,0.0,0.6666666666666666,0.4,0.625,0.0
4030,East China Normal University,https://www.ecnu.edu.cn,M4,Asia (East & Southeast),China,0,1,0,200,en,True,2026-08-11T10:37:04+00:00,12.068,1,0,0,1,0,0,0,0,0,0,1,1,4,0,0,,1,0,1,0,5,1,0,0,1,1,1,0,1,1,1,1,1,1,1,0,0,0,0,1,0,0,0,0,0,1,1,0,12.63,1,0,0,0,0,0,75,1,0,1,0,1,0,0.0,1,0,0,3650.0,0,1,0.0660758902540234,0.605,0,0.0,0,9,0.0,1,0,0,0.5333333333333333,0.4,0.3333333333333333,0.3333333333333333,0.4,0.5,0.0
4031,Hunan University,https://www.hnu.edu.cn,M4,Asia (East & Southeast),China,0,1,0,200,,True,2026-08-11T10:37:34+00:00,21.774,1,0,0,1,0,0,0,0,1,1,1,1,10,0,1,2026-08-11,1,1,1,1,0,0,0,0,1,0,1,0,1,1,1,1,1,1,1,0,1,1,0,1,0,0,0,0,0,1,1,0,21.0,0,0,0,0,0,0,0,0,0,1,0,1,0,2.2,0,0,0,0.0,3,1,2.0186198554417354,0.96,0,0.0,0,1,0.0,0,0,0,0.6666666666666666,0.4,0.0,0.3333333333333333,0.4,0.375,0.0
4032,Beijing Institute of Technology,https://www.bit.edu.cn,M4,Asia (East & Southeast),China,0,1,0,200,en,True,2026-08-11T10:37:56+00:00,13.76,1,0,0,1,0,0,0,1,1,0,0,0,0,0,1,2026-08-06,1,0,1,0,1,1,1,0,1,0,1,0,1,1,1,1,1,1,1,1,1,1,0,0,0,0,0,0,0,1,1,0,21.0,1,0,0,0,0,0,75,0,0,1,0,0,0,50.8,1,0,0,5.0,3,1,0.4064534287969462,0.77,0,0.0,0,9,0.0,0,0,0,0.6666666666666666,0.4,0.3333333333333333,0.0,0.4,0.5,0.0
4033,China Agricultural University,https://www.cau.edu.cn,M4,Asia (East & Southeast),China,0,1,0,200,,False,2026-08-11T10:38:11+00:00,12.188,1,1,11,0,0,0,0,0,0,0,0,1,10,1,0,,0,0,0,0,0,0,0,0,0,0,1,0,0,0,0,0,1,0,0,0,0,0,0,0,0,0,0,1,0,1,1,0,12.82,1,0,0,0,0,0,75,1,0,0,0,1,1,0.0,0,0,0,3650.0,1,0,0.0902161412145146,0.625,0,0.0,0,9,0.8533333333333334,1,0,0,0.0666666666666666,0.6,0.0,0.6666666666666666,0.4,0.125,0.0
4034,University of Electronic Science and Technology of China,https://www.uestc.edu.cn,M4,Asia (East & Southeast),China,0,1,0,200,en,False,2026-08-11T10:38:48+00:00,20.895,0,1,8,1,1,0,0,0,0,0,0,1,10,0,0,,1,0,0,1,5,1,0,0,0,0,1,0,0,1,0,0,1,0,0,0,0,0,0,0,0,0,0,0,0,0,1,0,19.77,1,0,0,0,0,0,75,1,0,1,0,1,0,55.8,1,0,0,3650.0,0,2,1.841792517156139,0.945,0,0.0,0,9,1.0,1,0,0,0.1333333333333333,0.2,0.3333333333333333,0.3333333333333333,0.6,0.375,0.0
4038,Ocean University of China,https://www.ouc.edu.cn,M4,Asia (East & Southeast),China,0,1,0,200,,True,2026-08-11T10:42:07+00:00,12.474,1,0,0,0,0,0,0,1,0,0,1,1,10,1,1,2026-05-21,1,0,1,1,0,1,0,0,0,1,1,0,1,1,1,1,1,1,0,1,0,1,0,1,0,0,0,0,0,1,0,0,21.0,1,0,0,0,0,0,75,0,2,1,1,1,0,0.0,0,0,0,82.0,3,1,0.1477504060036847,0.67,2,1.0986122886681098,1,9,0.0,0,0,0,0.6,0.2,0.0,0.6666666666666666,0.2,0.5,0.0
4039,Beijing Jiaotong University,https://www.bjtu.edu.cn,M4,Asia (East & Southeast),China,0,1,0,200,,True,2026-08-11T10:42:28+00:00,10.597,1,0,0,0,0,0,0,0,0,0,1,0,1,0,0,,1,0,1,1,0,1,1,0,0,0,1,0,1,1,1,1,1,1,0,1,1,1,0,1,0,1,0,0,0,1,0,0,12.82,1,0,0,0,0,0,75,0,1,0,0,1,0,0.0,0,0,0,3650.0,0,1,-0.229843352769995,0.455,1,0.6931471805599453,1,9,0.0,1,0,0,0.7333333333333333,0.2,0.0,0.3333333333333333,0.2,0.5,0.0
4040,Wuhan University of Technology,https://www.whut.edu.cn,M4,Asia (East & Southeast),China,0,1,0,200,zh-cn,True,2026-08-11T10:42:49+00:00,10.913,1,1,11,1,0,0,0,0,0,0,1,1,10,0,0,,1,0,1,1,0,1,0,0,0,0,1,0,1,1,1,1,1,0,0,1,0,0,0,1,0,0,0,1,0,1,0,1,10.7,1,0,0,0,0,0,75,0,2,0,1,0,0,15.2,1,0,0,3650.0,0,1,-0.166274025240702,0.485,2,1.0986122886681098,1,9,0.8533333333333334,1,0,0,0.4666666666666667,0.6,0.3333333333333333,0.3333333333333333,0.6,0.375,0.0
4041,Jinan University,https://www.jnu.edu.cn,M4,Asia (East & Southeast),China,0,1,0,200,zh-cn,True,2026-08-11T10:43:08+00:00,10.593,1,0,0,1,0,0,0,1,0,0,1,1,6,0,1,2025-12-11,1,1,1,1,1,1,1,0,1,0,1,0,1,1,1,1,1,1,1,1,0,1,0,1,0,0,0,0,0,1,1,0,12.63,1,0,0,0,1,0,75,1,5,1,1,1,0,0.0,1,0,0,243.0,2,2,-0.2306480278020113,0.45,5,1.791759469228055,1,9,0.0,0,0,0,0.6666666666666666,0.4,0.3333333333333333,0.6666666666666666,0.4,0.625,0.25
4042,Northeastern University China,https://www.neu.edu.cn,M4,Asia (East & Southeast),China,0,1,0,200,,True,2026-08-11T10:43:34+00:00,12.948,1,0,0,0,0,0,0,0,0,0,1,1,9,0,0,,1,0,1,1,0,1,0,0,0,0,1,0,0,1,1,0,1,1,0,1,0,1,0,1,0,0,0,0,0,1,1,0,21.0,1,0,0,0,0,0,75,0,0,1,0,1,0,0.0,0,0,0,3650.0,0,1,0.2431043972976241,0.705,0,0.0,0,9,0.0,1,0,0,0.4666666666666667,0.4,0.0,0.3333333333333333,0.2,0.375,0.0
4043,Zhengzhou University,https://www.zzu.edu.cn,M4,Asia (East & Southeast),China,0,1,0,200,en,False,2026-08-11T10:43:47+00:00,10.685,1,0,0,1,0,0,0,0,0,0,0,1,10,0,1,2026-08-03,0,0,0,0,0,1,1,0,0,1,1,0,0,0,0,0,0,0,0,0,0,0,0,0,0,0,0,0,0,1,1,0,12.63,1,0,0,0,0,0,75,1,0,1,1,1,0,20.7,1,0,0,8.0,3,0,-0.2121405020656348,0.47,0,0.0,0,9,0.0,0,0,0,0.0,0.4,0.3333333333333333,0.6666666666666666,0.4,0.5,0.0
4044,Nanchang University,https://www.ncu.edu.cn,M4,Asia (East & Southeast),China,0,1,0,200,zh-cn,True,2026-08-11T10:44:15+00:00,15.304,1,1,8,0,0,0,0,0,0,0,1,0,0,0,1,2026-07-09,1,0,1,1,0,0,0,0,0,1,1,0,1,1,1,0,1,1,0,1,1,0,0,1,0,0,1,1,0,1,1,0,21.0,1,1,0,0,0,0,75,0,0,1,0,1,0,0.0,0,0,0,33.0,3,1,0.7170579911552635,0.85,0,0.0,0,9,1.0,0,0,0,0.6,0.6,0.0,0.3333333333333333,0.4,0.375,0.0
4045,Yunnan University,https://www.ynu.edu.cn,M4,Asia (East & Southeast),China,0,1,0,200,,False,2026-08-11T10:45:09+00:00,16.724,1,0,0,1,0,0,0,0,0,0,0,0,0,0,1,2026-07-31,1,0,1,1,0,1,1,0,1,0,1,0,1,1,1,1,1,1,1,0,1,1,0,1,0,0,0,0,0,1,0,0,21.0,1,0,0,0,0,0,75,0,0,1,1,0,0,77.3,0,0,0,11.0,3,1,1.0027176275210734,0.875,0,0.0,0,9,0.0,0,0,0,0.6666666666666666,0.2,0.0,0.3333333333333333,0.4,0.625,0.0
4046,Fuzhou University,https://www.fzu.edu.cn,M4,Asia (East & Southeast),China,0,1,0,200,,True,2026-08-11T10:45:35+00:00,14.725,1,0,0,0,0,0,0,0,0,0,0,1,2,0,0,,0,0,0,0,0,0,0,0,0,0,0,0,0,1,1,1,0,1,0,0,0,1,0,1,0,0,0,0,0,1,0,0,21.0,0,0,0,0,0,0,0,1,0,1,0,0,0,0.0,0,0,0,3650.0,0,0,0.6005812802708944,0.82,0,0.0,0,1,0.0,1,0,0,0.4,0.2,0.0,0.0,0.2,0.0,0.0
4047,Hefei University of Technology,https://www.hfut.edu.cn,M4,Asia (East & Southeast),China,0,1,0,200,zh-cn,False,2026-08-11T12:22:32+00:00,18.171,1,0,0,1,0,0,0,0,0,0,1,1,10,1,0,,1,0,0,0,0,0,0,0,0,0,1,0,0,0,0,0,1,0,0,0,0,0,0,0,0,0,0,0,0,1,0,0,12.55,1,0,0,0,0,0,75,1,0,0,0,1,0,0.0,1,0,0,3650.0,1,0,1.2938088203529934,0.905,0,0.0,0,9,0.0,1,0,0,0.0666666666666666,0.2,0.3333333333333333,0.3333333333333333,0.4,0.125,0.0
4048,Guangxi University,https://www.gxu.edu.cn,M4,Asia (East & Southeast),China,0,1,0,200,en,True,2026-08-11T10:46:53+00:00,14.206,1,0,0,1,0,0,0,0,0,0,1,1,7,0,1,2026-07-21,1,1,1,1,0,1,0,0,1,0,1,0,1,1,1,1,1,1,1,1,0,1,0,1,0,0,0,0,0,0,0,0,15.43,1,0,0,0,0,0,75,1,0,1,0,0,0,0.0,0,0,0,21.0,3,1,0.4961746948667709,0.79,0,0.0,0,9,0.0,0,0,0,0.6666666666666666,0.0,0.0,0.0,0.4,0.5,0.0
4049,Shanghai University,https://www.shu.edu.cn,M4,Asia (East & Southeast),China,0,1,0,200,en-us,True,2026-08-11T10:47:16+00:00,14.941,1,1,6,0,0,0,0,0,0,0,0,0,0,0,0,,1,1,1,1,3,1,1,0,1,0,1,0,1,1,1,1,1,1,1,0,1,0,0,1,1,0,0,1,0,1,0,1,12.63,1,0,0,0,0,0,75,1,2,1,0,0,0,0.0,1,0,0,3650.0,0,2,0.6440337319997784,0.835,2,1.0986122886681098,1,9,1.0,1,0,0,0.6666666666666666,0.6,0.3333333333333333,0.0,0.4,0.625,0.0
4051,Beijing University of Chemical Technology,https://www.buct.edu.cn,M4,Asia (East & Southeast),China,0,1,0,200,zh-cn,False,2026-08-11T10:47:34+00:00,10.589,1,1,4,1,0,0,0,0,0,0,0,0,0,1,1,2026-08-03,1,0,1,0,0,0,0,0,0,0,1,0,0,0,0,0,0,0,0,0,0,0,0,0,0,0,0,1,0,1,0,0,16.48,1,0,0,0,0,0,75,1,2,1,0,1,0,0.0,1,0,0,8.0,3,0,-0.2314527028340276,0.445,2,1.0986122886681098,1,9,0.85,0,0,0,0.0,0.4,0.3333333333333333,0.3333333333333333,0.6,0.125,0.0
4052,Donghua University,https://www.dhu.edu.cn,M4,Asia (East & Southeast),China,0,1,0,200,,False,2026-08-11T10:47:48+00:00,11.237,1,0,0,1,0,0,0,0,0,0,0,1,5,0,0,,0,0,0,0,0,1,0,0,0,0,1,0,0,0,0,0,0,0,0,0,0,0,0,0,0,0,0,0,0,1,1,0,12.63,1,0,0,0,0,0,20,1,0,1,0,1,0,25.0,0,0,0,3650.0,0,0,-0.1010953476473764,0.535,0,0.0,0,2,0.0,1,0,0,0.0,0.4,0.0,0.3333333333333333,0.4,0.25,0.0
4053,Capital Normal University,https://www.cnu.edu.cn,M4,Asia (East & Southeast),China,0,1,0,200,,True,2026-08-11T12:22:50+00:00,10.248,1,1,6,0,0,0,0,0,0,0,0,1,2,0,0,,1,0,1,0,0,0,0,0,0,0,1,0,1,1,0,1,1,1,0,0,0,0,0,1,0,0,0,1,0,1,1,0,12.63,1,1,0,0,1,0,75,1,0,0,0,1,0,0.0,0,0,0,3650.0,0,0,-0.300051249313423,0.395,0,0.0,0,9,1.0,1,0,0,0.4,0.6,0.0,0.3333333333333333,0.4,0.125,0.25
4054,Jiangnan University,https://www.jiangnan.edu.cn,M4,Asia (East & Southeast),China,0,1,0,200,en,True,2026-08-11T10:48:45+00:00,12.581,1,0,0,0,1,0,0,1,0,0,0,1,4,0,0,,1,0,1,1,7,0,0,0,0,0,1,0,1,1,1,1,1,1,0,0,0,1,0,1,0,0,0,0,0,0,0,0,21.0,1,0,0,0,0,0,20,1,0,1,0,0,0,13.8,0,0,0,3650.0,0,2,0.1692754631101223,0.68,0,0.0,0,2,0.0,1,0,0,0.5333333333333333,0.0,0.0,0.0,0.4,0.25,0.0
4055,Nanjing Agricultural University,https://www.njau.edu.cn,M4,Asia (East & Southeast),China,0,1,0,200,,False,2026-08-11T10:48:59+00:00,11.359,1,1,6,1,0,0,0,0,0,0,0,1,10,1,0,,1,0,0,0,0,1,0,0,0,1,1,0,1,0,0,0,1,0,0,0,0,0,0,0,0,0,0,0,0,1,0,0,11.98,1,0,0,0,0,0,75,1,1,1,1,1,0,1.7,0,0,0,3650.0,1,0,-0.0765527591708772,0.55,1,0.6931471805599453,1,9,1.0,1,0,0,0.1333333333333333,0.2,0.0,0.6666666666666666,0.6,0.375,0.0
4056,University of Tokyo,https://www.u-tokyo.ac.jp,M4,Asia (East & Southeast),Japan,0,1,1,200,en,True,2026-08-11T10:49:20+00:00,11.104,1,1,7,1,1,0,0,0,0,0,1,1,2,1,1,2026-10-18,1,1,1,1,6,1,1,0,1,0,1,0,1,1,1,1,1,1,1,1,1,1,1,1,0,0,0,0,1,1,1,1,21.0,1,1,0,0,0,0,75,1,4,0,1,1,0,56.6,1,0,0,0.0,3,2,-0.1278507924619207,0.52,4,1.6094379124341005,1,9,1.0,0,0,0,0.8,0.8,0.3333333333333333,0.6666666666666666,0.8,0.625,0.0
4057,Kyoto University,https://www.kyoto-u.ac.jp,M4,Asia (East & Southeast),Japan,0,1,1,200,en,True,2026-08-11T10:49:27+00:00,2.664,1,1,4,1,1,0,0,0,0,0,1,0,1,1,1,2026-08-12,1,0,1,1,5,1,1,1,0,0,1,0,1,1,1,1,1,1,1,0,1,1,1,1,0,0,0,1,1,1,1,1,18.77,1,1,0,0,0,1,90,1,0,1,1,1,0,76.7,1,0,0,0.0,3,3,-1.8257151100164524,0.015,0,0.0,0,12,0.85,0,0,0,0.7333333333333333,1.0,0.3333333333333333,0.6666666666666666,0.8,0.625,0.25
4058,Osaka University,https://www.osaka-u.ac.jp,M4,Asia (East & Southeast),Japan,0,1,0,200,en,False,2026-08-11T10:49:39+00:00,10.042,1,1,5,0,1,1,0,0,0,0,1,1,10,0,0,,1,0,0,1,2,1,1,1,0,1,1,0,0,1,0,0,1,0,0,1,0,0,0,0,0,1,0,0,0,1,1,0,21.0,1,0,0,0,0,0,75,1,0,1,1,1,0,79.0,1,0,0,3650.0,0,3,-0.3414920134622657,0.34,0,0.0,0,9,1.0,1,0,0,0.2666666666666666,0.4,0.3333333333333333,0.6666666666666666,0.8,0.75,0.0
4059,Tohoku University,https://www.tohoku.ac.jp,M4,Asia (East & Southeast),Japan,0,1,1,200,en,False,2026-08-11T10:49:49+00:00,8.102,1,1,7,1,1,0,0,0,0,0,0,1,8,1,1,2026-10-30,1,1,1,1,7,1,1,1,0,0,1,0,1,1,1,1,1,1,1,0,1,1,1,1,0,0,0,0,1,0,1,1,21.0,1,1,1,0,0,0,100,1,1,0,1,1,0,59.2,1,0,0,0.0,3,3,-0.731759403990203,0.17,1,0.6931471805599453,1,13,1.0,0,0,0,0.7333333333333333,0.6,0.3333333333333333,0.6666666666666666,0.8,0.625,0.25
4060,Nagoya University,https://www.nagoya-u.ac.jp,M4,Asia (East & Southeast),Japan,0,1,0,200,en,True,2026-08-11T10:50:14+00:00,12.411,1,1,0,1,0,1,0,0,1,1,1,1,10,1,1,2026-05-08,1,1,1,1,20,1,1,1,1,1,1,0,1,1,1,1,1,1,1,0,1,1,1,1,0,0,0,1,1,1,1,1,17.31,1,1,0,0,0,0,100,1,0,0,1,1,0,93.9,1,1,0,95.0,2,3,0.1350767742494268,0.655,0,0.0,0,13,0.0,0,0,0,0.7333333333333333,1.0,0.6666666666666666,0.6666666666666666,0.8,0.875,0.0
4061,Tokyo Institute of Technology,https://www.titech.ac.jp,M4,Asia (East & Southeast),Japan,0,1,0,200,en,True,2026-08-11T10:50:23+00:00,2.796,1,1,6,1,1,0,0,0,0,0,1,0,0,0,1,2024-10-23,1,1,1,1,1,1,1,1,0,0,1,0,1,1,1,1,1,0,0,0,0,1,0,1,0,0,0,0,1,1,1,1,12.63,1,1,0,0,0,0,90,1,0,1,1,1,0,70.5,1,1,0,657.0,2,3,-1.7991608339599123,0.02,0,0.0,0,12,1.0,0,0,0,0.4666666666666667,0.8,0.6666666666666666,0.6666666666666666,0.8,0.625,0.0
4062,Kyushu University,https://www.kyushu-u.ac.jp,M4,Asia (East & Southeast),Japan,0,1,0,200,en,True,2026-08-11T10:50:47+00:00,13.539,1,0,0,1,1,0,0,0,0,0,1,1,8,1,1,2026-08-07,1,1,1,1,4,1,1,1,0,0,1,0,1,1,1,1,1,1,1,1,1,1,0,1,0,0,0,1,1,1,1,1,12.63,1,1,0,0,0,0,75,1,0,1,1,1,0,30.0,1,0,0,4.0,3,3,0.361995133278042,0.745,0,0.0,0,9,0.0,0,0,0,0.7333333333333333,1.0,0.3333333333333333,0.6666666666666666,0.6,0.625,0.0
4063,Hokkaido University,https://www.hokudai.ac.jp,M4,Asia (East & Southeast),Japan,0,1,0,200,,False,2026-08-11T10:50:59+00:00,9.448,1,0,0,0,0,0,0,0,0,0,1,0,0,0,1,,0,0,0,0,1,1,0,1,0,0,1,0,1,0,0,0,0,0,0,0,0,0,0,0,0,0,0,0,0,1,1,0,12.63,1,0,0,0,0,0,100,1,0,0,1,1,0,75.3,1,0,0,3650.0,1,1,-0.4609862557166959,0.25,0,0.0,0,13,0.0,1,0,0,0.0666666666666666,0.4,0.3333333333333333,0.6666666666666666,0.2,0.375,0.0
4064,Keio University,https://www.keio.ac.jp,M4,Asia (East & Southeast),Japan,0,1,0,200,en,True,2026-08-11T10:51:14+00:00,11.481,1,1,0,0,0,0,0,1,0,0,1,1,10,1,1,2026-08-07,1,0,1,1,0,1,1,0,1,0,1,0,1,1,1,1,1,1,1,1,1,1,0,1,0,0,0,0,1,1,1,1,17.1,1,1,0,0,0,0,75,1,0,1,1,1,0,21.5,1,1,0,4.0,3,1,-0.0520101706943781,0.555,0,0.0,0,9,0.0,0,0,0,0.7333333333333333,0.8,0.6666666666666666,0.6666666666666666,0.4,0.625,0.0
4065,Waseda University,https://www.waseda.jp,M4,Asia (East & Southeast),Japan,0,1,0,200,ja,True,2026-08-11T10:51:37+00:00,12.254,1,1,11,1,1,0,0,0,0,0,0,0,0,0,1,2026-08-03,1,0,1,1,1,1,1,1,0,1,1,1,1,1,0,1,1,0,0,0,0,1,0,0,0,0,0,0,0,1,1,1,12.63,1,1,0,0,0,0,90,1,0,1,1,1,0,29.5,1,0,0,8.0,3,3,0.1034932792427844,0.64,0,0.0,0,12,0.8533333333333334,0,0,0,0.3333333333333333,0.6,0.3333333333333333,0.6666666666666666,0.8,0.875,0.0
4066,University of Tsukuba,https://www.tsukuba.ac.jp,M4,Asia (East & Southeast),Japan,0,1,1,200,en,True,2026-08-11T10:51:48+00:00,4.153,1,1,12,1,0,0,0,0,0,0,1,0,1,1,1,2026-10-03,1,1,1,1,3,0,1,1,1,0,1,0,1,1,1,1,1,1,1,1,1,1,1,1,1,0,0,1,1,1,1,1,10.5,1,1,0,0,0,1,75,1,0,1,1,1,0,38.5,1,1,0,0.0,3,3,-1.5261748293483604,0.055,0,0.0,0,9,0.78,0,0,0,0.8666666666666667,1.0,0.6666666666666666,0.6666666666666666,0.6,0.625,0.25
4067,Kobe University,https://www.kobe-u.ac.jp,M4,Asia (East & Southeast),Japan,0,1,0,200,en,False,2026-08-11T10:52:00+00:00,10.209,1,1,3,0,0,0,0,0,1,1,0,1,10,1,0,,1,1,1,1,1,0,0,0,1,0,1,0,1,1,1,1,1,1,1,1,1,1,0,1,0,0,0,1,1,1,1,1,15.91,1,1,0,0,0,1,75,1,0,1,1,1,0,19.5,1,0,0,3650.0,1,2,-0.3078968308755825,0.385,0,0.0,0,9,0.6,1,0,0,0.7333333333333333,1.0,0.3333333333333333,0.6666666666666666,0.4,0.375,0.25
4068,Hiroshima University,https://www.hiroshima-u.ac.jp,M4,Asia (East & Southeast),Japan,0,1,0,200,en,True,2026-08-11T10:52:13+00:00,4.024,1,1,1,1,1,0,0,0,0,0,1,0,0,0,1,2026-08-04,1,0,1,1,0,1,1,0,0,1,1,0,1,1,1,1,1,1,0,1,1,1,1,1,0,1,0,0,1,1,1,0,12.63,1,1,0,0,0,0,75,1,0,0,1,1,0,10.8,1,0,0,7.0,3,1,-1.552125599130888,0.05,0,0.0,0,9,0.15,0,0,0,0.8,0.6,0.3333333333333333,0.6666666666666666,0.8,0.625,0.0
4069,Tokyo Medical and Dental University,https://www.tmd.ac.jp,M4,Asia (East & Southeast),Japan,0,1,0,200,ja,True,2026-08-11T10:52:23+00:00,5.21,1,1,4,1,0,0,1,1,0,0,1,1,6,1,1,2024-10-18,1,0,1,0,20,1,0,1,1,0,1,0,1,1,0,1,1,1,1,1,0,1,1,1,0,0,0,0,1,1,1,0,15.91,1,1,0,0,0,0,75,1,0,1,0,1,0,2.6,1,0,0,662.0,2,1,-1.3135394521380357,0.085,0,0.0,0,9,0.85,0,0,0,0.6666666666666666,0.6,0.3333333333333333,0.3333333333333333,0.6,0.5,0.0
4070,Chiba University,https://www.chiba-u.ac.jp,M4,Asia (East & Southeast),Japan,0,1,0,200,en,True,2026-08-11T10:52:52+00:00,13.568,1,1,7,1,1,0,0,0,1,1,1,0,0,0,1,2026-08-11,1,1,1,1,0,0,0,0,0,0,1,0,1,1,1,1,1,1,0,1,1,1,1,1,0,1,0,1,0,1,1,1,15.64,1,1,0,0,0,0,75,1,0,0,1,1,1,65.6,1,0,0,0.0,3,1,0.3678290272601606,0.76,0,0.0,0,9,1.0,0,0,0,0.8,0.8,0.3333333333333333,1.0,0.8,0.25,0.0
4071,Okayama University,https://www.okayama-u.ac.jp,M4,Asia (East & Southeast),Japan,0,1,1,200,en,True,2026-08-11T10:53:10+00:00,10.651,1,1,5,1,0,0,0,0,0,0,0,0,0,0,1,2026-09-07,1,0,1,1,1,1,0,0,0,0,1,0,1,1,1,1,1,1,0,1,1,1,0,1,0,0,0,1,1,1,1,1,4.17,1,1,0,0,0,0,75,1,1,0,1,1,0,65.7,1,0,0,0.0,3,2,-0.218980239837774,0.465,1,0.6931471805599453,1,9,1.0,0,0,0,0.6666666666666666,1.0,0.3333333333333333,0.6666666666666666,0.6,0.375,0.0
4072,Kanazawa University,https://www.kanazawa-u.ac.jp,M4,Asia (East & Southeast),Japan,0,1,0,200,en,False,2026-08-11T10:53:24+00:00,12.006,1,1,8,1,1,0,0,0,1,1,0,1,8,1,1,2026-08-04,1,0,1,0,5,1,1,0,1,1,1,0,1,1,1,1,1,1,0,0,1,1,0,1,0,0,0,1,1,1,1,1,9.52,1,1,1,0,0,0,75,1,0,1,1,1,1,1.8,1,0,0,7.0,3,1,0.0536034272577699,0.595,0,0.0,0,9,1.0,0,0,0,0.6,1.0,0.3333333333333333,1.0,0.8,0.625,0.25
4073,Nagasaki University,https://www.nagasaki-u.ac.jp,M4,Asia (East & Southeast),Japan,0,1,0,200,ja,True,2026-08-11T10:53:47+00:00,10.583,1,1,7,1,0,0,0,0,0,0,0,0,0,0,1,2026-08-10,1,0,1,0,3,1,1,0,0,0,1,0,1,1,0,1,1,0,0,0,0,1,0,0,0,0,0,1,0,1,1,1,21.0,1,1,0,0,0,0,65,1,1,0,0,1,1,0.0,1,0,0,1.0,3,1,-0.2326597153820522,0.44,1,0.6931471805599453,1,7,1.0,0,0,0,0.3333333333333333,0.8,0.3333333333333333,0.6666666666666666,0.6,0.375,0.0
4074,Kumamoto University,https://www.kumamoto-u.ac.jp,M4,Asia (East & Southeast),Japan,0,1,0,200,,True,2026-08-11T10:54:04+00:00,10.208,1,1,2,1,0,0,0,0,0,0,0,0,0,1,1,2026-08-05,1,0,1,0,0,0,1,0,0,0,1,0,1,1,1,1,1,1,0,1,0,1,0,1,0,0,0,1,1,1,1,1,17.76,1,1,0,0,0,0,30,1,1,0,1,0,0,26.2,0,1,0,6.0,3,0,-0.3080979996335865,0.3775,1,0.6931471805599453,1,3,0.35,0,0,0,0.6,1.0,0.3333333333333333,0.3333333333333333,0.6,0.25,0.0
4075,Niigata University,https://www.niigata-u.ac.jp,M4,Asia (East & Southeast),Japan,0,1,0,200,en,True,2026-08-11T10:54:23+00:00,10.521,1,1,5,1,0,0,0,0,0,0,0,1,8,0,1,2026-08-03,1,0,0,0,10,1,1,1,1,0,1,0,1,1,1,1,1,1,0,0,0,1,1,1,0,0,0,0,1,1,1,1,12.63,1,1,0,0,1,0,100,1,0,0,0,1,0,20.0,1,0,0,8.0,3,1,-0.2451321783783057,0.425,0,0.0,0,13,1.0,0,0,0,0.6,0.8,0.3333333333333333,0.3333333333333333,0.6,0.625,0.25
4076,Yokohama National University,https://www.ynu.ac.jp,M4,Asia (East & Southeast),Japan,0,1,0,200,,True,2026-08-11T10:54:43+00:00,10.269,1,1,5,1,1,0,0,0,0,0,0,0,0,1,0,,1,0,1,0,0,1,1,0,0,1,1,0,1,1,0,1,1,1,0,0,0,1,0,1,0,0,0,0,0,1,1,1,12.63,1,1,0,0,0,0,75,1,3,0,1,1,0,5.6,0,0,0,3650.0,1,0,-0.2958267053953369,0.405,3,1.3862943611198906,1,9,1.0,1,0,0,0.4666666666666667,0.6,0.0,0.6666666666666666,0.8,0.5,0.0
4077,Tokyo University of Science,https://www.tus.ac.jp,M4,Asia (East & Southeast),Japan,0,1,0,200,en,True,2026-08-11T10:55:03+00:00,10.95,1,1,8,1,1,0,0,0,0,0,1,1,2,0,0,,1,1,1,1,0,1,1,0,1,1,1,0,1,1,1,1,1,1,0,1,0,1,1,1,0,0,0,0,1,1,1,0,15.43,1,0,0,0,0,1,75,1,0,1,1,0,0,44.6,1,0,0,3650.0,0,1,-0.1588307811945508,0.49,0,0.0,0,9,1.0,1,0,0,0.6666666666666666,0.6,0.3333333333333333,0.3333333333333333,0.8,0.75,0.25
4078,Hitotsubashi University,https://www.hit-u.ac.jp,M4,Asia (East & Southeast),Japan,0,1,0,200,en,True,2026-08-11T10:55:29+00:00,10.214,1,1,6,1,0,0,0,0,0,0,1,1,10,1,0,,1,0,1,1,2,1,1,1,1,0,1,0,1,1,1,1,1,1,0,1,0,1,0,1,0,0,0,1,1,1,1,1,21.0,1,1,0,0,0,0,50,1,0,0,1,1,0,14.1,0,0,0,3650.0,1,3,-0.3068909870855619,0.39,0,0.0,0,5,1.0,1,0,0,0.6,1.0,0.0,0.6666666666666666,0.6,0.75,0.0
4080,Gifu University,https://www.gifu-u.ac.jp,M4,Asia (East & Southeast),Japan,0,1,0,200,en,True,2026-08-11T10:57:00+00:00,13.281,1,1,6,1,0,0,0,0,1,1,0,0,1,0,1,2026-08-07,1,1,1,0,2,0,0,1,0,0,1,0,1,1,1,1,1,0,0,0,1,1,1,1,0,0,0,0,0,1,1,0,21.0,1,1,0,0,1,0,75,1,0,0,1,1,0,89.5,1,0,0,4.0,3,1,0.3100935937129865,0.73,0,0.0,0,9,1.0,0,0,0,0.6,0.4,0.3333333333333333,0.6666666666666666,0.6,0.25,0.25
4081,Shinshu University,https://www.shinshu-u.ac.jp,M4,Asia (East & Southeast),Japan,0,1,0,200,,True,2026-08-11T10:57:15+00:00,5.48,1,1,7,1,0,0,0,1,0,0,0,0,0,1,1,,0,0,1,0,6,0,0,1,0,0,1,0,1,1,1,1,1,1,1,0,0,1,1,1,0,0,0,0,1,1,1,1,21.0,1,1,0,0,0,0,75,1,0,1,1,0,0,46.7,0,0,0,3650.0,1,1,-1.2592238874769308,0.095,0,0.0,0,9,1.0,1,0,0,0.6666666666666666,0.8,0.0,0.3333333333333333,0.6,0.25,0.0
4082,Kagoshima University,https://www.kagoshima-u.ac.jp,M4,Asia (East & Southeast),Japan,0,1,0,200,ja,True,2026-08-11T10:57:28+00:00,8.835,1,1,6,0,0,0,0,0,0,0,0,1,10,1,0,,1,0,1,0,0,0,0,0,0,0,1,0,1,1,1,0,1,0,0,0,0,1,1,1,0,0,0,0,0,1,1,1,12.63,1,1,0,0,0,0,75,1,0,1,0,0,0,100.0,1,0,0,3650.0,1,0,-0.5843027043732039,0.205,0,0.0,0,9,1.0,1,0,0,0.4666666666666667,0.6,0.3333333333333333,0.0,0.4,0.125,0.0
4083,Yamaguchi University,https://www.yamaguchi-u.ac.jp,M4,Asia (East & Southeast),Japan,0,1,0,200,ja,True,2026-08-11T10:57:47+00:00,12.171,1,1,2,1,1,0,0,0,0,0,0,0,0,0,1,2026-07-29,1,0,1,0,14,1,1,1,0,1,1,0,1,1,0,1,1,0,0,0,0,1,0,1,0,0,0,0,1,1,1,1,21.0,1,0,0,0,0,0,90,1,2,0,1,0,0,26.9,1,1,0,13.0,3,1,0.0867962723284448,0.615,2,1.0986122886681098,1,12,0.35,0,0,0,0.4,0.8,0.6666666666666666,0.3333333333333333,0.8,0.625,0.0
4084,Ehime University,https://www.ehime-u.ac.jp,M4,Asia (East & Southeast),Japan,0,1,0,200,en_us,True,2026-08-11T10:57:59+00:00,5.914,1,1,5,1,1,0,0,0,1,1,1,1,10,1,0,,1,0,1,1,1,1,1,0,1,0,1,0,1,1,1,1,1,1,1,1,1,1,0,1,0,0,0,0,1,1,1,1,21.0,1,1,0,1,0,0,50,1,0,1,1,1,0,82.9,1,1,0,3650.0,1,2,-1.1719166465031552,0.115,0,0.0,0,5,1.0,1,0,0,0.7333333333333333,0.8,0.6666666666666666,0.6666666666666666,0.8,0.625,0.25
4085,Tokushima University,https://www.tokushima-u.ac.jp,M4,Asia (East & Southeast),Japan,0,1,0,200,ja,True,2026-08-11T10:58:24+00:00,14.619,1,1,4,0,0,0,0,0,1,1,1,0,0,0,1,2026-08-03,1,1,1,0,4,1,1,1,0,1,1,0,1,1,1,1,1,1,1,0,0,1,0,1,0,1,0,1,0,1,1,1,21.0,1,1,0,0,0,0,75,1,2,1,0,1,0,17.4,1,1,0,8.0,3,1,0.5792573919224607,0.81,2,1.0986122886681098,1,9,0.85,0,0,0,0.6666666666666666,0.8,0.6666666666666666,0.3333333333333333,0.4,0.625,0.0
4086,Mie University,https://www.mie-u.ac.jp,M4,Asia (East & Southeast),Japan,0,1,0,200,en,True,2026-08-11T10:58:39+00:00,10.608,1,1,5,1,0,0,0,0,0,0,1,1,10,0,0,,1,0,1,1,0,1,0,1,0,0,1,0,1,1,1,1,1,0,1,0,0,0,0,1,0,0,0,1,1,1,1,1,21.0,1,1,0,0,0,0,100,1,1,0,1,1,0,2.6,1,0,0,3650.0,0,1,-0.2276304964319498,0.46,1,0.6931471805599453,1,13,1.0,1,0,0,0.4666666666666667,1.0,0.3333333333333333,0.6666666666666666,0.6,0.5,0.0
4087,Shizuoka University,https://www.shizuoka.ac.jp,M4,Asia (East & Southeast),Japan,0,1,0,200,ja,True,2026-08-11T10:58:53+00:00,8.397,1,1,6,0,0,0,0,0,0,0,1,1,4,0,1,2026-05-01,1,0,1,1,0,1,1,0,0,0,1,0,1,1,1,1,1,0,1,1,0,1,0,0,1,0,0,1,0,1,0,1,12.09,1,1,0,0,0,0,75,1,1,0,1,0,0,8.4,1,0,0,102.0,2,1,-0.672414620378996,0.175,1,0.6931471805599453,1,9,1.0,0,0,0,0.6,0.6,0.3333333333333333,0.3333333333333333,0.4,0.5,0.0
4088,Nagoya Institute of Technology,https://www.nitech.ac.jp,M4,Asia (East & Southeast),Japan,0,1,0,200,en,True,2026-08-11T10:59:05+00:00,5.715,1,1,4,1,0,0,0,1,0,0,1,0,0,1,1,2026-08-04,1,1,1,0,1,1,1,1,1,0,1,0,1,1,1,1,1,1,1,1,0,1,1,0,0,0,0,1,1,1,1,1,12.63,1,1,0,0,0,0,50,1,0,0,1,1,0,62.7,1,0,0,7.0,3,1,-1.2119492293459695,0.1,0,0.0,0,5,0.85,0,0,0,0.6666666666666666,1.0,0.3333333333333333,0.6666666666666666,0.6,0.625,0.0
4089,Toyohashi University of Technology,https://www.tut.ac.jp,M4,Asia (East & Southeast),Japan,0,1,0,200,,True,2026-08-11T10:59:15+00:00,5.255,1,1,7,1,0,0,0,0,0,0,0,0,0,0,1,2026-04-21,1,0,1,1,0,0,0,0,0,0,1,0,1,1,1,1,1,1,1,0,0,0,1,1,0,0,0,1,1,1,1,1,12.63,1,1,0,0,0,0,75,1,0,1,1,0,0,57.9,1,0,0,112.0,2,1,-1.3044868580278517,0.09,0,0.0,0,9,1.0,0,0,0,0.6,1.0,0.3333333333333333,0.3333333333333333,0.6,0.25,0.0
4091,Doshisha University,https://www.doshisha.ac.jp,M4,Asia (East & Southeast),Japan,0,1,0,200,ja,True,2026-08-11T11:00:09+00:00,6.424,1,1,1,1,1,1,0,0,0,0,0,0,0,1,0,,1,0,1,1,2,1,1,0,1,0,1,0,1,1,1,1,1,1,1,1,1,1,0,1,0,0,0,1,1,1,1,1,17.4,1,1,0,0,0,0,100,1,0,0,1,1,0,57.7,1,0,0,3650.0,1,2,-1.0693205799210683,0.12,0,0.0,0,13,0.15,1,0,0,0.7333333333333333,1.0,0.3333333333333333,0.6666666666666666,1.0,0.625,0.0
4092,Sophia University,https://www.sophia.ac.jp,M4,Asia (East & Southeast),Japan,0,1,1,200,en,True,2026-08-11T11:00:32+00:00,12.232,1,1,5,1,1,0,0,0,0,0,1,1,7,1,1,2026-08-19,1,0,1,1,12,1,1,1,1,1,1,0,1,1,1,1,1,1,1,1,1,1,1,1,0,1,1,0,1,1,1,1,13.46,1,1,0,0,0,1,100,1,1,0,1,1,1,41.6,1,0,0,0.0,3,3,0.0990675665666944,0.63,1,0.6931471805599453,1,13,1.0,0,0,0,0.9333333333333332,0.8,0.3333333333333333,1.0,0.8,0.875,0.25
4093,Meiji University,https://www.meiji.ac.jp,M4,Asia (East & Southeast),Japan,0,1,0,200,en,True,2026-08-11T11:00:54+00:00,11.206,1,0,0,1,0,0,0,0,1,1,1,1,2,0,1,2026-08-07,1,1,1,1,1,1,1,0,0,0,1,0,1,1,1,1,1,1,1,0,1,1,0,1,0,0,0,0,1,1,1,0,21.0,1,1,0,0,0,0,75,1,0,0,1,1,0,11.8,1,0,0,4.0,3,2,-0.1073315791455033,0.525,0,0.0,0,9,0.0,0,0,0,0.6666666666666666,0.6,0.3333333333333333,0.6666666666666666,0.4,0.5,0.0
4094,Kanazawa Institute of Technology,https://www.kanazawa-it.ac.jp,M4,Asia (East & Southeast),Japan,0,1,0,200,ja,False,2026-08-11T11:01:10+00:00,13.077,1,0,0,0,1,0,0,0,0,0,0,1,10,0,0,,1,0,1,0,7,1,1,0,0,0,1,0,1,1,0,1,0,0,0,0,0,0,0,0,0,0,0,1,0,1,1,1,21.0,1,1,0,0,0,0,100,1,0,0,1,1,0,45.5,1,0,0,3650.0,0,1,0.2690551670801518,0.715,0,0.0,0,13,0.0,1,0,0,0.2,0.8,0.3333333333333333,0.6666666666666666,0.4,0.375,0.0
4095,Kwansei Gakuin University,https://www.kwansei.ac.jp,M4,Asia (East & Southeast),Japan,0,1,0,200,en,True,2026-08-11T11:01:32+00:00,10.827,1,1,3,0,1,0,0,0,1,1,1,1,7,1,1,2026-05-20,1,1,1,0,0,1,1,0,1,1,1,0,1,1,1,1,1,1,1,0,0,1,0,1,0,0,1,1,1,1,1,1,12.63,1,1,0,0,0,1,50,1,0,1,1,0,1,7.4,1,0,0,83.0,3,0,-0.1835745384290539,0.475,0,0.0,0,5,0.6,0,0,0,0.6666666666666666,1.0,0.3333333333333333,0.6666666666666666,0.6,0.625,0.25
4096,Seoul National University,https://www.snu.ac.kr,M4,Asia (East & Southeast),South Korea,0,1,1,200,en,True,2026-08-11T11:02:11+00:00,19.229,1,1,20,1,0,0,0,0,0,0,1,1,7,1,1,2027-01-31,1,1,1,1,1,1,1,1,0,1,1,0,1,1,1,1,1,1,1,1,1,0,1,1,0,1,0,1,1,1,1,1,15.43,1,1,0,0,0,0,75,1,0,0,0,1,1,52.9,1,0,0,0.0,3,3,1.5066453663213222,0.93,0,0.0,0,9,0.45,0,0,0,0.8,1.0,0.3333333333333333,0.6666666666666666,0.6,0.75,0.0
4097,KAIST,https://www.kaist.ac.kr,M4,Asia (East & Southeast),South Korea,0,1,0,200,en,True,2026-08-11T11:02:42+00:00,18.827,0,0,0,1,0,0,0,0,1,0,0,1,6,1,0,,1,1,1,1,0,0,0,0,0,1,1,0,1,1,1,1,1,1,1,1,1,1,0,1,1,1,0,0,0,1,1,0,9.0,1,0,0,0,0,0,55,1,0,0,1,1,1,100.0,1,0,0,3650.0,1,1,1.425775525603678,0.92,0,0.0,0,6,0.0,1,0,0,0.8666666666666667,0.4,0.3333333333333333,1.0,0.2,0.375,0.0
4099,Korea University,https://www.korea.ac.kr,M4,Asia (East & Southeast),South Korea,0,1,0,200,ko,True,2026-08-11T11:03:46+00:00,23.488,1,1,9,0,0,0,1,1,0,0,1,1,10,0,1,2026-08-06,0,1,0,0,2,0,0,0,1,1,1,0,0,1,0,0,1,1,0,0,0,0,0,0,0,0,0,1,1,1,1,1,14.94,1,1,1,0,0,0,75,1,0,0,0,0,1,100.0,1,0,0,5.0,3,1,2.363423106660748,0.975,0,0.0,0,9,1.0,0,0,0,0.2,1.0,0.3333333333333333,0.3333333333333333,0.4,0.375,0.25
4101,Sungkyunkwan University,https://www.skku.edu,M4,Asia (East & Southeast),South Korea,0,1,0,200,en,True,2026-08-11T12:25:19+00:00,18.262,1,0,0,1,0,0,1,1,0,0,1,1,10,1,0,,1,1,1,1,0,1,1,0,1,0,1,0,1,1,1,1,1,1,1,1,0,1,0,1,1,1,0,0,0,1,1,0,12.63,1,0,0,0,0,1,75,1,0,1,1,1,1,88.7,1,0,0,3650.0,1,1,1.312115177331366,0.915,0,0.0,0,9,0.0,1,0,0,0.8,0.4,0.3333333333333333,1.0,0.4,0.625,0.25
4102,Hanyang University,https://www.hanyang.ac.kr,M4,Asia (East & Southeast),South Korea,0,1,0,200,en-us,True,2026-08-11T11:05:38+00:00,13.668,1,1,1,1,1,0,0,1,0,0,1,1,10,1,0,,1,1,1,0,0,1,1,0,0,1,1,0,1,1,1,1,1,1,1,1,0,1,1,1,0,1,0,0,0,1,1,0,12.63,1,1,0,0,0,0,100,1,0,1,0,1,1,88.9,1,0,0,3650.0,1,0,0.3879459030605697,0.765,0,0.0,0,13,0.15,1,0,0,0.8,0.4,0.3333333333333333,0.6666666666666666,0.8,0.5,0.0
4103,Kyung Hee University,https://www.khu.ac.kr,M4,Asia (East & Southeast),South Korea,0,1,0,200,ko,True,2026-08-11T11:05:59+00:00,11.312,1,1,3,1,0,0,0,1,0,0,1,1,5,1,1,2026-06-19,1,1,1,0,0,0,0,1,0,0,1,0,1,1,1,1,1,1,1,1,0,0,1,1,1,0,0,1,1,1,1,0,7.46,0,1,0,0,0,0,75,1,0,0,0,1,1,75.5,1,0,0,53.0,3,0,-0.0860076907970697,0.545,0,0.0,0,9,0.6,0,0,0,0.7333333333333333,0.8,0.3333333333333333,0.6666666666666666,0.6,0.25,0.0
4104,Gwangju Institute of Science and Technology,https://www.gist.ac.kr,M4,Asia (East & Southeast),South Korea,0,1,1,200,ko,True,2026-08-11T11:06:27+00:00,14.467,0,1,8,1,0,0,0,1,0,0,1,1,10,1,1,2026-08-24,1,1,1,1,0,0,0,1,1,0,1,0,1,1,1,1,1,1,1,1,0,1,0,1,1,0,0,1,0,1,1,1,9.44,1,0,0,0,0,0,75,1,0,0,0,1,1,92.4,1,0,0,0.0,3,1,0.548679740705839,0.8,0,0.0,0,9,1.0,0,0,0,0.7333333333333333,0.8,0.3333333333333333,0.6666666666666666,0.4,0.5,0.0
4105,Ewha Womans University,https://www.ewha.ac.kr,M4,Asia (East & Southeast),South Korea,0,1,0,200,ko,True,2026-08-11T11:07:07+00:00,31.708,1,1,2,0,0,0,0,1,0,0,0,0,0,0,1,2026-08-11,0,0,0,0,14,1,1,1,0,1,1,0,0,0,0,0,0,0,0,0,0,0,1,0,0,0,0,1,1,1,1,1,12.63,1,0,1,0,0,0,75,1,0,1,0,1,1,100.0,1,0,0,0.0,3,1,4.01703029745438,0.995,0,0.0,0,9,0.35,0,0,0,0.0666666666666666,1.0,0.3333333333333333,0.6666666666666666,0.4,0.625,0.25
4106,UNIST,https://www.unist.ac.kr,M4,Asia (East & Southeast),South Korea,0,1,0,200,ko,True,2026-08-11T11:07:30+00:00,12.865,1,1,3,1,1,0,0,0,0,0,1,1,10,0,1,2026-06-28,1,0,1,0,0,0,0,0,1,1,1,0,1,1,0,1,1,1,1,0,0,0,1,0,0,0,0,1,1,1,1,1,21.0,1,1,0,0,1,0,75,1,0,1,0,1,1,11.2,1,0,0,44.0,3,0,0.2264073903832844,0.69,0,0.0,0,9,0.6,0,0,0,0.4666666666666667,1.0,0.3333333333333333,0.6666666666666666,0.8,0.375,0.25
4107,Pusan National University,https://www.pusan.ac.kr,M4,Asia (East & Southeast),South Korea,0,1,0,200,ko,False,2026-08-11T12:25:33+00:00,12.462,1,0,0,0,0,0,0,0,0,0,0,0,0,0,0,,0,0,0,0,0,0,0,0,0,1,0,0,0,0,0,0,0,0,0,0,0,0,0,0,0,0,0,0,0,1,0,0,17.4,0,0,0,0,0,0,75,1,0,0,0,1,0,100.0,1,0,0,3650.0,0,0,0.1453363809076355,0.665,0,0.0,0,9,0.0,1,0,0,0.0,0.2,0.3333333333333333,0.3333333333333333,0.2,0.125,0.0
4108,Chung-Ang University,https://www.cau.ac.kr,M4,Asia (East & Southeast),South Korea,0,1,0,200,en,True,2026-08-11T11:08:31+00:00,10.9,0,1,6,1,0,0,0,0,0,0,1,1,10,1,1,2024-09-29,1,1,1,0,0,0,0,1,1,0,1,0,1,1,1,1,1,1,0,1,0,1,0,1,0,0,0,1,0,1,1,0,21.0,1,0,1,0,0,0,75,1,0,0,0,0,1,14.3,1,0,0,681.0,2,0,-0.1688892190947551,0.48,0,0.0,0,9,1.0,0,0,0,0.6,0.6,0.3333333333333333,0.3333333333333333,0.4,0.375,0.25
4109,Kyungpook National University,https://www.knu.ac.kr,M4,Asia (East & Southeast),South Korea,0,1,0,200,en-us,True,2026-08-11T11:09:01+00:00,17.812,1,1,7,1,0,0,1,1,0,0,1,1,3,1,0,,1,1,1,1,0,1,1,1,1,1,1,0,1,1,1,1,1,1,1,1,1,1,0,0,0,0,0,0,1,1,1,0,7.46,0,0,0,0,0,0,75,1,0,0,0,1,0,45.2,0,0,0,3650.0,1,1,1.221589236229525,0.89,0,0.0,0,9,1.0,1,0,0,0.6666666666666666,0.6,0.0,0.3333333333333333,0.6,0.875,0.0
4110,Sogang University,https://www.sogang.ac.kr,M4,Asia (East & Southeast),South Korea,0,1,0,200,ko,True,2026-08-11T11:09:26+00:00,11.504,1,1,11,0,0,0,0,0,0,0,0,1,10,1,0,,1,1,1,1,0,0,0,0,0,1,1,0,1,1,1,1,1,1,1,0,0,0,0,0,1,0,0,1,1,1,1,1,21.0,1,0,1,0,0,0,75,1,0,0,0,1,1,100.0,1,0,0,3650.0,1,1,-0.0473832892602841,0.56,0,0.0,0,9,0.8533333333333334,1,0,0,0.5333333333333333,1.0,0.3333333333333333,0.6666666666666666,0.4,0.375,0.25
4111,Sejong University,https://www.sejong.ac.kr,M4,Asia (East & Southeast),South Korea,0,1,0,200,en,True,2026-08-11T11:09:49+00:00,12.93,0,1,6,1,1,0,1,1,1,1,0,1,10,1,0,,1,1,1,0,5,1,1,0,1,0,1,0,1,1,1,1,1,1,0,0,0,1,0,1,1,0,0,1,1,1,0,0,18.88,1,0,0,0,0,0,55,1,0,1,0,1,1,41.9,1,0,0,3650.0,1,1,0.2394833596535503,0.7,0,0.0,0,6,1.0,1,0,0,0.6,0.6,0.3333333333333333,0.6666666666666666,0.6,0.5,0.0
4113,Inha University,https://www.inha.ac.kr,M4,Asia (East & Southeast),South Korea,0,1,0,200,ko,False,2026-08-11T11:10:23+00:00,9.651,0,0,0,0,0,0,0,0,0,0,0,0,0,0,0,,0,0,0,0,0,0,0,0,0,0,0,0,0,0,0,0,0,0,0,0,0,0,0,0,0,0,0,0,0,0,0,0,1.0,0,0,0,0,0,0,55,1,0,0,1,0,1,0.0,0,0,0,3650.0,0,0,-0.4201489978418655,0.285,0,0.0,0,6,0.0,1,1,1,0.0,0.0,0.0,0.6666666666666666,0.0,0.0,0.0
4114,Ajou University,https://www.ajou.ac.kr,M4,Asia (East & Southeast),South Korea,0,1,0,200,en,True,2026-08-11T11:10:59+00:00,21.971,1,1,3,0,1,0,0,1,1,0,1,0,0,1,1,2024-02-26,1,1,1,0,0,1,1,1,1,0,1,0,1,1,1,1,1,1,1,1,1,1,1,1,1,0,0,1,1,1,1,1,12.63,1,1,0,0,1,0,75,1,0,0,0,1,1,100.0,1,0,0,897.0,2,0,2.058250100768541,0.965,0,0.0,0,9,0.6,0,0,0,0.8666666666666667,1.0,0.3333333333333333,0.6666666666666666,0.6,0.625,0.25
4115,Chonnam National University,https://www.jnu.ac.kr,M4,Asia (East & Southeast),South Korea,0,1,0,200,,False,2026-08-11T11:11:22+00:00,12.914,1,0,0,0,0,0,0,0,0,0,0,0,0,0,0,,0,0,0,0,0,0,0,0,0,0,0,0,0,0,0,0,0,0,0,0,0,0,0,0,0,0,0,0,0,1,0,0,21.0,0,0,0,0,0,0,75,1,0,0,0,1,1,0.0,0,0,0,3650.0,0,0,0.2362646595254848,0.695,0,0.0,0,9,0.0,1,0,0,0.0,0.2,0.0,0.6666666666666666,0.2,0.0,0.0
4116,Jeonbuk National University,https://www.jbnu.ac.kr,M4,Asia (East & Southeast),South Korea,0,1,0,200,ko,True,2026-08-11T11:11:43+00:00,9.574,1,0,0,1,0,0,0,0,0,0,1,0,0,1,1,2026-07-07,1,1,1,0,0,0,0,1,0,1,1,0,1,1,1,1,1,1,1,1,0,1,0,1,1,0,1,1,1,1,1,1,21.0,1,1,0,0,0,0,55,1,0,0,0,1,1,27.9,1,0,0,35.0,3,0,-0.4356389922081805,0.275,0,0.0,0,6,0.0,0,0,0,0.8,1.0,0.3333333333333333,0.6666666666666666,0.4,0.375,0.0
4117,Konkuk University,https://www.konkuk.ac.kr,M4,Asia (East & Southeast),South Korea,0,1,0,200,ko,True,2026-08-11T11:12:45+00:00,31.982,1,1,7,0,0,0,0,1,1,1,1,1,3,1,0,,1,0,1,1,0,0,0,1,0,0,1,0,1,1,1,1,1,1,0,1,0,1,1,1,1,1,0,1,1,1,1,0,12.63,1,1,0,0,0,0,50,1,0,0,1,0,1,63.6,1,0,0,3650.0,1,1,4.0721505371475,1.0,0,0.0,0,5,1.0,1,0,0,0.8,0.8,0.3333333333333333,0.6666666666666666,0.4,0.375,0.0
4118,Dongguk University,https://www.dongguk.edu,M4,Asia (East & Southeast),South Korea,0,1,0,200,ko,True,2026-08-11T11:13:06+00:00,10.575,1,0,0,1,0,0,0,1,0,0,1,1,3,0,1,2026-01-02,1,1,1,1,0,1,1,1,1,1,1,0,1,1,1,1,1,1,1,1,1,1,1,1,1,0,0,0,1,1,1,0,21.0,1,0,0,0,1,0,75,1,3,1,1,1,1,24.4,1,0,0,221.0,2,1,-0.2342690654460851,0.435,3,1.3862943611198906,1,9,0.0,0,0,0,0.8666666666666667,0.6,0.3333333333333333,1.0,0.4,0.875,0.25
4120,Kookmin University,https://www.kookmin.ac.kr,M4,Asia (East & Southeast),South Korea,0,1,0,200,ko,True,2026-08-11T11:13:54+00:00,17.833,1,1,7,1,0,0,0,0,0,0,1,1,5,0,0,,1,1,1,0,0,0,0,1,1,1,1,0,1,1,1,1,1,1,1,0,0,1,0,1,1,0,1,0,0,1,1,0,7.46,1,1,0,0,0,1,75,1,0,0,1,1,1,67.2,1,0,0,3650.0,0,0,1.2258137801476103,0.895,0,0.0,0,9,1.0,1,0,0,0.7333333333333333,0.4,0.3333333333333333,1.0,0.6,0.5,0.25
4122,Gachon University,https://www.gachon.ac.kr,M4,Asia (East & Southeast),South Korea,0,1,0,200,ko,True,2026-08-11T11:14:23+00:00,8.598,1,1,6,0,0,0,0,0,1,1,0,1,4,0,0,,1,0,1,0,0,0,0,1,0,1,1,0,1,1,1,1,1,1,1,0,0,0,0,0,0,1,0,0,1,1,1,0,12.63,1,0,0,0,1,0,75,1,0,0,1,1,1,16.7,1,0,0,3650.0,0,0,-0.6319797000201736,0.195,0,0.0,0,9,1.0,1,0,0,0.5333333333333333,0.6,0.3333333333333333,1.0,0.4,0.375,0.25
4123,Chungbuk National University,https://www.chungbuk.ac.kr,M4,Asia (East & Southeast),South Korea,0,1,0,200,ko,True,2026-08-11T11:15:03+00:00,21.687,1,1,5,1,0,0,0,0,0,0,0,1,7,1,0,,1,0,1,0,0,0,0,1,1,1,1,0,1,1,1,1,1,1,0,1,0,0,0,1,1,0,1,1,1,1,1,0,9.74,1,1,1,0,0,0,75,1,1,0,0,0,1,100.0,1,0,0,3650.0,1,0,2.00111817349538,0.955,1,0.6931471805599453,1,9,1.0,1,0,0,0.6666666666666666,0.8,0.3333333333333333,0.3333333333333333,0.6,0.5,0.25
4124,National Taiwan University,https://www.ntu.edu.tw,M4,Asia (East & Southeast),Taiwan,0,0,0,200,en,True,2026-08-11T11:15:17+00:00,7.208,1,1,5,1,0,0,1,1,0,0,1,1,6,1,0,,1,1,1,1,20,1,1,0,0,1,1,0,1,1,1,1,1,1,1,1,0,1,1,1,1,0,0,1,1,1,1,1,21.0,1,1,0,0,0,0,100,1,1,0,1,1,0,100.0,1,0,0,3650.0,1,2,-0.9116042736458608,0.15,1,0.6931471805599453,1,13,1.0,1,0,0,0.8,1.0,0.3333333333333333,0.6666666666666666,0.6,0.625,0.0
4125,National Tsing Hua University,https://www.nthu.edu.tw,M4,Asia (East & Southeast),Taiwan,0,0,0,200,zh-ha,True,2026-08-11T11:15:41+00:00,10.431,1,0,0,1,0,0,1,1,0,0,1,1,2,0,1,2025-04-02,1,0,1,0,0,0,1,0,0,0,1,0,1,1,0,1,1,1,0,0,0,1,1,0,0,0,0,0,0,1,1,0,9.74,1,0,0,0,0,0,50,1,0,0,1,1,0,73.1,1,0,0,496.0,2,0,-0.2632373665986743,0.415,0,0.0,0,5,0.0,0,0,0,0.4666666666666667,0.4,0.3333333333333333,0.6666666666666666,0.4,0.25,0.0
4126,National Yang Ming Chiao Tung University,https://www.nycu.edu.tw,M4,Asia (East & Southeast),Taiwan,0,0,0,200,en-us,True,2026-08-11T11:15:55+00:00,6.475,1,1,10,1,0,0,0,1,0,0,0,1,3,0,1,2026-08-10,1,1,1,0,0,1,1,0,1,0,1,0,1,1,1,1,1,0,0,1,0,1,1,1,0,0,0,1,1,1,1,1,15.43,1,1,0,0,0,0,75,1,0,1,0,1,0,69.2,1,0,0,1.0,3,0,-1.05906097326286,0.125,0,0.0,0,9,0.9266666666666666,0,0,0,0.6,1.0,0.3333333333333333,0.3333333333333333,0.6,0.5,0.0
4127,National Cheng Kung University,https://www.ncku.edu.tw,M4,Asia (East & Southeast),Taiwan,0,0,0,200,en,True,2026-08-11T11:16:20+00:00,12.062,1,0,0,0,1,0,1,1,0,0,1,0,1,1,0,,1,0,1,1,0,0,0,0,0,0,1,0,1,1,0,1,1,1,0,0,0,1,0,0,1,0,0,0,1,0,1,0,10.05,1,0,0,0,0,0,50,1,10,1,1,1,1,96.3,1,0,0,3650.0,1,1,0.0648688777059988,0.6,10,2.3978952727983707,1,5,0.0,1,0,0,0.4666666666666667,0.4,0.3333333333333333,1.0,0.4,0.25,0.0
4129,National Central University,https://www.ncu.edu.tw,M4,Asia (East & Southeast),Taiwan,0,0,0,200,en,True,2026-08-11T11:17:05+00:00,9.676,1,0,0,1,1,0,0,0,0,0,0,1,2,1,1,2026-07-07,1,1,1,1,0,0,1,0,0,1,1,0,1,1,1,1,1,1,0,0,0,1,0,1,0,0,0,0,1,1,1,0,18.58,1,0,0,0,0,0,50,1,0,1,1,1,1,100.0,1,0,0,35.0,3,1,-0.4151197788917631,0.29,0,0.0,0,5,0.0,0,0,0,0.5333333333333333,0.6,0.3333333333333333,1.0,0.6,0.5,0.0
4130,National Sun Yat-sen University,https://www.nsysu.edu.tw,M4,Asia (East & Southeast),Taiwan,0,0,0,200,en,True,2026-08-11T11:17:48+00:00,13.358,1,0,0,1,1,0,0,0,1,0,1,0,1,0,1,2026-08-11,1,0,1,1,0,0,0,0,0,1,1,0,1,1,0,1,1,1,0,0,1,1,0,1,0,0,0,0,1,0,1,0,4.95,1,0,0,0,0,0,50,1,0,1,1,1,0,74.2,1,0,0,0.0,3,1,0.3255835880793016,0.735,0,0.0,0,5,0.0,0,0,0,0.5333333333333333,0.4,0.3333333333333333,0.6666666666666666,0.6,0.375,0.0
4131,National Chung Hsing University,https://www.nchu.edu.tw,M4,Asia (East & Southeast),Taiwan,0,0,0,200,en,True,2026-08-11T11:18:23+00:00,25.799,1,1,10,1,1,0,0,0,0,0,1,0,0,1,1,2026-08-03,1,1,1,0,0,1,1,0,0,1,1,0,1,1,1,1,1,1,0,1,1,1,1,1,1,0,0,1,1,1,1,1,12.63,1,1,0,0,1,0,75,1,0,0,1,1,0,40.0,1,0,0,8.0,3,0,2.828324106408203,0.98,0,0.0,0,9,0.9266666666666666,0,0,0,0.8,1.0,0.3333333333333333,0.6666666666666666,0.8,0.5,0.25
4132,Taipei Medical University,https://www.tmu.edu.tw,M4,Asia (East & Southeast),Taiwan,0,0,0,200,en,True,2026-08-11T12:26:01+00:00,9.552,1,1,5,1,0,0,1,1,0,0,1,0,0,0,0,,1,0,1,1,1,1,1,0,0,0,1,0,1,1,1,1,1,0,0,0,0,1,0,1,1,0,0,0,1,0,0,0,15.43,1,1,0,0,1,0,55,1,0,0,1,0,0,100.0,1,0,0,3650.0,0,2,-0.4400647048842706,0.265,0,0.0,0,6,1.0,1,0,0,0.5333333333333333,0.2,0.3333333333333333,0.3333333333333333,0.6,0.5,0.25
4133,National Taiwan Normal University,https://www.ntnu.edu.tw,M4,Asia (East & Southeast),Taiwan,0,0,0,200,,True,2026-08-11T11:20:54+00:00,10.446,1,0,0,0,1,0,0,0,0,0,0,0,0,0,1,2026-07-28,1,0,1,0,0,1,0,0,0,1,1,0,1,1,0,1,1,1,0,1,0,0,0,0,0,0,0,1,0,0,1,0,12.63,1,1,0,0,0,0,75,1,2,1,1,1,1,10.8,0,0,0,14.0,3,0,-0.2602198352286128,0.42,2,1.0986122886681098,1,9,0.0,0,0,0,0.4,0.4,0.0,1.0,0.4,0.375,0.0
4134,National Chengchi University,https://www.nccu.edu.tw,M4,Asia (East & Southeast),Taiwan,0,0,0,200,en,True,2026-08-11T11:21:17+00:00,13.557,1,1,4,1,1,0,0,0,0,0,0,1,10,1,1,2026-08-11,0,1,1,0,0,0,1,0,0,0,1,0,1,1,1,1,1,1,0,1,0,1,1,1,0,0,0,0,1,0,1,0,18.58,1,0,0,0,0,1,50,1,0,1,1,1,1,90.2,1,0,0,0.0,3,0,0.3656161709221158,0.755,0,0.0,0,5,0.85,0,0,0,0.6666666666666666,0.4,0.3333333333333333,1.0,0.8,0.25,0.25
4135,Chang Gung University,https://www.cgu.edu.tw,M4,Asia (East & Southeast),Taiwan,0,0,0,200,en,True,2026-08-11T11:21:45+00:00,9.716,1,1,6,1,0,0,0,0,0,0,1,0,0,1,0,,1,1,1,0,0,1,1,0,0,0,1,0,1,1,0,1,1,1,0,1,0,1,0,1,1,0,0,1,1,1,1,1,15.43,1,1,0,0,0,0,75,1,0,1,0,1,0,90.0,1,0,0,3650.0,1,0,-0.4070730285715996,0.3025,0,0.0,0,9,1.0,1,0,0,0.6,1.0,0.3333333333333333,0.3333333333333333,0.6,0.375,0.0
4136,National Yunlin University of Science and Technology,https://www.yuntech.edu.tw,M4,Asia (East & Southeast),Taiwan,0,0,0,200,en-gb,True,2026-08-11T11:22:03+00:00,6.62,1,1,20,1,0,0,0,1,0,0,1,1,7,1,1,2026-08-03,1,1,1,0,1,1,1,0,0,0,1,0,1,1,1,1,1,1,1,1,1,1,1,1,0,0,0,1,0,1,1,1,20.86,1,1,0,0,0,0,75,1,39,0,1,1,0,60.6,1,1,0,8.0,3,1,-1.0298915033522666,0.135,10,2.3978952727983707,1,9,0.45,0,0,0,0.8,0.8,0.6666666666666666,0.6666666666666666,0.6,0.375,0.0
4137,Asia University Taiwan,https://www.asia.edu.tw,M4,Asia (East & Southeast),Taiwan,0,0,1,200,en,True,2026-08-11T11:22:23+00:00,10.173,1,1,3,1,1,0,0,1,0,0,1,1,10,1,1,2026-09-07,1,1,1,0,0,0,1,0,0,0,1,0,1,1,0,1,1,0,0,1,1,1,0,1,1,1,0,0,1,1,1,0,18.58,1,0,0,0,1,0,50,1,1,1,1,1,0,81.1,1,0,0,0.0,3,0,-0.3151389061637297,0.36,1,0.6931471805599453,1,5,0.6,0,0,0,0.6666666666666666,0.6,0.3333333333333333,0.6666666666666666,0.8,0.25,0.25
4138,University of Hong Kong,https://www.hku.hk,M4,Asia (East & Southeast),Hong Kong,0,0,0,200,en,False,2026-08-11T11:22:40+00:00,14.771,1,0,0,1,0,0,1,1,0,0,1,1,3,1,0,,1,1,1,1,2,0,0,0,1,0,1,0,1,1,1,1,1,1,1,1,1,1,0,1,0,0,0,0,1,1,1,0,12.63,1,0,0,0,0,0,90,1,0,0,1,1,0,82.9,1,1,0,3650.0,1,2,0.6098350431390829,0.825,0,0.0,0,12,0.0,1,0,0,0.7333333333333333,0.6,0.6666666666666666,0.6666666666666666,0.4,0.375,0.0
4139,Chinese University of Hong Kong,https://www.cuhk.edu.hk,M4,Asia (East & Southeast),Hong Kong,0,0,1,200,en,False,2026-08-11T11:22:50+00:00,8.538,1,1,20,1,0,0,0,1,0,0,1,0,0,0,1,2026-08-17,1,0,1,1,1,1,1,1,0,0,1,0,1,1,1,1,1,1,0,1,0,1,0,1,0,0,0,0,1,1,1,1,6.29,1,1,0,0,0,0,75,1,15,0,1,1,1,89.4,1,1,0,0.0,3,3,-0.6440498255004192,0.185,10,2.3978952727983707,1,9,0.45,0,0,0,0.6,0.8,0.6666666666666666,1.0,0.6,0.625,0.0
4140,Hong Kong University of Science and Technology,https://www.ust.hk,M4,Asia (East & Southeast),Hong Kong,0,0,1,200,en,False,2026-08-11T11:23:02+00:00,9.521,1,1,2,1,1,0,1,1,1,0,1,1,10,0,1,2026-09-07,1,1,1,1,17,1,1,1,1,1,1,0,1,1,1,1,1,1,1,1,0,1,1,1,1,0,0,0,1,1,1,1,15.23,1,1,0,0,0,1,90,1,0,1,1,1,1,100.0,1,1,0,0.0,3,3,-0.4463009363823972,0.26,0,0.0,0,12,0.35,0,0,0,0.8,0.8,0.6666666666666666,1.0,0.8,0.875,0.25
4141,City University of Hong Kong,https://www.cityu.edu.hk,M4,Asia (East & Southeast),Hong Kong,0,0,1,200,en,False,2026-08-11T11:23:20+00:00,16.24,1,1,7,0,1,0,1,1,0,0,1,0,1,0,1,2026-08-28,1,1,1,1,0,1,1,0,1,1,1,0,1,1,1,1,1,1,1,1,1,1,0,1,0,0,0,1,0,1,1,1,12.13,1,1,0,0,0,0,75,1,0,0,0,1,1,66.7,1,1,0,0.0,3,1,0.9053519486470928,0.86,0,0.0,0,9,1.0,0,0,0,0.7333333333333333,0.8,0.6666666666666666,0.6666666666666666,0.6,0.75,0.0
4142,Hong Kong Polytechnic University,https://www.polyu.edu.hk,M4,Asia (East & Southeast),Hong Kong,0,0,0,200,en,False,2026-08-11T11:23:38+00:00,16.298,1,1,7,1,1,0,1,1,0,0,1,0,0,0,0,,1,1,1,1,1,1,1,0,1,0,1,0,1,1,1,1,1,1,1,1,1,1,0,1,0,0,0,0,1,1,1,1,9.59,1,1,0,0,0,1,100,1,0,1,1,1,1,98.0,1,1,0,3650.0,0,2,0.91701973661133,0.865,0,0.0,0,13,1.0,1,0,0,0.7333333333333333,0.8,0.6666666666666666,1.0,0.8,0.625,0.25
4143,Hong Kong Baptist University,https://www.hkbu.edu.hk,M4,Asia (East & Southeast),Hong Kong,0,0,1,200,en,False,2026-08-11T11:23:50+00:00,9.776,1,1,8,0,0,0,0,0,1,1,1,0,0,1,1,2026-08-26,1,1,1,1,0,0,0,0,0,0,1,0,1,1,1,1,1,1,1,1,0,1,1,1,0,0,0,1,1,1,1,1,9.28,1,0,0,0,0,0,100,1,0,1,1,1,1,81.0,1,1,0,0.0,3,1,-0.395002903091354,0.3125,0,0.0,0,13,1.0,0,0,0,0.7333333333333333,1.0,0.6666666666666666,1.0,0.4,0.25,0.0
4144,Lingnan University,https://www.ln.edu.hk,M4,Asia (East & Southeast),Hong Kong,0,0,1,200,en,False,2026-08-11T11:24:11+00:00,19.177,1,1,8,1,1,0,1,1,1,1,1,1,5,1,1,2026-09-04,1,0,1,1,7,1,1,0,0,0,1,0,1,1,1,1,1,1,1,1,1,1,0,1,1,0,0,0,1,1,1,1,17.4,1,1,0,0,0,0,100,1,0,1,1,1,1,93.1,1,1,0,0.0,3,2,1.4961845909051097,0.925,0,0.0,0,13,1.0,0,0,0,0.8,0.8,0.6666666666666666,1.0,0.8,0.5,0.0
4145,University of Macau,https://www.um.edu.mo,M4,Asia (East & Southeast),Macau,0,0,0,200,en-us,False,2026-08-11T11:24:24+00:00,9.715,1,1,10,0,1,0,0,1,0,0,1,1,10,1,0,,1,0,0,1,20,1,1,0,1,1,1,0,1,1,1,1,1,1,1,1,1,1,0,1,0,0,0,1,1,1,1,1,8.34,1,1,1,0,0,0,90,1,0,1,1,1,0,5.5,1,1,0,3650.0,1,2,-0.4072741973296036,0.295,0,0.0,0,12,0.9266666666666666,1,0,0,0.7333333333333333,1.0,0.6666666666666666,0.6666666666666666,0.6,0.75,0.25
4146,National University of Singapore,https://www.nus.edu.sg,M4,Asia (East & Southeast),Singapore,0,0,0,200,,False,2026-08-11T11:24:39+00:00,12.269,1,1,8,1,0,1,0,0,0,0,0,0,0,1,1,2026-07-25,1,1,1,1,2,0,0,0,0,0,1,0,1,1,1,1,1,1,1,1,1,1,0,1,0,0,0,1,0,1,1,1,12.63,1,1,0,0,0,0,75,1,0,0,1,1,1,51.6,1,0,0,17.0,3,2,0.1065108106128459,0.645,0,0.0,0,9,1.0,0,0,0,0.7333333333333333,0.8,0.3333333333333333,1.0,0.8,0.25,0.0
4147,Nanyang Technological University,https://www.ntu.edu.sg,M4,Asia (East & Southeast),Singapore,0,0,1,200,en,False,2026-08-11T11:24:50+00:00,8.616,1,1,7,1,0,1,1,1,1,0,1,0,0,1,1,2026-11-18,1,1,1,1,0,1,1,0,0,0,1,0,1,1,1,1,1,1,1,1,1,1,1,1,1,1,1,1,0,1,1,1,12.63,1,1,1,0,0,0,100,1,0,1,1,1,1,47.1,1,0,0,0.0,3,1,-0.6283586623761002,0.2,0,0.0,0,13,1.0,0,0,0,1.0,0.8,0.3333333333333333,1.0,0.8,0.5,0.25
4148,Singapore Management University,https://www.smu.edu.sg,M4,Asia (East & Southeast),Singapore,0,0,0,200,en,False,2026-08-11T11:25:05+00:00,10.96,1,1,8,1,0,0,1,1,1,0,1,0,0,0,1,2026-08-11,1,1,1,1,1,1,1,0,1,1,1,0,1,1,1,1,1,1,0,1,0,1,1,1,0,0,0,1,0,1,1,1,21.0,1,1,0,0,0,0,75,1,0,0,0,1,1,80.7,1,1,0,0.0,3,2,-0.1568190936145096,0.495,0,0.0,0,9,1.0,0,0,0,0.6666666666666666,0.8,0.6666666666666666,0.6666666666666666,0.6,0.75,0.0
4149,Singapore University of Technology and Design,https://www.sutd.edu.sg,M4,Asia (East & Southeast),Singapore,0,0,1,200,en-us,False,2026-08-11T11:25:17+00:00,10.15,1,0,0,1,0,0,1,1,1,1,1,0,1,0,1,2026-08-20,1,1,1,1,0,1,0,0,1,1,1,0,1,1,0,1,1,1,1,1,1,1,1,1,1,0,0,1,0,1,1,1,21.0,1,1,0,0,0,1,90,1,0,1,1,1,0,80.0,1,0,0,0.0,3,1,-0.3197657875978237,0.355,0,0.0,0,12,0.0,0,0,0,0.8,0.8,0.3333333333333333,0.6666666666666666,0.4,0.625,0.25
4150,University of Malaya,https://www.um.edu.my,M4,Asia (East & Southeast),Malaysia,0,0,0,200,en-us,False,2026-08-11T11:25:32+00:00,11.775,1,0,0,1,0,0,0,1,0,0,0,0,0,0,1,2026-08-11,1,0,1,0,3,1,1,0,1,0,1,1,1,1,1,1,1,1,1,0,1,1,0,1,0,0,1,0,1,1,1,1,5.33,1,1,0,0,0,0,75,1,3,0,1,1,0,27.3,1,0,0,0.0,3,1,0.0071334441588248,0.58,3,1.3862943611198906,1,9,0.0,0,0,0,0.7333333333333333,0.8,0.3333333333333333,0.6666666666666666,0.4,0.625,0.0
4151,Universiti Kebangsaan Malaysia,https://www.ukm.my,M4,Asia (East & Southeast),Malaysia,0,0,0,200,en-gb,False,2026-08-11T11:25:44+00:00,10.205,1,1,1,1,1,0,0,0,1,0,1,0,0,0,0,,1,0,1,1,0,0,0,0,1,0,1,0,1,1,1,1,1,1,1,1,1,1,1,1,0,0,0,0,0,1,1,0,12.63,1,0,0,0,0,1,90,1,0,0,0,0,0,7.1,1,0,0,3650.0,0,1,-0.3087015059075988,0.365,0,0.0,0,12,0.15,1,0,0,0.8,0.4,0.3333333333333333,0.0,0.8,0.375,0.25
4153,Universiti Sains Malaysia,https://www.usm.my,M4,Asia (East & Southeast),Malaysia,0,0,0,200,en-gb,False,2026-08-11T11:26:43+00:00,7.896,1,1,2,1,1,0,0,1,0,0,0,0,0,1,1,2026-08-11,1,1,1,0,0,0,0,0,0,1,1,0,1,1,1,1,1,1,0,0,0,0,1,1,0,0,0,0,0,1,1,1,5.15,1,1,0,0,0,1,90,1,0,0,1,1,0,14.3,1,0,0,0.0,3,0,-0.7732001681390459,0.165,0,0.0,0,12,0.35,0,0,0,0.5333333333333333,0.6,0.3333333333333333,0.6666666666666666,0.8,0.25,0.25
4154,Universiti Teknologi Malaysia,https://www.utm.my,M4,Asia (East & Southeast),Malaysia,0,0,0,200,en-us,False,2026-08-11T11:26:53+00:00,7.542,1,0,0,1,0,0,1,1,0,0,1,0,1,0,0,,0,1,0,0,0,0,0,0,1,0,1,1,1,1,1,1,1,1,1,1,0,1,0,1,0,1,0,0,0,1,1,1,5.74,1,1,0,0,0,1,90,1,0,0,0,1,1,13.3,1,1,0,3650.0,0,0,-0.8444139084724943,0.16,0,0.0,0,12,0.0,1,0,0,0.7333333333333333,0.6,0.6666666666666666,0.6666666666666666,0.4,0.375,0.25
4155,Universiti Teknologi PETRONAS,https://www.utp.edu.my,M4,Asia (East & Southeast),Malaysia,0,0,0,200,en-us,False,2026-08-11T11:27:09+00:00,14.633,1,0,0,1,0,0,0,0,1,1,1,1,6,1,0,,1,1,1,1,12,0,0,0,1,1,1,0,1,1,1,1,1,1,1,1,1,1,0,1,0,0,0,0,0,1,1,0,9.74,1,0,0,0,0,1,75,1,0,1,1,1,1,60.0,1,0,0,3650.0,1,2,0.5820737545345179,0.815,0,0.0,0,9,0.0,1,0,0,0.7333333333333333,0.4,0.3333333333333333,1.0,0.4,0.5,0.25
4156,Universiti Utara Malaysia,https://www.uum.edu.my,M4,Asia (East & Southeast),Malaysia,0,0,0,200,en-gb,False,2026-08-11T11:27:21+00:00,9.455,1,1,5,0,0,0,0,1,1,1,0,1,5,0,1,2026-04-06,1,0,1,0,3,1,0,1,0,0,1,0,1,1,1,1,1,1,1,1,1,1,1,0,0,0,0,1,0,1,1,1,21.0,1,1,0,0,0,0,75,1,0,1,1,1,1,93.3,1,1,0,127.0,2,1,-0.4595780744106674,0.255,0,0.0,0,9,1.0,0,0,0,0.7333333333333333,0.8,0.6666666666666666,1.0,0.4,0.375,0.0
4157,International Islamic University Malaysia,https://www.iium.edu.my,M4,Asia (East & Southeast),Malaysia,0,0,0,200,en-us,False,2026-08-11T11:27:37+00:00,14.193,1,1,9,1,0,0,0,0,0,0,1,0,0,0,1,2026-08-11,1,1,1,0,0,1,0,0,0,0,1,0,1,1,0,1,1,0,1,1,0,1,0,1,0,0,0,1,1,0,1,1,21.0,1,1,0,0,1,0,90,1,0,1,0,1,0,26.3,1,1,0,0.0,3,0,0.4935595010127178,0.785,0,0.0,0,12,1.0,0,0,0,0.5333333333333333,0.8,0.6666666666666666,0.3333333333333333,0.6,0.25,0.25
4158,Universiti Teknologi MARA,https://www.uitm.edu.my,M4,Asia (East & Southeast),Malaysia,0,0,0,200,en-gb,False,2026-08-11T11:27:49+00:00,10.257,1,0,0,1,1,0,1,1,1,1,1,1,7,0,1,2026-08-11,1,1,1,0,0,1,1,0,1,0,1,0,1,1,1,1,1,1,0,1,1,1,1,1,0,0,1,1,1,1,1,1,2.85,1,1,0,0,0,0,90,1,1,0,1,1,0,93.8,1,1,0,0.0,3,0,-0.2982407304913861,0.4,1,0.6931471805599453,1,12,0.0,0,0,0,0.8,1.0,0.6666666666666666,0.6666666666666666,0.6,0.5,0.0
4159,Multimedia University,https://www.mmu.edu.my,M4,Asia (East & Southeast),Malaysia,0,0,0,200,en,False,2026-08-11T11:28:02+00:00,9.211,1,0,0,1,0,0,0,0,1,0,1,0,0,1,0,,1,1,1,1,0,0,0,0,1,0,1,0,1,1,1,1,1,1,1,1,0,1,0,1,0,0,1,1,1,1,1,1,12.63,1,1,1,0,1,0,90,1,0,1,1,1,1,40.8,1,0,0,3650.0,1,1,-0.5086632513636656,0.235,0,0.0,0,12,0.0,1,0,0,0.7333333333333333,1.0,0.3333333333333333,1.0,0.4,0.375,0.5
4160,Taylor's University,https://university.taylors.edu.my,M4,Asia (East & Southeast),Malaysia,0,0,0,200,en,False,2026-08-11T11:28:15+00:00,10.384,1,0,0,1,0,0,1,1,1,1,1,0,0,0,0,,1,0,0,0,0,1,1,0,1,1,1,0,0,1,0,1,1,1,1,1,1,1,1,1,0,0,0,0,0,1,1,0,16.3,1,1,1,0,0,0,75,1,0,1,1,1,1,96.2,1,0,0,3650.0,0,0,-0.2726922982248663,0.41,0,0.0,0,9,0.0,1,0,0,0.6666666666666666,0.4,0.3333333333333333,1.0,0.4,0.625,0.25
4161,UCSI University,https://www.ucsiuniversity.edu.my,M4,Asia (East & Southeast),Malaysia,0,0,0,200,en,False,2026-08-11T11:28:22+00:00,4.681,1,1,3,1,1,0,0,1,0,0,1,0,0,0,1,2026-07-30,1,1,1,1,0,1,1,0,1,1,1,0,1,1,1,1,1,1,1,1,1,1,0,1,0,0,0,1,0,1,1,0,11.76,1,0,0,0,0,1,75,1,9,1,1,1,1,56.5,1,0,0,12.0,3,1,-1.4199577251222,0.065,9,2.302585092994046,1,9,0.6,0,0,0,0.7333333333333333,0.6,0.3333333333333333,1.0,0.8,0.75,0.25
4162,Universiti Malaysia Sarawak,https://www.unimas.my,M4,Asia (East & Southeast),Malaysia,0,0,0,200,en-gb,False,2026-08-11T11:28:34+00:00,9.978,1,1,6,0,0,0,0,0,0,0,1,1,4,0,1,2026-02-25,0,0,1,0,0,0,0,0,1,0,1,0,1,1,1,1,1,1,0,0,0,0,0,0,0,0,0,0,1,1,0,0,15.33,0,1,0,0,0,0,75,1,0,1,1,1,1,100.0,1,1,0,167.0,2,0,-0.3543668139745276,0.33,0,0.0,0,9,1.0,0,0,0,0.4,0.4,0.6666666666666666,1.0,0.4,0.25,0.0
4164,Universiti Tunku Abdul Rahman,https://www.utar.edu.my,M4,Asia (East & Southeast),Malaysia,0,0,0,200,en,False,2026-08-11T11:29:18+00:00,9.016,1,1,11,1,0,1,0,0,0,0,1,0,1,1,0,,1,1,1,0,0,0,0,0,0,0,1,0,1,1,1,1,1,1,1,1,1,1,0,1,1,0,1,0,0,1,1,0,21.0,1,0,1,0,0,0,75,1,0,1,0,1,0,40.9,1,0,0,3650.0,1,0,-0.5478911591744635,0.22,0,0.0,0,9,0.8533333333333334,1,0,0,0.8666666666666667,0.4,0.3333333333333333,0.3333333333333333,0.8,0.125,0.25
4166,Gadjah Mada University,https://www.ugm.ac.id,M4,Asia (East & Southeast),Indonesia,0,0,0,200,en-us,True,2026-08-11T11:29:27+00:00,2.924,1,1,8,0,1,0,0,0,1,1,1,0,0,0,1,2026-07-02,1,0,1,1,0,1,1,0,0,1,1,0,1,1,0,1,1,1,1,1,0,1,1,1,0,0,0,1,0,0,1,0,17.73,1,1,0,0,0,0,90,1,0,1,1,1,1,24.5,1,1,0,40.0,3,1,-1.7734112329353886,0.025,0,0.0,0,12,1.0,0,0,0,0.6666666666666666,0.4,0.6666666666666666,1.0,0.6,0.625,0.0
4167,Bandung Institute of Technology,https://www.itb.ac.id,M4,Asia (East & Southeast),Indonesia,0,0,0,200,id-id,True,2026-08-11T11:29:35+00:00,5.029,1,1,2,0,0,0,0,1,1,1,1,0,0,0,1,2026-08-07,1,0,1,1,0,1,1,0,0,0,1,0,1,1,1,1,1,1,1,1,0,1,0,1,0,0,0,1,0,0,1,1,8.86,1,1,0,0,0,0,75,1,0,0,0,1,1,100.0,1,1,0,4.0,3,1,-1.349950997336776,0.08,0,0.0,0,9,0.35,0,0,0,0.6666666666666666,0.6,0.6666666666666666,0.6666666666666666,0.4,0.5,0.0
4168,IPB University,https://www.ipb.ac.id,M4,Asia (East & Southeast),Indonesia,0,0,1,200,en-us,True,2026-08-11T11:29:48+00:00,4.838,1,1,5,1,1,0,0,1,0,0,1,1,9,1,1,2026-12-05,1,1,1,1,20,1,0,1,0,0,1,0,1,1,0,1,1,1,1,0,0,1,1,1,0,0,0,0,0,0,1,0,5.49,1,1,0,0,0,0,90,1,0,1,1,1,1,100.0,1,1,0,0.0,3,3,-1.3883742301155575,0.075,0,0.0,0,12,1.0,0,0,0,0.6,0.2,0.6666666666666666,1.0,0.8,0.5,0.0
4171,Diponegoro University,https://www.undip.ac.id,M4,Asia (East & Southeast),Indonesia,0,0,0,200,en-gb,True,2026-08-11T11:30:14+00:00,2.605,1,1,2,1,1,0,0,1,0,0,1,1,6,1,1,2026-07-26,1,1,1,1,0,1,1,0,0,0,1,0,1,0,0,1,1,1,1,0,0,1,0,1,1,0,0,1,0,1,1,1,12.63,1,1,0,0,0,0,90,1,0,1,0,1,1,63.2,1,0,0,16.0,3,1,-1.8375840667386936,0.01,0,0.0,0,12,0.35,0,0,0,0.5333333333333333,0.8,0.3333333333333333,0.6666666666666666,0.8,0.5,0.0
4172,Sepuluh Nopember Institute of Technology,https://www.its.ac.id,M4,Asia (East & Southeast),Indonesia,0,0,0,200,en-us,True,2026-08-11T11:30:40+00:00,12.59,1,1,6,0,1,0,0,1,1,0,1,1,6,0,1,,1,1,1,1,9,0,0,1,1,0,1,0,1,1,1,1,1,1,1,1,0,1,0,1,1,0,1,1,0,1,0,1,5.89,1,1,1,0,0,0,90,1,0,1,1,1,1,13.3,1,1,0,3650.0,1,3,0.1710859819321592,0.685,0,0.0,0,12,1.0,1,0,0,0.8,0.6,0.6666666666666666,1.0,0.6,0.5,0.25
4173,Brawijaya University,https://www.ub.ac.id,M4,Asia (East & Southeast),Indonesia,0,0,0,200,en-us,False,2026-08-11T11:30:52+00:00,9.572,1,1,7,1,1,0,1,1,1,1,1,1,5,1,1,2026-08-10,1,1,1,1,1,0,0,0,1,1,1,0,1,1,0,1,1,1,1,1,0,1,1,1,0,0,0,0,1,1,1,1,12.63,1,1,0,0,0,0,75,1,0,1,0,1,1,62.1,1,0,0,1.0,3,2,-0.4360413297241888,0.27,0,0.0,0,9,1.0,0,0,0,0.6666666666666666,0.8,0.3333333333333333,0.6666666666666666,0.8,0.5,0.0
4175,Hasanuddin University,https://www.unhas.ac.id,M4,Asia (East & Southeast),Indonesia,0,0,0,200,en-us,False,2026-08-11T11:31:02+00:00,4.836,1,1,6,0,0,0,0,1,1,1,1,0,0,0,1,2026-08-01,1,1,1,1,0,1,0,0,1,0,1,0,1,1,0,1,1,1,1,1,0,0,0,0,1,0,1,0,0,1,1,0,8.21,1,0,0,0,0,0,90,1,0,1,1,1,1,96.7,1,0,0,10.0,3,1,-1.3887765676315658,0.07,0,0.0,0,12,1.0,0,0,0,0.6,0.4,0.3333333333333333,1.0,0.4,0.5,0.0
4176,University of North Sumatra,https://www.usu.ac.id,M4,Asia (East & Southeast),Indonesia,0,0,0,200,en,True,2026-08-11T11:31:21+00:00,6.85,1,1,10,1,1,0,1,1,1,1,1,1,10,1,1,2026-08-11,1,1,1,0,0,1,1,0,1,0,1,0,1,1,0,1,1,1,1,0,1,1,1,1,0,0,0,1,1,1,1,1,21.0,0,0,0,0,0,0,90,1,0,1,1,1,1,100.0,1,1,0,0.0,3,0,-0.9836226890113255,0.145,0,0.0,0,12,0.9266666666666666,0,0,0,0.6666666666666666,1.0,0.6666666666666666,1.0,0.8,0.5,0.0
4177,Andalas University,https://www.unand.ac.id,M4,Asia (East & Southeast),Indonesia,0,0,0,200,en-gb,False,2026-08-11T12:27:38+00:00,8.966,1,1,8,0,0,0,0,0,0,0,0,0,0,0,1,2026-08-11,0,0,0,0,0,1,0,0,0,0,1,0,0,0,0,0,0,0,0,0,0,1,0,1,0,0,0,0,0,1,1,0,21.0,1,1,0,0,0,0,75,1,0,1,1,1,0,69.1,1,1,0,0.0,3,0,-0.5579495970746682,0.21,0,0.0,0,9,1.0,0,0,0,0.1333333333333333,0.4,0.6666666666666666,0.6666666666666666,0.4,0.25,0.0
4178,Bina Nusantara University,https://www.binus.ac.id,M4,Asia (East & Southeast),Indonesia,0,0,0,200,en,True,2026-08-11T11:32:06+00:00,12.141,1,1,4,1,0,0,0,0,1,1,1,0,0,0,1,2026-08-03,1,0,0,1,1,1,1,1,0,1,1,0,1,1,1,1,1,1,1,0,0,0,0,0,0,0,0,1,1,0,0,0,15.91,1,1,0,0,0,0,75,1,0,0,0,1,0,87.5,1,0,0,8.0,3,3,0.0807612095883222,0.61,0,0.0,0,9,0.85,0,0,0,0.4666666666666667,0.4,0.3333333333333333,0.3333333333333333,0.6,0.75,0.0
4180,Chulalongkorn University,https://www.chula.ac.th,M4,Asia (East & Southeast),Thailand,0,0,0,200,en-us,True,2026-08-11T11:32:26+00:00,3.652,1,1,6,1,1,0,1,1,1,1,1,0,0,1,0,,1,1,1,1,0,1,1,0,1,1,1,0,1,1,1,1,1,1,1,1,1,1,1,1,0,0,0,1,0,1,1,1,21.0,1,0,0,0,0,0,100,1,0,1,0,1,1,59.1,1,1,0,3650.0,1,1,-1.6269603771084098,0.04,0,0.0,0,13,1.0,1,0,0,0.8,0.8,0.6666666666666666,0.6666666666666666,0.8,0.75,0.0
4181,Mahidol University,https://www.mahidol.ac.th,M4,Asia (East & Southeast),Thailand,0,0,0,200,en-us,False,2026-08-11T11:32:36+00:00,7.211,1,1,10,1,1,0,0,0,0,0,1,0,0,1,1,2026-07-23,1,0,1,1,4,1,1,0,0,0,1,0,1,1,1,1,1,1,1,1,0,1,1,1,1,0,0,1,0,1,1,1,6.1,1,1,0,0,0,0,90,1,0,1,1,1,1,21.6,1,0,0,19.0,3,2,-0.9110007673718484,0.155,0,0.0,0,12,0.9266666666666666,0,0,0,0.8,0.8,0.3333333333333333,1.0,0.8,0.5,0.0
4182,Chiang Mai University,https://www.cmu.ac.th,M4,Asia (East & Southeast),Thailand,0,0,0,200,,True,2026-08-11T11:33:40+00:00,30.008,1,1,8,1,1,0,0,0,0,0,1,1,10,1,1,2026-08-10,1,1,1,0,12,1,1,1,1,0,1,0,1,1,1,1,1,1,1,1,0,1,0,1,0,0,0,1,1,1,1,1,4.48,1,1,0,0,0,0,75,1,0,1,1,1,1,3.4,0,0,0,1.0,3,1,3.675043408847424,0.99,0,0.0,0,9,1.0,0,0,0,0.6666666666666666,1.0,0.0,1.0,0.8,0.625,0.0
4183,Kasetsart University,https://www.ku.ac.th,M4,Asia (East & Southeast),Thailand,0,0,0,200,en,True,2026-08-11T11:33:51+00:00,4.019,1,1,1,1,1,0,0,1,0,0,1,1,2,1,1,2026-08-05,1,1,1,0,0,1,1,0,0,0,1,0,1,1,1,1,1,1,0,0,0,0,1,1,1,0,0,0,1,1,1,0,15.92,1,1,0,0,1,0,100,1,0,0,1,1,1,100.0,1,0,0,6.0,3,0,-1.5531314429209084,0.045,0,0.0,0,13,0.15,0,0,0,0.6,0.6,0.3333333333333333,1.0,0.8,0.375,0.25
4184,Thammasat University,https://www.tu.ac.th,M4,Asia (East & Southeast),Thailand,0,0,0,200,en-us,True,2026-08-11T11:34:03+00:00,5.854,1,1,9,1,1,0,0,1,1,0,1,0,0,1,1,2026-06-04,1,1,1,1,1,1,1,0,1,1,1,0,1,1,1,1,1,1,0,1,1,1,1,1,0,0,0,1,1,1,1,1,12.18,1,1,0,0,0,0,90,1,0,1,0,1,0,61.9,1,1,0,68.0,3,2,-1.1839867719834003,0.105,0,0.0,0,12,1.0,0,0,0,0.7333333333333333,1.0,0.6666666666666666,0.3333333333333333,0.8,0.75,0.0
4186,Prince of Songkla University,https://www.psu.ac.th,M4,Asia (East & Southeast),Thailand,0,0,0,200,en,False,2026-08-11T11:35:20+00:00,9.338,1,1,12,0,1,0,1,1,0,0,1,0,0,0,0,,0,0,0,0,0,1,1,0,0,0,1,0,0,0,0,0,0,0,0,0,0,0,0,0,0,0,0,1,0,1,1,1,5.74,1,0,0,0,0,0,75,1,1,1,0,1,1,34.1,1,0,0,3650.0,0,0,-0.4831148190971462,0.24,1,0.6931471805599453,1,9,0.78,1,0,0,0.0,0.8,0.3333333333333333,0.6666666666666666,0.6,0.375,0.0
4187,King Mongkut's University of Technology Thonburi,https://www.kmutt.ac.th,M4,Asia (East & Southeast),Thailand,0,0,0,200,en-us,True,2026-08-11T11:35:39+00:00,10.208,1,0,0,1,1,0,0,0,0,0,1,0,0,1,1,2026-02-04,1,1,1,0,1,1,1,0,0,1,1,0,1,1,1,1,1,1,1,1,0,1,0,1,0,0,0,1,1,1,1,1,11.49,1,1,0,0,0,0,75,1,0,1,1,1,1,24.1,1,0,0,188.0,2,1,-0.3080979996335865,0.3775,0,0.0,0,9,0.0,0,0,0,0.6666666666666666,1.0,0.3333333333333333,1.0,0.6,0.5,0.0
4188,King Mongkut's Institute of Technology Ladkrabang,https://www.kmitl.ac.th,M4,Asia (East & Southeast),Thailand,0,0,1,200,en,False,2026-08-11T11:35:50+00:00,9.776,1,1,3,0,1,0,0,0,0,0,1,1,10,0,1,2026-08-30,1,0,1,1,15,1,1,1,1,0,1,0,1,1,1,1,1,1,0,0,0,1,0,1,0,0,0,1,0,0,1,1,15.43,1,1,0,0,0,0,75,1,0,1,1,1,1,80.2,1,0,0,0.0,3,3,-0.395002903091354,0.3125,0,0.0,0,9,0.6,0,0,0,0.5333333333333333,0.6,0.3333333333333333,1.0,0.6,0.75,0.0
4189,Suranaree University of Technology,https://www.sut.ac.th,M4,Asia (East & Southeast),Thailand,0,0,0,200,,True,2026-08-11T12:28:19+00:00,2.396,1,1,6,1,1,0,0,1,1,1,0,0,0,0,1,2026-08-11,1,1,1,0,0,1,0,0,0,0,1,0,1,1,1,1,1,1,1,1,0,1,1,1,1,0,0,1,0,0,1,0,13.08,1,1,0,0,0,0,20,1,0,1,0,1,1,60.7,0,0,0,0.0,3,0,-1.8796283371615488,0.005,0,0.0,0,2,1.0,0,0,0,0.8,0.4,0.0,0.6666666666666666,0.8,0.25,0.0
4190,Naresuan University,https://www.nu.ac.th,M4,Asia (East & Southeast),Thailand,0,0,0,200,th,True,2026-08-11T11:36:19+00:00,12.987,1,1,9,1,1,0,0,0,0,0,0,0,0,0,0,,0,0,1,0,0,1,1,0,0,0,1,0,0,1,0,0,0,0,0,0,0,0,0,0,0,0,0,1,0,0,1,1,5.74,1,1,0,0,0,0,90,1,0,1,0,1,0,17.0,1,0,0,3650.0,0,0,0.2509499788597836,0.71,0,0.0,0,12,1.0,1,0,0,0.0666666666666666,0.6,0.3333333333333333,0.3333333333333333,0.8,0.375,0.0
4191,Silpakorn University,https://www.su.ac.th,M4,Asia (East & Southeast),Thailand,0,0,0,200,en,True,2026-08-11T11:36:31+00:00,8.414,1,1,5,0,1,0,0,0,0,0,1,0,0,0,0,,1,1,1,0,0,1,1,0,1,0,1,0,1,1,1,1,1,1,1,1,0,1,0,0,0,0,0,0,0,1,1,1,13.5,1,1,0,0,0,0,100,1,0,1,1,1,1,100.0,1,0,0,3650.0,0,0,-0.6689947514929266,0.18,0,0.0,0,13,1.0,1,0,0,0.6,0.6,0.3333333333333333,1.0,0.6,0.5,0.0
4193,Burapha University,https://www.buu.ac.th,M4,Asia (East & Southeast),Thailand,0,0,0,200,en-us,True,2026-08-11T11:36:48+00:00,3.485,1,1,7,1,1,0,0,0,0,0,0,0,1,0,0,,1,0,1,0,2,1,1,0,0,0,1,0,1,1,1,1,1,1,0,1,0,1,1,1,0,0,0,0,0,1,1,0,21.0,1,0,0,0,0,0,90,1,0,1,0,1,1,12.5,1,0,0,3650.0,0,1,-1.6605555596950934,0.03,0,0.0,0,12,1.0,1,0,0,0.6666666666666666,0.4,0.3333333333333333,0.6666666666666666,0.8,0.375,0.0
4194,University of the Philippines Diliman,https://upd.edu.ph,M4,Asia (East & Southeast),Philippines,0,0,0,200,,False,2026-08-11T11:37:01+00:00,11.074,1,1,7,1,0,0,0,1,1,0,1,0,0,1,1,2025-07-27,1,1,1,1,13,1,1,0,0,1,1,0,1,1,0,1,1,1,1,1,0,1,0,1,1,0,0,1,0,1,1,1,15.43,1,1,0,0,0,0,90,1,2,1,1,1,1,22.9,0,0,0,380.0,2,2,-0.1338858552020433,0.515,2,1.0986122886681098,1,12,1.0,0,0,0,0.6666666666666666,0.8,0.0,1.0,0.6,0.625,0.0
4195,Ateneo de Manila University,https://www.ateneo.edu,M4,Asia (East & Southeast),Philippines,0,0,1,200,en,False,2026-08-11T11:37:09+00:00,5.879,1,1,8,1,0,0,0,0,0,0,1,0,0,0,1,2026-10-29,1,0,1,1,20,1,1,1,1,0,1,0,1,1,1,1,1,1,1,1,1,1,0,1,0,0,0,1,0,1,1,1,17.04,1,0,0,0,0,0,75,1,0,1,1,1,1,24.8,1,0,0,0.0,3,3,-1.1789575530332983,0.11,0,0.0,0,9,1.0,0,0,0,0.7333333333333333,0.8,0.3333333333333333,1.0,0.6,0.75,0.0
4196,De La Salle University,https://www.dlsu.edu.ph,M4,Asia (East & Southeast),Philippines,0,0,0,200,en,False,2026-08-11T11:37:21+00:00,10.109,1,1,3,1,0,0,0,1,1,1,1,0,0,1,0,,1,1,1,1,0,1,1,0,1,0,1,0,1,1,1,1,1,1,1,1,1,1,1,1,1,0,0,1,0,1,1,1,21.0,1,1,0,0,1,0,75,1,0,1,1,1,1,2.6,1,0,0,3650.0,1,1,-0.3280137066759915,0.345,0,0.0,0,9,0.6,1,0,0,0.8666666666666667,0.8,0.3333333333333333,1.0,0.6,0.625,0.25
4197,University of Santo Tomas,https://www.ust.edu.ph,M4,Asia (East & Southeast),Philippines,0,0,0,200,en-us,False,2026-08-11T11:37:38+00:00,15.022,1,1,10,1,0,0,0,1,1,0,1,0,0,1,1,2026-08-07,1,0,1,1,6,1,1,0,1,1,1,0,0,0,0,1,1,1,0,0,1,1,1,1,0,0,0,0,0,1,1,0,6.78,1,1,0,0,0,0,90,1,0,1,1,1,1,0.0,1,0,0,4.0,3,2,0.6603284013981097,0.84,0,0.0,0,12,0.9266666666666666,0,0,0,0.4666666666666667,0.4,0.3333333333333333,1.0,0.6,0.75,0.0
4198,Mapua University,https://www.mapua.edu.ph,M4,Asia (East & Southeast),Philippines,0,0,0,200,en,False,2026-08-11T11:37:50+00:00,9.021,1,0,0,0,0,0,1,1,1,1,1,1,9,1,1,2026-03-03,1,1,1,1,5,1,1,0,1,1,1,0,1,1,1,1,1,1,1,1,1,1,1,1,0,1,0,1,1,1,1,1,17.93,1,1,1,0,1,1,75,1,0,1,1,1,1,97.3,1,0,0,161.0,2,2,-0.5468853153844428,0.225,0,0.0,0,9,0.0,0,0,0,0.8666666666666667,1.0,0.3333333333333333,1.0,0.2,0.75,0.75
4199,University of San Carlos,https://www.usc.edu.ph,M4,Asia (East & Southeast),Philippines,0,0,0,200,en-us,False,2026-08-11T11:37:56+00:00,3.594,1,1,6,1,0,0,0,1,1,1,1,0,0,1,1,2026-08-08,1,0,1,1,0,0,0,1,1,0,1,0,1,1,1,1,1,1,1,1,0,1,1,1,0,0,0,1,0,1,1,1,17.58,1,1,0,0,1,0,75,1,0,1,1,1,1,86.0,1,1,0,3.0,3,1,-1.6386281650726473,0.035,0,0.0,0,9,1.0,0,0,0,0.7333333333333333,0.8,0.6666666666666666,1.0,0.6,0.5,0.25
4200,Silliman University,https://su.edu.ph,M4,Asia (East & Southeast),Philippines,0,0,0,200,en-us,False,2026-08-11T11:38:07+00:00,9.898,1,1,7,1,0,0,0,1,1,2,1,1,2,0,1,2026-08-06,1,1,1,1,0,0,0,0,1,1,1,0,1,1,0,1,1,1,1,1,1,1,1,1,1,0,0,0,0,1,1,0,5.74,1,1,1,0,1,0,90,1,3,1,0,1,1,96.7,1,0,0,5.0,3,1,-0.3704603146148549,0.325,3,1.3862943611198906,1,12,1.0,0,0,0,0.8,0.4,0.3333333333333333,0.6666666666666666,0.6,0.5,0.5
4201,Polytechnic University of the Philippines,https://www.pup.edu.ph,M4,Asia (East & Southeast),Philippines,0,0,0,200,en-ph,False,2026-08-11T11:38:21+00:00,11.233,1,1,5,1,0,0,0,1,0,0,1,0,0,1,1,2026-08-11,1,0,1,0,0,0,0,0,0,1,1,1,1,1,1,1,1,1,0,1,1,1,1,1,1,0,0,1,0,1,1,1,2.53,1,1,0,0,0,0,75,1,1,1,1,1,0,100.0,1,0,0,0.0,3,0,-0.1019000226793927,0.53,1,0.6931471805599453,1,9,1.0,0,0,0,0.8,0.8,0.3333333333333333,0.6666666666666666,0.6,0.375,0.0
4202,University of the East,https://www.ue.edu.ph,M4,Asia (East & Southeast),Philippines,0,0,0,200,en-us,False,2026-08-11T11:38:44+00:00,21.118,1,0,0,1,0,0,0,1,1,1,1,1,2,1,1,2026-07-23,1,1,1,0,0,0,0,0,1,1,1,0,1,1,1,1,1,1,1,1,1,1,0,1,0,1,1,1,0,1,1,1,13.2,1,1,1,0,1,0,75,1,0,0,1,1,1,1.1,1,0,0,19.0,3,0,1.8866531501910508,0.95,0,0.0,0,9,0.0,0,0,0,0.8666666666666667,0.8,0.3333333333333333,1.0,0.4,0.375,0.5
4203,Far Eastern University,https://www.feu.edu.ph,M4,Asia (East & Southeast),Philippines,0,0,0,200,en,False,2026-08-11T11:39:00+00:00,13.786,1,1,4,1,0,0,0,0,1,1,1,0,0,1,1,2026-07-20,1,1,1,1,3,1,1,0,0,0,1,0,1,1,1,1,1,1,1,1,0,1,1,1,0,0,0,1,0,1,1,1,5.47,1,1,0,0,0,0,90,1,1,0,1,1,1,0.0,1,0,0,22.0,3,2,0.4116838165050525,0.775,1,0.6931471805599453,1,12,0.85,0,0,0,0.7333333333333333,0.8,0.3333333333333333,1.0,0.6,0.5,0.0
4204,Vietnam National University Hanoi,https://www.vnu.edu.vn,M4,Asia (East & Southeast),Vietnam,0,0,0,200,vi,False,2026-08-11T11:39:16+00:00,9.36,1,1,8,0,0,0,1,1,0,0,1,1,9,0,1,2026-08-10,0,0,0,0,0,1,1,1,1,0,1,0,0,0,0,1,1,0,0,0,0,0,0,0,0,0,0,1,1,1,1,0,6.89,1,1,0,0,0,0,75,1,0,1,1,1,0,100.0,1,0,0,1.0,3,0,-0.4786891064210561,0.245,0,0.0,0,9,1.0,0,0,0,0.1333333333333333,0.8,0.3333333333333333,0.6666666666666666,0.4,0.625,0.0
4205,Vietnam National University Ho Chi Minh City,https://vnuhcm.edu.vn,M4,Asia (East & Southeast),Vietnam,0,0,0,200,,False,2026-08-11T11:39:31+00:00,12.184,1,0,0,0,0,0,1,1,0,0,0,1,4,0,1,2026-08-10,0,0,0,0,0,0,0,1,0,0,1,0,0,0,0,0,0,0,0,0,0,0,0,0,0,0,0,0,0,0,1,0,10.05,0,0,0,0,0,0,75,1,0,1,0,1,1,39.7,0,0,0,1.0,3,0,0.089411466182498,0.62,0,0.0,0,9,0.0,0,0,0,0.0,0.2,0.0,0.6666666666666666,0.2,0.25,0.0
4207,Ton Duc Thang University,https://www.tdtu.edu.vn,M4,Asia (East & Southeast),Vietnam,0,0,0,200,en,True,2026-08-11T11:39:53+00:00,11.747,1,1,6,0,1,0,0,1,1,1,0,1,3,0,1,2026-08-07,1,0,1,1,8,1,1,1,1,1,1,0,1,1,1,1,1,1,1,0,0,0,0,1,0,0,0,0,0,1,1,1,15.43,1,1,0,0,0,0,75,1,0,0,1,1,1,13.6,1,0,0,4.0,3,3,0.0015007189347101,0.575,0,0.0,0,9,1.0,0,0,0,0.5333333333333333,0.6,0.3333333333333333,1.0,0.6,0.875,0.0
4208,Duy Tan University,https://www.duytan.edu.vn,M4,Asia (East & Southeast),Vietnam,0,0,0,200,,True,2026-08-11T11:40:06+00:00,8.569,1,0,0,1,0,0,1,1,1,2,1,0,0,0,1,2026-08-07,1,0,1,0,0,1,1,1,1,0,1,0,1,1,0,1,1,1,0,0,0,1,1,1,0,0,0,0,1,1,1,0,15.43,1,0,0,0,0,0,100,1,0,1,0,1,1,92.5,0,0,0,4.0,3,0,-0.6378135940022922,0.19,0,0.0,0,13,0.0,0,0,0,0.5333333333333333,0.6,0.0,0.6666666666666666,0.4,0.625,0.0
4209,Can Tho University,https://www.ctu.edu.vn,M4,Asia (East & Southeast),Vietnam,0,0,0,200,vi-vn,True,2026-08-11T11:40:31+00:00,12.53,1,0,0,1,0,0,0,0,0,0,1,0,0,0,1,2026-07-29,1,0,1,1,0,1,0,0,0,1,1,0,1,1,0,1,1,1,0,0,0,1,1,1,0,0,0,0,1,0,1,0,5.73,1,1,0,0,0,0,75,1,0,1,0,1,1,50.0,1,0,0,13.0,3,1,0.1590158564519136,0.675,0,0.0,0,9,0.0,0,0,0,0.5333333333333333,0.4,0.3333333333333333,0.6666666666666666,0.4,0.5,0.0
4210,Hue University,https://www.hueuni.edu.vn,M4,Asia (East & Southeast),Vietnam,0,0,0,200,,True,2026-08-11T11:41:14+00:00,25.851,0,0,0,1,0,0,0,0,0,0,1,0,0,1,1,2025-01-07,1,0,1,0,0,0,0,1,0,0,1,1,1,1,0,1,1,1,1,0,0,1,0,0,0,0,0,0,0,1,0,0,21.0,1,0,0,0,0,0,0,1,0,0,1,1,0,43.4,0,0,0,581.0,2,0,2.838784881824416,0.985,0,0.0,0,1,0.0,0,0,0,0.4666666666666667,0.2,0.0,0.6666666666666666,0.2,0.375,0.0
4211,University of Danang,https://www.udn.vn,M4,Asia (East & Southeast),Vietnam,0,0,0,200,en-us,True,2026-08-11T11:41:33+00:00,9.847,1,1,1,1,0,0,0,0,1,1,1,0,0,1,1,2026-08-07,1,0,1,1,4,1,1,0,1,1,1,0,1,1,1,1,1,1,0,0,0,0,0,1,0,1,0,0,0,1,0,0,15.43,1,1,0,0,0,0,90,1,1,1,0,1,1,47.8,1,0,0,4.0,3,2,-0.3807199212730636,0.32,1,0.6931471805599453,1,12,0.15,0,0,0,0.5333333333333333,0.2,0.3333333333333333,0.6666666666666666,0.6,0.75,0.0
4214,Universiti Brunei Darussalam,https://www.ubd.edu.bn,M4,Asia (East & Southeast),Other SE/E Asia,1,0,0,200,en-us,False,2026-08-11T11:42:16+00:00,17.37,1,0,0,1,0,0,0,1,0,0,0,0,0,0,1,2026-08-03,1,1,1,1,0,0,0,0,0,1,1,0,1,1,1,1,1,1,1,1,1,1,1,1,1,0,1,1,0,1,1,1,5.33,1,1,0,0,0,0,90,1,2,1,1,1,0,21.1,1,0,0,8.0,3,1,1.1326726451917166,0.885,2,1.0986122886681098,1,12,0.0,0,0,0,0.9333333333333332,0.8,0.3333333333333333,0.6666666666666666,0.4,0.375,0.0
4215,National University of Mongolia,https://www.num.edu.mn,M4,Asia (East & Southeast),Other SE/E Asia,1,0,0,200,en-us,False,2026-08-11T11:42:36+00:00,17.879,1,1,5,1,1,0,0,0,0,0,0,1,2,0,1,2026-08-10,1,0,0,0,5,1,1,0,0,0,1,0,0,0,0,0,0,0,0,0,0,0,0,0,0,0,0,1,0,1,1,1,14.55,1,0,0,0,0,0,90,1,0,1,0,1,1,26.7,1,0,0,1.0,3,1,1.2350675430157991,0.9,0,0.0,0,12,1.0,0,0,0,0.0,0.8,0.3333333333333333,0.6666666666666666,0.8,0.375,0.0
4216,Royal University of Phnom Penh,https://www.rupp.edu.kh,M4,Asia (East & Southeast),Other SE/E Asia,1,0,0,200,en,False,2026-08-11T11:42:48+00:00,10.207,1,1,9,1,0,0,0,0,0,0,1,0,0,1,1,2026-08-11,1,0,1,1,0,1,1,0,1,0,1,0,1,1,1,1,1,1,1,1,1,1,1,1,0,0,0,1,0,1,1,1,19.08,1,1,0,0,0,0,75,1,0,1,1,1,1,97.1,1,0,0,0.0,3,1,-0.3082991683915905,0.37,0,0.0,0,9,1.0,0,0,0,0.8,0.8,0.3333333333333333,1.0,0.6,0.625,0.0
4300,Southwest Jiaotong University,https://www.swjtu.edu.cn,M4,Asia (East & Southeast),China,0,1,0,200,en,True,2026-08-11T11:35:39+00:00,13.197,1,0,0,0,0,0,0,1,0,0,1,0,0,0,0,,1,0,1,1,0,0,0,0,1,1,1,0,1,1,1,1,1,1,1,1,0,1,1,0,0,0,0,0,0,1,0,0,21.0,1,0,0,0,0,0,20,1,0,0,1,0,0,0.0,0,0,0,3650.0,0,1,0.2931954180406426,0.725,0,0.0,0,2,0.0,1,0,0,0.6666666666666666,0.2,0.0,0.3333333333333333,0.2,0.5,0.0
4301,Central China Normal University,https://www.ccnu.edu.cn,M4,Asia (East & Southeast),China,0,1,0,200,zh-cn,True,2026-08-11T11:36:02+00:00,12.325,1,0,0,0,0,0,0,0,0,0,0,0,0,0,0,,1,0,1,0,0,0,0,0,0,1,1,0,1,1,1,0,1,1,1,1,0,1,0,1,0,0,1,0,0,1,0,0,12.63,1,0,0,0,0,0,75,0,0,1,0,0,0,0.0,1,0,0,3650.0,0,0,0.1177762610610749,0.65,0,0.0,0,9,0.0,1,0,0,0.6666666666666666,0.2,0.3333333333333333,0.0,0.2,0.25,0.0
4304,Beijing Forestry University,https://www.bjfu.edu.cn,M4,Asia (East & Southeast),China,0,1,1,200,,True,2026-08-11T11:37:01+00:00,9.586,1,0,0,1,0,0,0,0,0,0,0,1,10,0,1,2026-10-20,1,0,1,1,13,1,1,0,1,1,1,0,1,1,1,1,1,1,0,0,0,1,0,1,0,1,0,0,0,1,0,0,12.63,1,0,0,0,0,0,75,0,0,1,0,1,0,1.7,0,0,0,0.0,3,2,-0.4332249671121313,0.28,0,0.0,0,9,0.0,0,0,0,0.6,0.2,0.0,0.3333333333333333,0.4,0.75,0.0
4305,Saitama University,https://www.saitama-u.ac.jp,M4,Asia (East & Southeast),Japan,0,1,0,200,en,True,2026-08-11T11:37:12+00:00,4.533,1,0,0,1,0,0,0,0,1,1,1,0,0,1,0,,1,1,1,1,0,0,0,0,0,0,1,0,1,1,1,1,1,1,1,0,0,1,0,1,0,0,0,0,0,1,0,0,19.06,1,0,0,0,0,0,90,1,0,1,1,1,1,4.3,0,1,0,3650.0,1,1,-1.4497307013068053,0.06,0,0.0,0,12,0.0,1,0,0,0.6,0.2,0.3333333333333333,1.0,0.4,0.25,0.0
4306,Yamagata University,https://www.yamagata-u.ac.jp,M4,Asia (East & Southeast),Japan,0,1,0,200,en,True,2026-08-11T11:37:33+00:00,9.716,1,1,5,1,1,0,0,0,0,0,0,0,0,1,1,2026-04-03,1,0,1,1,2,0,0,1,1,0,1,0,1,1,1,1,1,1,0,0,0,1,0,1,0,0,0,1,1,1,0,0,21.0,1,1,0,0,0,0,75,1,0,1,0,0,0,5.9,0,0,0,130.0,2,3,-0.4070730285715996,0.3025,0,0.0,0,9,1.0,0,0,0,0.5333333333333333,0.6,0.0,0.0,0.8,0.5,0.0
4307,Kagawa University,https://www.kagawa-u.ac.jp,M4,Asia (East & Southeast),Japan,0,1,0,200,en,True,2026-08-11T11:37:52+00:00,10.554,1,1,4,1,0,0,0,0,0,0,0,0,1,0,0,,0,0,1,0,0,0,0,1,0,0,1,1,1,1,1,1,1,1,1,0,1,1,0,1,0,0,0,1,1,1,1,1,21.0,1,1,0,0,0,0,90,1,0,0,1,0,0,73.1,1,0,0,3650.0,0,0,-0.2384936093641708,0.43,0,0.0,0,12,0.85,1,0,0,0.6666666666666666,1.0,0.3333333333333333,0.3333333333333333,0.6,0.375,0.0
4308,University of Yangon,https://www.uy.edu.mm,M4,Asia (East & Southeast),Other SE/E Asia,1,0,0,200,,True,2026-08-11T11:38:03+00:00,6.534,1,1,9,1,1,1,0,0,1,2,1,1,4,0,0,,1,0,1,1,0,0,0,1,1,0,1,0,1,1,1,1,1,1,1,1,0,0,1,1,0,1,0,1,0,1,1,0,12.63,1,1,0,0,1,0,90,1,0,1,0,1,1,3.4,0,0,0,3650.0,0,1,-1.0471920165406186,0.13,0,0.0,0,12,1.0,1,0,0,0.7333333333333333,0.6,0.0,0.6666666666666666,1.0,0.5,0.25
4309,Institute of Technology of Cambodia,https://www.itc.edu.kh,M4,Asia (East & Southeast),Other SE/E Asia,1,0,0,200,en-us,False,2026-08-11T11:38:24+00:00,15.699,1,1,9,1,0,0,0,0,0,0,0,0,0,0,0,,1,0,1,1,2,1,0,0,0,0,1,1,1,1,0,1,1,1,1,1,0,1,0,1,0,0,0,1,0,0,1,1,10.35,1,1,0,0,0,0,90,1,0,1,0,1,1,95.6,1,0,0,3650.0,0,2,0.7965196505668796,0.855,0,0.0,0,12,1.0,1,0,0,0.6,0.6,0.3333333333333333,0.6666666666666666,0.6,0.5,0.0
4310,National University of Laos,https://www.nuol.edu.la,M4,Asia (East & Southeast),Other SE/E Asia,1,0,0,200,en-gb,True,2026-08-11T11:38:44+00:00,10.139,1,1,10,0,1,0,0,0,0,0,1,0,0,0,1,2026-02-05,1,0,1,1,0,1,1,0,0,0,1,0,1,1,1,1,1,1,1,1,0,1,0,0,0,0,0,1,0,1,1,0,15.43,1,1,0,0,0,0,75,1,2,1,0,0,1,30.3,0,0,0,187.0,2,1,-0.3219786439358689,0.35,2,1.0986122886681098,1,9,0.9266666666666666,0,0,0,0.6,0.6,0.0,0.3333333333333333,0.6,0.5,0.0
4311,Universiti Malaysia Terengganu,https://www.umt.edu.my,M4,Asia (East & Southeast),Malaysia,0,0,0,200,en-us,False,2026-08-11T11:39:07+00:00,19.37,1,1,0,0,1,0,0,1,0,0,1,0,0,0,0,,1,0,1,0,1,1,1,0,1,0,1,0,1,1,0,1,1,1,0,0,1,1,0,1,0,0,1,1,0,0,1,1,21.0,1,1,0,0,0,0,90,1,0,1,0,1,0,0.0,1,0,0,3650.0,0,1,1.5350101611998994,0.935,0,0.0,0,12,0.0,1,0,0,0.6,0.6,0.3333333333333333,0.3333333333333333,0.6,0.5,0.0
4312,Universiti Malaysia Sabah,https://www.ums.edu.my,M4,Asia (East & Southeast),Malaysia,0,0,0,200,en-gb,False,2026-08-11T11:39:27+00:00,16.841,1,1,7,1,1,1,1,1,0,0,1,1,10,0,0,,0,1,1,0,0,0,0,0,1,1,1,0,1,1,1,1,1,1,1,1,1,1,1,1,0,0,0,0,0,1,1,1,15.5,1,1,1,0,0,0,75,1,0,0,1,1,0,62.2,1,1,0,3650.0,0,0,1.026254372207552,0.88,0,0.0,0,9,1.0,1,0,0,0.8,0.6,0.6666666666666666,0.6666666666666666,1.0,0.375,0.25
4313,Universitas Negeri Yogyakarta,https://www.uny.ac.id,M4,Asia (East & Southeast),Indonesia,0,0,0,200,en,True,2026-08-11T11:39:57+00:00,13.817,1,0,0,1,0,0,0,0,1,1,1,1,4,0,1,2026-08-03,1,0,1,1,2,1,1,0,0,1,1,0,1,1,1,1,1,1,0,0,0,0,0,0,0,0,0,0,0,1,1,0,4.54,1,1,0,0,0,0,75,1,0,1,0,1,1,60.0,1,0,0,8.0,3,2,0.4179200480031795,0.78,0,0.0,0,9,0.0,0,0,0,0.4,0.4,0.3333333333333333,0.6666666666666666,0.4,0.625,0.0
5001,Indian Institute of Technology Bombay,https://www.iitb.ac.in,M5,South & Central Asia + Oceania,India,0,1,1,200,en,False,2026-08-11T10:28:19+00:00,7.936,1,1,6,1,1,0,0,1,1,1,1,1,5,1,1,2026-09-10,1,1,1,1,20,1,0,1,0,0,1,0,1,1,1,1,1,1,0,1,0,1,1,1,0,0,0,0,0,1,1,1,11.2,1,1,0,0,0,0,75,1,1,1,1,1,1,100.0,1,0,0,0.0,3,3,-0.2900373030336672,0.419811320754717,1,0.6931471805599453,1,9,1.0,0,0,0,0.6666666666666666,0.6,0.3333333333333333,1.0,0.8,0.5,0.0
5003,Indian Institute of Technology Madras,https://www.iitm.ac.in,M5,South & Central Asia + Oceania,India,0,1,0,200,en,False,2026-08-11T10:29:15+00:00,3.955,1,1,9,1,1,1,0,1,1,0,1,1,8,1,1,2026-08-10,1,1,1,1,2,1,1,1,1,1,1,0,1,1,1,1,1,1,1,1,1,1,1,1,0,0,0,1,1,1,1,1,21.0,1,1,0,0,0,0,75,1,0,1,1,1,1,85.1,1,1,0,1.0,3,3,-0.9411919646813772,0.1273584905660377,0,0.0,0,9,1.0,0,0,0,0.8,1.0,0.6666666666666666,1.0,1.0,0.875,0.0
5004,Indian Institute of Technology Kanpur,https://www.iitk.ac.in,M5,South & Central Asia + Oceania,India,0,1,0,200,en,False,2026-08-11T10:29:33+00:00,16.352,1,1,8,1,1,0,0,0,1,0,1,0,0,1,0,,1,1,1,1,0,1,1,0,1,1,1,0,1,1,1,1,1,1,1,1,1,1,0,1,1,0,0,1,0,1,1,1,17.04,1,1,0,0,0,0,90,1,0,0,1,1,1,97.3,1,1,0,3650.0,1,1,1.0865308035795278,0.9150943396226416,0,0.0,0,12,1.0,1,0,0,0.8,0.8,0.6666666666666666,1.0,0.8,0.75,0.0
5006,Indian Institute of Technology Roorkee,https://www.iitr.ac.in,M5,South & Central Asia + Oceania,India,0,1,0,200,,False,2026-08-11T10:30:20+00:00,10.301,1,0,0,0,0,0,0,1,0,0,1,1,8,1,1,2026-06-30,1,1,1,1,0,1,0,1,1,1,1,0,1,1,1,1,1,1,1,1,1,1,1,1,1,0,0,0,1,1,1,0,21.0,1,0,0,0,1,0,75,1,0,1,1,0,0,65.3,0,1,0,42.0,3,1,0.0967953457472508,0.6415094339622641,0,0.0,0,9,0.0,0,0,0,0.8666666666666667,0.6,0.3333333333333333,0.3333333333333333,0.2,0.75,0.25
5007,Indian Institute of Technology Guwahati,https://www.iitg.ac.in,M5,South & Central Asia + Oceania,India,0,1,1,200,en,False,2026-08-11T10:30:37+00:00,14.264,1,1,10,1,0,0,1,1,0,0,1,1,10,1,1,2026-12-28,1,1,1,1,9,0,0,0,0,1,1,0,1,1,1,1,1,1,0,1,0,1,0,1,0,1,0,1,0,1,1,1,12.63,1,1,0,1,0,0,75,1,2,0,1,1,0,2.1,1,1,0,0.0,3,2,0.7450058265585733,0.8584905660377359,2,1.0986122886681098,1,9,0.9266666666666666,0,0,0,0.6666666666666666,0.8,0.6666666666666666,0.6666666666666666,0.6,0.375,0.25
5008,Indian Institute of Science,https://www.iisc.ac.in,M5,South & Central Asia + Oceania,India,0,1,1,200,en,False,2026-08-11T10:30:44+00:00,4.864,1,1,1,1,1,0,0,1,1,1,1,1,10,1,1,2026-10-05,1,0,1,1,3,0,0,0,1,0,1,0,1,1,1,1,1,1,1,1,0,1,1,1,1,0,0,0,0,1,1,0,21.0,1,1,0,0,0,0,75,1,0,0,0,1,1,40.0,1,0,0,0.0,3,2,-0.7925108324438067,0.2028301886792453,0,0.0,0,9,0.15,0,0,0,0.8,0.4,0.3333333333333333,0.6666666666666666,0.8,0.375,0.0
5009,Indian Institute of Technology Hyderabad,https://www.iith.ac.in,M5,South & Central Asia + Oceania,India,0,1,1,200,en,False,2026-08-11T10:30:56+00:00,9.147,1,1,20,0,0,0,1,1,1,0,1,1,6,1,1,2027-02-19,1,1,1,1,1,1,1,0,0,1,1,0,1,1,1,1,1,1,1,1,1,1,1,1,1,1,0,0,0,1,1,1,12.23,1,1,0,0,0,0,75,1,0,1,0,1,1,91.4,1,0,0,0.0,3,2,-0.0919593589855945,0.490566037735849,0,0.0,0,9,0.45,0,0,0,0.9333333333333332,0.6,0.3333333333333333,0.6666666666666666,0.4,0.625,0.0
5010,Indian Institute of Technology Indore,https://www.iiti.ac.in,M5,South & Central Asia + Oceania,India,0,1,1,200,en,False,2026-08-11T10:31:03+00:00,5.537,1,1,10,0,0,0,0,0,0,0,1,0,0,1,1,2026-12-19,1,0,1,1,20,1,1,0,0,1,1,0,1,1,1,1,1,1,0,1,0,1,0,1,1,0,0,0,0,1,1,0,9.74,1,1,0,0,0,0,75,1,0,1,1,1,0,90.8,1,0,0,0.0,3,2,-0.6824311822833172,0.2735849056603773,0,0.0,0,9,0.9266666666666666,0,0,0,0.6666666666666666,0.4,0.3333333333333333,0.6666666666666666,0.4,0.625,0.0
5011,Indian Institute of Technology BHU Varanasi,https://www.iitbhu.ac.in,M5,South & Central Asia + Oceania,India,0,1,0,200,en,False,2026-08-11T10:31:17+00:00,11.49,1,1,11,0,1,0,0,1,0,0,1,1,10,1,1,2026-07-24,1,1,1,1,9,1,1,1,1,1,1,1,1,1,1,1,1,1,1,1,0,1,1,1,1,1,0,0,1,1,1,1,15.43,1,0,0,0,0,0,75,1,1,1,0,1,1,84.1,1,1,0,18.0,3,3,0.2912748465508498,0.7641509433962265,1,0.6931471805599453,1,9,0.8533333333333334,0,0,0,0.8666666666666667,0.8,0.6666666666666666,0.6666666666666666,0.6,1.0,0.0
5012,Indian Institute of Technology ISM Dhanbad,https://www.iitism.ac.in,M5,South & Central Asia + Oceania,India,0,1,0,200,en,False,2026-08-11T10:31:31+00:00,11.372,1,1,12,1,1,0,1,1,0,0,0,1,3,1,1,2026-06-22,1,0,1,1,12,1,1,1,0,1,1,0,1,1,1,1,1,1,0,1,0,1,1,1,0,0,0,1,0,1,1,1,14.74,1,1,1,0,0,0,75,1,0,0,0,1,1,1.7,1,1,0,50.0,3,3,0.2719741055123092,0.7547169811320755,0,0.0,0,9,0.78,0,0,0,0.6666666666666666,0.8,0.6666666666666666,0.6666666666666666,0.8,0.75,0.25
5013,Indian Institute of Technology Ropar,https://www.iitrpr.ac.in,M5,South & Central Asia + Oceania,India,0,1,0,200,en,False,2026-08-11T10:31:43+00:00,8.807,1,1,6,0,0,0,0,1,0,0,1,1,10,1,1,2026-08-06,1,1,1,1,20,1,1,1,1,1,1,0,1,1,1,1,1,1,1,1,1,1,1,1,1,0,0,0,0,1,1,1,21.0,1,1,0,0,1,0,75,1,1,1,0,1,1,97.4,1,1,0,5.0,3,3,-0.1475716636729146,0.4622641509433962,1,0.6931471805599453,1,9,1.0,0,0,0,0.8666666666666667,0.6,0.6666666666666666,0.6666666666666666,0.4,0.875,0.25
5014,Indian Institute of Technology Gandhinagar,https://www.iitgn.ac.in,M5,South & Central Asia + Oceania,India,0,1,1,200,en,False,2026-08-11T10:31:53+00:00,8.199,1,1,5,1,1,0,0,0,0,0,1,0,1,1,1,2026-08-15,1,1,1,1,0,0,0,0,1,1,1,0,1,1,1,1,1,1,1,1,1,1,0,1,1,0,0,0,0,1,1,1,8.06,1,0,1,0,0,0,75,1,1,1,1,1,1,81.5,1,0,0,0.0,3,1,-0.2470195497020048,0.4245283018867924,1,0.6931471805599453,1,9,1.0,0,0,0,0.8,0.6,0.3333333333333333,1.0,0.8,0.5,0.25
5015,University of Delhi,https://www.du.ac.in,M5,South & Central Asia + Oceania,India,0,1,1,200,en,False,2026-08-11T10:32:00+00:00,5.671,1,1,11,1,1,0,0,1,0,0,1,1,10,1,1,2026-11-25,1,1,1,1,2,1,1,1,1,0,1,1,1,1,1,1,1,1,1,1,1,1,1,1,1,0,0,0,1,1,1,0,9.59,1,0,0,0,0,0,75,1,0,0,0,1,0,34.8,1,0,0,0.0,3,3,-0.6605133916124322,0.2830188679245283,0,0.0,0,9,0.8533333333333334,0,0,0,0.8666666666666667,0.6,0.3333333333333333,0.3333333333333333,0.8,0.875,0.0
5016,Jawaharlal Nehru University,https://www.jnu.ac.in,M5,South & Central Asia + Oceania,India,0,1,1,200,en,False,2026-08-11T10:32:13+00:00,8.656,1,1,10,1,0,0,1,1,1,1,1,0,0,1,1,2026-10-10,1,1,1,1,18,0,0,1,0,0,1,0,1,1,1,1,1,1,1,1,1,1,1,1,1,1,0,1,1,1,1,1,15.43,1,1,0,0,0,0,75,1,0,0,0,1,1,100.0,1,0,0,0.0,3,3,-0.1722700695781656,0.4433962264150943,0,0.0,0,9,0.9266666666666666,0,0,0,0.9333333333333332,1.0,0.3333333333333333,0.6666666666666666,0.6,0.375,0.0
5017,University of Hyderabad,https://www.uohyd.ac.in,M5,South & Central Asia + Oceania,India,0,1,0,200,en-us,False,2026-08-11T10:32:22+00:00,6.913,1,1,12,1,0,0,1,1,0,0,1,0,0,1,1,2026-08-08,1,0,1,1,16,1,1,0,0,1,1,0,1,1,1,1,1,1,1,1,1,1,0,1,1,0,0,1,0,1,1,1,21.0,1,1,0,0,0,0,90,1,0,1,0,1,1,22.2,1,0,0,3.0,3,2,-0.4573649139016921,0.3537735849056603,0,0.0,0,12,0.78,0,0,0,0.8,0.8,0.3333333333333333,0.6666666666666666,0.6,0.625,0.0
5018,Banaras Hindu University,https://www.bhu.ac.in,M5,South & Central Asia + Oceania,India,0,1,0,200,,False,2026-08-11T10:32:35+00:00,9.62,1,1,1,0,0,0,0,0,0,0,1,1,4,1,1,2026-07-28,1,0,1,1,2,1,1,1,0,0,1,1,1,0,1,1,1,1,1,0,0,1,1,1,1,0,1,0,1,1,1,0,12.63,1,1,0,0,0,0,75,1,4,0,0,1,0,21.4,0,0,0,14.0,3,3,-0.0145928292294111,0.5566037735849056,4,1.6094379124341005,1,9,0.15,0,0,0,0.7333333333333333,0.6,0.0,0.3333333333333333,0.4,0.75,0.0
5021,Jamia Millia Islamia,https://www.jmi.ac.in,M5,South & Central Asia + Oceania,India,0,1,0,200,en,False,2026-08-11T10:33:50+00:00,10.402,1,1,5,1,1,0,0,1,1,1,0,0,0,1,1,2026-05-21,1,1,1,1,1,1,1,0,0,1,1,0,1,1,1,1,1,1,1,1,1,1,1,1,0,1,0,1,1,1,1,1,21.0,1,1,0,0,0,0,75,1,0,1,1,1,0,100.0,1,1,0,82.0,3,2,0.1133154715514252,0.660377358490566,0,0.0,0,9,1.0,0,0,0,0.8666666666666667,1.0,0.6666666666666666,0.6666666666666666,0.8,0.625,0.0
5022,Aligarh Muslim University,https://www.amu.ac.in,M5,South & Central Asia + Oceania,India,0,1,0,200,engli,False,2026-08-11T10:34:05+00:00,12.112,1,1,9,1,1,0,0,1,1,1,1,1,10,1,1,2026-08-10,1,1,1,1,0,0,0,1,0,1,1,0,1,1,1,1,1,1,1,1,1,1,1,1,1,0,0,1,1,1,0,1,14.74,1,1,0,0,1,0,75,1,1,1,1,1,0,78.7,1,1,0,1.0,3,1,0.3930126510082413,0.7877358490566038,1,0.6931471805599453,1,9,1.0,0,0,0,0.8666666666666667,0.8,0.6666666666666666,0.6666666666666666,0.8,0.5,0.25
5023,Savitribai Phule Pune University,https://www.unipune.ac.in,M5,South & Central Asia + Oceania,India,0,1,0,200,en,False,2026-08-11T10:34:12+00:00,4.658,1,0,0,1,0,0,0,1,0,0,1,0,1,1,0,,1,1,1,1,0,0,0,1,0,0,1,0,1,1,1,1,1,0,1,1,0,1,1,1,1,0,0,0,1,1,0,0,1.38,0,0,0,0,0,0,0,1,2,1,1,1,1,63.6,1,0,0,3650.0,1,1,-0.8262053464602418,0.1698113207547169,2,1.0986122886681098,1,1,0.0,1,0,0,0.7333333333333333,0.4,0.3333333333333333,1.0,0.4,0.375,0.0
5024,University of Calcutta,https://www.caluniv.ac.in,M5,South & Central Asia + Oceania,India,0,1,0,307,en,False,2026-08-11T10:34:19+00:00,5.29,1,0,0,0,0,0,0,1,1,1,1,1,6,1,0,,1,1,1,1,1,1,1,1,1,0,1,0,1,1,1,1,1,1,1,1,0,0,0,1,0,0,0,1,0,1,1,1,19.11,1,1,0,0,0,0,75,1,1,0,0,1,0,1.2,1,0,0,3650.0,1,3,-0.722831885982635,0.2264150943396226,1,0.6931471805599453,1,9,0.0,1,0,0,0.6,0.8,0.3333333333333333,0.3333333333333333,0.2,0.75,0.0
5027,Manipal Academy of Higher Education,https://www.manipal.edu,M5,South & Central Asia + Oceania,India,0,1,1,200,en-us,False,2026-08-11T10:35:44+00:00,14.914,1,1,5,1,0,0,1,1,0,0,1,0,0,1,1,2026-10-14,1,0,1,1,4,1,1,0,1,0,1,0,1,1,1,1,1,1,1,1,1,1,1,1,1,1,0,0,0,1,1,1,12.63,1,1,1,0,1,0,100,1,0,1,1,1,1,43.9,1,0,0,0.0,3,2,0.8513234678725677,0.8773584905660378,0,0.0,0,13,1.0,0,0,0,0.9333333333333332,0.6,0.3333333333333333,1.0,0.6,0.625,0.5
5028,Vellore Institute of Technology,https://www.vit.ac.in,M5,South & Central Asia + Oceania,India,0,1,0,200,en-us,False,2026-08-11T10:36:09+00:00,22.265,1,1,8,0,0,0,1,1,0,0,1,0,0,1,0,,1,0,1,1,20,1,1,1,0,1,1,0,1,1,1,1,1,1,1,1,1,1,0,1,1,0,0,0,1,1,1,1,12.63,1,1,0,0,0,0,90,1,0,1,1,1,1,22.9,1,0,0,3650.0,1,3,2.0536942083328333,0.9433962264150944,0,0.0,0,12,1.0,1,0,0,0.8,0.8,0.3333333333333333,1.0,0.4,0.75,0.0
5029,Birla Institute of Technology and Science Pilani,https://www.bits-pilani.ac.in,M5,South & Central Asia + Oceania,India,0,1,0,200,en-us,False,2026-08-11T10:36:21+00:00,9.864,1,0,0,1,0,0,0,1,1,1,1,1,9,1,1,2025-08-17,1,1,1,1,0,0,0,1,0,0,1,0,1,1,1,1,1,1,1,1,1,1,1,1,0,1,0,1,0,1,1,1,15.43,1,1,0,1,0,0,90,1,2,1,1,1,1,50.5,1,0,0,359.0,2,1,0.0253171776638424,0.6037735849056604,2,1.0986122886681098,1,12,0.0,0,0,0,0.8666666666666667,0.8,0.3333333333333333,1.0,0.4,0.375,0.25
5030,Amrita Vishwa Vidyapeetham,https://www.amrita.edu,M5,South & Central Asia + Oceania,India,0,1,1,200,en-us,False,2026-08-11T10:36:34+00:00,10.473,1,0,0,1,0,0,0,1,1,3,1,1,10,0,1,2026-09-06,1,1,1,1,14,1,1,0,1,1,1,0,1,1,1,1,1,1,1,0,1,1,1,1,0,0,0,0,0,1,1,1,21.0,1,1,0,0,0,0,75,1,0,1,1,1,1,96.0,1,1,0,0.0,3,2,0.124928629294954,0.6792452830188679,0,0.0,0,9,0.0,0,0,0,0.7333333333333333,0.6,0.6666666666666666,1.0,0.4,0.75,0.0
5031,SRM Institute of Science and Technology,https://www.srmist.edu.in,M5,South & Central Asia + Oceania,India,0,1,0,200,en-us,False,2026-08-11T10:36:48+00:00,9.607,1,1,9,1,0,1,0,1,1,1,1,1,10,1,0,,1,1,1,1,0,1,1,0,1,0,1,0,1,1,1,1,1,1,1,1,1,1,0,1,1,1,1,0,0,1,1,0,1.0,1,1,0,1,1,0,90,1,0,1,1,1,1,45.7,1,1,0,3650.0,1,1,-0.0167191820556909,0.5518867924528302,0,0.0,0,12,1.0,1,0,0,0.9333333333333332,0.4,0.6666666666666666,1.0,0.8,0.625,0.5
5033,Thapar Institute of Engineering and Technology,https://www.thapar.edu,M5,South & Central Asia + Oceania,India,0,1,0,200,en,False,2026-08-11T10:37:08+00:00,6.429,1,1,2,1,0,0,1,1,1,1,0,1,10,1,0,,1,1,1,1,0,1,1,0,0,1,1,0,1,1,0,1,1,1,1,1,1,0,1,1,0,0,0,1,0,1,1,1,12.63,1,0,1,0,0,0,75,1,0,1,1,1,1,82.5,1,1,0,3650.0,1,1,-0.5365306652801125,0.3254716981132075,0,0.0,0,9,0.35,1,0,0,0.6666666666666666,0.8,0.6666666666666666,1.0,0.6,0.625,0.25
5034,NIT Tiruchirappalli,https://www.nitt.edu,M5,South & Central Asia + Oceania,India,0,1,1,200,en-us,False,2026-08-11T10:37:18+00:00,7.774,1,1,8,0,0,1,0,1,0,0,1,1,2,1,1,2026-08-25,1,0,1,1,2,1,0,0,1,0,1,0,1,1,1,1,1,1,1,1,0,1,0,1,1,0,0,0,1,1,1,0,12.63,1,1,0,0,1,1,90,1,0,0,0,1,0,33.3,1,0,0,0.0,3,2,-0.316534930561155,0.4150943396226415,0,0.0,0,12,1.0,0,0,0,0.7333333333333333,0.6,0.3333333333333333,0.3333333333333333,0.6,0.5,0.5
5035,NIT Karnataka Surathkal,https://www.nitk.ac.in,M5,South & Central Asia + Oceania,India,0,1,1,200,en-us,False,2026-08-11T10:37:26+00:00,4.785,1,0,0,1,0,0,1,1,1,1,1,1,10,1,1,2027-01-07,1,1,1,1,20,1,1,1,1,0,1,1,1,1,1,1,1,1,1,1,1,1,1,1,1,1,0,1,0,1,1,1,14.55,1,1,0,0,1,0,75,1,0,1,0,1,1,29.6,1,1,0,0.0,3,3,-0.8054325150035075,0.1839622641509433,0,0.0,0,9,0.0,0,0,0,0.9333333333333332,0.8,0.6666666666666666,0.6666666666666666,0.4,0.875,0.25
5036,NIT Warangal,https://www.nitw.ac.in,M5,South & Central Asia + Oceania,India,0,1,1,200,en,False,2026-08-11T10:37:48+00:00,14.243,1,1,9,1,0,0,0,1,1,2,1,1,10,1,1,2027-03-30,1,1,1,1,3,1,1,1,1,0,1,0,1,1,1,1,1,1,1,1,1,1,1,1,1,1,0,1,0,1,1,1,8.06,1,1,0,0,1,0,75,1,0,1,0,1,1,19.1,1,0,0,0.0,3,3,0.7415709489161213,0.8537735849056604,0,0.0,0,9,1.0,0,0,0,0.9333333333333332,0.8,0.3333333333333333,0.6666666666666666,0.6,0.75,0.25
5038,NIT Calicut,https://www.nitc.ac.in,M5,South & Central Asia + Oceania,India,0,1,1,200,en,False,2026-08-11T10:38:43+00:00,9.856,1,1,8,1,1,0,0,1,1,1,1,1,10,1,1,2027-02-03,1,1,1,1,20,1,1,0,1,0,1,0,1,1,1,1,1,1,1,0,1,1,0,1,1,1,0,0,0,0,1,0,13.85,1,0,0,0,0,0,75,1,0,1,1,1,1,86.6,1,0,0,0.0,3,2,0.02400865284767,0.5990566037735849,0,0.0,0,9,1.0,0,0,0,0.8,0.2,0.3333333333333333,1.0,0.8,0.625,0.0
5039,Osmania University,https://www.osmania.ac.in,M5,South & Central Asia + Oceania,India,0,1,1,200,en-us,False,2026-08-11T10:38:58+00:00,12.552,1,0,0,1,0,0,0,1,1,2,1,1,10,1,1,2026-12-11,1,1,1,1,9,1,1,1,0,1,1,0,1,1,1,1,1,1,1,1,1,1,1,1,1,1,0,0,0,1,1,1,9.74,1,1,1,0,0,0,75,1,0,0,0,0,0,20.0,1,1,0,0.0,3,3,0.4649815158977143,0.8207547169811321,0,0.0,0,9,0.0,0,0,0,0.9333333333333332,0.6,0.6666666666666666,0.0,0.4,0.75,0.25
5040,Panjab University,https://www.puchd.ac.in,M5,South & Central Asia + Oceania,India,0,1,0,200,en,False,2026-08-11T10:39:10+00:00,9.442,1,1,1,0,0,0,1,1,1,1,0,0,0,1,1,2026-08-04,1,0,1,1,0,0,1,0,1,0,1,0,1,1,1,1,1,1,1,1,1,1,0,1,1,0,0,1,1,1,1,1,15.43,1,0,0,0,0,0,75,1,0,1,1,0,1,100.0,1,0,0,7.0,3,1,-0.0437075063892432,0.5330188679245284,0,0.0,0,9,0.15,0,0,0,0.8,1.0,0.3333333333333333,0.6666666666666666,0.4,0.5,0.0
5041,Cochin University of Science and Technology,https://www.cusat.ac.in,M5,South & Central Asia + Oceania,India,0,1,1,200,en,False,2026-08-11T10:39:17+00:00,4.814,1,0,0,0,0,0,0,1,1,1,1,1,10,0,1,2026-08-31,1,0,1,1,16,1,1,1,0,1,1,0,1,1,1,1,1,1,1,1,1,1,1,1,1,0,0,0,0,1,1,0,12.63,1,0,1,0,0,0,75,1,0,1,1,1,0,19.5,1,0,0,0.0,3,3,-0.8006891125448832,0.1933962264150943,0,0.0,0,9,0.0,0,0,0,0.8666666666666667,0.4,0.3333333333333333,0.6666666666666666,0.2,0.75,0.25
5043,Ashoka University,https://www.ashoka.edu.in,M5,South & Central Asia + Oceania,India,0,1,0,200,en-us,False,2026-08-11T10:39:31+00:00,2.323,1,1,9,1,1,0,0,1,0,0,1,0,0,1,1,2026-05-22,1,1,1,1,9,1,1,0,1,1,1,0,1,1,1,1,1,1,1,1,1,1,1,1,1,1,0,1,0,1,1,1,20.87,1,1,0,0,0,1,100,1,0,1,1,1,1,25.6,1,0,0,81.0,3,2,-1.208131027180514,0.0235849056603773,0,0.0,0,13,1.0,0,0,0,0.9333333333333332,0.8,0.3333333333333333,1.0,0.8,0.75,0.25
5044,O.P. Jindal Global University,https://www.jgu.edu.in,M5,South & Central Asia + Oceania,India,0,1,0,200,en,False,2026-08-11T10:39:43+00:00,10.005,1,0,0,1,0,0,0,1,1,1,1,1,10,0,0,,1,1,1,1,0,1,1,0,0,1,1,0,1,1,1,1,1,1,1,1,1,1,0,1,0,0,0,1,0,1,1,1,12.63,1,1,1,0,0,0,75,1,0,1,1,1,1,98.2,1,0,0,3650.0,0,1,0.0483799275488781,0.6226415094339622,0,0.0,0,9,0.0,1,0,0,0.7333333333333333,0.8,0.3333333333333333,1.0,0.4,0.625,0.25
5045,IIIT Hyderabad,https://www.iiit.ac.in,M5,South & Central Asia + Oceania,India,0,1,1,200,en-us,False,2026-08-11T10:39:54+00:00,8.734,1,1,6,0,0,0,0,1,0,0,1,0,0,1,1,2026-10-09,1,1,1,1,9,1,1,1,1,1,1,0,1,1,0,1,1,1,1,1,1,1,1,1,0,0,0,0,0,1,1,1,10.17,1,0,0,0,1,0,90,1,1,0,1,1,1,0.0,1,0,0,0.0,3,3,-0.1595119526204864,0.4481132075471698,1,0.6931471805599453,1,12,1.0,0,0,0,0.7333333333333333,0.6,0.3333333333333333,1.0,0.4,0.875,0.25
5046,Indian Statistical Institute,https://www.isical.ac.in,M5,South & Central Asia + Oceania,India,0,1,0,200,en,False,2026-08-11T10:40:00+00:00,4.576,1,1,8,1,0,0,0,0,0,0,1,0,1,1,0,,1,1,1,1,0,0,0,0,0,0,1,0,1,1,0,1,1,1,1,1,0,1,0,1,1,0,0,0,0,1,1,1,13.92,1,0,0,0,0,0,75,1,0,1,1,1,0,12.5,0,0,0,3650.0,1,1,-0.8396177258260074,0.1556603773584905,0,0.0,0,9,1.0,1,0,0,0.6666666666666666,0.6,0.0,0.6666666666666666,0.6,0.25,0.0
5047,Tata Institute of Fundamental Research,https://www.tifr.res.in,M5,South & Central Asia + Oceania,India,0,1,0,200,en,False,2026-08-11T10:40:24+00:00,12.349,1,1,1,0,0,0,0,0,0,0,1,0,0,0,0,,1,0,1,0,0,0,0,0,0,0,1,0,1,1,0,1,1,1,0,0,1,1,1,1,0,0,0,1,1,1,1,1,17.04,1,1,1,0,0,0,75,1,0,0,1,1,1,100.0,1,1,0,3650.0,0,0,0.4317776986873439,0.7971698113207547,0,0.0,0,9,0.15,1,0,0,0.6,1.0,0.6666666666666666,1.0,0.4,0.125,0.25
5048,All India Institute of Medical Sciences Delhi,https://www.aiims.edu,M5,South & Central Asia + Oceania,India,0,1,0,200,en-gb,False,2026-08-11T10:40:34+00:00,6.815,1,0,0,1,0,0,0,0,1,1,1,0,0,1,1,2025-10-01,1,0,1,1,0,0,0,1,0,1,1,0,1,1,1,1,1,1,0,1,0,1,1,1,1,0,0,0,0,1,1,0,10.86,1,1,0,0,0,0,20,1,0,1,0,0,0,22.0,0,1,0,314.0,2,1,-0.473394342899802,0.3443396226415094,0,0.0,0,2,0.0,0,0,0,0.7333333333333333,0.4,0.3333333333333333,0.0,0.4,0.5,0.0
5049,Christ University,https://www.christuniversity.in,M5,South & Central Asia + Oceania,India,0,1,0,200,en,True,2026-08-11T10:40:55+00:00,12.172,1,1,2,1,1,0,0,0,0,0,0,0,0,1,0,,1,0,0,1,0,1,0,0,1,0,1,0,1,1,0,1,1,1,1,1,0,1,1,1,0,0,0,0,0,1,1,1,12.63,1,1,0,0,0,0,75,1,0,0,1,1,1,100.0,1,1,0,3650.0,1,1,0.4028265871295332,0.7924528301886793,0,0.0,0,9,0.35,1,0,0,0.6666666666666666,0.6,0.6666666666666666,1.0,0.8,0.5,0.0
5050,Pondicherry University,https://www.pondiuni.edu.in,M5,South & Central Asia + Oceania,India,0,1,1,200,en-us,False,2026-08-11T12:32:52+00:00,14.83,1,1,7,0,0,0,0,0,1,1,1,1,10,0,1,2026-08-28,1,1,1,1,20,1,1,1,1,1,1,0,1,1,1,1,1,1,1,1,1,1,0,1,0,0,0,0,0,1,1,1,21.0,1,0,0,0,0,0,90,1,0,0,0,1,1,17.5,1,0,0,0.0,3,3,0.8375839573027593,0.8726415094339622,0,0.0,0,12,1.0,0,0,0,0.7333333333333333,0.6,0.3333333333333333,0.6666666666666666,0.4,0.875,0.0
5051,Tezpur University,https://www.tezu.ernet.in,M5,South & Central Asia + Oceania,India,0,1,1,200,en,False,2026-08-11T10:41:40+00:00,5.401,1,0,0,1,0,0,0,0,1,1,1,0,0,1,1,2026-09-03,1,1,1,0,0,1,0,1,1,0,1,0,1,1,1,1,1,1,1,1,1,1,0,1,1,1,0,0,1,1,1,0,16.97,1,0,0,0,0,0,20,1,3,0,1,1,1,48.9,0,1,0,0.0,3,0,-0.7046761041582452,0.25,3,1.3862943611198906,1,2,0.0,0,0,0,0.8666666666666667,0.6,0.3333333333333333,1.0,0.4,0.5,0.0
5052,Visva-Bharati University,https://www.visvabharati.ac.in,M5,South & Central Asia + Oceania,India,0,1,0,200,,False,2026-08-11T10:41:43+00:00,1.793,1,0,0,0,0,0,0,0,0,0,0,0,0,0,0,,0,0,1,0,0,0,0,0,0,0,0,0,1,0,0,0,0,0,0,0,0,0,0,0,0,0,0,0,0,0,0,0,17.05,0,0,0,0,0,0,0,1,0,1,0,1,1,0.0,0,0,0,3650.0,0,0,-1.2948207962519247,0.0047169811320754,0,0.0,0,1,0.0,1,0,0,0.0666666666666666,0.0,0.0,0.6666666666666666,0.2,0.0,0.0
5054,University of Kerala,https://www.keralauniversity.ac.in,M5,South & Central Asia + Oceania,India,0,1,0,200,en,False,2026-08-11T10:42:46+00:00,9.728,0,1,13,1,0,0,1,1,1,1,1,1,3,0,1,2026-08-07,1,1,1,1,5,1,1,1,0,0,1,0,1,1,1,1,1,1,1,1,0,1,1,1,1,1,0,0,1,1,0,1,12.63,1,0,0,0,0,0,75,1,2,1,0,0,0,95.9,1,0,0,4.0,3,3,0.0030722557889141,0.5707547169811321,2,1.0986122886681098,1,9,0.72,0,0,0,0.8666666666666667,0.6,0.3333333333333333,0.0,0.4,0.625,0.0
5055,University of Calicut,https://www.uoc.ac.in,M5,South & Central Asia + Oceania,India,0,1,0,200,en-gb,False,2026-08-11T10:42:54+00:00,5.745,0,0,0,1,0,0,0,1,1,1,1,0,0,1,1,2026-08-11,1,0,1,1,0,0,0,0,1,0,1,0,1,1,1,1,1,1,1,1,1,1,1,1,0,0,1,0,0,1,1,0,12.63,1,0,0,0,0,0,75,1,0,1,1,1,0,73.2,1,0,0,0.0,3,1,-0.648409537062839,0.2971698113207547,0,0.0,0,9,0.0,0,0,0,0.8666666666666667,0.4,0.3333333333333333,0.6666666666666666,0.2,0.375,0.0
5056,Bharathiar University,https://www.b-u.ac.in,M5,South & Central Asia + Oceania,India,0,1,1,200,,False,2026-08-11T10:43:19+00:00,22.529,1,1,11,1,1,0,1,1,0,0,1,1,10,1,1,2026-08-23,1,1,1,1,20,1,1,1,0,1,1,0,1,1,1,1,1,1,1,1,0,1,1,1,1,1,0,0,1,1,1,0,17.4,1,1,1,0,0,0,75,1,0,1,0,1,1,98.4,1,1,0,0.0,3,3,2.0968755272665174,0.9528301886792452,0,0.0,0,9,0.8533333333333334,0,0,0,0.8666666666666667,0.6,0.6666666666666666,0.6666666666666666,0.8,0.75,0.25
5058,Gujarat University,https://www.gujaratuniversity.ac.in,M5,South & Central Asia + Oceania,India,0,1,0,200,en,False,2026-08-11T10:44:04+00:00,8.982,1,1,8,1,1,0,0,1,0,0,1,1,10,1,1,2026-07-30,1,0,1,0,5,0,0,1,0,1,1,0,1,1,1,1,1,1,1,1,1,1,1,1,1,1,0,1,0,1,1,1,7.94,1,1,0,0,0,1,75,1,0,1,1,1,0,23.6,1,1,0,12.0,3,1,-0.1189476833191471,0.4716981132075472,0,0.0,0,9,1.0,0,0,0,0.9333333333333332,0.8,0.6666666666666666,0.6666666666666666,0.8,0.375,0.25
5059,University of Lucknow,https://www.lkouniv.ac.in,M5,South & Central Asia + Oceania,India,0,1,0,200,,True,2026-08-11T10:44:46+00:00,9.885,1,1,13,1,1,1,0,1,1,1,1,0,0,1,1,2025-05-15,1,1,1,1,2,0,0,1,1,0,1,0,1,1,1,1,1,1,1,1,1,1,1,1,1,1,0,1,0,1,1,1,12.63,1,1,0,0,0,0,75,1,0,1,0,0,1,100.0,1,0,0,453.0,2,3,0.0287520553062943,0.6084905660377359,0,0.0,0,9,0.72,0,0,0,0.9333333333333332,0.8,0.3333333333333333,0.3333333333333333,1.0,0.5,0.0
5061,Guru Gobind Singh Indraprastha University,https://www.ipu.ac.in,M5,South & Central Asia + Oceania,India,0,1,0,200,en,False,2026-08-11T10:44:56+00:00,6.043,1,1,8,0,0,0,0,1,1,1,0,0,0,1,0,,1,1,1,1,0,1,0,1,0,0,1,0,1,1,1,1,1,1,0,1,1,1,1,1,1,1,0,0,1,0,0,0,15.43,1,0,0,0,0,0,75,1,0,1,0,1,1,61.5,1,0,0,3650.0,1,1,-0.599666987660423,0.3066037735849056,0,0.0,0,9,1.0,1,0,0,0.8666666666666667,0.2,0.3333333333333333,0.6666666666666666,0.4,0.5,0.0
5063,Maharaja Sayajirao University of Baroda,https://www.msubaroda.ac.in,M5,South & Central Asia + Oceania,India,0,1,0,200,en,False,2026-08-11T10:45:15+00:00,6.953,1,1,11,1,0,0,0,1,1,1,1,1,2,1,1,2026-08-07,1,1,1,1,5,0,0,1,0,1,1,1,1,1,1,1,1,1,1,1,0,1,1,1,1,0,0,1,1,1,1,1,21.0,1,1,0,0,0,0,75,1,4,1,1,1,0,15.3,1,0,0,4.0,3,3,-0.4508222898208309,0.3584905660377358,4,1.6094379124341005,1,9,0.8533333333333334,0,0,0,0.8,1.0,0.3333333333333333,0.6666666666666666,0.6,0.625,0.0
5064,Sri Venkateswara University,https://www.svuniversity.edu.in,M5,South & Central Asia + Oceania,India,0,1,0,200,en-us,False,2026-08-11T10:45:32+00:00,15.418,1,1,9,1,0,0,0,1,1,1,1,0,0,0,1,2026-07-25,1,1,1,1,12,1,0,1,0,0,1,0,1,1,1,1,1,1,0,1,1,1,1,1,0,1,0,0,0,1,0,0,12.63,1,0,0,0,1,1,90,1,1,1,0,1,0,44.4,1,1,0,17.0,3,3,0.9337605312914188,0.9009433962264152,1,0.6931471805599453,1,12,1.0,0,0,0,0.8,0.2,0.6666666666666666,0.3333333333333333,0.6,0.5,0.5
5065,Bharathidasan University,https://www.bdu.ac.in,M5,South & Central Asia + Oceania,India,0,1,1,200,en,False,2026-08-11T10:45:50+00:00,14.997,1,1,11,0,0,0,0,0,1,1,1,1,4,1,1,2026-09-06,1,1,1,1,0,0,0,1,0,0,1,0,1,1,1,1,1,1,1,1,1,1,1,1,0,1,0,0,0,1,0,1,15.43,1,0,0,0,0,0,75,1,0,1,1,1,0,32.0,1,1,0,0.0,3,1,0.8648994128403548,0.8867924528301887,0,0.0,0,9,0.8533333333333334,0,0,0,0.8666666666666667,0.4,0.6666666666666666,0.6666666666666666,0.4,0.375,0.0
5066,Quaid-i-Azam University,https://www.qau.edu.pk,M5,South & Central Asia + Oceania,Pakistan,0,1,0,200,en-us,False,2026-08-11T10:46:04+00:00,10.488,1,1,6,0,0,0,1,1,0,0,1,1,10,1,1,2025-12-12,1,0,1,1,11,1,1,0,1,0,1,1,1,1,1,1,1,1,1,1,1,1,0,1,1,0,0,1,0,1,1,1,12.63,1,1,0,0,0,0,90,1,0,1,0,1,1,72.7,1,0,0,242.0,2,2,0.1273821133252768,0.6839622641509434,0,0.0,0,12,1.0,0,0,0,0.8,0.8,0.3333333333333333,0.6666666666666666,0.4,0.75,0.0
5067,National University of Sciences and Technology,https://www.nust.edu.pk,M5,South & Central Asia + Oceania,Pakistan,0,1,0,200,en-us,False,2026-08-11T10:46:17+00:00,9.887,1,1,8,1,1,0,0,1,1,1,1,1,10,1,1,2026-03-14,1,0,1,1,20,1,1,1,1,1,1,0,1,1,1,1,1,1,1,1,1,1,1,1,0,0,0,1,0,1,1,1,15.43,1,1,0,0,1,0,75,1,0,1,1,1,1,84.2,1,0,0,150.0,2,3,0.0290791865103375,0.6132075471698113,0,0.0,0,9,1.0,0,0,0,0.8,0.8,0.3333333333333333,1.0,0.8,0.875,0.25
5068,Lahore University of Management Sciences,https://www.lums.edu.pk,M5,South & Central Asia + Oceania,Pakistan,0,1,0,200,en,False,2026-08-11T10:46:37+00:00,17.977,1,1,6,1,0,0,0,1,1,1,1,1,10,1,0,,1,1,1,1,20,1,1,0,1,1,1,0,1,1,1,1,1,1,1,1,1,1,1,1,1,0,0,1,0,1,1,1,12.63,1,1,0,1,0,0,75,1,1,1,0,1,0,56.4,1,1,0,3650.0,1,2,1.3523249068645136,0.9198113207547168,1,0.6931471805599453,1,9,1.0,1,0,0,0.8666666666666667,0.8,0.6666666666666666,0.3333333333333333,0.6,0.75,0.25
5069,University of the Punjab,https://www.pu.edu.pk,M5,South & Central Asia + Oceania,Pakistan,0,1,0,200,en,False,2026-08-11T10:46:53+00:00,12.806,1,1,6,0,0,0,0,1,0,0,1,1,7,1,0,,1,1,1,1,0,1,1,0,0,1,1,0,1,1,1,1,1,1,1,1,1,1,1,1,0,0,0,0,1,1,1,1,21.0,1,1,1,0,0,0,75,1,0,1,0,1,1,17.1,1,1,0,3650.0,1,1,0.5065271788111828,0.8254716981132075,0,0.0,0,9,1.0,1,0,0,0.8,0.8,0.6666666666666666,0.6666666666666666,0.4,0.625,0.25
5070,University of Engineering and Technology Lahore,https://www.uet.edu.pk,M5,South & Central Asia + Oceania,Pakistan,0,1,0,200,en,False,2026-08-11T10:47:02+00:00,5.524,1,1,7,1,0,0,1,1,0,0,1,1,2,1,1,2026-07-15,1,1,1,1,7,1,1,1,1,0,1,0,1,1,1,1,1,1,1,1,0,1,1,1,0,0,1,1,0,1,0,0,7.46,1,1,0,0,0,0,90,1,1,1,0,1,1,76.0,1,0,0,27.0,3,3,-0.684557535109597,0.2688679245283019,1,0.6931471805599453,1,12,1.0,0,0,0,0.8,0.4,0.3333333333333333,0.6666666666666666,0.6,0.75,0.0
5071,University of Karachi,https://www.uok.edu.pk,M5,South & Central Asia + Oceania,Pakistan,0,1,0,200,en-us,True,2026-08-11T10:47:22+00:00,10.309,1,1,1,1,1,0,0,0,0,0,0,0,0,0,0,,0,0,0,0,0,0,0,0,0,0,1,0,1,1,0,0,1,0,0,0,0,0,0,1,1,0,0,0,0,1,0,0,21.0,1,1,0,0,0,0,90,1,0,0,0,1,0,11.1,1,0,0,3650.0,0,0,0.0981038705634229,0.6462264150943396,0,0.0,0,12,0.15,1,0,0,0.3333333333333333,0.2,0.3333333333333333,0.3333333333333333,0.8,0.125,0.0
5072,Aga Khan University,https://www.aku.edu,M5,South & Central Asia + Oceania,Pakistan,0,1,1,200,en-us,False,2026-08-11T10:47:56+00:00,28.732,1,1,9,1,0,0,0,0,0,0,1,1,8,1,1,2026-08-21,1,0,1,1,2,1,1,0,1,0,1,0,1,1,1,1,1,1,1,1,1,1,1,1,1,0,0,0,0,1,1,1,5.74,1,1,0,0,1,0,75,1,1,0,1,1,1,53.8,1,0,0,0.0,3,2,3.1114729566060664,0.9764150943396226,1,0.6931471805599453,1,9,1.0,0,0,0,0.8666666666666667,0.6,0.3333333333333333,1.0,0.6,0.625,0.25
5073,COMSATS University Islamabad,https://www.comsats.edu.pk,M5,South & Central Asia + Oceania,Pakistan,0,1,0,200,,False,2026-08-11T10:48:13+00:00,14.342,1,1,6,0,0,0,0,1,0,0,1,1,10,1,1,2026-07-29,1,1,1,1,13,1,1,1,1,1,1,0,1,1,1,1,1,1,1,1,0,1,1,1,1,1,1,1,0,1,1,1,15.43,1,1,0,0,0,1,75,1,14,1,1,1,1,100.0,1,0,0,13.0,3,3,0.7577639435162529,0.8679245283018868,10,2.3978952727983707,1,9,1.0,0,0,0,0.9333333333333332,0.8,0.3333333333333333,1.0,0.4,0.875,0.25
5074,University of Agriculture Faisalabad,https://www.uaf.edu.pk,M5,South & Central Asia + Oceania,Pakistan,0,1,0,200,en,False,2026-08-11T10:48:20+00:00,5.011,1,0,0,1,0,0,0,0,1,1,1,0,0,1,1,2026-08-08,1,0,1,1,0,0,0,1,1,0,1,0,1,1,1,1,1,1,1,1,1,1,0,0,1,0,0,1,0,1,1,1,4.87,1,1,0,0,0,0,75,1,1,1,0,1,0,12.5,1,0,0,3.0,3,1,-0.7684666889466418,0.2075471698113207,1,0.6931471805599453,1,9,0.0,0,0,0,0.7333333333333333,0.8,0.3333333333333333,0.3333333333333333,0.4,0.5,0.0
5077,Bahauddin Zakariya University,https://www.bzu.edu.pk,M5,South & Central Asia + Oceania,Pakistan,0,1,0,200,en,False,2026-08-11T10:49:10+00:00,10.957,1,1,20,1,0,0,0,1,1,1,1,1,10,1,0,,1,1,1,1,0,1,1,0,0,0,1,0,1,1,1,1,1,1,1,1,1,1,1,1,1,1,0,0,0,0,0,0,3.9,1,0,1,0,0,0,75,1,0,1,1,0,1,93.8,1,0,0,3650.0,1,1,0.2040943806733745,0.7264150943396226,0,0.0,0,9,0.45,1,0,0,0.9333333333333332,0.0,0.3333333333333333,0.6666666666666666,0.6,0.5,0.25
5078,GIK Institute of Engineering Sciences and Technology,https://www.giki.edu.pk,M5,South & Central Asia + Oceania,Pakistan,0,1,0,200,en-us,False,2026-08-11T10:49:25+00:00,12.408,1,0,0,1,0,0,0,0,1,1,1,0,0,1,1,2026-07-30,1,1,1,1,1,0,0,0,1,0,1,0,1,1,1,1,1,1,1,1,1,1,1,1,0,0,1,0,0,1,1,1,8.32,1,1,0,0,0,0,90,1,2,1,1,1,0,3.4,1,0,0,12.0,3,2,0.441428069206614,0.8113207547169812,2,1.0986122886681098,1,12,0.0,0,0,0,0.8666666666666667,0.6,0.3333333333333333,0.6666666666666666,0.4,0.375,0.0
5079,Pakistan Institute of Engineering and Applied Sciences,https://www.pieas.edu.pk,M5,South & Central Asia + Oceania,Pakistan,0,1,0,200,zxx,False,2026-08-11T10:49:38+00:00,10.237,1,1,9,1,0,0,0,1,0,0,1,0,0,1,1,,1,0,1,1,8,1,1,1,1,1,1,0,1,1,1,1,1,1,1,1,1,0,0,1,0,0,0,1,0,1,1,1,5.74,1,0,0,0,0,0,75,1,0,1,0,1,1,68.3,1,0,0,3650.0,1,3,0.0863271472178729,0.6367924528301887,0,0.0,0,9,1.0,1,0,0,0.6666666666666666,0.8,0.3333333333333333,0.6666666666666666,0.6,0.875,0.0
5080,International Islamic University Islamabad,https://www.iiu.edu.pk,M5,South & Central Asia + Oceania,Pakistan,0,1,0,200,en-us,False,2026-08-11T12:34:27+00:00,5.332,1,1,7,0,0,0,0,1,1,1,0,0,0,0,1,2026-08-10,1,0,1,1,0,1,1,0,0,0,1,0,1,1,1,1,1,1,1,1,1,1,1,1,1,0,0,1,0,1,1,1,12.63,1,1,0,0,0,0,90,1,0,1,0,0,1,22.2,1,0,0,1.0,3,1,-0.7159621306977308,0.2358490566037736,0,0.0,0,12,1.0,0,0,0,0.8666666666666667,0.8,0.3333333333333333,0.3333333333333333,0.4,0.5,0.0
5081,University of Sindh,https://www.usindh.edu.pk,M5,South & Central Asia + Oceania,Pakistan,0,1,0,200,en,False,2026-08-11T10:50:39+00:00,10.422,1,1,2,1,0,0,0,0,0,0,0,0,0,1,1,2026-08-07,1,1,1,1,0,1,1,1,0,0,1,0,1,1,1,1,1,1,1,1,1,1,0,1,1,1,0,1,0,1,1,1,15.43,1,1,0,0,0,0,75,1,3,1,0,1,1,61.1,1,0,0,4.0,3,1,0.116586783591856,0.6650943396226415,3,1.3862943611198906,1,9,0.35,0,0,0,0.8666666666666667,0.8,0.3333333333333333,0.6666666666666666,0.6,0.625,0.0
5082,Mehran University of Engineering and Technology,https://www.muet.edu.pk,M5,South & Central Asia + Oceania,Pakistan,0,1,0,200,en,False,2026-08-11T10:50:52+00:00,10.592,1,1,5,0,0,0,0,0,1,1,1,1,6,1,1,2026-08-09,1,1,1,1,20,1,0,1,0,1,1,0,1,1,1,1,1,1,1,1,1,1,0,1,1,0,0,1,0,1,1,1,21.0,1,1,0,0,1,0,75,1,0,1,0,1,1,87.5,1,0,0,2.0,3,3,0.144392935935516,0.6981132075471698,0,0.0,0,9,1.0,0,0,0,0.8,0.8,0.3333333333333333,0.6666666666666666,0.4,0.625,0.25
5083,NED University of Engineering and Technology,https://www.neduet.edu.pk,M5,South & Central Asia + Oceania,Pakistan,0,1,1,200,en,False,2026-08-11T10:51:08+00:00,13.649,1,1,8,1,0,0,0,1,1,0,0,1,4,1,1,2026-08-13,1,1,1,1,3,0,0,0,1,1,1,0,1,1,1,1,1,1,1,1,1,1,1,1,1,0,0,0,0,1,1,1,12.63,1,1,0,0,1,0,75,1,0,1,0,1,1,37.1,1,0,0,0.0,3,2,0.6444129813153324,0.8490566037735849,0,0.0,0,9,1.0,0,0,0,0.8666666666666667,0.6,0.3333333333333333,0.6666666666666666,0.6,0.5,0.25
5085,Air University,https://www.au.edu.pk,M5,South & Central Asia + Oceania,Pakistan,0,1,0,200,en,False,2026-08-11T12:34:40+00:00,10.799,1,1,9,0,0,0,0,1,1,1,1,1,10,1,1,2025-11-14,1,1,1,0,11,1,1,1,1,0,1,0,1,1,1,1,1,1,1,1,1,1,1,1,1,0,1,1,0,1,1,1,6.38,1,1,0,0,1,0,75,1,0,1,0,1,1,75.9,1,0,0,270.0,2,1,0.1782510155539725,0.7169811320754716,0,0.0,0,9,1.0,0,0,0,0.9333333333333332,0.8,0.3333333333333333,0.6666666666666666,0.4,0.625,0.25
5086,Bahria University,https://www.bahria.edu.pk,M5,South & Central Asia + Oceania,Pakistan,0,1,0,200,,False,2026-08-11T10:52:13+00:00,3.96,1,0,0,0,0,0,0,1,0,0,0,1,4,1,0,,1,1,1,1,4,1,1,1,1,1,1,0,1,1,0,1,1,1,1,1,1,1,1,1,1,0,0,0,0,1,1,0,15.43,1,0,0,0,0,0,75,1,0,1,0,0,0,65.5,1,1,0,3650.0,1,3,-0.9403741366712696,0.1320754716981132,0,0.0,0,9,0.0,1,0,0,0.8,0.4,0.6666666666666666,0.0,0.2,0.875,0.0
5087,University of Management and Technology,https://www.umt.edu.pk,M5,South & Central Asia + Oceania,Pakistan,0,1,0,200,en-us,False,2026-08-11T10:52:20+00:00,4.826,1,0,0,1,0,0,0,1,1,1,1,1,2,1,0,,1,0,1,1,7,1,1,0,0,0,1,0,1,1,1,1,1,1,1,0,1,1,0,1,0,1,1,0,0,1,1,1,1.49,1,0,1,0,0,1,75,1,0,1,0,1,0,7.4,1,1,0,3650.0,1,2,-0.7987263253206249,0.1981132075471698,0,0.0,0,9,0.0,1,0,0,0.8,0.6,0.6666666666666666,0.3333333333333333,0.4,0.5,0.5
5088,University of Health Sciences Lahore,https://www.uhs.edu.pk,M5,South & Central Asia + Oceania,Pakistan,0,1,0,200,en,False,2026-08-11T10:52:25+00:00,3.225,1,0,0,0,0,0,0,0,0,0,0,0,0,1,0,,1,0,1,0,0,1,1,0,0,0,0,0,1,0,0,0,0,1,0,0,0,0,0,0,0,1,0,0,0,0,0,0,15.43,0,0,0,0,0,0,75,1,0,1,1,0,1,0.0,1,0,0,3650.0,1,0,-1.0605948541570942,0.0754716981132075,0,0.0,0,9,0.0,1,0,0,0.2,0.0,0.3333333333333333,0.6666666666666666,0.2,0.25,0.0
5089,Riphah International University,https://www.riphah.edu.pk,M5,South & Central Asia + Oceania,Pakistan,0,1,0,200,en,False,2026-08-11T10:52:31+00:00,3.898,0,1,5,1,0,0,1,1,1,1,1,0,1,1,0,,1,0,1,1,0,1,1,0,1,0,1,0,1,1,1,1,1,1,0,0,1,1,0,1,0,0,0,0,1,1,1,1,12.63,1,0,0,0,1,0,75,1,0,1,1,1,1,83.3,1,0,0,3650.0,1,1,-0.9505152039966046,0.1132075471698113,0,0.0,0,9,1.0,1,0,0,0.6,0.8,0.3333333333333333,1.0,0.4,0.625,0.25
5090,University of Engineering and Technology Taxila,https://www.uettaxila.edu.pk,M5,South & Central Asia + Oceania,Pakistan,0,1,0,200,en,False,2026-08-11T10:52:45+00:00,11.753,1,0,0,0,0,0,0,0,1,0,0,0,0,1,0,,1,1,1,1,0,0,0,1,1,1,1,0,1,1,1,1,1,1,1,1,0,1,1,1,1,1,1,0,0,1,1,0,4.81,1,1,0,0,0,0,75,1,2,1,0,0,1,90.8,1,0,0,3650.0,1,1,0.3342925998825121,0.7783018867924528,2,1.0986122886681098,1,9,0.0,1,0,0,0.9333333333333332,0.4,0.3333333333333333,0.3333333333333333,0.2,0.625,0.0
5091,University of Dhaka,https://www.du.ac.bd,M5,South & Central Asia + Oceania,Bangladesh,0,1,0,200,en,False,2026-08-11T10:52:54+00:00,7.136,1,1,1,1,0,0,0,0,0,0,1,1,10,1,0,,1,1,1,1,6,1,1,0,1,1,1,0,1,1,1,1,1,1,1,1,1,1,0,1,1,0,0,1,0,1,1,1,5.74,1,1,0,0,1,0,75,1,0,1,1,1,1,83.7,1,0,0,3650.0,1,2,-0.420889784650891,0.3679245283018867,0,0.0,0,9,0.15,1,0,0,0.8,0.8,0.3333333333333333,1.0,0.6,0.75,0.25
5092,Bangladesh University of Engineering and Technology,https://www.buet.ac.bd,M5,South & Central Asia + Oceania,Bangladesh,0,1,0,200,en,False,2026-08-11T10:53:04+00:00,7.511,1,1,9,0,0,0,1,1,0,0,1,1,4,1,1,2025-11-24,1,0,1,1,2,0,0,1,1,0,1,0,1,1,1,1,1,1,1,1,0,1,1,0,1,0,0,0,0,1,1,1,9.74,1,1,0,0,1,0,75,1,6,1,1,1,0,66.7,1,0,0,260.0,2,3,-0.3595526838928173,0.4056603773584906,6,1.9459101490553128,1,9,1.0,0,0,0,0.7333333333333333,0.6,0.3333333333333333,0.6666666666666666,0.4,0.5,0.25
5093,BRAC University,https://www.bracu.ac.bd,M5,South & Central Asia + Oceania,Bangladesh,0,1,0,200,en,False,2026-08-11T10:53:15+00:00,9.255,1,1,7,1,0,0,0,0,0,0,0,1,10,1,1,2026-08-10,1,0,1,0,8,1,1,0,1,1,1,0,1,1,1,1,1,1,1,1,1,1,1,1,0,1,0,1,0,1,1,1,14.8,1,1,0,0,0,0,75,1,0,1,1,1,1,52.0,1,0,0,1.0,3,1,-0.0742942739672692,0.5047169811320755,0,0.0,0,9,1.0,0,0,0,0.8666666666666667,0.8,0.3333333333333333,1.0,0.6,0.625,0.0
5094,North South University,https://www.northsouth.edu,M5,South & Central Asia + Oceania,Bangladesh,0,1,0,200,en,False,2026-08-11T10:53:25+00:00,7.331,1,1,10,1,0,0,1,1,1,1,1,0,0,1,1,2026-08-11,1,1,1,1,20,1,1,1,0,1,1,0,1,1,1,1,1,1,1,1,1,1,1,1,1,0,1,1,0,1,1,0,4.61,1,0,0,0,0,0,75,1,0,1,1,1,1,87.3,1,0,0,0.0,3,3,-0.3889944922566926,0.3867924528301887,0,0.0,0,9,0.9266666666666666,0,0,0,0.9333333333333332,0.6,0.3333333333333333,1.0,0.6,0.75,0.0
5095,Jahangirnagar University,https://www.juniv.edu,M5,South & Central Asia + Oceania,Bangladesh,0,1,0,200,en,False,2026-08-11T10:53:32+00:00,4.588,1,1,14,0,0,0,0,0,1,1,1,0,0,1,1,2026-08-10,1,1,1,1,1,1,1,0,1,0,1,0,1,1,1,1,1,1,0,1,1,0,0,1,1,0,0,0,0,1,1,0,12.63,1,1,0,0,0,0,75,1,0,1,0,1,1,92.9,1,0,0,1.0,3,2,-0.8376549386017489,0.160377358490566,0,0.0,0,9,0.66,0,0,0,0.6666666666666666,0.4,0.3333333333333333,0.6666666666666666,0.4,0.625,0.0
5096,University of Chittagong,https://www.cu.ac.bd,M5,South & Central Asia + Oceania,Bangladesh,0,1,0,200,en-us,False,2026-08-11T10:53:40+00:00,4.784,1,1,11,1,0,0,0,0,0,0,1,1,8,1,0,,1,1,1,1,4,1,1,1,0,1,1,0,1,1,1,1,1,1,1,1,0,1,0,1,1,0,0,1,0,1,1,1,4.21,1,1,0,0,0,0,90,1,0,1,0,1,1,13.0,1,0,0,3650.0,1,3,-0.8055960806055291,0.1792452830188679,0,0.0,0,12,0.8533333333333334,1,0,0,0.7333333333333333,0.8,0.3333333333333333,0.6666666666666666,0.6,0.75,0.0
5097,University of Rajshahi,https://www.ru.ac.bd,M5,South & Central Asia + Oceania,Bangladesh,0,1,0,200,en-us,False,2026-08-11T10:53:45+00:00,2.538,1,1,9,0,0,0,0,0,0,0,0,1,7,1,0,,1,0,1,1,0,0,0,1,0,0,1,0,1,1,0,1,1,1,0,1,0,1,0,1,1,0,0,0,1,1,1,1,12.63,1,1,0,0,0,0,90,1,0,1,0,1,1,5.9,1,0,0,3650.0,1,1,-1.172964422745885,0.0283018867924528,0,0.0,0,12,1.0,1,0,0,0.6,0.8,0.3333333333333333,0.6666666666666666,0.4,0.375,0.0
5098,Bangladesh Agricultural University,https://www.bau.edu.bd,M5,South & Central Asia + Oceania,Bangladesh,0,1,0,200,en,False,2026-08-11T10:53:51+00:00,4.168,1,0,0,1,0,0,0,1,0,0,1,0,1,1,1,2026-08-08,1,0,1,1,6,1,1,1,1,1,1,0,1,1,1,1,1,1,1,1,1,0,0,1,1,0,0,0,0,1,0,0,18.45,1,1,0,0,1,0,90,1,1,1,1,1,1,6.4,1,0,0,3.0,3,3,-0.9063524914507914,0.1462264150943396,1,0.6931471805599453,1,12,0.0,0,0,0,0.7333333333333333,0.2,0.3333333333333333,1.0,0.4,0.875,0.25
5099,Khulna University,https://www.ku.ac.bd,M5,South & Central Asia + Oceania,Bangladesh,0,1,0,200,en,False,2026-08-11T10:54:03+00:00,9.65,1,1,11,1,0,0,0,1,0,0,0,1,6,1,1,2026-08-09,1,0,1,1,1,1,1,1,1,0,1,0,1,1,1,1,1,1,1,1,0,1,0,1,1,0,0,1,0,1,1,1,21.0,1,0,0,0,0,0,75,1,0,1,1,1,1,100.0,1,0,0,2.0,3,3,-0.009685861168765,0.5613207547169812,0,0.0,0,9,0.8533333333333334,0,0,0,0.7333333333333333,0.8,0.3333333333333333,1.0,0.6,0.75,0.0
5101,Islamic University of Technology,https://www.iutoic-dhaka.edu,M5,South & Central Asia + Oceania,Bangladesh,0,1,0,200,en,False,2026-08-11T10:54:18+00:00,3.312,1,0,0,0,0,0,1,1,0,0,1,0,1,1,1,2026-07-05,1,1,1,1,0,0,0,0,1,1,1,0,1,1,1,1,1,1,1,1,1,1,0,1,1,0,0,0,0,1,1,0,12.63,1,1,0,0,1,0,75,1,5,1,0,1,1,0.0,0,0,0,37.0,3,1,-1.046364646781221,0.0849056603773584,5,1.791759469228055,1,9,0.0,0,0,0,0.8,0.4,0.0,0.6666666666666666,0.2,0.5,0.25
5103,American International University-Bangladesh,https://www.aiub.edu,M5,South & Central Asia + Oceania,Bangladesh,0,1,0,200,en-us,False,2026-08-11T10:54:57+00:00,3.219,1,1,9,1,0,0,0,0,1,1,1,1,10,1,1,2026-07-29,1,1,1,1,6,1,1,1,1,0,1,0,1,1,1,1,1,1,1,1,0,1,0,1,1,0,0,1,0,1,1,1,5.59,1,1,0,0,1,0,90,1,0,1,1,1,0,100.0,1,0,0,13.0,3,3,-1.0615762477692234,0.070754716981132,0,0.0,0,12,1.0,0,0,0,0.7333333333333333,0.8,0.3333333333333333,0.6666666666666666,0.6,0.75,0.25
5104,Daffodil International University,https://www.daffodilvarsity.edu.bd,M5,South & Central Asia + Oceania,Bangladesh,0,1,0,200,en,False,2026-08-11T10:55:08+00:00,8.646,1,1,6,0,0,0,1,1,1,1,1,1,2,0,1,2026-08-08,1,0,1,1,0,0,0,1,1,1,1,0,1,1,1,1,1,1,1,0,1,1,1,1,0,1,0,1,1,1,1,1,21.0,1,0,1,0,0,0,90,1,0,1,1,1,0,93.0,1,0,0,3.0,3,1,-0.1739057255983808,0.4386792452830189,0,0.0,0,12,1.0,0,0,0,0.8,1.0,0.3333333333333333,0.6666666666666666,0.4,0.625,0.25
5105,East West University,https://www.ewubd.edu,M5,South & Central Asia + Oceania,Bangladesh,0,1,1,200,en,False,2026-08-11T10:55:21+00:00,11.623,1,0,0,1,1,0,0,0,0,0,1,1,10,1,1,2026-08-31,1,1,1,1,14,1,1,1,1,0,1,0,1,1,1,1,1,1,1,1,1,1,1,1,1,0,0,0,0,1,1,0,13.57,1,1,0,0,1,0,75,1,0,1,1,1,0,56.9,1,0,0,0.0,3,3,0.3130290716197131,0.7735849056603774,0,0.0,0,9,0.0,0,0,0,0.8666666666666667,0.4,0.3333333333333333,0.6666666666666666,0.6,0.75,0.25
5106,Khulna University of Engineering and Technology,https://www.kuet.ac.bd,M5,South & Central Asia + Oceania,Bangladesh,0,1,0,200,en,False,2026-08-11T10:55:44+00:00,9.31,1,1,6,0,0,0,0,0,0,0,1,1,10,1,1,2026-07-12,1,1,1,1,20,1,1,1,1,1,1,0,1,1,1,1,1,1,1,1,0,1,1,1,1,0,1,1,0,1,1,1,13.3,1,0,0,0,1,0,75,1,0,1,0,1,0,98.5,1,0,0,30.0,3,3,-0.0652981658560851,0.5141509433962265,0,0.0,0,9,1.0,0,0,0,0.8666666666666667,0.8,0.3333333333333333,0.3333333333333333,0.4,0.875,0.25
5107,Rajshahi University of Engineering and Technology,https://www.ruet.ac.bd,M5,South & Central Asia + Oceania,Bangladesh,0,1,0,200,en,False,2026-08-11T10:55:48+00:00,2.271,1,1,11,1,0,0,0,1,1,1,1,1,10,1,1,2026-08-07,1,0,1,1,20,1,1,1,1,0,1,0,1,1,1,1,1,1,1,1,0,1,0,1,1,0,1,1,0,1,0,1,14.53,1,1,0,0,1,0,75,1,0,1,1,1,1,39.4,1,0,0,4.0,3,3,-1.2166364384856336,0.0188679245283018,0,0.0,0,9,0.8533333333333334,0,0,0,0.8,0.6,0.3333333333333333,1.0,0.6,0.75,0.25
5108,Chittagong University of Engineering and Technology,https://www.cuet.ac.bd,M5,South & Central Asia + Oceania,Bangladesh,0,1,1,200,en,False,2026-08-11T10:55:54+00:00,3.913,1,1,10,0,0,0,0,0,0,0,1,0,0,1,1,2027-01-21,1,1,1,1,3,1,1,0,0,0,1,0,1,1,1,1,1,1,1,1,0,1,0,1,1,0,1,1,0,1,1,1,5.33,1,1,0,0,0,0,75,1,0,1,1,1,0,100.0,1,0,0,0.0,3,2,-0.9480617199662816,0.1179245283018868,0,0.0,0,9,0.9266666666666666,0,0,0,0.8,0.8,0.3333333333333333,0.6666666666666666,0.4,0.5,0.0
5109,Bangladesh University of Professionals,https://www.bup.edu.bd,M5,South & Central Asia + Oceania,Bangladesh,0,1,0,200,en,False,2026-08-11T10:55:59+00:00,3.197,1,1,8,0,0,0,0,1,0,0,1,1,9,1,1,2026-08-04,1,1,1,1,1,1,1,1,1,0,1,0,1,1,1,1,1,1,1,1,1,1,1,1,1,1,0,1,0,1,1,1,15.43,1,0,0,0,1,0,75,1,1,1,0,1,0,34.8,1,0,0,7.0,3,3,-1.065174691013697,0.0660377358490566,1,0.6931471805599453,1,9,1.0,0,0,0,0.9333333333333332,0.8,0.3333333333333333,0.3333333333333333,0.4,0.75,0.25
5110,Jagannath University,https://www.jnu.ac.bd,M5,South & Central Asia + Oceania,Bangladesh,0,1,0,200,en,False,2026-08-11T10:56:04+00:00,2.578,1,1,10,0,0,0,0,0,0,1,1,0,0,1,1,2026-08-11,1,1,1,1,2,1,1,0,1,0,1,0,1,1,1,1,1,1,0,1,0,1,0,1,1,0,0,1,0,1,1,1,21.0,1,1,0,0,0,1,75,1,1,1,1,1,1,36.5,1,0,0,0.0,3,2,-1.166421798665024,0.0330188679245283,1,0.6931471805599453,1,9,0.9266666666666666,0,0,0,0.6666666666666666,0.8,0.3333333333333333,1.0,0.4,0.625,0.25
5111,University of Melbourne,https://www.unimelb.edu.au,M5,South & Central Asia + Oceania,Australia,0,1,0,200,en,False,2026-08-11T10:56:11+00:00,5.312,0,0,0,0,0,0,0,1,0,0,0,0,0,0,0,,0,0,0,0,0,0,0,0,0,0,0,0,0,0,0,0,0,0,0,0,0,0,0,0,0,0,0,0,0,0,0,0,21.0,0,0,0,0,0,0,55,1,0,1,1,1,1,0.0,1,0,0,3650.0,0,0,-0.7192334427381614,0.2311320754716981,0,0.0,0,6,0.0,1,1,0,0.0,0.0,0.3333333333333333,1.0,0.0,0.0,0.0
5112,University of Sydney,https://www.sydney.edu.au,M5,South & Central Asia + Oceania,Australia,0,1,0,200,en-us,False,2026-08-11T10:56:23+00:00,10.067,1,1,6,1,0,1,1,1,0,0,0,0,1,0,0,,1,1,0,1,0,1,1,0,1,0,1,0,1,1,1,1,1,1,1,1,1,1,0,1,1,0,0,1,0,0,1,1,18.42,1,1,0,0,0,0,90,1,0,1,1,1,1,38.9,1,1,0,3650.0,0,1,0.0585209948742128,0.6273584905660378,0,0.0,0,12,1.0,1,0,0,0.8,0.6,0.6666666666666666,1.0,0.8,0.625,0.0
5113,Australian National University,https://www.anu.edu.au,M5,South & Central Asia + Oceania,Australia,0,1,0,200,en,False,2026-08-11T10:56:30+00:00,4.605,1,1,8,1,0,0,0,0,0,0,1,0,0,0,0,,1,1,1,1,0,1,1,0,1,0,1,1,1,1,1,1,1,1,1,1,1,1,1,1,0,0,0,0,0,1,1,0,21.0,1,1,0,0,1,0,75,1,0,1,1,1,1,52.8,1,1,0,3650.0,0,1,-0.8348743233673829,0.1650943396226415,0,0.0,0,9,1.0,1,0,0,0.8,0.4,0.6666666666666666,1.0,0.6,0.75,0.25
5114,University of New South Wales,https://www.unsw.edu.au,M5,South & Central Asia + Oceania,Australia,0,1,0,200,en,False,2026-08-11T10:56:35+00:00,2.925,1,1,5,1,0,1,1,1,0,0,1,1,3,0,0,,1,1,1,1,0,1,1,0,0,0,1,0,1,1,1,1,1,1,1,1,1,1,1,1,1,0,1,1,0,1,1,1,17.9,1,1,1,1,1,0,100,1,0,1,1,1,1,44.1,1,1,0,3650.0,0,1,-1.109664534763553,0.0518867924528301,0,0.0,0,13,1.0,1,0,0,0.9333333333333332,0.8,0.6666666666666666,1.0,0.8,0.5,0.75
5115,University of Queensland,https://www.uq.edu.au,M5,South & Central Asia + Oceania,Australia,0,1,0,200,en,False,2026-08-11T10:56:44+00:00,7.479,1,1,4,1,0,0,1,1,1,1,0,0,0,0,0,,1,1,1,1,1,1,1,0,1,0,1,0,1,1,1,1,1,1,1,1,1,1,1,1,1,0,1,1,0,1,1,1,11.53,1,1,0,0,0,1,100,1,1,1,1,1,1,94.4,1,1,0,3650.0,0,2,-0.3647867831575063,0.4009433962264151,1,0.6931471805599453,1,13,0.85,1,0,0,0.9333333333333332,0.8,0.6666666666666666,1.0,0.6,0.625,0.25
5116,Monash University,https://www.monash.edu,M5,South & Central Asia + Oceania,Australia,0,1,0,200,en,False,2026-08-11T10:56:54+00:00,4.299,1,1,2,1,0,0,1,1,1,1,1,0,0,0,1,2026-08-07,1,0,1,1,2,1,1,0,1,1,1,0,0,1,1,1,1,1,1,1,1,1,1,1,1,0,1,1,1,1,1,1,11.03,1,1,0,0,0,1,90,1,0,1,1,1,1,90.9,1,1,0,4.0,3,2,-0.884925397585971,0.1509433962264151,0,0.0,0,12,0.35,0,0,0,0.8666666666666667,1.0,0.6666666666666666,1.0,0.6,0.75,0.25
5117,University of Western Australia,https://www.uwa.edu.au,M5,South & Central Asia + Oceania,Australia,0,1,0,200,en,False,2026-08-11T10:57:07+00:00,10.712,1,1,6,0,0,0,1,1,0,0,1,1,4,0,0,,1,0,1,1,0,1,1,0,1,0,1,0,1,1,1,1,1,1,1,1,1,1,1,1,1,0,1,1,0,0,1,1,19.8,1,1,0,0,0,0,75,1,0,1,0,1,1,100.0,1,1,0,3650.0,0,1,0.1640208081780995,0.7075471698113207,0,0.0,0,9,1.0,1,0,0,0.9333333333333332,0.6,0.6666666666666666,0.6666666666666666,0.4,0.625,0.0
5118,University of Adelaide,https://www.adelaide.edu.au,M5,South & Central Asia + Oceania,Australia,0,1,0,200,en,False,2026-08-11T10:57:23+00:00,12.078,1,1,6,1,0,0,0,0,0,0,1,0,0,0,0,,1,0,1,1,0,0,0,0,0,0,1,0,1,1,1,1,1,1,1,1,0,1,1,1,1,0,1,0,0,1,1,1,16.58,1,1,1,1,0,1,100,1,0,1,1,1,1,87.5,1,1,0,3650.0,0,1,0.3874514205395091,0.7830188679245284,0,0.0,0,13,1.0,1,0,0,0.8666666666666667,0.6,0.6666666666666666,1.0,0.6,0.25,0.75
5119,University of Technology Sydney,https://www.uts.edu.au,M5,South & Central Asia + Oceania,Australia,0,1,0,200,en-au,False,2026-08-11T10:57:34+00:00,9.415,1,1,3,1,0,0,1,1,0,0,1,0,0,1,0,,1,0,1,1,0,1,1,0,0,1,1,0,1,1,1,1,1,1,1,1,1,1,1,1,1,0,1,1,0,1,1,1,21.0,1,1,0,0,0,0,100,1,0,1,1,1,1,72.4,1,1,0,3650.0,1,1,-0.0481237776438247,0.5283018867924528,0,0.0,0,13,0.6,1,0,0,0.9333333333333332,0.8,0.6666666666666666,1.0,0.6,0.625,0.0
5120,Macquarie University,https://www.mq.edu.au,M5,South & Central Asia + Oceania,Australia,0,1,0,200,en,False,2026-08-11T10:57:47+00:00,11.051,0,0,0,0,0,0,0,0,0,0,0,0,0,0,0,,1,0,1,1,0,0,0,0,0,0,1,0,0,1,0,1,1,1,1,1,0,1,0,1,0,0,1,0,0,0,0,0,11.53,1,0,0,0,0,0,75,1,0,1,1,1,1,60.0,1,0,0,3650.0,0,1,0.2194695472633981,0.7405660377358491,0,0.0,0,9,0.0,1,0,0,0.6,0.0,0.3333333333333333,1.0,0.0,0.25,0.0
5121,RMIT University,https://www.rmit.edu.au,M5,South & Central Asia + Oceania,Australia,0,1,0,200,en-au,False,2026-08-11T10:58:00+00:00,9.79,0,1,6,1,0,0,0,1,0,0,1,1,2,0,0,,1,1,1,1,0,1,1,0,0,0,1,0,1,1,1,1,1,1,1,1,1,1,1,1,0,0,1,0,0,1,1,0,18.62,1,0,0,0,0,1,75,1,0,1,1,1,1,45.8,1,1,0,3650.0,0,1,0.0132133231142489,0.5849056603773585,0,0.0,0,9,1.0,1,0,0,0.8666666666666667,0.4,0.6666666666666666,1.0,0.4,0.5,0.25
5122,Curtin University,https://www.curtin.edu.au,M5,South & Central Asia + Oceania,Australia,0,1,1,200,en,False,2026-08-11T10:58:11+00:00,9.225,0,1,4,1,0,0,1,1,1,1,1,1,5,0,1,2026-11-26,1,1,1,1,1,1,1,1,1,1,1,1,1,1,1,1,1,1,1,1,1,1,1,1,1,0,1,1,0,1,1,1,8.72,1,0,0,0,0,0,90,1,0,1,1,1,0,93.2,1,1,0,0.0,3,3,-0.0792012420279153,0.5,0,0.0,0,12,0.85,0,0,0,0.9333333333333332,0.8,0.6666666666666666,0.6666666666666666,0.4,1.0,0.0
5123,Deakin University,https://www.deakin.edu.au,M5,South & Central Asia + Oceania,Australia,0,1,0,200,en,False,2026-08-11T10:58:21+00:00,7.145,1,1,6,1,0,0,0,1,0,0,1,0,0,0,0,,1,1,1,1,0,0,0,0,0,0,1,0,1,1,1,1,1,1,1,1,1,1,1,1,0,0,1,0,1,1,1,1,12.05,1,1,1,0,0,0,75,1,1,1,1,1,1,14.3,1,1,0,3650.0,0,1,-0.4194176942326973,0.3726415094339622,1,0.6931471805599453,1,9,1.0,1,0,0,0.8666666666666667,0.8,0.6666666666666666,1.0,0.6,0.25,0.25
5124,Queensland University of Technology,https://www.qut.edu.au,M5,South & Central Asia + Oceania,Australia,0,1,0,200,en,False,2026-08-11T10:58:34+00:00,10.445,0,1,16,1,0,0,0,1,0,0,1,0,0,0,1,2026-08-11,1,1,1,1,6,1,1,0,1,0,1,0,1,1,1,1,1,1,1,1,1,1,1,1,1,1,1,1,0,1,1,1,11.46,1,0,1,0,0,1,75,1,0,1,1,1,1,20.0,1,0,0,0.0,3,2,0.1203487924383511,0.6698113207547169,0,0.0,0,9,0.57,0,0,0,1.0,0.8,0.3333333333333333,1.0,0.4,0.625,0.5
5125,Griffith University,https://www.griffith.edu.au,M5,South & Central Asia + Oceania,Australia,0,1,0,200,en,False,2026-08-11T10:58:47+00:00,11.522,0,0,0,1,0,1,1,1,0,0,1,1,3,0,1,2026-08-11,1,0,0,1,2,1,1,0,1,0,1,0,0,1,1,1,1,1,1,1,0,1,1,1,0,0,0,0,0,1,1,1,21.0,1,0,0,0,0,0,75,1,0,1,1,1,1,0.0,1,0,0,0.0,3,2,0.2965089458155387,0.7688679245283019,0,0.0,0,9,0.0,0,0,0,0.6666666666666666,0.6,0.3333333333333333,1.0,0.4,0.625,0.0
5126,University of Newcastle,https://www.newcastle.edu.au,M5,South & Central Asia + Oceania,Australia,0,1,1,200,en,False,2026-08-11T10:58:57+00:00,6.893,1,1,8,1,0,0,0,1,0,0,1,0,1,1,1,2026-08-29,1,1,1,1,2,1,1,0,1,1,1,0,1,1,1,1,1,1,1,1,1,1,1,1,0,0,1,1,0,1,1,1,1.61,0,1,0,0,1,1,75,1,1,1,1,1,1,78.0,1,1,0,0.0,3,2,-0.4606362259421228,0.3490566037735849,1,0.6931471805599453,1,9,1.0,0,0,0,0.8666666666666667,0.8,0.6666666666666666,1.0,0.6,0.75,0.5
5127,University of Wollongong,https://www.uow.edu.au,M5,South & Central Asia + Oceania,Australia,0,1,0,200,en,False,2026-08-11T10:59:09+00:00,9.512,1,1,7,1,0,0,0,1,0,0,1,0,0,0,1,2026-08-11,1,1,1,1,3,0,1,1,0,0,1,0,1,1,1,1,1,1,1,1,1,1,1,1,0,0,1,1,0,1,1,1,17.63,1,1,0,0,0,1,100,1,0,1,1,0,1,35.0,1,1,0,0.0,3,3,-0.0322579142477361,0.5377358490566038,0,0.0,0,13,1.0,0,0,0,0.8666666666666667,0.8,0.6666666666666666,0.6666666666666666,0.6,0.5,0.25
5128,University of Tasmania,https://www.utas.edu.au,M5,South & Central Asia + Oceania,Australia,0,1,1,200,en,False,2026-08-11T10:59:20+00:00,9.53,1,1,6,1,0,0,0,1,0,0,1,0,0,0,1,2026-09-17,1,0,1,1,0,0,0,0,0,1,1,0,1,1,1,1,1,1,1,1,1,1,1,1,1,0,1,1,0,1,1,1,21.0,1,1,0,0,0,1,75,1,0,1,1,1,1,83.3,1,1,0,0.0,3,1,-0.0293137334113487,0.5424528301886793,0,0.0,0,9,1.0,0,0,0,0.9333333333333332,0.8,0.6666666666666666,1.0,0.6,0.375,0.25
5129,La Trobe University,https://www.latrobe.edu.au,M5,South & Central Asia + Oceania,Australia,0,1,0,200,en-au,False,2026-08-11T10:59:33+00:00,9.796,1,1,7,1,0,0,0,1,1,1,1,0,0,0,1,2025-08-08,1,1,1,1,0,0,0,0,0,0,1,0,1,1,1,1,1,1,1,1,1,1,1,1,0,0,1,1,1,1,1,1,15.52,1,1,0,0,1,1,75,1,8,1,1,1,0,22.2,1,1,0,368.0,2,1,0.0141947167263781,0.589622641509434,8,2.19722457733622,1,9,1.0,0,0,0,0.8666666666666667,1.0,0.6666666666666666,0.6666666666666666,0.6,0.25,0.5
5130,James Cook University,https://www.jcu.edu.au,M5,South & Central Asia + Oceania,Australia,0,1,0,200,en-au,False,2026-08-11T10:59:45+00:00,9.764,1,1,2,1,0,0,0,1,0,0,1,1,2,0,0,,1,0,1,1,0,0,0,0,1,0,1,0,1,1,1,1,1,1,1,1,1,1,1,1,0,0,1,1,0,1,1,1,21.0,1,0,0,0,0,1,75,1,0,1,1,1,1,100.0,1,1,0,3650.0,0,1,0.0089606174616892,0.5754716981132075,0,0.0,0,9,0.35,1,0,0,0.8666666666666667,0.8,0.6666666666666666,1.0,0.6,0.375,0.25
5131,Flinders University,https://www.flinders.edu.au,M5,South & Central Asia + Oceania,Australia,0,1,0,200,en,False,2026-08-11T10:59:58+00:00,11.487,1,1,8,1,0,0,0,1,1,2,1,0,0,0,1,2026-08-05,1,0,1,1,0,1,1,0,1,1,1,0,1,1,1,1,1,1,0,1,1,1,1,1,0,0,0,0,0,0,1,0,12.63,1,1,0,0,0,1,75,1,0,1,1,1,1,21.9,1,1,0,6.0,3,1,0.2907841497447851,0.7594339622641509,0,0.0,0,9,1.0,0,0,0,0.7333333333333333,0.2,0.6666666666666666,1.0,0.6,0.75,0.25
5132,Western Sydney University,https://www.westernsydney.edu.au,M5,South & Central Asia + Oceania,Australia,0,1,0,200,en-au,False,2026-08-11T11:00:13+00:00,12.415,1,0,0,1,0,0,0,0,0,0,1,0,0,0,1,2026-08-10,1,1,1,1,16,1,1,0,0,1,1,0,1,1,1,1,1,1,1,1,1,1,1,1,0,0,0,1,0,1,1,1,15.72,1,1,0,0,0,1,75,1,1,0,1,1,1,88.8,1,1,0,1.0,3,2,0.4425730284207647,0.8160377358490566,1,0.6931471805599453,1,9,0.0,0,0,0,0.8,0.8,0.6666666666666666,1.0,0.4,0.625,0.25
5133,Swinburne University of Technology,https://www.swinburne.edu.au,M5,South & Central Asia + Oceania,Australia,0,1,0,200,en-au,False,2026-08-11T11:00:24+00:00,8.768,1,0,0,1,0,0,0,1,1,1,1,0,0,0,1,2026-05-08,1,0,1,1,0,1,1,0,0,0,1,0,1,1,1,1,1,1,1,1,1,1,1,1,1,0,1,0,0,1,1,1,11.98,1,1,1,0,1,1,100,1,0,1,1,0,1,65.2,1,1,0,95.0,2,1,-0.1539507221517542,0.4575471698113207,0,0.0,0,13,0.0,0,0,0,0.9333333333333332,0.6,0.6666666666666666,0.6666666666666666,0.4,0.5,0.75
5134,Charles Darwin University,https://www.cdu.edu.au,M5,South & Central Asia + Oceania,Australia,0,1,0,200,en,False,2026-08-11T11:00:42+00:00,15.313,0,1,5,1,0,0,0,1,0,0,0,1,2,1,1,2026-08-06,1,0,1,1,3,1,1,1,0,0,1,0,1,1,1,1,1,1,1,1,1,1,0,1,0,0,1,1,0,1,1,1,18.69,1,0,1,0,0,0,100,1,0,1,1,1,1,90.9,1,0,0,5.0,3,3,0.9165861430791584,0.8915094339622641,0,0.0,0,13,1.0,0,0,0,0.8,0.8,0.3333333333333333,1.0,0.4,0.625,0.25
5135,Central Queensland University,https://www.cqu.edu.au,M5,South & Central Asia + Oceania,Australia,0,1,0,200,en-au,False,2026-08-11T11:00:54+00:00,9.776,1,1,4,1,0,1,0,0,0,0,0,0,0,1,0,,1,0,1,1,0,1,1,0,0,1,1,0,0,1,1,1,1,1,0,1,1,1,1,1,0,0,1,0,1,1,1,0,21.0,0,0,0,0,0,1,75,1,0,1,1,1,1,91.1,1,1,0,3650.0,1,1,0.0109234046859476,0.5801886792452831,0,0.0,0,9,0.85,1,0,0,0.7333333333333333,0.6,0.6666666666666666,1.0,0.8,0.625,0.25
5136,Murdoch University,https://www.murdoch.edu.au,M5,South & Central Asia + Oceania,Australia,0,1,0,200,en,False,2026-08-11T11:01:09+00:00,10.645,1,1,4,1,0,0,0,1,0,1,1,0,0,0,1,2026-08-07,1,0,1,1,4,1,1,1,1,1,1,0,1,1,1,1,1,1,1,1,1,1,1,1,0,0,1,1,0,1,1,1,21.0,1,1,1,0,0,0,75,1,0,1,1,0,1,88.5,1,0,0,4.0,3,3,0.153061912842657,0.7028301886792453,0,0.0,0,9,0.85,0,0,0,0.8666666666666667,0.8,0.3333333333333333,0.6666666666666666,0.6,0.875,0.25
5137,Edith Cowan University,https://www.ecu.edu.au,M5,South & Central Asia + Oceania,Australia,0,1,1,200,en-au,False,2026-08-11T11:01:17+00:00,6.325,1,1,5,1,0,1,0,1,0,0,1,1,3,0,1,2026-08-27,1,0,1,1,7,1,1,1,1,0,1,1,1,1,0,1,1,1,1,1,1,1,1,1,0,0,1,1,1,1,1,1,21.0,1,1,1,0,0,1,100,1,0,1,1,1,1,19.4,1,1,0,0.0,3,3,-0.5535414878903516,0.3160377358490566,0,0.0,0,13,1.0,0,0,0,0.8,1.0,0.6666666666666666,1.0,0.8,0.875,0.5
5138,Victoria University,https://www.vu.edu.au,M5,South & Central Asia + Oceania,Australia,0,1,0,200,en,False,2026-08-11T11:01:28+00:00,9.036,1,1,11,1,0,0,0,1,1,1,1,1,2,1,1,2026-08-03,1,0,1,1,0,1,0,0,0,1,1,0,0,1,0,1,1,1,1,1,1,1,1,1,1,0,1,1,1,1,1,1,15.13,1,0,1,0,0,0,90,1,0,1,1,1,1,82.8,1,1,0,8.0,3,1,-0.1101151408099844,0.4764150943396226,0,0.0,0,12,0.8533333333333334,0,0,0,0.8,1.0,0.6666666666666666,1.0,0.6,0.5,0.25
5139,Southern Cross University,https://www.scu.edu.au,M5,South & Central Asia + Oceania,Australia,0,1,1,200,en,False,2026-08-11T11:01:37+00:00,6.475,1,1,6,1,1,0,1,1,1,1,1,0,0,0,1,2026-09-03,1,1,1,1,4,1,1,0,0,0,1,0,1,1,1,1,1,1,1,1,1,1,1,1,1,0,1,1,1,1,1,1,16.04,1,1,1,0,0,0,100,1,0,1,1,1,1,83.0,1,0,0,0.0,3,2,-0.5290066475871222,0.330188679245283,0,0.0,0,13,1.0,0,0,0,0.9333333333333332,1.0,0.3333333333333333,1.0,0.8,0.5,0.25
5140,University of Southern Queensland,https://www.usq.edu.au,M5,South & Central Asia + Oceania,Australia,0,1,0,200,en-au,False,2026-08-11T11:01:53+00:00,13.268,1,1,1,1,0,0,0,0,0,0,1,0,0,0,0,,1,1,1,1,0,0,0,0,0,0,1,0,1,1,1,0,1,1,1,1,1,1,1,1,0,0,1,0,0,1,1,1,14.94,1,1,0,0,0,0,100,1,0,1,1,1,1,80.0,1,0,0,3650.0,0,1,0.5820944869451299,0.8443396226415094,0,0.0,0,13,0.15,1,0,0,0.8,0.6,0.3333333333333333,1.0,0.6,0.25,0.0
5141,University of Canberra,https://www.canberra.edu.au,M5,South & Central Asia + Oceania,Australia,0,1,0,200,en,False,2026-08-11T11:02:05+00:00,10.348,1,1,16,1,0,0,0,1,0,0,1,0,0,1,1,2026-08-11,1,1,1,1,0,1,1,0,0,0,1,0,0,1,1,1,1,1,1,1,1,1,1,1,0,0,1,1,0,1,1,1,12.63,1,1,0,0,0,0,100,1,0,1,1,1,1,82.9,1,1,0,0.0,3,1,0.1044829290422628,0.6556603773584906,0,0.0,0,13,0.57,0,0,0,0.8,0.8,0.6666666666666666,1.0,0.6,0.5,0.0
5142,Bond University,https://www.bond.edu.au,M5,South & Central Asia + Oceania,Australia,0,1,0,200,en,False,2026-08-11T11:02:17+00:00,9.064,1,1,0,1,1,0,0,1,0,0,0,0,1,1,0,,0,0,1,0,0,0,0,0,0,1,1,0,1,1,0,1,1,1,0,1,1,1,1,1,1,0,0,0,0,0,1,1,17.06,1,0,0,0,0,1,100,1,0,1,1,1,1,75.0,1,0,0,3650.0,1,0,-0.1055353039533815,0.4811320754716981,0,0.0,0,13,0.0,1,0,0,0.7333333333333333,0.4,0.3333333333333333,1.0,0.8,0.25,0.25
5143,Australian Catholic University,https://www.acu.edu.au,M5,South & Central Asia + Oceania,Australia,0,1,1,200,en,False,2026-08-11T11:02:29+00:00,10.801,1,1,7,1,0,0,0,1,0,0,0,1,10,0,1,2026-09-14,1,0,1,1,11,1,1,1,1,0,1,0,1,1,1,1,1,1,1,1,1,1,1,1,1,0,1,1,0,1,1,1,4.86,1,1,1,0,1,1,75,1,0,1,1,1,1,64.4,1,1,0,0.0,3,3,0.1785781467580157,0.7216981132075472,0,0.0,0,9,1.0,0,0,0,0.9333333333333332,0.8,0.6666666666666666,1.0,0.6,0.75,0.75
5144,Charles Sturt University,https://www.csu.edu.au,M5,South & Central Asia + Oceania,Australia,0,1,0,200,en,False,2026-08-11T11:02:42+00:00,10.454,1,1,4,1,0,1,0,1,0,0,0,0,0,0,1,2026-08-06,1,1,1,0,0,1,1,0,1,1,1,0,0,1,0,1,1,1,1,1,1,1,1,1,1,0,0,0,0,1,1,1,6.19,1,1,0,0,0,0,75,1,2,1,0,1,1,41.7,1,1,0,5.0,3,0,0.1218208828565449,0.6745283018867925,2,1.0986122886681098,1,9,0.85,0,0,0,0.7333333333333333,0.6,0.6666666666666666,0.6666666666666666,0.8,0.625,0.0
5145,University of New England,https://www.une.edu.au,M5,South & Central Asia + Oceania,Australia,0,1,0,200,en,False,2026-08-11T11:02:55+00:00,11.03,1,1,6,1,0,1,0,1,1,1,1,0,0,0,1,2026-08-10,1,1,1,1,11,1,1,1,1,0,1,0,1,1,1,1,1,1,1,1,1,1,1,1,0,1,1,1,1,1,1,1,15.91,1,1,0,0,0,1,90,1,0,1,1,1,1,13.8,1,1,0,1.0,3,3,0.2160346696209459,0.7358490566037735,0,0.0,0,12,1.0,0,0,0,0.9333333333333332,1.0,0.6666666666666666,1.0,0.8,0.75,0.25
5146,University of the Sunshine Coast,https://www.usc.edu.au,M5,South & Central Asia + Oceania,Australia,0,1,0,200,en,False,2026-08-11T11:03:13+00:00,14.968,1,1,4,1,0,0,0,1,0,0,0,0,0,0,0,,1,1,1,1,12,1,1,0,0,0,1,0,0,1,1,1,1,1,1,1,1,1,0,1,0,0,1,1,1,1,1,1,18.88,1,1,0,0,1,0,100,1,0,1,1,0,1,37.5,1,1,0,3650.0,0,2,0.8601560103817304,0.8820754716981132,0,0.0,0,13,0.85,1,0,0,0.7333333333333333,1.0,0.6666666666666666,0.6666666666666666,0.6,0.5,0.25
5147,Federation University Australia,https://www.federation.edu.au,M5,South & Central Asia + Oceania,Australia,0,1,0,200,en,False,2026-08-11T11:03:21+00:00,6.405,1,1,0,0,0,0,0,1,0,0,0,0,0,0,0,,0,0,1,0,0,1,1,0,0,0,1,0,1,1,0,1,1,1,1,1,1,0,1,1,0,0,0,1,0,1,1,1,21.0,1,1,1,0,0,0,100,1,0,1,1,1,1,50.0,1,1,0,3650.0,0,0,-0.5404562397286292,0.320754716981132,0,0.0,0,13,0.0,1,0,0,0.6666666666666666,0.8,0.6666666666666666,1.0,0.4,0.375,0.25
5148,University of South Australia,https://www.unisa.edu.au,M5,South & Central Asia + Oceania,Australia,0,1,0,200,en,False,2026-08-11T11:03:37+00:00,14.303,1,1,6,1,0,0,0,0,0,0,1,0,0,0,0,,1,0,1,1,0,0,0,0,0,0,1,0,1,1,1,1,1,1,1,1,0,1,1,1,1,0,1,0,0,1,1,1,16.58,1,1,1,1,0,1,100,1,1,1,1,1,1,87.5,1,1,0,3650.0,0,1,0.7513848850374132,0.8632075471698113,1,0.6931471805599453,1,13,1.0,1,0,0,0.8666666666666667,0.6,0.6666666666666666,1.0,0.6,0.25,0.75
5149,University of Auckland,https://www.auckland.ac.nz,M5,South & Central Asia + Oceania,New Zealand,0,0,0,200,en,False,2026-08-11T11:03:47+00:00,8.765,0,1,2,1,0,0,0,1,1,0,1,0,0,1,0,,1,1,1,1,6,0,0,0,1,0,1,0,1,1,1,1,1,1,1,1,1,1,1,1,1,0,1,1,0,1,1,1,8.84,0,0,1,0,0,0,100,1,0,1,1,1,1,83.3,1,1,0,3650.0,1,2,-0.1544414189578188,0.4528301886792453,0,0.0,0,13,0.35,1,0,0,0.9333333333333332,0.8,0.6666666666666666,1.0,0.4,0.375,0.25
5150,University of Otago,https://www.otago.ac.nz,M5,South & Central Asia + Oceania,New Zealand,0,0,1,200,en,False,2026-08-11T11:04:02+00:00,11.275,1,1,7,1,0,0,0,1,0,0,1,0,0,1,1,2026-08-12,1,1,1,1,3,1,1,0,0,0,1,0,1,1,1,1,1,1,1,1,1,1,1,1,1,0,1,1,0,1,1,1,15.42,1,1,0,0,0,0,100,1,0,1,1,1,1,82.6,1,1,0,0.0,3,2,0.2561082421162209,0.75,0,0.0,0,13,1.0,0,0,0,0.9333333333333332,0.8,0.6666666666666666,1.0,0.6,0.5,0.0
5151,Victoria University of Wellington,https://www.wgtn.ac.nz,M5,South & Central Asia + Oceania,New Zealand,0,0,0,200,en,False,2026-08-11T11:04:11+00:00,6.301,1,1,5,1,0,0,0,1,0,0,0,0,0,1,0,,1,1,1,1,0,1,1,0,0,0,1,0,0,1,1,1,1,1,1,1,1,1,1,1,1,0,0,1,1,1,0,1,10.05,1,1,0,0,0,0,100,1,0,1,1,1,1,95.5,1,0,0,3650.0,1,1,-0.5574670623388683,0.3113207547169811,0,0.0,0,13,1.0,1,0,0,0.8,0.8,0.3333333333333333,1.0,0.6,0.5,0.0
5153,Massey University,https://www.massey.ac.nz,M5,South & Central Asia + Oceania,New Zealand,0,0,0,200,en-nz,False,2026-08-11T11:04:18+00:00,3.361,1,1,19,1,0,0,0,1,0,0,1,0,0,0,1,2026-08-11,1,1,1,1,0,1,1,0,1,0,1,0,1,1,1,1,1,1,1,1,1,1,1,1,1,0,1,1,0,1,0,1,16.29,1,0,0,0,0,0,90,1,0,1,1,1,1,57.1,1,0,0,0.0,3,1,-1.038349932282166,0.0896226415094339,0,0.0,0,12,0.48,0,0,0,0.9333333333333332,0.6,0.3333333333333333,1.0,0.6,0.625,0.0
5154,University of Waikato,https://www.waikato.ac.nz,M5,South & Central Asia + Oceania,New Zealand,0,0,1,200,en-nz,False,2026-08-11T11:04:25+00:00,5.411,1,1,0,1,1,0,0,1,0,0,1,0,0,0,1,2026-08-18,1,1,1,1,19,1,1,0,1,0,1,0,0,1,1,1,1,1,1,1,1,1,1,1,1,1,1,0,0,1,1,0,21.0,1,0,0,0,0,1,100,1,1,1,1,1,1,7.8,1,1,0,0.0,3,2,-0.70304044813803,0.2547169811320754,1,0.6931471805599453,1,13,0.0,0,0,0,0.9333333333333332,0.4,0.6666666666666666,1.0,0.8,0.625,0.25
5155,Lincoln University,https://www.lincoln.ac.nz,M5,South & Central Asia + Oceania,New Zealand,0,0,1,200,en,False,2026-08-11T11:04:44+00:00,16.048,1,1,19,1,0,0,0,1,1,1,1,1,10,0,1,2026-08-25,1,1,1,1,20,1,1,0,1,0,1,0,1,1,1,1,1,1,1,1,1,1,1,1,0,1,1,1,0,1,1,1,15.91,1,1,0,0,0,1,100,1,0,1,1,1,1,90.0,1,0,0,0.0,3,2,1.0368068605649825,0.910377358490566,0,0.0,0,13,0.48,0,0,0,0.9333333333333332,0.8,0.3333333333333333,1.0,0.6,0.625,0.25
5156,Auckland University of Technology,https://www.aut.ac.nz,M5,South & Central Asia + Oceania,New Zealand,0,0,0,200,en,False,2026-08-11T11:04:51+00:00,3.836,1,1,4,1,0,0,0,1,0,0,1,1,7,0,0,,1,0,1,1,4,1,0,0,1,0,1,0,1,1,1,1,1,1,1,1,1,1,1,1,1,0,1,1,1,1,1,1,20.37,1,0,0,0,1,0,90,1,0,1,1,1,1,94.3,1,0,0,3650.0,0,2,-0.9606562713219392,0.1084905660377358,0,0.0,0,12,0.85,1,0,0,0.9333333333333332,1.0,0.3333333333333333,1.0,0.6,0.5,0.25
5157,University of Colombo,https://www.cmb.ac.lk,M5,South & Central Asia + Oceania,Sri Lanka,0,0,0,200,en-us,False,2026-08-11T11:05:00+00:00,5.676,1,1,9,1,0,0,0,1,0,0,1,1,10,1,0,,1,0,1,1,20,1,1,0,1,0,1,0,1,1,1,1,1,1,1,1,1,1,0,1,0,0,0,0,0,1,1,1,5.74,1,1,0,0,0,0,75,1,0,1,0,1,1,93.8,1,0,0,3650.0,1,2,-0.6596955636023245,0.2877358490566037,0,0.0,0,9,1.0,1,0,0,0.7333333333333333,0.6,0.3333333333333333,0.6666666666666666,0.6,0.625,0.0
5158,University of Peradeniya,https://www.pdn.ac.lk,M5,South & Central Asia + Oceania,Sri Lanka,0,0,0,200,en,False,2026-08-11T11:05:35+00:00,33.288,1,0,0,0,1,0,0,1,1,1,1,1,10,1,1,2026-08-06,1,0,1,1,2,0,0,0,1,1,1,0,1,1,0,1,1,1,1,1,1,1,1,1,1,0,0,1,0,1,1,1,21.0,0,0,0,0,0,0,75,1,0,1,0,1,1,97.1,1,0,0,5.0,3,2,3.856677839416156,0.9858490566037736,0,0.0,0,9,0.0,0,0,0,0.8,0.8,0.3333333333333333,0.6666666666666666,0.4,0.5,0.0
5160,University of Kelaniya,https://www.kln.ac.lk,M5,South & Central Asia + Oceania,Sri Lanka,0,0,0,200,en-us,False,2026-08-11T11:06:04+00:00,5.412,1,1,14,1,0,0,0,1,0,0,0,0,0,1,0,,1,0,0,1,0,0,0,0,0,0,1,0,1,1,1,1,1,1,0,1,1,0,0,1,1,0,0,0,0,0,0,0,21.0,1,1,0,0,0,0,55,1,0,1,0,1,0,0.0,1,0,0,3650.0,1,1,-0.7028768825360084,0.2594339622641509,0,0.0,0,6,0.66,1,0,0,0.6666666666666666,0.0,0.3333333333333333,0.3333333333333333,0.6,0.25,0.0
5161,University of Sri Jayewardenepura,https://www.sjp.ac.lk,M5,South & Central Asia + Oceania,Sri Lanka,0,0,0,200,en-us,False,2026-08-11T11:06:14+00:00,7.171,1,0,0,1,0,0,0,1,0,0,1,1,2,1,0,,1,0,1,1,10,0,0,0,1,0,1,0,1,1,1,1,1,1,0,1,1,1,0,1,1,0,0,1,0,1,1,1,7.57,1,1,0,0,0,0,90,1,0,0,1,1,1,24.1,1,0,0,3650.0,1,2,-0.4151649885801374,0.3773584905660377,0,0.0,0,12,0.0,1,0,0,0.7333333333333333,0.8,0.3333333333333333,1.0,0.4,0.375,0.0
5162,University of Ruhuna,https://www.ruh.ac.lk,M5,South & Central Asia + Oceania,Sri Lanka,0,0,0,200,en-gb,False,2026-08-11T11:06:23+00:00,6.76,1,0,0,1,0,0,0,1,0,0,1,1,10,0,1,2025-12-26,1,1,1,0,0,0,0,0,0,1,1,1,1,1,1,1,1,1,0,1,1,0,1,1,0,0,0,0,0,1,1,0,12.63,1,1,0,0,0,1,90,1,0,1,1,1,0,84.6,1,0,0,228.0,2,0,-0.4823904510109862,0.3396226415094339,0,0.0,0,12,0.0,0,0,0,0.6666666666666666,0.4,0.3333333333333333,0.6666666666666666,0.4,0.375,0.25
5163,University of Jaffna,https://www.jfn.ac.lk,M5,South & Central Asia + Oceania,Sri Lanka,0,0,0,200,en,False,2026-08-11T11:06:31+00:00,5.137,1,1,9,1,0,0,0,0,1,1,1,1,5,1,0,,1,0,1,1,11,0,0,0,0,0,1,0,1,1,1,1,1,1,1,1,1,1,0,1,0,0,0,1,0,1,1,1,10.17,1,1,0,0,0,0,90,1,1,1,1,1,1,66.7,1,0,0,3650.0,1,2,-0.7478574230919292,0.2169811320754717,1,0.6931471805599453,1,12,1.0,1,0,0,0.7333333333333333,0.8,0.3333333333333333,1.0,0.6,0.25,0.0
5164,Eastern University Sri Lanka,https://www.esn.ac.lk,M5,South & Central Asia + Oceania,Sri Lanka,0,0,0,200,en,False,2026-08-11T11:06:36+00:00,2.665,1,1,8,1,0,0,0,0,0,0,1,0,1,1,1,2026-07-31,1,0,1,1,2,1,1,1,0,0,1,0,1,1,1,1,1,1,1,1,1,1,0,1,1,0,0,1,0,1,1,1,8.23,1,1,0,0,0,0,75,1,0,1,0,1,1,100.0,1,0,0,11.0,3,3,-1.1521915912891507,0.0424528301886792,0,0.0,0,9,1.0,0,0,0,0.8,0.8,0.3333333333333333,0.6666666666666666,0.6,0.625,0.0
5166,Sri Lanka Institute of Information Technology,https://www.sliit.lk,M5,South & Central Asia + Oceania,Sri Lanka,0,0,0,200,en,False,2026-08-11T11:06:50+00:00,3.434,1,1,1,1,0,0,0,1,1,1,1,1,3,0,0,,1,0,1,1,0,1,1,0,1,0,1,0,1,1,1,1,1,1,1,1,1,1,1,1,1,1,1,1,1,1,1,1,21.0,1,0,0,0,1,1,75,1,0,1,1,1,1,82.2,1,1,0,3650.0,0,1,-1.0264096433345944,0.0943396226415094,0,0.0,0,9,0.15,1,0,0,1.0,1.0,0.6666666666666666,1.0,0.6,0.625,0.5
5167,Tribhuvan University,https://www.tribhuvan-university.edu.np,M5,South & Central Asia + Oceania,Nepal,0,0,0,200,en,False,2026-08-11T11:07:08+00:00,15.545,1,1,8,1,0,0,0,0,1,1,0,0,1,1,0,,1,0,0,1,2,1,1,0,0,0,1,0,1,1,1,1,1,1,1,1,0,1,0,1,0,0,0,1,0,1,1,1,15.43,1,1,0,0,0,0,75,1,0,1,0,1,0,42.9,1,0,0,3650.0,1,2,0.954533362748153,0.9056603773584906,0,0.0,0,9,1.0,1,0,0,0.6666666666666666,0.8,0.3333333333333333,0.3333333333333333,0.6,0.5,0.0
5168,Kathmandu University,https://www.ku.edu.np,M5,South & Central Asia + Oceania,Nepal,0,0,0,200,en-us,False,2026-08-11T11:07:15+00:00,5.559,1,1,6,1,0,0,0,0,0,0,0,0,0,1,1,2026-07-22,1,1,1,1,0,1,1,0,0,0,1,0,1,1,1,1,1,1,1,1,0,1,0,1,0,0,0,1,0,1,1,1,15.43,1,1,0,0,0,0,75,1,0,1,1,1,1,84.2,1,0,0,20.0,3,1,-0.6788327390388434,0.2783018867924528,0,0.0,0,9,1.0,0,0,0,0.6666666666666666,0.8,0.3333333333333333,1.0,0.6,0.5,0.0
5169,Pokhara University,https://www.pu.edu.np,M5,South & Central Asia + Oceania,Nepal,0,0,0,200,en-us,False,2026-08-11T11:07:31+00:00,7.237,1,1,5,1,0,0,0,0,0,0,1,1,10,1,1,2026-08-08,1,0,1,1,8,0,0,0,0,0,1,0,1,1,1,1,1,1,1,1,0,1,1,1,1,0,0,1,0,1,1,1,12.63,1,1,0,0,1,0,75,1,0,1,0,1,1,91.7,1,0,0,3.0,3,2,-0.4043696588467165,0.3820754716981132,0,0.0,0,9,1.0,0,0,0,0.8,0.8,0.3333333333333333,0.6666666666666666,0.6,0.25,0.25
5171,Mid-Western University,https://www.mwu.edu.np,M5,South & Central Asia + Oceania,Nepal,0,0,0,200,en,False,2026-08-11T11:07:45+00:00,11.183,1,1,7,0,0,0,0,0,1,1,1,1,7,1,1,2026-08-07,1,0,1,1,11,1,1,1,1,1,1,0,1,1,1,1,1,1,0,1,0,0,0,1,1,0,0,1,0,1,1,1,14.68,1,1,0,0,0,0,100,1,0,1,1,1,1,98.1,1,0,0,4.0,3,3,0.24106020673024,0.7452830188679245,0,0.0,0,13,1.0,0,0,0,0.6,0.8,0.3333333333333333,1.0,0.4,0.875,0.0
5172,Far Western University,https://www.fwu.edu.np,M5,South & Central Asia + Oceania,Nepal,0,0,0,200,en,False,2026-08-11T11:07:58+00:00,10.981,1,1,8,0,0,0,0,0,1,1,1,1,4,1,1,2026-08-10,1,0,1,0,7,1,1,0,0,0,1,1,1,1,1,1,1,1,1,1,0,0,0,1,0,1,0,1,0,1,0,0,3.54,1,1,0,0,0,0,75,1,0,1,0,1,0,8.3,0,0,0,1.0,3,1,0.208019955121891,0.7311320754716981,0,0.0,0,9,1.0,0,0,0,0.6666666666666666,0.4,0.0,0.3333333333333333,0.4,0.5,0.0
5173,Nazarbayev University,https://www.nu.edu.kz,M5,South & Central Asia + Oceania,Central Asia,1,0,0,200,en-us,False,2026-08-11T11:08:19+00:00,18.262,1,1,7,1,1,0,0,1,1,1,1,1,10,1,1,2026-08-11,1,1,1,1,6,1,0,1,1,1,1,0,1,1,1,1,1,1,1,1,1,1,1,1,1,0,1,0,0,1,1,0,11.9,1,0,0,0,0,1,90,1,0,1,0,1,1,84.6,1,0,0,0.0,3,3,1.3989411034406496,0.9245283018867924,0,0.0,0,12,1.0,0,0,0,0.9333333333333332,0.4,0.3333333333333333,0.6666666666666666,0.8,0.75,0.25
5174,Al-Farabi Kazakh National University,https://www.kaznu.kz,M5,South & Central Asia + Oceania,Central Asia,1,0,0,200,en,True,2026-08-11T11:08:54+00:00,25.036,1,1,6,1,1,0,0,0,1,1,0,0,1,1,1,2026-08-10,1,0,1,1,0,1,1,0,1,0,1,0,1,1,1,1,1,1,1,1,1,1,0,1,0,0,0,1,0,0,0,1,15.43,1,1,0,0,0,0,75,1,0,0,1,1,0,58.6,1,0,0,1.0,3,1,2.506934491534493,0.9716981132075472,0,0.0,0,9,1.0,0,0,0,0.7333333333333333,0.4,0.3333333333333333,0.6666666666666666,0.8,0.625,0.0
5175,L.N. Gumilyov Eurasian National University,https://www.enu.kz,M5,South & Central Asia + Oceania,Central Asia,1,0,0,200,,True,2026-08-11T11:09:21+00:00,12.378,1,1,6,0,1,0,1,1,0,0,0,1,10,1,1,2026-08-10,1,0,1,1,0,1,1,1,0,1,1,0,1,1,1,0,0,0,0,0,0,1,0,1,0,0,0,1,0,1,1,1,21.0,1,1,0,0,0,0,75,1,0,1,1,0,1,30.8,0,1,0,1.0,3,1,0.4365211011459682,0.8018867924528302,0,0.0,0,9,1.0,0,0,0,0.3333333333333333,0.8,0.3333333333333333,0.6666666666666666,0.6,0.75,0.0
5176,Satbayev University,https://www.satbayev.university,M5,South & Central Asia + Oceania,Central Asia,1,0,0,200,en,True,2026-08-11T11:09:50+00:00,19.532,1,1,7,1,1,0,0,0,1,1,1,1,4,0,0,,1,0,1,1,0,1,1,0,1,1,1,0,1,1,1,0,1,1,1,1,1,1,1,1,0,0,0,0,0,1,1,1,19.77,1,0,0,0,0,0,75,1,0,1,1,1,0,98.1,1,0,0,3650.0,0,1,1.6066694180079923,0.9339622641509434,0,0.0,0,9,1.0,1,0,0,0.7333333333333333,0.6,0.3333333333333333,0.6666666666666666,0.8,0.75,0.0
5178,National University of Uzbekistan,https://www.nuu.uz,M5,South & Central Asia + Oceania,Central Asia,1,0,0,200,en-us,True,2026-08-11T11:10:54+00:00,15.408,1,1,2,1,1,0,0,1,1,1,1,1,10,1,1,2026-08-10,1,0,0,1,7,1,1,1,1,1,1,0,1,1,1,1,1,1,1,1,1,1,1,1,0,0,0,1,0,1,1,1,13.61,1,0,0,0,0,0,90,1,0,1,0,1,1,3.8,1,0,0,1.0,3,3,0.9321248752712036,0.8962264150943396,0,0.0,0,12,0.35,0,0,0,0.8,0.8,0.3333333333333333,0.6666666666666666,0.8,0.875,0.0
5179,Tashkent State Technical University,https://www.tdtu.uz,M5,South & Central Asia + Oceania,Central Asia,1,0,0,200,en,False,2026-08-11T11:11:13+00:00,13.03,1,0,0,1,0,0,0,0,0,0,0,1,9,0,1,2026-08-07,0,0,0,0,4,1,1,1,0,1,1,0,0,0,0,0,0,1,0,0,0,0,0,0,0,0,0,0,0,1,1,0,7.23,1,1,0,0,0,0,75,1,0,1,1,1,1,70.9,1,0,0,4.0,3,1,0.5431658736640056,0.8349056603773585,0,0.0,0,9,0.0,0,0,0,0.0666666666666666,0.4,0.3333333333333333,1.0,0.4,0.625,0.0
5180,Westminster International University in Tashkent,https://www.wiut.uz,M5,South & Central Asia + Oceania,Central Asia,1,0,0,200,en-gb,False,2026-08-11T11:11:39+00:00,23.304,1,1,9,0,0,0,0,1,1,1,1,1,10,0,1,2026-08-11,1,0,1,1,4,1,1,1,1,1,1,0,1,1,1,1,1,1,1,0,1,1,1,1,1,1,1,0,0,1,1,0,12.63,1,1,0,1,0,0,90,1,0,1,1,1,1,32.4,1,0,0,0.0,3,3,2.2236388688332025,0.9575471698113208,0,0.0,0,12,1.0,0,0,0,0.9333333333333332,0.4,0.3333333333333333,1.0,0.4,0.875,0.25
5183,Samarkand State University,https://www.samdu.uz,M5,South & Central Asia + Oceania,Central Asia,1,0,0,200,en,True,2026-08-11T11:12:37+00:00,10.551,1,1,8,1,1,0,1,1,1,2,1,1,10,1,1,2026-08-08,1,0,1,1,0,1,1,1,0,0,1,0,1,1,1,1,1,1,1,1,1,1,0,1,0,1,0,1,0,1,1,1,14.22,1,0,0,0,1,0,75,1,2,1,1,1,1,94.1,1,0,0,3.0,3,1,0.1376867462526333,0.6933962264150944,2,1.0986122886681098,1,9,1.0,0,0,0,0.8,0.8,0.3333333333333333,1.0,0.8,0.625,0.25
5184,Kyrgyz National University,https://www.university.kg,M5,South & Central Asia + Oceania,Central Asia,1,0,0,200,ru-ru,True,2026-08-11T11:12:48+00:00,8.429,1,1,8,1,1,0,0,0,0,0,0,0,0,0,0,,0,0,0,0,0,1,1,0,0,1,1,0,0,0,0,0,0,0,0,0,0,0,0,0,0,0,0,0,0,0,1,0,7.38,1,1,0,1,0,0,90,1,0,1,0,1,1,71.4,1,0,0,3650.0,0,0,-0.2093994612370529,0.4339622641509434,0,0.0,0,12,1.0,1,0,0,0.0,0.2,0.3333333333333333,0.6666666666666666,0.8,0.5,0.25
5300,Indian Institute of Technology Patna,https://www.iitp.ac.in,M5,South & Central Asia + Oceania,India,0,1,0,200,en,False,2026-08-11T11:40:09+00:00,9.107,1,1,7,0,0,0,0,1,0,0,1,1,5,1,1,2026-08-11,1,0,1,1,0,0,0,1,1,1,1,0,1,1,1,1,1,1,1,1,0,1,0,1,1,0,0,0,1,1,1,1,21.0,1,1,0,0,1,0,75,1,8,1,1,1,1,100.0,1,0,0,0.0,3,1,-0.0985019830664558,0.4858490566037736,8,2.19722457733622,1,9,1.0,0,0,0,0.7333333333333333,0.8,0.3333333333333333,1.0,0.4,0.625,0.25
5301,Indian Institute of Technology Jodhpur,https://www.iitj.ac.in,M5,South & Central Asia + Oceania,India,0,1,1,200,en,False,2026-08-11T11:40:23+00:00,12.922,1,0,0,0,0,0,0,1,0,0,1,1,5,1,1,2026-12-21,1,0,1,1,7,1,1,1,0,0,1,0,1,1,1,1,1,1,1,1,0,1,1,1,1,0,0,0,1,1,1,0,15.43,1,1,0,0,0,0,75,1,0,1,1,1,1,95.7,1,0,0,0.0,3,3,0.5255007886456805,0.8301886792452831,0,0.0,0,9,0.0,0,0,0,0.8,0.6,0.3333333333333333,1.0,0.2,0.625,0.0
5302,Indian Institute of Technology Bhubaneswar,https://www.iitbbs.ac.in,M5,South & Central Asia + Oceania,India,0,1,1,200,en-us,False,2026-08-11T11:40:59+00:00,33.704,1,1,9,1,1,0,0,1,0,0,0,0,0,1,1,2026-12-11,1,1,1,1,2,1,1,0,0,0,1,0,1,1,1,1,1,1,0,1,1,1,1,1,1,0,0,1,0,1,1,1,14.35,1,0,0,0,0,0,90,1,0,1,0,1,1,69.6,1,1,0,0.0,3,2,3.924721129857113,0.9905660377358492,0,0.0,0,12,1.0,0,0,0,0.8,0.8,0.6666666666666666,0.6666666666666666,0.8,0.5,0.0
5303,Indian Institute of Technology Mandi,https://www.iitmandi.ac.in,M5,South & Central Asia + Oceania,India,0,1,1,200,en,False,2026-08-11T11:41:04+00:00,1.873,1,1,6,0,0,0,0,1,0,0,1,0,0,1,1,2026-11-04,1,0,1,0,0,1,1,1,0,0,1,0,1,1,1,1,1,1,0,1,1,1,1,1,1,0,0,1,0,1,1,1,15.43,1,1,0,0,0,0,75,1,0,0,1,1,1,45.0,1,0,0,0.0,3,0,-1.2817355480902024,0.0094339622641509,0,0.0,0,9,1.0,0,0,0,0.8,0.8,0.3333333333333333,1.0,0.4,0.5,0.0
5304,Delhi Technological University,https://www.dtu.ac.in,M5,South & Central Asia + Oceania,India,0,1,1,200,,False,2026-08-11T11:41:38+00:00,32.704,1,0,0,1,0,0,0,0,1,1,1,0,0,1,1,2026-08-12,1,1,1,1,0,0,0,1,1,0,1,0,1,1,1,1,1,1,1,1,1,1,1,1,0,1,0,0,0,1,1,0,4.67,1,0,0,0,1,0,0,1,4,1,1,1,0,53.8,0,0,0,0.0,3,1,3.7611555278355833,0.981132075471698,4,1.6094379124341005,1,1,0.0,0,0,0,0.8666666666666667,0.4,0.0,0.6666666666666666,0.4,0.5,0.25
5305,Netaji Subhas University of Technology,https://www.nsut.ac.in,M5,South & Central Asia + Oceania,India,0,1,1,200,en,False,2026-08-11T11:41:47+00:00,5.345,1,1,13,0,1,0,0,1,1,0,0,0,0,1,1,2026-08-13,1,0,1,1,0,1,1,1,0,1,1,1,1,1,1,1,1,1,1,1,1,1,0,1,0,1,0,0,0,0,1,1,1.63,1,1,0,0,1,0,75,1,1,0,0,1,0,69.6,1,0,0,0.0,3,1,-0.7138357778714509,0.240566037735849,1,0.6931471805599453,1,9,0.72,0,0,0,0.8,0.4,0.3333333333333333,0.3333333333333333,0.6,0.875,0.25
5306,IIIT Delhi,https://www.iiitd.ac.in,M5,South & Central Asia + Oceania,India,0,1,0,200,en,False,2026-08-11T11:41:59+00:00,10.768,1,0,0,1,0,0,0,1,0,0,1,1,4,0,0,,1,0,1,1,10,1,1,0,0,1,1,0,1,1,1,1,1,1,1,1,1,1,1,1,1,1,0,0,0,1,1,1,5.83,1,1,0,0,0,1,75,1,0,0,0,1,0,4.8,1,1,0,3650.0,0,2,0.1731804818913053,0.7122641509433962,0,0.0,0,9,0.0,1,0,0,0.9333333333333332,0.6,0.6666666666666666,0.3333333333333333,0.4,0.625,0.25
5307,IIIT Bangalore,https://www.iiitb.ac.in,M5,South & Central Asia + Oceania,India,0,1,0,200,en,False,2026-08-11T11:42:05+00:00,3.48,1,1,7,1,0,0,0,0,0,0,1,1,9,0,1,2026-01-17,1,1,1,1,10,1,0,0,0,0,1,0,1,1,1,1,1,1,0,1,1,1,0,1,0,1,0,1,1,1,1,1,2.16,1,1,0,0,0,0,75,1,0,0,1,1,1,78.6,1,1,0,206.0,2,2,-1.018885625641604,0.1037735849056603,0,0.0,0,9,1.0,0,0,0,0.7333333333333333,1.0,0.6666666666666666,1.0,0.6,0.375,0.0
5308,KIIT University,https://www.kiit.ac.in,M5,South & Central Asia + Oceania,India,0,1,1,200,en-us,False,2026-08-11T11:42:11+00:00,3.927,1,1,14,1,0,0,1,1,1,2,1,1,10,1,1,2027-02-20,1,1,1,1,9,1,1,1,1,1,1,0,1,1,1,1,1,1,1,1,1,1,1,1,1,1,0,1,0,1,1,1,9.74,1,0,0,0,0,1,90,1,5,1,1,1,1,82.6,1,0,0,0.0,3,3,-0.9457718015379802,0.1226415094339622,5,1.791759469228055,1,12,0.66,0,0,0,0.9333333333333332,0.8,0.3333333333333333,1.0,0.6,0.875,0.25
5309,Lovely Professional University,https://www.lpu.in,M5,South & Central Asia + Oceania,India,0,1,0,200,en,False,2026-08-11T11:42:17+00:00,2.885,1,1,3,1,1,0,0,1,1,1,1,1,7,0,0,,1,1,1,1,0,1,0,0,1,0,1,0,1,1,1,1,1,1,1,1,1,1,1,1,1,1,1,1,0,1,1,1,20.62,1,1,0,0,0,1,90,1,0,1,1,1,1,91.4,1,0,0,3650.0,0,1,-1.1162071588444142,0.0471698113207547,0,0.0,0,12,0.6,1,0,0,1.0,0.8,0.3333333333333333,1.0,0.8,0.5,0.25
5310,Chandigarh University,https://www.cuchd.in,M5,South & Central Asia + Oceania,India,0,1,0,200,en,False,2026-08-11T11:42:28+00:00,9.831,1,1,8,1,0,0,1,1,1,2,1,1,10,0,0,,1,1,1,1,0,1,1,0,1,0,1,0,1,1,1,1,1,1,1,1,0,1,1,1,0,0,1,1,0,1,1,1,15.43,1,1,0,0,1,0,100,1,0,1,1,1,1,86.8,1,0,0,3650.0,0,1,0.0199195127971317,0.5943396226415094,0,0.0,0,13,1.0,1,0,0,0.8,0.8,0.3333333333333333,1.0,0.6,0.625,0.25
5311,Symbiosis International University,https://www.siu.edu.in,M5,South & Central Asia + Oceania,India,0,1,1,200,en,False,2026-08-11T11:42:40+00:00,9.332,1,1,7,1,0,0,0,0,1,1,1,1,10,1,1,2026-11-01,1,1,1,1,13,1,1,1,0,1,1,0,1,1,1,1,1,1,1,1,1,1,1,1,1,1,0,0,1,1,1,1,15.95,1,1,1,0,0,1,100,1,1,0,1,1,1,98.1,1,0,0,0.0,3,3,-0.0616997226116114,0.5188679245283019,1,0.6931471805599453,1,13,1.0,0,0,0,0.9333333333333332,0.8,0.3333333333333333,1.0,0.6,0.75,0.5
5312,Sharda University,https://www.sharda.ac.in,M5,South & Central Asia + Oceania,India,0,1,0,200,en,False,2026-08-11T11:42:48+00:00,6.724,1,1,8,0,0,0,0,1,1,1,1,1,10,1,1,2026-08-07,1,1,1,1,3,1,1,0,1,0,1,0,1,1,1,1,1,1,1,1,1,1,1,1,1,1,1,1,0,1,1,1,11.29,1,1,0,0,1,1,75,1,2,1,1,1,1,82.1,1,0,0,4.0,3,2,-0.4882788126837613,0.3349056603773584,2,1.0986122886681098,1,9,1.0,0,0,0,1.0,0.8,0.3333333333333333,1.0,0.4,0.625,0.5
5313,MNIT Jaipur,https://www.mnit.ac.in,M5,South & Central Asia + Oceania,India,0,1,1,200,en,False,2026-08-11T11:42:56+00:00,5.415,1,1,10,0,0,0,0,1,1,1,1,0,1,1,1,2026-11-04,1,0,1,1,0,1,0,1,1,1,1,0,1,1,1,1,1,1,1,1,0,1,1,1,1,0,0,1,0,1,1,1,21.0,1,0,1,0,1,0,75,1,0,1,1,1,0,94.9,1,1,0,0.0,3,1,-0.7023861857299438,0.2641509433962264,0,0.0,0,9,0.9266666666666666,0,0,0,0.8,0.8,0.6666666666666666,0.6666666666666666,0.4,0.75,0.5
5314,MNNIT Allahabad,https://www.mnnit.ac.in,M5,South & Central Asia + Oceania,India,0,1,0,200,en-gb,False,2026-08-11T11:43:08+00:00,9.958,1,0,0,1,0,0,0,0,0,0,1,0,0,1,1,2026-08-08,1,0,1,1,0,0,0,1,0,0,1,0,1,1,1,1,1,1,0,1,1,1,1,1,1,0,0,0,0,1,0,0,11.29,1,0,0,0,0,0,75,1,0,1,1,1,1,29.8,0,0,0,3.0,3,1,0.0406923442538661,0.6179245283018868,0,0.0,0,9,0.0,0,0,0,0.8,0.2,0.0,1.0,0.4,0.375,0.0
5316,Alagappa University,https://www.alagappauniversity.ac.in,M5,South & Central Asia + Oceania,India,0,1,1,200,en,False,2026-08-11T11:43:19+00:00,6.993,1,1,14,1,0,0,0,1,1,1,1,1,10,1,1,2026-08-13,1,1,1,1,8,0,0,1,1,0,1,0,1,1,1,1,1,1,1,1,1,1,1,1,1,1,0,0,0,1,0,1,20.14,1,1,1,0,0,0,75,1,0,1,1,1,0,44.2,1,1,0,0.0,3,3,-0.4442796657399697,0.3632075471698113,0,0.0,0,9,0.66,0,0,0,0.9333333333333332,0.4,0.6666666666666666,0.6666666666666666,0.6,0.5,0.25
5317,Jamia Hamdard,https://www.jamiahamdard.edu,M5,South & Central Asia + Oceania,India,0,1,0,200,en,False,2026-08-11T11:43:59+00:00,36.758,1,1,3,0,0,0,0,0,1,1,0,0,0,1,0,,1,0,1,1,1,0,0,0,0,0,1,0,1,1,0,0,1,1,1,0,1,1,0,1,0,0,0,0,1,1,1,0,12.63,1,1,0,0,0,0,75,1,5,1,0,0,0,7.7,1,0,0,3650.0,1,2,4.424250478430865,1.0,5,1.791759469228055,1,9,0.6,1,0,0,0.5333333333333333,0.6,0.3333333333333333,0.0,0.4,0.25,0.0
5318,FAST National University Pakistan,https://www.nu.edu.pk,M5,South & Central Asia + Oceania,Pakistan,0,1,0,200,,False,2026-08-11T12:36:45+00:00,9.603,1,1,13,1,0,0,0,1,1,1,1,0,0,1,1,2026-03-30,1,1,1,1,0,0,0,0,1,1,1,1,1,1,1,1,1,1,1,1,1,1,1,1,0,1,1,1,0,1,1,1,21.0,1,1,0,0,1,0,75,1,7,1,0,1,0,20.6,0,0,0,134.0,2,1,-0.017373444463777,0.5471698113207547,7,2.079441541679836,1,9,0.72,0,0,0,0.9333333333333332,0.8,0.0,0.3333333333333333,0.6,0.625,0.25
5319,Institute of Business Administration Karachi,https://www.iba.edu.pk,M5,South & Central Asia + Oceania,Pakistan,0,1,0,200,,False,2026-08-11T11:44:44+00:00,5.223,1,1,5,1,0,0,0,0,1,1,1,1,6,0,1,2026-07-28,1,1,1,1,6,1,1,0,0,1,1,0,1,1,1,1,1,1,1,1,1,1,1,1,0,0,1,0,0,1,1,0,5.74,1,0,0,0,1,0,75,1,0,1,1,0,0,88.9,1,0,0,14.0,3,2,-0.7337907813180775,0.2216981132075471,0,0.0,0,9,1.0,0,0,0,0.8666666666666667,0.4,0.3333333333333333,0.3333333333333333,0.6,0.625,0.25
5321,University of Gujrat,https://www.uog.edu.pk,M5,South & Central Asia + Oceania,Pakistan,0,1,0,200,,True,2026-08-11T11:45:07+00:00,8.227,1,1,7,0,0,0,0,0,0,0,0,0,0,1,0,,1,1,1,1,0,0,0,0,0,0,1,0,1,1,1,1,1,1,1,1,1,1,1,1,1,0,0,0,0,1,1,0,12.63,1,1,0,0,0,0,75,1,0,1,0,1,1,100.0,0,0,0,3650.0,1,1,-0.2424397128454019,0.4292452830188679,0,0.0,0,9,1.0,1,0,0,0.8666666666666667,0.4,0.0,0.6666666666666666,0.4,0.25,0.0
5322,Comilla University,https://www.cou.ac.bd,M5,South & Central Asia + Oceania,Bangladesh,0,1,0,200,en,False,2026-08-11T11:45:12+00:00,2.984,1,1,6,0,0,0,0,0,1,1,1,0,0,1,0,,1,1,1,1,5,1,1,1,0,0,1,0,1,1,1,1,1,1,1,1,1,1,0,1,1,0,0,0,0,1,1,0,15.43,1,1,0,0,0,0,75,1,2,1,0,1,0,50.0,1,0,0,3650.0,1,3,-1.1000141642442829,0.0613207547169811,2,1.0986122886681098,1,9,1.0,1,0,0,0.8,0.4,0.3333333333333333,0.3333333333333333,0.4,0.625,0.0
5323,University of Barisal,https://www.bu.ac.bd,M5,South & Central Asia + Oceania,Bangladesh,0,1,0,200,en,False,2026-08-11T11:45:18+00:00,3.474,1,1,11,0,0,0,0,0,0,0,0,1,10,1,1,2026-08-11,1,1,1,0,20,1,1,0,1,0,1,0,1,1,1,1,1,1,1,1,0,1,0,1,1,0,0,1,1,1,1,1,15.43,1,1,0,0,0,0,75,1,2,1,1,1,1,95.2,1,0,0,0.0,3,1,-1.0198670192537331,0.0990566037735849,2,1.0986122886681098,1,9,0.8533333333333334,0,0,0,0.7333333333333333,1.0,0.3333333333333333,1.0,0.4,0.5,0.0
5324,Bangladesh University of Textiles,https://www.butex.edu.bd,M5,South & Central Asia + Oceania,Bangladesh,0,1,0,200,en-us,False,2026-08-11T11:45:23+00:00,2.65,1,1,9,1,0,0,0,0,0,0,0,0,0,1,1,2026-07-20,1,0,1,0,0,0,0,1,0,0,1,0,1,1,1,1,1,1,1,1,1,1,1,1,1,0,0,0,0,0,1,0,3.98,1,0,0,0,0,0,90,1,0,1,0,1,1,18.2,1,0,0,22.0,3,0,-1.1546450753194737,0.0377358490566037,0,0.0,0,12,1.0,0,0,0,0.8666666666666667,0.2,0.3333333333333333,0.6666666666666666,0.6,0.25,0.0
5325,Patuakhali Science and Technology University,https://www.pstu.ac.bd,M5,South & Central Asia + Oceania,Bangladesh,0,1,0,200,en,False,2026-08-11T11:45:27+00:00,2.953,1,1,11,1,0,0,0,0,0,0,0,1,10,1,1,2026-08-03,1,1,1,1,6,0,0,0,0,0,1,0,1,1,1,1,1,1,1,1,0,1,0,1,1,0,0,1,0,1,1,1,21.0,1,1,0,0,0,0,75,1,0,1,1,1,1,45.5,1,0,0,8.0,3,2,-1.1050846979069502,0.0566037735849056,0,0.0,0,9,0.8533333333333334,0,0,0,0.7333333333333333,0.8,0.3333333333333333,1.0,0.6,0.25,0.0
5326,Rajarata University of Sri Lanka,https://www.rjt.ac.lk,M5,South & Central Asia + Oceania,Sri Lanka,0,0,0,200,en-us,False,2026-08-11T11:45:36+00:00,7.382,1,1,7,1,0,0,0,0,1,1,1,1,6,1,1,2026-08-11,1,0,0,1,1,1,1,0,1,1,1,0,1,1,1,1,1,1,0,1,1,1,0,1,0,0,0,1,1,1,1,1,12.63,1,1,0,0,0,0,90,1,0,1,1,1,1,82.9,1,0,0,0.0,3,2,-0.3806526465535947,0.3962264150943396,0,0.0,0,12,1.0,0,0,0,0.6666666666666666,1.0,0.3333333333333333,1.0,0.6,0.75,0.0
5327,Sabaragamuwa University of Sri Lanka,https://www.sab.ac.lk,M5,South & Central Asia + Oceania,Sri Lanka,0,0,1,200,en,False,2026-08-11T11:45:44+00:00,5.738,1,1,7,0,0,0,0,1,1,1,1,1,2,1,1,2026-08-20,1,0,0,1,18,1,0,1,1,0,1,0,1,1,1,1,1,1,1,1,1,0,0,1,1,0,0,1,0,1,1,1,4.06,1,1,0,0,0,0,75,1,1,1,1,1,1,90.5,1,0,0,0.0,3,3,-0.6495544962769896,0.2924528301886792,1,0.6931471805599453,1,9,1.0,0,0,0,0.7333333333333333,0.8,0.3333333333333333,1.0,0.4,0.625,0.0
5328,Uva Wellassa University,https://www.uwu.ac.lk,M5,South & Central Asia + Oceania,Sri Lanka,0,0,0,200,en-us,False,2026-08-11T11:46:05+00:00,18.88,1,0,0,0,0,1,0,0,0,0,0,0,0,1,0,,1,1,1,1,4,1,0,0,1,1,1,1,1,1,1,1,1,1,1,1,1,1,1,1,1,1,0,0,0,1,1,1,21.0,1,1,0,0,0,1,75,1,0,0,0,1,1,45.6,1,0,0,3650.0,1,2,1.5000246454899548,0.929245283018868,0,0.0,0,9,0.0,1,0,0,0.9333333333333332,0.6,0.3333333333333333,0.6666666666666666,0.4,0.75,0.25
5329,Kabul University,https://www.ku.edu.af,M5,South & Central Asia + Oceania,Central Asia,1,0,0,200,en,True,2026-08-11T11:46:30+00:00,12.383,1,1,2,1,0,0,0,0,0,0,1,0,0,1,1,2026-08-11,1,0,0,1,0,1,1,0,0,0,1,1,1,1,1,1,1,1,0,0,1,0,1,0,0,0,0,0,0,1,1,0,11.37,1,1,0,0,0,0,75,1,2,1,0,1,1,43.3,1,0,0,0.0,3,1,0.4373389291560757,0.8066037735849056,2,1.0986122886681098,1,9,0.35,0,0,0,0.5333333333333333,0.4,0.3333333333333333,0.6666666666666666,0.6,0.625,0.0
5330,Royal University of Bhutan,https://www.rub.edu.bt,M5,South & Central Asia + Oceania,Central Asia,1,0,0,200,en-us,False,2026-08-11T11:46:41+00:00,9.269,1,1,7,1,0,0,0,0,0,0,1,1,3,1,1,2026-08-10,1,0,1,0,1,1,0,0,0,0,1,0,1,1,1,1,1,1,1,0,0,0,1,1,0,1,0,1,0,1,1,1,12.63,1,1,1,0,0,0,90,1,0,1,0,1,1,11.1,1,0,0,1.0,3,1,-0.0720043555389679,0.5094339622641509,0,0.0,0,12,1.0,0,0,0,0.6666666666666666,0.8,0.3333333333333333,0.6666666666666666,0.6,0.25,0.25
5331,Maldives National University,https://www.mnu.edu.mv,M5,South & Central Asia + Oceania,Central Asia,1,0,0,200,en-us,False,2026-08-11T11:47:08+00:00,24.373,1,0,0,1,0,0,0,0,1,1,1,0,1,1,1,2026-08-11,1,1,1,1,0,0,0,1,1,0,1,0,1,1,1,1,1,1,1,1,1,1,1,1,0,0,1,1,0,1,1,1,7.19,1,1,1,0,0,0,75,1,1,1,0,1,1,0.0,1,0,0,0.0,3,1,2.3984904973942185,0.9669811320754716,1,0.6931471805599453,1,9,0.0,0,0,0,0.8666666666666667,0.8,0.3333333333333333,0.6666666666666666,0.4,0.5,0.25
5332,Tajik National University,https://www.tnu.tj,M5,South & Central Asia + Oceania,Central Asia,1,0,0,200,en-gb,True,2026-08-11T11:47:44+00:00,24.199,1,1,9,1,1,0,0,0,0,0,0,1,10,1,1,2026-05-05,1,0,1,0,14,0,0,1,0,0,1,0,1,1,1,1,1,1,1,1,1,0,0,1,0,0,0,0,0,0,1,0,21.0,1,0,0,0,0,0,75,1,15,1,0,1,1,14.3,1,0,0,98.0,2,1,2.3700300826424723,0.9622641509433962,10,2.3978952727983707,1,9,1.0,0,0,0,0.6666666666666666,0.2,0.3333333333333333,0.6666666666666666,0.8,0.25,0.0
5400,Indian Institute of Technology Dharwad,https://www.iitdh.ac.in,M5,South & Central Asia + Oceania,India,0,1,1,200,en,False,2026-08-11T12:53:45+00:00,10.54,1,1,12,1,1,0,0,1,1,1,1,1,10,1,1,2026-12-19,1,1,1,1,20,1,1,1,1,1,1,0,1,1,1,1,1,1,1,1,1,1,0,1,1,0,0,0,0,0,1,0,18.88,1,0,0,0,1,0,75,1,0,1,0,1,1,5.4,1,0,0,0.0,3,3,0.1358875246303963,0.6886792452830188,0,0.0,0,9,0.78,0,0,0,0.8,0.2,0.3333333333333333,0.6666666666666666,0.8,0.875,0.25
5401,Indian Institute of Technology Bhilai,https://www.iitbhilai.ac.in,M5,South & Central Asia + Oceania,India,0,1,1,200,en-us,False,2026-08-11T12:54:07+00:00,19.702,1,1,9,1,1,0,0,0,0,0,1,1,2,1,1,2026-11-19,1,1,1,1,1,1,1,1,0,0,1,0,1,1,1,1,1,1,1,0,0,1,0,1,1,0,0,0,1,1,1,0,12.63,1,0,0,0,0,1,20,1,0,0,1,1,0,81.5,1,0,0,0.0,3,3,1.6344755703516527,0.9386792452830188,0,0.0,0,2,1.0,0,0,0,0.6666666666666666,0.6,0.3333333333333333,0.6666666666666666,0.8,0.625,0.25
5402,Indian Institute of Technology Goa,https://www.iitgoa.ac.in,M5,South & Central Asia + Oceania,India,0,1,0,200,en-us,False,2026-08-11T12:54:43+00:00,34.243,1,1,4,1,0,0,0,0,0,0,1,0,0,1,1,2026-07-20,1,1,1,1,0,0,0,1,1,1,1,0,1,1,1,1,1,1,1,1,1,1,0,1,1,1,0,0,0,1,1,1,12.63,1,1,0,0,0,1,90,1,1,0,0,1,1,95.2,1,0,0,22.0,3,1,4.012882989346718,0.9952830188679244,1,0.6931471805599453,1,12,0.85,0,0,0,0.8666666666666667,0.6,0.3333333333333333,0.6666666666666666,0.6,0.625,0.25
5404,Indian Institute of Technology Tirupati,https://www.iittp.ac.in,M5,South & Central Asia + Oceania,India,0,1,0,200,en,False,2026-08-11T12:55:25+00:00,4.129,1,1,10,0,0,0,0,0,1,1,1,1,6,1,1,2026-05-02,1,1,1,1,20,1,1,1,1,0,1,0,1,1,1,1,1,1,1,1,1,1,1,1,1,1,0,1,0,1,1,1,18.24,1,1,0,0,0,0,75,1,0,1,1,1,1,100.0,1,0,0,101.0,2,3,-0.9127315499296312,0.1415094339622641,0,0.0,0,9,0.9266666666666666,0,0,0,0.9333333333333332,0.8,0.3333333333333333,1.0,0.4,0.75,0.0
5405,Indian Institute of Technology Palakkad,https://www.iitpkd.ac.in,M5,South & Central Asia + Oceania,India,0,1,0,200,en,False,2026-08-11T12:55:31+00:00,5.122,1,1,10,0,1,0,0,0,0,0,1,1,7,0,1,2026-08-11,1,1,1,1,7,1,1,0,0,0,1,0,1,1,1,1,1,1,1,1,0,1,0,1,1,1,0,0,0,1,1,0,7.39,1,0,0,0,0,0,75,1,0,0,0,0,1,7.1,1,0,0,0.0,3,2,-0.750310907122252,0.2122641509433962,0,0.0,0,9,0.9266666666666666,0,0,0,0.8,0.4,0.3333333333333333,0.3333333333333333,0.6,0.5,0.0
5406,NIT Agartala,https://www.nita.ac.in,M5,South & Central Asia + Oceania,India,0,1,1,200,en,False,2026-08-11T12:55:44+00:00,10.321,1,1,10,0,0,0,0,0,0,0,1,1,10,1,1,2027-02-19,1,1,1,1,6,1,1,1,0,0,1,0,1,1,1,1,1,1,1,1,0,1,1,1,1,1,0,0,0,1,1,1,15.43,1,0,0,0,0,0,75,1,0,1,1,1,0,96.7,1,1,0,0.0,3,3,0.1000666577876813,0.6509433962264151,0,0.0,0,9,0.9266666666666666,0,0,0,0.8666666666666667,0.6,0.6666666666666666,0.6666666666666666,0.4,0.625,0.0
5407,NIT Hamirpur,https://www.nith.ac.in,M5,South & Central Asia + Oceania,India,0,1,1,200,en,False,2026-08-11T12:55:59+00:00,13.174,1,0,0,1,1,0,0,1,1,0,1,1,5,1,1,2026-10-29,1,1,1,1,15,1,1,0,0,0,1,0,1,1,1,1,1,1,1,0,0,1,1,1,1,1,0,0,0,1,1,0,5.83,1,1,0,0,1,0,75,1,0,1,1,1,1,74.5,1,0,0,0.0,3,2,0.5667193203551059,0.839622641509434,0,0.0,0,9,0.0,0,0,0,0.8,0.4,0.3333333333333333,1.0,0.6,0.5,0.25
5408,NIT Jalandhar,https://www.nitj.ac.in,M5,South & Central Asia + Oceania,India,0,1,0,200,en,False,2026-08-11T12:56:13+00:00,10.112,1,0,0,1,0,0,0,1,1,1,1,1,4,1,1,2026-05-25,1,0,1,1,0,1,1,0,1,0,1,0,1,1,1,1,1,1,1,1,1,1,1,1,1,1,0,0,0,1,1,0,20.19,1,1,1,0,1,0,75,1,5,1,0,1,1,14.9,1,0,0,78.0,3,1,0.0658814469651817,0.6320754716981132,5,1.791759469228055,1,9,0.0,0,0,0,0.9333333333333332,0.4,0.3333333333333333,0.6666666666666666,0.4,0.625,0.5
5409,NIT Raipur,https://www.nitrr.ac.in,M5,South & Central Asia + Oceania,India,0,1,0,200,,False,2026-08-11T12:56:23+00:00,5.386,1,1,10,0,0,0,0,0,0,0,1,0,0,1,0,,1,1,1,1,0,1,1,1,1,1,1,0,1,1,1,1,1,1,1,1,0,1,1,1,0,0,1,1,0,1,1,1,12.63,1,1,0,0,0,0,75,1,2,1,0,1,0,30.8,0,0,0,3650.0,1,1,-0.7071295881885682,0.2452830188679245,2,1.0986122886681098,1,9,0.9266666666666666,1,0,0,0.8,0.8,0.0,0.3333333333333333,0.4,0.875,0.0
5410,NIT Srinagar,https://www.nitsri.ac.in,M5,South & Central Asia + Oceania,India,0,1,0,200,,False,2026-08-11T12:56:28+00:00,3.305,1,0,0,1,0,0,0,1,1,1,1,0,1,1,0,,1,1,1,1,6,0,0,0,0,0,1,1,1,1,1,1,1,1,0,1,1,1,1,1,0,0,0,1,0,1,1,1,5.33,1,1,0,0,0,0,75,1,1,1,1,1,1,0.0,0,0,0,3650.0,1,2,-1.0475096059953717,0.080188679245283,1,0.6931471805599453,1,9,0.0,1,0,0,0.7333333333333333,0.8,0.0,1.0,0.4,0.375,0.0
5411,IIIT Allahabad,https://www.iiita.ac.in,M5,South & Central Asia + Oceania,India,0,1,0,200,en,False,2026-08-11T12:56:40+00:00,9.652,1,0,0,0,0,0,0,1,0,0,1,0,0,1,1,2026-08-11,1,1,1,1,8,1,1,0,0,0,1,0,1,1,1,1,1,1,1,1,0,1,1,1,0,0,0,0,1,0,1,0,12.63,1,0,0,1,0,0,75,1,1,0,0,1,1,0.0,1,0,0,0.0,3,2,-0.0093587299647221,0.5660377358490566,1,0.6931471805599453,1,9,0.0,0,0,0,0.7333333333333333,0.4,0.3333333333333333,0.6666666666666666,0.2,0.5,0.25
5412,IIIT Gwalior,https://www.iiitm.ac.in,M5,South & Central Asia + Oceania,India,0,1,1,200,en,False,2026-08-11T12:56:51+00:00,9.368,1,1,9,1,0,0,0,1,0,0,0,1,10,1,1,2026-12-19,1,1,1,1,1,1,1,1,1,1,1,0,1,1,1,1,1,1,1,1,0,1,0,1,0,1,0,1,1,1,1,1,15.43,1,1,0,0,1,0,75,1,0,0,0,1,1,100.0,1,0,0,0.0,3,3,-0.0558113609388364,0.5235849056603774,0,0.0,0,9,1.0,0,0,0,0.7333333333333333,1.0,0.3333333333333333,0.6666666666666666,0.6,0.875,0.25
5413,Central University of Rajasthan,https://www.curaj.ac.in,M5,South & Central Asia + Oceania,India,0,1,1,200,en,False,2026-08-11T12:56:59+00:00,5.934,1,1,10,1,0,0,1,1,1,1,1,0,1,0,1,2026-08-12,1,1,1,1,7,1,1,1,0,0,1,0,1,1,1,1,1,1,0,1,0,1,0,1,1,0,0,0,0,1,1,0,19.26,1,1,1,0,1,0,75,1,0,0,1,1,1,44.4,1,1,0,0.0,3,3,-0.6174956382807698,0.3018867924528302,0,0.0,0,9,0.9266666666666666,0,0,0,0.6666666666666666,0.4,0.6666666666666666,1.0,0.6,0.625,0.5
5414,Central University of Kerala,https://www.cukerala.ac.in,M5,South & Central Asia + Oceania,India,0,1,0,200,,False,2026-08-11T12:57:11+00:00,9.154,1,1,11,0,0,0,0,0,0,0,1,1,9,1,1,2026-08-11,1,1,1,1,1,1,1,1,0,1,1,1,1,1,1,1,1,1,1,1,1,1,1,1,1,1,0,1,1,1,1,1,15.43,1,1,0,0,0,0,75,1,1,1,1,1,1,59.2,1,1,0,0.0,3,3,-0.0908143997714438,0.4952830188679245,1,0.6931471805599453,1,9,0.8533333333333334,0,0,0,0.9333333333333332,1.0,0.6666666666666666,1.0,0.4,0.875,0.0
5416,Central University of Karnataka,https://www.cuk.ac.in,M5,South & Central Asia + Oceania,India,0,1,0,200,en,False,2026-08-11T12:57:54+00:00,7.573,1,1,13,0,1,0,0,0,0,0,0,0,0,1,1,2026-08-11,1,0,1,0,20,1,1,1,0,0,1,1,1,1,1,1,1,1,1,1,0,1,0,1,1,1,0,1,0,1,0,1,15.43,1,1,0,0,1,0,75,1,0,1,0,1,0,36.6,1,0,0,0.0,3,1,-0.3494116165674824,0.410377358490566,0,0.0,0,9,0.72,0,0,0,0.8,0.6,0.3333333333333333,0.3333333333333333,0.6,0.625,0.25
5417,Central University of Tamil Nadu,https://www.cutn.ac.in,M5,South & Central Asia + Oceania,India,0,1,0,200,en-us,False,2026-08-11T12:58:19+00:00,22.452,1,1,4,0,0,0,0,1,0,0,1,1,10,1,1,2026-08-07,1,1,1,1,20,1,1,1,0,1,1,0,1,1,1,1,1,1,1,1,1,1,1,1,1,0,0,0,0,1,1,0,13.77,1,1,0,0,0,0,75,1,0,0,0,1,1,97.7,1,1,0,4.0,3,3,2.08428097591086,0.9481132075471698,0,0.0,0,9,0.85,0,0,0,0.8666666666666667,0.4,0.6666666666666666,0.6666666666666666,0.4,0.75,0.0
5418,Central University of Haryana,https://www.cuh.ac.in,M5,South & Central Asia + Oceania,India,0,1,0,200,en-us,True,2026-08-11T12:58:34+00:00,7.34,1,1,20,1,0,0,0,0,0,0,0,0,0,0,0,,1,1,1,1,0,0,0,0,0,0,1,0,1,1,0,0,1,0,0,0,0,0,1,1,0,0,0,0,0,1,1,0,21.0,1,0,0,0,1,0,75,1,0,1,1,1,1,100.0,1,0,0,3650.0,0,1,-0.3875224018384989,0.3915094339622642,0,0.0,0,9,0.45,1,0,0,0.3333333333333333,0.4,0.3333333333333333,1.0,0.6,0.25,0.25
5419,Gauhati University,https://www.gauhati.ac.in,M5,South & Central Asia + Oceania,India,0,1,1,200,en-us,False,2026-08-11T12:58:38+00:00,1.981,1,1,7,1,0,0,0,1,1,1,1,1,10,1,1,2026-11-27,1,1,1,1,11,1,0,1,0,0,1,0,1,1,1,1,1,1,1,1,1,1,1,1,0,0,1,0,1,1,1,1,16.81,1,1,0,0,0,0,90,1,0,1,1,1,1,58.5,1,1,0,0.0,3,3,-1.264070463071877,0.0141509433962264,0,0.0,0,12,1.0,0,0,0,0.8666666666666667,0.8,0.6666666666666666,1.0,0.6,0.5,0.0
5420,Dibrugarh University,https://www.dibru.ac.in,M5,South & Central Asia + Oceania,India,0,1,0,200,en,False,2026-08-11T12:58:49+00:00,8.837,1,1,9,0,0,0,0,0,0,0,1,1,10,1,1,2024-07-30,1,1,1,1,0,0,0,0,0,0,1,0,1,1,1,1,1,1,1,1,1,1,1,1,1,0,1,1,1,1,1,1,21.0,1,0,0,0,0,0,75,1,0,1,1,1,1,100.0,1,1,0,742.0,2,1,-0.1426646956122688,0.4669811320754717,0,0.0,0,9,1.0,0,0,0,0.9333333333333332,1.0,0.6666666666666666,1.0,0.4,0.25,0.0
5423,University of Burdwan,https://www.buruniv.ac.in,M5,South & Central Asia + Oceania,India,0,1,1,200,en,False,2026-08-11T12:59:34+00:00,4.792,1,1,11,0,0,1,0,1,1,1,1,0,0,1,1,2026-08-13,1,1,1,0,0,1,1,1,1,0,1,0,1,1,1,1,1,1,1,1,1,1,1,1,0,0,0,0,0,1,1,1,15.43,1,0,0,0,0,0,75,1,0,1,0,1,0,2.9,1,0,0,0.0,3,0,-0.804287555789357,0.1886792452830188,0,0.0,0,9,0.8533333333333334,0,0,0,0.8,0.6,0.3333333333333333,0.3333333333333333,0.6,0.625,0.0
5424,Vidyasagar University,https://www.vidyasagar.ac.in,M5,South & Central Asia + Oceania,India,0,1,1,200,en,False,2026-08-11T12:59:42+00:00,4.697,1,1,9,0,0,0,0,1,1,1,1,1,8,1,1,2026-08-13,1,1,1,1,11,1,0,1,1,1,1,0,1,1,1,1,1,1,1,1,1,1,0,1,1,1,0,1,1,1,1,1,12.0,1,1,0,0,0,1,75,1,0,1,1,1,0,96.1,1,1,0,0.0,3,3,-0.8198262879814022,0.1745283018867924,0,0.0,0,9,1.0,0,0,0,0.8666666666666667,1.0,0.6666666666666666,0.6666666666666666,0.4,0.75,0.25
5426,Tribhuvan Institute of Engineering,https://www.ioe.edu.np,M5,South & Central Asia + Oceania,Nepal,0,0,0,200,en,False,2026-08-11T12:59:57+00:00,4.049,1,1,11,1,0,0,0,1,0,0,0,0,0,1,1,2026-07-31,1,1,1,1,0,1,0,0,1,0,1,0,1,1,1,1,1,1,1,0,1,0,0,1,1,1,0,1,0,1,1,0,15.43,1,1,0,0,0,0,75,1,0,1,0,1,1,0.0,1,0,0,11.0,3,1,-0.9258167980913534,0.1367924528301886,0,0.0,0,9,0.8533333333333334,0,0,0,0.7333333333333333,0.6,0.3333333333333333,0.6666666666666666,0.6,0.5,0.0
6001,University of Sao Paulo,https://www5.usp.br,M6,Latin America & Africa,Brazil,0,1,0,200,en-us,True,2026-08-11T10:30:09+00:00,17.149,1,1,4,1,0,0,0,0,0,0,0,0,0,0,1,2026-08-07,0,0,0,0,1,0,0,1,0,0,1,0,0,0,0,0,0,0,0,0,0,0,0,0,0,0,0,1,0,0,0,0,18.96,1,1,0,0,0,0,90,1,3,1,0,1,1,0.0,1,0,0,4.0,3,1,0.3721939847316457,0.7391304347826086,3,1.3862943611198906,1,12,0.85,0,0,0,0.0,0.2,0.3333333333333333,0.6666666666666666,0.6,0.25,0.0
6002,University of Campinas,https://www.unicamp.br,M6,Latin America & Africa,Brazil,0,1,0,200,en,True,2026-08-11T10:30:29+00:00,8.179,1,1,2,1,0,0,0,0,0,0,1,1,10,0,1,2026-08-10,1,1,1,1,20,1,0,0,1,0,1,0,1,0,1,1,1,1,0,1,0,0,0,0,0,0,0,1,0,1,1,1,5.55,1,1,0,0,0,0,90,1,2,1,0,1,1,81.6,1,1,0,1.0,3,2,-0.8912451929283262,0.1497584541062802,2,1.0986122886681098,1,12,0.35,0,0,0,0.4,0.8,0.6666666666666666,0.6666666666666666,0.6,0.5,0.0
6003,Federal University of Rio de Janeiro,https://www.ufrj.br,M6,Latin America & Africa,Brazil,0,1,0,200,en-gb,True,2026-08-11T10:30:43+00:00,9.242,1,1,4,1,1,0,1,1,1,1,0,0,0,0,0,,0,1,0,0,0,0,0,0,0,0,1,0,0,1,1,0,1,1,0,0,0,0,0,1,0,0,0,1,0,1,0,0,19.89,1,1,0,0,0,0,75,1,0,1,0,1,1,85.7,1,0,0,3650.0,0,0,-0.7415199035356226,0.2222222222222222,0,0.0,0,9,0.85,1,0,0,0.3333333333333333,0.4,0.3333333333333333,0.6666666666666666,0.8,0.125,0.0
6004,Sao Paulo State University,https://www.unesp.br,M6,Latin America & Africa,Brazil,0,1,0,200,pt-br,False,2026-08-11T10:31:03+00:00,13.191,1,0,0,1,0,0,0,1,0,0,0,0,0,0,0,,1,0,0,0,0,0,0,0,0,1,1,0,0,0,0,0,0,0,0,0,0,0,0,1,1,0,0,0,0,0,1,0,12.63,1,1,0,0,0,0,75,1,0,1,0,1,1,60.8,1,0,0,3650.0,0,0,-0.185296791765363,0.5169082125603864,0,0.0,0,9,0.0,1,0,0,0.1333333333333333,0.2,0.3333333333333333,0.6666666666666666,0.4,0.25,0.0
6005,Federal University of Minas Gerais,https://www.ufmg.br,M6,Latin America & Africa,Brazil,0,1,0,200,pt-br,False,2026-08-11T10:31:17+00:00,11.206,1,1,6,1,0,0,0,1,0,0,0,1,10,0,1,,0,1,0,0,2,1,1,1,0,0,1,0,0,0,0,0,0,0,0,0,0,0,0,0,0,0,0,1,0,1,1,1,20.14,1,1,0,0,0,0,90,1,0,0,0,1,0,14.3,1,0,0,3650.0,1,1,-0.4648872898317003,0.3719806763285024,0,0.0,0,12,1.0,1,0,0,0.0,0.8,0.3333333333333333,0.3333333333333333,0.6,0.5,0.0
6006,Federal University of Rio Grande do Sul,https://www.ufrgs.br,M6,Latin America & Africa,Brazil,0,1,0,200,pt-br,False,2026-08-11T10:31:51+00:00,31.339,1,1,10,0,0,0,0,0,0,0,0,0,0,0,0,,1,1,0,0,20,1,1,0,0,1,1,0,0,0,0,0,0,0,0,0,0,0,0,1,1,0,0,1,0,0,1,0,11.37,1,1,0,0,0,0,90,1,1,1,1,1,1,28.6,1,0,0,3650.0,0,1,2.3708787039061154,0.966183574879227,1,0.6931471805599453,1,12,0.9266666666666666,1,0,0,0.1333333333333333,0.4,0.3333333333333333,1.0,0.4,0.5,0.0
6007,University of Brasilia,https://www.unb.br,M6,Latin America & Africa,Brazil,0,1,0,200,en-gb,True,2026-08-11T10:32:44+00:00,14.282,1,1,7,1,0,1,0,0,0,0,0,0,0,0,0,,0,0,0,0,0,1,0,0,0,0,1,0,1,0,1,0,1,1,0,0,0,0,0,0,0,0,0,1,0,1,0,1,11.66,1,1,0,0,0,0,75,1,1,1,0,1,0,83.3,1,0,0,3650.0,0,0,-0.0316276565561068,0.5917874396135265,1,0.6931471805599453,1,9,1.0,1,0,0,0.2666666666666666,0.6,0.3333333333333333,0.3333333333333333,0.8,0.25,0.0
6009,Federal University of Parana,https://www.ufpr.br,M6,Latin America & Africa,Brazil,0,1,0,200,pt-br,False,2026-08-11T10:33:17+00:00,22.068,1,1,7,1,0,0,0,0,0,0,0,0,0,0,0,,0,1,0,0,20,1,1,0,0,1,1,0,0,0,0,0,0,0,0,0,0,0,0,0,0,0,0,1,0,1,1,0,15.43,1,1,0,0,0,0,90,1,0,1,0,1,1,44.4,1,0,0,3650.0,0,1,1.065043183718201,0.8743961352657005,0,0.0,0,12,1.0,1,0,0,0.0,0.6,0.3333333333333333,0.6666666666666666,0.6,0.5,0.0
6011,Federal University of Ceara,https://www.ufc.br,M6,Latin America & Africa,Brazil,0,1,0,200,pt-br,False,2026-08-11T10:34:11+00:00,16.407,1,0,0,1,0,0,0,0,0,0,0,0,0,0,0,,0,1,0,0,0,0,0,0,0,1,1,0,0,0,0,0,0,0,0,0,0,0,0,0,0,0,0,0,0,1,1,0,2.02,1,0,1,0,0,0,75,1,0,1,1,1,1,95.2,1,0,0,3650.0,0,0,0.2676820705929946,0.7198067632850241,0,0.0,0,9,0.0,1,0,0,0.0,0.4,0.3333333333333333,1.0,0.4,0.25,0.25
6012,Federal University of Bahia,https://www.ufba.br,M6,Latin America & Africa,Brazil,0,1,0,200,pt-br,False,2026-08-11T10:34:27+00:00,12.418,1,1,7,1,0,0,0,0,0,0,0,0,0,0,1,2026-08-10,0,1,0,0,1,1,1,1,0,0,1,0,0,0,0,0,0,0,0,0,0,0,0,0,0,0,0,1,0,0,1,1,12.63,1,1,0,0,0,0,75,1,0,1,1,1,0,25.0,1,0,0,1.0,3,1,-0.2941751066294834,0.463768115942029,0,0.0,0,9,1.0,0,0,0,0.0,0.6,0.3333333333333333,0.6666666666666666,0.6,0.5,0.0
6013,Federal University of Sao Carlos,https://www.ufscar.br,M6,Latin America & Africa,Brazil,0,1,0,200,pt-br,False,2026-08-11T10:34:36+00:00,5.758,1,1,10,1,0,1,0,0,0,0,0,0,0,0,0,,0,0,0,0,1,0,0,0,0,1,1,0,0,0,0,0,0,0,0,0,0,0,0,0,0,0,0,0,0,1,1,0,8.45,1,1,0,0,0,0,75,1,5,0,0,1,1,84.6,1,0,0,3650.0,0,1,-1.2322470044238434,0.0434782608695652,5,1.791759469228055,1,9,0.9266666666666666,1,0,0,0.0,0.4,0.3333333333333333,0.6666666666666666,0.8,0.25,0.0
6014,Federal University of Vicosa,https://www.ufv.br,M6,Latin America & Africa,Brazil,0,1,0,200,pt-br,False,2026-08-11T10:34:51+00:00,12.955,1,1,7,1,0,0,0,0,0,0,0,0,0,0,1,2026-08-10,0,0,0,0,0,1,0,1,0,1,1,0,0,0,0,0,1,0,0,0,0,0,0,0,0,0,0,1,0,0,1,1,17.61,1,1,0,0,0,0,75,1,0,1,0,1,1,33.3,1,0,0,1.0,3,0,-0.2185377779334515,0.5024154589371981,0,0.0,0,9,1.0,0,0,0,0.0666666666666666,0.6,0.3333333333333333,0.6666666666666666,0.6,0.5,0.0
6015,Fluminense Federal University,https://www.uff.br,M6,Latin America & Africa,Brazil,0,1,0,200,pt-br,False,2026-08-11T10:35:15+00:00,20.567,1,1,8,1,0,0,0,0,1,1,0,1,5,0,0,,0,1,0,0,17,0,0,0,0,0,1,0,0,0,0,0,0,0,0,0,0,0,1,0,0,0,0,1,0,1,1,1,18.35,1,1,0,0,0,0,100,1,0,1,1,1,1,85.0,1,0,0,3650.0,0,1,0.8536248776237062,0.8357487922705314,0,0.0,0,13,1.0,1,0,0,0.0666666666666666,0.8,0.3333333333333333,1.0,0.6,0.125,0.0
6016,Pontifical Catholic University of Rio de Janeiro,https://www.puc-rio.br,M6,Latin America & Africa,Brazil,0,1,0,200,en,True,2026-08-11T10:35:41+00:00,13.645,1,0,0,1,0,0,0,1,0,0,0,0,0,0,0,,0,0,0,0,0,0,0,0,0,1,1,0,1,1,1,1,1,1,0,1,0,1,0,1,0,0,0,1,0,1,1,1,19.2,1,1,0,0,0,0,75,1,4,1,1,1,0,100.0,1,0,0,3650.0,0,0,-0.1213501488826845,0.5410628019323671,4,1.6094379124341005,1,9,0.0,1,0,0,0.6,0.8,0.3333333333333333,0.6666666666666666,0.4,0.25,0.0
6017,Federal University of Goias,https://www.ufg.br,M6,Latin America & Africa,Brazil,0,1,0,200,pt-br,False,2026-08-11T10:36:01+00:00,14.432,1,1,7,1,1,0,0,0,1,1,0,1,10,0,1,2026-08-07,0,1,0,0,7,1,1,1,0,1,1,0,0,0,0,0,0,0,0,0,0,0,0,0,0,0,0,1,0,1,1,1,21.0,1,1,0,0,0,0,75,1,0,1,1,1,0,66.9,1,0,0,4.0,3,1,-0.0104999111102878,0.6183574879227053,0,0.0,0,9,1.0,0,0,0,0.0,0.8,0.3333333333333333,0.6666666666666666,0.8,0.625,0.0
6018,Federal University of Paraiba,https://www.ufpb.br,M6,Latin America & Africa,Brazil,0,1,0,200,pt,True,2026-08-11T10:36:52+00:00,42.185,0,1,7,1,1,0,0,0,0,0,0,1,10,0,0,,0,1,0,0,5,1,1,0,0,0,1,0,0,0,0,0,0,0,0,0,0,0,0,0,0,0,0,1,0,1,1,1,21.0,1,0,0,0,0,0,90,1,0,1,0,1,0,30.0,1,0,0,3650.0,0,1,3.8985555512751295,1.0,0,0.0,0,12,1.0,1,0,0,0.0,0.8,0.3333333333333333,0.3333333333333333,0.6,0.375,0.0
6019,Federal University of Rio Grande do Norte,https://www.ufrn.br,M6,Latin America & Africa,Brazil,0,1,0,200,en,True,2026-08-11T10:37:20+00:00,17.861,1,1,7,0,0,0,0,0,0,0,0,0,0,0,0,,0,0,0,0,0,0,1,0,0,0,1,0,1,0,1,1,1,1,0,0,0,0,0,1,0,0,0,1,0,0,1,0,8.32,1,1,0,0,0,0,75,1,0,0,1,1,1,13.3,1,0,0,3650.0,0,0,0.4724803497811328,0.7584541062801933,0,0.0,0,9,1.0,1,0,0,0.4,0.4,0.3333333333333333,1.0,0.4,0.25,0.0
6021,Federal University of Espirito Santo,https://www.ufes.br,M6,Latin America & Africa,Brazil,0,1,0,200,,True,2026-08-11T10:37:42+00:00,7.519,1,1,7,1,1,1,0,1,0,0,0,0,0,0,0,,0,0,1,0,0,0,0,0,0,0,1,0,1,1,0,1,1,1,1,1,0,0,0,1,0,0,0,0,0,1,0,0,21.0,1,0,0,0,0,0,75,1,0,1,0,1,0,52.9,1,1,0,3650.0,0,0,-0.9842072728899294,0.1159420289855072,0,0.0,0,9,1.0,1,0,0,0.5333333333333333,0.2,0.6666666666666666,0.3333333333333333,1.0,0.125,0.0
6022,Federal University of Uberlandia,https://www.ufu.br,M6,Latin America & Africa,Brazil,0,1,1,200,pt-br,False,2026-08-11T10:37:59+00:00,12.121,1,1,10,0,0,1,0,1,0,0,0,0,0,0,1,2026-08-22,0,1,0,0,2,1,1,1,0,0,1,0,0,0,0,0,0,0,0,0,0,0,0,0,0,0,0,0,0,1,1,1,15.43,1,1,0,0,0,0,75,1,0,1,1,1,1,41.1,1,0,0,0.0,3,1,-0.3360080426122047,0.4396135265700483,0,0.0,0,9,0.9266666666666666,0,0,0,0.0,0.6,0.3333333333333333,1.0,0.6,0.5,0.0
6023,Federal University of Juiz de Fora,https://www.ufjf.br,M6,Latin America & Africa,Brazil,0,1,0,200,pt-br,False,2026-08-11T10:38:17+00:00,15.851,1,1,7,1,0,0,0,0,0,0,0,0,1,0,1,2026-08-07,0,0,0,0,0,0,0,1,0,0,1,0,0,1,0,0,0,0,0,0,0,0,1,0,0,0,0,0,0,1,1,0,6.93,1,0,0,0,1,0,75,1,0,1,1,1,1,45.5,1,0,0,4.0,3,0,0.1893685608071592,0.6859903381642513,0,0.0,0,9,1.0,0,0,0,0.1333333333333333,0.4,0.3333333333333333,1.0,0.6,0.25,0.25
6024,Rio de Janeiro State University,https://www.uerj.br,M6,Latin America & Africa,Brazil,0,1,1,200,pt-br,False,2026-08-11T10:38:55+00:00,34.51,1,1,6,1,0,0,0,0,0,0,0,0,0,0,1,2026-08-17,0,1,0,0,1,1,1,1,0,1,1,0,0,1,0,0,1,0,0,0,0,0,1,1,1,0,0,0,0,1,1,1,12.63,1,1,0,1,0,0,90,1,1,0,1,1,0,14.0,1,0,0,0.0,3,1,2.8175192426307274,0.9758454106280192,1,0.6931471805599453,1,12,1.0,0,0,0,0.3333333333333333,0.6,0.3333333333333333,0.6666666666666666,0.6,0.625,0.25
6025,State University of Maringa,https://www.uem.br,M6,Latin America & Africa,Brazil,0,1,0,200,en-gb,True,2026-08-11T10:39:23+00:00,15.898,1,0,0,1,1,0,0,1,0,0,1,0,0,0,0,,1,0,1,0,0,0,0,0,0,0,1,0,1,1,0,0,1,1,0,1,0,0,0,0,1,0,0,1,0,1,0,0,12.63,0,1,0,0,0,0,75,1,0,1,1,1,1,13.6,1,0,0,3650.0,0,0,0.1959885877135156,0.6956521739130435,0,0.0,0,9,0.0,1,0,0,0.4,0.4,0.3333333333333333,1.0,0.6,0.125,0.0
6026,State University of Londrina,https://www.uel.br,M6,Latin America & Africa,Brazil,0,1,1,200,pt-br,True,2026-08-11T10:39:49+00:00,12.891,1,0,0,1,1,1,0,0,0,0,0,1,10,0,1,2026-08-13,0,0,0,0,1,1,1,0,0,1,1,0,0,0,0,0,0,0,0,0,0,0,0,0,0,0,0,1,0,1,1,1,14.53,1,1,0,0,0,0,75,1,0,1,0,1,0,58.7,1,0,0,0.0,3,1,-0.2275522826570009,0.4879227053140096,0,0.0,0,9,0.0,0,0,0,0.0,0.8,0.3333333333333333,0.3333333333333333,0.8,0.5,0.0
6027,Federal University of Santa Maria,https://www.ufsm.br,M6,Latin America & Africa,Brazil,0,1,1,200,pt-br,True,2026-08-11T10:40:01+00:00,8.896,1,1,10,1,1,0,0,0,0,0,0,0,0,0,1,2026-08-22,0,1,0,0,3,1,1,1,0,1,1,0,0,0,0,0,0,1,0,0,0,0,0,1,1,0,0,0,0,0,1,0,17.04,1,1,0,0,0,0,90,1,0,0,1,1,1,77.1,1,1,0,0.0,3,1,-0.7902545696973116,0.2028985507246377,0,0.0,0,12,0.9266666666666666,0,0,0,0.2,0.2,0.6666666666666666,1.0,0.8,0.625,0.0
6028,Federal University of ABC,https://www.ufabc.edu.br,M6,Latin America & Africa,Brazil,0,1,0,200,pt-br,True,2026-08-11T10:40:43+00:00,16.643,1,1,8,0,0,0,0,1,0,0,1,0,0,0,0,,1,1,0,0,0,1,1,0,0,0,1,0,1,1,0,1,1,1,0,0,0,0,0,1,0,0,0,0,0,1,1,0,9.52,1,1,0,0,0,1,90,1,0,0,0,0,1,66.7,1,0,0,3650.0,0,0,0.3009230567610831,0.7246376811594203,0,0.0,0,12,1.0,1,0,0,0.4,0.4,0.3333333333333333,0.3333333333333333,0.4,0.375,0.25
6029,Federal University of Pelotas,https://www.ufpel.edu.br,M6,Latin America & Africa,Brazil,0,1,0,200,,True,2026-08-11T10:41:05+00:00,13.319,0,1,7,1,1,0,0,0,0,0,1,1,5,0,0,,1,0,0,0,6,1,1,0,0,0,1,0,1,0,1,1,1,1,0,0,1,0,0,0,0,0,0,0,0,1,1,0,18.1,1,0,0,0,0,0,20,1,2,1,0,1,0,12.5,0,0,0,3650.0,0,1,-0.1672677823182642,0.5217391304347826,2,1.0986122886681098,1,2,1.0,1,0,0,0.4,0.4,0.0,0.3333333333333333,0.6,0.375,0.0
6030,Mackenzie Presbyterian University,https://www.mackenzie.br,M6,Latin America & Africa,Brazil,0,1,0,200,en-us,True,2026-08-11T10:41:33+00:00,12.718,1,1,8,1,1,1,0,0,1,3,0,1,2,0,1,2026-05-26,1,1,1,0,0,0,0,0,1,0,1,0,1,1,0,1,1,1,0,1,0,1,1,1,1,1,1,0,0,1,1,1,12.63,1,1,1,0,0,1,75,1,0,1,0,1,1,16.7,1,0,0,77.0,3,0,-0.2519196157378455,0.4830917874396135,0,0.0,0,9,1.0,0,0,0,0.8,0.6,0.3333333333333333,0.6666666666666666,1.0,0.25,0.5
6031,Pontifical Catholic University of Rio Grande do Sul,https://www.pucrs.br,M6,Latin America & Africa,Brazil,0,1,0,200,en_us,True,2026-08-11T10:41:52+00:00,8.151,1,1,6,0,1,0,0,1,0,0,1,0,0,0,1,2025-11-19,1,0,0,1,0,0,0,1,1,0,1,0,1,1,0,0,1,1,1,1,0,1,0,1,0,0,0,1,0,1,1,1,5.74,1,1,0,0,0,0,90,1,25,1,1,1,1,25.0,1,0,0,265.0,2,1,-0.8951890387448791,0.1400966183574879,10,2.3978952727983707,1,12,1.0,0,0,0,0.5333333333333333,0.8,0.3333333333333333,1.0,0.6,0.5,0.0
6032,Federal University of Mato Grosso do Sul,https://www.ufms.br,M6,Latin America & Africa,Brazil,0,1,0,200,pt-br,True,2026-08-11T10:42:16+00:00,16.042,1,1,9,0,1,0,0,0,0,0,0,0,0,0,1,2026-08-10,0,1,0,0,20,1,1,1,0,0,1,1,0,0,0,0,0,0,0,0,0,0,0,1,1,0,0,1,0,0,0,0,4.76,1,1,0,0,0,0,90,1,0,1,1,1,1,86.0,1,0,0,1.0,3,1,0.2162712233415021,0.7053140096618358,0,0.0,0,12,1.0,0,0,0,0.1333333333333333,0.2,0.3333333333333333,1.0,0.6,0.625,0.0
6033,Getulio Vargas Foundation,https://www.fgv.br,M6,Latin America & Africa,Brazil,0,1,1,200,pt-br,False,2026-08-11T10:42:38+00:00,18.692,1,1,8,0,1,0,0,1,0,0,0,1,10,0,1,2026-08-19,1,0,0,0,8,1,1,1,1,0,1,0,1,0,0,0,1,0,0,0,0,0,1,0,0,0,0,0,0,1,1,1,15.43,1,1,0,0,0,0,75,1,0,1,1,1,0,78.6,1,1,0,0.0,3,1,0.5895280595509697,0.7922705314009661,0,0.0,0,9,1.0,0,0,0,0.2,0.6,0.6666666666666666,0.6666666666666666,0.6,0.625,0.0
6034,Pontifical Catholic University of Sao Paulo,https://www.pucsp.br,M6,Latin America & Africa,Brazil,0,1,1,200,pt-br,False,2026-08-11T10:42:53+00:00,8.836,1,0,0,0,0,0,0,0,0,0,0,0,0,0,1,2026-10-02,0,0,0,0,0,1,0,1,0,0,0,0,0,0,0,0,0,0,0,0,0,0,0,0,0,0,0,0,0,0,0,0,21.0,0,0,1,0,0,0,100,1,0,1,1,1,0,100.0,1,0,0,0.0,3,0,-0.7987056678756392,0.1884057971014492,0,0.0,0,13,0.0,0,0,0,0.0,0.0,0.3333333333333333,0.6666666666666666,0.2,0.25,0.25
6035,State University of Feira de Santana,https://www.uefs.br,M6,Latin America & Africa,Brazil,0,1,0,200,,True,2026-08-11T10:43:33+00:00,15.757,1,0,0,0,0,0,0,0,0,0,0,0,0,0,0,,0,0,0,0,0,0,0,0,0,0,0,0,0,0,0,0,0,0,0,0,0,0,0,0,0,0,0,0,0,0,0,0,21.0,0,0,0,0,0,0,0,1,1,0,0,1,1,100.0,0,0,0,3650.0,0,0,0.1761285069944459,0.6714975845410628,1,0.6931471805599453,1,1,0.0,1,0,0,0.0,0.0,0.0,0.6666666666666666,0.2,0.0,0.0
6037,Federal University of Alagoas,https://www.ufal.edu.br,M6,Latin America & Africa,Brazil,0,1,0,200,pt-br,False,2026-08-11T10:44:26+00:00,15.866,1,1,10,1,0,0,0,0,0,0,0,1,10,0,1,2026-08-10,0,1,0,0,2,0,0,1,0,0,1,0,0,0,0,0,0,0,0,0,0,0,1,0,0,0,0,0,0,0,1,1,12.71,1,1,1,0,0,0,75,1,0,1,1,1,0,50.0,1,0,0,1.0,3,1,0.1914813353517409,0.6908212560386473,0,0.0,0,9,0.9266666666666666,0,0,0,0.0666666666666666,0.4,0.3333333333333333,0.6666666666666666,0.6,0.25,0.25
6038,Federal University of Sergipe,https://www.ufs.br,M6,Latin America & Africa,Brazil,0,1,0,200,pt-br,False,2026-08-11T10:44:35+00:00,5.477,1,1,8,1,0,0,0,0,0,0,0,0,0,0,0,,0,0,0,0,20,1,1,0,0,0,1,0,0,0,0,0,0,0,0,0,0,0,0,0,0,0,0,0,0,1,1,1,18.59,0,1,0,0,0,0,90,1,7,1,1,1,0,9.5,1,0,0,3650.0,0,1,-1.2718263142256776,0.038647342995169,7,2.079441541679836,1,12,1.0,1,0,0,0.0,0.6,0.3333333333333333,0.6666666666666666,0.6,0.375,0.0
6039,Federal University of Maranhao,https://www.ufma.br,M6,Latin America & Africa,Brazil,0,1,0,200,pt-br,False,2026-08-11T10:44:56+00:00,11.833,0,1,10,1,0,0,0,0,0,0,0,0,0,0,0,,0,0,0,0,0,0,0,0,0,0,0,0,0,0,0,0,0,0,0,0,0,0,0,0,0,0,0,0,0,0,1,0,14.74,0,0,0,0,0,0,75,1,0,0,0,1,0,33.3,1,0,0,3650.0,0,0,-0.3765733138681771,0.4154589371980676,0,0.0,0,9,0.9266666666666666,1,0,0,0.0,0.2,0.3333333333333333,0.3333333333333333,0.4,0.0,0.0
6040,University of the State of Rio de Janeiro Norte,https://www.uenf.br,M6,Latin America & Africa,Brazil,0,1,0,200,pt-br,False,2026-08-11T10:45:15+00:00,16.644,1,1,9,1,0,0,0,0,0,0,0,0,0,0,1,2026-08-10,0,1,0,0,18,0,0,1,0,0,1,0,1,0,0,0,0,0,0,0,0,0,0,0,0,0,0,1,0,1,1,0,21.0,1,1,0,0,0,0,90,1,0,1,0,0,0,33.3,1,0,0,1.0,3,1,0.3010639083973883,0.7294685990338164,0,0.0,0,12,1.0,0,0,0,0.0666666666666666,0.6,0.3333333333333333,0.0,0.6,0.25,0.0
6041,National Autonomous University of Mexico,https://www.unam.mx,M6,Latin America & Africa,Mexico,0,1,0,200,es,False,2026-08-11T10:45:28+00:00,8.766,1,1,6,1,0,0,0,0,0,0,0,0,0,0,1,2026-08-10,0,1,0,0,2,1,1,1,0,1,1,1,0,0,0,0,0,0,0,0,0,0,0,0,0,0,0,0,0,0,1,1,19.42,1,1,0,0,0,0,75,1,1,1,1,1,1,100.0,1,0,0,1.0,3,1,-0.8085652824170214,0.1835748792270531,1,0.6931471805599453,1,9,1.0,0,0,0,0.0,0.4,0.3333333333333333,1.0,0.6,0.75,0.0
6042,National Polytechnic Institute,https://www.ipn.mx,M6,Latin America & Africa,Mexico,0,1,0,200,es,False,2026-08-11T10:45:39+00:00,8.171,1,1,3,1,0,0,0,0,0,0,0,1,9,0,0,,0,1,0,0,0,1,1,0,0,0,1,0,0,0,0,0,0,0,0,0,0,0,0,0,0,0,0,1,0,0,1,1,15.43,1,0,0,0,0,0,75,1,0,0,1,1,1,97.2,1,0,0,3650.0,0,0,-0.8923720060187699,0.144927536231884,0,0.0,0,9,0.6,1,0,0,0.0,0.6,0.3333333333333333,1.0,0.6,0.375,0.0
6043,Monterrey Institute of Technology,https://www.tec.mx,M6,Latin America & Africa,Mexico,0,1,0,200,en,True,2026-08-11T10:46:07+00:00,20.815,1,1,4,1,1,0,1,1,1,0,0,0,0,1,0,,1,0,1,0,0,1,1,0,1,1,1,0,1,1,1,1,1,1,1,0,0,1,0,1,0,0,0,0,0,1,1,1,15.43,1,0,1,0,0,0,100,1,0,1,1,1,1,87.1,1,0,0,3650.0,1,0,0.8885560834274603,0.8405797101449275,0,0.0,0,13,0.85,1,0,0,0.6,0.6,0.3333333333333333,1.0,0.8,0.625,0.25
6044,Autonomous Metropolitan University,https://www.uam.mx,M6,Latin America & Africa,Mexico,0,1,0,200,es,False,2026-08-11T10:46:16+00:00,5.962,1,0,0,0,0,0,0,0,0,0,0,0,0,0,0,,0,0,0,0,0,0,0,0,0,0,1,0,1,0,0,0,0,0,0,0,0,0,0,0,0,0,0,0,0,0,0,0,21.0,0,0,0,0,0,0,75,1,0,1,0,1,1,84.6,1,0,0,3650.0,0,0,-1.20351327061753,0.0628019323671497,0,0.0,0,9,0.0,1,0,0,0.0666666666666666,0.0,0.3333333333333333,0.6666666666666666,0.2,0.125,0.0
6045,University of Guadalajara,https://www.udg.mx,M6,Latin America & Africa,Mexico,0,1,0,200,en,True,2026-08-11T10:46:38+00:00,15.776,1,1,4,1,1,0,0,0,0,0,1,0,0,0,0,,0,0,0,0,0,0,0,0,0,0,0,0,1,1,0,1,0,1,0,0,0,0,0,1,0,0,0,1,0,1,1,1,12.63,0,1,0,0,0,0,75,1,0,1,0,1,1,23.1,1,0,0,3650.0,0,0,0.1788046880842496,0.6763285024154589,0,0.0,0,9,0.85,1,0,0,0.3333333333333333,0.8,0.3333333333333333,0.6666666666666666,0.8,0.0,0.0
6046,Autonomous University of Puebla,https://www.buap.mx,M6,Latin America & Africa,Mexico,0,1,0,200,es,False,2026-08-11T10:46:47+00:00,6.19,1,0,0,0,0,0,0,0,0,0,0,0,0,0,0,,0,1,0,0,12,1,1,0,0,0,1,1,1,0,0,0,0,0,0,0,0,0,0,0,0,0,0,1,0,1,1,1,21.0,1,1,0,0,0,0,75,1,0,1,0,1,1,10.3,1,0,0,3650.0,0,1,-1.1713990975398851,0.0772946859903381,0,0.0,0,9,0.0,1,0,0,0.0666666666666666,0.8,0.3333333333333333,0.6666666666666666,0.2,0.5,0.0
6047,Autonomous University of Nuevo Leon,https://www.uanl.mx,M6,Latin America & Africa,Mexico,0,1,0,200,en-us,True,2026-08-11T10:47:03+00:00,8.239,1,1,4,1,1,0,0,0,0,0,0,0,0,0,0,,1,0,1,1,0,0,0,0,1,0,1,0,1,1,1,1,1,1,0,1,0,1,0,1,0,0,0,1,0,1,1,1,5.74,1,1,0,0,0,0,75,1,0,1,1,1,1,56.1,1,0,0,3650.0,0,1,-0.8827940947499985,0.1545893719806763,0,0.0,0,9,0.85,1,0,0,0.6,0.8,0.3333333333333333,1.0,0.8,0.375,0.0
6050,Autonomous Technological Institute of Mexico,https://www.itam.mx,M6,Latin America & Africa,Mexico,0,1,0,200,en,True,2026-08-11T10:48:13+00:00,15.744,1,1,5,1,0,1,1,1,1,1,1,0,0,1,1,2026-07-06,1,1,1,1,1,0,0,0,0,0,1,0,1,1,1,1,1,1,1,1,0,1,1,1,0,1,0,1,0,1,1,1,3.72,1,1,1,0,0,0,75,1,0,1,0,1,1,88.9,1,0,0,36.0,3,2,0.1742974357224749,0.6666666666666666,0,0.0,0,9,1.0,0,0,0,0.8,0.8,0.3333333333333333,0.6666666666666666,0.8,0.25,0.25
6052,University of Guanajuato,https://www.ugto.mx,M6,Latin America & Africa,Mexico,0,1,0,200,en,True,2026-08-11T10:49:19+00:00,21.837,1,0,0,1,0,0,0,0,1,1,0,0,0,0,0,,0,1,1,0,0,0,0,0,0,0,0,0,1,0,1,1,1,1,1,1,0,0,0,0,0,0,0,0,0,0,1,0,12.63,0,0,0,0,0,0,75,1,2,0,1,1,1,90.0,1,0,0,3650.0,0,0,1.0325064557316397,0.8647342995169082,2,1.0986122886681098,1,9,0.0,1,0,0,0.4666666666666667,0.2,0.3333333333333333,1.0,0.4,0.0,0.0
6053,Veracruzana University,https://www.uv.mx,M6,Latin America & Africa,Mexico,0,1,0,200,en-us,True,2026-08-11T10:49:39+00:00,8.361,1,1,9,1,1,0,0,0,0,0,0,0,1,0,0,,0,0,1,0,0,0,1,0,0,0,1,0,0,1,1,0,1,1,0,0,0,0,0,1,0,1,0,0,0,1,1,0,15.43,1,0,0,0,0,0,75,1,0,1,1,1,1,100.0,1,0,0,3650.0,0,0,-0.8656101951207325,0.1594202898550724,0,0.0,0,9,1.0,1,0,0,0.4,0.4,0.3333333333333333,1.0,0.8,0.25,0.0
6055,Autonomous University of Yucatan,https://www.uady.mx,M6,Latin America & Africa,Mexico,0,1,0,200,es_mx,False,2026-08-11T10:50:28+00:00,12.539,1,0,0,0,0,0,0,0,0,0,0,0,0,0,0,,0,1,0,0,0,1,1,0,0,1,1,1,0,0,0,0,0,0,0,0,0,0,0,0,0,0,0,0,0,1,1,1,21.0,1,0,0,0,0,0,75,1,0,1,1,0,1,33.3,1,0,0,3650.0,0,0,-0.2771320586365228,0.4734299516908212,0,0.0,0,9,0.0,1,0,0,0.0,0.6,0.3333333333333333,0.6666666666666666,0.2,0.625,0.0
6056,Autonomous University of Chihuahua,https://www.uach.mx,M6,Latin America & Africa,Mexico,0,1,0,200,es-mx,False,2026-08-11T10:50:47+00:00,15.847,1,1,20,1,1,0,0,0,1,1,0,0,0,0,0,,0,1,0,0,0,0,1,0,0,0,1,0,1,0,0,0,0,0,0,0,0,0,0,0,0,0,0,0,0,1,1,0,12.63,1,1,0,0,0,0,100,1,1,1,1,1,0,53.1,1,0,0,3650.0,0,0,0.1888051542619372,0.6811594202898551,1,0.6931471805599453,1,13,0.45,1,0,0,0.0666666666666666,0.4,0.3333333333333333,0.6666666666666666,0.8,0.25,0.0
6059,University of Buenos Aires,https://www.uba.ar,M6,Latin America & Africa,Argentina,0,0,0,200,en,False,2026-08-11T10:51:12+00:00,11.594,1,1,3,1,1,0,0,0,0,0,0,1,4,0,0,,0,0,0,0,0,1,1,0,0,1,1,0,0,0,0,0,0,0,0,0,0,0,0,0,0,0,0,0,0,0,1,1,15.43,1,1,0,0,0,0,75,1,0,1,1,0,1,37.5,1,0,0,3650.0,0,0,-0.410236854945182,0.4057971014492754,0,0.0,0,9,0.6,1,0,0,0.0,0.4,0.3333333333333333,0.6666666666666666,0.8,0.5,0.0
6060,National University of Cordoba,https://www.unc.edu.ar,M6,Latin America & Africa,Argentina,0,0,0,200,es,False,2026-08-11T10:51:22+00:00,6.701,1,1,5,1,0,0,0,0,0,0,0,0,0,0,0,,0,0,0,0,0,0,0,0,0,0,1,0,0,0,0,0,0,0,0,0,0,0,0,0,0,0,0,0,0,0,1,0,15.91,1,1,0,0,0,0,75,1,0,1,0,1,1,53.5,1,0,0,3650.0,0,0,-1.0994239113877953,0.1062801932367149,0,0.0,0,9,1.0,1,0,0,0.0,0.2,0.3333333333333333,0.6666666666666666,0.6,0.125,0.0
6061,National University of La Plata,https://www.unlp.edu.ar,M6,Latin America & Africa,Argentina,0,0,0,200,es-ar,False,2026-08-11T10:51:35+00:00,10.77,1,1,6,1,0,0,0,0,0,0,0,0,0,0,0,,0,0,0,0,0,0,0,0,0,0,1,0,0,0,0,0,0,0,0,0,0,0,0,0,0,0,0,0,0,1,1,0,7.46,1,1,0,0,0,0,90,1,0,1,1,1,1,50.0,1,0,0,3650.0,0,0,-0.5262986032608806,0.3285024154589372,0,0.0,0,12,1.0,1,0,0,0.0,0.4,0.3333333333333333,1.0,0.6,0.125,0.0
6063,Austral University,https://www.austral.edu.ar,M6,Latin America & Africa,Argentina,0,0,0,200,en,True,2026-08-11T10:52:16+00:00,10.207,1,1,20,0,1,0,0,1,1,1,0,1,10,1,1,2026-08-07,1,1,1,1,2,1,1,1,1,0,1,0,1,1,1,1,1,1,1,1,1,0,0,1,0,0,0,0,0,1,1,1,21.0,1,1,0,0,0,0,90,1,3,1,0,1,1,19.1,1,0,0,4.0,3,3,-0.6055980745008541,0.28743961352657,3,1.3862943611198906,1,12,0.45,0,0,0,0.6666666666666666,0.6,0.3333333333333333,0.6666666666666666,0.6,0.75,0.0
6065,National University of the Littoral,https://www.unl.edu.ar,M6,Latin America & Africa,Argentina,0,0,0,200,es-es,False,2026-08-11T10:53:06+00:00,11.001,1,1,1,1,0,0,0,0,0,0,0,0,0,0,0,,0,0,0,0,0,0,0,1,0,0,1,0,0,0,0,0,0,0,0,0,0,0,0,0,1,0,0,1,0,1,1,1,4.61,1,0,0,0,0,0,90,1,0,1,0,1,1,0.0,1,0,0,3650.0,0,0,-0.4937618752743195,0.3478260869565217,0,0.0,0,12,0.15,1,0,0,0.0666666666666666,0.8,0.3333333333333333,0.6666666666666666,0.6,0.25,0.0
6066,National University of Cuyo,https://www.uncuyo.edu.ar,M6,Latin America & Africa,Argentina,0,0,0,200,es,False,2026-08-11T10:53:27+00:00,11.85,1,1,4,1,0,0,0,0,1,1,0,0,0,0,0,,0,1,0,0,0,1,1,0,0,0,1,0,1,0,0,0,0,0,0,0,0,0,0,1,0,0,0,0,0,1,1,0,14.02,1,1,0,0,0,0,75,1,0,1,1,1,1,86.8,1,0,0,3650.0,0,0,-0.3741788360509844,0.4202898550724637,0,0.0,0,9,0.85,1,0,0,0.1333333333333333,0.4,0.3333333333333333,1.0,0.6,0.375,0.0
6067,National University of Tucuman,https://www.unt.edu.ar,M6,Latin America & Africa,Argentina,0,0,0,200,es-ar,False,2026-08-11T10:53:38+00:00,7.689,1,1,6,0,0,0,0,0,0,0,0,0,0,0,0,,0,0,0,0,0,0,0,0,0,0,1,0,0,0,0,0,0,0,0,0,0,0,0,1,1,0,0,1,0,0,1,0,7.46,1,1,0,0,0,0,75,1,0,1,0,1,1,95.5,1,0,0,3650.0,0,0,-0.9602624947180012,0.1256038647342995,0,0.0,0,9,1.0,1,0,0,0.1333333333333333,0.4,0.3333333333333333,0.6666666666666666,0.4,0.125,0.0
6068,National University of the South,https://www.uns.edu.ar,M6,Latin America & Africa,Argentina,0,0,0,200,es,False,2026-08-11T10:53:54+00:00,12.908,1,1,7,0,0,0,0,0,0,0,0,0,0,0,1,2026-08-11,0,0,0,0,4,0,1,1,0,1,1,0,0,0,0,0,0,0,0,0,0,0,0,0,0,0,0,1,0,0,1,0,10.55,1,1,0,0,0,0,75,1,0,1,1,1,1,100.0,1,0,0,0.0,3,1,-0.2251578048398082,0.4927536231884058,0,0.0,0,9,1.0,0,0,0,0.0,0.4,0.3333333333333333,1.0,0.4,0.5,0.0
6069,Torcuato di Tella University,https://www.utdt.edu,M6,Latin America & Africa,Argentina,0,0,0,200,,False,2026-08-11T10:54:11+00:00,14.282,1,1,16,1,0,0,0,0,1,1,1,1,2,0,0,,0,1,0,0,0,0,0,0,0,0,1,0,0,0,0,0,0,1,0,0,0,0,0,1,0,0,0,1,0,1,1,1,14.13,1,1,0,0,0,0,75,1,0,1,1,1,1,10.3,0,0,0,3650.0,0,0,-0.0316276565561068,0.5917874396135265,0,0.0,0,9,0.57,1,0,0,0.1333333333333333,0.8,0.0,1.0,0.6,0.125,0.0
6070,University of San Andres,https://www.udesa.edu.ar,M6,Latin America & Africa,Argentina,0,0,0,200,es,False,2026-08-11T10:54:21+00:00,6.17,1,0,0,1,0,0,0,0,1,1,0,0,0,0,1,,0,1,0,0,17,1,1,1,0,1,1,0,1,0,0,0,0,1,0,0,0,0,0,0,0,0,0,1,0,0,1,1,11.13,1,0,0,0,0,0,90,1,0,1,1,1,1,40.0,1,0,0,3650.0,1,1,-1.1742161302659944,0.072463768115942,0,0.0,0,12,0.0,1,0,0,0.1333333333333333,0.6,0.3333333333333333,1.0,0.4,0.625,0.0
6072,University of the Andes,https://www.uniandes.edu.co,M6,Latin America & Africa,Colombia,0,0,0,200,es,False,2026-08-11T10:54:31+00:00,6.681,1,1,1,1,0,0,0,0,0,0,0,1,2,0,1,2026-08-06,1,1,0,0,16,1,1,1,0,0,1,0,1,0,0,0,0,0,0,0,0,1,0,1,0,0,0,0,0,0,1,0,5.74,1,1,0,0,0,0,100,1,0,1,1,1,1,83.3,1,1,0,5.0,3,1,-1.1022409441139045,0.1014492753623188,0,0.0,0,13,0.15,0,0,0,0.2,0.2,0.6666666666666666,1.0,0.6,0.5,0.0
6073,University of Antioquia,https://www.udea.edu.co,M6,Latin America & Africa,Colombia,0,0,0,200,es,True,2026-08-11T10:54:50+00:00,11.149,1,0,0,1,1,0,0,0,0,0,0,0,0,0,1,2026-07-10,0,0,0,0,8,1,1,0,0,1,1,0,0,0,0,0,0,0,0,0,0,0,0,0,0,0,0,1,0,1,1,1,21.0,1,0,0,0,0,0,75,1,0,1,0,1,1,50.0,1,1,0,32.0,3,1,-0.4729158331011115,0.3623188405797101,0,0.0,0,9,0.0,0,0,0,0.0,0.8,0.6666666666666666,0.6666666666666666,0.6,0.5,0.0
6075,University of Valle,https://www.univalle.edu.co,M6,Latin America & Africa,Colombia,0,0,0,200,es-es,False,2026-08-11T10:56:02+00:00,35.514,1,1,8,0,0,0,0,0,0,0,0,0,0,0,0,,0,0,0,0,0,1,0,1,0,1,1,0,1,0,0,0,0,0,0,0,0,0,0,1,0,0,0,1,0,1,1,1,5.1,1,1,0,0,0,0,90,1,2,1,1,1,0,80.0,1,0,0,3650.0,0,0,2.9589342854814094,0.9855072463768116,2,1.0986122886681098,1,12,1.0,1,0,0,0.1333333333333333,0.8,0.3333333333333333,0.6666666666666666,0.4,0.5,0.0
6076,University of Rosario,https://www.urosario.edu.co,M6,Latin America & Africa,Colombia,0,0,1,200,es-co,True,2026-08-11T10:56:40+00:00,14.035,1,1,8,1,1,0,1,1,0,0,1,1,10,1,1,2026-09-02,0,0,0,0,6,1,1,0,0,0,1,0,0,1,1,1,1,1,0,0,0,1,0,1,0,0,0,1,0,0,1,1,12.63,1,1,1,0,0,0,100,1,4,1,1,1,1,72.9,1,0,0,0.0,3,1,-0.0664180107235553,0.5748792270531401,4,1.6094379124341005,1,13,1.0,0,0,0,0.4666666666666667,0.6,0.3333333333333333,1.0,0.8,0.375,0.25
6077,Externado University of Colombia,https://www.uexternado.edu.co,M6,Latin America & Africa,Colombia,0,0,0,202,en-us,True,2026-08-11T10:56:58+00:00,9.043,1,1,7,1,1,0,0,1,0,0,0,1,10,0,0,,1,1,0,0,15,1,1,0,0,0,1,0,0,0,0,0,0,1,0,0,0,0,0,1,0,0,0,1,0,1,1,1,15.91,1,1,0,0,0,0,90,1,10,0,1,1,0,74.5,1,0,0,3650.0,0,1,-0.7695493791604092,0.2077294685990338,10,2.3978952727983707,1,12,1.0,1,0,0,0.1333333333333333,0.8,0.3333333333333333,0.6666666666666666,0.8,0.375,0.0
6078,Industrial University of Santander,https://www.uis.edu.co,M6,Latin America & Africa,Colombia,0,0,0,200,en-us,True,2026-08-11T10:57:22+00:00,9.731,0,1,9,0,1,0,0,0,0,0,0,0,0,0,0,,1,0,1,0,3,0,0,0,0,0,1,0,1,1,0,1,1,1,0,0,0,1,0,0,0,0,0,0,0,0,1,0,12.63,1,0,0,0,0,0,90,1,0,1,0,1,1,84.2,1,0,0,3650.0,0,1,-0.6726434533822531,0.2560386473429952,0,0.0,0,12,1.0,1,0,0,0.4,0.2,0.3333333333333333,0.6666666666666666,0.4,0.125,0.0
6080,Pontifical Bolivarian University,https://www.upb.edu.co,M6,Latin America & Africa,Colombia,0,0,0,200,es-es,False,2026-08-11T10:58:11+00:00,11.339,1,1,5,0,0,0,0,1,0,0,0,1,2,0,0,,0,0,0,0,14,1,1,0,0,1,1,0,1,0,0,0,0,0,0,0,0,0,0,1,0,0,0,1,0,1,1,1,21.0,1,1,0,0,0,0,100,1,0,1,1,1,1,33.3,1,0,0,3650.0,0,1,-0.446154022203074,0.3864734299516908,0,0.0,0,13,1.0,1,0,0,0.1333333333333333,0.8,0.3333333333333333,1.0,0.4,0.5,0.0
6081,University of Chile,https://www.uchile.cl,M6,Latin America & Africa,Chile,0,0,0,200,en,True,2026-08-11T10:58:45+00:00,25.367,1,1,7,1,1,0,0,0,1,0,1,0,0,0,0,,0,1,0,0,0,0,0,0,0,0,1,0,1,1,1,1,1,1,0,1,0,0,0,1,0,0,0,1,0,1,1,1,21.0,1,1,0,0,0,0,75,1,0,1,1,1,1,40.0,1,0,0,3650.0,0,0,1.529712731889912,0.9082125603864736,0,0.0,0,9,1.0,1,0,0,0.5333333333333333,0.8,0.3333333333333333,1.0,0.8,0.125,0.0
6082,Pontifical Catholic University of Chile,https://www.uc.cl,M6,Latin America & Africa,Chile,0,0,0,200,en,True,2026-08-11T10:59:05+00:00,13.498,1,0,0,1,1,0,0,0,1,1,0,1,4,0,0,,1,1,1,0,0,1,1,0,0,0,1,0,1,1,1,1,1,1,0,1,0,1,1,1,1,0,0,1,1,0,1,1,15.43,1,0,0,0,1,0,100,1,0,1,1,1,1,70.4,1,0,0,3650.0,0,0,-0.1420553394195871,0.5265700483091788,0,0.0,0,13,0.0,1,0,0,0.7333333333333333,0.8,0.3333333333333333,1.0,0.6,0.375,0.25
6085,University of Santiago Chile,https://www.usach.cl,M6,Latin America & Africa,Chile,0,0,0,200,en,True,2026-08-11T10:59:44+00:00,10.528,1,1,5,1,1,0,0,0,1,1,1,0,0,0,1,2026-08-11,1,1,1,0,2,0,0,1,0,1,1,0,1,1,1,1,1,1,1,1,1,1,0,1,0,0,0,1,0,0,1,1,15.43,1,1,0,0,0,0,75,1,2,1,0,1,1,50.9,1,0,0,0.0,3,1,-0.5603846992468017,0.3188405797101449,2,1.0986122886681098,1,9,1.0,0,0,0,0.7333333333333333,0.6,0.3333333333333333,0.6666666666666666,0.8,0.375,0.0
6086,Austral University of Chile,https://www.uach.cl,M6,Latin America & Africa,Chile,0,0,0,200,es,False,2026-08-11T11:00:16+00:00,29.716,1,1,7,0,0,0,0,0,0,0,0,1,3,0,0,,0,0,0,0,0,1,1,0,0,0,1,0,0,0,0,0,0,0,0,0,0,1,0,1,1,0,0,0,0,1,1,0,4.48,1,1,0,0,0,0,75,1,0,0,0,0,1,33.3,1,0,0,3650.0,0,0,2.142276498182355,0.9516908212560388,0,0.0,0,9,1.0,1,0,0,0.2,0.4,0.3333333333333333,0.3333333333333333,0.4,0.375,0.0
6087,Adolfo Ibanez University,https://www.uai.cl,M6,Latin America & Africa,Chile,0,0,0,200,es,False,2026-08-11T11:00:26+00:00,5.945,1,1,4,0,0,0,0,1,1,1,0,1,10,0,0,,0,0,0,0,20,1,1,0,0,1,1,0,1,0,0,1,0,0,0,0,0,1,0,0,0,0,0,1,0,0,1,1,17.96,1,0,0,0,0,0,100,1,0,1,1,1,1,78.8,1,0,0,3650.0,0,1,-1.2059077484347227,0.0579710144927536,0,0.0,0,13,0.85,1,0,0,0.2,0.6,0.3333333333333333,1.0,0.4,0.5,0.0
6088,University of Valparaiso,https://www.uv.cl,M6,Latin America & Africa,Chile,0,0,0,200,es-es,True,2026-08-11T11:00:35+00:00,6.544,1,1,2,1,1,0,0,0,0,0,0,0,0,0,0,,0,1,0,0,0,1,1,0,0,0,1,0,0,0,0,0,0,0,0,0,0,1,0,0,0,0,0,0,0,1,1,1,14.18,1,1,0,0,0,0,90,1,0,1,0,1,0,12.0,1,0,0,3650.0,0,0,-1.1215376182877526,0.0821256038647343,0,0.0,0,12,0.35,1,0,0,0.0666666666666666,0.6,0.3333333333333333,0.3333333333333333,0.8,0.375,0.0
6089,University of La Frontera,https://www.ufro.cl,M6,Latin America & Africa,Chile,0,0,0,200,es-cl,True,2026-08-11T11:01:59+00:00,23.259,1,1,9,1,0,0,0,0,1,1,0,1,10,0,0,,1,1,1,0,1,1,1,0,1,0,1,0,0,0,1,1,1,1,0,0,0,0,0,0,0,0,0,0,0,0,1,0,21.0,1,0,0,0,0,0,90,1,0,1,0,1,1,7.4,1,0,0,3650.0,0,1,1.2327974825580033,0.8985507246376812,0,0.0,0,12,1.0,1,0,0,0.2666666666666666,0.2,0.3333333333333333,0.6666666666666666,0.6,0.5,0.0
6090,Diego Portales University,https://www.udp.cl,M6,Latin America & Africa,Chile,0,0,0,200,en-us,True,2026-08-11T11:01:53+00:00,5.89,1,0,0,1,0,0,0,0,0,0,0,0,0,0,0,,0,0,0,0,0,0,0,0,0,0,1,0,1,0,0,0,1,0,0,1,0,1,0,1,0,0,0,1,0,0,1,1,21.0,1,1,0,1,0,0,75,1,2,1,0,0,1,0.0,1,0,0,3650.0,0,0,-1.213654588431523,0.0483091787439613,2,1.0986122886681098,1,9,0.0,1,0,0,0.3333333333333333,0.6,0.3333333333333333,0.3333333333333333,0.4,0.125,0.25
6091,National University of San Marcos,https://www.unmsm.edu.pe,M6,Latin America & Africa,Peru & Andes,1,0,0,200,es,False,2026-08-11T11:02:06+00:00,10.378,1,0,0,0,0,0,0,1,0,0,0,0,1,0,0,,0,0,0,0,0,1,0,0,0,1,1,0,0,0,0,0,0,0,0,0,0,0,0,1,0,0,0,1,0,1,1,1,21.0,1,1,0,0,0,0,90,1,0,1,1,1,1,100.0,1,0,0,3650.0,0,0,-0.5815124446926206,0.3043478260869565,0,0.0,0,12,0.0,1,0,0,0.0666666666666666,0.8,0.3333333333333333,1.0,0.2,0.375,0.0
6092,Pontifical Catholic University of Peru,https://www.pucp.edu.pe,M6,Latin America & Africa,Peru & Andes,1,0,0,200,en,True,2026-08-11T11:02:20+00:00,7.596,0,1,7,1,1,0,1,1,1,1,0,1,6,0,0,,1,0,1,1,0,0,0,0,0,0,0,0,1,1,1,1,1,1,1,1,0,0,0,1,1,0,0,1,1,1,1,1,12.63,0,0,0,0,0,0,75,1,0,1,0,1,1,0.0,1,0,0,3650.0,0,1,-0.973361696894409,0.1207729468599033,0,0.0,0,9,1.0,1,0,0,0.6666666666666666,1.0,0.3333333333333333,0.6666666666666666,0.6,0.125,0.0
6093,Cayetano Heredia University,https://www.cayetano.edu.pe,M6,Latin America & Africa,Peru & Andes,1,0,0,200,es,False,2026-08-11T11:02:31+00:00,8.855,1,1,1,1,0,0,0,0,0,0,0,0,1,0,1,2026-07-17,0,0,0,0,9,1,1,1,0,1,1,0,0,1,0,0,1,0,0,0,0,0,0,1,1,0,0,1,0,1,1,1,21.0,1,0,0,0,0,0,90,1,2,1,1,1,1,89.6,1,0,0,25.0,3,1,-0.7960294867858355,0.1932367149758454,2,1.0986122886681098,1,12,0.15,0,0,0,0.2666666666666666,0.8,0.3333333333333333,1.0,0.6,0.625,0.0
6094,National University of Engineering Peru,https://www.uni.edu.pe,M6,Latin America & Africa,Peru & Andes,1,0,0,200,es-es,False,2026-08-11T11:02:49+00:00,14.766,1,1,10,0,0,0,0,1,0,0,0,0,0,0,1,2026-07-16,0,0,0,0,1,0,1,1,0,0,1,0,1,0,0,0,0,0,0,0,0,0,0,1,0,0,0,1,0,1,1,1,12.63,1,1,0,0,0,0,75,1,0,1,1,1,1,63.6,1,0,0,26.0,3,1,0.0365445354157355,0.6280193236714976,0,0.0,0,9,0.9266666666666666,0,0,0,0.1333333333333333,0.8,0.3333333333333333,1.0,0.4,0.375,0.0
6096,National Agrarian University La Molina,https://www.lamolina.edu.pe,M6,Latin America & Africa,Peru & Andes,1,0,0,200,es,False,2026-08-11T11:03:46+00:00,11.073,1,1,3,1,0,0,0,0,0,0,0,1,4,0,1,2026-08-04,0,0,0,0,0,1,1,1,0,0,1,0,1,0,0,0,0,0,0,0,0,0,0,0,1,0,0,1,0,1,1,1,12.63,1,0,0,0,0,0,75,1,0,0,1,1,0,100.0,1,0,0,7.0,3,0,-0.4836205574603263,0.3526570048309179,0,0.0,0,9,0.6,0,0,0,0.1333333333333333,0.8,0.3333333333333333,0.6666666666666666,0.6,0.5,0.0
6097,University of the Republic Uruguay,https://www.udelar.edu.uy,M6,Latin America & Africa,Peru & Andes,1,0,1,200,es,False,2026-08-11T11:04:11+00:00,20.449,1,1,5,1,0,1,0,0,0,0,1,1,8,0,1,2026-09-25,0,0,0,0,20,1,1,1,0,1,1,0,0,0,0,0,0,0,0,0,0,0,0,1,0,0,0,1,0,1,1,1,18.26,1,1,0,0,0,0,100,1,0,1,0,1,0,100.0,1,0,0,0.0,3,1,0.8370043845396622,0.8309178743961353,0,0.0,0,13,1.0,0,0,0,0.0666666666666666,0.8,0.3333333333333333,0.3333333333333333,0.8,0.625,0.0
6098,University of Costa Rica,https://www.ucr.ac.cr,M6,Latin America & Africa,Peru & Andes,1,0,0,200,es,False,2026-08-11T11:04:25+00:00,10.312,1,1,5,1,0,0,0,0,1,4,1,1,2,0,1,2026-07-31,1,1,0,0,14,1,1,1,1,1,1,0,0,0,0,0,1,0,0,0,1,0,1,1,0,0,0,0,0,1,1,1,21.0,1,0,0,0,0,0,90,1,0,1,1,1,1,82.9,1,0,0,11.0,3,1,-0.5908086526887811,0.2946859903381642,0,0.0,0,12,1.0,0,0,0,0.2666666666666666,0.6,0.3333333333333333,1.0,0.6,0.75,0.0
6099,University of Puerto Rico,https://www.upr.edu,M6,Latin America & Africa,Peru & Andes,1,0,0,200,en-us,True,2026-08-11T11:04:53+00:00,12.482,1,1,4,1,1,0,0,0,0,0,0,0,0,0,1,2026-08-07,0,0,0,0,2,1,1,0,0,1,1,0,0,0,1,0,0,0,1,0,0,0,1,1,0,0,0,0,0,0,1,0,9.1,1,0,0,0,0,0,90,1,1,1,1,0,1,81.5,1,0,0,4.0,3,1,-0.285160601905934,0.4685990338164251,1,0.6931471805599453,1,12,0.85,0,0,0,0.2666666666666666,0.2,0.3333333333333333,0.6666666666666666,0.8,0.5,0.0
6100,San Francisco de Quito University,https://www.usfq.edu.ec,M6,Latin America & Africa,Peru & Andes,1,0,1,200,en,True,2026-08-11T11:05:23+00:00,11.139,1,1,5,1,1,0,0,1,0,0,1,0,0,0,1,2026-10-30,1,1,1,1,12,1,1,1,1,1,1,0,1,1,1,1,1,1,1,1,1,1,1,1,0,0,0,1,0,1,1,1,15.43,1,0,0,0,0,0,100,1,0,1,1,1,1,95.9,1,0,0,0.0,3,3,-0.4743243494641661,0.357487922705314,0,0.0,0,13,1.0,0,0,0,0.8,0.8,0.3333333333333333,1.0,0.8,0.875,0.0
6104,Higher University of San Andres Bolivia,https://www.umsa.bo,M6,Latin America & Africa,Peru & Andes,1,0,0,200,en-us,True,2026-08-11T11:07:36+00:00,22.503,1,1,1,1,1,0,0,0,0,0,0,1,10,0,1,2026-08-10,1,1,1,1,18,1,1,1,0,0,1,0,1,0,0,0,0,0,0,0,0,0,0,1,1,0,0,1,0,1,1,0,8.69,1,1,0,0,0,0,75,1,4,0,1,1,1,76.9,1,0,0,1.0,3,3,1.1263136455110758,0.8840579710144928,4,1.6094379124341005,1,9,0.15,0,0,0,0.2,0.6,0.3333333333333333,1.0,0.8,0.625,0.0
6105,National University of Asuncion,https://www.una.py,M6,Latin America & Africa,Peru & Andes,1,0,0,200,es,False,2026-08-11T11:07:44+00:00,1.819,1,1,9,1,0,0,0,0,0,0,0,1,6,0,1,2026-08-10,0,1,0,0,0,0,0,1,0,0,1,0,1,0,0,0,0,0,0,0,0,0,0,1,0,0,0,1,0,1,1,1,18.88,1,1,0,0,0,0,90,1,0,1,1,1,1,18.2,1,0,0,1.0,3,0,-1.7870615998310484,0.0048309178743961,0,0.0,0,12,1.0,0,0,0,0.1333333333333333,0.8,0.3333333333333333,1.0,0.6,0.25,0.0
6106,University of Cape Town,https://www.uct.ac.za,M6,Latin America & Africa,South Africa,0,1,1,200,en,False,2026-08-11T11:08:21+00:00,35.668,1,1,1,1,0,0,1,1,0,0,1,0,0,1,1,2026-12-15,1,1,1,1,8,1,1,0,1,1,1,0,1,1,1,1,1,1,1,1,1,1,1,1,0,0,1,0,0,1,1,0,2.73,1,1,1,0,0,0,75,1,0,1,1,1,0,100.0,1,0,0,0.0,3,2,2.9806254374724497,0.9903381642512076,0,0.0,0,9,0.15,0,0,0,0.8666666666666667,0.4,0.3333333333333333,0.6666666666666666,0.6,0.75,0.25
6107,University of the Witwatersrand,https://www.wits.ac.za,M6,Latin America & Africa,South Africa,0,1,0,200,en,False,2026-08-11T11:08:47+00:00,21.174,1,1,6,1,0,0,0,0,0,0,1,1,2,0,1,2026-08-11,1,1,1,1,5,1,0,0,1,1,1,0,1,1,1,1,1,1,0,1,1,1,1,1,0,0,0,1,0,1,1,1,12.45,1,1,1,0,0,0,75,1,1,1,1,1,0,41.7,1,0,0,0.0,3,2,0.93912182086112,0.855072463768116,1,0.6931471805599453,1,9,1.0,0,0,0,0.7333333333333333,0.8,0.3333333333333333,0.6666666666666666,0.6,0.625,0.25
6108,Stellenbosch University,https://www.sun.ac.za,M6,Latin America & Africa,South Africa,0,1,0,200,en,False,2026-08-11T11:09:01+00:00,10.83,1,1,5,1,1,0,0,0,0,0,1,1,8,1,1,2026-03-26,1,0,1,1,5,1,1,0,0,1,1,0,0,1,1,1,1,1,0,1,1,1,1,1,0,0,0,1,0,1,1,1,13.02,1,1,1,0,0,0,90,1,1,1,1,1,0,95.5,1,1,0,138.0,2,2,-0.517847505082553,0.3333333333333333,1,0.6931471805599453,1,12,1.0,0,0,0,0.6666666666666666,0.8,0.6666666666666666,0.6666666666666666,0.8,0.625,0.25
6109,University of Pretoria,https://www.up.ac.za,M6,Latin America & Africa,South Africa,0,1,1,200,en,False,2026-08-11T11:09:12+00:00,9.125,1,1,4,1,0,0,0,0,0,1,1,1,2,1,1,2026-10-02,1,1,1,1,5,1,1,0,0,1,1,0,0,1,1,1,1,1,1,1,1,1,1,1,1,1,0,1,0,1,1,1,12.63,1,1,0,0,0,0,100,1,0,1,1,1,1,92.9,1,0,0,0.0,3,2,-0.7579995449833614,0.2125603864734299,0,0.0,0,13,0.85,0,0,0,0.8666666666666667,0.8,0.3333333333333333,1.0,0.6,0.625,0.0
6110,University of KwaZulu-Natal,https://www.ukzn.ac.za,M6,Latin America & Africa,South Africa,0,1,0,200,en-us,False,2026-08-11T11:09:34+00:00,19.949,1,1,20,1,0,0,0,0,0,0,0,1,3,1,0,,1,1,1,1,3,1,1,0,0,0,1,0,1,1,1,1,1,1,1,1,1,1,1,1,0,0,1,1,0,1,1,1,5.74,1,1,1,0,1,0,90,1,2,1,0,1,0,44.4,1,1,0,3650.0,1,2,0.7665785663869324,0.8067632850241546,2,1.0986122886681098,1,12,0.45,1,0,0,0.8666666666666667,0.8,0.6666666666666666,0.3333333333333333,0.6,0.5,0.5
6111,University of Johannesburg,https://www.uj.ac.za,M6,Latin America & Africa,South Africa,0,1,0,200,en-za,False,2026-08-11T12:43:16+00:00,14.013,1,1,8,1,0,0,0,0,0,0,1,0,0,0,1,2026-08-07,1,1,1,1,0,0,0,0,1,0,1,0,1,1,1,1,1,1,1,1,1,1,1,1,1,0,0,1,0,1,1,1,15.43,1,1,1,0,0,0,90,1,1,1,1,1,1,39.1,1,0,0,4.0,3,1,-0.0695167467222754,0.5700483091787439,1,0.6931471805599453,1,12,1.0,0,0,0,0.8666666666666667,0.8,0.3333333333333333,1.0,0.6,0.375,0.25
6112,Rhodes University,https://www.ru.ac.za,M6,Latin America & Africa,South Africa,0,1,0,200,en,False,2026-08-11T11:09:52+00:00,9.601,1,0,0,1,0,0,0,0,0,0,0,0,0,0,0,,1,1,1,0,0,0,0,0,0,0,1,0,1,1,1,1,1,1,1,1,1,1,1,0,1,0,0,1,0,1,1,1,5.33,0,1,0,0,0,0,75,1,2,1,1,0,1,50.0,1,0,0,3650.0,0,0,-0.6909541661019626,0.251207729468599,2,1.0986122886681098,1,9,0.0,1,0,0,0.8,0.8,0.3333333333333333,0.6666666666666666,0.4,0.125,0.0
6113,North-West University,https://www.nwu.ac.za,M6,Latin America & Africa,South Africa,0,1,0,200,en,False,2026-08-11T11:10:01+00:00,4.948,1,1,6,1,1,0,0,1,1,1,1,0,0,1,0,,1,1,0,1,6,1,1,0,1,1,1,0,1,1,1,1,1,1,0,1,1,1,0,1,1,0,0,0,0,1,1,1,12.63,1,1,0,0,0,0,75,1,0,1,0,1,0,64.0,1,0,0,3650.0,1,2,-1.3463368298312657,0.0289855072463768,0,0.0,0,9,1.0,1,0,0,0.7333333333333333,0.6,0.3333333333333333,0.3333333333333333,0.8,0.75,0.0
6114,University of the Western Cape,https://www.uwc.ac.za,M6,Latin America & Africa,South Africa,0,1,0,200,en,False,2026-08-11T11:10:13+00:00,9.168,1,1,5,0,0,0,0,0,0,0,1,1,3,1,0,,1,1,1,1,0,0,0,0,0,0,1,0,1,1,1,1,1,1,1,1,1,1,1,1,1,0,1,1,1,1,1,1,8.19,1,1,0,0,0,1,90,1,0,1,1,1,1,100.0,1,0,0,3650.0,1,1,-0.7519429246222268,0.217391304347826,0,0.0,0,12,1.0,1,0,0,0.9333333333333332,1.0,0.3333333333333333,1.0,0.4,0.25,0.25
6115,University of the Free State,https://www.ufs.ac.za,M6,Latin America & Africa,South Africa,0,1,0,200,,False,2026-08-11T11:10:35+00:00,20.385,1,0,0,1,0,0,0,0,0,0,0,0,0,1,0,,1,1,1,0,0,1,0,0,0,0,1,0,0,1,1,1,1,1,1,1,1,1,0,1,0,0,0,0,0,1,1,1,12.63,1,0,0,0,0,0,75,1,0,0,1,1,0,66.7,1,0,0,3650.0,1,0,0.8279898798161127,0.8260869565217391,0,0.0,0,9,0.0,1,0,0,0.6666666666666666,0.6,0.3333333333333333,0.6666666666666666,0.4,0.25,0.0
6116,Nelson Mandela University,https://www.mandela.ac.za,M6,Latin America & Africa,South Africa,0,1,1,200,,False,2026-08-11T11:11:03+00:00,23.39,1,0,0,1,0,0,0,0,0,0,0,0,0,0,1,2026-09-04,1,1,1,1,0,1,1,0,0,0,1,0,1,1,1,1,1,1,1,1,1,1,1,1,1,1,0,0,0,1,1,0,15.43,1,0,0,0,0,1,75,1,0,1,1,1,0,0.0,0,0,0,0.0,3,1,1.2512490469140185,0.9033816425120772,0,0.0,0,9,0.0,0,0,0,0.9333333333333332,0.4,0.0,0.6666666666666666,0.4,0.5,0.25
6117,University of South Africa,https://www.unisa.ac.za,M6,Latin America & Africa,South Africa,0,1,1,200,,False,2026-08-11T11:11:39+00:00,30.236,1,1,9,1,0,0,0,0,1,1,1,1,10,1,1,2027-04-16,1,1,1,1,1,1,1,0,1,0,1,0,1,1,1,1,1,1,1,1,1,1,1,1,0,0,1,0,0,1,1,1,15.43,1,0,0,0,0,0,75,1,0,1,1,0,0,82.9,1,0,0,0.0,3,2,2.215519349061194,0.9565217391304348,0,0.0,0,9,1.0,0,0,0,0.8666666666666667,0.6,0.3333333333333333,0.3333333333333333,0.6,0.625,0.0
6119,Ain Shams University,https://www.asu.edu.eg,M6,Latin America & Africa,Egypt & North Africa,1,0,1,200,en,True,2026-08-11T11:12:23+00:00,17.895,1,1,17,1,0,0,0,1,1,2,1,1,10,1,1,2026-12-08,1,0,1,1,6,1,1,0,1,1,1,0,1,1,1,1,1,1,1,0,1,1,1,1,0,0,0,1,1,1,1,1,8.06,1,1,1,1,0,0,75,1,0,1,1,1,1,100.0,1,0,0,0.0,3,2,0.4772693054155183,0.7632850241545893,0,0.0,0,9,0.54,0,0,0,0.7333333333333333,1.0,0.3333333333333333,1.0,0.6,0.75,0.5
6120,Alexandria University,https://www.alexu.edu.eg,M6,Latin America & Africa,Egypt & North Africa,1,0,0,200,en-gb,True,2026-08-11T11:12:55+00:00,20.257,1,1,9,0,1,0,0,1,1,1,1,1,10,0,0,,1,0,0,1,1,1,1,0,0,1,1,0,1,1,0,1,1,1,1,1,0,1,1,1,0,0,0,1,0,1,1,1,15.43,1,1,0,0,0,0,75,1,2,1,1,1,1,77.8,1,0,0,3650.0,0,2,0.8099608703690139,0.8164251207729468,2,1.0986122886681098,1,9,1.0,1,0,0,0.6666666666666666,0.8,0.3333333333333333,1.0,0.6,0.625,0.0
6121,Mansoura University,https://www.mans.edu.eg,M6,Latin America & Africa,Egypt & North Africa,1,0,0,200,en,True,2026-08-11T11:13:12+00:00,10.138,1,0,0,1,1,0,0,1,1,1,1,0,0,0,1,2026-08-06,1,1,1,1,0,0,0,0,1,1,1,0,1,1,1,1,1,1,0,1,0,1,0,1,0,0,0,0,1,0,1,1,12.63,1,1,0,0,0,0,75,1,0,1,1,1,1,50.6,1,1,0,5.0,3,1,-0.615316837405931,0.2705314009661835,0,0.0,0,9,0.0,0,0,0,0.6,0.6,0.6666666666666666,1.0,0.6,0.5,0.0
6122,Assiut University,https://www.aun.edu.eg,M6,Latin America & Africa,Egypt & North Africa,1,0,1,200,en,False,2026-08-11T11:13:28+00:00,12.979,1,1,11,1,1,0,0,1,0,0,1,1,10,1,1,2026-11-04,1,0,0,1,19,1,1,1,1,1,1,0,1,1,1,1,1,1,1,1,1,1,1,1,0,0,0,1,1,1,1,1,3.79,1,1,1,0,0,0,75,1,0,0,0,1,0,8.7,1,1,0,0.0,3,3,-0.2151573386621206,0.5072463768115942,0,0.0,0,9,0.8533333333333334,0,0,0,0.8,1.0,0.6666666666666666,0.3333333333333333,0.8,0.875,0.25
6124,Helwan University,https://www.helwan.edu.eg,M6,Latin America & Africa,Egypt & North Africa,1,0,0,200,en-gb,True,2026-08-11T11:14:30+00:00,14.411,1,1,8,1,1,0,0,1,1,1,1,0,1,0,1,2026-05-14,1,1,1,0,0,1,0,0,1,0,1,0,1,1,1,1,1,1,1,1,0,1,0,1,0,0,0,0,0,1,1,0,14.94,1,1,0,1,1,0,75,1,1,1,1,1,1,100.0,1,0,0,89.0,3,0,-0.0134577954727025,0.6086956521739131,1,0.6931471805599453,1,9,1.0,0,0,0,0.6666666666666666,0.4,0.3333333333333333,1.0,0.8,0.375,0.5
6125,American University in Cairo,https://www.aucegypt.edu,M6,Latin America & Africa,Egypt & North Africa,1,0,0,200,en,False,2026-08-11T11:14:43+00:00,10.18,1,1,9,1,1,0,0,0,1,1,1,1,3,0,1,2026-08-04,1,1,1,1,13,1,1,1,0,1,1,0,1,1,1,1,1,1,1,1,1,1,1,1,1,0,0,1,1,1,1,1,12.52,1,1,0,0,0,0,75,1,0,1,1,1,1,82.9,1,0,0,7.0,3,3,-0.6094010686811018,0.2777777777777778,0,0.0,0,9,1.0,0,0,0,0.8666666666666667,1.0,0.3333333333333333,1.0,0.8,0.75,0.0
6128,Mohammed V University in Rabat,https://www.um5.ac.ma,M6,Latin America & Africa,Egypt & North Africa,1,0,0,200,en,False,2026-08-11T11:15:20+00:00,10.385,1,1,3,0,0,0,0,0,1,1,0,1,6,0,1,,0,0,1,0,13,1,1,1,0,0,1,0,1,0,0,0,1,1,0,0,0,0,0,1,0,0,0,0,0,1,1,0,6.29,1,1,0,0,0,0,75,1,0,0,1,1,0,95.6,1,0,0,3650.0,1,1,-0.5805264832384825,0.3091787439613526,0,0.0,0,9,0.6,1,0,0,0.2666666666666666,0.4,0.3333333333333333,0.6666666666666666,0.4,0.5,0.0
6129,Cadi Ayyad University,https://www.uca.ma,M6,Latin America & Africa,Egypt & North Africa,1,0,1,200,en,True,2026-08-11T11:15:35+00:00,9.446,1,1,8,1,0,0,0,1,1,0,1,1,4,1,1,2026-09-09,1,1,0,1,2,1,1,1,1,0,1,0,1,1,0,1,1,1,1,0,0,1,1,1,0,0,0,1,0,1,1,1,15.43,1,1,0,0,0,0,75,1,0,1,1,1,0,100.0,1,0,0,0.0,3,3,-0.712786169729309,0.2367149758454106,0,0.0,0,9,1.0,0,0,0,0.6,0.8,0.3333333333333333,0.6666666666666666,0.6,0.75,0.0
6130,Hassan II University of Casablanca,https://www.univh2c.ma,M6,Latin America & Africa,Egypt & North Africa,1,0,0,200,en,True,2026-08-11T11:16:09+00:00,23.017,1,1,3,1,1,0,0,0,1,1,0,1,10,0,1,2023-12-28,1,0,1,0,1,1,1,0,1,0,1,0,1,1,0,0,1,1,1,1,1,0,0,1,1,0,0,1,0,1,1,1,21.0,1,1,0,0,0,0,75,1,0,0,0,1,0,23.7,1,0,0,957.0,2,1,1.1987113865720818,0.893719806763285,0,0.0,0,9,0.6,0,0,0,0.6,0.8,0.3333333333333333,0.3333333333333333,0.8,0.5,0.0
6131,University of Tunis El Manar,https://www.utm.rnu.tn,M6,Latin America & Africa,Egypt & North Africa,1,0,0,200,,False,2026-08-11T11:16:34+00:00,22.348,1,1,6,1,0,0,0,1,1,0,0,1,5,0,0,,0,0,1,0,0,0,0,1,0,0,1,1,1,0,0,0,1,0,1,0,0,0,0,1,0,0,0,1,0,1,1,1,4.48,1,1,0,0,0,0,75,1,0,1,1,1,1,2.6,0,0,0,3650.0,0,0,1.104481641883729,0.8792270531400966,0,0.0,0,9,1.0,1,0,0,0.2666666666666666,0.8,0.0,1.0,0.6,0.375,0.0
6132,University of Ibadan,https://www.ui.edu.ng,M6,Latin America & Africa,Sub-Saharan Africa,1,0,0,200,en,False,2026-08-11T11:16:40+00:00,3.457,1,1,12,0,0,0,0,0,1,1,0,1,3,1,1,2026-08-10,1,0,1,1,7,1,1,1,0,0,1,0,1,1,1,1,1,1,1,1,0,1,0,1,0,0,0,0,0,1,0,1,7.08,1,1,0,0,0,0,75,1,0,0,0,1,1,100.0,1,0,0,1.0,3,3,-1.556346619562706,0.0096618357487922,0,0.0,0,9,0.78,0,0,0,0.6666666666666666,0.4,0.3333333333333333,0.6666666666666666,0.4,0.625,0.0
6134,University of Nigeria Nsukka,https://www.unn.edu.ng,M6,Latin America & Africa,Sub-Saharan Africa,1,0,1,200,en-us,False,2026-08-11T11:16:59+00:00,6.608,1,0,0,1,0,1,0,0,1,1,1,1,10,1,1,2026-08-19,1,1,1,1,5,1,1,0,1,0,1,0,1,1,1,1,1,1,1,1,1,1,1,1,0,0,0,0,1,1,1,0,8.86,1,0,0,0,0,0,90,1,0,1,1,1,1,54.7,1,0,0,0.0,3,2,-1.112523113564203,0.0869565217391304,0,0.0,0,12,0.0,0,0,0,0.8,0.6,0.3333333333333333,1.0,0.6,0.625,0.0
6135,Obafemi Awolowo University,https://www.oauife.edu.ng,M6,Latin America & Africa,Sub-Saharan Africa,1,0,0,200,en-us,False,2026-08-11T11:17:11+00:00,10.01,1,1,4,1,1,0,0,0,1,1,1,0,0,1,1,2026-08-10,1,1,1,1,0,0,0,0,0,1,1,0,1,1,1,1,1,1,0,1,1,1,0,1,0,0,0,0,0,1,1,0,21.0,1,1,0,0,0,0,75,1,0,1,0,1,1,81.8,1,0,0,1.0,3,1,-0.6333458468530299,0.2608695652173913,0,0.0,0,9,0.85,0,0,0,0.6666666666666666,0.4,0.3333333333333333,0.6666666666666666,0.8,0.375,0.0
6137,Covenant University,https://www.covenantuniversity.edu.ng,M6,Latin America & Africa,Sub-Saharan Africa,1,0,0,200,en-gb,False,2026-08-11T11:18:02+00:00,12.055,1,0,0,0,0,0,0,1,1,1,0,1,9,1,1,2026-07-13,1,0,1,1,0,1,0,0,0,1,1,0,1,1,1,1,1,1,1,1,1,1,1,1,1,0,0,0,0,1,1,0,19.95,1,1,0,0,0,0,90,1,0,1,1,1,1,71.8,1,0,0,29.0,3,1,-0.3453042506083651,0.4347826086956521,0,0.0,0,12,0.0,0,0,0,0.8666666666666667,0.4,0.3333333333333333,1.0,0.2,0.5,0.0
6138,University of Ilorin,https://www.unilorin.edu.ng,M6,Latin America & Africa,Sub-Saharan Africa,1,0,0,200,en-us,False,2026-08-11T11:18:13+00:00,7.838,1,1,4,1,0,0,0,0,1,0,1,0,1,1,0,,1,1,1,1,10,1,1,0,0,1,1,0,1,1,1,1,1,1,1,1,1,1,0,1,0,0,0,1,0,1,1,1,2.49,1,1,0,0,0,0,90,1,0,1,0,1,1,41.5,1,0,0,3650.0,1,2,-0.9392756009084878,0.1304347826086956,0,0.0,0,12,0.85,1,0,0,0.7333333333333333,0.8,0.3333333333333333,0.6666666666666666,0.6,0.625,0.0
6139,University of Benin,https://www.uniben.edu,M6,Latin America & Africa,Sub-Saharan Africa,1,0,0,200,en,False,2026-08-11T11:18:28+00:00,10.119,1,1,10,1,0,0,0,0,0,0,1,0,0,0,0,,1,1,1,1,1,1,1,0,0,0,1,0,1,1,1,1,1,1,0,1,0,1,0,1,0,0,0,0,1,1,1,1,15.43,1,1,0,0,0,0,75,1,12,1,0,1,1,87.4,1,0,0,3650.0,0,2,-0.6179930184957347,0.2657004830917874,10,2.3978952727983707,1,9,0.9266666666666666,1,0,0,0.6,0.8,0.3333333333333333,0.6666666666666666,0.6,0.5,0.0
6140,University of Port Harcourt,https://www.uniport.edu.ng,M6,Latin America & Africa,Sub-Saharan Africa,1,0,0,200,en-us,False,2026-08-11T11:18:49+00:00,18.513,1,1,6,1,0,0,0,1,0,0,1,1,4,1,1,2026-07-24,1,0,1,1,9,1,1,0,1,0,1,0,1,1,1,1,1,1,1,1,1,1,0,1,0,1,1,0,1,1,1,1,4.67,1,1,0,0,0,0,90,1,0,0,0,1,1,73.5,1,0,0,18.0,3,2,0.5643156166522926,0.7874396135265701,0,0.0,0,12,1.0,0,0,0,0.8666666666666667,0.8,0.3333333333333333,0.6666666666666666,0.6,0.625,0.0
6142,University of Nairobi,https://www.uonbi.ac.ke,M6,Latin America & Africa,Sub-Saharan Africa,1,0,0,200,en,False,2026-08-11T11:19:19+00:00,18.118,1,1,6,1,0,0,0,1,0,0,1,0,0,1,1,2026-07-15,1,0,1,1,6,1,1,0,0,0,1,1,1,1,1,1,1,1,1,1,1,1,1,1,1,0,1,1,0,1,1,1,4.48,1,1,1,0,1,0,75,1,0,0,0,1,1,34.6,1,0,0,27.0,3,2,0.5086792203116356,0.7729468599033816,0,0.0,0,9,1.0,0,0,0,0.9333333333333332,0.8,0.3333333333333333,0.6666666666666666,0.6,0.625,0.5
6143,Kenyatta University,https://www.ku.ac.ke,M6,Latin America & Africa,Sub-Saharan Africa,1,0,0,200,en-gb,False,2026-08-11T11:19:49+00:00,26.106,1,0,0,1,0,0,0,1,1,0,0,0,0,1,1,2026-08-05,1,0,1,1,1,0,0,0,0,1,1,0,1,1,1,1,1,1,0,1,1,1,0,1,1,0,0,1,0,1,1,1,5.33,1,1,0,0,0,0,90,1,0,0,1,1,1,18.8,1,0,0,6.0,3,2,1.6338020911196465,0.927536231884058,0,0.0,0,12,0.0,0,0,0,0.7333333333333333,0.8,0.3333333333333333,1.0,0.4,0.375,0.0
6144,Moi University,https://www.mu.ac.ke,M6,Latin America & Africa,Sub-Saharan Africa,1,0,1,200,en-us,False,2026-08-11T11:20:10+00:00,15.673,1,1,7,1,0,0,0,0,1,0,1,1,2,1,1,2026-11-19,1,1,1,1,20,0,1,1,0,1,1,0,1,1,1,1,1,1,1,1,1,1,1,1,1,0,0,1,0,1,1,1,13.58,1,1,0,0,0,0,90,1,0,1,0,1,0,38.5,1,0,0,0.0,3,3,0.1642969695447873,0.6570048309178744,0,0.0,0,12,1.0,0,0,0,0.8666666666666667,0.8,0.3333333333333333,0.3333333333333333,0.6,0.625,0.0
6145,Jomo Kenyatta University of Agriculture and Technology,https://www.jkuat.ac.ke,M6,Latin America & Africa,Sub-Saharan Africa,1,0,0,200,en-us,False,2026-08-11T11:20:27+00:00,13.655,1,1,7,1,0,0,0,0,1,1,1,1,2,1,0,,1,0,1,1,1,1,1,0,1,0,1,0,1,1,1,1,1,1,1,1,1,1,1,1,0,0,0,0,0,1,1,0,21.0,1,1,0,0,0,0,75,1,0,1,0,0,0,90.0,1,0,0,3650.0,1,2,-0.11994163251963,0.5458937198067633,0,0.0,0,9,1.0,1,0,0,0.8,0.4,0.3333333333333333,0.0,0.6,0.625,0.0
6146,Strathmore University,https://www.strathmore.edu,M6,Latin America & Africa,Sub-Saharan Africa,1,0,0,200,en,False,2026-08-11T11:20:58+00:00,28.196,1,1,7,1,1,0,0,0,0,0,0,1,4,1,0,,1,1,1,1,0,1,0,0,0,0,1,0,1,1,1,0,1,1,1,1,1,1,1,1,0,0,0,0,0,1,1,1,21.0,1,1,0,0,0,0,90,1,1,1,1,1,0,69.2,1,0,0,3650.0,1,1,1.928182010998057,0.9371980676328504,1,0.6931471805599453,1,12,1.0,1,0,0,0.7333333333333333,0.6,0.3333333333333333,0.6666666666666666,0.8,0.375,0.0
6147,University of Ghana,https://www.ug.edu.gh,M6,Latin America & Africa,Sub-Saharan Africa,1,0,0,200,en,False,2026-08-11T11:21:14+00:00,13.772,1,1,4,1,0,0,0,0,0,0,1,0,0,1,1,2026-08-06,1,1,1,1,5,1,1,1,0,1,1,0,1,1,1,1,1,1,0,1,1,1,0,1,0,0,0,1,0,1,1,1,15.43,1,0,0,0,0,0,90,1,0,0,0,1,1,66.7,1,0,0,5.0,3,3,-0.1034619910718911,0.5555555555555556,0,0.0,0,12,0.85,0,0,0,0.6666666666666666,0.8,0.3333333333333333,0.6666666666666666,0.6,0.75,0.0
6148,Kwame Nkrumah University of Science and Technology,https://www.knust.edu.gh,M6,Latin America & Africa,Sub-Saharan Africa,1,0,0,200,en,False,2026-08-11T11:21:49+00:00,32.524,1,1,8,1,0,0,0,0,1,1,0,0,0,1,1,2026-08-07,1,1,1,1,1,1,1,0,0,1,1,1,1,1,1,1,1,1,1,1,1,1,1,1,0,0,1,1,0,1,1,1,4.83,1,1,0,0,0,0,75,1,3,1,0,1,1,35.0,1,0,0,4.0,3,2,2.537787892928085,0.9710144927536232,3,1.3862943611198906,1,9,1.0,0,0,0,0.8666666666666667,0.8,0.3333333333333333,0.6666666666666666,0.6,0.75,0.0
6149,University of Cape Coast,https://www.ucc.edu.gh,M6,Latin America & Africa,Sub-Saharan Africa,1,0,0,200,en,False,2026-08-11T11:22:03+00:00,8.538,1,1,7,1,0,1,0,1,1,1,1,1,10,1,1,2026-08-08,1,0,1,1,2,1,1,1,0,0,1,0,1,1,0,1,1,1,1,1,1,1,0,1,0,0,0,1,0,1,1,1,21.0,0,1,0,0,1,0,90,1,0,1,1,1,1,95.7,1,1,0,3.0,3,3,-0.8406794554946662,0.1739130434782608,0,0.0,0,12,1.0,0,0,0,0.6666666666666666,0.8,0.6666666666666666,1.0,0.8,0.625,0.25
6150,Cheikh Anta Diop University,https://www.ucad.sn,M6,Latin America & Africa,Sub-Saharan Africa,1,0,1,200,fr,False,2026-08-11T11:22:22+00:00,11.925,1,1,8,1,0,0,0,0,1,1,0,1,5,1,1,2026-11-13,1,0,1,0,0,0,0,1,0,1,1,1,1,1,1,1,1,1,1,1,1,0,0,1,0,1,0,1,0,1,1,1,5.89,1,1,0,0,0,0,75,1,1,1,0,1,1,40.5,1,0,1,0.0,3,0,-0.3636149633280747,0.429951690821256,1,0.6931471805599453,1,9,1.0,0,0,0,0.7333333333333333,0.8,0.6666666666666666,0.6666666666666666,0.6,0.5,0.0
6151,University of Dar es Salaam,https://www.udsm.ac.tz,M6,Latin America & Africa,Sub-Saharan Africa,1,0,1,200,en,False,2026-08-11T11:22:59+00:00,26.007,1,1,7,0,0,0,0,0,1,1,1,1,7,1,1,2026-10-23,1,0,1,1,12,0,0,1,1,1,1,0,1,1,1,1,1,1,1,1,1,1,0,1,1,1,0,1,0,1,1,1,12.63,1,1,0,0,0,0,75,1,0,1,0,1,1,97.0,1,0,0,0.0,3,3,1.619857779125406,0.9227053140096618,0,0.0,0,9,1.0,0,0,0,0.8666666666666667,0.8,0.3333333333333333,0.6666666666666666,0.4,0.625,0.0
6152,Makerere University,https://www.mak.ac.ug,M6,Latin America & Africa,Sub-Saharan Africa,1,0,0,200,en,False,2026-08-11T11:23:18+00:00,15.326,1,1,6,1,0,0,0,0,1,1,1,1,4,1,1,2026-08-07,1,1,1,1,14,1,1,1,0,0,1,0,1,1,1,1,1,1,1,1,1,1,0,1,1,1,1,0,0,1,1,0,14.55,1,1,0,0,0,0,75,1,0,1,0,1,1,31.6,1,1,0,4.0,3,3,0.1154214517467929,0.642512077294686,0,0.0,0,9,1.0,0,0,0,0.9333333333333332,0.4,0.6666666666666666,0.6666666666666666,0.6,0.625,0.0
6153,Addis Ababa University,https://www.aau.edu.et,M6,Latin America & Africa,Sub-Saharan Africa,1,0,0,200,en,False,2026-08-11T11:23:32+00:00,11.874,1,1,1,1,0,1,1,1,0,0,1,0,0,1,1,2026-08-10,1,0,1,1,1,1,1,0,1,0,1,0,1,1,0,1,1,1,0,1,0,1,0,1,0,0,0,0,0,1,1,1,20.01,0,0,1,0,0,0,90,1,0,1,1,1,0,95.9,1,0,0,1.0,3,2,-0.3707983967796532,0.4251207729468599,0,0.0,0,12,0.15,0,0,0,0.5333333333333333,0.6,0.3333333333333333,0.6666666666666666,0.8,0.625,0.25
6154,University of Botswana,https://www.ub.bw,M6,Latin America & Africa,Sub-Saharan Africa,1,0,1,200,en,False,2026-08-11T11:23:53+00:00,16.259,1,1,5,1,0,0,0,0,0,0,0,1,2,0,1,2026-10-15,1,0,1,1,5,1,1,1,0,0,1,0,1,0,0,0,1,1,0,1,0,1,0,1,0,0,1,1,0,1,1,0,5.15,1,0,0,0,0,0,75,1,1,0,0,1,1,84.2,1,0,0,0.0,3,3,0.2468360284197866,0.714975845410628,1,0.6931471805599453,1,9,1.0,0,0,0,0.4666666666666667,0.6,0.3333333333333333,0.6666666666666666,0.6,0.625,0.0
6155,University of Zimbabwe,https://www.uz.ac.zw,M6,Latin America & Africa,Sub-Saharan Africa,1,0,0,200,en-gb,False,2026-08-11T11:24:09+00:00,13.172,1,1,7,1,0,0,0,0,0,0,0,1,6,1,0,,1,0,1,1,0,0,0,0,0,0,1,0,1,1,1,1,1,1,0,1,1,1,0,1,1,0,1,0,0,1,1,0,5.33,1,0,0,0,0,0,75,1,1,1,1,1,1,47.8,1,0,0,3650.0,1,1,-0.1879729728551668,0.5120772946859904,1,0.6931471805599453,1,9,1.0,1,0,0,0.8,0.4,0.3333333333333333,1.0,0.6,0.25,0.0
6301,Federal University of Campina Grande,https://www.ufcg.edu.br,M6,Latin America & Africa,Brazil,0,1,0,200,en,True,2026-08-11T11:48:57+00:00,22.9,1,1,4,0,1,0,0,0,0,0,0,0,0,0,0,,0,0,0,0,0,0,0,0,0,0,1,0,0,0,0,0,0,0,0,0,0,0,0,0,0,0,0,0,0,0,1,0,12.63,1,0,0,0,0,0,75,1,2,1,0,1,1,100.0,1,0,0,3650.0,0,0,1.182231745124343,0.8888888888888888,2,1.0986122886681098,1,9,0.85,1,0,0,0.0,0.2,0.3333333333333333,0.6666666666666666,0.6,0.125,0.0
6302,Federal University of Ouro Preto,https://www.ufop.br,M6,Latin America & Africa,Brazil,0,1,0,200,en,True,2026-08-11T11:49:35+00:00,20.352,1,1,7,1,0,1,0,1,0,0,0,0,0,0,1,2025-07-04,0,0,0,0,0,1,1,0,0,1,1,0,1,1,0,1,1,1,1,1,0,0,0,1,0,0,0,0,0,0,1,0,1.17,1,0,0,0,0,0,75,1,2,0,0,1,1,33.3,1,1,0,403.0,2,0,0.8233417758180324,0.821256038647343,2,1.0986122886681098,1,9,1.0,0,0,0,0.5333333333333333,0.2,0.6666666666666666,0.6666666666666666,0.8,0.5,0.0
6305,Ceara State University,https://www.uece.br,M6,Latin America & Africa,Brazil,0,1,0,200,pt-br,False,2026-08-11T11:50:29+00:00,14.276,1,1,9,0,0,0,0,0,0,0,0,0,0,0,0,,0,1,0,0,0,0,0,0,0,0,1,0,0,0,0,0,0,0,0,0,0,0,0,1,1,0,0,0,0,1,1,1,21.0,1,1,0,0,0,0,75,1,0,0,0,1,1,51.7,1,0,0,3650.0,0,0,-0.0324727663739396,0.5845410628019324,0,0.0,0,9,1.0,1,0,0,0.1333333333333333,0.6,0.3333333333333333,0.6666666666666666,0.4,0.125,0.0
6306,Amazonas State University,https://www.uea.edu.br,M6,Latin America & Africa,Brazil,0,1,0,200,pt-br,False,2026-08-11T11:50:47+00:00,15.191,1,1,7,1,0,0,0,0,0,0,0,0,0,0,0,,0,1,0,0,1,1,1,0,0,0,1,0,0,0,0,0,0,0,0,0,0,0,0,0,0,0,0,1,0,1,1,1,3.9,1,1,0,0,0,0,90,1,0,1,1,1,1,77.6,1,0,0,3650.0,0,1,0.0964064808455559,0.6376811594202898,0,0.0,0,12,1.0,1,0,0,0.0,0.8,0.3333333333333333,1.0,0.6,0.375,0.0
6307,Federal University of Grande Dourados,https://www.ufgd.edu.br,M6,Latin America & Africa,Brazil,0,1,1,200,en,False,2026-08-11T11:51:01+00:00,10.955,1,1,7,1,1,0,0,0,0,0,1,1,10,1,1,2026-10-08,1,1,1,1,2,1,0,1,1,0,1,1,1,1,1,1,1,1,0,1,0,0,1,1,1,0,0,1,1,0,1,1,12.63,1,1,0,0,0,0,75,1,3,1,0,1,1,93.1,1,1,0,0.0,3,3,-0.5002410505443705,0.3429951690821256,3,1.3862943611198906,1,9,1.0,0,0,0,0.6666666666666666,0.8,0.6666666666666666,0.6666666666666666,0.8,0.75,0.0
6308,Federal University of Rio Grande,https://www.furg.br,M6,Latin America & Africa,Brazil,0,1,0,200,en-gb,True,2026-08-11T11:51:18+00:00,9.323,1,1,10,1,1,1,0,0,0,0,0,0,0,0,0,,1,1,1,0,0,1,1,0,0,0,1,0,1,1,0,0,1,1,1,1,0,0,1,1,1,0,0,0,1,0,1,0,12.81,1,1,0,0,0,0,75,1,10,1,1,1,0,66.7,1,1,0,3650.0,0,0,-0.7301109209948804,0.2270531400966183,10,2.3978952727983707,1,9,0.9266666666666666,1,0,0,0.6,0.4,0.6666666666666666,0.6666666666666666,1.0,0.375,0.0
6309,University of Fortaleza,https://www.unifor.br,M6,Latin America & Africa,Brazil,0,1,0,200,en-us,True,2026-08-11T11:52:09+00:00,28.348,1,1,1,1,1,0,0,0,0,0,0,0,0,0,0,,1,0,0,0,18,1,1,0,0,0,1,0,0,0,0,0,0,0,0,0,0,0,0,0,0,0,0,1,0,0,1,1,15.43,1,1,1,0,0,0,100,1,0,1,1,1,1,69.0,1,0,0,3650.0,0,1,1.9495914597164865,0.9420289855072465,0,0.0,0,13,0.15,1,0,0,0.0,0.6,0.3333333333333333,1.0,0.8,0.375,0.25
6310,Autonomous University of Queretaro,https://www.uaq.mx,M6,Latin America & Africa,Mexico,0,1,0,200,es-es,False,2026-08-11T11:52:26+00:00,12.284,1,1,7,1,0,0,0,1,1,1,0,0,0,0,0,,0,1,0,0,0,1,1,0,0,0,1,0,1,0,0,0,0,0,0,0,0,0,0,1,0,0,0,0,0,0,1,1,9.76,1,1,0,0,0,0,75,1,2,1,1,1,1,16.9,1,0,0,3650.0,0,0,-0.3130492258944148,0.4492753623188406,2,1.0986122886681098,1,9,1.0,1,0,0,0.1333333333333333,0.4,0.3333333333333333,1.0,0.6,0.375,0.0
6311,Autonomous University of Hidalgo,https://www.uaeh.edu.mx,M6,Latin America & Africa,Mexico,0,1,0,200,es,False,2026-08-11T11:52:41+00:00,12.285,1,1,8,1,0,0,0,1,0,0,0,1,3,0,1,,0,1,0,0,4,1,1,1,0,1,1,0,1,0,0,0,0,0,0,0,0,1,0,0,0,0,0,0,0,1,1,0,12.63,1,0,0,0,0,0,75,1,1,1,1,1,1,67.7,1,0,0,3650.0,1,1,-0.3129083742581094,0.4541062801932367,1,0.6931471805599453,1,9,1.0,1,0,0,0.1333333333333333,0.4,0.3333333333333333,1.0,0.6,0.625,0.0
6312,University of Sonora,https://www.unison.mx,M6,Latin America & Africa,Mexico,0,1,0,200,es-es,False,2026-08-11T11:52:58+00:00,13.514,1,1,4,1,0,0,0,0,0,0,0,0,0,0,0,,0,1,0,0,0,0,0,0,0,1,1,0,1,0,0,0,0,0,0,0,0,0,0,0,0,0,0,1,0,1,1,1,16.29,1,1,0,0,0,0,75,1,0,0,0,1,1,99.1,1,0,0,3650.0,0,0,-0.1398017132386998,0.5314009661835749,0,0.0,0,9,0.85,1,0,0,0.0666666666666666,0.8,0.3333333333333333,0.6666666666666666,0.6,0.25,0.0
6315,National University of Mar del Plata,https://www.mdp.edu.ar,M6,Latin America & Africa,Argentina,0,0,0,200,es-es,False,2026-08-11T11:53:57+00:00,13.719,1,1,8,1,0,0,0,1,1,1,0,0,0,0,0,,1,0,0,0,20,1,1,0,0,1,1,0,0,0,0,1,0,0,0,0,0,0,0,1,1,0,0,1,0,0,1,1,21.0,1,1,0,0,0,0,50,1,1,1,1,1,0,89.2,1,0,0,3650.0,0,1,-0.1109271277960805,0.5507246376811594,1,0.6931471805599453,1,5,1.0,1,0,0,0.2,0.6,0.3333333333333333,0.6666666666666666,0.6,0.5,0.0
6317,National University of San Luis,https://www.unsl.edu.ar,M6,Latin America & Africa,Argentina,0,0,0,200,en,False,2026-08-11T11:54:48+00:00,11.336,1,1,6,1,0,0,0,0,0,0,1,1,9,1,0,,1,1,0,1,0,1,1,0,1,0,1,0,0,0,1,1,0,0,1,1,0,1,0,1,0,0,0,1,1,0,1,1,13.06,1,1,0,0,0,0,75,1,0,1,1,1,0,98.6,1,0,0,3650.0,1,1,-0.4465765771119904,0.3816425120772946,0,0.0,0,9,1.0,1,0,0,0.4,0.8,0.3333333333333333,0.6666666666666666,0.6,0.625,0.0
6321,Catholic University of the North,https://www.ucn.cl,M6,Latin America & Africa,Chile,0,0,0,200,es,True,2026-08-11T11:56:50+00:00,10.921,1,1,9,1,1,0,0,0,0,0,0,1,10,0,0,,0,0,0,0,0,1,1,0,0,0,1,0,0,0,0,0,0,0,0,0,0,1,0,1,1,0,0,1,0,1,1,1,10.7,1,1,0,0,0,0,75,1,0,0,1,1,1,18.5,1,0,0,3650.0,0,0,-0.5050300061787563,0.3381642512077294,0,0.0,0,9,1.0,1,0,0,0.2,0.8,0.3333333333333333,1.0,0.8,0.375,0.0
6322,University of Lima,https://www.ulima.edu.pe,M6,Latin America & Africa,Peru & Andes,1,0,0,200,en,True,2026-08-11T11:57:11+00:00,11.474,1,1,1,1,1,0,0,0,1,1,1,1,10,0,0,,1,0,1,0,0,1,1,0,1,1,1,0,1,1,1,1,1,1,1,1,1,1,0,0,0,0,0,1,0,1,1,1,21.0,1,1,1,0,1,0,75,1,0,1,1,1,0,12.9,1,0,0,3650.0,0,0,-0.427139051301837,0.3961352657004831,0,0.0,0,9,0.15,1,0,0,0.6666666666666666,0.8,0.3333333333333333,0.6666666666666666,0.8,0.625,0.5
6324,Tshwane University of Technology,https://www.tut.ac.za,M6,Latin America & Africa,South Africa,0,1,0,200,en,False,2026-08-11T11:57:24+00:00,4.713,1,1,4,1,0,0,0,0,1,1,0,0,0,1,1,2026-08-11,1,1,1,1,0,1,1,0,0,0,1,0,1,1,1,1,1,1,1,1,1,1,1,1,1,0,1,1,0,1,1,1,8.2,1,1,0,0,0,0,90,1,0,1,1,1,0,100.0,1,0,0,0.0,3,1,-1.3794369643630489,0.0193236714975845,0,0.0,0,12,0.85,0,0,0,0.9333333333333332,0.8,0.3333333333333333,0.6666666666666666,0.6,0.5,0.0
6325,Cape Peninsula University of Technology,https://www.cput.ac.za,M6,Latin America & Africa,South Africa,0,1,0,200,en-gb,False,2026-08-11T11:57:45+00:00,17.914,1,1,2,1,1,0,0,0,0,1,1,0,0,0,1,2026-08-11,1,0,1,1,18,1,1,0,1,0,1,0,1,1,1,1,1,1,1,1,0,1,1,1,0,0,0,0,0,1,1,1,12.63,1,1,0,0,0,0,90,1,0,1,1,1,0,65.6,1,0,0,0.0,3,2,0.4799454865053223,0.7681159420289855,0,0.0,0,12,0.35,0,0,0,0.7333333333333333,0.6,0.3333333333333333,0.6666666666666666,0.8,0.625,0.0
6326,Durban University of Technology,https://www.dut.ac.za,M6,Latin America & Africa,South Africa,0,1,0,200,en-us,False,2026-08-11T11:58:13+00:00,25.501,1,1,10,1,0,0,0,1,0,0,1,0,0,1,1,2026-08-04,1,1,1,1,6,1,1,1,1,1,1,1,1,1,1,1,1,1,1,1,1,1,1,1,0,0,0,1,0,1,1,1,4.48,1,1,1,0,0,0,90,1,2,1,1,0,0,23.1,1,0,0,7.0,3,3,1.5485868511548435,0.9130434782608696,2,1.0986122886681098,1,12,0.9266666666666666,0,0,0,0.8,0.8,0.3333333333333333,0.3333333333333333,0.6,1.0,0.25
6327,University of Limpopo,https://www.ul.ac.za,M6,Latin America & Africa,South Africa,0,1,0,200,en-us,False,2026-08-11T11:58:30+00:00,13.528,1,1,9,1,0,0,0,0,1,1,1,1,10,1,1,2026-08-05,1,1,1,1,6,1,0,0,0,1,1,0,1,1,1,1,1,1,1,1,1,1,0,1,1,1,1,1,0,1,1,1,4.32,1,1,0,0,0,0,90,1,0,1,1,1,1,19.1,1,0,0,6.0,3,2,-0.1378297903304232,0.5362318840579711,0,0.0,0,12,1.0,0,0,0,0.9333333333333332,0.8,0.3333333333333333,1.0,0.6,0.5,0.0
6328,University of Fort Hare,https://www.ufh.ac.za,M6,Latin America & Africa,South Africa,0,1,1,200,en-us,False,2026-08-11T11:58:37+00:00,4.941,1,1,4,1,0,0,0,0,1,1,1,1,8,1,1,2026-09-28,1,1,1,1,8,0,0,1,1,0,1,0,1,1,1,1,1,1,1,1,1,1,1,1,0,1,0,0,0,1,1,1,12.63,1,1,0,0,0,0,90,1,0,1,1,1,1,65.0,1,1,0,0.0,3,3,-1.347322791285404,0.0241545893719806,0,0.0,0,12,0.85,0,0,0,0.8666666666666667,0.6,0.6666666666666666,1.0,0.6,0.5,0.0
6329,University of Zululand,https://www.unizulu.ac.za,M6,Latin America & Africa,South Africa,0,1,0,200,en-us,False,2026-08-11T11:59:01+00:00,20.847,1,1,7,1,1,0,0,0,1,0,1,1,4,1,0,,1,1,1,0,1,1,1,1,0,0,1,1,1,1,0,1,1,1,0,1,1,1,0,1,1,0,0,0,0,1,1,0,8.21,1,0,0,0,0,0,90,1,0,1,0,1,0,55.2,1,0,0,3650.0,1,1,0.893063335789235,0.8454106280193237,0,0.0,0,12,1.0,1,0,0,0.6666666666666666,0.4,0.3333333333333333,0.3333333333333333,0.8,0.625,0.0
6331,University of Carthage,https://www.ucar.rnu.tn,M6,Latin America & Africa,Egypt & North Africa,1,0,0,200,en-us,False,2026-08-11T11:59:52+00:00,13.957,1,1,11,1,0,0,0,1,1,1,1,0,0,0,1,2026-06-12,1,0,1,1,0,1,1,0,1,1,1,0,1,1,1,1,1,1,1,0,1,1,0,1,0,0,0,0,0,1,1,0,13.58,1,0,0,0,0,0,90,1,0,1,0,1,1,31.4,1,0,0,60.0,3,1,-0.077404438355381,0.5652173913043478,0,0.0,0,12,0.8533333333333334,0,0,0,0.6666666666666666,0.4,0.3333333333333333,0.6666666666666666,0.6,0.75,0.0
6332,Houari Boumediene University of Science and Technology,https://www.usthb.dz,M6,Latin America & Africa,Egypt & North Africa,1,0,1,200,en,False,2026-08-11T12:00:07+00:00,11.492,1,1,7,1,0,0,0,0,0,0,0,1,3,1,1,2026-08-20,1,0,1,0,2,1,1,0,0,0,1,0,1,1,1,1,1,1,0,1,0,1,0,1,0,0,0,1,0,1,1,1,21.0,1,1,0,0,0,0,75,1,0,1,0,1,0,37.1,1,0,0,0.0,3,1,-0.4246037218483387,0.4009661835748792,0,0.0,0,9,1.0,0,0,0,0.6,0.8,0.3333333333333333,0.3333333333333333,0.6,0.375,0.0
6333,Ferhat Abbas University of Setif,https://www.univ-setif.dz,M6,Latin America & Africa,Egypt & North Africa,1,0,0,200,ar-aa,False,2026-08-11T12:00:23+00:00,12.671,1,1,4,1,0,0,0,0,0,0,0,1,10,0,0,,0,0,0,0,1,1,1,0,0,0,1,0,0,0,0,0,0,0,0,0,0,0,0,1,0,0,0,0,0,1,1,0,15.33,1,0,0,0,0,0,75,1,0,1,1,1,1,17.7,1,0,0,3650.0,0,1,-0.2585396426442021,0.4782608695652174,0,0.0,0,9,0.85,1,0,0,0.0666666666666666,0.4,0.3333333333333333,1.0,0.6,0.375,0.0
6335,Mohammed VI Polytechnic University,https://www.um6p.ma,M6,Latin America & Africa,Egypt & North Africa,1,0,0,200,en,False,2026-08-11T12:01:02+00:00,30.975,1,1,7,1,0,0,0,1,1,1,1,0,0,0,1,2026-08-03,1,0,1,1,0,1,1,1,0,1,1,0,1,1,0,1,1,1,1,0,0,1,1,1,0,0,0,0,0,1,1,1,15.43,1,1,1,0,1,0,50,1,0,1,1,1,1,96.4,1,0,0,8.0,3,1,2.3196087082909287,0.961352657004831,0,0.0,0,5,1.0,0,0,0,0.6,0.6,0.3333333333333333,1.0,0.6,0.75,0.5
6336,University of Rwanda,https://www.ur.ac.rw,M6,Latin America & Africa,Sub-Saharan Africa,1,0,0,200,fr,False,2026-08-11T12:01:25+00:00,13.948,1,1,5,1,0,0,0,1,0,0,1,1,8,1,1,2026-08-11,1,1,1,1,0,1,1,1,1,1,1,0,1,1,1,1,1,1,0,1,0,0,0,1,0,1,0,1,0,1,1,1,3.54,1,1,0,0,0,0,75,1,0,1,0,1,0,60.0,1,0,0,0.0,3,1,-0.0786721030821302,0.5603864734299517,0,0.0,0,9,1.0,0,0,0,0.6,0.8,0.3333333333333333,0.3333333333333333,0.6,0.875,0.0
6337,Sokoine University of Agriculture,https://www.sua.ac.tz,M6,Latin America & Africa,Sub-Saharan Africa,1,0,1,200,en,False,2026-08-11T12:01:34+00:00,5.349,1,1,6,1,0,0,0,0,1,1,1,0,0,1,1,2026-09-18,1,0,1,1,6,1,1,1,0,0,1,0,1,1,1,1,1,1,1,1,1,1,1,1,1,1,0,0,1,1,1,1,16.67,1,1,0,0,0,0,75,1,0,1,1,1,1,100.0,1,0,0,0.0,3,3,-1.2898553236727766,0.0338164251207729,0,0.0,0,9,1.0,0,0,0,0.9333333333333332,0.8,0.3333333333333333,1.0,0.6,0.625,0.0
6338,Jimma University,https://www.ju.edu.et,M6,Latin America & Africa,Sub-Saharan Africa,1,0,1,200,en-us,False,2026-08-11T12:01:47+00:00,9.565,1,1,1,1,0,0,0,0,0,0,1,1,4,0,1,2026-08-21,1,1,1,1,1,0,1,0,0,1,1,0,1,1,1,1,1,1,0,1,1,1,1,1,0,0,1,1,0,1,1,1,9.74,1,1,0,0,0,0,90,1,0,1,0,1,0,30.9,1,0,0,0.0,3,2,-0.6960248250089593,0.2463768115942029,0,0.0,0,12,0.15,0,0,0,0.8,0.8,0.3333333333333333,0.3333333333333333,0.6,0.5,0.0
6339,Mekelle University,https://www.mu.edu.et,M6,Latin America & Africa,Sub-Saharan Africa,1,0,0,200,en-gb,False,2026-08-11T12:01:56+00:00,5.912,1,1,6,1,0,0,0,1,0,0,1,0,0,1,1,2026-08-04,1,0,0,1,0,0,0,0,0,0,0,0,0,1,0,1,1,1,0,1,0,1,0,1,1,0,0,0,0,1,1,0,15.33,0,1,0,0,0,0,90,1,21,1,1,1,1,100.0,1,0,0,7.0,3,1,-1.2105558524328026,0.0531400966183574,10,2.3978952727983707,1,12,1.0,0,0,0,0.5333333333333333,0.4,0.3333333333333333,1.0,0.6,0.125,0.0
6340,University of Zambia,https://www.unza.zm,M6,Latin America & Africa,Sub-Saharan Africa,1,0,0,200,en,False,2026-08-11T12:02:11+00:00,12.302,1,1,6,1,0,0,0,0,1,1,0,0,0,1,1,2026-02-17,1,1,1,1,1,1,1,1,0,1,1,0,1,1,1,1,1,1,0,1,1,1,1,1,1,0,0,0,0,1,0,1,21.0,1,0,0,0,0,0,75,1,0,1,0,1,1,64.7,1,0,1,175.0,2,3,-0.3105138964409167,0.4589371980676328,0,0.0,0,9,1.0,0,0,0,0.8,0.4,0.6666666666666666,0.6666666666666666,0.6,0.75,0.0
6342,University of Mauritius,https://www.uom.ac.mu,M6,Latin America & Africa,Sub-Saharan Africa,1,0,0,200,en-gb,False,2026-08-11T12:03:07+00:00,17.061,1,1,8,1,0,0,0,0,1,1,1,0,0,0,0,,1,1,1,1,0,0,0,0,0,0,1,0,1,1,1,1,1,1,1,1,1,1,1,1,1,0,0,1,0,1,1,0,15.43,1,1,0,0,0,0,75,1,44,0,0,1,1,82.4,1,0,0,3650.0,0,1,0.3597990407367651,0.7342995169082126,10,2.3978952727983707,1,9,1.0,1,0,0,0.8666666666666667,0.6,0.3333333333333333,0.6666666666666666,0.6,0.25,0.0
6343,University of Malawi,https://www.unima.ac.mw,M6,Latin America & Africa,Sub-Saharan Africa,1,0,0,200,en,False,2026-08-11T12:03:20+00:00,10.387,1,0,0,1,0,0,0,1,0,0,1,0,1,1,1,2026-08-10,1,0,1,1,0,1,1,0,1,0,1,0,1,1,1,1,1,1,1,1,0,1,1,1,1,0,0,1,0,1,1,1,10.41,1,1,0,0,1,0,75,1,1,0,0,1,1,2.3,1,0,0,1.0,3,1,-0.5802447799658715,0.3140096618357488,1,0.6931471805599453,1,9,0.0,0,0,0,0.8,0.8,0.3333333333333333,0.6666666666666666,0.4,0.625,0.25
6344,Nnamdi Azikiwe University,https://www.unizik.edu.ng,M6,Latin America & Africa,Sub-Saharan Africa,1,0,0,200,en,False,2026-08-11T12:03:28+00:00,3.551,1,1,7,0,0,0,0,0,1,1,1,1,10,0,1,2026-08-02,1,0,1,1,8,1,1,1,1,0,1,0,1,1,1,1,1,1,1,1,0,1,0,1,1,1,0,0,0,1,0,0,16.79,1,0,0,0,0,0,90,1,0,1,1,1,1,100.0,1,0,0,9.0,3,3,-1.5431065657499927,0.0144927536231884,0,0.0,0,12,1.0,0,0,0,0.8,0.2,0.3333333333333333,1.0,0.4,0.75,0.0
6345,University of Jos,https://www.unijos.edu.ng,M6,Latin America & Africa,Sub-Saharan Africa,1,0,1,200,en,False,2026-08-11T12:03:46+00:00,15.486,1,1,7,1,0,0,0,0,0,0,1,1,10,0,1,2026-08-31,1,1,1,1,20,1,1,0,1,1,1,0,1,1,1,1,1,1,1,1,1,1,1,1,0,0,0,1,0,1,1,1,4.94,1,1,0,0,0,0,75,1,1,1,0,1,1,40.0,1,0,0,0.0,3,2,0.1379577135556665,0.6521739130434783,1,0.6931471805599453,1,9,1.0,0,0,0,0.8,0.8,0.3333333333333333,0.6666666666666666,0.6,0.75,0.0
6349,University of Education Winneba,https://www.uew.edu.gh,M6,Latin America & Africa,Sub-Saharan Africa,1,0,0,200,en,False,2026-08-11T12:04:53+00:00,9.459,1,1,7,1,0,0,0,0,1,1,1,1,4,1,1,2026-07-29,1,1,1,1,9,1,1,1,1,1,1,1,1,1,1,1,1,1,0,1,1,1,0,1,1,0,0,0,0,1,1,0,21.0,1,1,0,0,0,0,100,1,0,0,0,1,1,83.3,1,0,0,13.0,3,3,-0.7109550984573381,0.2415458937198067,0,0.0,0,13,1.0,0,0,0,0.7333333333333333,0.4,0.3333333333333333,0.6666666666666666,0.6,1.0,0.0
6350,Felix Houphouet-Boigny University,https://www.univ-fhb.edu.ci,M6,Latin America & Africa,Sub-Saharan Africa,1,0,0,200,fr-fr,False,2026-08-11T12:05:03+00:00,6.899,1,1,6,1,0,0,0,0,0,0,0,0,0,1,1,2025-05-14,1,1,0,1,0,1,1,1,1,0,1,0,1,1,1,1,1,1,1,0,0,1,0,0,0,0,0,0,0,1,1,0,12.63,1,0,0,0,0,0,90,1,1,1,0,1,1,17.6,1,0,0,454.0,2,1,-1.0715352873993145,0.1111111111111111,1,0.6931471805599453,1,12,1.0,0,0,0,0.5333333333333333,0.4,0.3333333333333333,0.6666666666666666,0.6,0.75,0.0
6351,University of Lome,https://www.univ-lome.tg,M6,Latin America & Africa,Sub-Saharan Africa,1,0,0,200,en-us,True,2026-08-11T12:05:29+00:00,17.339,1,0,0,1,1,0,0,0,0,0,0,0,1,0,1,2024-06-18,1,0,1,1,6,0,0,0,1,0,1,1,1,1,1,0,1,1,1,0,1,1,1,1,1,0,0,0,0,1,1,1,5.33,1,1,0,0,0,0,90,1,2,1,0,1,0,10.5,1,0,0,784.0,2,2,0.3989557956296827,0.7536231884057971,2,1.0986122886681098,1,12,0.0,0,0,0,0.7333333333333333,0.6,0.3333333333333333,0.3333333333333333,0.6,0.5,0.0
6353,Technical University of Kenya,https://www.tukenya.ac.ke,M6,Latin America & Africa,Sub-Saharan Africa,1,0,1,200,en,False,2026-08-11T12:06:16+00:00,8.887,1,1,8,0,0,0,0,0,1,1,1,0,0,1,1,2026-11-20,1,1,1,1,4,1,1,1,1,0,1,0,1,1,1,1,1,1,1,1,1,1,0,1,0,1,0,1,0,1,1,1,21.0,1,1,0,0,1,0,75,1,0,1,1,1,1,100.0,1,0,0,0.0,3,3,-0.7915222344240608,0.1980676328502415,0,0.0,0,9,1.0,0,0,0,0.8,0.8,0.3333333333333333,1.0,0.4,0.75,0.25
6354,Multimedia University of Kenya,https://www.mmu.ac.ke,M6,Latin America & Africa,Sub-Saharan Africa,1,0,0,200,en-us,False,2026-08-11T12:06:30+00:00,12.213,1,0,0,1,1,0,0,0,1,1,0,0,1,1,1,2026-08-06,1,0,1,1,1,0,0,0,0,0,1,0,1,1,1,1,1,1,1,1,0,1,0,1,1,0,0,1,0,1,1,1,5.33,1,1,0,0,1,0,90,1,3,0,0,1,1,33.3,1,0,0,5.0,3,2,-0.3230496920721026,0.4444444444444444,3,1.3862943611198906,1,12,0.0,0,0,0,0.7333333333333333,0.8,0.3333333333333333,0.6666666666666666,0.6,0.25,0.25
6401,Federal University of Lavras,https://www.ufla.br,M6,Latin America & Africa,Brazil,0,1,0,200,pt-br,False,2026-08-11T13:01:36+00:00,21.734,1,1,6,1,0,0,0,0,0,0,0,0,0,0,0,,0,0,0,0,0,1,1,1,0,0,1,0,0,0,0,0,0,0,0,0,0,0,0,1,1,0,0,1,1,1,1,1,12.63,1,1,1,0,0,0,75,1,0,1,1,1,1,96.7,1,0,0,3650.0,0,0,1.0179987371921777,0.8599033816425121,0,0.0,0,9,1.0,1,0,0,0.1333333333333333,1.0,0.3333333333333333,1.0,0.6,0.5,0.25
6403,Federal University of Alfenas,https://www.unifal-mg.edu.br,M6,Latin America & Africa,Brazil,0,1,0,200,pt-br,False,2026-08-11T13:02:18+00:00,20.884,0,1,7,0,0,0,0,0,0,0,0,0,0,0,0,,0,0,0,0,0,0,0,0,0,0,1,0,0,0,0,0,0,0,0,0,0,0,0,0,0,0,0,0,0,0,0,0,15.91,1,0,0,0,0,0,90,1,0,1,0,1,1,0.0,0,0,0,3650.0,0,0,0.8982748463325368,0.8502415458937198,0,0.0,0,12,1.0,1,0,0,0.0,0.0,0.0,0.6666666666666666,0.2,0.125,0.0
6404,Federal University of the Semi-Arid Region,https://www.ufersa.edu.br,M6,Latin America & Africa,Brazil,0,1,0,200,,True,2026-08-11T13:02:47+00:00,18.693,1,1,5,1,1,0,0,0,0,0,0,0,0,0,0,,0,1,0,0,0,0,0,0,0,1,1,0,0,0,0,0,0,0,0,0,0,0,1,1,1,0,0,1,0,0,1,1,12.63,1,1,0,0,0,0,90,1,0,1,0,1,1,26.0,0,0,0,3650.0,0,0,0.5896689111872753,0.7971014492753623,0,0.0,0,12,1.0,1,0,0,0.2,0.6,0.0,0.6666666666666666,0.8,0.25,0.0
6405,Federal Technological University of Parana,https://www.utfpr.edu.br,M6,Latin America & Africa,Brazil,0,1,0,200,pt-br,False,2026-08-11T13:03:26+00:00,37.339,0,1,0,1,0,0,0,0,0,0,0,0,0,0,0,,0,1,0,0,0,1,1,0,0,1,1,1,0,0,0,0,0,0,0,0,0,1,0,1,1,0,0,0,0,0,1,0,21.0,1,0,0,0,0,0,75,1,0,1,0,1,0,15.2,1,0,0,3650.0,0,0,3.2159885217388724,0.9951690821256038,0,0.0,0,9,0.0,1,0,0,0.2,0.2,0.3333333333333333,0.3333333333333333,0.4,0.625,0.0
6411,Federal University of Jequitinhonha and Mucuri Valleys,https://www.ufvjm.edu.br,M6,Latin America & Africa,Brazil,0,1,0,200,pt-br,False,2026-08-11T13:07:09+00:00,22.019,0,1,10,1,0,0,0,0,0,0,0,0,0,0,1,2026-08-10,0,1,0,0,0,0,0,1,0,0,1,0,0,0,0,0,0,0,0,0,0,0,0,1,1,0,0,0,0,0,1,1,14.74,1,0,0,1,0,0,75,1,1,0,1,1,1,94.7,1,0,0,1.0,3,0,1.058141453539233,0.8695652173913043,1,0.6931471805599453,1,9,0.9266666666666666,0,0,0,0.1333333333333333,0.4,0.3333333333333333,1.0,0.4,0.25,0.25
6413,CEFET Rio de Janeiro,https://www.cefet-rj.br,M6,Latin America & Africa,Brazil,0,1,0,200,pt-br,True,2026-08-11T13:08:11+00:00,14.504,1,1,7,1,1,0,0,0,0,0,0,0,0,0,0,,0,1,0,0,0,0,0,0,0,0,0,1,1,0,0,0,1,1,0,0,0,0,0,1,1,0,0,0,0,0,1,1,12.63,0,0,0,0,0,0,75,1,0,1,1,1,1,50.0,1,0,0,3650.0,0,0,-0.0003585932962948,0.6231884057971014,0,0.0,0,9,1.0,1,0,0,0.3333333333333333,0.4,0.3333333333333333,1.0,0.8,0.125,0.0
6414,State University of Goias,https://www.ueg.br,M6,Latin America & Africa,Brazil,0,1,0,200,,False,2026-08-11T13:08:37+00:00,14.426,1,1,20,0,0,0,0,0,0,0,0,0,0,0,1,2026-08-10,0,1,0,0,2,1,1,1,0,0,1,0,0,0,0,0,0,0,0,0,0,0,0,1,1,0,0,0,0,0,1,1,19.03,1,0,0,0,0,0,75,1,0,1,0,1,1,30.9,0,0,0,1.0,3,1,-0.0113450209281206,0.6135265700483091,0,0.0,0,9,0.45,0,0,0,0.1333333333333333,0.4,0.0,0.6666666666666666,0.4,0.5,0.0
6415,State University of Santa Cruz,https://www.uesc.br,M6,Latin America & Africa,Brazil,0,1,0,200,pt-br,True,2026-08-11T13:09:00+00:00,15.741,1,1,8,0,1,0,0,0,0,0,1,0,0,0,0,,0,1,0,0,0,0,0,0,0,0,1,0,1,1,0,1,1,0,0,0,0,0,0,1,0,0,0,1,0,1,1,0,15.43,0,1,0,0,0,0,75,1,0,1,1,1,0,8.9,1,0,0,3650.0,0,0,0.1738748808135585,0.6618357487922706,0,0.0,0,9,1.0,1,0,0,0.3333333333333333,0.6,0.3333333333333333,0.6666666666666666,0.6,0.125,0.0
6419,State University of Montes Claros,https://www.unimontes.br,M6,Latin America & Africa,Brazil,0,1,0,200,pt-br,False,2026-08-11T13:11:19+00:00,25.994,1,1,2,1,0,0,0,0,0,0,0,0,0,0,1,2026-07-29,0,1,0,0,0,0,1,1,0,0,1,0,0,1,0,0,0,0,0,0,0,0,1,0,0,0,0,1,0,1,1,1,8.57,1,1,0,0,0,0,90,1,1,1,1,1,0,59.2,1,0,0,13.0,3,0,1.6180267078534347,0.9178743961352656,1,0.6931471805599453,1,12,0.35,0,0,0,0.1333333333333333,0.8,0.3333333333333333,0.6666666666666666,0.6,0.375,0.0
6422,Autonomous University of Ciudad Juarez,https://www.uacj.mx,M6,Latin America & Africa,Mexico,0,1,0,200,en,False,2026-08-11T13:12:41+00:00,6.634,1,1,8,1,1,0,0,1,0,0,0,0,0,0,0,,0,1,0,0,1,1,1,0,0,0,1,0,1,0,0,0,0,0,0,0,0,0,0,0,0,0,0,0,0,0,1,0,15.43,0,0,0,0,0,0,75,1,0,1,0,1,0,0.0,1,0,0,3650.0,0,1,-1.108860971020261,0.0966183574879227,0,0.0,0,9,1.0,1,0,0,0.0666666666666666,0.2,0.3333333333333333,0.3333333333333333,0.8,0.375,0.0
6423,Autonomous University of Nayarit,https://www.uan.edu.mx,M6,Latin America & Africa,Mexico,0,1,0,200,es,False,2026-08-11T13:13:03+00:00,20.08,1,1,10,1,0,0,0,0,0,0,0,0,0,0,0,,0,1,0,0,0,1,1,0,0,1,1,0,1,0,0,0,0,0,0,0,0,0,0,1,0,0,0,0,0,1,1,0,12.98,1,0,0,0,0,0,75,1,1,1,1,1,1,87.1,1,0,0,3650.0,0,0,0.7850301307429471,0.8115942028985508,1,0.6931471805599453,1,9,0.9266666666666666,1,0,0,0.1333333333333333,0.4,0.3333333333333333,1.0,0.6,0.5,0.0
6424,University of Guadalajara CUCEA,https://www.cucea.udg.mx,M6,Latin America & Africa,Mexico,0,1,0,200,es,False,2026-08-11T13:13:21+00:00,14.877,1,1,7,1,0,0,0,0,0,0,0,0,0,0,1,2026-02-03,0,1,0,0,4,0,0,1,0,1,1,0,0,0,0,0,0,0,0,0,0,0,0,0,0,0,0,1,0,1,1,1,12.63,1,1,0,0,0,0,75,1,1,0,0,1,1,78.3,1,0,0,189.0,2,1,0.0521790670456416,0.6328502415458938,1,0.6931471805599453,1,9,1.0,0,0,0,0.0,0.8,0.3333333333333333,0.6666666666666666,0.6,0.375,0.0
6430,Federal University of Technology Owerri,https://www.futo.edu.ng,M6,Latin America & Africa,Sub-Saharan Africa,1,0,0,200,en,False,2026-08-11T13:15:29+00:00,10.18,1,1,12,0,0,0,0,0,0,0,0,1,6,0,1,2026-07-18,1,0,1,1,2,1,1,1,1,0,1,0,1,1,0,1,1,0,0,1,1,1,0,1,1,0,1,1,0,1,0,1,19.9,1,0,1,0,0,0,75,1,0,1,0,1,1,63.6,1,0,0,24.0,3,3,-0.6094010686811018,0.2777777777777778,0,0.0,0,9,0.78,0,0,0,0.6666666666666666,0.6,0.3333333333333333,0.6666666666666666,0.4,0.75,0.25
6431,Ladoke Akintola University of Technology,https://www.lautech.edu.ng,M6,Latin America & Africa,Sub-Saharan Africa,1,0,0,200,en,False,2026-08-11T13:15:47+00:00,15.995,1,1,8,1,0,0,0,1,0,0,1,0,1,1,1,2025-04-03,1,0,1,1,6,1,1,1,0,1,1,0,1,1,1,1,1,1,0,1,0,1,0,1,0,0,0,1,0,1,1,1,3.77,1,1,0,0,0,0,75,1,0,1,0,1,1,87.0,1,0,0,495.0,2,3,0.2096511964351452,0.7004830917874396,0,0.0,0,9,1.0,0,0,0,0.6,0.8,0.3333333333333333,0.6666666666666666,0.6,0.75,0.0
6436,Minia University,https://www.minia.edu.eg,M6,Latin America & Africa,Egypt & North Africa,1,0,1,200,,False,2026-08-11T13:16:48+00:00,10.751,1,1,9,0,1,0,0,0,0,0,0,1,9,0,1,2026-08-15,0,0,0,0,6,1,1,0,0,0,1,0,0,0,0,0,0,0,0,0,0,0,0,0,0,0,0,0,0,1,1,1,15.43,1,1,0,0,0,0,75,1,1,1,1,1,0,61.5,1,0,0,0.0,3,1,-0.5289747843506843,0.323671497584541,1,0.6931471805599453,1,9,1.0,0,0,0,0.0,0.6,0.3333333333333333,0.6666666666666666,0.6,0.375,0.0
6437,Beni-Suef University,https://www.bsu.edu.eg,M6,Latin America & Africa,Egypt & North Africa,1,0,0,200,,False,2026-08-11T13:17:09+00:00,17.156,1,1,7,1,0,0,0,1,0,0,0,1,10,0,1,2026-08-11,0,0,0,0,2,0,0,0,0,0,1,0,1,0,0,0,1,0,0,0,0,0,0,0,0,0,0,0,0,1,0,0,15.91,1,1,0,0,0,0,75,1,0,1,0,1,1,42.9,0,0,0,0.0,3,1,0.3731799461857836,0.7439613526570048,0,0.0,0,9,1.0,0,0,0,0.1333333333333333,0.2,0.0,0.6666666666666666,0.6,0.125,0.0
6439,South Valley University,https://www.svu.edu.eg,M6,Latin America & Africa,Egypt & North Africa,1,0,0,200,en-us,True,2026-08-11T13:19:38+00:00,26.33,1,1,8,0,1,0,0,0,1,1,0,0,0,1,1,2026-06-07,1,0,1,0,0,0,0,0,1,0,1,0,1,1,1,1,0,1,0,0,0,0,0,0,0,0,0,0,0,1,0,0,13.3,1,0,0,0,0,0,35,0,4,0,0,1,0,18.8,0,0,0,65.0,3,0,1.665352857652069,0.932367149758454,4,1.6094379124341005,1,4,1.0,0,0,0,0.3333333333333333,0.2,0.0,0.3333333333333333,0.6,0.25,0.0
6500,Federal University of Tocantins,https://www.uft.edu.br,M6,Latin America & Africa,Brazil,0,1,0,200,pt-br,False,2026-08-11T13:25:55+00:00,11.396,1,1,20,1,0,0,0,0,0,0,0,0,0,0,0,,0,0,0,0,0,1,0,1,0,0,1,0,0,0,0,0,0,0,0,0,0,0,0,0,0,0,0,0,0,0,1,1,21.0,1,1,0,0,0,0,75,1,0,0,1,1,1,25.0,1,0,0,3650.0,0,0,-0.4381254789336628,0.391304347826087,0,0.0,0,9,0.45,1,0,0,0.0,0.4,0.3333333333333333,1.0,0.6,0.375,0.0
6501,Federal University of Piaui,https://www.ufpi.br,M6,Latin America & Africa,Brazil,0,1,0,200,pt-br,False,2026-08-11T13:26:17+00:00,19.505,1,1,4,1,0,0,0,0,1,1,1,0,0,0,0,,0,1,0,0,0,1,1,1,0,0,1,0,0,0,0,0,0,0,0,0,0,0,0,1,1,0,0,0,0,0,1,1,12.63,1,1,0,0,0,0,75,1,0,1,0,1,1,54.5,1,0,0,3650.0,0,0,0.704040439867308,0.8019323671497585,0,0.0,0,9,0.85,1,0,0,0.1333333333333333,0.4,0.3333333333333333,0.6666666666666666,0.6,0.5,0.0
6503,Federal University of Acre,https://www.ufac.br,M6,Latin America & Africa,Brazil,0,1,0,200,pt-br,False,2026-08-11T13:27:06+00:00,10.207,1,1,10,1,1,0,0,0,0,0,0,0,0,0,1,2026-08-10,0,1,0,0,20,0,0,1,0,0,1,0,0,0,0,0,0,0,0,0,0,0,0,0,0,0,0,0,0,0,1,1,14.74,0,1,1,0,0,0,75,1,0,1,0,1,1,80.0,1,0,0,1.0,3,1,-0.6055980745008541,0.28743961352657,0,0.0,0,9,0.9266666666666666,0,0,0,0.0,0.4,0.3333333333333333,0.6666666666666666,0.8,0.25,0.25
6504,State University of Ponta Grossa,https://www.uepg.br,M6,Latin America & Africa,Brazil,0,1,0,200,pt-br,False,2026-08-11T13:27:15+00:00,6.63,1,1,9,1,0,0,0,0,0,0,0,0,0,0,0,,0,0,0,0,0,0,0,0,0,0,1,0,0,0,0,0,0,0,0,0,0,0,0,0,1,0,0,0,0,1,1,0,12.75,1,0,0,0,0,0,90,1,0,1,0,1,1,39.3,1,0,0,3650.0,0,0,-1.1094243775654828,0.0917874396135265,0,0.0,0,12,1.0,1,0,0,0.0666666666666666,0.4,0.3333333333333333,0.6666666666666666,0.6,0.125,0.0
6506,University of Caxias do Sul,https://www.ucs.br,M6,Latin America & Africa,Brazil,0,1,0,200,pt-br,True,2026-08-11T13:27:44+00:00,11.817,1,1,4,0,0,0,0,1,1,0,1,1,9,1,0,,1,0,1,1,0,1,1,0,0,1,1,0,1,1,1,1,1,1,1,1,1,1,0,0,0,0,0,1,0,1,1,1,15.43,1,0,0,0,0,0,90,1,0,1,1,0,1,39.6,1,0,0,3650.0,1,1,-0.3788269400490645,0.4106280193236715,0,0.0,0,12,0.85,1,0,0,0.6666666666666666,0.8,0.3333333333333333,0.6666666666666666,0.4,0.625,0.0
6509,Anahuac University,https://www.anahuac.mx,M6,Latin America & Africa,Mexico,0,1,0,200,en,False,2026-08-11T13:28:33+00:00,8.479,1,1,9,1,1,0,0,1,1,1,1,1,6,0,1,2026-06-05,0,0,0,0,11,0,0,1,0,0,1,0,1,0,0,0,0,0,0,0,0,0,0,1,1,0,0,0,0,1,1,1,12.63,1,1,1,0,0,0,75,1,0,0,1,1,1,94.0,1,0,0,67.0,3,1,-0.8489897020366884,0.1690821256038647,0,0.0,0,9,1.0,0,0,0,0.2,0.6,0.3333333333333333,1.0,0.8,0.25,0.25
6511,University of Quintana Roo,https://www.uqroo.mx,M6,Latin America & Africa,Mexico,0,1,0,200,es,False,2026-08-11T13:29:21+00:00,11.32,1,1,10,0,0,0,0,0,1,1,0,1,3,0,0,,0,1,0,0,20,1,1,0,0,1,1,0,1,0,0,0,0,0,0,0,0,0,0,0,1,0,0,1,0,0,1,1,13.97,1,1,1,0,0,0,75,1,0,1,1,0,1,86.5,1,0,0,3650.0,0,1,-0.4488302032928778,0.3768115942028985,0,0.0,0,9,0.9266666666666666,1,0,0,0.1333333333333333,0.6,0.3333333333333333,0.6666666666666666,0.4,0.5,0.25
6512,National University of the Northeast,https://www.unne.edu.ar,M6,Latin America & Africa,Argentina,0,0,0,200,es,False,2026-08-11T13:29:38+00:00,14.32,1,1,0,1,0,0,0,0,0,0,0,0,0,0,0,,0,0,0,0,1,1,1,0,0,0,1,0,0,0,0,0,0,0,0,0,0,0,0,1,0,0,0,1,0,0,1,1,12.63,1,1,0,0,0,0,90,1,0,1,0,1,1,28.9,1,0,0,3650.0,0,1,-0.0262752943764993,0.5990338164251208,0,0.0,0,12,0.0,1,0,0,0.0666666666666666,0.6,0.3333333333333333,0.6666666666666666,0.6,0.375,0.0
6513,National University of Salta,https://www.unsa.edu.ar,M6,Latin America & Africa,Argentina,0,0,0,200,es,False,2026-08-11T13:30:00+00:00,18.435,1,1,8,1,0,0,0,0,0,0,0,0,0,0,1,2026-08-10,1,1,0,0,0,1,0,1,0,1,1,0,0,0,0,0,0,0,0,0,0,0,0,1,0,0,0,0,0,1,1,0,16.62,1,1,0,0,0,0,90,1,1,1,0,1,1,28.6,1,0,0,1.0,3,0,0.5533291890204663,0.782608695652174,1,0.6931471805599453,1,12,1.0,0,0,0,0.0666666666666666,0.4,0.3333333333333333,0.6666666666666666,0.6,0.5,0.0
6514,National University of Rio Cuarto,https://www.unrc.edu.ar,M6,Latin America & Africa,Argentina,0,0,0,200,es,False,2026-08-11T13:30:09+00:00,6.079,1,1,6,0,0,0,0,0,0,0,0,0,0,0,0,,0,1,0,0,0,0,0,0,0,0,1,0,0,0,0,0,0,0,0,0,0,0,0,1,0,0,0,0,0,0,1,0,7.46,1,0,0,0,0,0,75,1,0,0,1,0,1,62.5,1,0,0,3650.0,0,0,-1.1870336291697912,0.0676328502415458,0,0.0,0,9,1.0,1,0,0,0.0666666666666666,0.2,0.3333333333333333,0.6666666666666666,0.4,0.125,0.0
6515,University of Bio-Bio,https://www.ubiobio.cl,M6,Latin America & Africa,Chile,0,0,0,200,es,False,2026-08-11T13:30:26+00:00,14.377,1,1,7,1,0,0,0,0,0,0,0,1,4,0,1,2026-08-10,0,0,0,0,5,0,1,1,0,0,1,0,0,0,0,0,0,0,0,0,0,0,0,0,0,0,0,1,0,1,1,1,15.43,1,1,0,0,0,0,75,1,0,1,1,1,0,98.2,1,1,0,1.0,3,1,-0.018246751107088,0.6038647342995169,0,0.0,0,9,1.0,0,0,0,0.0,0.8,0.6666666666666666,0.6666666666666666,0.6,0.375,0.0
6516,University of Antofagasta,https://www.uantof.cl,M6,Latin America & Africa,Chile,0,0,0,200,en-gb,True,2026-08-11T13:30:46+00:00,12.934,1,1,9,1,1,0,0,1,0,0,0,1,2,0,0,,0,0,0,0,0,1,1,0,0,0,1,0,0,1,1,1,1,1,0,0,0,1,0,0,0,0,0,0,0,0,0,0,11.98,1,1,0,0,0,0,100,1,1,1,0,1,1,7.4,1,1,0,3650.0,0,0,-0.2214956622958663,0.4975845410628019,1,0.6931471805599453,1,13,1.0,1,0,0,0.4,0.0,0.6666666666666666,0.6666666666666666,0.8,0.375,0.0
6517,Ricardo Palma University,https://www.urp.edu.pe,M6,Latin America & Africa,Peru & Andes,1,0,1,200,es,False,2026-08-11T13:31:01+00:00,10.344,1,1,6,0,0,0,0,1,1,1,0,1,2,0,1,2026-08-24,0,1,0,0,0,1,1,1,0,1,1,0,1,0,0,0,0,0,0,0,0,0,0,1,1,0,0,0,0,1,1,0,6.01,1,1,0,0,0,0,75,1,0,1,1,1,1,100.0,1,0,0,0.0,3,0,-0.5863014003270064,0.2995169082125604,0,0.0,0,9,1.0,0,0,0,0.2,0.4,0.3333333333333333,1.0,0.4,0.625,0.0
6518,University of Panama,https://www.up.ac.pa,M6,Latin America & Africa,Peru & Andes,1,0,0,200,es,False,2026-08-11T13:31:14+00:00,8.027,1,1,11,1,0,0,0,0,0,0,0,1,6,0,1,2026-07-13,0,1,0,0,0,1,1,1,0,1,1,1,1,0,0,0,0,0,0,0,0,0,0,1,0,0,0,0,0,1,1,0,12.63,1,1,0,0,0,0,75,1,1,0,0,1,1,88.0,1,1,0,29.0,3,0,-0.912654641646756,0.1352657004830917,1,0.6931471805599453,1,9,0.8533333333333334,0,0,0,0.1333333333333333,0.4,0.6666666666666666,0.6666666666666666,0.6,0.75,0.0
6520,University of the West Indies,https://www.uwi.edu,M6,Latin America & Africa,Peru & Andes,1,0,0,200,en,False,2026-08-11T13:32:08+00:00,17.281,1,0,0,1,0,0,0,1,0,0,1,0,0,0,1,2026-07-31,1,0,1,1,2,1,1,0,0,1,1,0,1,1,0,1,1,1,0,0,1,1,0,1,0,0,0,0,0,1,0,0,9.29,1,0,0,0,0,0,75,1,0,0,1,1,0,95.0,1,1,0,11.0,3,2,0.390786400723966,0.748792270531401,0,0.0,0,9,0.0,0,0,0,0.5333333333333333,0.2,0.6666666666666666,0.6666666666666666,0.4,0.625,0.0
6521,Walter Sisulu University,https://www.wsu.ac.za,M6,Latin America & Africa,South Africa,0,1,0,200,en-gb,False,2026-08-11T13:32:27+00:00,16.126,1,1,10,1,1,0,0,0,1,1,1,1,10,0,1,2026-08-04,1,1,1,1,0,0,0,0,1,0,1,0,1,1,1,1,1,1,1,1,1,1,1,1,1,1,1,0,0,1,1,0,19.68,1,0,1,0,0,0,90,1,1,1,0,1,0,69.2,1,1,0,7.0,3,1,0.2281027607911606,0.7101449275362319,1,0.6931471805599453,1,12,0.9266666666666666,0,0,0,1.0,0.4,0.6666666666666666,0.3333333333333333,0.8,0.375,0.25
6522,Central University of Technology Free State,https://www.cut.ac.za,M6,Latin America & Africa,South Africa,0,1,0,200,en,False,2026-08-11T13:32:40+00:00,8.428,1,1,8,1,0,0,0,0,1,1,1,1,10,1,0,,1,1,1,1,12,1,1,0,1,0,1,0,1,1,1,1,1,1,1,1,1,1,1,1,1,1,0,1,0,1,1,1,12.63,1,1,0,0,1,0,75,1,0,0,1,1,0,98.3,1,0,0,3650.0,1,2,-0.8561731354882666,0.1642512077294686,0,0.0,0,9,1.0,1,0,0,0.9333333333333332,0.8,0.3333333333333333,0.6666666666666666,0.6,0.625,0.25
6523,University of Venda,https://www.univen.ac.za,M6,Latin America & Africa,South Africa,0,1,1,200,en-us,False,2026-08-11T13:33:12+00:00,28.782,1,1,8,1,0,0,0,0,0,0,1,0,1,1,1,2026-09-08,1,1,1,1,20,1,1,0,1,1,1,0,1,1,1,1,1,1,1,1,1,1,1,1,0,1,0,1,0,1,1,1,5.74,1,1,0,0,0,1,90,1,0,1,0,1,1,30.7,1,0,0,0.0,3,2,2.010721069873056,0.9468599033816424,0,0.0,0,12,1.0,0,0,0,0.8666666666666667,0.8,0.3333333333333333,0.6666666666666666,0.6,0.75,0.25
6525,Aswan University,https://www.aswu.edu.eg,M6,Latin America & Africa,Egypt & North Africa,1,0,1,200,en-us,False,2026-08-11T13:33:56+00:00,18.301,1,1,9,1,1,0,0,1,0,0,0,0,0,0,1,2026-08-13,0,0,0,0,1,1,1,0,0,1,1,0,0,0,0,0,0,0,0,0,0,0,0,0,0,0,0,0,1,0,1,0,5.74,1,1,0,0,0,0,90,1,0,1,1,1,1,31.5,1,1,0,0.0,3,1,0.5344550697555347,0.7777777777777778,0,0.0,0,12,1.0,0,0,0,0.0,0.4,0.6666666666666666,1.0,0.8,0.5,0.0
6526,University of Constantine 1,https://www.umc.edu.dz,M6,Latin America & Africa,Egypt & North Africa,1,0,0,200,ar-aa,True,2026-08-11T13:34:51+00:00,35.46,1,0,0,0,1,0,0,0,0,0,0,0,0,0,1,2026-08-11,1,0,1,0,0,0,0,0,0,0,1,0,0,0,1,0,1,1,0,0,1,0,0,1,1,0,0,0,0,1,1,0,1.66,1,0,0,0,0,0,75,1,0,1,1,1,1,61.1,1,0,0,0.0,3,0,2.9513282971209143,0.9806763285024156,0,0.0,0,9,0.0,0,0,0,0.4,0.4,0.3333333333333333,1.0,0.4,0.125,0.0
6528,Bahir Dar University,https://www.bdu.edu.et,M6,Latin America & Africa,Sub-Saharan Africa,1,0,0,200,en,False,2026-08-11T13:35:15+00:00,15.378,1,1,7,1,0,0,0,0,0,1,0,0,0,1,1,2026-07-30,1,0,1,1,9,1,1,0,0,0,1,0,1,1,1,1,1,1,1,1,0,0,0,0,1,0,0,1,0,1,1,1,21.0,1,1,0,0,0,0,75,1,0,1,0,1,1,84.2,1,0,0,12.0,3,2,0.1227457368346768,0.6473429951690821,0,0.0,0,9,1.0,0,0,0,0.6,0.8,0.3333333333333333,0.6666666666666666,0.6,0.5,0.0
6529,Hawassa University,https://www.hu.edu.et,M6,Latin America & Africa,Sub-Saharan Africa,1,0,0,200,en-us,False,2026-08-11T13:35:27+00:00,9.342,1,1,2,1,1,0,0,1,0,0,1,1,9,1,1,2026-08-04,1,0,1,1,2,1,1,0,0,1,1,0,1,1,1,1,1,1,0,1,0,1,0,1,1,0,0,1,0,1,0,1,15.43,1,1,0,0,0,1,75,1,0,1,1,1,1,10.5,1,0,0,7.0,3,2,-0.7274347399050767,0.2318840579710145,0,0.0,0,9,0.35,0,0,0,0.6666666666666666,0.6,0.3333333333333333,1.0,0.8,0.625,0.25
6530,National University of Science and Technology Zimbabwe,https://www.nust.ac.zw,M6,Latin America & Africa,Sub-Saharan Africa,1,0,0,200,en-gb,False,2026-08-11T13:35:43+00:00,11.169,1,1,9,1,0,0,0,0,0,0,1,0,0,1,0,,1,1,1,1,0,1,0,0,1,0,1,0,1,1,1,1,1,1,0,1,1,1,1,1,1,0,1,0,0,1,0,0,21.0,1,1,0,0,0,0,90,1,0,1,1,1,1,90.9,1,0,0,3650.0,1,1,-0.4700988003750022,0.3671497584541063,0,0.0,0,12,1.0,1,0,0,0.8666666666666667,0.2,0.3333333333333333,1.0,0.6,0.5,0.0
6531,Copperbelt University,https://www.cbu.ac.zm,M6,Latin America & Africa,Sub-Saharan Africa,1,0,0,307,en,False,2026-08-11T13:35:54+00:00,8.639,1,1,20,1,0,0,0,1,1,0,0,1,3,1,0,,1,1,1,0,2,1,1,0,1,1,1,0,1,1,1,1,1,1,1,1,1,1,1,1,1,0,0,0,0,1,1,1,1.0,1,1,0,0,0,0,75,1,0,0,1,1,1,45.5,1,0,0,3650.0,1,1,-0.8264534402278149,0.178743961352657,0,0.0,0,9,0.45,1,0,0,0.8666666666666667,0.6,0.3333333333333333,1.0,0.6,0.625,0.0
6533,University of Uyo,https://www.uniuyo.edu.ng,M6,Latin America & Africa,Sub-Saharan Africa,1,0,0,200,en-us,False,2026-08-11T13:36:13+00:00,14.101,1,1,20,1,1,0,0,0,0,0,1,0,0,0,0,,1,1,1,1,0,0,0,1,0,0,1,0,1,1,1,1,1,1,0,1,1,1,0,1,0,0,0,1,0,1,0,1,12.63,1,1,0,0,0,0,75,1,0,1,0,1,1,59.5,1,0,0,3650.0,0,1,-0.0571218027273948,0.5797101449275363,0,0.0,0,9,0.45,1,0,0,0.6666666666666666,0.6,0.3333333333333333,0.6666666666666666,0.8,0.375,0.0
