global_website_rank,regional_website_rank,country_website_rank,uni_id,name,region,country,country_rank_eligible,predicted_quality_score,pred_logit,predicted_quality_score_noload,rank_noload,load_rank_shift,trackA_consensus,trackB_bt_score,is_labelled,recoverable_logits,top_fixes
1,1,1.0,3037,Scuola Normale Superiore di Pisa,Eastern & Southern Europe,Italy,1,100.0,4.778248231397445,100.0,1,0,73.30366312811307,4.945204548695486,True,0.10724327783447582,a51_quick_links; a27_event_datetime; seo_completeness_B10; a47_footer_contact; a63_mobile_score
2,1,1.0,1093,University of Houston,North America,United States,1,98.91370298518457,4.678064623383073,99.30975943292648,2,0,78.9384759344029,4.849026643167469,True,0.11089012506013195,a40_career_link; a27_event_datetime; a67_gzip; a28_contests; a70_favicon
3,1,1.0,5412,IIIT Gwalior,South & Central Asia + Oceania,India,1,98.648189187915,4.65357764622556,94.2344879839242,12,9,77.19670156402132,,False,0.1449049378215929,a46_admissions_policy; a05_language_toggle; a63_mobile_score; a26_event_captions; a48_footer_sitemap
4,1,1.0,2046,RWTH Aachen University,Western & Northern Europe,Germany,1,98.44913953332937,4.635220316417568,99.08839058099478,3,-1,86.02530557242308,,False,0.1119536651888462,a47_footer_contact; a40_career_link; a67_gzip; a48_footer_sitemap; a15_stat_item_count
5,2,,5150,University of Otago,South & Central Asia + Oceania,New Zealand,0,98.40540545611466,4.631186946548376,98.79970898078088,4,-1,82.36922565128205,5.265163491639672,True,0.1497651924013925,a26_event_captions; a40_career_link; a27_event_datetime; a28_contests; a15_stat_item_count
6,2,2.0,1095,Louisiana State University,North America,United States,1,98.28847895624014,4.620403414539949,98.27296772167584,5,-1,75.70876328967202,5.381057008543082,True,0.48653159422884024,a43_contact_link; a46_admissions_policy; a40_career_link; a05_language_toggle; a26_event_captions
7,3,2.0,5013,Indian Institute of Technology Ropar,South & Central Asia + Oceania,India,1,96.71270286945514,4.475077659572547,93.16694944937208,15,8,76.9280124344307,,False,0.19261188981321886,a46_admissions_policy; a40_career_link; a66_broken_links; a63_mobile_score; a05_language_toggle
8,4,1.0,5128,University of Tasmania,South & Central Asia + Oceania,Australia,1,96.33450003437832,4.440197949822356,96.84447604665239,7,-1,78.32670348979659,,False,0.21544763229355388,event_evidence; a40_career_link; a27_event_datetime; a63_mobile_score; a28_contests
9,5,2.0,5139,Southern Cross University,South & Central Asia + Oceania,Australia,1,96.32765049871668,4.439566252242001,98.1191862376739,6,-3,85.81204302184749,,False,0.15088932948014727,a26_event_captions; a40_career_link; a27_event_datetime; a28_contests; a67_gzip
10,6,3.0,5414,Central University of Kerala,South & Central Asia + Oceania,India,1,95.93357810148488,4.403222974082243,95.04403789026755,10,0,81.41512494693612,,False,0.37732174084265163,a72_alt_text_pct; a66_broken_links; a46_admissions_policy; a31_social_feed_embed; a40_career_link
11,2,2.0,3005,Polytechnic University of Milan,Eastern & Southern Europe,Italy,1,95.68970811039351,4.380732094276116,93.27852326474,14,3,82.61717045745294,,False,0.1674408046815647,a26_event_captions; a72_alt_text_pct; a40_career_link; a71_sitemap_robots; a67_gzip
12,7,3.0,5136,Murdoch University,South & Central Asia + Oceania,Australia,1,95.55440293346633,4.3682535910466,93.02770802988623,16,4,80.05519505733533,,False,0.15168653722124453,a26_event_captions; a40_career_link; a67_gzip; a63_mobile_score; a70_favicon
13,2,,2191,Vrije Universiteit Brussel,Western & Northern Europe,Belgium/Ireland/Iceland,0,95.34187068246848,4.348652830449833,93.56082537469821,13,0,83.83259788723464,4.496818670688652,True,0.19962728421665202,a46_admissions_policy; a40_career_link; a67_gzip; a26_event_captions; a71_sitemap_robots
14,1,1.0,4092,Sophia University,Asia (East & Southeast),Japan,1,94.57425421824443,4.2778594968510415,92.40158144850794,20,6,82.41065667670159,,False,0.25401833697918946,a72_alt_text_pct; a66_broken_links; a26_event_captions; a40_career_link; a48_footer_sitemap
15,3,,3173,Corvinus University of Budapest,Eastern & Southern Europe,Hungary,0,94.53328799882422,4.274081392325069,89.88636582073268,36,21,76.83933648386098,,False,0.38901012826586717,a66_broken_links; a46_admissions_policy; a15_stat_item_count; a26_event_captions; a21_calendar_link
16,3,2.0,2042,Technical University of Munich,Western & Northern Europe,Germany,1,94.42544282247916,4.26413538425744,89.60036684048619,38,22,82.74774252396135,,False,0.28450600426388,a46_admissions_policy; a57_logo_prominence; a72_alt_text_pct; a40_career_link; a15_stat_item_count
17,1,,6100,San Francisco de Quito University,Latin America & Africa,Peru & Andes,0,94.23492539657947,4.246564938186129,92.10548428642808,22,5,81.66015171449769,,False,0.25515839555766395,a46_admissions_policy; a57_logo_prominence; a40_career_link; a67_gzip; a26_event_captions
18,4,1.0,2084,University of Strasbourg,Western & Northern Europe,France,1,93.36136462098185,4.166000903556913,94.58644503853435,11,-7,87.13810278375009,,False,0.18533508168235077,a72_alt_text_pct; a26_event_captions; a40_career_link; a67_gzip; a25_event_images
19,8,4.0,5016,Jawaharlal Nehru University,South & Central Asia + Oceania,India,1,92.90208721271533,4.123644101308456,90.18874400658677,35,16,79.87826208209204,,False,0.2496761078994561,a46_admissions_policy; a40_career_link; a28_contests; a05_language_toggle; a63_mobile_score
20,2,1.0,6117,University of South Africa,Latin America & Africa,South Africa,1,92.82916796889094,4.116919133053574,91.72812815587153,26,6,74.90875909837732,,False,0.20845190334613253,a26_event_captions; a57_logo_prominence; a40_career_link; a27_event_datetime; seo_completeness_B10
21,2,,4140,Hong Kong University of Science and Technology,Asia (East & Southeast),Hong Kong,0,92.61199427677876,4.096890316123336,89.47512741864074,40,19,83.5100514979757,4.204574812639748,True,0.12685572376308377,a46_admissions_policy; a67_gzip; a26_event_captions; a47_footer_contact; a48_footer_sitemap
22,9,4.0,5127,University of Wollongong,South & Central Asia + Oceania,Australia,1,92.49131906458348,4.085761059584159,92.44252439656887,19,-3,83.39320234466791,,False,0.23478216546507902,a72_alt_text_pct; a26_event_captions; a40_career_link; a28_contests; a15_stat_item_count
23,5,,2302,University of Lausanne,Western & Northern Europe,Switzerland/Austria,0,92.37000238551185,4.074572643841544,92.02826442686035,23,0,83.1333195613523,4.445952193060305,True,0.27265835195716337,a46_admissions_policy; a40_career_link; a27_event_datetime; a28_contests; a67_gzip
24,10,5.0,5419,Gauhati University,South & Central Asia + Oceania,India,1,92.28439658628034,4.066677659581254,96.55844212078541,9,-15,85.56119797759195,,False,0.17120333907477153,a72_alt_text_pct; a40_career_link; a28_contests; a25_event_images; a48_footer_sitemap
25,11,6.0,5003,Indian Institute of Technology Madras,South & Central Asia + Oceania,India,1,92.08121820510165,4.047939558473189,96.82670679127428,8,-17,87.86928146991667,,False,0.16759390552505138,a46_admissions_policy; a40_career_link; a25_event_images; a48_footer_sitemap; a44_student_portal
26,12,5.0,5145,University of New England,South & Central Asia + Oceania,Australia,1,91.90621766316679,4.031800155108923,92.48031250808017,18,-8,89.15576289216793,,False,0.18684781825241414,a26_event_captions; a72_alt_text_pct; a40_career_link; a67_gzip; a15_stat_item_count
27,13,7.0,5050,Pondicherry University,South & Central Asia + Oceania,India,1,91.55029067172109,3.9989748322861516,92.24307098892956,21,-6,68.12145046593362,,False,0.2928227202484152,a46_admissions_policy; a57_logo_prominence; a72_alt_text_pct; a40_career_link; a47_footer_contact
28,14,6.0,5122,Curtin University,South & Central Asia + Oceania,Australia,1,91.51974759130005,3.9961580004669344,84.45673407579437,82,54,85.99070487589914,,False,0.3844551646421827,a53_contrast_ratio; a26_event_captions; a31_social_feed_embed; a57_logo_prominence; a40_career_link
29,15,8.0,5400,Indian Institute of Technology Dharwad,South & Central Asia + Oceania,India,1,91.44114021595766,3.9889084449853884,83.91400073497742,93,64,74.51706437642527,,False,0.5421221515448627,footer_completeness_B6; a51_quick_links; a46_admissions_policy; a57_logo_prominence; a72_alt_text_pct
30,4,,3209,Estonian University of Life Sciences,Eastern & Southern Europe,Baltics,0,91.42725209889879,3.987627615105063,92.57924633271296,17,-13,81.03392009663156,4.709517174338555,True,0.18775053616361703,a46_admissions_policy; a40_career_link; a67_gzip; a48_footer_sitemap; a26_event_captions
31,6,1.0,2029,University of Leicester,Western & Northern Europe,United Kingdom,1,91.25976683308939,3.972181307153198,90.47032379943329,33,2,84.22188350940526,4.070687552553959,True,0.2763412050980633,a53_contrast_ratio; a26_event_captions; a40_career_link; a67_gzip; a44_student_portal
32,5,,3167,Eotvos Lorand University,Eastern & Southern Europe,Hungary,0,90.81451432962388,3.931117950017686,91.02594892137668,29,-3,89.3959481621,,False,0.18268544623723093,a26_event_captions; a66_broken_links; a40_career_link; a67_gzip; a29_video_content
33,3,,6353,Technical University of Kenya,Latin America & Africa,Sub-Saharan Africa,0,90.79196606515671,3.929038439112314,90.30685995710674,34,1,76.71793171264281,4.125977087198326,True,0.23413794332072124,a46_admissions_policy; a40_career_link; a05_language_toggle; a44_student_portal; a67_gzip
34,3,3.0,1099,West Virginia University,North America,United States,1,90.6796517719012,3.918680267289636,90.87147055993246,31,-3,77.98766406202358,,False,0.22109398932257762,event_evidence; a72_alt_text_pct; a40_career_link; a63_mobile_score; a27_event_datetime
35,16,9.0,5311,Symbiosis International University,South & Central Asia + Oceania,India,1,90.673819942342,3.918142427528872,86.17825313531318,63,28,82.2001628382886,,False,0.2908824874077259,a46_admissions_policy; a66_broken_links; a40_career_link; a28_contests; a15_stat_item_count
36,17,10.0,5406,NIT Agartala,South & Central Asia + Oceania,India,1,90.67006302639645,3.917795946419839,84.04489297541502,89,53,74.74511500983502,,False,0.26138513206594466,a46_admissions_policy; a57_logo_prominence; a28_contests; a63_mobile_score; a05_language_toggle
37,18,11.0,5420,Dibrugarh University,South & Central Asia + Oceania,India,1,90.65430854227787,3.9163429910679626,87.53638291735892,54,17,76.75650636509029,,False,0.332375334153447,notice_evidence; event_evidence; a57_logo_prominence; a40_career_link; a27_event_datetime
38,6,,3102,University of Porto,Eastern & Southern Europe,Portugal,0,90.56496600881984,3.908103386955185,91.08300635609417,28,-10,89.43146326821329,,False,0.20339276133506032,a57_logo_prominence; a26_event_captions; a40_career_link; a67_gzip; a25_event_images
39,3,,4164,Universiti Tunku Abdul Rahman,Asia (East & Southeast),Malaysia,0,90.52365107227021,3.9042931220350248,90.64394470116184,32,-7,68.51664509367437,4.348205746142324,True,0.44820798414712354,event_evidence; notice_evidence; a51_quick_links; footer_completeness_B6; a72_alt_text_pct
40,4,4.0,1062,Lehigh University,North America,United States,1,90.23601828358244,3.877766223626056,87.66119834615338,51,11,80.69104876105413,,False,0.21658427029499833,a46_admissions_policy; a72_alt_text_pct; a40_career_link; a63_mobile_score; a21_calendar_link
41,4,,4182,Chiang Mai University,Asia (East & Southeast),Thailand,0,90.18019180491855,3.8726176335268403,89.51976021773851,39,-2,72.54233275168691,4.28731569177128,True,0.300021518397073,a46_admissions_policy; a53_contrast_ratio; event_evidence; a48_footer_sitemap; a63_mobile_score
42,19,12.0,5056,Bharathiar University,South & Central Asia + Oceania,India,1,90.07923214950802,3.863306641776914,88.05981563456682,49,7,82.0874845901674,,False,0.26672917890916786,a46_admissions_policy; a51_quick_links; a28_contests; a47_footer_contact; a63_mobile_score
43,5,5.0,1039,Georgetown University,North America,United States,1,90.07011512709404,3.862465825510899,92.0263745315531,24,-19,79.02696126346312,,False,0.27903657185591757,a46_admissions_policy; a57_logo_prominence; a40_career_link; a15_stat_item_count; a67_gzip
44,20,,5155,Lincoln University,South & Central Asia + Oceania,New Zealand,0,90.06602932251523,3.862089012688288,91.00772204549257,30,-14,80.11084409827585,,False,0.14792926338368942,a26_event_captions; a40_career_link; a27_event_datetime; a44_student_portal; a05_language_toggle
45,21,1.0,5106,Khulna University of Engineering and Technology,South & Central Asia + Oceania,Bangladesh,1,89.37669772331314,3.7985154910965746,86.26786831996789,62,17,76.84490304470417,,False,0.18133225047321216,a26_event_captions; a57_logo_prominence; seo_completeness_B10; a63_mobile_score; a67_gzip
46,4,,6337,Sokoine University of Agriculture,Latin America & Africa,Sub-Saharan Africa,0,89.3470060136172,3.7957771768373205,89.67158914032929,37,-9,79.95331359171806,,False,0.24752309007917758,a46_admissions_policy; a40_career_link; a28_contests; a67_gzip; a21_calendar_link
47,22,1.0,5073,COMSATS University Islamabad,South & Central Asia + Oceania,Pakistan,1,88.96271203086863,3.7603357117454688,86.2811731709469,61,14,80.57328747758365,,False,0.36187790483653615,a66_broken_links; a26_event_captions; a63_mobile_score; a67_gzip; a05_language_toggle
48,23,13.0,5011,Indian Institute of Technology BHU Varanasi,South & Central Asia + Oceania,India,1,88.93417174604136,3.7577035875025064,88.22404448511485,48,0,79.15678230351917,,False,0.2445337986175921,a46_admissions_policy; a57_logo_prominence; a66_broken_links; a31_social_feed_embed; a63_mobile_score
49,24,,5156,Auckland University of Technology,South & Central Asia + Oceania,New Zealand,0,88.15406950994421,3.6857587551349322,91.9878723984445,25,-24,76.55792523722027,,False,0.26383441365612903,notice_evidence; a57_logo_prominence; a27_event_datetime; a18_missing; a67_gzip
50,5,2.0,6521,Walter Sisulu University,Latin America & Africa,South Africa,1,87.9151779381114,3.6637270094300054,91.20060157968473,27,-23,78.10230067233283,,False,0.44640395130960997,footer_completeness_B6; a72_alt_text_pct; a66_broken_links; event_evidence; a51_quick_links
51,25,14.0,5015,University of Delhi,South & Central Asia + Oceania,India,1,87.6891162715201,3.6428785001512547,85.37492339513433,70,19,75.79036671547439,,False,0.4458593941446005,a51_quick_links; a53_contrast_ratio; a46_admissions_policy; a57_logo_prominence; seo_completeness_B10
52,6,6.0,1059,Texas A&M University,North America,United States,1,87.52661325638957,3.6278916796528518,86.16162007646804,64,12,79.62356077522006,,False,0.1593783905040966,a26_event_captions; a27_event_datetime; a67_gzip; a15_stat_item_count; a28_contests
53,7,7.0,1133,Bard College,North America,United States,1,87.36931253056359,3.6133846396429847,82.43214249788969,114,61,70.93681390342974,,False,0.2812550337304175,a46_admissions_policy; a40_career_link; a27_event_datetime; a05_language_toggle; a63_mobile_score
54,7,2.0,2031,University of Aberdeen,Western & Northern Europe,United Kingdom,1,87.15539001685903,3.5936556622398133,84.25364578473156,84,30,73.97978112090743,3.9195568074606535,True,0.28700621634398504,notice_evidence; event_evidence; a27_event_datetime; a18_missing; a72_alt_text_pct
55,8,3.0,2017,Durham University,Western & Northern Europe,United Kingdom,1,86.82059111658289,3.562778875015458,87.07450391314781,55,0,76.40927415972112,,False,0.30409826106292814,event_evidence; a26_event_captions; a47_footer_contact; a27_event_datetime; a40_career_link
56,8,8.0,1008,University of Pennsylvania,North America,United States,1,86.74443084341,3.5557550032292347,86.65042320999014,58,2,79.34020830326043,,False,0.34397816238324175,a46_admissions_policy; a57_logo_prominence; a40_career_link; a28_contests; a21_calendar_link
57,9,,2155,University of Southern Denmark,Western & Northern Europe,Denmark,0,86.70089642647179,3.551740047004384,86.4293745728299,59,2,82.49499582802464,,False,0.2351823810585143,event_evidence; a26_event_captions; a40_career_link; a72_alt_text_pct; a67_gzip
58,10,4.0,2036,University of Surrey,Western & Northern Europe,United Kingdom,1,86.56783393050102,3.539468374749061,89.4379202212616,41,-17,79.46105156604442,,False,0.3210548312173823,a53_contrast_ratio; a26_event_captions; a72_alt_text_pct; a40_career_link; a28_contests
59,11,2.0,2098,University of Caen Normandy,Western & Northern Europe,France,1,86.46348944274031,3.529845217253728,85.68353815321278,68,9,85.98377049256922,,False,0.3846560519089424,a46_admissions_policy; a72_alt_text_pct; a57_logo_prominence; a40_career_link; a67_gzip
60,7,,3133,Masaryk University,Eastern & Southern Europe,Czechia,0,86.42887834354738,3.526653212905746,87.5620404947813,53,-7,79.67836474784998,4.017637424682784,True,0.23638538115784075,notice_evidence; a15_stat_item_count; a40_career_link; a27_event_datetime; a67_gzip
61,5,,4147,Nanyang Technological University,Asia (East & Southeast),Singapore,0,86.37778150844976,3.5219408136002355,88.86569032191383,46,-15,84.27226931135532,,False,0.2618291510543798,event_evidence; a26_event_captions; a53_contrast_ratio; a72_alt_text_pct; a40_career_link
62,8,,3199,University of Tartu,Eastern & Southern Europe,Baltics,0,86.36286779766866,3.5205653984655547,88.96600134147162,45,-17,88.1331621532241,,False,0.435277907827238,footer_completeness_B6; a72_alt_text_pct; a26_event_captions; a40_career_link; a63_mobile_score
63,6,,4144,Lingnan University,Asia (East & Southeast),Hong Kong,0,86.36254680722557,3.5205357951615897,87.65486772323935,52,-11,76.95735419377073,,False,0.29128614073809395,a46_admissions_policy; a40_career_link; a47_footer_contact; a27_event_datetime; a28_contests
64,12,5.0,2038,"City, University of London",Western & Northern Europe,United Kingdom,1,86.21797553532883,3.5072027274680333,89.29849006835559,43,-21,86.34255833995022,,False,0.13184346147629203,a26_event_captions; a40_career_link; a28_contests; a67_gzip; a47_footer_contact
65,26,2.0,5099,Khulna University,South & Central Asia + Oceania,Bangladesh,1,85.91504838370264,3.479265308326194,82.32946598857556,119,54,73.75077034668593,,False,0.277283657950959,a46_admissions_policy; a57_logo_prominence; a05_language_toggle; a63_mobile_score; a26_event_captions
66,9,9.0,1017,Brown University,North America,United States,1,85.91356557707073,3.4791285566677184,87.81433522071826,50,-16,77.04917245114423,3.594578827315112,True,0.35684158645721153,a46_admissions_policy; a72_alt_text_pct; a57_logo_prominence; a40_career_link; a05_language_toggle
67,9,,3210,Lithuanian University of Health Sciences,Eastern & Southern Europe,Baltics,0,85.38474411526087,3.430358062671151,79.95376100253459,157,90,73.7681975806058,,False,0.3180007646451134,a46_admissions_policy; a40_career_link; a27_event_datetime; a67_gzip; a28_contests
68,13,,2197,Dublin City University,Western & Northern Europe,Belgium/Ireland/Iceland,0,85.33130923679578,3.4254300376048636,82.3551907541347,118,50,82.01990273937427,,False,0.2292176433893868,a46_admissions_policy; a40_career_link; a63_mobile_score; a71_sitemap_robots; a05_language_toggle
69,27,2.0,5082,Mehran University of Engineering and Technology,South & Central Asia + Oceania,Pakistan,1,85.30716366571062,3.423203215293944,84.77571378886765,77,8,73.93520056125234,,False,0.27807133313162025,a46_admissions_policy; a40_career_link; a28_contests; a67_gzip; a63_mobile_score
70,14,,2152,Aarhus University,Western & Northern Europe,Denmark,0,85.2920073991825,3.4218054304854553,85.18721242241287,74,4,79.23329579850974,,False,0.2597142428914308,event_evidence; a72_alt_text_pct; a66_broken_links; a40_career_link; a67_gzip
71,6,3.0,6327,University of Limpopo,Latin America & Africa,South Africa,1,85.22006833545248,3.4151708592187067,89.34258547910717,42,-29,79.46016569851002,,False,0.7913277618856995,a53_contrast_ratio; a40_career_link; a28_contests; a27_event_datetime; a11y_completeness_B11
72,28,15.0,5313,MNIT Jaipur,South & Central Asia + Oceania,India,1,85.04088632780132,3.3986458206952395,81.71170006167463,127,55,72.26479375381027,,False,0.3430497426320056,a46_admissions_policy; event_evidence; a57_logo_prominence; a21_calendar_link; a05_language_toggle
73,7,,6152,Makerere University,Latin America & Africa,Sub-Saharan Africa,0,85.0172894947834,3.3964696056847914,83.88133752983107,96,23,81.34058555644035,,False,0.44054716060788435,footer_completeness_B6; a51_quick_links; a72_alt_text_pct; a26_event_captions; a40_career_link
74,10,1.0,1186,Concordia University,North America,Canada,1,84.88262203438337,3.384049915783222,84.19155642897667,86,12,80.13078902946285,3.2993764848783824,True,0.2747215998630596,a46_admissions_policy; a40_career_link; a27_event_datetime; a28_contests; a15_stat_item_count
75,15,6.0,2030,Loughborough University,Western & Northern Europe,United Kingdom,1,84.85712377239807,3.3816983417211155,84.13373476241249,87,12,76.14778814856967,,False,0.3992919166861512,a53_contrast_ratio; event_evidence; a66_broken_links; a40_career_link; a57_logo_prominence
76,11,10.0,1054,University of Colorado Boulder,North America,United States,1,84.74064513185728,3.3709561134844233,85.32948559203493,71,-5,79.41972466208014,,False,0.5365274398834868,a43_contact_link; a26_event_captions; a57_logo_prominence; a40_career_link; a67_gzip
77,10,,3188,University of Nova Gorica,Eastern & Southern Europe,Balkans,0,84.70769890401718,3.3679176516913136,89.01725477006408,44,-33,68.26961565491243,,False,0.3604879354682424,notice_evidence; a72_alt_text_pct; a15_stat_item_count; a05_language_toggle; a27_event_datetime
78,29,7.0,5134,Charles Darwin University,South & Central Asia + Oceania,Australia,1,84.69260146113442,3.366525291886254,86.72836925273165,57,-21,77.31679619708342,,False,0.23277714799255592,a26_event_captions; a40_career_link; a57_logo_prominence; a15_stat_item_count; a05_language_toggle
79,30,16.0,5036,NIT Warangal,South & Central Asia + Oceania,India,1,84.54380410118598,3.3528024737441267,84.49174322976693,81,2,80.34555343222615,,False,0.43820233360666183,a53_contrast_ratio; a46_admissions_policy; a40_career_link; a63_mobile_score; a05_language_toggle
80,16,3.0,2078,Sorbonne University,Western & Northern Europe,France,1,84.5264546192978,3.351202419919959,85.80815127911431,65,-15,87.20545237219304,,False,0.23071780161503497,a53_contrast_ratio; a26_event_captions; a57_logo_prominence; a40_career_link; a67_gzip
81,11,1.0,3084,Nicolaus Copernicus University,Eastern & Southern Europe,Poland,1,84.5215433863838,3.3507494820710897,81.84654647301605,125,44,74.52968634278591,,False,0.199560911576908,a46_admissions_policy; a05_language_toggle; a71_sitemap_robots; a26_event_captions; a67_gzip
82,12,11.0,1003,Stanford University,North America,United States,1,84.49967991664143,3.3487331262746265,83.18230150159322,101,19,74.72735527185012,,False,0.6385272937914106,footer_completeness_B6; a51_quick_links; a46_admissions_policy; a57_logo_prominence; a40_career_link
83,13,12.0,1112,Drexel University,North America,United States,1,84.37148788057635,3.3369106315825183,80.45694596262852,145,62,71.05685134691899,,False,0.39504205701242845,a46_admissions_policy; a53_contrast_ratio; a57_logo_prominence; a72_alt_text_pct; a31_social_feed_embed
84,14,13.0,1117,Worcester Polytechnic Institute,North America,United States,1,84.35731632197614,3.3356036613410542,83.38666814313945,98,14,76.17409036387065,,False,0.4508413792304811,footer_completeness_B6; a72_alt_text_pct; a26_event_captions; a47_footer_contact; a40_career_link
85,15,14.0,1300,Kansas State University,North America,United States,1,84.22942468637135,3.3238088710442906,86.34006240906544,60,-25,84.34052887385276,,False,0.23746937075271712,a66_broken_links; a40_career_link; a26_event_captions; a29_video_content; a67_gzip
86,8,,6144,Moi University,Latin America & Africa,Sub-Saharan Africa,0,84.20962541366056,3.3219828855641005,84.6925992319195,79,-7,76.41597535867493,,False,0.37699985851375517,a72_alt_text_pct; a46_admissions_policy; a40_career_link; seo_completeness_B10; a28_contests
87,31,8.0,5143,Australian Catholic University,South & Central Asia + Oceania,Australia,1,84.14100134647495,3.315654039444199,88.68673666300346,47,-40,84.06715717269563,,False,0.6469694403654696,a53_contrast_ratio; a72_alt_text_pct; a26_event_captions; a40_career_link; a63_mobile_score
88,12,3.0,3024,University of Parma,Eastern & Southern Europe,Italy,1,83.92339167034697,3.295585013941958,85.02873138884824,75,-13,83.87492326450646,3.09545973025914,True,0.30880476590341177,a46_admissions_policy; a72_alt_text_pct; a40_career_link; a67_gzip; a26_event_captions
89,16,2.0,1180,Dalhousie University,North America,Canada,1,83.82920740266994,3.2868988814888733,83.89118312945851,94,5,72.02017153277797,,False,0.35428190804146925,notice_evidence; event_evidence; a72_alt_text_pct; a27_event_datetime; a18_missing
90,17,3.0,2074,University of Marburg,Western & Northern Europe,Germany,1,83.82511390323111,3.286521359008749,82.5660838122767,112,22,80.70011867176443,3.665686842329652,True,0.2541259710205816,a46_admissions_policy; a40_career_link; a53_contrast_ratio; a28_contests; a71_sitemap_robots
91,18,1.0,2111,Maastricht University,Western & Northern Europe,Netherlands,1,83.5655699998683,3.2625849545793963,82.16613574759086,122,31,76.73975374985216,3.101816136686568,True,0.3124161126029693,a46_admissions_policy; a57_logo_prominence; a40_career_link; seo_completeness_B10; a67_gzip
92,32,17.0,5416,Central University of Karnataka,South & Central Asia + Oceania,India,1,83.53341013312429,3.2596190148412454,82.30923523000061,120,28,67.40445871483863,,False,0.39300831990017143,a46_admissions_policy; a72_alt_text_pct; event_evidence; a50_social_links; a31_social_feed_embed
93,19,,2180,University of Bern,Western & Northern Europe,Switzerland/Austria,0,83.46315126944421,3.2531393998165674,78.74363833552849,180,87,81.21315059564297,,False,0.6362538704927455,a53_contrast_ratio; a46_admissions_policy; a40_career_link; a15_stat_item_count; a26_event_captions
94,17,15.0,1058,Rutgers University,North America,United States,1,83.38881927221838,3.2462841405537364,79.81900778001138,161,67,76.78786074856214,,False,0.4581557062357559,a53_contrast_ratio; a46_admissions_policy; a57_logo_prominence; a40_career_link; a26_event_captions
95,20,7.0,2040,University of Kent,Western & Northern Europe,United Kingdom,1,83.36487337273813,3.244075732931915,81.2031901076692,138,43,84.03933750923127,,False,0.316722372368315,notice_evidence; event_evidence; a26_event_captions; a57_logo_prominence; a40_career_link
96,33,3.0,5107,Rajshahi University of Engineering and Technology,South & Central Asia + Oceania,Bangladesh,1,83.35431854146248,3.243102314921227,85.2773798786238,72,-24,79.11494887915443,3.045416914157816,True,0.29752233798632677,a72_alt_text_pct; a26_event_captions; a50_social_links; a25_event_images; a05_language_toggle
97,21,8.0,2016,University of Nottingham,Western & Northern Europe,United Kingdom,1,83.07716740878496,3.217542085943131,83.88376515289553,95,-2,76.87971932455629,3.52261837852317,True,0.31790373447313397,notice_evidence; a26_event_captions; a27_event_datetime; a40_career_link; a18_missing
98,34,9.0,5117,University of Western Australia,South & Central Asia + Oceania,Australia,1,83.07505756138752,3.217347505527507,82.4311371760017,115,17,70.93039334760462,3.069767271351922,True,0.38691624831134247,notice_evidence; event_evidence; a26_event_captions; a27_event_datetime; a18_missing
99,35,,5173,Nazarbayev University,South & Central Asia + Oceania,Central Asia,0,83.0661556662811,3.2165265293508596,86.80708299109152,56,-43,82.42568889194216,,False,0.5569630581748506,footer_completeness_B6; a53_contrast_ratio; a51_quick_links; a57_logo_prominence; a47_footer_contact
100,13,,3206,University of Latvia,Eastern & Southern Europe,Baltics,0,83.0019296153003,3.210603289732213,82.8510722805578,105,5,72.94297732054437,,False,0.29571088838727394,a46_admissions_policy; a40_career_link; a47_footer_contact; a28_contests; a67_gzip
101,36,10.0,5124,Queensland University of Technology,South & Central Asia + Oceania,Australia,1,82.98990673933037,3.2094944814809256,81.27489039130487,137,36,79.36174726056797,,False,0.2576101918362911,a53_contrast_ratio; a26_event_captions; a57_logo_prominence; a15_stat_item_count; a40_career_link
102,14,,3138,VSB - Technical University of Ostrava,Eastern & Southern Europe,Czechia,0,82.97701251397561,3.208305313140248,80.43660116853579,147,45,74.79658073055569,,False,0.3536818900334092,a46_admissions_policy; event_evidence; a40_career_link; a27_event_datetime; seo_completeness_B10
103,22,,2177,EPFL,Western & Northern Europe,Switzerland/Austria,0,82.96862702429713,3.207531962390409,83.18665161790287,100,-3,78.43489529624881,,False,0.32399449260695784,a46_admissions_policy; event_evidence; a28_contests; a67_gzip; a44_student_portal
104,37,18.0,5316,Alagappa University,South & Central Asia + Oceania,India,1,82.88201446433082,3.1995441297457052,83.17036684976492,102,-2,79.52838393778028,,False,0.4449633679478495,footer_completeness_B6; a46_admissions_policy; a72_alt_text_pct; a40_career_link; a71_sitemap_robots
105,9,,6151,University of Dar es Salaam,Latin America & Africa,Sub-Saharan Africa,0,82.81165690944376,3.193055412936653,84.05576498506679,88,-17,72.21506129293691,,False,0.3301144934869747,a46_admissions_policy; a53_contrast_ratio; a40_career_link; a21_calendar_link; a67_gzip
106,38,19.0,5017,University of Hyderabad,South & Central Asia + Oceania,India,1,82.78445551292808,3.1905467675028523,82.81330322043779,106,0,69.8301652915004,3.364425117872762,True,0.30371537905649937,a46_admissions_policy; a72_alt_text_pct; a40_career_link; a27_event_datetime; a28_contests
107,15,1.0,3071,University of Vigo,Eastern & Southern Europe,Spain,1,82.69654924405029,3.1824396227135834,78.7596548117396,179,72,80.6336817300368,,False,0.23438494084691025,a46_admissions_policy; a40_career_link; a67_gzip; a71_sitemap_robots; a26_event_captions
108,23,4.0,2099,University of Poitiers,Western & Northern Europe,France,1,82.62730350010143,3.176053442530979,82.62875984644843,109,1,74.3892865841691,3.149863283833683,True,0.4803984075820032,a46_admissions_policy; footer_completeness_B6; event_evidence; a51_quick_links; a57_logo_prominence
109,7,2.0,4056,University of Tokyo,Asia (East & Southeast),Japan,1,82.5921073685898,3.172807483649666,78.46610013445954,184,75,72.51023021681351,,False,0.612623465282202,a66_broken_links; a46_admissions_policy; a72_alt_text_pct; a40_career_link; a27_event_datetime
110,18,16.0,1162,University of San Francisco,North America,United States,1,82.5556266082644,3.169443050034679,78.51590028895662,183,73,77.36960644313929,,False,0.4454798418015261,a72_alt_text_pct; a46_admissions_policy; a57_logo_prominence; a40_career_link; a31_social_feed_embed
111,19,17.0,1081,University of Arizona,North America,United States,1,82.51789264292191,3.1659630397417833,81.07902353778306,140,29,83.32573610236945,,False,0.22581113625222496,a72_alt_text_pct; a26_event_captions; a40_career_link; a67_gzip; a05_language_toggle
112,39,20.0,5063,Maharaja Sayajirao University of Baroda,South & Central Asia + Oceania,India,1,82.46096422028428,3.1607128229956993,81.43908291331682,134,22,76.4562691790536,3.1251206748332514,True,0.47199926809641113,a66_broken_links; a46_admissions_policy; a72_alt_text_pct; a31_social_feed_embed; a28_contests
113,16,4.0,3020,Vita-Salute San Raffaele University,Eastern & Southern Europe,Italy,1,82.39512712708121,3.1546410052070972,84.51868375689529,80,-33,79.76876257738172,,False,0.25863217761556884,event_evidence; a26_event_captions; a15_stat_item_count; a72_alt_text_pct; a27_event_datetime
114,10,4.0,6111,University of Johannesburg,Latin America & Africa,South Africa,1,82.29035491158794,3.14497840057446,79.9953728447411,153,39,73.93665751963623,,False,0.4300622987507865,a46_admissions_policy; event_evidence; a72_alt_text_pct; a66_broken_links; a40_career_link
115,17,2.0,3080,Adam Mickiewicz University,Eastern & Southern Europe,Poland,1,82.26924250640542,3.1430313116142585,83.15493495685547,103,-12,78.79045006735399,,False,0.35678750975035434,a72_alt_text_pct; a46_admissions_policy; a28_contests; a67_gzip; a26_event_captions
116,40,21.0,5027,Manipal Academy of Higher Education,South & Central Asia + Oceania,India,1,82.24332306669989,3.1406408944889286,84.70278229920642,78,-38,74.71108974293256,,False,0.37103820188746833,a46_admissions_policy; a53_contrast_ratio; a72_alt_text_pct; a47_footer_contact; a40_career_link
117,41,22.0,5312,Sharda University,South & Central Asia + Oceania,India,1,82.11877725986744,3.1291546728374247,82.07032569953009,124,7,80.03241530593648,,False,0.45650093700933586,a66_broken_links; a53_contrast_ratio; a26_event_captions; a40_career_link; a27_event_datetime
118,20,18.0,1019,"University of California, San Diego",North America,United States,1,82.0747719686033,3.125096290286026,79.99080708443464,155,37,72.7083376462235,,False,0.30447185386397857,a46_admissions_policy; a57_logo_prominence; a40_career_link; a27_event_datetime; a21_calendar_link
119,42,11.0,5114,University of New South Wales,South & Central Asia + Oceania,Australia,1,82.01638938035997,3.1197119632965706,83.94705309859974,92,-27,82.62568082816135,,False,0.3987716776436903,notice_evidence; event_evidence; a26_event_captions; a72_alt_text_pct; a27_event_datetime
120,24,5.0,2094,ENS de Lyon,Western & Northern Europe,France,1,81.91711644887498,3.110556529452339,85.66985830521442,69,-51,77.69779933647162,,False,0.3502956913280255,a46_admissions_policy; event_evidence; a40_career_link; a27_event_datetime; seo_completeness_B10
121,18,5.0,3029,Roma Tre University,Eastern & Southern Europe,Italy,1,81.88448801103098,3.1075473758023677,85.80506642672628,66,-55,71.9549949668309,,False,0.46937233423175045,a46_admissions_policy; event_evidence; a72_alt_text_pct; a51_quick_links; a40_career_link
122,21,19.0,1024,Carnegie Mellon University,North America,United States,1,81.78385844363427,3.0982668263787456,75.10082135347821,248,126,73.71254920799615,,False,0.6437984145333647,a43_contact_link; a46_admissions_policy; a40_career_link; a27_event_datetime; a67_gzip
123,8,,4216,Royal University of Phnom Penh,Asia (East & Southeast),Other SE/E Asia,0,81.72665035536274,3.0929908175041185,84.27207782020211,83,-40,71.35272705620463,,False,0.3888629300102854,a46_admissions_policy; event_evidence; a40_career_link; a27_event_datetime; a44_student_portal
124,43,3.0,5072,Aga Khan University,South & Central Asia + Oceania,Pakistan,1,81.6171588148142,3.0828929737011808,80.17436238831466,151,27,69.43203606904555,,False,0.593475294334349,a53_contrast_ratio; a46_admissions_policy; a72_alt_text_pct; a40_career_link; a66_broken_links
125,11,5.0,6523,University of Venda,Latin America & Africa,South Africa,1,81.54143763602767,3.075909597340504,82.36966786287896,117,-8,74.38737976930295,3.216926259663797,True,0.5281590466245353,a53_contrast_ratio; a46_admissions_policy; a40_career_link; a27_event_datetime; a05_language_toggle
126,19,,3201,Tallinn University,Eastern & Southern Europe,Baltics,0,81.52569416834584,3.0744576579781437,80.9218571815299,143,17,79.50352561105777,,False,0.31720016831008585,a53_contrast_ratio; a40_career_link; a26_event_captions; a71_sitemap_robots; a63_mobile_score
127,9,,4195,Ateneo de Manila University,Asia (East & Southeast),Philippines,0,81.5017021005229,3.0722449924866218,84.00619585648367,90,-37,73.29669518025835,,False,0.32053079436584087,a46_admissions_policy; a57_logo_prominence; a40_career_link; a72_alt_text_pct; a21_calendar_link
128,20,6.0,3022,Ca' Foscari University of Venice,Eastern & Southern Europe,Italy,1,81.46997310016395,3.069318789347612,76.7021880332985,218,90,75.74465964004732,,False,0.8005916939585495,a38_scholarship; a46_admissions_policy; a72_alt_text_pct; event_evidence; a40_career_link
129,44,12.0,5118,University of Adelaide,South & Central Asia + Oceania,Australia,1,81.2567704265579,3.0496561991086124,82.62010547737016,110,-19,72.81594571382496,2.8363874818060744,True,0.46676645485018525,notice_evidence; event_evidence; a15_stat_item_count; a47_footer_contact; a27_event_datetime
130,45,,5180,Westminster International University in Tashkent,South & Central Asia + Oceania,Central Asia,0,81.01478954915483,3.0273395425790515,79.84544527491876,159,29,75.82376367320495,,False,0.7842105157876992,a39_library_link; footer_completeness_B6; a51_quick_links; a26_event_captions; a53_contrast_ratio
131,12,6.0,6328,University of Fort Hare,Latin America & Africa,South Africa,1,80.99395357122327,3.0254179470879277,85.26859458993033,73,-58,80.95668995498781,,False,0.3910337634932443,a46_admissions_policy; a53_contrast_ratio; a72_alt_text_pct; a40_career_link; a67_gzip
132,10,,4207,Ton Duc Thang University,Asia (East & Southeast),Vietnam,0,80.9188291215762,3.0184896039984306,76.14960716331194,231,99,64.76663992054924,,False,0.708515323558067,a39_library_link; content_completeness_B5; a46_admissions_policy; a72_alt_text_pct; a15_stat_item_count
133,46,4.0,5318,FAST National University Pakistan,South & Central Asia + Oceania,Pakistan,1,80.77373041786271,3.0051078939707225,79.6245683510642,167,34,71.20366788725656,,False,0.6026683872962206,a66_broken_links; notice_evidence; event_evidence; a31_social_feed_embed; a72_alt_text_pct
134,47,4.0,5108,Chittagong University of Engineering and Technology,South & Central Asia + Oceania,Bangladesh,1,80.72042364621844,3.0001916835401627,85.71263484432575,67,-67,71.96225316239398,,False,0.639507952159739,a53_contrast_ratio; a26_event_captions; a15_stat_item_count; a28_contests; a27_event_datetime
135,48,23.0,5424,Vidyasagar University,South & Central Asia + Oceania,India,1,80.61680699150338,2.9906356503575635,81.40251142598532,135,0,80.94403958945517,,False,0.41417633428464024,a53_contrast_ratio; a46_admissions_policy; a40_career_link; a71_sitemap_robots; a72_alt_text_pct
136,21,,3171,University of Pecs,Eastern & Southern Europe,Hungary,0,80.59268995992872,2.988411460099473,79.99207874110549,154,18,76.56216800274574,,False,0.5853543581825237,a53_contrast_ratio; event_evidence; a51_quick_links; footer_completeness_B6; a26_event_captions
137,49,24.0,5065,Bharathidasan University,South & Central Asia + Oceania,India,1,80.54679431125211,2.9841787395692005,82.39091518796164,116,-21,69.85459935750923,,False,0.4850803502078604,footer_completeness_B6; a46_admissions_policy; event_evidence; a57_logo_prominence; a50_social_links
138,50,13.0,5148,University of South Australia,South & Central Asia + Oceania,Australia,1,80.53165673621452,2.982782678581117,81.45728262296836,132,-6,72.24203784867848,,False,0.441578715249755,notice_evidence; event_evidence; a47_footer_contact; a15_stat_item_count; a66_broken_links
139,11,1.0,4096,Seoul National University,Asia (East & Southeast),South Korea,1,80.52498859890605,2.9821677104414763,79.69444737645028,163,24,74.5317686026605,,False,0.35190121554784237,a46_admissions_policy; a72_alt_text_pct; a40_career_link; a28_contests; a05_language_toggle
140,12,,4172,Sepuluh Nopember Institute of Technology,Asia (East & Southeast),Indonesia,0,80.40670898036358,2.971259387231033,80.94085328918648,142,2,78.16385648978215,3.035749908107711,True,0.4764173777030082,notice_evidence; a53_contrast_ratio; a50_social_links; a67_gzip; a18_missing
141,51,,5153,Massey University,South & Central Asia + Oceania,New Zealand,0,80.34661567879502,2.9657172899164617,82.7289106581635,108,-33,77.42362719281513,,False,0.29442558837784044,event_evidence; a26_event_captions; a72_alt_text_pct; a57_logo_prominence; a40_career_link
142,52,5.0,5083,NED University of Engineering and Technology,South & Central Asia + Oceania,Pakistan,1,80.19308858504803,2.9515582726589704,82.49717205481737,113,-29,72.61176053601892,,False,0.38647786822150887,a46_admissions_policy; a53_contrast_ratio; a72_alt_text_pct; a40_career_link; a15_stat_item_count
143,13,7.0,6324,Tshwane University of Technology,Latin America & Africa,South Africa,1,80.1811089655775,2.950453453732995,84.78323287735716,76,-67,78.16730307364473,,False,0.621382667164604,a53_contrast_ratio; a40_career_link; event_evidence; a26_event_captions; a15_stat_item_count
144,53,25.0,5300,Indian Institute of Technology Patna,South & Central Asia + Oceania,India,1,80.10891387115859,2.9437952700675893,78.19228725947244,190,46,68.15036542641744,,False,0.581192282739016,a66_broken_links; a46_admissions_policy; event_evidence; a67_gzip; a63_mobile_score
145,25,,2192,University of Liege,Western & Northern Europe,Belgium/Ireland/Iceland,0,80.00000111148879,2.933750804259703,78.84791565642345,177,32,82.54930314491543,,False,0.5902102389199037,a53_contrast_ratio; a46_admissions_policy; a57_logo_prominence; a48_footer_sitemap; a28_contests
146,14,,6125,American University in Cairo,Latin America & Africa,Egypt & North Africa,0,79.96767086575488,2.930769151340253,82.57210050058258,111,-35,84.75021269381145,,False,0.39511379034880983,a53_contrast_ratio; a46_admissions_policy; a40_career_link; a48_footer_sitemap; a28_contests
147,54,26.0,5308,KIIT University,South & Central Asia + Oceania,India,1,79.96055513735278,2.9301129041672875,82.74622062934274,107,-40,82.3558959824481,,False,0.5615102622360276,a66_broken_links; a53_contrast_ratio; a46_admissions_policy; a57_logo_prominence; a40_career_link
148,26,,2198,University of Limerick,Western & Northern Europe,Belgium/Ireland/Iceland,0,79.92837432130665,2.9271450323823354,81.50240816113262,131,-17,74.69676565149402,,False,0.6227387150019673,footer_completeness_B6; a51_quick_links; a46_admissions_policy; a57_logo_prominence; event_evidence
149,55,5.0,5325,Patuakhali Science and Technology University,South & Central Asia + Oceania,Bangladesh,1,79.92177346132328,2.926536268885693,81.36688899763749,136,-13,71.54624467432895,,False,0.3447307649053926,a46_admissions_policy; a72_alt_text_pct; a05_language_toggle; a27_event_datetime; a28_contests
150,27,4.0,2057,University of Mannheim,Western & Northern Europe,Germany,1,79.90832931155305,2.925296383833725,84.25173301977034,85,-65,87.32539926451804,,False,0.38705404680196653,a53_contrast_ratio; a46_admissions_policy; a48_footer_sitemap; a40_career_link; a26_event_captions
151,56,27.0,5310,Chandigarh University,South & Central Asia + Oceania,India,1,79.89553190625065,2.9241161447104185,80.39780659380541,148,-3,75.96020414864577,,False,0.4330656273099592,notice_evidence; event_evidence; a26_event_captions; a27_event_datetime; a44_student_portal
152,22,20.0,1100,University of Cincinnati,North America,United States,1,79.82546771945468,2.9176544837373317,78.46093204879747,185,33,77.78418203818566,,False,0.4389337990981682,a46_admissions_policy; a72_alt_text_pct; a57_logo_prominence; a53_contrast_ratio; a40_career_link
153,22,3.0,3095,SGH Warsaw School of Economics,Eastern & Southern Europe,Poland,1,79.8050262931371,2.915769275720073,75.42647430987203,242,89,76.51901752383739,,False,0.33316970607225815,a46_admissions_policy; event_evidence; a57_logo_prominence; a27_event_datetime; a67_gzip
154,57,,5149,University of Auckland,South & Central Asia + Oceania,New Zealand,0,79.80130944401324,2.915426489768721,77.60173154147877,199,45,78.36584448694354,,False,0.37729748075036146,a53_contrast_ratio; notice_evidence; a15_stat_item_count; a57_logo_prominence; a27_event_datetime
155,58,28.0,5423,University of Burdwan,South & Central Asia + Oceania,India,1,79.6911429501201,2.9052663984769445,75.72613579806021,240,85,67.50294089812482,,False,0.5056196859633342,event_evidence; a46_admissions_policy; a57_logo_prominence; a40_career_link; a44_student_portal
156,13,3.0,4066,University of Tsukuba,Asia (East & Southeast),Japan,1,79.6832927702525,2.9045424166082934,83.83744411956735,97,-59,81.26360182138038,,False,0.4494817489750672,a53_contrast_ratio; a46_admissions_policy; a72_alt_text_pct; a48_footer_sitemap; a40_career_link
157,23,21.0,1166,San Jose State University,North America,United States,1,79.64829769789527,2.901315000382662,79.4042855172124,169,12,72.80859360717109,,False,0.3963453719692288,a46_admissions_policy; event_evidence; a40_career_link; a27_event_datetime; a15_stat_item_count
158,59,14.0,5119,University of Technology Sydney,South & Central Asia + Oceania,Australia,1,79.60911010232016,2.8977009292211107,76.4291824806064,226,68,76.31103716412076,,False,0.417729985963529,notice_evidence; event_evidence; a72_alt_text_pct; a15_stat_item_count; a26_event_captions
159,60,29.0,5022,Aligarh Muslim University,South & Central Asia + Oceania,India,1,79.60052552691357,2.896909217814586,80.03601015335725,152,-7,81.27730698168483,2.7848422816974088,True,0.3808328454327063,a46_admissions_policy; event_evidence; a50_social_links; a40_career_link; a66_broken_links
160,61,6.0,5093,BRAC University,South & Central Asia + Oceania,Bangladesh,1,79.55920727690918,2.8930986473114686,80.44895581547921,146,-14,72.88829435688884,,False,0.39936128397110515,a46_admissions_policy; event_evidence; a72_alt_text_pct; a40_career_link; a05_language_toggle
161,24,22.0,1154,Denison University,North America,United States,1,79.50310603853717,2.8879247175321106,79.1564253037972,173,12,75.35680076896838,,False,0.9154965956322819,a43_contact_link; a53_contrast_ratio; a46_admissions_policy; a57_logo_prominence; a40_career_link
162,28,,2309,Maynooth University,Western & Northern Europe,Belgium/Ireland/Iceland,0,79.4908113933958,2.886790845402554,83.21041274503436,99,-63,86.56739513680819,,False,0.35447583323315,a72_alt_text_pct; a53_contrast_ratio; a26_event_captions; a48_footer_sitemap; a40_career_link
163,29,5.0,2066,Technical University of Darmstadt,Western & Northern Europe,Germany,1,79.36433482105552,2.875126559140576,79.67822147176832,164,1,79.07402019193282,2.542783779818123,True,0.3184440274293994,a46_admissions_policy; a53_contrast_ratio; a40_career_link; a28_contests; a71_sitemap_robots
164,62,15.0,5138,Victoria University,South & Central Asia + Oceania,Australia,1,79.23507284659419,2.8632053895120295,79.40239500675715,170,6,74.90878946304204,3.08530185043883,True,1.025302063961036,a34_department_links; event_evidence; a40_career_link; a27_event_datetime; a57_logo_prominence
165,15,8.0,6326,Durban University of Technology,Latin America & Africa,South Africa,1,79.22027576864373,2.8618407308257505,76.93622161489687,214,49,75.45585831328067,,False,0.8640085215071504,a53_contrast_ratio; a66_broken_links; a70_favicon; a46_admissions_policy; a31_social_feed_embed
166,63,,5169,Pokhara University,South & Central Asia + Oceania,Nepal,0,79.19312422576904,2.8593366831378297,81.82017238098013,126,-40,69.95811148220044,,False,0.30716896970558116,a46_admissions_policy; a53_contrast_ratio; a27_event_datetime; a72_alt_text_pct; a28_contests
167,30,6.0,2085,University of Montpellier,Western & Northern Europe,France,1,79.1245173430763,2.853009421855662,83.98535125230562,91,-76,75.71693318647837,,False,0.30880834565794896,a46_admissions_policy; event_evidence; seo_completeness_B10; a44_student_portal; a28_contests
168,31,,2200,Reykjavik University,Western & Northern Europe,Belgium/Ireland/Iceland,0,79.1164884993038,2.8522689627304465,77.68627879305564,197,29,69.86700781734297,,False,0.29857113329601476,notice_evidence; a15_stat_item_count; event_evidence; a57_logo_prominence; a27_event_datetime
169,64,30.0,5309,Lovely Professional University,South & Central Asia + Oceania,India,1,79.06737533927839,2.8477395076134515,82.22452926786546,121,-48,81.01206544801352,,False,0.2970084838176327,notice_evidence; event_evidence; a27_event_datetime; a18_missing; a67_gzip
170,32,,2196,University of Galway,Western & Northern Europe,Belgium/Ireland/Iceland,0,79.06092787121949,2.8471448906680954,80.96397966493667,141,-29,73.08539933995151,,False,0.6561399501424816,a53_contrast_ratio; footer_completeness_B6; a51_quick_links; a40_career_link; event_evidence
171,25,23.0,1020,"University of California, Davis",North America,United States,1,79.03100527745991,2.84438528315459,81.17501347289527,139,-32,75.80016121817881,,False,0.5563066314648697,footer_completeness_B6; event_evidence; a51_quick_links; a26_event_captions; a57_logo_prominence
172,33,6.0,2043,Heidelberg University,Western & Northern Europe,Germany,1,79.01579260957425,2.842982296737871,73.90115942560779,264,92,68.61078146894224,,False,0.4928625963234706,a53_contrast_ratio; a46_admissions_policy; a27_event_datetime; a67_gzip; a15_stat_item_count
173,23,,3175,University of Miskolc,Eastern & Southern Europe,Hungary,0,79.00116881717165,2.8416336192898397,77.91041172522138,194,21,78.67479050612627,,False,0.4464890176126697,notice_evidence; a53_contrast_ratio; event_evidence; a26_event_captions; a27_event_datetime
174,34,9.0,2020,Lancaster University,Western & Northern Europe,United Kingdom,1,78.94602146331424,2.8365476613920175,80.6878950524913,144,-30,80.95922313257465,,False,0.27110167607439234,event_evidence; a26_event_captions; a40_career_link; a15_stat_item_count; a27_event_datetime
175,65,16.0,5123,Deakin University,South & Central Asia + Oceania,Australia,1,78.92796449095204,2.83488235934627,78.58508074230204,182,7,74.79795341378318,3.10743291467626,True,0.36940358429680425,notice_evidence; event_evidence; a15_stat_item_count; a66_broken_links; a27_event_datetime
176,66,17.0,5141,University of Canberra,South & Central Asia + Oceania,Australia,1,78.9121081458629,2.833420009878965,81.55450752564644,129,-47,76.94152391089625,,False,0.25882108888482114,a26_event_captions; event_evidence; a40_career_link; a15_stat_item_count; a27_event_datetime
177,67,7.0,5094,North South University,South & Central Asia + Oceania,Bangladesh,1,78.86502797142863,2.829078046607004,82.9878458292131,104,-73,82.87889560668773,,False,0.8490528260113683,a53_contrast_ratio; a51_quick_links; a26_event_captions; a40_career_link; a57_logo_prominence
178,68,31.0,5058,Gujarat University,South & Central Asia + Oceania,India,1,78.74010863992598,2.817557376688928,81.52858576486267,130,-48,78.68847013268537,,False,0.5045404582150955,a53_contrast_ratio; a46_admissions_policy; event_evidence; a40_career_link; a28_contests
179,35,7.0,2064,Leipzig University,Western & Northern Europe,Germany,1,78.68962352736266,2.8129013934185836,79.22379857197292,171,-8,80.00614366462422,,False,0.4839756735332461,a53_contrast_ratio; a46_admissions_policy; a51_quick_links; a40_career_link; a47_footer_contact
180,16,9.0,6114,University of the Western Cape,Latin America & Africa,South Africa,1,78.66481962514325,2.810613856600121,79.11354691382367,175,-5,75.22832600257611,,False,0.6011161371185818,a53_contrast_ratio; notice_evidence; event_evidence; a40_career_link; a48_footer_sitemap
181,14,2.0,4104,Gwangju Institute of Science and Technology,Asia (East & Southeast),South Korea,1,78.63429866430637,2.8077990647568205,79.94214454358936,158,-23,70.47357856438533,,False,0.42742954547960704,a46_admissions_policy; a53_contrast_ratio; a57_logo_prominence; event_evidence; a72_alt_text_pct
182,69,32.0,5009,Indian Institute of Technology Hyderabad,South & Central Asia + Oceania,India,1,78.61475945257838,2.8059970633686477,78.71920301117643,181,-1,70.98852464040266,,False,0.42849161774953165,a53_contrast_ratio; a46_admissions_policy; a40_career_link; a28_contests; a72_alt_text_pct
183,26,24.0,1083,University of Utah,North America,United States,1,78.41034641192014,2.7871450959425825,78.79029809649363,178,-5,76.99437590231305,,False,0.4322376001141902,a46_admissions_policy; a72_alt_text_pct; a57_logo_prominence; a40_career_link; a28_contests
184,24,,3403,Slovak University of Agriculture in Nitra,Eastern & Southern Europe,Bulgaria & Slovakia,0,78.2764609871423,2.774797529179676,80.1945428320345,150,-34,76.67990168715605,,False,0.3285678165721599,event_evidence; a72_alt_text_pct; a26_event_captions; a66_broken_links; a44_student_portal
185,25,,3110,University of Algarve,Eastern & Southern Europe,Portugal,0,78.26942945982185,2.7741490474410657,79.6428142471116,166,-19,74.57814905524802,3.0987096934803264,True,0.27940834520612545,a46_admissions_policy; a57_logo_prominence; a40_career_link; a67_gzip; a15_stat_item_count
186,36,8.0,2075,University of Bremen,Western & Northern Europe,Germany,1,78.24984033379314,2.7723424427126733,81.5944705339995,128,-58,85.3598365351491,,False,0.22069922232272254,a46_admissions_policy; a40_career_link; a67_gzip; a71_sitemap_robots; a48_footer_sitemap
187,70,6.0,5085,Air University,South & Central Asia + Oceania,Pakistan,1,78.20309442229187,2.768031306798418,78.85608740015431,176,-11,77.2310360806784,,False,0.5946121375656621,a53_contrast_ratio; notice_evidence; event_evidence; a26_event_captions; a40_career_link
188,37,,2164,Royal Danish Academy,Western & Northern Europe,Denmark,0,78.16214676213818,2.7642549138985077,79.11648851923559,174,-14,75.43760054981303,,False,0.28830801313530385,a46_admissions_policy; a40_career_link; a28_contests; a67_gzip; a71_sitemap_robots
189,26,2.0,3067,University of Girona,Eastern & Southern Europe,Spain,1,78.15337302440062,2.7634457570193747,79.82474100468355,160,-29,78.64549196240378,,False,0.3531560299313113,a72_alt_text_pct; a46_admissions_policy; seo_completeness_B10; a67_gzip; a70_favicon
190,27,25.0,1164,Pepperdine University,North America,United States,1,78.07163860277056,2.7559078100801964,72.73254323520327,280,90,76.2095829276833,,False,0.34353880628793576,a46_admissions_policy; a40_career_link; a57_logo_prominence; a31_social_feed_embed; a27_event_datetime
191,28,26.0,1041,University of Rochester,North America,United States,1,78.06296447558657,2.7551078397720614,80.21895946121998,149,-42,78.57969534260067,,False,0.4647106271801732,notice_evidence; event_evidence; a26_event_captions; a15_stat_item_count; a27_event_datetime
192,29,3.0,1167,California Polytechnic State University,North America,Canada,1,78.04353414142355,2.7533158796038677,79.9668707132884,156,-36,77.48759090838783,,False,0.24901040897907004,a46_admissions_policy; a40_career_link; a27_event_datetime; a67_gzip; a05_language_toggle
193,71,33.0,5417,Central University of Tamil Nadu,South & Central Asia + Oceania,India,1,78.04193224203374,2.7531681446305054,77.71138853053588,196,3,72.18773858082264,,False,0.5711334876640631,footer_completeness_B6; a46_admissions_policy; a51_quick_links; a40_career_link; a47_footer_contact
194,27,3.0,3307,Miguel Hernandez University,Eastern & Southern Europe,Spain,1,78.0279229997419,2.7518761439905317,82.08835023668135,123,-71,81.46735893382736,,False,0.34501748066494514,a46_admissions_policy; a72_alt_text_pct; a40_career_link; a28_contests; a67_gzip
195,17,10.0,6109,University of Pretoria,Latin America & Africa,South Africa,1,77.92756876791344,2.7426209873556817,81.44563578705898,133,-62,77.41714411609625,,False,0.4020501049471308,a53_contrast_ratio; a46_admissions_policy; a40_career_link; a28_contests; a72_alt_text_pct
196,72,18.0,5130,James Cook University,South & Central Asia + Oceania,Australia,1,77.91898508914664,2.741829358641651,76.40166881081099,228,32,71.14246816212035,2.364594404318301,True,0.34543134210836496,event_evidence; notice_evidence; a57_logo_prominence; a40_career_link; a27_event_datetime
197,38,7.0,2100,University of Burgundy,Western & Northern Europe,France,1,77.91461914554175,2.741426710031962,75.78032232810327,239,42,80.94533127163729,,False,0.33483533991299946,a46_admissions_policy; event_evidence; a40_career_link; a63_mobile_score; a26_event_captions
198,30,27.0,1146,Smith College,North America,United States,1,77.90312448982807,2.7403666168285614,72.46160689237202,288,90,71.28126227569584,,False,0.40296128008292703,a46_admissions_policy; event_evidence; a40_career_link; a57_logo_prominence; a27_event_datetime
199,39,9.0,2058,University of Muenster,Western & Northern Europe,Germany,1,77.76556037848444,2.7276797836515065,76.39120573121227,229,30,81.54245886598547,,False,0.24260039438742587,a46_admissions_policy; a40_career_link; a67_gzip; a71_sitemap_robots; a48_footer_sitemap
200,73,7.0,5067,National University of Sciences and Technology,South & Central Asia + Oceania,Pakistan,1,77.67374630918188,2.7192122424507463,75.87295415812773,236,36,78.75991540652907,,False,0.6111516916085853,notice_evidence; a46_admissions_policy; a40_career_link; a21_calendar_link; a26_event_captions
201,31,4.0,1171,University of Alberta,North America,Canada,1,77.5728172569582,2.7099040730759505,76.50801470310653,225,24,77.36633032100312,,False,0.6279535011062282,a66_broken_links; notice_evidence; a72_alt_text_pct; a26_event_captions; a47_footer_contact
202,18,,6148,Kwame Nkrumah University of Science and Technology,Latin America & Africa,Sub-Saharan Africa,0,77.4548024258397,2.6990201698529743,75.28655556442452,244,42,75.10348495601154,,False,0.6601212757941284,a53_contrast_ratio; a66_broken_links; a40_career_link; a26_event_captions; a31_social_feed_embed
203,40,,2178,University of Zurich,Western & Northern Europe,Switzerland/Austria,0,77.45290580735221,2.698845254447231,77.3277086558351,204,1,78.38309242188936,2.587768893540201,True,0.4186723496988976,a46_admissions_policy; a72_alt_text_pct; a57_logo_prominence; a40_career_link; a47_footer_contact
204,41,,2300,University of Luxembourg,Western & Northern Europe,Switzerland/Austria,0,77.30824327311043,2.6855037700951767,77.41639006911656,203,-1,76.59039771830972,,False,0.7100980420612707,a53_contrast_ratio; a46_admissions_policy; a70_favicon; a72_alt_text_pct; a40_career_link
205,74,34.0,5034,NIT Tiruchirappalli,South & Central Asia + Oceania,India,1,77.26417666972922,2.6814397330413526,74.08358933739251,260,55,62.70909807799311,,False,0.37621550963716965,a46_admissions_policy; a51_quick_links; a53_contrast_ratio; seo_completeness_B10; a27_event_datetime
206,42,10.0,2008,London School of Economics,Western & Northern Europe,United Kingdom,1,77.25645582016718,2.6807276786441547,77.47666729994125,201,-5,80.04706020915071,,False,0.2376546017439738,a53_contrast_ratio; a26_event_captions; a40_career_link; a66_broken_links; a72_alt_text_pct
207,43,10.0,2049,University of Tuebingen,Western & Northern Europe,Germany,1,77.15571057632252,2.671436460974409,78.42371737343794,186,-21,84.29914330293778,,False,0.6191520061058761,a53_contrast_ratio; a46_admissions_policy; a72_alt_text_pct; a40_career_link; a28_contests
208,44,,2126,Chalmers University of Technology,Western & Northern Europe,Sweden,0,77.02248895819004,2.659150113697379,72.8853788052173,279,71,76.27123374246095,,False,0.668715817865073,a38_scholarship; event_evidence; a72_alt_text_pct; a57_logo_prominence; a67_gzip
209,45,,2156,Roskilde University,Western & Northern Europe,Denmark,0,76.97546127332474,2.6548129912694316,78.3910092584893,187,-22,71.96449354550442,2.8715592698717565,True,0.7694561593248488,a38_scholarship; event_evidence; a57_logo_prominence; a15_stat_item_count; a67_gzip
210,15,,4199,University of San Carlos,Asia (East & Southeast),Philippines,0,76.96313927205148,2.65367659622399,79.6575452311246,165,-45,75.34241057179274,,False,0.340061812707158,a46_admissions_policy; event_evidence; a67_gzip; a15_stat_item_count; a44_student_portal
211,75,8.0,5109,Bangladesh University of Professionals,South & Central Asia + Oceania,Bangladesh,1,76.92577459364288,2.65023064337296,78.25298562526822,189,-22,75.0983387750025,,False,0.3582619831695356,a46_admissions_policy; a72_alt_text_pct; a57_logo_prominence; a66_broken_links; seo_completeness_B10
212,32,28.0,1067,University of Massachusetts Amherst,North America,United States,1,76.91974969911482,2.649674998219289,77.47550485910995,202,-10,72.64756240601457,2.7641410925612857,True,0.3419743110059696,a46_admissions_policy; a66_broken_links; a40_career_link; a47_footer_contact; a27_event_datetime
213,46,2.0,2102,Delft University of Technology,Western & Northern Europe,Netherlands,1,76.88076278453391,2.6460794348376435,75.22022921042951,245,32,76.51469911334263,,False,0.45972047447805814,footer_completeness_B6; a46_admissions_policy; event_evidence; a40_career_link; a67_gzip
214,76,35.0,5021,Jamia Millia Islamia,South & Central Asia + Oceania,India,1,76.85349459944494,2.6435646298359177,77.6793362966158,198,-16,80.88809189468995,,False,0.3190036823493792,a46_admissions_policy; a40_career_link; a27_event_datetime; a67_gzip; a28_contests
215,47,8.0,2077,PSL University,Western & Northern Europe,France,1,76.7615707695739,2.6350869659802854,77.28186084306512,205,-10,79.17449624020773,,False,0.2355900943817958,a46_admissions_policy; seo_completeness_B10; a28_contests; a67_gzip; a47_footer_contact
216,19,,6142,University of Nairobi,Latin America & Africa,Sub-Saharan Africa,0,76.72501189080728,2.631715327901708,79.70552497443776,162,-54,74.0045475325335,,False,0.6958017881659944,a53_contrast_ratio; a26_event_captions; a15_stat_item_count; a40_career_link; a31_social_feed_embed
217,77,9.0,5323,University of Barisal,South & Central Asia + Oceania,Bangladesh,1,76.6570215260678,2.6254449249116254,76.57330175198904,221,4,69.84180805449,2.4048730920011243,True,0.545451722728066,a66_broken_links; a46_admissions_policy; event_evidence; a27_event_datetime; a05_language_toggle
218,78,36.0,5054,University of Kerala,South & Central Asia + Oceania,India,1,76.52682484186907,2.6134375517930017,71.07919421326682,298,80,74.38857903848313,,False,0.5626384300326062,a66_broken_links; a46_admissions_policy; a53_contrast_ratio; a57_logo_prominence; a50_social_links
219,48,,2176,ETH Zurich,Western & Northern Europe,Switzerland/Austria,0,76.50157224044821,2.6111086337461082,78.38387456841757,188,-31,76.9091218446246,,False,0.6587727220457973,footer_completeness_B6; a46_admissions_policy; a57_logo_prominence; a51_quick_links; a72_alt_text_pct
220,79,37.0,5405,Indian Institute of Technology Palakkad,South & Central Asia + Oceania,India,1,76.35119136957069,2.597239776504138,76.94848782982199,213,-7,64.86944529223418,,False,0.7200048511096774,a53_contrast_ratio; a46_admissions_policy; footer_completeness_B6; a70_favicon; a57_logo_prominence
221,80,38.0,5402,Indian Institute of Technology Goa,South & Central Asia + Oceania,India,1,76.2479332528518,2.58771680944395,74.13456333033452,258,37,72.49227033441336,,False,0.37317037179306256,a46_admissions_policy; event_evidence; a47_footer_contact; a72_alt_text_pct; a40_career_link
222,33,5.0,1187,University of Victoria,North America,Canada,1,76.13228893231822,2.5770515262668687,76.56055975262858,222,0,78.03341235481437,,False,0.8244628654829035,a38_scholarship; event_evidence; a26_event_captions; a27_event_datetime; a40_career_link
223,34,29.0,1114,Villanova University,North America,United States,1,76.05645584322073,2.5700578289915863,74.32407564199968,257,34,77.51099956347788,,False,0.6068462308301926,notice_evidence; a46_admissions_policy; a66_broken_links; a05_language_toggle; a63_mobile_score
224,81,8.0,5080,International Islamic University Islamabad,South & Central Asia + Oceania,Pakistan,1,75.92835146509711,2.558243418542303,77.01086352292175,209,-15,66.33148848589585,2.6165490024857085,True,0.3218881171427347,a46_admissions_policy; event_evidence; a40_career_link; a28_contests; a15_stat_item_count
225,35,6.0,1302,Memorial University of Newfoundland,North America,Canada,1,75.92127248323197,2.5575905603141713,75.16426998549966,247,22,75.1143049155509,2.68223291019454,True,0.36284147908424275,a46_admissions_policy; event_evidence; a15_stat_item_count; a72_alt_text_pct; a40_career_link
226,28,4.0,3091,Lodz University of Technology,Eastern & Southern Europe,Poland,1,75.88939922889172,2.5546510533695534,73.67051234997324,271,45,76.11273132904657,,False,0.2764494554902864,event_evidence; a26_event_captions; a15_stat_item_count; a27_event_datetime; a67_gzip
227,82,19.0,5129,La Trobe University,South & Central Asia + Oceania,Australia,1,75.83172334013824,2.5493319016532605,76.92086855234189,215,-12,76.1858533396431,,False,0.678869824448429,a66_broken_links; notice_evidence; event_evidence; a72_alt_text_pct; a15_stat_item_count
228,16,,4143,Hong Kong Baptist University,Asia (East & Southeast),Hong Kong,0,75.79299271982599,2.5457599749788837,77.18553297709055,206,-22,71.1782552667031,,False,0.4837789388754729,a46_admissions_policy; a53_contrast_ratio; event_evidence; a57_logo_prominence; a48_footer_sitemap
229,49,11.0,2048,Technical University of Berlin,Western & Northern Europe,Germany,1,75.70714209539322,2.5378424117446494,77.83908930973945,195,-34,78.7609357964752,,False,0.507819638866036,footer_completeness_B6; a46_admissions_policy; a51_quick_links; a40_career_link; a28_contests
230,17,,4141,City University of Hong Kong,Asia (East & Southeast),Hong Kong,0,75.66738211991826,2.5341755529175343,70.07944428119193,314,84,70.30666401033353,,False,0.41464232750937713,a46_admissions_policy; a72_alt_text_pct; a53_contrast_ratio; event_evidence; a40_career_link
231,20,,6345,University of Jos,Latin America & Africa,Sub-Saharan Africa,0,75.6124300487926,2.529107604945527,77.10945595837532,207,-24,72.3582501602991,2.431587129446446,True,0.6311143551720594,a53_contrast_ratio; a46_admissions_policy; a72_alt_text_pct; a40_career_link; a66_broken_links
232,36,7.0,1185,York University,North America,Canada,1,75.59251008370464,2.5272704886257604,74.94952141242901,249,17,75.07541707900393,,False,0.27203580269564887,event_evidence; a26_event_captions; a72_alt_text_pct; a40_career_link; a05_language_toggle
233,83,39.0,5043,Ashoka University,South & Central Asia + Oceania,India,1,75.5734943263276,2.5255167627504473,79.52707699626703,168,-65,81.54479078258055,,False,0.304529123806833,a46_admissions_policy; a72_alt_text_pct; a27_event_datetime; a40_career_link; a25_event_images
234,84,,5171,Mid-Western University,South & Central Asia + Oceania,Nepal,0,75.55995647251328,2.524268235854586,76.96712173401428,212,-22,69.1127271998406,,False,0.9126198154396638,a38_scholarship; content_completeness_B5; a46_admissions_policy; a67_gzip; a21_calendar_link
235,85,40.0,5014,Indian Institute of Technology Gandhinagar,South & Central Asia + Oceania,India,1,75.5596660364173,2.5242414504215085,75.17681206824899,246,11,73.78148000034696,2.8146204011177884,True,0.5919669238838853,a53_contrast_ratio; a46_admissions_policy; event_evidence; a57_logo_prominence; a40_career_link
236,29,4.0,3053,University of Santiago de Compostela,Eastern & Southern Europe,Spain,1,75.43477998228838,2.512723849505115,77.94170986119971,192,-44,68.06737707460705,3.092099521010167,True,0.7853037150605799,a39_library_link; content_completeness_B5; a46_admissions_policy; event_evidence; footer_completeness_B6
237,18,4.0,4059,Tohoku University,Asia (East & Southeast),Japan,1,75.42412943244116,2.5117416038609877,75.84343104433532,237,0,75.42421737100145,,False,0.7392422993171004,a39_library_link; a46_admissions_policy; a72_alt_text_pct; a66_broken_links; a40_career_link
238,50,,2311,Munster Technological University,Western & Northern Europe,Belgium/Ireland/Iceland,0,75.42398603568111,2.511728379112504,76.54383320638904,224,-14,73.26437409184238,,False,1.1611110036923398,a34_department_links; a26_event_captions; a40_career_link; a63_mobile_score; a27_event_datetime
239,19,,4203,Far Eastern University,Asia (East & Southeast),Philippines,0,75.35270995955837,2.505154951795946,69.02465426488114,327,88,68.35878709696165,,False,0.4370530706385675,a53_contrast_ratio; a46_admissions_policy; a66_broken_links; a27_event_datetime; a28_contests
240,37,8.0,1190,University of Saskatchewan,North America,Canada,1,75.28747188184992,2.4991383781373466,76.28694531831835,230,-10,77.96550576891592,,False,0.31704392883686167,a46_admissions_policy; a40_career_link; a15_stat_item_count; a67_gzip; a21_calendar_link
241,38,30.0,1006,Columbia University,North America,United States,1,75.19628556549459,2.490728731374606,74.65304456541301,254,13,77.76273357320721,,False,0.6645867939101708,a53_contrast_ratio; a46_admissions_policy; a40_career_link; a28_contests; seo_completeness_B10
242,86,,5178,National University of Uzbekistan,South & Central Asia + Oceania,Central Asia,0,75.11606339816495,2.4833302519014935,73.49216194282675,274,32,68.71470127058858,,False,0.9306522666963786,a22_admission_notice; a46_admissions_policy; a57_logo_prominence; a40_career_link; a72_alt_text_pct
243,21,,6530,National University of Science and Technology Zimbabwe,Latin America & Africa,Sub-Saharan Africa,0,75.01442705871061,2.4739568530492093,77.92086742624505,193,-50,72.46453287902179,,False,0.8208082414807292,a38_scholarship; notice_evidence; event_evidence; a51_quick_links; a50_social_links
244,20,5.0,4057,Kyoto University,Asia (East & Southeast),Japan,1,74.98322594076522,2.471079333800588,76.54976057460125,223,-21,76.24077910222992,,False,0.6240853710444002,a39_library_link; a46_admissions_policy; a40_career_link; a72_alt_text_pct; a28_contests
245,87,20.0,5115,University of Queensland,South & Central Asia + Oceania,Australia,1,74.85175326671944,2.4589542826759283,76.99879509553793,210,-35,80.51612243896469,2.0871738760413794,True,0.4625870479610378,notice_evidence; a53_contrast_ratio; a26_event_captions; a15_stat_item_count; a72_alt_text_pct
246,51,12.0,2060,FAU Erlangen-Nuremberg,Western & Northern Europe,Germany,1,74.83705292802497,2.4575985457555833,76.64991331293265,219,-27,84.03409944686241,,False,0.6699595587131044,a03_nav_item_count; a40_career_link; a67_gzip; a71_sitemap_robots; a47_footer_contact
247,88,41.0,5409,NIT Raipur,South & Central Asia + Oceania,India,1,74.79216787509871,2.453459027293562,72.70192804977056,284,37,67.70130244054675,,False,0.6279431861451666,notice_evidence; a66_broken_links; event_evidence; a26_event_captions; a15_stat_item_count
248,89,,5183,Samarkand State University,South & Central Asia + Oceania,Central Asia,0,74.74595651958236,2.449197190738988,70.64148922086828,306,58,76.17413802248757,,False,0.5684873593412475,a66_broken_links; a46_admissions_policy; event_evidence; a40_career_link; a57_logo_prominence
249,90,42.0,5404,Indian Institute of Technology Tirupati,South & Central Asia + Oceania,India,1,74.64032097612582,2.439454965791575,74.93422299543285,250,1,78.61115718632576,,False,0.49772184460338864,notice_evidence; a46_admissions_policy; a40_career_link; a25_event_images; a67_gzip
250,52,13.0,2073,University of Regensburg,Western & Northern Europe,Germany,1,74.56342337206377,2.4323630937551735,73.74839239496046,270,20,79.02525332240998,,False,0.29906221042436626,a46_admissions_policy; a40_career_link; a72_alt_text_pct; a28_contests; a67_gzip
251,39,31.0,1163,Loyola Marymount University,North America,United States,1,74.55246783765247,2.4313527209472943,73.93002512841386,262,11,79.50432447487637,1.8244904736231824,True,0.36900413131942655,a46_admissions_policy; a57_logo_prominence; a40_career_link; a72_alt_text_pct; a28_contests
252,91,21.0,5121,RMIT University,South & Central Asia + Oceania,Australia,1,74.47119621475821,2.423857455564361,76.0198127127001,233,-19,72.79411907190084,,False,0.6156770065389298,footer_completeness_B6; notice_evidence; event_evidence; a51_quick_links; a26_event_captions
253,22,,6085,University of Santiago Chile,Latin America & Africa,Chile,0,74.47024670796668,2.423769887417793,76.8618921907505,216,-37,73.74909250514038,,False,0.6508109965021882,a66_broken_links; a46_admissions_policy; event_evidence; a72_alt_text_pct; a40_career_link
254,30,,3315,University of Banja Luka,Eastern & Southern Europe,Balkans,0,74.45186375098584,2.422074521480856,73.57590281310303,273,19,71.84734147505299,,False,0.5773931915520776,a39_library_link; a46_admissions_policy; a67_gzip; seo_completeness_B10; a21_calendar_link
255,21,,4146,National University of Singapore,Asia (East & Southeast),Singapore,0,74.36831472152242,2.4143692225583826,70.97550013076687,301,46,70.77945798978214,,False,0.3857153057973429,a46_admissions_policy; a72_alt_text_pct; a40_career_link; a53_contrast_ratio; a15_stat_item_count
256,31,,3205,Vytautas Magnus University,Eastern & Southern Europe,Baltics,0,74.1020961591391,2.389817248525303,68.62265378068398,333,77,69.37127288870246,,False,0.7342721838302103,a66_broken_links; event_evidence; a46_admissions_policy; a53_contrast_ratio; a40_career_link
257,53,11.0,2025,University of Liverpool,Western & Northern Europe,United Kingdom,1,74.08566158921057,2.3883015723436065,74.0096904945173,261,4,74.23073152170579,,False,0.6495892695368198,footer_completeness_B6; a46_admissions_policy; event_evidence; a51_quick_links; a57_logo_prominence
258,32,5.0,3057,Rovira i Virgili University,Eastern & Southern Europe,Spain,1,74.05965326330777,2.3859029576997104,71.00229005517447,300,42,75.54424104716921,,False,0.7483633526204987,a39_library_link; a46_admissions_policy; a53_contrast_ratio; event_evidence; a40_career_link
259,54,9.0,2076,Paris-Saclay University,Western & Northern Europe,France,1,73.91352608455527,2.3724263966885637,71.83007838360847,294,35,72.66259463697818,,False,0.7426191431047762,a53_contrast_ratio; a46_admissions_policy; a40_career_link; a48_footer_sitemap; a28_contests
260,40,32.0,1075,Clemson University,North America,United States,1,73.8776790257842,2.369120406121151,71.4255735909536,296,36,70.82932895466362,,False,0.776148065198335,a43_contact_link; a46_admissions_policy; a72_alt_text_pct; a40_career_link; a47_footer_contact
261,55,12.0,2015,University of Sheffield,Western & Northern Europe,United Kingdom,1,73.86641635837248,2.3680817080102448,74.71287336769994,253,-8,80.49635182067254,,False,0.2310642582376401,a26_event_captions; a15_stat_item_count; a53_contrast_ratio; a40_career_link; a72_alt_text_pct
262,41,33.0,1110,Iowa State University,North America,United States,1,73.85684662475812,2.367199140509693,71.06186316181135,299,37,74.89300127468354,,False,0.4948588311756835,notice_evidence; a53_contrast_ratio; a26_event_captions; a27_event_datetime; a40_career_link
263,42,34.0,1015,Northwestern University,North America,United States,1,73.79118113149406,2.361143148504268,73.85981979479904,267,4,79.62859667371586,,False,0.3834998169117848,a46_admissions_policy; event_evidence; a40_career_link; a15_stat_item_count; a27_event_datetime
264,23,,6132,University of Ibadan,Latin America & Africa,Sub-Saharan Africa,0,73.54557738440634,2.338492373265531,77.09410930224297,208,-56,64.05282344308375,,False,0.615662503305017,a53_contrast_ratio; a46_admissions_policy; footer_completeness_B6; a50_social_links; a28_contests
265,24,,6140,University of Port Harcourt,Latin America & Africa,Sub-Saharan Africa,0,73.40429706963124,2.325462813686026,76.00975005251898,234,-31,73.06974566997577,,False,0.8432875713134762,a53_contrast_ratio; a72_alt_text_pct; a26_event_captions; a48_footer_sitemap; a40_career_link
266,25,,6344,Nnamdi Azikiwe University,Latin America & Africa,Sub-Saharan Africa,0,73.3755054607078,2.3228075111093376,74.79680626700286,252,-14,70.52576378692923,,False,0.5525752852440597,footer_completeness_B6; a46_admissions_policy; a51_quick_links; a57_logo_prominence; a50_social_links
267,22,,4148,Singapore Management University,Asia (East & Southeast),Singapore,0,73.35060231015191,2.320510821125301,67.21468719083961,359,92,72.15229386621681,,False,0.8762429127916954,a38_scholarship; a46_admissions_policy; a27_event_datetime; a15_stat_item_count; a26_event_captions
268,92,10.0,5104,Daffodil International University,South & Central Asia + Oceania,Bangladesh,1,73.29181912649057,2.3150895492729013,72.38444860337665,290,22,71.27810642288757,,False,0.7393942507094992,a39_library_link; a46_admissions_policy; event_evidence; a40_career_link; a57_logo_prominence
269,56,13.0,2019,Queen Mary University of London,Western & Northern Europe,United Kingdom,1,73.25824612955243,2.311993283777145,73.83444479527205,268,-1,81.73975638292684,,False,0.5441473180423857,a53_contrast_ratio; a46_admissions_policy; a51_quick_links; a72_alt_text_pct; a40_career_link
270,93,22.0,5116,Monash University,South & Central Asia + Oceania,Australia,1,73.17209615022209,2.3040481125744567,73.59925416416414,272,2,80.2198319873129,1.871178379012016,True,0.3775622493352422,a53_contrast_ratio; a72_alt_text_pct; a15_stat_item_count; a26_event_captions; a40_career_link
271,33,,3400,Sofia Medical University,Eastern & Southern Europe,Bulgaria & Slovakia,0,73.13674704422792,2.300788045640387,72.71554771123633,281,10,75.6377198246311,,False,0.33136961762163986,a46_admissions_policy; a72_alt_text_pct; a53_contrast_ratio; a28_contests; a47_footer_contact
272,94,23.0,5137,Edith Cowan University,South & Central Asia + Oceania,Australia,1,73.09205476146238,2.296666305382626,73.48960495707931,275,3,82.40354600145622,,False,1.223212538432131,a34_department_links; a72_alt_text_pct; a26_event_captions; a31_social_feed_embed; a40_career_link
273,43,35.0,1036,Vanderbilt University,North America,United States,1,73.03448121879393,2.2913565925213826,73.86249360705312,266,-7,72.31254967027694,1.5385806510336966,True,0.4513798820649675,a46_admissions_policy; event_evidence; a57_logo_prominence; a40_career_link; a15_stat_item_count
274,57,,2305,University of Salzburg,Western & Northern Europe,Switzerland/Austria,0,73.00697785823189,2.288820098490703,74.60336394485522,255,-19,76.60216978127296,,False,0.654983730451809,footer_completeness_B6; a53_contrast_ratio; a46_admissions_policy; a51_quick_links; a47_footer_contact
275,26,,6122,Assiut University,Latin America & Africa,Egypt & North Africa,0,72.99868765074643,2.2880555351293457,73.77461015999236,269,-6,71.26285666454831,,False,1.5470144229307659,a22_admission_notice; a53_contrast_ratio; a46_admissions_policy; a40_career_link; seo_completeness_B10
276,44,9.0,1009,California Institute of Technology,North America,Canada,1,72.95285414134304,2.28382854538587,77.574237687692,200,-76,75.52120339071232,,False,0.5225309999486594,footer_completeness_B6; a46_admissions_policy; a53_contrast_ratio; a51_quick_links; a40_career_link
277,58,,2166,University of Helsinki,Western & Northern Europe,Finland,0,72.85238982213306,2.274563235955857,68.86115253754424,330,53,73.48869683764372,,False,0.42006254493857054,a46_admissions_policy; event_evidence; a40_career_link; a72_alt_text_pct; a57_logo_prominence
278,34,6.0,3305,University of Jaen,Eastern & Southern Europe,Spain,1,72.80067553068675,2.2697938918148544,68.99945787178788,328,50,76.62204196100663,,False,0.42317087583620755,a46_admissions_policy; a53_contrast_ratio; a40_career_link; a28_contests; seo_completeness_B10
279,59,,2172,University of Eastern Finland,Western & Northern Europe,Finland,0,72.73460567690852,2.263700607710958,76.40616245212391,227,-52,66.15432512511492,3.051870130022833,True,0.9648021134916855,a38_scholarship; content_completeness_B5; a46_admissions_policy; event_evidence; a40_career_link
280,95,43.0,5038,NIT Calicut,South & Central Asia + Oceania,India,1,72.73270830771715,2.2635256230716427,69.75214241314794,318,38,74.06180516796846,,False,0.9860024035631529,a39_library_link; footer_completeness_B6; a46_admissions_policy; a51_quick_links; a57_logo_prominence
281,45,36.0,1097,Mississippi State University,North America,United States,1,72.65359717825945,2.256229608929037,75.31116591196022,243,-38,72.66786615638374,,False,0.4189178636413812,a46_admissions_policy; a72_alt_text_pct; a57_logo_prominence; a40_career_link; a31_social_feed_embed
282,46,37.0,1023,University of Southern California,North America,United States,1,72.57335680554668,2.248829450466714,68.15244478441886,338,56,74.47921990886894,,False,0.6717291548909514,a43_contact_link; a46_admissions_policy; a40_career_link; a27_event_datetime; a28_contests
283,60,,2304,Johannes Kepler University Linz,Western & Northern Europe,Switzerland/Austria,0,72.5336139888877,2.245164174109283,75.9837852059448,235,-48,72.1518987824172,,False,0.9474561490086278,a38_scholarship; footer_completeness_B6; a46_admissions_policy; a51_quick_links; seo_completeness_B10
284,96,44.0,5302,Indian Institute of Technology Bhubaneswar,South & Central Asia + Oceania,India,1,72.48294756321064,2.24049146925942,67.9748978844819,344,60,75.35913740037952,,False,0.9366946063633349,a38_scholarship; a46_admissions_policy; a72_alt_text_pct; a57_logo_prominence; a40_career_link
285,27,,6147,University of Ghana,Latin America & Africa,Sub-Saharan Africa,0,72.34859930320832,2.2281012175751034,70.78860540264023,305,20,71.14714872575455,2.8537876454378104,True,0.8655777656607235,a38_scholarship; a46_admissions_policy; a72_alt_text_pct; a40_career_link; a57_logo_prominence
286,97,45.0,5059,University of Lucknow,South & Central Asia + Oceania,India,1,72.16644574047224,2.211302127750969,72.55510866876841,287,1,81.23268369258092,,False,0.6513577088737769,notice_evidence; a46_admissions_policy; a53_contrast_ratio; a15_stat_item_count; a40_career_link
287,35,,3134,Brno University of Technology,Eastern & Southern Europe,Czechia,0,72.12976638812522,2.2079193790113174,70.28215753713923,310,23,77.49793778496834,,False,0.4217006052062816,a46_admissions_policy; a72_alt_text_pct; a66_broken_links; event_evidence; a57_logo_prominence
288,47,38.0,1135,Williams College,North America,United States,1,72.05454139489586,2.2009817633023623,65.36214997904325,380,92,71.59378432058138,,False,1.1989693835059876,a34_department_links; a66_broken_links; a39_library_link; a57_logo_prominence; a26_event_captions
289,28,,6063,Austral University,Latin America & Africa,Argentina,0,71.99006861677172,2.1950357693033973,72.90415876569304,277,-12,68.35646935961483,,False,0.48968134377464106,a66_broken_links; a46_admissions_policy; a72_alt_text_pct; a40_career_link; a29_video_content
290,48,39.0,1157,Claremont McKenna College,North America,United States,1,71.8890779812926,2.1857219204204728,76.98642419261795,211,-79,74.15729807394942,,False,0.874356266600254,a43_contact_link; notice_evidence; event_evidence; a15_stat_item_count; a27_event_datetime
291,98,,5330,Royal University of Bhutan,South & Central Asia + Oceania,Central Asia,0,71.78158021332138,2.175807952047212,65.46050974881159,378,87,65.0238068064131,,False,0.6922246142988212,a39_library_link; a46_admissions_policy; event_evidence; a27_event_datetime; a28_contests
292,23,,4181,Mahidol University,Asia (East & Southeast),Thailand,0,71.6166557852958,2.1605978170436506,76.79871894534816,217,-75,72.78464383576463,,False,0.5262125339259609,a53_contrast_ratio; a46_admissions_policy; a15_stat_item_count; a27_event_datetime; a28_contests
293,49,40.0,1030,Georgia Institute of Technology,North America,United States,1,71.58319592407959,2.157511985475871,71.97058160784056,291,-2,76.84238679719141,,False,0.43288748462812016,a46_admissions_policy; event_evidence; a40_career_link; a27_event_datetime; a05_language_toggle
294,99,11.0,5103,American International University-Bangladesh,South & Central Asia + Oceania,Bangladesh,1,71.52029667384326,2.1517111098920014,74.53854529175298,256,-38,77.71916373651273,,False,0.5338224091827127,a53_contrast_ratio; a46_admissions_policy; a71_sitemap_robots; a05_language_toggle; a25_event_images
295,36,7.0,3303,Polytechnic University of Bari,Eastern & Southern Europe,Italy,1,71.50001501235487,2.1498406361663798,75.83022837192482,238,-57,74.4730809038023,,False,0.37743721950961656,a72_alt_text_pct; a46_admissions_policy; a40_career_link; seo_completeness_B10; a67_gzip
296,100,,5164,Eastern University Sri Lanka,South & Central Asia + Oceania,Sri Lanka,0,71.45418277242037,2.1456137634995165,74.10323895091808,259,-37,74.82000330106834,2.0388793215164958,True,0.623806535568344,a53_contrast_ratio; a46_admissions_policy; a40_career_link; a28_contests; a21_calendar_link
297,101,24.0,5146,University of the Sunshine Coast,South & Central Asia + Oceania,Australia,1,71.3833820724548,2.1390841776903358,72.58581605749244,286,-11,74.44769786799182,,False,0.5416867847775297,notice_evidence; a72_alt_text_pct; a26_event_captions; a15_stat_item_count; a27_event_datetime
298,37,,3141,University of Ostrava,Eastern & Southern Europe,Czechia,0,71.28753332722185,2.130244539000251,70.39231242492492,308,10,72.27201749215583,,False,0.6973116713931067,a53_contrast_ratio; notice_evidence; event_evidence; a31_social_feed_embed; a48_footer_sitemap
299,24,6.0,4085,Tokushima University,Asia (East & Southeast),Japan,1,71.24887725501114,2.1266794875153305,70.93440236111022,302,3,66.56300448693712,2.514544141387228,True,0.6951563813949121,a39_library_link; a46_admissions_policy; a66_broken_links; event_evidence; a72_alt_text_pct
300,102,9.0,5070,University of Engineering and Technology Lahore,South & Central Asia + Oceania,Pakistan,1,71.13010051448204,2.115725317291071,72.70840001690857,283,-17,78.71088180813202,,False,0.6327049983712691,a53_contrast_ratio; footer_completeness_B6; a51_quick_links; a26_event_captions; a50_social_links
301,50,41.0,1148,Barnard College,North America,United States,1,71.10235676492687,2.113166653415192,72.71040583237227,282,-19,74.03664042142519,,False,0.7585821863693788,a03_nav_item_count; a72_alt_text_pct; a47_footer_contact; a26_event_captions; a40_career_link
302,51,10.0,1188,Carleton University,North America,Canada,1,71.07527510129917,2.110669050332194,70.20441008557987,311,9,72.28853723462092,,False,0.6184868353829249,a46_admissions_policy; notice_evidence; a72_alt_text_pct; footer_completeness_B6; a51_quick_links
303,38,7.0,3074,University of La Laguna,Eastern & Southern Europe,Spain,1,70.94848976427136,2.098976288285046,69.26097443245635,323,20,66.26454413492591,,False,0.4669474876410914,a46_admissions_policy; footer_completeness_B6; a57_logo_prominence; a53_contrast_ratio; a40_career_link
304,61,14.0,2022,Cardiff University,Western & Northern Europe,United Kingdom,1,70.74959895485647,2.0806336079533057,67.43413290912399,354,50,75.32770702275943,,False,1.110698058705731,a22_admission_notice; a46_admissions_policy; event_evidence; a72_alt_text_pct; a57_logo_prominence
305,103,,5174,Al-Farabi Kazakh National University,South & Central Asia + Oceania,Central Asia,0,70.73456151486181,2.07924678190719,69.73196199200672,319,14,66.62627239479363,,False,0.5925917447839475,footer_completeness_B6; a46_admissions_policy; event_evidence; a72_alt_text_pct; a40_career_link
306,52,42.0,1052,Indiana University Bloomington,North America,United States,1,70.70265230808218,2.0763039592532926,69.98201422515058,315,9,73.46074974405578,,False,0.7573776345166566,a43_contact_link; a51_quick_links; footer_completeness_B6; event_evidence; a26_event_captions
307,62,,2307,Hasselt University,Western & Northern Europe,Belgium/Ireland/Iceland,0,70.69419990595334,2.075524437510982,76.12704055874796,232,-75,66.9213684227991,,False,0.9485329204922779,a38_scholarship; footer_completeness_B6; notice_evidence; a51_quick_links; event_evidence
308,104,46.0,5413,Central University of Rajasthan,South & Central Asia + Oceania,India,1,70.54651787591672,2.0619044805322093,67.86903098249243,346,38,74.29907350356781,,False,1.0327100346193385,a38_scholarship; footer_completeness_B6; a46_admissions_policy; a72_alt_text_pct; a51_quick_links
309,25,7.0,4070,Chiba University,Asia (East & Southeast),Japan,1,70.39132827172908,2.0475921384546765,69.15061186902253,326,17,72.61699840646915,,False,0.9429012301807588,a38_scholarship; a46_admissions_policy; event_evidence; a72_alt_text_pct; a27_event_datetime
310,53,43.0,1051,Michigan State University,North America,United States,1,70.39038865644534,2.047505482551194,70.82802220568885,304,-6,73.60315284727888,,False,0.42137602975007316,a46_admissions_policy; event_evidence; a40_career_link; a15_stat_item_count; a27_event_datetime
311,63,,2188,UCLouvain,Western & Northern Europe,Belgium/Ireland/Iceland,0,70.37104691321635,2.0457216926709494,75.61185801577896,241,-70,62.71661316118008,,False,0.5331343733892376,footer_completeness_B6; a46_admissions_policy; a40_career_link; a72_alt_text_pct; event_evidence
312,39,,3196,Pavol Jozef Safarik University,Eastern & Southern Europe,Bulgaria & Slovakia,0,70.32334329852443,2.0413222326982314,67.53443751895402,351,39,67.70290044400373,,False,0.38171377088752634,a46_admissions_policy; event_evidence; a27_event_datetime; a72_alt_text_pct; a15_stat_item_count
313,105,47.0,5045,IIIT Hyderabad,South & Central Asia + Oceania,India,1,70.25554733156333,2.035069758019251,67.93408449316087,345,32,66.61513697700242,,False,1.2795452345043574,a34_department_links; a46_admissions_policy; a57_logo_prominence; a53_contrast_ratio; a66_broken_links
314,40,,3120,University of Crete,Eastern & Southern Europe,Greece,0,70.1247881797471,2.0230105113940757,62.50948781007971,422,108,70.21935087950838,,False,0.9549953261500087,a39_library_link; a53_contrast_ratio; a46_admissions_policy; a72_alt_text_pct; a47_footer_contact
315,64,3.0,2110,University of Twente,Western & Northern Europe,Netherlands,1,70.11325679703837,2.021947031048095,68.05425516887517,340,25,78.69688423548652,,False,0.8327001094312474,notice_evidence; a46_admissions_policy; a72_alt_text_pct; a15_stat_item_count; a57_logo_prominence
316,54,11.0,1177,University of Ottawa,North America,Canada,1,70.1096072763205,2.0216104544506703,68.17286410629369,337,21,70.58845839877546,,False,0.8936138619694644,a38_scholarship; a46_admissions_policy; event_evidence; a27_event_datetime; a40_career_link
317,106,48.0,5401,Indian Institute of Technology Bhilai,South & Central Asia + Oceania,India,1,70.1044018126835,2.0211303812097148,74.90139936685914,251,-66,70.92557597685796,,False,0.8947872968799392,a39_library_link; a53_contrast_ratio; a46_admissions_policy; a51_quick_links; a57_logo_prominence
318,41,,3172,Semmelweis University,Eastern & Southern Europe,Hungary,0,70.04666456373074,2.015805570556622,69.1885954532101,325,7,80.21955499312541,,False,0.5133649038977781,a66_broken_links; a46_admissions_policy; a72_alt_text_pct; a67_gzip; a28_contests
319,65,14.0,2061,University of Stuttgart,Western & Northern Europe,Germany,1,69.90025788484532,2.00230323268024,71.47531642012318,295,-24,79.72574017885069,,False,0.704437791710893,a39_library_link; a72_alt_text_pct; a53_contrast_ratio; a26_event_captions; a40_career_link
320,66,,2157,Copenhagen Business School,Western & Northern Europe,Denmark,0,69.89688841396872,2.001992483644836,73.86292543263549,265,-55,68.38958994751388,,False,0.9389729876875639,a38_scholarship; content_completeness_B5; a72_alt_text_pct; a26_event_captions; a40_career_link
321,29,11.0,6110,University of KwaZulu-Natal,Latin America & Africa,South Africa,1,69.80104794464458,1.9931536081994177,70.10424619210205,313,-8,72.32555650718933,,False,0.7732872453449515,a53_contrast_ratio; a66_broken_links; notice_evidence; a72_alt_text_pct; a40_career_link
322,67,10.0,2088,University of Lille,Western & Northern Europe,France,1,69.7572522593326,1.9891145565310653,79.19597025134006,172,-150,78.73769289376591,,False,0.3114033367430112,a46_admissions_policy; a40_career_link; a72_alt_text_pct; a67_gzip; a71_sitemap_robots
323,68,,2174,LUT University,Western & Northern Europe,Finland,0,69.75004670008303,1.9884500247192889,68.18581271259771,336,13,74.49293633227401,,False,0.8410511870127473,a38_scholarship; a46_admissions_policy; event_evidence; a40_career_link; a28_contests
324,107,10.0,5319,Institute of Business Administration Karachi,South & Central Asia + Oceania,Pakistan,1,69.57069913732417,1.9719097178964624,72.68574302684891,285,-39,74.71547544115312,,False,0.8938567842483783,a53_contrast_ratio; footer_completeness_B6; a51_quick_links; a70_favicon; a26_event_captions
325,55,44.0,1004,Yale University,North America,United States,1,69.53881144790077,1.9689688796780855,73.20921177625469,276,-49,73.44497718804485,,False,0.5910176020084357,a46_admissions_policy; footer_completeness_B6; a51_quick_links; event_evidence; a40_career_link
326,69,15.0,2059,University of Wuerzburg,Western & Northern Europe,Germany,1,69.45933561335097,1.9616392306534094,69.57628825984881,321,-5,79.44209181343065,,False,0.8995244899847707,a53_contrast_ratio; a72_alt_text_pct; a51_quick_links; a46_admissions_policy; a40_career_link
327,56,12.0,1172,McMaster University,North America,Canada,1,69.441593277687,1.9600029459382926,69.22038016993365,324,-3,66.3139432922803,2.038924324684092,True,0.9636054728636466,a38_scholarship; footer_completeness_B6; event_evidence; a27_event_datetime; a40_career_link
328,30,,6150,Cheikh Anta Diop University,Latin America & Africa,Sub-Saharan Africa,0,69.3065192677973,1.9475457620602556,78.08346918059317,191,-137,69.25429309070203,,False,0.786098536781093,a53_contrast_ratio; event_evidence; a46_admissions_policy; a40_career_link; a72_alt_text_pct
329,57,45.0,1018,Dartmouth College,North America,United States,1,69.19283242133571,1.9370610066876808,68.0016132587104,343,14,76.14796822006052,,False,0.5898215333298824,notice_evidence; a46_admissions_policy; a27_event_datetime; a40_career_link; a18_missing
330,42,,3208,Riga Stradins University,Eastern & Southern Europe,Baltics,0,69.15294199319575,1.9333821168796494,69.69558598550002,320,-10,77.89430419592482,,False,0.9262625394346199,a38_scholarship; a46_admissions_policy; a51_quick_links; a57_logo_prominence; a40_career_link
331,31,,6528,Bahir Dar University,Latin America & Africa,Sub-Saharan Africa,0,69.13961542299229,1.9321530755887035,66.48850685945919,364,33,63.04114535039829,,False,0.8440981555287213,a43_contact_link; content_completeness_B5; a46_admissions_policy; a27_event_datetime; a15_stat_item_count
332,108,,5166,Sri Lanka Institute of Information Technology,South & Central Asia + Oceania,Sri Lanka,0,69.11888265877532,1.9302409989696565,72.90322752417167,278,-54,77.759957105508,3.016981552203833,True,0.7193190599471349,a03_nav_item_count; notice_evidence; event_evidence; a26_event_captions; a27_event_datetime
333,32,12.0,6522,Central University of Technology Free State,Latin America & Africa,South Africa,1,68.9696180235751,1.9164750864251516,69.50709486327243,322,-11,75.01942298523083,,False,0.5739256590423073,a46_admissions_policy; notice_evidence; a53_contrast_ratio; a40_career_link; a27_event_datetime
334,70,,2167,Aalto University,Western & Northern Europe,Finland,0,68.85883042161898,1.9062577135189858,69.93030007514568,316,-18,76.87803431181149,,False,0.8392050424822863,a38_scholarship; a46_admissions_policy; a40_career_link; a28_contests; a67_gzip
335,43,,3204,Vilnius Gediminas Technical University,Eastern & Southern Europe,Baltics,0,68.80304783510088,1.901113171367496,70.91517715466362,303,-32,76.91674846588332,,False,0.8036507602393566,a03_nav_item_count; a66_broken_links; a40_career_link; a26_event_captions; a27_event_datetime
336,44,8.0,3013,University of Genoa,Eastern & Southern Europe,Italy,1,68.79077625606236,1.8999814265064248,71.22525283883357,297,-39,72.91213588370084,,False,0.6642286532549426,footer_completeness_B6; a72_alt_text_pct; a46_admissions_policy; a51_quick_links; a53_contrast_ratio
337,45,,3153,University of Craiova,Eastern & Southern Europe,Romania,0,68.69957447329814,1.8915703533560364,71.87038453280493,293,-44,72.47993944367107,,False,0.39838617071489724,a46_admissions_policy; event_evidence; a05_language_toggle; a57_logo_prominence; a44_student_portal
338,26,3.0,4123,Chungbuk National University,Asia (East & Southeast),South Korea,1,68.47991036893097,1.8713118584631934,68.40684672051259,335,-3,65.96076130307522,1.9965668127027845,True,0.8530843339810736,a38_scholarship; notice_evidence; event_evidence; a51_quick_links; a48_footer_sitemap
339,46,9.0,3036,Marche Polytechnic University,Eastern & Southern Europe,Italy,1,68.43465244998667,1.867137952478712,65.25586149001462,382,43,65.66094745973582,2.48586473602475,True,0.7445299891898846,a03_nav_item_count; a46_admissions_policy; a27_event_datetime; a67_gzip; a28_contests
340,27,,4189,Suranaree University of Technology,Asia (East & Southeast),Thailand,0,68.31824711944932,1.8564024852480316,73.90271692158112,263,-77,68.61363038766575,,False,0.7186603135864397,event_evidence; footer_completeness_B6; a46_admissions_policy; a51_quick_links; a72_alt_text_pct
341,71,,2190,Universite libre de Bruxelles,Western & Northern Europe,Belgium/Ireland/Iceland,0,68.30680053835457,1.8553468257204235,67.73465585602385,348,7,75.81117421948966,,False,1.070293110195852,a38_scholarship; footer_completeness_B6; a46_admissions_policy; a72_alt_text_pct; a27_event_datetime
342,58,46.0,1165,San Diego State University,North America,United States,1,68.18293536742915,1.843923375631378,66.84001532543596,362,20,75.82537825765829,,False,0.5860876893498194,notice_evidence; a46_admissions_policy; a40_career_link; a05_language_toggle; a67_gzip
343,59,47.0,1013,"University of California, Los Angeles",North America,United States,1,68.1789315191016,1.8435541212139135,67.39632461453942,356,13,72.55239663352098,,False,0.5491187926189632,a66_broken_links; a46_admissions_policy; a72_alt_text_pct; a40_career_link; a53_contrast_ratio
344,60,48.0,1193,American University,North America,United States,1,68.14158166184207,1.8401095352415262,67.42225759153648,355,11,75.44105559577801,,False,0.6272640182041801,notice_evidence; a46_admissions_policy; a72_alt_text_pct; a40_career_link; a53_contrast_ratio
345,61,49.0,1130,Colgate University,North America,United States,1,68.11406084109854,1.8375714309477629,68.00235000599977,342,-3,69.49441327960736,,False,0.6154846029051146,a46_admissions_policy; notice_evidence; a40_career_link; a27_event_datetime; a05_language_toggle
346,33,,6349,University of Education Winneba,Latin America & Africa,Sub-Saharan Africa,0,68.00887940776468,1.8278710862503251,76.62643944568451,220,-126,73.66718789489444,,False,1.0413526471146595,a38_scholarship; footer_completeness_B6; a51_quick_links; a46_admissions_policy; a40_career_link
347,47,5.0,3090,University of Gdansk,Eastern & Southern Europe,Poland,1,67.86855777469852,1.8149299409730129,68.81721464145099,331,-16,69.54488988858178,1.6239266322287955,True,1.1013459392348763,a22_admission_notice; a46_admissions_policy; event_evidence; a40_career_link; seo_completeness_B10
348,28,1.0,4044,Nanchang University,Asia (East & Southeast),China,1,67.84284874069547,1.8125589284876034,71.88271019938806,292,-56,52.446578825268304,,False,0.9112801703006104,a38_scholarship; content_completeness_B5; a51_quick_links; event_evidence; a27_event_datetime
349,109,11.0,5081,University of Sindh,South & Central Asia + Oceania,Pakistan,1,67.80045520473438,1.8086491898699473,65.09877994028712,385,36,72.4154813223352,,False,0.6111132479862831,a66_broken_links; a46_admissions_policy; event_evidence; a72_alt_text_pct; a40_career_link
350,48,8.0,3052,Charles III University of Madrid,Eastern & Southern Europe,Spain,1,67.75900328798004,1.8048262919673266,59.42044022296308,481,131,75.07152305976601,,False,1.2100187286101693,a34_department_links; a53_contrast_ratio; a39_library_link; a26_event_captions; a28_contests
351,72,11.0,2090,Universite Cote d'Azur,Western & Northern Europe,France,1,67.64781610456335,1.7945720677103152,64.83207066008488,390,39,74.80174297106012,,False,0.6238609188562737,a46_admissions_policy; notice_evidence; event_evidence; a40_career_link; a27_event_datetime
352,110,49.0,5028,Vellore Institute of Technology,South & Central Asia + Oceania,India,1,67.58676806013051,1.7889419193530147,65.46715349249209,377,25,69.51884466402763,,False,0.5953312480420688,notice_evidence; a46_admissions_policy; a15_stat_item_count; a47_footer_contact; a40_career_link
353,49,10.0,3034,University of Messina,Eastern & Southern Europe,Italy,1,67.57690333759093,1.7880321465352704,62.219670614946324,431,78,65.01582829890135,,False,1.0093688058618813,a39_library_link; event_evidence; content_completeness_B5; a46_admissions_policy; a27_event_datetime
354,111,50.0,5303,Indian Institute of Technology Mandi,South & Central Asia + Oceania,India,1,67.51085255815178,1.7819406215599403,64.84177470769242,389,35,67.56399641829537,,False,1.0223000054048124,a38_scholarship; event_evidence; a46_admissions_policy; a72_alt_text_pct; a40_career_link
355,112,51.0,5004,Indian Institute of Technology Kanpur,South & Central Asia + Oceania,India,1,67.32691075039698,1.7649766110598346,65.61867716845744,376,21,75.2266607252073,,False,0.6852241307220107,notice_evidence; a46_admissions_policy; event_evidence; a15_stat_item_count; a40_career_link
356,62,50.0,1022,"University of California, Irvine",North America,United States,1,67.24275865878127,1.7572156948048534,64.2492109934383,398,42,68.2981715486997,,False,0.5508407030078171,a43_contact_link; a53_contrast_ratio; event_evidence; a26_event_captions; a15_stat_item_count
357,63,51.0,1060,"University of California, Riverside",North America,United States,1,67.22818036245773,1.7558712132270944,65.87018100788049,371,14,72.65737996862302,,False,1.5424102863360718,a34_department_links; a53_contrast_ratio; a43_contact_link; a46_admissions_policy; a57_logo_prominence
358,50,,3316,Sts. Cyril and Methodius University Skopje,Eastern & Southern Europe,Balkans,0,67.17602360750952,1.7510610629442813,65.75674803666153,373,15,69.34567454616258,,False,0.6109587947415446,a46_admissions_policy; event_evidence; a51_quick_links; footer_completeness_B6; a47_footer_contact
359,113,,5168,Kathmandu University,South & Central Asia + Oceania,Nepal,0,67.10863469628849,1.74484612893065,64.82176275350282,392,33,70.47102747178737,,False,0.44108886601842257,a46_admissions_policy; event_evidence; a27_event_datetime; a15_stat_item_count; a05_language_toggle
360,51,,3156,Igor Sikorsky Kyiv Polytechnic Institute,Eastern & Southern Europe,Ukraine,0,67.10142432917915,1.7441811537145997,67.71348871202204,349,-11,65.73605887650815,,False,1.0163980661832368,a39_library_link; a43_contact_link; content_completeness_B5; a53_contrast_ratio; a51_quick_links
361,64,52.0,1199,Seattle University,North America,United States,1,66.97264910017346,1.732304874125578,72.38540362451015,289,-72,78.68080030007476,,False,0.5746992206651013,notice_evidence; a46_admissions_policy; a40_career_link; a57_logo_prominence; a05_language_toggle
362,65,53.0,1109,Illinois Institute of Technology,North America,United States,1,66.84810752715516,1.720819042937062,65.33058531961618,381,19,75.75515513054457,,False,0.5929382156577154,notice_evidence; a46_admissions_policy; a27_event_datetime; a67_gzip; a40_career_link
363,52,9.0,3048,University of Navarra,Eastern & Southern Europe,Spain,1,66.84549526036287,1.7205781269548046,66.86975176390342,360,-3,74.85585962658912,,False,0.655886541283297,a43_contact_link; a46_admissions_policy; a72_alt_text_pct; a40_career_link; a27_event_datetime
364,73,12.0,2087,University of Bordeaux,Western & Northern Europe,France,1,66.78875715818795,1.7153454624898858,66.3606015275352,366,2,81.5105216005808,,False,0.7989906287851231,a03_nav_item_count; a46_admissions_policy; a72_alt_text_pct; a40_career_link; a67_gzip
365,53,,3128,Agricultural University of Athens,Eastern & Southern Europe,Greece,0,66.77485458971233,1.7140632998294376,65.97179946188028,370,5,67.18426634241747,,False,0.49426179882551174,footer_completeness_B6; a46_admissions_policy; a40_career_link; a53_contrast_ratio; a47_footer_contact
366,29,8.0,4088,Nagoya Institute of Technology,Asia (East & Southeast),Japan,1,66.766917006894,1.713331257234449,70.1186227954053,312,-54,69.75800609079108,,False,0.8066558715853499,a43_contact_link; a46_admissions_policy; a72_alt_text_pct; event_evidence; a48_footer_sitemap
367,34,,6336,University of Rwanda,Latin America & Africa,Sub-Saharan Africa,0,66.58689824832979,1.6967290494613796,68.12866447109509,339,-28,69.20053741695563,,False,1.3746987822320709,a38_scholarship; a53_contrast_ratio; content_completeness_B5; a46_admissions_policy; a72_alt_text_pct
368,114,12.0,5110,Jagannath University,South & Central Asia + Oceania,Bangladesh,1,66.55915764061238,1.6941706753410997,67.46920520374982,353,-15,67.84243275962237,,False,0.9771654086038617,a38_scholarship; a46_admissions_policy; a72_alt_text_pct; a27_event_datetime; a66_broken_links
369,74,,2179,University of Geneva,Western & Northern Europe,Switzerland/Austria,0,66.53278089811975,1.6917380835227127,66.84509617896596,361,-8,74.23988373280245,1.347895790505912,True,0.9265000624898015,a38_scholarship; a46_admissions_policy; a66_broken_links; a72_alt_text_pct; a40_career_link
370,115,52.0,5012,Indian Institute of Technology ISM Dhanbad,South & Central Asia + Oceania,India,1,66.52823752176054,1.6913190711991732,63.917735893051876,402,32,71.60967305661893,,False,0.7061939078116356,a38_scholarship; a46_admissions_policy; a15_stat_item_count; a72_alt_text_pct; a63_mobile_score
371,30,,4124,National Taiwan University,Asia (East & Southeast),Taiwan,0,66.40740851809055,1.6801756312602356,68.01505924060542,341,-30,73.10209550042758,,False,0.5963040617440851,notice_evidence; a46_admissions_policy; a27_event_datetime; a18_missing; a25_event_images
372,54,11.0,3302,University of Basilicata,Eastern & Southern Europe,Italy,1,66.40735702414962,1.680170882237895,63.48587753223731,408,36,53.72780225825244,,False,1.071485635364707,a39_library_link; notice_evidence; content_completeness_B5; event_evidence; a66_broken_links
373,116,,5426,Tribhuvan Institute of Engineering,South & Central Asia + Oceania,Nepal,0,66.28211611546344,1.6686205549037882,63.60595606843679,405,32,67.21839426679098,,False,0.7918847450553569,a39_library_link; a46_admissions_policy; event_evidence; a51_quick_links; a40_career_link
374,35,,6119,Ain Shams University,Latin America & Africa,Egypt & North Africa,0,66.21570569887899,1.6624958624371537,60.78684853910557,452,78,72.62008337477846,,False,0.9795513548423159,a39_library_link; a53_contrast_ratio; a46_admissions_policy; a40_career_link; a48_footer_sitemap
375,75,15.0,2001,University of Oxford,Western & Northern Europe,United Kingdom,1,66.1732637308079,1.6585816571741356,69.88039994321812,317,-58,76.14500030175738,,False,0.7619028138123964,a53_contrast_ratio; a46_admissions_policy; a72_alt_text_pct; a40_career_link; a15_stat_item_count
376,36,13.0,6325,Cape Peninsula University of Technology,Latin America & Africa,South Africa,1,66.12309047308301,1.6539544346777462,68.66886962083892,332,-44,66.90485052022623,,False,0.43130791731970497,a46_admissions_policy; a53_contrast_ratio; a72_alt_text_pct; a47_footer_contact; a15_stat_item_count
377,117,53.0,5035,NIT Karnataka Surathkal,South & Central Asia + Oceania,India,1,66.0959624802698,1.6514525588913374,65.8091267792379,372,-5,45.0,1.7060334574985812,True,1.0974448545341202,a03_nav_item_count; a46_admissions_policy; a31_social_feed_embed; a72_alt_text_pct; a40_career_link
378,66,13.0,1176,University of Montreal,North America,Canada,1,66.0565557872293,1.6478182814931033,65.19469750759788,383,5,65.60596801758295,,False,0.6349291608733572,event_evidence; a46_admissions_policy; a53_contrast_ratio; a40_career_link; a57_logo_prominence
379,55,,3104,NOVA University Lisbon,Eastern & Southern Europe,Portugal,0,65.93460977744282,1.6365718258030433,67.38893454925997,357,-22,69.63081679478644,,False,1.303433514727297,a38_scholarship; a39_library_link; content_completeness_B5; a53_contrast_ratio; a72_alt_text_pct
380,76,,2123,Uppsala University,Western & Northern Europe,Sweden,0,65.90528335171958,1.6338671998130518,63.539995029493994,407,27,69.26551960679011,,False,1.2050505287668274,a38_scholarship; a53_contrast_ratio; a51_quick_links; a46_admissions_policy; a40_career_link
381,77,13.0,2089,University of Lorraine,Western & Northern Europe,France,1,65.79826691828755,1.6239976224582162,66.02482870977691,369,-12,70.83225883253843,,False,0.7189211153409851,a46_admissions_policy; notice_evidence; a72_alt_text_pct; footer_completeness_B6; a51_quick_links
382,118,,5172,Far Western University,South & Central Asia + Oceania,Nepal,0,65.41532404962622,1.5886807636961713,66.30036155738381,367,-15,55.489051352610886,1.3674437344981545,True,0.9349171186714395,a53_contrast_ratio; footer_completeness_B6; a46_admissions_policy; a51_quick_links; a31_social_feed_embed
383,56,,3402,University of National and World Economy,Eastern & Southern Europe,Bulgaria & Slovakia,0,65.41295379056282,1.5884621668468195,65.05309124568808,386,3,67.32470445379658,1.4915852945427173,True,0.5780542510985882,a66_broken_links; a46_admissions_policy; a72_alt_text_pct; content_completeness_B5; footer_completeness_B6
384,78,,2125,Stockholm University,Western & Northern Europe,Sweden,0,65.38837433903407,1.5861953299655798,70.32196820045252,309,-75,72.56443491603218,,False,1.0157242567102907,a38_scholarship; a53_contrast_ratio; a46_admissions_policy; a72_alt_text_pct; a40_career_link
385,57,12.0,3010,Polytechnic University of Turin,Eastern & Southern Europe,Italy,1,65.37072495602465,1.5845676177975476,61.21529592730254,444,59,70.2300978035406,,False,0.8239220920477786,a03_nav_item_count; a46_admissions_policy; a40_career_link; a27_event_datetime; a67_gzip
386,67,54.0,1084,University of Oregon,North America,United States,1,65.35557015714078,1.5831699683423688,70.51248791141803,307,-79,75.23800510994688,,False,1.180860218726119,a53_contrast_ratio; notice_evidence; footer_completeness_B6; a51_quick_links; event_evidence
387,68,55.0,1103,Bowling Green State University,North America,United States,1,65.34428254933935,1.5821289701071035,67.4728758957911,352,-35,73.06423660033798,,False,0.9702386506765892,a43_contact_link; notice_evidence; footer_completeness_B6; event_evidence; a72_alt_text_pct
388,69,56.0,1156,Pomona College,North America,United States,1,65.3001216484749,1.5780562364795347,62.863092762416386,418,30,71.32783766182368,,False,0.9770135433053295,a39_library_link; footer_completeness_B6; a46_admissions_policy; a72_alt_text_pct; a57_logo_prominence
389,70,57.0,1138,Swarthmore College,North America,United States,1,65.28429151401005,1.5765963042838165,67.82445360984926,347,-42,76.68193454513968,,False,1.3345502065304644,a34_department_links; a46_admissions_policy; a40_career_link; a63_mobile_score; a15_stat_item_count
390,58,13.0,3027,University of Trieste,Eastern & Southern Europe,Italy,1,65.14466676865985,1.5637194293900303,64.72112470424892,395,5,80.85948205657638,,False,2.3114114065800346,a53_contrast_ratio; a46_admissions_policy; a40_career_link; a72_alt_text_pct; a71_sitemap_robots
391,71,58.0,1068,Virginia Tech,North America,United States,1,65.13423743628319,1.5627575854998015,68.92542901578507,329,-62,71.72390579964278,,False,0.6021428827362239,event_evidence; a46_admissions_policy; a40_career_link; a72_alt_text_pct; a15_stat_item_count
392,37,,6145,Jomo Kenyatta University of Agriculture and Technology,Latin America & Africa,Sub-Saharan Africa,0,65.03993153768863,1.554060235650373,64.88221549273385,388,-4,64.19669114723821,2.2426111705123706,True,0.7894772595925447,a46_admissions_policy; notice_evidence; footer_completeness_B6; a51_quick_links; a27_event_datetime
393,59,,3183,University of Ljubljana,Eastern & Southern Europe,Balkans,0,64.8779823563766,1.5391244924074723,68.43440968404688,334,-59,75.11430109828954,,False,0.6495504002867343,a53_contrast_ratio; a46_admissions_policy; a72_alt_text_pct; a15_stat_item_count; a67_gzip
394,119,13.0,5096,University of Chittagong,South & Central Asia + Oceania,Bangladesh,1,64.8340868034703,1.5350762304625694,65.72070678254555,374,-20,72.33177645719806,1.847153284919404,True,0.8994291879128125,a53_contrast_ratio; notice_evidence; a46_admissions_policy; a18_missing; a28_contests
395,79,16.0,2052,University of Bonn,Western & Northern Europe,Germany,1,64.7874062811889,1.5307711250610405,65.38226994392315,379,-16,73.92184510351503,,False,1.1558671450657485,a38_scholarship; footer_completeness_B6; a46_admissions_policy; a51_quick_links; a40_career_link
396,80,,2182,University of Vienna,Western & Northern Europe,Switzerland/Austria,0,64.54332346130194,1.5082606171455304,67.63422546045837,350,-46,75.22703784690034,,False,1.2848550566136279,a34_department_links; a46_admissions_policy; a72_alt_text_pct; a40_career_link; a28_contests
397,38,1.0,6030,Mackenzie Presbyterian University,Latin America & Africa,Brazil,1,64.54089951803783,1.5080370692773983,64.21430282513177,399,2,72.85674525798284,,False,1.3566453295273304,a34_department_links; a38_scholarship; event_evidence; a27_event_datetime; a63_mobile_score
398,81,16.0,2021,University of York,Western & Northern Europe,United Kingdom,1,64.41565339617007,1.4964862611582657,62.0280552352453,435,37,72.87010639189855,,False,0.8824263569872185,a38_scholarship; a46_admissions_policy; a27_event_datetime; a40_career_link; a67_gzip
399,60,6.0,3309,University of Opole,Eastern & Southern Europe,Poland,1,64.28177603138668,1.48413943772735,66.54797298661438,363,-36,66.77669922172711,,False,0.8895350115499362,a39_library_link; a46_admissions_policy; a72_alt_text_pct; content_completeness_B5; event_evidence
400,72,59.0,1046,Ohio State University,North America,United States,1,64.2015497732045,1.4767405809758682,60.903609014779946,449,49,74.3821658492762,,False,0.8366495763151722,notice_evidence; a46_admissions_policy; event_evidence; a15_stat_item_count; a40_career_link
401,73,60.0,1126,Stony Brook University,North America,United States,1,63.87541261984991,1.4466626222914727,64.21302711353692,400,-1,73.85559620579048,2.1478581688972342,True,0.6085043983939634,notice_evidence; a46_admissions_policy; a53_contrast_ratio; a27_event_datetime; a40_career_link
402,31,9.0,4095,Kwansei Gakuin University,Asia (East & Southeast),Japan,1,63.80095831176429,1.439796082924706,55.75481676497175,530,128,69.88052157796201,,False,0.6365885037828374,a39_library_link; event_evidence; a26_event_captions; a27_event_datetime; a67_gzip
403,74,61.0,1101,Miami University,North America,United States,1,63.74571104754376,1.4347009108059867,63.36571169685021,411,8,74.87738848452756,,False,0.7021191820456945,notice_evidence; a46_admissions_policy; a72_alt_text_pct; a27_event_datetime; a67_gzip
404,61,7.0,3088,Warsaw University of Life Sciences,Eastern & Southern Europe,Poland,1,63.65317563699984,1.4261668439983406,63.70883000065407,404,0,72.64571528218941,,False,1.2958363057131679,a38_scholarship; a39_library_link; content_completeness_B5; a46_admissions_policy; a72_alt_text_pct
405,39,,6124,Helwan University,Latin America & Africa,Egypt & North Africa,0,63.64946055818248,1.4258242213132877,60.62008436731467,454,49,69.99354371581927,,False,0.7505675186283385,a46_admissions_policy; event_evidence; footer_completeness_B6; a51_quick_links; a66_broken_links
406,75,62.0,1155,Reed College,North America,United States,1,63.56798127905516,1.4183098048599092,57.109808959734366,510,104,67.57732973746374,,False,1.203161339461647,a34_department_links; notice_evidence; a39_library_link; a26_event_captions; a57_logo_prominence
407,82,4.0,2113,Tilburg University,Western & Northern Europe,Netherlands,1,63.44974037447289,1.4074050520396624,63.550785168033904,406,-1,72.79127768324564,,False,0.9259959377234237,a38_scholarship; a46_admissions_policy; notice_evidence; event_evidence; a27_event_datetime
408,32,2.0,4007,Nanjing University,Asia (East & Southeast),China,1,63.4116950183151,1.4038963237672872,63.12159229853127,413,5,53.263500287256605,,False,0.9879284378908189,a43_contact_link; a46_admissions_policy; content_completeness_B5; a51_quick_links; footer_completeness_B6
409,83,17.0,2028,University of Sussex,Western & Northern Europe,United Kingdom,1,63.24585905646079,1.3886021226689615,60.16492001964641,472,63,71.69384327429826,,False,1.2237678722648182,a34_department_links; event_evidence; a26_event_captions; a57_logo_prominence; a72_alt_text_pct
410,76,63.0,1007,University of Chicago,North America,United States,1,63.224656113925874,1.38664668391262,61.29338781622266,441,31,74.47917383828619,,False,1.1240936860449522,a39_library_link; a53_contrast_ratio; notice_evidence; a15_stat_item_count; a40_career_link
411,84,14.0,2097,Clermont Auvergne University,Western & Northern Europe,France,1,63.217112533434396,1.385950978133559,66.3774509574955,365,-46,70.29380761828261,,False,0.6982225614602556,a43_contact_link; a46_admissions_policy; a66_broken_links; a40_career_link; a27_event_datetime
412,62,8.0,3094,Maria Curie-Sklodowska University,Eastern & Southern Europe,Poland,1,63.128311740418454,1.3777613359661394,63.94827105934915,401,-11,68.4436923577336,1.5315129431729175,True,1.1365685009398465,a38_scholarship; notice_evidence; content_completeness_B5; a46_admissions_policy; a51_quick_links
413,120,12.0,5068,Lahore University of Management Sciences,South & Central Asia + Oceania,Pakistan,1,62.70569074646203,1.3387851669997106,62.81282727271266,420,7,74.2703667634804,,False,0.6275135777091726,notice_evidence; a46_admissions_policy; a72_alt_text_pct; a27_event_datetime; seo_completeness_B10
414,40,1.0,6050,Autonomous Technological Institute of Mexico,Latin America & Africa,Mexico,1,62.69310014172507,1.3376240000330062,65.15426786207206,384,-30,74.16050342234217,,False,1.0368840341186738,a53_contrast_ratio; a46_admissions_policy; a15_stat_item_count; a27_event_datetime; a72_alt_text_pct
415,121,54.0,5010,Indian Institute of Technology Indore,South & Central Asia + Oceania,India,1,62.68387832591135,1.3367735192086454,62.47072939232372,423,8,60.97800832066508,1.7918563111323391,True,1.0755888706080567,a38_scholarship; a53_contrast_ratio; a46_admissions_policy; footer_completeness_B6; a51_quick_links
416,77,14.0,1401,Wilfrid Laurier University,North America,Canada,1,62.676076818226264,1.3360540261260123,58.13375863949889,498,82,74.73392550104174,,False,1.0356711411383324,a38_scholarship; a53_contrast_ratio; a46_admissions_policy; a47_footer_contact; a27_event_datetime
417,85,,2301,University of St. Gallen,Western & Northern Europe,Switzerland/Austria,0,62.64048338405281,1.3327714260557866,61.28282585968014,442,25,45.0,,False,1.3212076333414948,a03_nav_item_count; a38_scholarship; a72_alt_text_pct; a46_admissions_policy; a57_logo_prominence
418,63,,3122,University of Thessaly,Eastern & Southern Europe,Greece,0,62.61790076286627,1.3306887466062138,63.277082769292385,412,-6,74.53875707048908,1.3443104802027874,True,0.8333902007496653,a38_scholarship; a46_admissions_policy; a33_about_blurb; a40_career_link; a48_footer_sitemap
419,122,55.0,5001,Indian Institute of Technology Bombay,South & Central Asia + Oceania,India,1,62.572385365872556,1.3264910947404278,66.27116608757855,368,-51,75.9001405803302,,False,1.0119577044709447,a38_scholarship; a53_contrast_ratio; a46_admissions_policy; a66_broken_links; a28_contests
420,33,,4167,Bandung Institute of Technology,Asia (East & Southeast),Indonesia,0,62.48469277177731,1.318403656081588,61.15662218270225,447,27,61.55746584388321,,False,0.4140867389838044,a46_admissions_policy; a53_contrast_ratio; event_evidence; a27_event_datetime; a15_stat_item_count
421,123,56.0,5007,Indian Institute of Technology Guwahati,South & Central Asia + Oceania,India,1,62.42976176320498,1.3133376506009602,60.209989408787926,467,46,68.0551241027556,,False,1.0896994998090146,a38_scholarship; a66_broken_links; a46_admissions_policy; a53_contrast_ratio; a27_event_datetime
422,34,,4131,National Chung Hsing University,Asia (East & Southeast),Taiwan,0,62.39767275813007,1.310378246071489,60.284540329935844,466,44,71.7951140005998,0.715842844549072,True,1.0028020171361294,a38_scholarship; event_evidence; a46_admissions_policy; a72_alt_text_pct; a40_career_link
423,78,64.0,1102,Kent State University,North America,United States,1,62.362683378896854,1.3071513548935152,58.456546025694855,492,69,68.29103071451723,,False,0.7495575880158388,a46_admissions_policy; footer_completeness_B6; notice_evidence; a51_quick_links; a27_event_datetime
424,79,65.0,1080,University of Oklahoma,North America,United States,1,62.23776031321645,1.2956303405913587,64.82429050948728,391,-33,69.248973666853,,False,1.1320485315510296,a43_contact_link; a51_quick_links; footer_completeness_B6; content_completeness_B5; a46_admissions_policy
425,64,10.0,3059,University of Alicante,Eastern & Southern Europe,Spain,1,62.20594593902212,1.2926962638609267,61.18435937891582,446,21,75.1858302253364,,False,0.7626102936705877,a03_nav_item_count; a46_admissions_policy; a15_stat_item_count; a67_gzip; a28_contests
426,124,57.0,5008,Indian Institute of Science,South & Central Asia + Oceania,India,1,62.18432153322937,1.2907019557076889,64.54242079032142,397,-29,64.94636282958648,,False,1.1188561014293232,a03_nav_item_count; footer_completeness_B6; a46_admissions_policy; a51_quick_links; a72_alt_text_pct
427,65,,3151,Transilvania University of Brasov,Eastern & Southern Europe,Romania,0,62.08742519701696,1.281765703068919,60.16631057925239,471,44,67.18173451118494,,False,1.040196511110397,a53_contrast_ratio; notice_evidence; a66_broken_links; footer_completeness_B6; event_evidence
428,41,14.0,6107,University of the Witwatersrand,Latin America & Africa,South Africa,1,61.96407651171956,1.2703898858031206,59.280722094474626,483,55,70.60092808449085,,False,0.9827411901921609,a38_scholarship; a46_admissions_policy; a53_contrast_ratio; a72_alt_text_pct; a27_event_datetime
429,86,18.0,2006,University of Manchester,Western & Northern Europe,United Kingdom,1,61.930215532787784,1.2672670612035684,60.18797020414437,469,40,74.01807791869865,,False,0.9682820884696459,a39_library_link; a46_admissions_policy; notice_evidence; a72_alt_text_pct; a27_event_datetime
430,80,66.0,1090,Baylor University,North America,United States,1,61.92784212155594,1.2670481736458696,62.31736766982948,427,-3,63.73334523941602,,False,0.9974751206558867,a43_contact_link; content_completeness_B5; a46_admissions_policy; a57_logo_prominence; a72_alt_text_pct
431,87,5.0,2104,Leiden University,Western & Northern Europe,Netherlands,1,61.89263095293827,1.2638008279693116,64.88688421613017,387,-44,63.57097009310856,,False,1.3912113950926563,a22_admission_notice; a53_contrast_ratio; footer_completeness_B6; a46_admissions_policy; a47_footer_contact
432,88,,2181,University of Basel,Western & Northern Europe,Switzerland/Austria,0,61.83708675680666,1.258678271341769,60.876086929116255,451,19,75.46198603065561,,False,0.7412162381441451,notice_evidence; a46_admissions_policy; event_evidence; a15_stat_item_count; a47_footer_contact
433,66,9.0,3081,University of Wroclaw,Eastern & Southern Europe,Poland,1,61.66356788725858,1.2426755150303601,56.315991861740464,521,88,67.39486764721748,,False,0.7492255126629946,a66_broken_links; event_evidence; a46_admissions_policy; a72_alt_text_pct; a27_event_datetime
434,81,67.0,1196,University of Denver,North America,United States,1,61.57532047611184,1.234536908437475,60.559405360543,457,23,69.92531237164334,1.3502793354460594,True,0.858155104244148,a03_nav_item_count; a53_contrast_ratio; notice_evidence; event_evidence; a26_event_captions
435,82,15.0,1178,Simon Fraser University,North America,Canada,1,61.23719090962428,1.2033529509331682,62.7667818911789,421,-14,68.08651907592716,,False,0.757535749907398,notice_evidence; a46_admissions_policy; a72_alt_text_pct; a15_stat_item_count; a47_footer_contact
436,83,68.0,1073,Auburn University,North America,United States,1,61.17690492565676,1.1977930835081547,62.85487552476678,419,-17,73.18747973181634,1.791023933126424,True,0.7388545803028922,a46_admissions_policy; notice_evidence; footer_completeness_B6; a51_quick_links; a47_footer_contact
437,84,69.0,1043,Wake Forest University,North America,United States,1,61.14747810873169,1.1950791989519745,61.60628177523847,438,1,71.76379645438168,,False,0.4820438425147357,a46_admissions_policy; event_evidence; a72_alt_text_pct; a40_career_link; a27_event_datetime
438,85,70.0,1132,Union College,North America,United States,1,61.07397339390391,1.1883002357061208,62.953363860849585,416,-22,72.05187613502898,,False,0.7988205774195795,a43_contact_link; notice_evidence; event_evidence; a26_event_captions; a15_stat_item_count
439,89,,2158,IT University of Copenhagen,Western & Northern Europe,Denmark,0,61.064596910612806,1.1874354906927622,56.63214109820998,515,76,77.06157635194155,,False,1.3828636474043057,a34_department_links; a38_scholarship; a26_event_captions; event_evidence; a15_stat_item_count
440,90,19.0,2018,University of St Andrews,Western & Northern Europe,United Kingdom,1,61.041543034405855,1.185309349807138,60.975239332753084,448,8,71.25716791138083,,False,0.7755618959544873,a03_nav_item_count; event_evidence; a26_event_captions; a15_stat_item_count; a40_career_link
441,67,11.0,3043,Autonomous University of Barcelona,Eastern & Southern Europe,Spain,1,61.020466951186506,1.1833656106355042,60.38340915005933,462,21,69.54933306501042,,False,0.8357408752048054,a46_admissions_policy; notice_evidence; event_evidence; a57_logo_prominence; a27_event_datetime
442,86,71.0,1119,Clark University,North America,United States,1,61.01422595428382,1.1827900354670284,60.44154138647411,459,17,75.37868629885172,,False,0.7121645779622077,notice_evidence; a46_admissions_policy; event_evidence; a27_event_datetime; a57_logo_prominence
443,42,,6331,University of Carthage,Latin America & Africa,Egypt & North Africa,0,60.722894340759744,1.1559220133944006,52.21934988959602,599,156,62.8697765873761,,False,0.9088873127280525,a39_library_link; a46_admissions_policy; footer_completeness_B6; event_evidence; a51_quick_links
444,91,,2303,University of Fribourg,Western & Northern Europe,Switzerland/Austria,0,60.70721014402201,1.1544755402875404,62.35157365866658,426,-18,67.86404205862576,,False,0.8444810978840396,a03_nav_item_count; a46_admissions_policy; a53_contrast_ratio; a40_career_link; a28_contests
445,87,72.0,1118,Brandeis University,North America,United States,1,60.70489226417901,1.1542617741053194,60.06646128408546,474,29,70.15791245516768,,False,0.899138498413218,a46_admissions_policy; notice_evidence; event_evidence; a72_alt_text_pct; a15_stat_item_count
446,125,13.0,5066,Quaid-i-Azam University,South & Central Asia + Oceania,Pakistan,1,60.4519180064159,1.1309312544299317,60.60173624610878,455,9,67.3976094764565,,False,0.7401036224972972,notice_evidence; a46_admissions_policy; a72_alt_text_pct; a31_social_feed_embed; a27_event_datetime
447,88,73.0,1066,George Washington University,North America,United States,1,60.23582305413563,1.1110019241474496,55.76424805657547,529,82,74.67368420133114,,False,1.1876083226350467,a38_scholarship; a39_library_link; a53_contrast_ratio; a46_admissions_policy; a40_career_link
448,92,20.0,2011,University of Glasgow,Western & Northern Europe,United Kingdom,1,60.21252802312509,1.1088535427898527,60.19058708769553,468,20,68.77347968112925,0.5281665993476896,True,1.2854424563084579,a22_admission_notice; a53_contrast_ratio; a46_admissions_policy; a57_logo_prominence; a40_career_link
449,126,25.0,5135,Central Queensland University,South & Central Asia + Oceania,Australia,1,60.20879378208155,1.108509152870858,62.14475036259969,433,-16,71.5449844646168,,False,0.9238992892765742,a38_scholarship; notice_evidence; event_evidence; a51_quick_links; a15_stat_item_count
450,93,6.0,2120,Hanze University of Applied Sciences,Western & Northern Europe,Netherlands,1,60.084728887427794,1.0970672832856343,55.3149005494356,539,89,69.92967425637747,,False,1.375952885906547,a34_department_links; content_completeness_B5; footer_completeness_B6; a39_library_link; a53_contrast_ratio
451,94,15.0,2082,Grenoble Alpes University,Western & Northern Europe,France,1,60.06236031219359,1.0950043441975756,58.71146818676219,489,38,74.1322666605585,,False,1.0611247298381572,a03_nav_item_count; footer_completeness_B6; a46_admissions_policy; a51_quick_links; a72_alt_text_pct
452,89,74.0,1042,Tufts University,North America,United States,1,60.04244831508501,1.0931679627237234,63.08939143549728,414,-38,73.86171219976524,,False,0.7147534288496511,notice_evidence; a46_admissions_policy; event_evidence; a27_event_datetime; a44_student_portal
453,43,2.0,6307,Federal University of Grande Dourados,Latin America & Africa,Brazil,1,60.02353029811197,1.0914232509450956,62.42207637026392,424,-29,78.78490838076387,,False,1.1372290644738052,a38_scholarship; a66_broken_links; a46_admissions_policy; a53_contrast_ratio; a48_footer_sitemap
454,90,75.0,1078,University of Kansas,North America,United States,1,60.012572451332126,1.0904126648793127,60.63956599449798,453,-1,71.74183572608884,0.4671373904748888,True,0.7904399015241365,a46_admissions_policy; notice_evidence; event_evidence; a57_logo_prominence; a40_career_link
455,35,,4136,National Yunlin University of Science and Technology,Asia (East & Southeast),Taiwan,0,59.9501435290134,1.0846551652295493,61.697754799463716,437,-18,69.7041719806825,0.7075387224265186,True,0.6808921397370123,a66_broken_links; a46_admissions_policy; event_evidence; a72_alt_text_pct; a40_career_link
456,44,,6342,University of Mauritius,Latin America & Africa,Sub-Saharan Africa,0,59.89404260290013,1.0794812642482137,60.11340721115857,473,17,65.03855945730882,,False,1.057173600289096,a66_broken_links; a46_admissions_policy; notice_evidence; event_evidence; a51_quick_links
457,68,14.0,3038,Sant'Anna School of Advanced Studies,Eastern & Southern Europe,Italy,1,59.84524218948053,1.0749806521483094,62.276978539926425,430,-27,68.75687918132937,,False,1.4023455720043507,a38_scholarship; a43_contact_link; a66_broken_links; a46_admissions_policy; event_evidence
458,95,17.0,2047,Karlsruhe Institute of Technology,Western & Northern Europe,Germany,1,59.80567659027972,1.0713317196490688,54.826791615269734,548,90,81.88278405719912,,False,1.247279370312397,a38_scholarship; a39_library_link; a46_admissions_policy; a72_alt_text_pct; a57_logo_prominence
459,69,12.0,3042,Autonomous University of Madrid,Eastern & Southern Europe,Spain,1,59.69491794662416,1.0611170174185958,58.851669787083246,487,28,67.987982257473,,False,0.9741803948605738,a38_scholarship; event_evidence; a46_admissions_policy; footer_completeness_B6; content_completeness_B5
460,36,,4176,University of North Sumatra,Asia (East & Southeast),Indonesia,0,59.61953915046262,1.0541652172532185,57.615897533904764,502,42,74.89214920281475,,False,1.3185978793858533,a34_department_links; event_evidence; a39_library_link; a46_admissions_policy; a57_logo_prominence
461,127,14.0,5324,Bangladesh University of Textiles,South & Central Asia + Oceania,Bangladesh,1,59.61855452584651,1.0540744103696156,65.7162903030584,375,-86,65.93369270197142,,False,1.1965814093748304,a53_contrast_ratio; a46_admissions_policy; event_evidence; footer_completeness_B6; a51_quick_links
462,128,26.0,5113,Australian National University,South & Central Asia + Oceania,Australia,1,59.59641897288044,1.0520329617314543,63.44904481018846,410,-52,71.17695657966397,,False,0.8230761963272426,notice_evidence; a46_admissions_policy; event_evidence; footer_completeness_B6; a51_quick_links
463,45,,6332,Houari Boumediene University of Science and Technology,Latin America & Africa,Egypt & North Africa,0,59.59532484040487,1.0519320554990397,60.17579480966253,470,7,62.0364085284118,,False,1.0954926479491727,a38_scholarship; content_completeness_B5; a46_admissions_policy; a72_alt_text_pct; a27_event_datetime
464,129,58.0,5064,Sri Venkateswara University,South & Central Asia + Oceania,India,1,59.568118825799914,1.0494229841625238,60.43100320755411,460,-4,72.598940643039,,False,0.9680654479114357,a38_scholarship; a46_admissions_policy; footer_completeness_B6; a51_quick_links; a72_alt_text_pct
465,70,,3114,University of Madeira,Eastern & Southern Europe,Portugal,0,59.567194928358965,1.04933777783515,64.73767283779269,394,-71,66.17142459518166,,False,1.1143572190674382,a38_scholarship; content_completeness_B5; event_evidence; a27_event_datetime; a03_nav_item_count
466,96,,2195,University College Cork,Western & Northern Europe,Belgium/Ireland/Iceland,0,59.40641590432726,1.0345099522028924,62.3908745721442,425,-41,73.45774043230186,,False,0.8075121118401272,a38_scholarship; a46_admissions_policy; event_evidence; a40_career_link; a28_contests
467,46,,6149,University of Cape Coast,Latin America & Africa,Sub-Saharan Africa,0,59.406307895392814,1.0344999910922534,61.4770394396867,440,-27,76.41062657121884,0.7949317520194397,True,1.2474351528856265,a34_department_links; a46_admissions_policy; a40_career_link; a28_contests; a67_gzip
468,37,4.0,4114,Ajou University,Asia (East & Southeast),South Korea,1,59.377286623824254,1.0318235079064864,58.25271910454937,495,27,72.11975886607544,,False,0.7754178748184861,a46_admissions_policy; notice_evidence; event_evidence; a15_stat_item_count; a40_career_link
469,97,21.0,2005,University of Edinburgh,Western & Northern Europe,United Kingdom,1,59.36553811599892,1.030740003223444,64.73857069975526,393,-76,77.01413172936057,,False,0.9493543786388801,a38_scholarship; a46_admissions_policy; a53_contrast_ratio; a40_career_link; a50_social_links
470,71,,3178,University of Rijeka,Eastern & Southern Europe,Balkans,0,59.35046349157939,1.029349747848337,57.247777010988834,508,38,65.14373338022756,,False,1.3773676698434834,a34_department_links; content_completeness_B5; a46_admissions_policy; a66_broken_links; a39_library_link
471,98,22.0,2024,University of Bath,Western & Northern Europe,United Kingdom,1,59.24495207460093,1.0196189704500331,64.70388294458054,396,-75,68.82692246185324,,False,1.5165082717662917,a22_admission_notice; a38_scholarship; a46_admissions_policy; a40_career_link; a57_logo_prominence
472,38,5.0,4120,Kookmin University,Asia (East & Southeast),South Korea,1,59.223773945612216,1.0176658201199236,62.86756270117245,417,-55,68.88262676703296,,False,1.088862555220843,a39_library_link; a53_contrast_ratio; notice_evidence; footer_completeness_B6; event_evidence
473,91,76.0,1088,"University of Nevada, Reno",North America,United States,1,59.14169884425102,1.010096454034621,60.40507232996869,461,-12,73.05004613709625,,False,0.7198725051534429,notice_evidence; a46_admissions_policy; event_evidence; a15_stat_item_count; a27_event_datetime
474,99,18.0,2063,Kiel University,Western & Northern Europe,Germany,1,59.07592951212731,1.0040308855031925,62.05417521136925,434,-40,74.71799872878107,,False,1.4297160241542446,a34_department_links; content_completeness_B5; a46_admissions_policy; a40_career_link; a67_gzip
475,72,,3109,University of Evora,Eastern & Southern Europe,Portugal,0,59.02836356501343,0.9996441219058553,58.97777767046257,486,11,67.41235278630624,,False,0.915839093688978,notice_evidence; a46_admissions_policy; footer_completeness_B6; event_evidence; a51_quick_links
476,130,27.0,5126,University of Newcastle,South & Central Asia + Oceania,Australia,1,59.01752011052665,0.9986440856551709,62.3033163329362,428,-48,81.07519038533152,,False,2.251650274343935,a53_contrast_ratio; a26_event_captions; a40_career_link; a27_event_datetime; a66_broken_links
477,100,,2131,Orebro University,Western & Northern Europe,Sweden,0,58.96467591993652,0.9937705367051916,55.722202662600296,532,55,66.87382921257064,,False,1.15508630144384,a38_scholarship; event_evidence; a46_admissions_policy; a53_contrast_ratio; a40_career_link
478,131,,5327,Sabaragamuwa University of Sri Lanka,South & Central Asia + Oceania,Sri Lanka,0,58.9249732297177,0.990108961003749,67.26756757968268,358,-120,66.36610991175019,,False,1.6044881708907468,a22_admission_notice; a53_contrast_ratio; a46_admissions_policy; a40_career_link; a66_broken_links
479,39,,4312,Universiti Malaysia Sabah,Asia (East & Southeast),Malaysia,0,58.83307229394149,0.9816334085531875,63.05869870328812,415,-64,68.51116826597261,,False,0.8654228981917602,a46_admissions_policy; event_evidence; notice_evidence; a72_alt_text_pct; a27_event_datetime
480,73,,3170,Budapest University of Technology and Economics,Eastern & Southern Europe,Hungary,0,58.763594945693676,0.9752258686927183,57.16839218950565,509,29,64.54177180324004,,False,0.8006271109893746,notice_evidence; a66_broken_links; a46_admissions_policy; a27_event_datetime; a67_gzip
481,132,28.0,5140,University of Southern Queensland,South & Central Asia + Oceania,Australia,1,58.56139529022592,0.9565780304424553,57.98852612620929,499,18,64.50719008938651,0.3784339319670349,True,0.9247629733529683,a03_nav_item_count; notice_evidence; event_evidence; a15_stat_item_count; a47_footer_contact
482,133,14.0,5069,University of the Punjab,South & Central Asia + Oceania,Pakistan,1,58.53059688044724,0.9537376509047676,59.89201797542386,475,-7,68.22522580748377,0.8831525358627736,True,0.6776934209666158,notice_evidence; a46_admissions_policy; event_evidence; a27_event_datetime; a44_student_portal
483,40,,4196,De La Salle University,Asia (East & Southeast),Philippines,0,58.413670260593385,0.942954107831261,57.96580277598311,500,17,71.74514369762012,,False,0.67562415175655,a46_admissions_policy; notice_evidence; event_evidence; a15_stat_item_count; a27_event_datetime
484,74,13.0,3308,Public University of Navarre,Eastern & Southern Europe,Spain,1,58.25808424427587,0.9286052066940147,60.87769379872639,450,-34,68.14387734182414,1.546175517677021,True,0.7634917245494266,notice_evidence; a46_admissions_policy; a72_alt_text_pct; a57_logo_prominence; a27_event_datetime
485,101,16.0,2096,University of Tours,Western & Northern Europe,France,1,58.20227576137445,0.923458276251771,59.306109105573526,482,-3,72.07759293845129,,False,0.9151365001833891,a38_scholarship; a46_admissions_policy; notice_evidence; a72_alt_text_pct; a50_social_links
486,102,17.0,2080,Universite Paris Cite,Western & Northern Europe,France,1,58.18421794871851,0.9217928967100374,58.242820157246975,496,10,65.11402356532784,,False,1.1444057316101526,a37_programs_listing; footer_completeness_B6; a46_admissions_policy; a53_contrast_ratio; a66_broken_links
487,47,,6155,University of Zimbabwe,Latin America & Africa,Sub-Saharan Africa,0,58.12783689970082,0.9165931614284416,63.47271918139548,409,-78,65.15995007349161,,False,1.3121780953158964,a38_scholarship; a53_contrast_ratio; footer_completeness_B6; notice_evidence; a51_quick_links
488,134,15.0,5095,Jahangirnagar University,South & Central Asia + Oceania,Bangladesh,1,58.120772006599566,0.915941602534819,55.72084623661544,533,45,63.51751612439242,,False,0.9579530737948642,a38_scholarship; a46_admissions_policy; footer_completeness_B6; a51_quick_links; a27_event_datetime
489,135,59.0,5305,Netaji Subhas University of Technology,South & Central Asia + Oceania,India,1,58.081398729609965,0.9123104069277522,59.871229115052536,476,-13,64.00993545787284,,False,2.3253067349826955,a53_contrast_ratio; a72_alt_text_pct; footer_completeness_B6; a46_admissions_policy; a40_career_link
490,92,77.0,1044,"University of California, Santa Cruz",North America,United States,1,57.963638291008806,0.9014499650232662,58.42479912357201,494,4,66.88588683258445,,False,1.106549726780645,a43_contact_link; a46_admissions_policy; a66_broken_links; footer_completeness_B6; a51_quick_links
491,41,3.0,4023,South China University of Technology,Asia (East & Southeast),China,1,57.938414679985485,0.8991237206122046,54.482956003747994,555,64,52.38383779908499,,False,0.746296521434215,a66_broken_links; a46_admissions_policy; footer_completeness_B6; a51_quick_links; event_evidence
492,103,,2144,BI Norwegian Business School,Western & Northern Europe,Norway,0,57.85435964831783,0.8913717556989457,59.48822885160093,479,-13,68.20840121012006,,False,1.0956965136273265,a34_department_links; event_evidence; a26_event_captions; a57_logo_prominence; a15_stat_item_count
493,93,78.0,1129,Clarkson University,North America,United States,1,57.84097554870783,0.8901374087655867,59.46860799800623,480,-13,74.1732769943291,,False,0.8052400346455364,notice_evidence; a46_admissions_policy; event_evidence; a15_stat_item_count; a53_contrast_ratio
494,48,,6135,Obafemi Awolowo University,Latin America & Africa,Sub-Saharan Africa,0,57.81921701473787,0.8881307306577725,59.627258880458676,478,-16,67.48208377358596,,False,1.1249665543535747,a38_scholarship; a46_admissions_policy; footer_completeness_B6; a51_quick_links; event_evidence
495,94,79.0,1056,University of Iowa,North America,United States,1,57.698597314100894,0.877006593665205,59.117393252906076,484,-11,75.7144951668965,,False,1.1204837016461264,a38_scholarship; footer_completeness_B6; a46_admissions_policy; a51_quick_links; a40_career_link
496,95,80.0,1111,University of St. Thomas,North America,United States,1,57.52234865096125,0.8607520824769921,58.82626479499232,488,-8,71.21370182306762,1.0960486534468998,True,0.9886238990671538,a03_nav_item_count; event_evidence; a46_admissions_policy; a40_career_link; a57_logo_prominence
497,75,,3157,V. N. Karazin Kharkiv National University,Eastern & Southern Europe,Ukraine,0,57.49354332714137,0.8580955150456719,56.58903868653051,518,21,68.22238171274917,,False,0.9129853895590705,a03_nav_item_count; event_evidence; a46_admissions_policy; a40_career_link; a27_event_datetime
498,136,,5163,University of Jaffna,South & Central Asia + Oceania,Sri Lanka,0,57.49318400574675,0.8580623766744357,60.31408402503841,465,-33,67.86222237007841,,False,0.7609186412618448,notice_evidence; a46_admissions_policy; a72_alt_text_pct; a66_broken_links; a53_contrast_ratio
499,104,7.0,2116,The Hague University of Applied Sciences,Western & Northern Europe,Netherlands,1,57.25795191295648,0.836368125972196,62.20063424503633,432,-67,58.53833619243575,,False,1.016356168623282,a38_scholarship; notice_evidence; footer_completeness_B6; a15_stat_item_count; a47_footer_contact
500,137,15.0,5079,Pakistan Institute of Engineering and Applied Sciences,South & Central Asia + Oceania,Pakistan,1,57.1989601844345,0.8309276210957827,57.54249947263266,503,3,69.080967745522,,False,1.2261495382648204,notice_evidence; a53_contrast_ratio; a46_admissions_policy; a72_alt_text_pct; a15_stat_item_count
501,42,10.0,4072,Kanazawa University,Asia (East & Southeast),Japan,1,57.05752666612783,0.8178839323395037,53.62726376804815,570,69,69.09854428974144,,False,1.2597599457585773,a38_scholarship; a39_library_link; content_completeness_B5; a46_admissions_policy; a27_event_datetime
502,43,,4173,Brawijaya University,Asia (East & Southeast),Indonesia,0,56.99664099738269,0.8122687590599451,61.962550358240115,436,-66,70.95732808039757,,False,1.3554023128423471,a34_department_links; a46_admissions_policy; a72_alt_text_pct; a53_contrast_ratio; a48_footer_sitemap
503,105,23.0,2033,University of Strathclyde,Western & Northern Europe,United Kingdom,1,56.94915486694337,0.807889356545559,60.32340800935794,464,-39,72.71068565973722,,False,0.6932245846938481,a46_admissions_policy; notice_evidence; footer_completeness_B6; event_evidence; a40_career_link
504,44,,4308,University of Yangon,Asia (East & Southeast),Other SE/E Asia,0,56.947279888542646,0.8077164368941446,63.737553600803224,403,-101,67.64520798896815,,False,0.7716430499046987,notice_evidence; a46_admissions_policy; event_evidence; a51_quick_links; a21_calendar_link
505,96,81.0,1065,Syracuse University,North America,United States,1,56.886419391079244,0.8021035850329369,56.70342448285026,514,9,73.56164946350525,,False,0.7047018516263345,notice_evidence; a46_admissions_policy; a53_contrast_ratio; a27_event_datetime; a67_gzip
506,45,,4134,National Chengchi University,Asia (East & Southeast),Taiwan,0,56.73054885711046,0.7877284442904455,56.88323121598782,511,5,64.33363012494056,,False,1.277557362249951,a38_scholarship; footer_completeness_B6; event_evidence; a46_admissions_policy; a51_quick_links
507,138,60.0,5040,Panjab University,South & Central Asia + Oceania,India,1,56.721759698109565,0.786917865187205,57.725999341313475,501,-6,65.08286630804555,,False,0.9109579989809617,a03_nav_item_count; a46_admissions_policy; event_evidence; a40_career_link; a57_logo_prominence
508,97,82.0,1125,Binghamton University,North America,United States,1,56.71389107312951,0.7861921822203347,54.37147741896874,557,49,71.21513853592558,,False,0.7361736818822683,notice_evidence; a46_admissions_policy; event_evidence; a40_career_link; a57_logo_prominence
509,139,29.0,5131,Flinders University,South & Central Asia + Oceania,Australia,1,56.553374970088164,0.7713886044439369,53.24106236903677,578,69,68.19290477995807,,False,1.0502801754532067,a38_scholarship; footer_completeness_B6; a46_admissions_policy; a51_quick_links; event_evidence
510,140,16.0,5321,University of Gujrat,South & Central Asia + Oceania,Pakistan,1,56.47562183463936,0.7642178311310652,61.255808299785755,443,-67,61.73592371228021,,False,0.8425064604500814,a46_admissions_policy; notice_evidence; a51_quick_links; footer_completeness_B6; event_evidence
511,98,83.0,1033,Boston University,North America,United States,1,56.44181219977508,0.7610997417317974,59.02860983598554,485,-26,70.96155499053974,,False,0.6411004635573322,a46_admissions_policy; notice_evidence; event_evidence; a15_stat_item_count; a57_logo_prominence
512,106,24.0,2034,Queen's University Belfast,Western & Northern Europe,United Kingdom,1,56.3966758755947,0.7569370498093996,54.53437519334227,553,41,67.15127542276352,,False,1.415250905726825,a22_admission_notice; a53_contrast_ratio; a46_admissions_policy; notice_evidence; a40_career_link
513,46,6.0,4103,Kyung Hee University,Asia (East & Southeast),South Korea,1,56.28737819583158,0.7468570847934507,58.60355358978462,490,-23,69.44401350022493,,False,0.8223172759555097,a53_contrast_ratio; a46_admissions_policy; event_evidence; a51_quick_links; a72_alt_text_pct
514,99,16.0,1179,University of Calgary,North America,Canada,1,56.108141741749044,0.7303270249545752,55.3971245786112,537,23,45.0,,False,1.201063556367881,a03_nav_item_count; a53_contrast_ratio; a72_alt_text_pct; a26_event_captions; a47_footer_contact
515,47,7.0,4117,Konkuk University,Asia (East & Southeast),South Korea,1,55.814958770276434,0.7032882616238213,53.90444954117117,565,50,64.4524384682904,,False,1.075000067443396,a38_scholarship; a46_admissions_policy; notice_evidence; a51_quick_links; a72_alt_text_pct
516,100,84.0,1151,Macalester College,North America,United States,1,55.785116161446105,0.7005360307105364,61.55971394613147,439,-77,71.823551122187,,False,0.6361518618481482,notice_evidence; a46_admissions_policy; a72_alt_text_pct; a27_event_datetime; a40_career_link
517,101,85.0,1116,Stevens Institute of Technology,North America,United States,1,55.71088208738097,0.6936898023991054,52.77097331524906,591,74,45.0,,False,1.1031654080757318,a03_nav_item_count; a26_event_captions; a57_logo_prominence; a40_career_link; a31_social_feed_embed
518,141,,5331,Maldives National University,South & Central Asia + Oceania,Central Asia,0,55.67638505335863,0.6905083176973916,52.880184128572715,586,68,45.0,,False,1.2362261068737472,a03_nav_item_count; a53_contrast_ratio; a40_career_link; event_evidence; a66_broken_links
519,107,19.0,2071,Leibniz University Hannover,Western & Northern Europe,Germany,1,55.67182134631114,0.690087430378637,56.03118792754667,525,6,72.21093764427307,,False,1.3054741207182041,a34_department_links; a46_admissions_policy; a51_quick_links; a40_career_link; a63_mobile_score
520,108,,2133,Lulea University of Technology,Western & Northern Europe,Sweden,0,55.661110050944785,0.6890995824865098,56.39191518605765,520,0,70.77478417704425,,False,1.6409813161295295,a34_department_links; a38_scholarship; content_completeness_B5; a46_admissions_policy; event_evidence
521,48,,4161,UCSI University,Asia (East & Southeast),Malaysia,0,55.637660394269545,0.6869369407960847,55.31693834157941,538,17,71.0348344198309,,False,0.6512095524744095,a66_broken_links; a46_admissions_policy; a51_quick_links; event_evidence; a57_logo_prominence
522,109,8.0,2108,Eindhoven University of Technology,Western & Northern Europe,Netherlands,1,55.58992685184324,0.6825347207417592,53.906004860718106,564,42,75.18207547129548,,False,1.0401015974814145,a53_contrast_ratio; notice_evidence; a46_admissions_policy; event_evidence; a72_alt_text_pct
523,76,,3126,University of Macedonia,Eastern & Southern Europe,Greece,0,55.306643086010325,0.6564089104283964,54.156940991546705,560,37,71.6250078095478,,False,2.1858713297668424,a53_contrast_ratio; a66_broken_links; a46_admissions_policy; event_evidence; a15_stat_item_count
524,49,,4175,Hasanuddin University,Asia (East & Southeast),Indonesia,0,55.1749949411337,0.6442676765280351,51.942233184206074,607,83,61.73914297152284,,False,1.429156181332125,a34_department_links; a53_contrast_ratio; content_completeness_B5; a43_contact_link; footer_completeness_B6
525,49,,6129,Cadi Ayyad University,Latin America & Africa,Egypt & North Africa,0,55.155489821760206,0.6424688193030432,53.17717839609966,579,54,67.33896333387352,,False,1.8129530223995285,a34_department_links; a22_admission_notice; content_completeness_B5; a39_library_link; a46_admissions_policy
526,110,25.0,2007,King's College London,Western & Northern Europe,United Kingdom,1,54.9832553042188,0.6265845121968103,52.192734733313,600,74,70.51751642036344,,False,1.497679776396283,a22_admission_notice; a53_contrast_ratio; a46_admissions_policy; a70_favicon; a57_logo_prominence
527,142,61.0,5031,SRM Institute of Science and Technology,South & Central Asia + Oceania,India,1,54.955715202875076,0.6240446297520768,58.429616901787824,493,-34,78.12877142970795,,False,2.308371964788073,a53_contrast_ratio; notice_evidence; footer_completeness_B6; a51_quick_links; a72_alt_text_pct
528,77,15.0,3019,University of Perugia,Eastern & Southern Europe,Italy,1,54.89084858257206,0.6180623137068122,62.29164897890465,429,-99,59.6635059708846,,False,1.1278529860399809,a03_nav_item_count; content_completeness_B5; notice_evidence; event_evidence; a15_stat_item_count
529,50,,6092,Pontifical Catholic University of Peru,Latin America & Africa,Peru & Andes,0,54.88045346026298,0.6171036248358384,56.846159345737114,513,-16,64.55695854579781,1.212514918803074,True,0.7462785248492324,notice_evidence; a46_admissions_policy; event_evidence; a27_event_datetime; content_completeness_B5
530,102,86.0,1014,Duke University,North America,United States,1,54.86096207152732,0.6153060339172254,56.86823554536989,512,-18,70.17763895046065,,False,0.8024766509155384,event_evidence; a46_admissions_policy; notice_evidence; a40_career_link; a27_event_datetime
531,103,87.0,1195,Baylor College of Medicine,North America,United States,1,54.80661063499845,0.6102934793967187,57.25476056852332,507,-24,68.2623988387625,1.104274311798707,True,1.0766766853200727,a39_library_link; notice_evidence; a46_admissions_policy; event_evidence; a15_stat_item_count
532,104,88.0,1136,Amherst College,North America,United States,1,54.76844242694742,0.6067734211236645,53.613711338943865,571,39,69.23919208051052,,False,1.074389674014757,a53_contrast_ratio; notice_evidence; a46_admissions_policy; footer_completeness_B6; a51_quick_links
533,143,,5157,University of Colombo,South & Central Asia + Oceania,Sri Lanka,0,54.741368533438546,0.6042765346389145,53.94995991046541,562,29,66.49572905142199,,False,0.9760609839267339,a53_contrast_ratio; notice_evidence; a46_admissions_policy; a72_alt_text_pct; a40_career_link
534,51,,6338,Jimma University,Latin America & Africa,Sub-Saharan Africa,0,54.70041418527023,0.6004995249376823,53.87493429066723,566,32,70.39447963351105,,False,1.075992889808596,a03_nav_item_count; a38_scholarship; a40_career_link; a53_contrast_ratio; a26_event_captions
535,50,11.0,4084,Ehime University,Asia (East & Southeast),Japan,1,54.40811919127735,0.5735426552203133,59.79832823317309,477,-58,72.70149230512607,,False,0.6951421227193035,notice_evidence; a46_admissions_policy; a27_event_datetime; a67_gzip; a21_calendar_link
536,105,89.0,1032,University of Florida,North America,United States,1,54.40560383972265,0.5733106772338719,56.18963782605192,523,-13,70.42612856957598,,False,0.6785802921745818,a46_admissions_policy; notice_evidence; a72_alt_text_pct; a40_career_link; a31_social_feed_embed
537,78,,3194,Slovak University of Technology in Bratislava,Eastern & Southern Europe,Bulgaria & Slovakia,0,54.38259794194274,0.5711889611527563,56.492573648290985,519,-18,75.5251719104603,0.7193347858678523,True,0.3985855683067098,a46_admissions_policy; a53_contrast_ratio; event_evidence; a48_footer_sitemap; a47_footer_contact
538,106,90.0,1197,Gonzaga University,North America,United States,1,54.31835209255105,0.5652638956281116,55.672967275170336,534,-4,72.4019472623718,,False,0.7880211341410533,a03_nav_item_count; a46_admissions_policy; a53_contrast_ratio; a40_career_link; a27_event_datetime
539,107,91.0,1107,Loyola University Chicago,North America,United States,1,54.30960347971968,0.5644570558903474,52.42136324067572,595,56,70.8181913725761,,False,0.7050877634536992,notice_evidence; a46_admissions_policy; a72_alt_text_pct; a27_event_datetime; a67_gzip
540,111,20.0,2067,University of Konstanz,Western & Northern Europe,Germany,1,54.24148702096823,0.5581750238955882,61.19877065322498,445,-95,75.26885498812995,,False,1.1873360596407483,a38_scholarship; content_completeness_B5; a46_admissions_policy; a72_alt_text_pct; a40_career_link
541,51,,4188,King Mongkut's Institute of Technology Ladkrabang,Asia (East & Southeast),Thailand,0,54.18343567667374,0.5528212458384006,54.90549593213883,547,6,66.35448026937215,,False,1.3251279695003433,a38_scholarship; a39_library_link; content_completeness_B5; a46_admissions_policy; a03_nav_item_count
542,79,14.0,3060,Polytechnic University of Valencia,Eastern & Southern Europe,Spain,1,54.17255859513374,0.5518181083368873,52.95123135985153,585,43,67.63910806847927,,False,0.8830856453975969,notice_evidence; a46_admissions_policy; a72_alt_text_pct; event_evidence; a27_event_datetime
543,108,92.0,1076,University of Kentucky,North America,United States,1,54.165589268694575,0.5511753630668713,60.57073605182027,456,-87,64.88534136262143,,False,1.0037933234966572,a46_admissions_policy; notice_evidence; event_evidence; footer_completeness_B6; a51_quick_links
544,52,,6529,Hawassa University,Latin America & Africa,Sub-Saharan Africa,0,54.15858635171596,0.5505295199135034,55.194801514171985,543,-1,67.996769203157,,False,0.8439442196257767,a38_scholarship; a46_admissions_policy; a27_event_datetime; a72_alt_text_pct; a67_gzip
545,109,93.0,1037,University of Notre Dame,North America,United States,1,54.06001948105304,0.5414392024413749,51.25664672566186,618,73,73.99048531585375,,False,0.8284304796551543,a46_admissions_policy; notice_evidence; a53_contrast_ratio; a40_career_link; event_evidence
546,112,9.0,2119,HAN University of Applied Sciences,Western & Northern Europe,Netherlands,1,54.02843241644674,0.538526089309623,53.342252961428464,576,30,65.5277511924568,0.6562312940249784,True,1.401812360425218,a34_department_links; a38_scholarship; notice_evidence; content_completeness_B5; a46_admissions_policy
547,110,94.0,1074,University of South Carolina,North America,United States,1,54.02358220415682,0.5380787790802721,54.77951404440194,550,3,70.33497058267213,0.4362569136827667,True,0.8759992428641323,notice_evidence; a46_admissions_policy; event_evidence; a72_alt_text_pct; a15_stat_item_count
548,144,62.0,5039,Osmania University,South & Central Asia + Oceania,India,1,53.990773817316715,0.5350530296563619,56.621742890775884,516,-32,45.0,,False,1.1245599361222975,a03_nav_item_count; a46_admissions_policy; a53_contrast_ratio; a40_career_link; a47_footer_contact
549,80,,3112,Catholic University of Portugal,Eastern & Southern Europe,Portugal,0,53.91508359639271,0.5280725083807334,55.30093118521654,540,-9,64.73742675052651,,False,1.3015393869892629,a38_scholarship; a39_library_link; content_completeness_B5; a46_admissions_policy; event_evidence
550,81,,3150,Carol Davila University of Medicine and Pharmacy,Eastern & Southern Europe,Romania,0,53.862153431435225,0.5231910304553445,58.542446172027155,491,-59,65.14399149284375,0.6200050526134119,True,1.1491509832074862,a38_scholarship; content_completeness_B5; footer_completeness_B6; a46_admissions_policy; a51_quick_links
551,111,95.0,1113,Temple University,North America,United States,1,53.83089612772866,0.5203083294818395,55.182671694578865,544,-7,72.10843762271134,0.1606613176630886,True,0.9299986599367578,a03_nav_item_count; event_evidence; a46_admissions_policy; a40_career_link; a15_stat_item_count
552,112,96.0,1040,University of Virginia,North America,United States,1,53.689269721453826,0.5072468516565201,51.090366472396205,622,70,69.9207045681919,,False,0.9503441531660802,notice_evidence; a53_contrast_ratio; a46_admissions_policy; a47_footer_contact; a27_event_datetime
553,82,10.0,3083,Gdansk University of Technology,Eastern & Southern Europe,Poland,1,53.686414826626745,0.5069835593337232,58.20886801050123,497,-56,71.40624442351205,,False,0.9243788821793348,notice_evidence; a46_admissions_policy; event_evidence; footer_completeness_B6; a72_alt_text_pct
554,113,97.0,1069,Florida State University,North America,United States,1,53.6697810024095,0.5054495069498603,55.72855705569475,531,-23,67.65866218017342,,False,1.3861610877482766,a38_scholarship; a43_contact_link; a53_contrast_ratio; a46_admissions_policy; a72_alt_text_pct
555,113,26.0,2027,Newcastle University,Western & Northern Europe,United Kingdom,1,53.61429126106769,0.500331972408581,54.505989953702525,554,-1,45.0,,False,1.4257923300396647,a03_nav_item_count; a53_contrast_ratio; a70_favicon; a26_event_captions; event_evidence
556,145,63.0,5018,Banaras Hindu University,South & Central Asia + Oceania,India,1,53.57263741145464,0.4964904512730081,52.968885382861934,584,28,59.90026281957465,,False,1.0816187299040163,a03_nav_item_count; a39_library_link; a66_broken_links; a51_quick_links; a53_contrast_ratio
557,146,30.0,5132,Western Sydney University,South & Central Asia + Oceania,Australia,1,53.55247145603692,0.49463064852546257,51.71475036848603,611,54,45.0,,False,1.2214201933804052,a03_nav_item_count; a46_admissions_policy; a40_career_link; a27_event_datetime; a28_contests
558,114,,2130,Swedish University of Agricultural Sciences,Western & Northern Europe,Sweden,0,53.4321193212181,0.4835311877574242,53.029751339537896,583,25,72.91507243970202,,False,1.187788960124472,a03_nav_item_count; a38_scholarship; a46_admissions_policy; a72_alt_text_pct; event_evidence
559,52,,4202,University of the East,Asia (East & Southeast),Philippines,0,53.35804678929134,0.47669985764975203,53.35091719072322,575,16,45.0,,False,1.1489323764720156,a03_nav_item_count; event_evidence; a15_stat_item_count; a40_career_link; a44_student_portal
560,114,98.0,1144,Trinity College,North America,United States,1,53.30280380282702,0.471605080046571,47.24525525857407,686,126,62.5727722677574,,False,1.645073836913871,a34_department_links; a38_scholarship; content_completeness_B5; a43_contact_link; a39_library_link
561,115,,2187,Ghent University,Western & Northern Europe,Belgium/Ireland/Iceland,0,53.29938444654105,0.4712897303354473,50.757184989413325,625,64,71.04633880502074,,False,1.1250790704333813,a43_contact_link; notice_evidence; a46_admissions_policy; a53_contrast_ratio; a40_career_link
562,115,99.0,1128,Rochester Institute of Technology,North America,United States,1,53.28749695728766,0.47019340810737065,50.67638724666235,626,64,71.94676750994645,,False,0.9996171916641906,a03_nav_item_count; notice_evidence; a46_admissions_policy; a15_stat_item_count; a40_career_link
563,147,16.0,5322,Comilla University,South & Central Asia + Oceania,Bangladesh,1,53.26764328217734,0.46836240537260176,53.922172412322794,563,0,66.67178350853683,,False,1.0087996189068527,notice_evidence; a46_admissions_policy; a66_broken_links; a72_alt_text_pct; a51_quick_links
564,148,64.0,5061,Guru Gobind Singh Indraprastha University,South & Central Asia + Oceania,India,1,53.21106015953079,0.4631440338755458,53.082449013068945,581,17,67.55979908895526,0.3106375832561348,True,1.0635588888730596,a38_scholarship; a46_admissions_policy; notice_evidence; a51_quick_links; footer_completeness_B6
565,83,,3176,Obuda University,Eastern & Southern Europe,Hungary,0,53.17390041431098,0.4597169809625375,55.84140882427427,528,-37,74.10020969431233,,False,2.265178634011519,a53_contrast_ratio; notice_evidence; a26_event_captions; seo_completeness_B10; a18_missing
566,84,16.0,3021,Bocconi University,Eastern & Southern Europe,Italy,1,53.165099127277614,0.4589052833530004,53.502541985851934,573,7,74.19068487869117,,False,0.6365831721001503,a46_admissions_policy; notice_evidence; event_evidence; a40_career_link; a27_event_datetime
567,53,8.0,4110,Sogang University,Asia (East & Southeast),South Korea,1,53.14838491545811,0.457363817232449,52.135014252191645,602,35,56.86239589208064,,False,1.342076021908656,a43_contact_link; notice_evidence; a39_library_link; a46_admissions_policy; content_completeness_B5
568,116,,2122,Lund University,Western & Northern Europe,Sweden,0,53.11572110195169,0.45435140106638106,50.46441247373379,629,61,76.39751440188972,,False,1.4713000549823014,a03_nav_item_count; a38_scholarship; a66_broken_links; a46_admissions_policy; a40_career_link
569,54,12.0,4071,Okayama University,Asia (East & Southeast),Japan,1,53.04973881983298,0.4482661932479667,53.36644787057949,574,5,64.40512808186836,,False,1.6460148661225638,a53_contrast_ratio; a38_scholarship; a46_admissions_policy; a72_alt_text_pct; a40_career_link
570,117,21.0,2069,Bielefeld University,Western & Northern Europe,Germany,1,53.03339879649543,0.4467592366139445,52.79051107199937,590,20,71.86674974215546,,False,1.6356797260537732,a34_department_links; a38_scholarship; a46_admissions_policy; a57_logo_prominence; a40_career_link
571,118,18.0,2086,Sciences Po,Western & Northern Europe,France,1,52.97205063760373,0.4411014102377449,52.43251424920912,594,23,74.37681780999321,,False,1.6144150371427843,a34_department_links; notice_evidence; a46_admissions_policy; event_evidence; a72_alt_text_pct
572,55,,4200,Silliman University,Asia (East & Southeast),Philippines,0,52.652543778674186,0.4116349296377411,54.69325924144438,551,-21,67.99962885610441,,False,1.520943565919779,a34_department_links; a53_contrast_ratio; a46_admissions_policy; a51_quick_links; footer_completeness_B6
573,116,100.0,1055,University of Georgia,North America,United States,1,52.62698094116831,0.40927740010622665,55.13806610742823,545,-28,63.53410037400712,,False,1.5969254481080026,a22_admission_notice; a39_library_link; a43_contact_link; content_completeness_B5; a46_admissions_policy
574,119,27.0,2009,University of Bristol,Western & Northern Europe,United Kingdom,1,52.606403868006254,0.40737968207549025,55.4538279744887,536,-38,68.78834642649917,,False,1.5893867229219478,a22_admission_notice; a38_scholarship; a46_admissions_policy; a40_career_link; a53_contrast_ratio
575,85,,3203,Kaunas University of Technology,Eastern & Southern Europe,Baltics,0,52.52046859280381,0.39945431193447795,47.521915552942225,678,103,74.0033819591016,,False,0.9075765903689699,notice_evidence; a46_admissions_policy; a53_contrast_ratio; a15_stat_item_count; a72_alt_text_pct
576,117,101.0,1057,University of Connecticut,North America,United States,1,52.49908083684632,0.3974818287830666,51.91219981099134,608,32,68.54430053317483,,False,1.2618769379266743,a38_scholarship; a39_library_link; notice_evidence; a46_admissions_policy; a15_stat_item_count
577,86,11.0,3311,West Pomeranian University of Technology,Eastern & Southern Europe,Poland,1,52.40846195950583,0.3891245140133808,51.5013224253881,615,38,62.35607449873888,0.6883772668365102,True,1.3870248844444777,a22_admission_notice; a53_contrast_ratio; content_completeness_B5; a46_admissions_policy; event_evidence
578,87,,3140,Mendel University in Brno,Eastern & Southern Europe,Czechia,0,52.375537738551365,0.3860880818025813,52.412623639540165,596,18,67.35311330365869,,False,1.060647385281546,a38_scholarship; a46_admissions_policy; notice_evidence; a72_alt_text_pct; footer_completeness_B6
579,56,,4184,Thammasat University,Asia (East & Southeast),Thailand,0,52.37166834252458,0.38573122723195075,53.582403702409664,572,-7,77.3053067546173,,False,0.9101536604121175,a38_scholarship; a46_admissions_policy; a72_alt_text_pct; a27_event_datetime; a53_contrast_ratio
580,88,,3137,Czech University of Life Sciences Prague,Eastern & Southern Europe,Czechia,0,52.16681757787665,0.36683889076500437,56.61925661607896,517,-63,66.56794738771585,,False,1.4634805347157236,a22_admission_notice; a38_scholarship; a46_admissions_policy; a72_alt_text_pct; seo_completeness_B10
581,89,,3184,University of Maribor,Eastern & Southern Europe,Balkans,0,52.081508461221965,0.3589712680187179,60.331947916417505,463,-118,69.16252255492827,,False,1.9055197802569273,content_completeness_B5; a38_scholarship; a43_contact_link; a46_admissions_policy; a31_social_feed_embed
582,149,,5176,Satbayev University,South & Central Asia + Oceania,Central Asia,0,52.050812295404725,0.3561403179177448,53.8714245471857,567,-15,63.06304835862775,,False,0.7668379370165326,notice_evidence; a46_admissions_policy; event_evidence; a47_footer_contact; a57_logo_prominence
583,118,102.0,1034,Boston College,North America,United States,1,51.96920277369859,0.3486138898586222,54.78132521702783,549,-34,70.00273133731933,,False,0.9185887351803849,a53_contrast_ratio; notice_evidence; a46_admissions_policy; a72_alt_text_pct; a40_career_link
584,120,,2148,University of South-Eastern Norway,Western & Northern Europe,Norway,0,51.95901102340452,0.3476739569466141,54.400917898325,556,-28,77.43738087563763,0.5141187214053795,True,1.222208156545154,a03_nav_item_count; a46_admissions_policy; event_evidence; a40_career_link; a57_logo_prominence
585,57,13.0,4077,Tokyo University of Science,Asia (East & Southeast),Japan,1,51.92852882901867,0.3448627403344712,52.440100387840495,593,8,66.22166377122294,,False,1.0977429795477796,a38_scholarship; notice_evidence; a46_admissions_policy; a51_quick_links; a72_alt_text_pct
586,150,,5151,Victoria University of Wellington,South & Central Asia + Oceania,New Zealand,0,51.92233302781382,0.3442913333336455,52.48755226846556,592,6,73.30592344104578,,False,0.7997595412823839,notice_evidence; a46_admissions_policy; event_evidence; a15_stat_item_count; a72_alt_text_pct
587,121,28.0,2032,University of Dundee,Western & Northern Europe,United Kingdom,1,51.903788608028044,0.34258107650946723,48.44954372492617,662,75,65.14633454364032,,False,1.3489906311510922,a22_admission_notice; a39_library_link; a46_admissions_policy; event_evidence; a53_contrast_ratio
588,151,,5332,Tajik National University,South & Central Asia + Oceania,Central Asia,0,51.89640858171988,0.34190045449476186,53.73134966801289,568,-20,61.23820701324612,0.0555628361131526,True,1.0147728508439813,notice_evidence; a66_broken_links; a46_admissions_policy; a51_quick_links; event_evidence
589,152,65.0,5301,Indian Institute of Technology Jodhpur,South & Central Asia + Oceania,India,1,51.88390999013153,0.3407477734293249,49.31374324905108,652,63,45.0,,False,1.3156038473265939,a03_nav_item_count; a51_quick_links; a46_admissions_policy; a47_footer_contact; a67_gzip
590,119,103.0,1012,"University of California, Berkeley",North America,United States,1,51.86312450038876,0.33883083420517357,52.85294782890254,588,-2,72.2958591970587,-0.0100776034924248,True,0.7761650218843607,notice_evidence; a46_admissions_policy; event_evidence; a72_alt_text_pct; a15_stat_item_count
591,153,,5154,University of Waikato,South & Central Asia + Oceania,New Zealand,0,51.84647302511273,0.3372951539545959,53.27400643045698,577,-14,77.13096263676503,,False,1.3969950997197393,a03_nav_item_count; footer_completeness_B6; a66_broken_links; a57_logo_prominence; a51_quick_links
592,154,17.0,5077,Bahauddin Zakariya University,South & Central Asia + Oceania,Pakistan,1,51.843228426063334,0.33699592120803107,55.25813637120078,541,-51,68.3376116961462,,False,1.303833675161004,a53_contrast_ratio; a46_admissions_policy; notice_evidence; a51_quick_links; footer_completeness_B6
593,58,,4142,Hong Kong Polytechnic University,Asia (East & Southeast),Hong Kong,0,51.74804685356696,0.32821781244116843,49.67500017067058,647,54,75.59566278343293,,False,0.8467392386809367,notice_evidence; a46_admissions_policy; a53_contrast_ratio; a15_stat_item_count; a47_footer_contact
594,122,29.0,2004,University College London,Western & Northern Europe,United Kingdom,1,51.727037045348986,0.32628018547335036,52.010932155840244,605,11,45.0,0.4114567923209514,True,1.218160675765925,a03_nav_item_count; a46_admissions_policy; event_evidence; a40_career_link; a15_stat_item_count
595,59,,4180,Chulalongkorn University,Asia (East & Southeast),Thailand,0,51.678806749150255,0.32183215236372087,57.40719009416494,506,-89,76.4096241334533,,False,0.8265695570986483,notice_evidence; a46_admissions_policy; event_evidence; a72_alt_text_pct; a15_stat_item_count
596,53,,6533,University of Uyo,Latin America & Africa,Sub-Saharan Africa,0,51.61585370021832,0.3160263152017925,51.22274907084859,619,23,66.59013459607772,,False,0.9963319836565183,a38_scholarship; notice_evidence; a46_admissions_policy; a15_stat_item_count; a72_alt_text_pct
597,123,10.0,2118,Saxion University of Applied Sciences,Western & Northern Europe,Netherlands,1,51.60747506792818,0.3152535968737441,50.15715675986184,637,40,56.85288496644733,,False,1.8895805871103126,content_completeness_B5; a34_department_links; a46_admissions_policy; a39_library_link; event_evidence
598,120,104.0,1064,University of Delaware,North America,United States,1,51.606104347241605,0.31512718232773407,50.30525301640465,632,34,65.8113527620099,0.1600155238531236,True,0.7916063879474184,notice_evidence; a46_admissions_policy; event_evidence; a53_contrast_ratio; a72_alt_text_pct
599,90,15.0,3054,University of Zaragoza,Eastern & Southern Europe,Spain,1,51.490569661539475,0.3044720102094413,55.24802711954762,542,-57,69.87536777161569,,False,1.0714983748442726,a03_nav_item_count; footer_completeness_B6; a46_admissions_policy; a51_quick_links; event_evidence
600,124,11.0,2114,Amsterdam University of Applied Sciences,Western & Northern Europe,Netherlands,1,51.481667635926584,0.3036510219968508,53.13002753139213,580,-20,60.90239356689624,0.3200066042876313,True,1.0618538697198918,a38_scholarship; content_completeness_B5; notice_evidence; a27_event_datetime; a03_nav_item_count
601,121,17.0,1170,McGill University,North America,Canada,1,51.47664850391862,0.30318813316736704,57.51505817590908,504,-97,68.14702762729206,,False,0.9576169619419184,a46_admissions_policy; notice_evidence; event_evidence; footer_completeness_B6; a51_quick_links
602,155,31.0,5133,Swinburne University of Technology,South & Central Asia + Oceania,Australia,1,51.45251397791567,0.3009623294877889,51.55008016646709,614,12,45.0,,False,1.1876994613139644,a03_nav_item_count; notice_evidence; a15_stat_item_count; a26_event_captions; a72_alt_text_pct
603,156,32.0,5144,Charles Sturt University,South & Central Asia + Oceania,Australia,1,51.36435638730405,0.2928320065826607,47.679250810776296,675,72,67.89171515858922,,False,1.537478517784005,a34_department_links; a53_contrast_ratio; event_evidence; a46_admissions_policy; a66_broken_links
604,60,14.0,4078,Hitotsubashi University,Asia (East & Southeast),Japan,1,51.34629548091697,0.29116634172195527,56.28754049345897,522,-82,64.30103118208984,,False,1.163530212791048,a38_scholarship; notice_evidence; content_completeness_B5; a46_admissions_policy; a72_alt_text_pct
605,125,30.0,2003,Imperial College London,Western & Northern Europe,United Kingdom,1,51.30401817983576,0.2872673228517385,54.24971694202163,559,-46,67.45975448478126,,False,1.2558469435773874,a22_admission_notice; a46_admissions_policy; notice_evidence; event_evidence; a15_stat_item_count
606,126,,2134,Karlstad University,Western & Northern Europe,Sweden,0,51.22435258603014,0.2799201733031316,47.913602864702106,669,63,64.28480313311148,,False,1.7809723489803222,a34_department_links; a38_scholarship; event_evidence; a46_admissions_policy; a40_career_link
607,122,105.0,1029,University of Texas at Austin,North America,United States,1,51.19108938838013,0.2768524790084547,51.07228821686235,624,17,69.96629282186811,,False,0.9229379436829226,notice_evidence; a46_admissions_policy; event_evidence; a27_event_datetime; a57_logo_prominence
608,54,,6335,Mohammed VI Polytechnic University,Latin America & Africa,Egypt & North Africa,0,51.11243604709268,0.2695986843233051,50.30883659817861,631,23,66.00450890151205,,False,1.4187487996211736,a34_department_links; content_completeness_B5; a39_library_link; a46_admissions_policy; event_evidence
609,61,15.0,4067,Kobe University,Asia (East & Southeast),Japan,1,51.050023505664214,0.26384269539912264,57.50007236746496,505,-104,64.97743153905063,,False,0.6816103615375598,notice_evidence; a46_admissions_policy; a72_alt_text_pct; a40_career_link; a27_event_datetime
610,123,106.0,1145,Wesleyan University,North America,United States,1,50.98969801760663,0.2582791847142814,55.47209403766855,535,-75,73.54510166940925,,False,1.2227526007754146,a38_scholarship; notice_evidence; a46_admissions_policy; a72_alt_text_pct; a31_social_feed_embed
611,127,,2154,Aalborg University,Western & Northern Europe,Denmark,0,50.8437541062093,0.24481952551232938,50.138325741091535,638,27,63.42614566238478,,False,1.6846210719563193,a34_department_links; a38_scholarship; content_completeness_B5; a46_admissions_policy; a57_logo_prominence
612,128,22.0,2062,Ulm University,Western & Northern Europe,Germany,1,50.75483027077258,0.23661853577285058,50.18927849914212,635,23,77.65653824521914,,False,1.4179237609461388,a38_scholarship; a39_library_link; content_completeness_B5; a53_contrast_ratio; a46_admissions_policy
613,124,107.0,1194,Howard University,North America,United States,1,50.67529682666203,0.22928357371354796,50.16245107257791,636,23,73.2015368687824,,False,2.1685154479718016,a53_contrast_ratio; a46_admissions_policy; a57_logo_prominence; a40_career_link; a72_alt_text_pct
614,55,,6340,University of Zambia,Latin America & Africa,Sub-Saharan Africa,0,50.51642211117012,0.21463137270115734,51.35503726040092,617,3,73.73743021904372,,False,1.1595007811511477,a38_scholarship; notice_evidence; a46_admissions_policy; footer_completeness_B6; a72_alt_text_pct
615,125,108.0,1127,University at Buffalo,North America,United States,1,50.4626865744186,0.20967561946154156,60.5166533720096,458,-157,78.08981057790488,,False,1.8421970222493038,a53_contrast_ratio; a38_scholarship; a03_nav_item_count; a70_favicon; a46_admissions_policy
616,62,,4168,IPB University,Asia (East & Southeast),Indonesia,0,50.4368493520307,0.20729278481817376,49.917326189970865,643,27,72.4399660104749,,False,1.5836603214804543,a34_department_links; a53_contrast_ratio; content_completeness_B5; a39_library_link; a46_admissions_policy
617,126,109.0,1091,Southern Methodist University,North America,United States,1,50.429562959955895,0.20662079820907375,52.87979714650203,587,-30,66.36051928532629,,False,1.6850684558255757,a34_department_links; a53_contrast_ratio; a46_admissions_policy; a70_favicon; a57_logo_prominence
618,157,66.0,5030,Amrita Vishwa Vidyapeetham,South & Central Asia + Oceania,India,1,50.17713545053755,0.18334070233224942,49.17028704130169,653,35,45.0,,False,1.3370871502326638,a03_nav_item_count; a39_library_link; a46_admissions_policy; a40_career_link; a27_event_datetime
619,127,110.0,1400,University of Louisville,North America,United States,1,50.10925749530956,0.17708066629548175,51.427269301465856,616,-3,45.0,,False,1.1396014376737915,a03_nav_item_count; a26_event_captions; a40_career_link; a53_contrast_ratio; a72_alt_text_pct
620,158,67.0,5055,University of Calicut,South & Central Asia + Oceania,India,1,50.097622152490686,0.17600759824118234,52.8196573506449,589,-31,45.0,0.3487280359942972,True,1.354856964250341,a03_nav_item_count; footer_completeness_B6; a51_quick_links; a72_alt_text_pct; a57_logo_prominence
621,56,,6139,University of Benin,Latin America & Africa,Sub-Saharan Africa,0,50.073102285550206,0.1737462565412356,50.009152228736305,641,20,63.8354341189909,,False,1.36590867845555,a38_scholarship; notice_evidence; a66_broken_links; content_completeness_B5; a46_admissions_policy
622,57,,6146,Strathmore University,Latin America & Africa,Sub-Saharan Africa,0,50.04239776757298,0.17091453616333918,49.9902162200747,642,20,64.53828264696469,,False,0.8612660004100239,notice_evidence; a46_admissions_policy; event_evidence; a72_alt_text_pct; a66_broken_links
623,159,33.0,5112,University of Sydney,South & Central Asia + Oceania,Australia,1,49.92474178891855,0.1600637280645391,48.52666487115475,660,37,69.91936636214083,,False,1.2801633667356864,a22_admission_notice; a46_admissions_policy; notice_evidence; event_evidence; a72_alt_text_pct
624,63,9.0,4116,Jeonbuk National University,Asia (East & Southeast),South Korea,1,49.90555376896967,0.15829411529481444,51.90810683122594,609,-15,45.0,0.1511013929878923,True,1.2237930073825922,a03_nav_item_count; event_evidence; a15_stat_item_count; a72_alt_text_pct; a05_language_toggle
625,64,,4157,International Islamic University Malaysia,Asia (East & Southeast),Malaysia,0,49.78815690513243,0.147467204028024,55.08231551335051,546,-79,59.84584608877964,,False,2.1771775587016045,a34_department_links; a37_programs_listing; content_completeness_B5; event_evidence; a46_admissions_policy
626,91,12.0,3096,University of Bialystok,Eastern & Southern Europe,Poland,1,49.771143173804596,0.1458981147578119,50.02653195768301,639,13,63.92086913586108,,False,1.1816654863156781,a38_scholarship; notice_evidence; a66_broken_links; a46_admissions_policy; content_completeness_B5
627,92,,3162,Oles Honchar Dnipro National University,Eastern & Southern Europe,Ukraine,0,49.67841747469227,0.1373464986104491,47.88221195998697,671,44,66.1222057005215,,False,1.0172185265024685,notice_evidence; a46_admissions_policy; event_evidence; a72_alt_text_pct; a48_footer_sitemap
628,129,,2306,Medical University of Vienna,Western & Northern Europe,Switzerland/Austria,0,49.60774446794269,0.13082868929234048,54.01247243947719,561,-67,58.79076552049951,,False,1.019378319855301,a38_scholarship; notice_evidence; a46_admissions_policy; a27_event_datetime; content_completeness_B5
629,128,111.0,1139,Haverford College,North America,United States,1,49.39470773889363,0.11118140326961229,48.59265307726195,658,29,64.12366717762339,,False,1.276490216618171,a38_scholarship; notice_evidence; content_completeness_B5; a46_admissions_policy; a27_event_datetime
630,65,10.0,4108,Chung-Ang University,Asia (East & Southeast),South Korea,1,49.37047103614476,0.10894617635226128,52.02120845187874,604,-26,62.45320477305442,,False,1.2348975720958448,a38_scholarship; notice_evidence; a46_admissions_policy; content_completeness_B5; event_evidence
631,130,,2171,University of Jyvaskyla,Western & Northern Europe,Finland,0,49.31026743360137,0.10339390654391144,51.60580406013828,613,-18,63.8567270391419,,False,1.673919042332474,a37_programs_listing; a38_scholarship; content_completeness_B5; a46_admissions_policy; a40_career_link
632,58,15.0,6106,University of Cape Town,Latin America & Africa,South Africa,1,49.23903748320202,0.09682473316649644,49.81531122234983,646,14,71.15127431362642,-0.0841840138635865,True,1.734127830234397,a53_contrast_ratio; a03_nav_item_count; footer_completeness_B6; a51_quick_links; a40_career_link
633,160,,5167,Tribhuvan University,South & Central Asia + Oceania,Nepal,0,49.027467614718894,0.07731272817827751,50.49769639195097,628,-5,58.41637660894052,,False,1.3599127580665258,a22_admission_notice; notice_evidence; a46_admissions_policy; a72_alt_text_pct; a27_event_datetime
634,161,17.0,5105,East West University,South & Central Asia + Oceania,Bangladesh,1,48.73924121079529,0.05073108367750571,48.95301212351443,655,21,45.0,,False,1.4906817648006179,a03_nav_item_count; footer_completeness_B6; a46_admissions_policy; a51_quick_links; a72_alt_text_pct
635,131,23.0,2045,Free University of Berlin,Western & Northern Europe,Germany,1,48.711371720184076,0.04816082334826356,50.023382420527255,640,5,72.0968753957916,0.5101391551951837,True,1.1012204943902801,a38_scholarship; notice_evidence; a46_admissions_policy; a27_event_datetime; content_completeness_B5
636,129,18.0,1169,University of British Columbia,North America,Canada,1,48.685508279381295,0.045775570714822016,51.191549326151545,620,-16,67.19172667737459,,False,1.0860972558609907,a38_scholarship; notice_evidence; a46_admissions_policy; event_evidence; a27_event_datetime
637,162,18.0,5098,Bangladesh Agricultural University,South & Central Asia + Oceania,Bangladesh,1,48.64881783043643,0.04239179859280405,54.60635933267852,552,-85,45.0,,False,1.4256211801578842,a03_nav_item_count; footer_completeness_B6; a51_quick_links; a46_admissions_policy; a40_career_link
638,93,,3119,University of Patras,Eastern & Southern Europe,Greece,0,48.54878079016934,0.033165894910523325,48.17385104216799,665,27,64.62077750458388,,False,1.3952446335680828,a22_admission_notice; notice_evidence; a46_admissions_policy; event_evidence; a15_stat_item_count
639,94,,3121,University of Ioannina,Eastern & Southern Europe,Greece,0,48.51791307470614,0.030319123664640193,47.3374612431508,684,45,60.93591564865015,,False,0.9082280203266068,a38_scholarship; a46_admissions_policy; content_completeness_B5; a27_event_datetime; a15_stat_item_count
640,132,,2193,Trinity College Dublin,Western & Northern Europe,Belgium/Ireland/Iceland,0,48.505410848476636,0.02916610739487151,48.36285867809832,663,23,60.602422956117536,,False,1.8225337916449424,a22_admission_notice; a38_scholarship; content_completeness_B5; a46_admissions_policy; a72_alt_text_pct
641,95,,3185,University of Primorska,Eastern & Southern Europe,Balkans,0,48.44883913878228,0.023948788455920838,48.320469498860966,664,23,70.6773539309882,,False,0.9218026157841668,notice_evidence; a46_admissions_policy; a72_alt_text_pct; a15_stat_item_count; event_evidence
642,96,,3159,Ivan Franko National University of Lviv,Eastern & Southern Europe,Ukraine,0,48.43984938686253,0.02311970969551633,51.94731848127699,606,-36,63.273328408804254,,False,1.227751277689941,a38_scholarship; notice_evidence; a46_admissions_policy; content_completeness_B5; event_evidence
643,97,,3180,University of Belgrade,Eastern & Southern Europe,Balkans,0,48.41430335107153,0.020763729700080287,47.11753479886376,689,46,59.46547004585709,,False,0.9865079368404447,notice_evidence; a46_admissions_policy; footer_completeness_B6; a51_quick_links; a15_stat_item_count
644,66,,4145,University of Macau,Asia (East & Southeast),Macau,0,48.3687646951137,0.016563932779202435,50.27748000692676,633,-11,65.13417730067691,,False,1.3673761203524963,a22_admission_notice; notice_evidence; a46_admissions_policy; a53_contrast_ratio; a40_career_link
645,67,,4139,Chinese University of Hong Kong,Asia (East & Southeast),Hong Kong,0,48.32307224606675,0.012349952309676898,55.91483664739037,527,-118,68.25527315284366,,False,1.5467468672326292,a38_scholarship; a53_contrast_ratio; a66_broken_links; content_completeness_B5; a46_admissions_policy
646,98,,3144,Babes-Bolyai University,Eastern & Southern Europe,Romania,0,48.233898241908925,0.004125890790795273,51.136419145973754,621,-25,75.78428861173647,,False,2.183825150064823,a53_contrast_ratio; a46_admissions_policy; a40_career_link; a48_footer_sitemap; a15_stat_item_count
647,130,112.0,1106,DePaul University,North America,United States,1,48.171408003200035,-0.0016372637554775728,48.46940814884152,661,14,67.4523973549274,,False,0.7953524495950464,notice_evidence; a46_admissions_policy; event_evidence; a72_alt_text_pct; a40_career_link
648,133,19.0,2092,Nantes University,Western & Northern Europe,France,1,48.01720125827854,-0.01585896175858982,46.756470845864065,696,48,79.52278163505196,,False,1.8015378532727955,a38_scholarship; a03_nav_item_count; a53_contrast_ratio; a39_library_link; a40_career_link
649,99,,3142,University of South Bohemia,Eastern & Southern Europe,Czechia,0,47.96797175609529,-0.020399146516721506,49.8752697907637,645,-4,71.53179496865997,-0.0923546965698081,True,1.4607206326773607,a03_nav_item_count; footer_completeness_B6; a46_admissions_policy; a66_broken_links; a51_quick_links
650,131,113.0,1159,Scripps College,North America,United States,1,47.88651121726337,-0.027911834648671325,51.0783547948055,623,-27,68.07861672715731,,False,0.6540447831269726,notice_evidence; a46_admissions_policy; a66_broken_links; a27_event_datetime; a40_career_link
651,59,,6431,Ladoke Akintola University of Technology,Latin America & Africa,Sub-Saharan Africa,0,47.86747533015043,-0.029667416986391772,49.447643654852136,648,-3,67.94969493156339,,False,1.5830551941123807,a53_contrast_ratio; a38_scholarship; notice_evidence; a46_admissions_policy; content_completeness_B5
652,68,,4178,Bina Nusantara University,Asia (East & Southeast),Indonesia,0,47.8387005923876,-0.03232116362237753,53.057189420681496,582,-70,55.97350747552643,,False,2.1390549527000617,content_completeness_B5; a22_admission_notice; a39_library_link; a43_contact_link; footer_completeness_B6
653,60,,6430,Federal University of Technology Owerri,Latin America & Africa,Sub-Saharan Africa,0,47.79769247967882,-0.03610313175171378,48.07995672604587,668,15,63.63971518036973,,False,2.239659039649369,a34_department_links; a37_programs_listing; a38_scholarship; a72_alt_text_pct; a26_event_captions
654,132,114.0,1027,New York University,North America,United States,1,47.771742786705616,-0.03849633898092002,50.246219605573295,634,-20,62.16913515540172,,False,1.6106750916254824,a34_department_links; a38_scholarship; content_completeness_B5; notice_evidence; a39_library_link
655,163,,5326,Rajarata University of Sri Lanka,South & Central Asia + Oceania,Sri Lanka,0,47.725923532581156,-0.04272201403305624,47.20290454544134,687,32,67.84706549572834,-0.4594313677072261,True,1.7049123817423475,a22_admission_notice; a38_scholarship; a46_admissions_policy; a53_contrast_ratio; a27_event_datetime
656,134,,2173,Abo Akademi University,Western & Northern Europe,Finland,0,47.619789429739946,-0.05251021855813939,56.13491165516979,524,-132,70.34380853389047,,False,1.7283522655037402,a22_admission_notice; a38_scholarship; content_completeness_B5; a46_admissions_policy; a03_nav_item_count
657,61,,6343,University of Malawi,Latin America & Africa,Sub-Saharan Africa,0,47.558037088734984,-0.058205320579810677,46.019315623169575,714,57,45.0,,False,1.182232604308442,a03_nav_item_count; a46_admissions_policy; event_evidence; a66_broken_links; a27_event_datetime
658,100,13.0,3093,Silesian University of Technology,Eastern & Southern Europe,Poland,1,47.5106372435477,-0.06257676544748472,51.89190787081557,610,-48,45.0,,False,1.39747642772829,a03_nav_item_count; a39_library_link; content_completeness_B5; a46_admissions_policy; a72_alt_text_pct
659,135,,2183,TU Wien,Western & Northern Europe,Switzerland/Austria,0,47.31233075255357,-0.08086555708504282,52.29676667402367,598,-61,71.05179920879792,,False,1.5303449024429092,a34_department_links; a38_scholarship; a46_admissions_policy; a40_career_link; a57_logo_prominence
660,164,19.0,5092,Bangladesh University of Engineering and Technology,South & Central Asia + Oceania,Bangladesh,1,47.28489350539692,-0.08339595381507799,47.593793227922674,677,17,63.62412979895004,,False,1.38370272730163,a43_contact_link; notice_evidence; a46_admissions_policy; a66_broken_links; a72_alt_text_pct
661,136,,2151,University of Copenhagen,Western & Northern Europe,Denmark,0,46.87725401677839,-0.12099045530220293,55.956576997311764,526,-135,65.60241608289907,,False,1.260366891029632,a38_scholarship; content_completeness_B5; event_evidence; footer_completeness_B6; a46_admissions_policy
662,133,115.0,1121,University of New Hampshire,North America,United States,1,46.82817518929927,-0.12551674410435706,46.600014165528826,699,37,68.58618864596939,,False,1.1107127864910837,a38_scholarship; notice_evidence; a46_admissions_policy; event_evidence; a15_stat_item_count
663,137,,2146,Norwegian School of Economics,Western & Northern Europe,Norway,0,46.79085200641446,-0.12895887003583217,43.432360695812235,756,93,69.61221001770498,,False,1.998686660712089,a34_department_links; a22_admission_notice; a38_scholarship; a46_admissions_policy; a57_logo_prominence
664,138,20.0,2083,Claude Bernard University Lyon 1,Western & Northern Europe,France,1,46.757822920980956,-0.13200497336025852,46.39821685779729,703,39,69.73693240608581,0.5675561205302128,True,1.039917024949396,a38_scholarship; notice_evidence; a46_admissions_policy; a72_alt_text_pct; a27_event_datetime
665,139,,2310,Technological University Dublin,Western & Northern Europe,Belgium/Ireland/Iceland,0,46.6829768082781,-0.13890764685945564,49.901890061173866,644,-21,45.0,,False,1.404093862450346,a03_nav_item_count; a46_admissions_policy; event_evidence; a51_quick_links; a40_career_link
666,69,16.0,4068,Hiroshima University,Asia (East & Southeast),Japan,1,46.560452937001195,-0.15020739575409303,48.82045665562139,656,-10,64.56222886613973,,False,1.1322695460737124,a03_nav_item_count; a38_scholarship; a46_admissions_policy; a51_quick_links; a40_career_link
667,101,,3165,Yuriy Fedkovych Chernivtsi National University,Eastern & Southern Europe,Ukraine,0,46.460388817131296,-0.159435796849397,46.013121645644645,715,48,63.20653989355325,,False,1.883260299209259,content_completeness_B5; a38_scholarship; a39_library_link; a46_admissions_policy; event_evidence
668,134,19.0,1303,Toronto Metropolitan University,North America,Canada,1,46.26173503872668,-0.17775661702549272,49.00692255219071,654,-14,59.74779485250067,,False,1.4936924259628248,a34_department_links; a46_admissions_policy; notice_evidence; footer_completeness_B6; event_evidence
669,165,68.0,5046,Indian Statistical Institute,South & Central Asia + Oceania,India,1,46.25019486447763,-0.17882090817019397,49.41142699756727,649,-20,58.70130489117388,0.2606980315849128,True,1.4491479696978016,a34_department_links; notice_evidence; a46_admissions_policy; event_evidence; a27_event_datetime
670,135,116.0,1147,Mount Holyoke College,North America,United States,1,46.08050228486329,-0.19447078536507753,48.17372012520222,666,-4,67.2415953344578,,False,0.973617296801348,a43_contact_link; a39_library_link; a46_admissions_policy; event_evidence; a27_event_datetime
671,102,,3163,Kharkiv Polytechnic Institute,Eastern & Southern Europe,Ukraine,0,45.93435749019808,-0.20794897100159856,46.290061215997625,707,36,62.02974179839828,,False,1.248620176224165,a38_scholarship; content_completeness_B5; footer_completeness_B6; a46_admissions_policy; a51_quick_links
672,70,,4166,Gadjah Mada University,Asia (East & Southeast),Indonesia,0,45.81135518176468,-0.219292843703898,54.29641760837868,558,-114,64.38669571230426,,False,1.3155823498257468,a34_department_links; a46_admissions_policy; event_evidence; footer_completeness_B6; a51_quick_links
673,136,117.0,1085,Oregon State University,North America,United States,1,45.80130700459141,-0.22021953560257518,46.12864070951678,712,39,66.92127517054728,,False,1.0879276278822443,a38_scholarship; notice_evidence; a46_admissions_policy; a72_alt_text_pct; a27_event_datetime
674,137,118.0,1070,North Carolina State University,North America,United States,1,45.77474303601826,-0.22266939432311172,50.366369082423496,630,-44,72.06455888927962,,False,1.0579000973407429,a38_scholarship; notice_evidence; a46_admissions_policy; a27_event_datetime; a57_logo_prominence
675,71,17.0,4074,Kumamoto University,Asia (East & Southeast),Japan,1,45.76620999933568,-0.2234563525771805,52.049716742759706,603,-72,57.449867627058254,,False,1.2648268751721055,a38_scholarship; content_completeness_B5; event_evidence; a46_admissions_policy; a27_event_datetime
676,72,,4309,Institute of Technology of Cambodia,Asia (East & Southeast),Other SE/E Asia,0,45.696569863802935,-0.2298789054748933,45.367597080536825,725,49,59.08414386688517,-0.4468261576201447,True,1.4940883820474737,a34_department_links; notice_evidence; a46_admissions_policy; content_completeness_B5; a53_contrast_ratio
677,73,,4198,Mapua University,Asia (East & Southeast),Philippines,0,45.65240145436303,-0.23395233157990594,44.96224319881719,731,54,45.0,,False,1.2492086155436277,a03_nav_item_count; notice_evidence; a46_admissions_policy; a40_career_link; a27_event_datetime
678,140,,2168,University of Turku,Western & Northern Europe,Finland,0,45.64083497692589,-0.2350190485328815,52.157599750811684,601,-77,59.40892603023725,,False,1.9250136978186052,a37_programs_listing; a38_scholarship; footer_completeness_B6; content_completeness_B5; a46_admissions_policy
679,103,14.0,3076,University of Warsaw,Eastern & Southern Europe,Poland,1,45.60784119667412,-0.23806189584128215,43.5657833620088,755,76,61.71326325793128,,False,1.0277590138607235,notice_evidence; a46_admissions_policy; event_evidence; a51_quick_links; content_completeness_B5
680,166,69.0,5051,Tezpur University,South & Central Asia + Oceania,India,1,45.49901643464188,-0.2480982460779134,46.85547541689,694,14,45.0,,False,1.5376932706650406,a03_nav_item_count; a66_broken_links; event_evidence; a46_admissions_policy; a72_alt_text_pct
681,74,18.0,4093,Meiji University,Asia (East & Southeast),Japan,1,45.46259805140277,-0.2514569269738229,42.24777735500565,778,97,45.0,,False,1.3979094219300252,a03_nav_item_count; a39_library_link; a46_admissions_policy; a51_quick_links; a40_career_link
682,75,19.0,4060,Nagoya University,Asia (East & Southeast),Japan,1,45.45975021406065,-0.2517195684209415,47.43096107534919,681,-1,75.78204033520124,,False,1.541332585237501,a03_nav_item_count; notice_evidence; a39_library_link; a46_admissions_policy; a40_career_link
683,141,12.0,2106,University of Groningen,Western & Northern Europe,Netherlands,1,45.41963421752275,-0.25541926124661124,46.32823752168802,706,23,64.69744847332518,,False,1.0803842953521647,a38_scholarship; notice_evidence; a46_admissions_policy; a15_stat_item_count; a27_event_datetime
684,104,,3143,University of Bucharest,Eastern & Southern Europe,Romania,0,45.36297512411552,-0.2606446391376882,49.35403269601075,651,-33,45.0,,False,1.5066421144559732,a03_nav_item_count; a39_library_link; event_evidence; a46_admissions_policy; content_completeness_B5
685,138,119.0,1047,Pennsylvania State University,North America,United States,1,45.32498860391917,-0.26414794127078695,50.50881864224083,627,-58,45.0,,False,1.4503029590026655,a03_nav_item_count; footer_completeness_B6; event_evidence; notice_evidence; a51_quick_links
686,105,,3130,University of Piraeus,Eastern & Southern Europe,Greece,0,45.31811939564371,-0.26478145315552154,43.16422776632381,762,76,62.43556057625109,,False,1.37308964221329,a22_admission_notice; notice_evidence; a46_admissions_policy; event_evidence; a27_event_datetime
687,142,24.0,2056,TU Dresden,Western & Northern Europe,Germany,1,45.22693214348419,-0.27319118622268795,47.79409268398875,674,-13,67.95677942533777,,False,1.8726590130137453,content_completeness_B5; a38_scholarship; a39_library_link; a46_admissions_policy; a40_career_link
688,167,20.0,5091,University of Dhaka,South & Central Asia + Oceania,Bangladesh,1,44.96309899230458,-0.2975231660021458,47.486819471741015,679,-9,71.14736815101082,,False,1.2327484333483942,a03_nav_item_count; a53_contrast_ratio; a46_admissions_policy; notice_evidence; a40_career_link
689,62,16.0,6116,Nelson Mandela University,Latin America & Africa,South Africa,1,44.87945177230941,-0.30523752053428244,46.801635808237876,695,6,45.0,,False,1.4719425087386755,a03_nav_item_count; footer_completeness_B6; a46_admissions_policy; a51_quick_links; a57_logo_prominence
690,76,20.0,4062,Kyushu University,Asia (East & Southeast),Japan,1,44.87778825151953,-0.3053909385336542,49.365772616470274,650,-40,45.0,,False,1.2355566664400168,a03_nav_item_count; a46_admissions_policy; a40_career_link; a53_contrast_ratio; a28_contests
691,139,120.0,1010,Cornell University,North America,United States,1,44.858608450543755,-0.3071597933095988,44.19292789067524,743,52,71.06478814070792,,False,1.2990685613461184,a03_nav_item_count; a38_scholarship; a46_admissions_policy; notice_evidence; a72_alt_text_pct
692,143,31.0,2013,University of Leeds,Western & Northern Europe,United Kingdom,1,44.85099088349193,-0.3078623224900491,47.605215836633946,676,-16,70.11468727114217,,False,1.1840234108660836,a38_scholarship; notice_evidence; a46_admissions_policy; a51_quick_links; footer_completeness_B6
693,63,,6154,University of Botswana,Latin America & Africa,Sub-Saharan Africa,0,44.77833486880255,-0.31456301447046775,46.70216901280386,697,4,58.50085848731769,-0.2775133575938047,True,2.397659680152708,a34_department_links; content_completeness_B5; a38_scholarship; a53_contrast_ratio; a26_event_captions
694,140,121.0,1092,Texas Christian University,North America,United States,1,44.773957610248964,-0.3149667065999029,45.02772481864107,729,35,72.47604186935922,,False,1.322127112182422,a43_contact_link; notice_evidence; a46_admissions_policy; a72_alt_text_pct; a57_logo_prominence
695,141,122.0,1153,Kenyon College,North America,United States,1,44.65952646427927,-0.3255201049026799,41.5224932129688,789,94,66.83693722032177,,False,1.1352978063170396,a43_contact_link; notice_evidence; a46_admissions_policy; content_completeness_B5; a57_logo_prominence
696,144,,2127,University of Gothenburg,Western & Northern Europe,Sweden,0,44.658330563544965,-0.32563039670018534,42.417903079423354,774,78,70.06616615665743,,False,2.778143307646886,a53_contrast_ratio; a34_department_links; a38_scholarship; a40_career_link; a57_logo_prominence
697,106,15.0,3077,Jagiellonian University,Eastern & Southern Europe,Poland,1,44.62667100405905,-0.3285501956632566,53.63208951476646,569,-128,72.09958433480972,,False,1.6821588097931364,a03_nav_item_count; a43_contact_link; a53_contrast_ratio; a72_alt_text_pct; a40_career_link
698,142,123.0,1089,University of New Mexico,North America,United States,1,44.512487869275155,-0.3390807211650545,47.07375412571949,691,-7,76.45591577117324,-0.392770458214925,True,2.584092311413261,a53_contrast_ratio; footer_completeness_B6; a46_admissions_policy; a51_quick_links; a57_logo_prominence
699,145,32.0,2012,University of Southampton,Western & Northern Europe,United Kingdom,1,44.43329480372673,-0.34638429185350744,46.67789741102609,698,-1,72.86711653898848,,False,1.4159572213500555,a03_nav_item_count; a39_library_link; event_evidence; notice_evidence; a26_event_captions
700,64,2.0,6053,Veracruzana University,Latin America & Africa,Mexico,1,44.43307193034687,-0.34640484632343566,45.163569028538284,727,27,50.47223012590005,0.4519997590959894,True,1.910135969931972,content_completeness_B5; a38_scholarship; a39_library_link; notice_evidence; a46_admissions_policy
701,168,70.0,5006,Indian Institute of Technology Roorkee,South & Central Asia + Oceania,India,1,44.42889933894465,-0.3467896630501162,42.76850501928055,766,65,45.0,,False,1.2724184799376501,a03_nav_item_count; a46_admissions_policy; a51_quick_links; a72_alt_text_pct; event_evidence
702,77,21.0,4307,Kagawa University,Asia (East & Southeast),Japan,1,44.4081833378231,-0.34870019369475697,46.35632786050345,705,3,60.20656390247412,-0.7120882431942595,True,1.303142863788708,notice_evidence; a39_library_link; a46_admissions_policy; event_evidence; a72_alt_text_pct
703,143,124.0,1094,Texas Tech University,North America,United States,1,44.38487594824567,-0.3508497148196585,46.23858582111603,708,5,73.2913906258563,,False,2.556146782840279,a53_contrast_ratio; a66_broken_links; footer_completeness_B6; notice_evidence; a51_quick_links
704,107,17.0,3003,University of Bologna,Eastern & Southern Europe,Italy,1,44.32196394846247,-0.35665176622891503,46.38953578510133,704,0,65.25018800966826,,False,1.327766958632619,a34_department_links; a46_admissions_policy; notice_evidence; a72_alt_text_pct; a40_career_link
705,78,,4194,University of the Philippines Diliman,Asia (East & Southeast),Philippines,0,44.191189160832074,-0.36871245486511806,44.921383638769875,732,27,65.70663651655175,,False,1.4892330822141893,a34_department_links; notice_evidence; a46_admissions_policy; a66_broken_links; a72_alt_text_pct
706,79,22.0,4064,Keio University,Asia (East & Southeast),Japan,1,44.15374705584468,-0.3721655483728154,43.24579218796355,760,54,62.19518356580554,,False,1.2580188185596586,a03_nav_item_count; a46_admissions_policy; event_evidence; a40_career_link; a27_event_datetime
707,144,125.0,1072,University of Alabama,North America,United States,1,44.08398692953145,-0.37859916740543875,43.601276902967385,753,46,70.01447004393877,,False,1.2038606991512655,a38_scholarship; notice_evidence; a46_admissions_policy; event_evidence; a72_alt_text_pct
708,145,126.0,1011,Johns Hopkins University,North America,United States,1,44.04590705398127,-0.3821110792245124,45.768060189917435,716,8,70.91268689143985,,False,2.2388645715393176,a53_contrast_ratio; footer_completeness_B6; a46_admissions_policy; a72_alt_text_pct; a51_quick_links
709,65,17.0,6108,Stellenbosch University,Latin America & Africa,South Africa,1,44.03557492733142,-0.383063958328593,46.17978115560074,709,0,71.34872800592208,,False,1.125327505128385,a38_scholarship; notice_evidence; a46_admissions_policy; a27_event_datetime; a53_contrast_ratio
710,80,,4214,Universiti Brunei Darussalam,Asia (East & Southeast),Other SE/E Asia,0,43.99060960653872,-0.3872108794846851,40.89203071709069,801,91,45.0,,False,1.6162627905601221,a03_nav_item_count; a66_broken_links; a53_contrast_ratio; a40_career_link; event_evidence
711,169,,5328,Uva Wellassa University,South & Central Asia + Oceania,Sri Lanka,0,43.96842426281773,-0.3892569200690687,46.58913695475808,700,-11,45.0,,False,1.3665601479800424,a03_nav_item_count; notice_evidence; a46_admissions_policy; a72_alt_text_pct; a15_stat_item_count
712,81,,4156,Universiti Utara Malaysia,Asia (East & Southeast),Malaysia,0,43.93312497793496,-0.39251239225729345,44.474304637510016,738,26,67.79031815233382,,False,1.3659876600523289,a43_contact_link; notice_evidence; a46_admissions_policy; event_evidence; a40_career_link
713,108,,3182,University of Nis,Eastern & Southern Europe,Balkans,0,43.90990738116743,-0.3946536322513927,52.38338239751774,597,-116,58.73504380847919,,False,1.3666748637122288,a22_admission_notice; a39_library_link; content_completeness_B5; footer_completeness_B6; event_evidence
714,146,127.0,1053,University of Pittsburgh,North America,United States,1,43.8668597180927,-0.3986236976613088,45.46334735974189,721,7,66.2365132299083,,False,1.113189971306554,a39_library_link; notice_evidence; a46_admissions_policy; event_evidence; a27_event_datetime
715,170,18.0,5078,GIK Institute of Engineering Sciences and Technology,South & Central Asia + Oceania,Pakistan,1,43.84797087263867,-0.4003657191001986,45.270624613063696,726,11,45.0,,False,1.671849972286927,a03_nav_item_count; a66_broken_links; a53_contrast_ratio; a40_career_link; a47_footer_contact
716,146,33.0,2010,University of Warwick,Western & Northern Europe,United Kingdom,1,43.84705480652361,-0.4004502031845093,43.405367255303716,758,42,72.52022984387996,,False,1.5904884181661227,a22_admission_notice; a03_nav_item_count; a38_scholarship; a46_admissions_policy; a40_career_link
717,109,,3179,University of Split,Eastern & Southern Europe,Balkans,0,43.835944547112206,-0.4014748454864115,41.86271692853958,783,66,61.65183144705802,,False,1.4012970746727662,a22_admission_notice; notice_evidence; a46_admissions_policy; event_evidence; a15_stat_item_count
718,147,128.0,1161,Santa Clara University,North America,United States,1,43.815124189298764,-0.40339500041407234,43.76484144993886,748,30,70.67098790699745,,False,1.28669987489201,a38_scholarship; a39_library_link; notice_evidence; a46_admissions_policy; event_evidence
719,147,,2189,University of Antwerp,Western & Northern Europe,Belgium/Ireland/Iceland,0,43.80764530568871,-0.4040847395312343,41.544302941076225,788,69,62.23466478223197,,False,1.0926849458930263,a38_scholarship; footer_completeness_B6; a46_admissions_policy; event_evidence; a51_quick_links
720,148,20.0,1189,University of Manitoba,North America,Canada,1,43.79049866778094,-0.40566608609436433,39.820778154232755,824,104,68.18077950494457,,False,1.5040039444658484,a43_contact_link; notice_evidence; a46_admissions_policy; event_evidence; a72_alt_text_pct
721,171,71.0,5041,Cochin University of Science and Technology,South & Central Asia + Oceania,India,1,43.73703732692377,-0.41059655165149156,44.38340778183342,741,20,45.0,,False,1.4469416192182407,a03_nav_item_count; footer_completeness_B6; a51_quick_links; a46_admissions_policy; a57_logo_prominence
722,82,4.0,4049,Shanghai University,Asia (East & Southeast),China,1,43.695400225211905,-0.4144365282139464,42.730887513267874,769,47,57.0226242591454,,False,1.1441811120676986,notice_evidence; a39_library_link; a46_admissions_policy; a66_broken_links; a50_social_links
723,148,,2162,University College of Northern Denmark,Western & Northern Europe,Denmark,0,43.668365742630705,-0.41692978003075865,47.42091067854492,682,-41,58.94630344720963,,False,2.1617981038912433,a34_department_links; content_completeness_B5; a38_scholarship; a46_admissions_policy; a40_career_link
724,149,,2135,Mid Sweden University,Western & Northern Europe,Sweden,0,43.66378579615874,-0.41735216502843014,44.43549581492781,739,15,63.992603313099735,-0.2172920867373491,True,1.2794135947363527,a34_department_links; a46_admissions_policy; footer_completeness_B6; event_evidence; a51_quick_links
725,149,129.0,1021,"University of California, Santa Barbara",North America,United States,1,43.60045652660123,-0.42319269909108226,46.858816078786816,693,-32,66.93933241005814,,False,1.0587190919543878,a38_scholarship; notice_evidence; a46_admissions_policy; a27_event_datetime; a72_alt_text_pct
726,150,130.0,1031,University of North Carolina at Chapel Hill,North America,United States,1,43.5493560555872,-0.4279054337185354,48.7438925486018,657,-69,71.8664460021411,,False,1.5596079718960696,a53_contrast_ratio; a38_scholarship; footer_completeness_B6; a46_admissions_policy; a51_quick_links
727,110,16.0,3082,Wroclaw University of Science and Technology,Eastern & Southern Europe,Poland,1,43.425617768481565,-0.43931718196297564,46.03484975057653,713,-14,67.06203252312488,,False,2.359798306561353,content_completeness_B5; a37_programs_listing; a38_scholarship; a46_admissions_policy; event_evidence
728,111,,3164,Vinnytsia National Technical University,Eastern & Southern Europe,Ukraine,0,43.38176808174194,-0.44336121390632227,41.57039538400848,787,59,66.29402200298121,,False,0.9850584234498875,a38_scholarship; a46_admissions_policy; notice_evidence; a51_quick_links; content_completeness_B5
729,83,23.0,4075,Niigata University,Asia (East & Southeast),Japan,1,43.22193216086348,-0.45810206196676145,47.130379619372675,688,-41,59.82690449360581,,False,1.8741455676539613,a22_admission_notice; a38_scholarship; a39_library_link; content_completeness_B5; a46_admissions_policy
730,84,24.0,4091,Doshisha University,Asia (East & Southeast),Japan,1,43.186311151301524,-0.4613872051737855,47.41657341921729,683,-47,67.724733173832,,False,1.096592478977377,a03_nav_item_count; notice_evidence; a46_admissions_policy; a72_alt_text_pct; a15_stat_item_count
731,151,131.0,1002,Massachusetts Institute of Technology,North America,United States,1,43.16326895796651,-0.4635122686079866,45.37151298157849,724,-7,58.50060919901115,,False,2.059752754879252,a34_department_links; a37_programs_listing; content_completeness_B5; a39_library_link; a46_admissions_policy
732,150,34.0,2023,University of Exeter,Western & Northern Europe,United Kingdom,1,43.08868181779139,-0.47039105839780077,44.11900642419243,744,12,68.34821179970551,0.1120088533132559,True,1.3058964756006874,a22_admission_notice; notice_evidence; a46_admissions_policy; event_evidence; a15_stat_item_count
733,151,,2308,University of Namur,Western & Northern Europe,Belgium/Ireland/Iceland,0,43.00742111701666,-0.4778853164896092,44.57878332801142,736,3,72.78790221838504,-0.9375185618363956,True,1.943538032724372,a22_admission_notice; a38_scholarship; footer_completeness_B6; a53_contrast_ratio; a46_admissions_policy
734,66,,6134,University of Nigeria Nsukka,Latin America & Africa,Sub-Saharan Africa,0,42.88570622943446,-0.4891104569629263,47.07544919343228,690,-44,45.0,,False,1.3863719483984254,a03_nav_item_count; a53_contrast_ratio; a46_admissions_policy; a51_quick_links; a72_alt_text_pct
735,85,25.0,4081,Shinshu University,Asia (East & Southeast),Japan,1,42.73093847703432,-0.5033838938114624,47.292554502269006,685,-50,60.31726531090548,,False,1.1583268616002786,notice_evidence; a39_library_link; a46_admissions_policy; event_evidence; a72_alt_text_pct
736,172,21.0,5097,University of Rajshahi,South & Central Asia + Oceania,Bangladesh,1,42.40665724895953,-0.5332906900161668,48.5716742314747,659,-77,57.41459883110231,,False,1.5296436816416037,a34_department_links; a38_scholarship; notice_evidence; a46_admissions_policy; content_completeness_B5
737,112,17.0,3079,AGH University of Krakow,Eastern & Southern Europe,Poland,1,42.242951507046925,-0.5483884318434893,44.734524193117785,734,-3,61.38077261178204,,False,1.4363068033957755,a38_scholarship; a03_nav_item_count; content_completeness_B5; a46_admissions_policy; a51_quick_links
738,86,,4310,National University of Laos,Asia (East & Southeast),Other SE/E Asia,0,42.15659599977652,-0.5563525578350631,45.607004012421974,720,-18,54.09524688306633,,False,1.4644228240860413,a43_contact_link; notice_evidence; a46_admissions_policy; content_completeness_B5; a66_broken_links
739,152,132.0,1152,Oberlin College,North America,United States,1,42.155132415106934,-0.5564875367504367,45.65965620327061,718,-21,65.31660901780114,,False,0.8659783902181024,notice_evidence; a46_admissions_policy; footer_completeness_B6; event_evidence; a51_quick_links
740,87,,4159,Multimedia University,Asia (East & Southeast),Malaysia,0,42.13062280735811,-0.5587479322977001,45.37431272733656,723,-17,45.0,,False,1.2792250995922332,a03_nav_item_count; notice_evidence; a72_alt_text_pct; a15_stat_item_count; event_evidence
741,113,18.0,3008,University of Pisa,Eastern & Southern Europe,Italy,1,42.102263219702515,-0.5613633917663239,43.58157377809259,754,13,59.11995150520225,,False,1.0664502119281276,notice_evidence; a46_admissions_policy; footer_completeness_B6; a51_quick_links; event_evidence
742,88,,4151,Universiti Kebangsaan Malaysia,Asia (East & Southeast),Malaysia,0,42.0975289850468,-0.5618000059726854,46.507012404511535,701,-41,56.83594807432043,,False,1.1765152526573597,a03_nav_item_count; a46_admissions_policy; notice_evidence; footer_completeness_B6; a51_quick_links
743,153,133.0,1134,Vassar College,North America,United States,1,42.08735969460401,-0.562737867527684,40.58429798356517,810,67,66.91791590807539,,False,1.4181661222253674,a43_contact_link; notice_evidence; a46_admissions_policy; content_completeness_B5; a53_contrast_ratio
744,114,,3139,University of West Bohemia,Eastern & Southern Europe,Czechia,0,42.026965321072474,-0.5683077311668516,44.97000723967215,730,-14,63.66273922919584,-0.1152620349213792,True,1.4180497091815845,a38_scholarship; notice_evidence; a53_contrast_ratio; content_completeness_B5; a46_admissions_policy
745,152,25.0,2070,University of Duisburg-Essen,Western & Northern Europe,Germany,1,42.00515915225531,-0.5703188023925648,41.13245073769801,797,52,62.50556944250295,-1.1352390002719317,True,1.6158380679195938,a34_department_links; a38_scholarship; content_completeness_B5; a39_library_link; a46_admissions_policy
746,154,134.0,1028,University of Illinois Urbana-Champaign,North America,United States,1,41.89242868684378,-0.5807153556409277,43.680556321376386,750,4,68.60934422044997,,False,0.9784445740959138,a38_scholarship; notice_evidence; a46_admissions_policy; event_evidence; a27_event_datetime
747,155,135.0,1140,Bowdoin College,North America,United States,1,41.887164421929825,-0.5812008518223871,44.65830488929809,735,-12,63.55105334295784,,False,1.4892841662022207,a34_department_links; notice_evidence; a46_admissions_policy; event_evidence; a39_library_link
748,156,21.0,1175,Queen's University,North America,Canada,1,41.82165578949389,-0.5872423773573113,42.41405277877868,776,28,66.5563060946255,,False,1.1220474081019096,a38_scholarship; notice_evidence; a46_admissions_policy; event_evidence; a15_stat_item_count
749,115,,3200,Tallinn University of Technology,Eastern & Southern Europe,Baltics,0,41.75850970971781,-0.5930660167649966,42.7491727825693,768,19,50.2432996791838,-0.4044093278479564,True,2.290026568587762,content_completeness_B5; a34_department_links; a38_scholarship; a43_contact_link; a46_admissions_policy
750,116,,3152,Bucharest University of Economic Studies,Eastern & Southern Europe,Romania,0,41.74221535195272,-0.5945687618972404,45.691918669219085,717,-33,65.48642481155818,,False,1.3325844864057614,a22_admission_notice; notice_evidence; a46_admissions_policy; event_evidence; a72_alt_text_pct
751,173,72.0,5306,IIIT Delhi,South & Central Asia + Oceania,India,1,41.64441299129821,-0.6035885725282736,42.99650851554409,765,14,45.0,-0.5923407245702916,True,1.3540593888952994,a03_nav_item_count; a53_contrast_ratio; a46_admissions_policy; notice_evidence; a47_footer_contact
752,117,,3169,University of Debrecen,Eastern & Southern Europe,Hungary,0,41.597586630113675,-0.6079071279046295,40.81443061491465,804,52,66.05895913080099,,False,1.2661329256718892,a38_scholarship; notice_evidence; a46_admissions_policy; footer_completeness_B6; a51_quick_links
753,89,11.0,4102,Hanyang University,Asia (East & Southeast),South Korea,1,41.58024455037355,-0.6095064990666077,48.142993253737345,667,-86,66.53277897432042,,False,1.217918562617007,a03_nav_item_count; a46_admissions_policy; notice_evidence; footer_completeness_B6; event_evidence
754,174,34.0,5125,Griffith University,South & Central Asia + Oceania,Australia,1,41.57471461971015,-0.6100164962389945,38.68481335877578,851,97,45.0,,False,1.6101771925233377,a03_nav_item_count; a22_admission_notice; a46_admissions_policy; a57_logo_prominence; a47_footer_contact
755,90,5.0,4021,Southeast University,Asia (East & Southeast),China,1,41.54760147699659,-0.6125170024767979,40.7610548865138,806,51,45.0,,False,1.5034054261078216,a03_nav_item_count; footer_completeness_B6; a46_admissions_policy; a51_quick_links; event_evidence
756,157,136.0,1061,Case Western Reserve University,North America,United States,1,41.488434890146145,-0.6179736336409556,43.664177349451194,751,-5,45.0,,False,1.2804611612942443,a03_nav_item_count; a46_admissions_policy; notice_evidence; a72_alt_text_pct; a40_career_link
757,118,16.0,3046,Polytechnic University of Catalonia,Eastern & Southern Europe,Spain,1,41.41125374369102,-0.6250916553395368,38.809393387143594,845,88,69.0095222322166,,False,1.1338604980789537,a39_library_link; a46_admissions_policy; notice_evidence; event_evidence; a72_alt_text_pct
758,91,,4183,Kasetsart University,Asia (East & Southeast),Thailand,0,41.25369826154589,-0.63962219021947,41.814779352015684,785,27,65.6283754607673,,False,1.492336258960876,a38_scholarship; a03_nav_item_count; a39_library_link; content_completeness_B5; event_evidence
759,158,137.0,1142,Colby College,North America,United States,1,41.1510182328707,-0.6490918431812317,46.882323988287176,692,-67,66.8327294288734,,False,1.4765262049281511,a34_department_links; notice_evidence; a46_admissions_policy; a66_broken_links; a57_logo_prominence
760,67,,6339,Mekelle University,Latin America & Africa,Sub-Saharan Africa,0,41.126086737683835,-0.6513911472453573,42.03537718818788,780,20,53.90977953514406,-0.3489977924014574,True,1.8276100273342695,a34_department_links; a22_admission_notice; a38_scholarship; content_completeness_B5; a46_admissions_policy
761,159,22.0,1403,Brock University,North America,Canada,1,41.04423409699378,-0.6589399969227424,41.078070744256735,799,38,75.19429698626793,,False,2.653125189049739,a53_contrast_ratio; a03_nav_item_count; footer_completeness_B6; a40_career_link; a51_quick_links
762,160,138.0,1115,Rensselaer Polytechnic Institute,North America,United States,1,40.98045995590412,-0.6648215592074971,43.96866891999743,746,-16,63.41863589795797,,False,1.2796570475754498,a38_scholarship; notice_evidence; content_completeness_B5; a46_admissions_policy; event_evidence
763,92,6.0,4018,Shandong University,Asia (East & Southeast),China,1,40.945771567966,-0.6680206915004581,43.41272116536653,757,-6,45.0,0.1913056616358626,True,1.4399230134722802,a03_nav_item_count; a38_scholarship; footer_completeness_B6; a46_admissions_policy; a51_quick_links
764,68,,6120,Alexandria University,Latin America & Africa,Egypt & North Africa,0,40.940594513046086,-0.6684981447509886,41.454831267119616,790,26,57.85930226266946,,False,1.8476419155627382,a34_department_links; a22_admission_notice; notice_evidence; a46_admissions_policy; a66_broken_links
765,93,7.0,4004,Shanghai Jiao Tong University,Asia (East & Southeast),China,1,40.88330850340112,-0.6737813399146553,41.63649586066737,786,21,45.0,-0.4669582273715116,True,1.4523141072227732,a03_nav_item_count; a39_library_link; a46_admissions_policy; a40_career_link; a72_alt_text_pct
766,119,,3127,Panteion University,Eastern & Southern Europe,Greece,0,40.80080426053304,-0.6813902835224246,46.177576558615726,710,-56,63.67342065680966,,False,1.3572008678243095,a38_scholarship; notice_evidence; content_completeness_B5; a46_admissions_policy; footer_completeness_B6
767,94,8.0,4301,Central China Normal University,Asia (East & Southeast),China,1,40.71451313308366,-0.6893484720929556,40.75170491799216,807,40,44.90104006169268,,False,1.3676929951039294,a03_nav_item_count; notice_evidence; footer_completeness_B6; event_evidence; a51_quick_links
768,153,21.0,2081,Aix-Marseille University,Western & Northern Europe,France,1,40.67002979933905,-0.6934509420530706,44.51108702474522,737,-31,62.28748728044563,,False,1.676479463605344,a22_admission_notice; a38_scholarship; a39_library_link; event_evidence; a46_admissions_policy
769,69,3.0,6043,Monterrey Institute of Technology,Latin America & Africa,Mexico,1,40.65936076967598,-0.6944348919959334,42.4160965571032,775,6,64.63719075910737,-0.938456733516708,True,1.3751291181890615,notice_evidence; a39_library_link; event_evidence; a46_admissions_policy; content_completeness_B5
770,70,3.0,6506,University of Caxias do Sul,Latin America & Africa,Brazil,1,40.63560488017159,-0.6966257759712003,38.75969114494483,847,77,59.40062400098164,,False,1.3420726846858175,a43_contact_link; notice_evidence; a46_admissions_policy; event_evidence; a72_alt_text_pct
771,95,,4153,Universiti Sains Malaysia,Asia (East & Southeast),Malaysia,0,40.486709500066404,-0.7103576340101764,42.76795438973271,767,-4,59.866882501028215,-0.7056269046814015,True,1.68743834305287,a38_scholarship; a39_library_link; content_completeness_B5; a53_contrast_ratio; event_evidence
772,161,139.0,1079,University of Nebraska-Lincoln,North America,United States,1,40.48607844444927,-0.7104158330365202,43.35898915227034,759,-13,70.90654419219166,,False,1.20659716429736,a38_scholarship; notice_evidence; a46_admissions_policy; footer_completeness_B6; a51_quick_links
773,162,140.0,1026,University of Washington,North America,United States,1,40.45122996544057,-0.7136297297086919,42.53711269589133,771,-2,61.04997706933714,,False,1.4649486224831536,a37_programs_listing; notice_evidence; a46_admissions_policy; footer_completeness_B6; a72_alt_text_pct
774,163,141.0,1131,Hamilton College,North America,United States,1,40.37538525614191,-0.720624498655591,38.14582864720542,862,88,70.99017439266638,,False,2.234349282489913,a53_contrast_ratio; a46_admissions_policy; notice_evidence; a72_alt_text_pct; a57_logo_prominence
775,96,9.0,4016,Tianjin University,Asia (East & Southeast),China,1,40.22933386012765,-0.7340940706130633,42.37001005249518,777,2,45.0,,False,1.6444207253001943,a03_nav_item_count; a66_broken_links; footer_completeness_B6; a46_admissions_policy; a51_quick_links
776,120,,3312,University of West Attica,Eastern & Southern Europe,Greece,0,40.143847539545305,-0.7419780359696908,39.36667871170344,836,60,66.30297466644977,,False,1.5803339717670588,a22_admission_notice; a38_scholarship; notice_evidence; a46_admissions_policy; a72_alt_text_pct
777,164,142.0,1001,Harvard University,North America,United States,1,40.10331646193968,-0.7457160095955622,46.44764172003279,702,-75,66.83598354766373,,False,1.0725967568217092,a03_nav_item_count; a46_admissions_policy; notice_evidence; event_evidence; a15_stat_item_count
778,154,26.0,2051,University of Goettingen,Western & Northern Europe,Germany,1,40.014666907980995,-0.753891703759606,47.873250367575515,673,-105,69.08639521391737,,False,2.15542988568999,a34_department_links; a22_admission_notice; a53_contrast_ratio; content_completeness_B5; a46_admissions_policy
779,97,,4150,University of Malaya,Asia (East & Southeast),Malaysia,0,39.998626142632226,-0.7553710613625767,39.79578864300302,825,46,45.0,,False,1.6458849367856958,a03_nav_item_count; a53_contrast_ratio; a39_library_link; a66_broken_links; a40_career_link
780,165,143.0,1082,Arizona State University,North America,United States,1,39.96313096203839,-0.758644600008558,41.090783839047845,798,18,67.43485417671067,,False,1.3192884740272146,a38_scholarship; a39_library_link; notice_evidence; a46_admissions_policy; event_evidence
781,121,19.0,3030,University of Calabria,Eastern & Southern Europe,Italy,1,39.917535856050925,-0.7628496030264466,40.811796697222924,805,24,57.63733324352104,-0.7359137163774372,True,2.0809254083302404,content_completeness_B5; a34_department_links; a38_scholarship; event_evidence; a46_admissions_policy
782,98,,4149,Singapore University of Technology and Design,Asia (East & Southeast),Singapore,0,39.882952444494215,-0.7660390538855981,40.197482246475715,816,34,45.0,,False,1.8223317265788184,a03_nav_item_count; a34_department_links; a46_admissions_policy; event_evidence; a40_career_link
783,99,,4191,Silpakorn University,Asia (East & Southeast),Thailand,0,39.857861183356256,-0.76835309234483,37.273277762819106,884,101,61.43774160915109,,False,1.6397784977858612,a43_contact_link; notice_evidence; event_evidence; a46_admissions_policy; content_completeness_B5
784,100,26.0,4089,Toyohashi University of Technology,Asia (East & Southeast),Japan,1,39.85777316721655,-0.7683612096224426,42.54754572133714,770,-14,63.177104818841975,,False,1.2559139175448686,a39_library_link; notice_evidence; a46_admissions_policy; content_completeness_B5; a72_alt_text_pct
785,122,18.0,3086,University of Silesia in Katowice,Eastern & Southern Europe,Poland,1,39.849474730276,-0.7691265319442805,43.14942044964329,763,-22,45.0,,False,1.2081703622335453,a03_nav_item_count; a38_scholarship; a46_admissions_policy; content_completeness_B5; event_evidence
786,166,144.0,1160,University of San Diego,North America,United States,1,39.82196630250211,-0.7716634932979477,43.822878524908866,747,-39,66.09316462164895,,False,1.459619047572506,a43_contact_link; notice_evidence; a46_admissions_policy; a51_quick_links; footer_completeness_B6
787,167,145.0,1191,Universidad de las Americas Puebla,North America,United States,1,39.774711520662066,-0.776021559716341,42.48323849373033,772,-15,70.37157028998827,-1.1308843748771245,True,2.713632789492741,a53_contrast_ratio; a66_broken_links; notice_evidence; a70_favicon; a15_stat_item_count
788,71,,6137,Covenant University,Latin America & Africa,Sub-Saharan Africa,0,39.64544771945156,-0.7879428978166039,47.88104228142792,672,-116,45.0,,False,1.3871996885018167,a03_nav_item_count; a46_admissions_policy; footer_completeness_B6; a51_quick_links; a72_alt_text_pct
789,123,,3106,University of Minho,Eastern & Southern Europe,Portugal,0,39.577720581992516,-0.7941890247032595,39.29888796128352,838,49,59.3276328528019,-1.2730369409155775,True,1.4368438981359393,a22_admission_notice; notice_evidence; a46_admissions_policy; footer_completeness_B6; a72_alt_text_pct
790,175,73.0,5408,NIT Jalandhar,South & Central Asia + Oceania,India,1,39.47176390465892,-0.8039608661828181,39.69770563916268,827,37,45.0,,False,1.534479471556315,a03_nav_item_count; a66_broken_links; a46_admissions_policy; a51_quick_links; footer_completeness_B6
791,101,27.0,4306,Yamagata University,Asia (East & Southeast),Japan,1,39.46301263170585,-0.8047679512499777,39.53766558627081,831,40,61.4607901399653,-0.9640437961740284,True,1.4944617989512992,a38_scholarship; notice_evidence; a39_library_link; a46_admissions_policy; content_completeness_B5
792,124,,3187,University of Kragujevac,Eastern & Southern Europe,Balkans,0,39.4456918856445,-0.8063653549160653,39.745351618375764,826,34,43.34058346761469,,False,2.1231350712653123,content_completeness_B5; a03_nav_item_count; a34_department_links; a43_contact_link; event_evidence
793,125,,3195,Technical University of Kosice,Eastern & Southern Europe,Bulgaria & Slovakia,0,39.30562292341436,-0.8192831976567345,46.133691403106766,711,-82,58.91424076906772,,False,1.8974516042539318,content_completeness_B5; a38_scholarship; a43_contact_link; a46_admissions_policy; footer_completeness_B6
794,168,146.0,1096,University of Mississippi,North America,United States,1,39.261303109238376,-0.8233705870448297,39.37389413668657,835,41,67.03910947221434,-1.0513487344445898,True,1.6895501119085148,a43_contact_link; a38_scholarship; notice_evidence; a46_admissions_policy; a27_event_datetime
795,126,19.0,3085,University of Lodz,Eastern & Southern Europe,Poland,1,39.23930786903442,-0.8253990953558371,42.42044794093639,773,-22,45.0,,False,1.5065751454067204,a03_nav_item_count; a66_broken_links; notice_evidence; event_evidence; a26_event_captions
796,169,147.0,1050,University of Minnesota Twin Cities,North America,United States,1,39.220841243493844,-0.8271021776153603,40.08769778432522,817,21,68.92504515830227,-0.4298531039947019,True,1.4510861260275227,a34_department_links; notice_evidence; a46_admissions_policy; event_evidence; a57_logo_prominence
797,176,74.0,5411,IIIT Allahabad,South & Central Asia + Oceania,India,1,39.1156943030215,-0.8367993412129072,38.152434610665715,861,64,45.0,,False,1.482759882310059,a03_nav_item_count; footer_completeness_B6; a46_admissions_policy; a51_quick_links; a57_logo_prominence
798,177,,5160,University of Kelaniya,South & Central Asia + Oceania,Sri Lanka,0,39.062222629339246,-0.8417307597135507,40.841706626622404,803,5,50.235013277751705,,False,1.3957181138545047,a22_admission_notice; a38_scholarship; notice_evidence; a46_admissions_policy; content_completeness_B5
799,72,,6531,Copperbelt University,Latin America & Africa,Sub-Saharan Africa,0,39.01641930437163,-0.8459549657011648,39.68304636000366,828,29,67.40597200189251,,False,2.25209202487021,a53_contrast_ratio; a46_admissions_policy; notice_evidence; a72_alt_text_pct; event_evidence
800,127,,3116,National and Kapodistrian University of Athens,Eastern & Southern Europe,Greece,0,38.908766315360886,-0.8558832493156241,51.66528447859916,612,-188,45.0,,False,1.3739072627416797,a03_nav_item_count; a38_scholarship; content_completeness_B5; a72_alt_text_pct; a46_admissions_policy
801,73,,6143,Kenyatta University,Latin America & Africa,Sub-Saharan Africa,0,38.88350889486147,-0.8582126118014429,40.199575803117185,815,14,45.0,,False,1.5444644000204732,a03_nav_item_count; a38_scholarship; a53_contrast_ratio; a46_admissions_policy; a40_career_link
802,178,75.0,5314,MNNIT Allahabad,South & Central Asia + Oceania,India,1,38.844300822158935,-0.86182857146354,39.67920688617784,829,27,45.0,,False,1.5348028333011703,a03_nav_item_count; a38_scholarship; footer_completeness_B6; a46_admissions_policy; a51_quick_links
803,102,28.0,4080,Gifu University,Asia (East & Southeast),Japan,1,38.75101851820275,-0.8704315204238782,45.133171088524605,728,-75,61.7977465933209,,False,1.9393482700511053,a37_programs_listing; a38_scholarship; a39_library_link; content_completeness_B5; footer_completeness_B6
804,155,13.0,2112,Vrije Universiteit Amsterdam,Western & Northern Europe,Netherlands,1,38.70780560531038,-0.874416825977814,40.849321042302776,802,-2,45.0,-0.8359972928523762,True,1.4875059497693208,a03_nav_item_count; a38_scholarship; footer_completeness_B6; a46_admissions_policy; a51_quick_links
805,170,148.0,1016,University of Michigan,North America,United States,1,38.6664892246758,-0.8782272240785308,41.98600116702443,782,-23,61.74866606044488,-1.1246446273749815,True,1.6853371965491197,a22_admission_notice; a38_scholarship; notice_evidence; content_completeness_B5; a46_admissions_policy
806,156,,2161,UCL University College,Western & Northern Europe,Denmark,0,38.62713545952316,-0.8818566202088439,44.75048746810825,733,-73,56.44512502983285,,False,2.498493081619423,content_completeness_B5; a34_department_links; a38_scholarship; a46_admissions_policy; a72_alt_text_pct
807,128,,3149,Technical University of Cluj-Napoca,Eastern & Southern Europe,Romania,0,38.57758837193992,-0.8864260942412631,39.33154477414435,837,30,60.49390087146652,,False,1.7417255305730202,content_completeness_B5; a39_library_link; notice_evidence; a46_admissions_policy; a53_contrast_ratio
808,103,29.0,4065,Waseda University,Asia (East & Southeast),Japan,1,38.56733254913709,-0.8873719362324775,36.163214143163195,910,102,55.35657078395776,,False,2.9657990296009946,content_completeness_B5; a37_programs_listing; a34_department_links; a38_scholarship; a43_contact_link
809,157,,2150,Molde University College,Western & Northern Europe,Norway,0,38.50147444649644,-0.8934456916138656,43.2073235573297,761,-48,62.41255152236892,,False,1.8282353327150977,a34_department_links; a03_nav_item_count; content_completeness_B5; footer_completeness_B6; a46_admissions_policy
810,158,,2121,Karolinska Institute,Western & Northern Europe,Sweden,0,38.491477931838205,-0.8943676189434738,45.644692690280074,719,-91,62.83360646251155,,False,1.9145951573100985,a34_department_links; a03_nav_item_count; a38_scholarship; content_completeness_B5; a46_admissions_policy
811,129,17.0,3075,University of Almeria,Eastern & Southern Europe,Spain,1,38.44622698831125,-0.8985408816209519,41.15688498418447,796,-15,70.70149726290008,,False,1.353998892236996,a03_nav_item_count; footer_completeness_B6; notice_evidence; a26_event_captions; a40_career_link
812,159,,2160,University College Copenhagen,Western & Northern Europe,Denmark,0,38.40011417787094,-0.9027936298680582,43.75804220279461,749,-63,62.54769033592902,,False,2.271226504705539,content_completeness_B5; a34_department_links; a38_scholarship; event_evidence; a46_admissions_policy
813,130,20.0,3001,Sapienza University of Rome,Eastern & Southern Europe,Italy,1,38.37525743141153,-0.9050860402400277,38.49329336150134,855,42,54.70498898768161,,False,2.434122688017262,content_completeness_B5; a34_department_links; a22_admission_notice; a46_admissions_policy; a43_contact_link
814,104,10.0,4031,Hunan University,Asia (East & Southeast),China,1,38.3636396490292,-0.9061574887852348,44.3331235047668,742,-72,45.0,,False,1.5933871517118574,a03_nav_item_count; a39_library_link; footer_completeness_B6; a46_admissions_policy; a51_quick_links
815,74,4.0,6027,Federal University of Santa Maria,Latin America & Africa,Brazil,1,38.353364071226444,-0.9071051526788776,37.16983130560051,885,70,47.75767016708959,,False,2.6592327569944167,content_completeness_B5; a22_admission_notice; a34_department_links; a38_scholarship; a39_library_link
816,179,,5158,University of Peradeniya,South & Central Asia + Oceania,Sri Lanka,0,38.321420900391175,-0.9100511076636117,37.05906659177311,889,73,45.0,,False,1.9044924835924033,a03_nav_item_count; a34_department_links; a46_admissions_policy; a40_career_link; a57_logo_prominence
817,105,11.0,4010,Huazhong University of Science and Technology,Asia (East & Southeast),China,1,38.23722120505505,-0.9178164141658277,37.94056087372019,868,51,45.0,,False,1.6638114250519231,a03_nav_item_count; a66_broken_links; footer_completeness_B6; a51_quick_links; a26_event_captions
818,106,,4201,Polytechnic University of the Philippines,Asia (East & Southeast),Philippines,0,38.23663896131591,-0.9178701115227522,39.53579113708837,832,14,66.38432297844955,,False,2.8820558315718707,a53_contrast_ratio; a38_scholarship; event_evidence; a46_admissions_policy; a40_career_link
819,180,76.0,5407,NIT Hamirpur,South & Central Asia + Oceania,India,1,38.02332186172733,-0.9375432546838565,36.4792558852592,903,84,45.0,,False,1.810545433775255,a03_nav_item_count; a53_contrast_ratio; a39_library_link; footer_completeness_B6; a51_quick_links
820,160,,2145,OsloMet,Western & Northern Europe,Norway,0,37.93221142722027,-0.9459459032525133,40.693716531510056,808,-12,53.67647521153312,,False,1.6104755974085387,a34_department_links; notice_evidence; a46_admissions_policy; event_evidence; content_completeness_B5
821,171,149.0,1105,Marquette University,North America,United States,1,37.91369834353117,-0.947653270109045,40.07147650972806,818,-3,45.0,,False,1.462864621401251,a03_nav_item_count; event_evidence; a46_admissions_policy; notice_evidence; a27_event_datetime
822,181,19.0,5090,University of Engineering and Technology Taxila,South & Central Asia + Oceania,Pakistan,1,37.91103692635984,-0.9478987189789388,39.41704126615296,833,11,45.0,,False,1.7674586550255516,a03_nav_item_count; a53_contrast_ratio; a66_broken_links; footer_completeness_B6; notice_evidence
823,75,5.0,6308,Federal University of Rio Grande,Latin America & Africa,Brazil,1,37.90252854667893,-0.9486834032440751,40.26428265738097,814,-9,60.15257673962983,,False,1.5482959458051233,a34_department_links; notice_evidence; a46_admissions_policy; content_completeness_B5; a66_broken_links
824,131,,3313,Hellenic Mediterranean University,Eastern & Southern Europe,Greece,0,37.8993738023253,-0.9489743491524213,39.16235263007291,841,17,45.0,,False,1.5677245955275327,a03_nav_item_count; a53_contrast_ratio; a38_scholarship; a46_admissions_policy; a40_career_link
825,132,,3161,National University of Kyiv-Mohyla Academy,Eastern & Southern Europe,Ukraine,0,37.83943597435543,-0.9545021079335562,40.04925940950766,820,-5,55.55983625459785,,False,1.3433608286144845,a38_scholarship; notice_evidence; content_completeness_B5; a46_admissions_policy; event_evidence
826,133,,3198,Matej Bel University,Eastern & Southern Europe,Bulgaria & Slovakia,0,37.80320776014285,-0.9578432505144835,43.647250065111635,752,-74,61.43815007909812,,False,1.4174945127689997,a03_nav_item_count; a38_scholarship; notice_evidence; content_completeness_B5; a46_admissions_policy
827,161,,2129,Umea University,Western & Northern Europe,Sweden,0,37.79597714166152,-0.9585100934108141,38.39515927490463,856,29,63.25490305815077,,False,1.2683997003551157,a03_nav_item_count; a38_scholarship; a46_admissions_policy; notice_evidence; content_completeness_B5
828,107,12.0,4109,Kyungpook National University,Asia (East & Southeast),South Korea,1,37.705290386430256,-0.9668736682105914,41.99901243848426,781,-47,61.88761655343486,,False,1.7165235880873135,a43_contact_link; notice_evidence; a46_admissions_policy; a53_contrast_ratio; a51_quick_links
829,134,20.0,3089,Medical University of Warsaw,Eastern & Southern Europe,Poland,1,37.69350952695187,-0.9679601565208403,34.710278027418866,927,98,66.06098369736371,,False,1.6831453704910377,a34_department_links; a43_contact_link; a38_scholarship; notice_evidence; a46_admissions_policy
830,135,21.0,3097,Cardinal Stefan Wyszynski University,Eastern & Southern Europe,Poland,1,37.685134392445896,-0.9687325522661762,41.17170839770953,795,-35,57.76978097418889,,False,1.457192312453448,a22_admission_notice; a03_nav_item_count; content_completeness_B5; notice_evidence; a46_admissions_policy
831,108,,4197,University of Santo Tomas,Asia (East & Southeast),Philippines,0,37.68361269669693,-0.9688728904686676,35.1988880406332,919,88,57.47966809211063,,False,2.093132676353436,content_completeness_B5; a34_department_links; a38_scholarship; a53_contrast_ratio; a39_library_link
832,162,,2153,Technical University of Denmark,Western & Northern Europe,Denmark,0,37.654857861317474,-0.9715248016098047,37.42341627309546,879,47,56.55989954214783,,False,1.6821610345840965,a22_admission_notice; a38_scholarship; notice_evidence; content_completeness_B5; a46_admissions_policy
833,76,,6082,Pontifical Catholic University of Chile,Latin America & Africa,Chile,0,37.64389717317347,-0.9725356497200464,38.74984601394528,848,15,45.0,,False,1.3873579601133443,a03_nav_item_count; a38_scholarship; notice_evidence; a46_admissions_policy; event_evidence
834,109,,4193,Burapha University,Asia (East & Southeast),Thailand,0,37.59611926472875,-0.9769419614249403,45.39274338579285,722,-112,60.69189012226078,,False,1.1741376233473968,a38_scholarship; notice_evidence; a46_admissions_policy; footer_completeness_B6; a51_quick_links
835,172,150.0,1087,Colorado State University,North America,United States,1,37.58308318332671,-0.9781442124220557,40.533947358057596,812,-23,45.0,,False,1.2722862889365585,a03_nav_item_count; notice_evidence; a46_admissions_policy; a57_logo_prominence; a27_event_datetime
836,136,18.0,3070,Jaume I University,Eastern & Southern Europe,Spain,1,37.5616732118199,-0.9801187443997592,36.89077504391042,894,58,45.0,,False,1.8239693256338185,a34_department_links; a03_nav_item_count; a38_scholarship; content_completeness_B5; a46_admissions_policy
837,110,13.0,4122,Gachon University,Asia (East & Southeast),South Korea,1,37.48354991078148,-0.9873236561884123,40.05087910974861,819,-18,53.6734123297453,,False,1.5118796999718227,a43_contact_link; notice_evidence; a39_library_link; a46_admissions_policy; event_evidence
838,173,151.0,1035,Rice University,North America,United States,1,37.3622502281098,-0.9985105044401417,38.52485332992774,852,14,66.35146431773869,,False,1.3976482534209904,a43_contact_link; notice_evidence; a46_admissions_policy; event_evidence; a72_alt_text_pct
839,77,4.0,6047,Autonomous University of Nuevo Leon,Latin America & Africa,Mexico,1,37.329113473676024,-1.0015665375248184,38.17606718301827,860,21,63.49005294817498,,False,1.5058943417539186,a38_scholarship; notice_evidence; a53_contrast_ratio; a46_admissions_policy; content_completeness_B5
840,78,,6130,Hassan II University of Casablanca,Latin America & Africa,Egypt & North Africa,0,37.14581462768882,-1.0184712509553242,41.849950345006114,784,-56,55.21449934910437,,False,1.5763347402995735,a34_department_links; content_completeness_B5; notice_evidence; a46_admissions_policy; event_evidence
841,137,,3197,University of Zilina,Eastern & Southern Europe,Bulgaria & Slovakia,0,37.09206149951948,-1.0234286265612746,43.99900377896335,745,-96,45.0,,False,1.564677783802809,a03_nav_item_count; a66_broken_links; footer_completeness_B6; a46_admissions_policy; a51_quick_links
842,79,,6076,University of Rosario,Latin America & Africa,Colombia,0,36.99113174868887,-1.0327368603650107,37.07788823088971,888,46,57.891130297951314,,False,2.381899066798575,content_completeness_B5; a22_admission_notice; a38_scholarship; a39_library_link; a66_broken_links
843,182,77.0,5029,Birla Institute of Technology and Science Pilani,South & Central Asia + Oceania,India,1,36.95323464094467,-1.0362319164457536,37.55603286653461,872,29,45.0,,False,1.5494164569085782,a03_nav_item_count; a66_broken_links; a46_admissions_policy; notice_evidence; event_evidence
844,174,152.0,1063,Northeastern University,North America,United States,1,36.90777116915696,-1.0404247795158288,40.5666318636666,811,-33,55.478270754402686,,False,1.5228695979423825,a43_contact_link; a38_scholarship; notice_evidence; a46_admissions_policy; content_completeness_B5
845,80,,6354,Multimedia University of Kenya,Latin America & Africa,Sub-Saharan Africa,0,36.83037437338181,-1.047562689446313,40.92913613186686,800,-45,45.0,,False,1.6550350147638597,a03_nav_item_count; a53_contrast_ratio; a66_broken_links; a46_admissions_policy; a27_event_datetime
846,111,,4211,University of Danang,Asia (East & Southeast),Vietnam,0,36.74262977758129,-1.055654923955999,39.2146232592093,840,-6,58.36920206868583,-0.9543459196999816,True,1.6284843262589437,a03_nav_item_count; a38_scholarship; a39_library_link; content_completeness_B5; footer_completeness_B6
847,183,78.0,5044,O.P. Jindal Global University,South & Central Asia + Oceania,India,1,36.70718100428278,-1.0589241826949,39.105544081358374,843,-4,45.0,,False,1.1900493937521464,a03_nav_item_count; notice_evidence; a46_admissions_policy; event_evidence; a40_career_link
848,112,14.0,4111,Sejong University,Asia (East & Southeast),South Korea,1,36.67290118172788,-1.0620856350958592,33.95517772652744,937,89,65.91824071220788,,False,1.400679922964917,a38_scholarship; a39_library_link; notice_evidence; content_completeness_B5; a46_admissions_policy
849,163,27.0,2054,University of Cologne,Western & Northern Europe,Germany,1,36.61997955785891,-1.0669663253204142,38.4972331401458,854,5,68.5549532496654,,False,2.533798473816338,content_completeness_B5; a34_department_links; a38_scholarship; a46_admissions_policy; a40_career_link
850,164,,2165,Design School Kolding,Western & Northern Europe,Denmark,0,36.58454176997457,-1.070234570930851,35.0474303893431,922,72,61.80011807343219,,False,1.977590445883029,a34_department_links; a22_admission_notice; a38_scholarship; content_completeness_B5; a39_library_link
851,81,,6121,Mansoura University,Latin America & Africa,Egypt & North Africa,0,36.49571927801298,-1.078426214280853,42.14532318852902,779,-72,45.0,,False,1.3401267648404052,a03_nav_item_count; a38_scholarship; content_completeness_B5; a46_admissions_policy; a72_alt_text_pct
852,138,22.0,3310,University of Zielona Gora,Eastern & Southern Europe,Poland,1,36.43852689948737,-1.0837007743261025,41.35859593632907,793,-59,49.50479420928785,,False,2.248365361055388,content_completeness_B5; a22_admission_notice; a38_scholarship; notice_evidence; a46_admissions_policy
853,113,15.0,4097,KAIST,Asia (East & Southeast),South Korea,1,36.3921853198589,-1.0879746207833298,40.015817480757114,821,-32,45.0,,False,1.4134295261178689,a03_nav_item_count; a46_admissions_policy; footer_completeness_B6; notice_evidence; a51_quick_links
854,114,16.0,4106,UNIST,Asia (East & Southeast),South Korea,1,36.30702153709657,-1.0958288401293448,36.431641426782164,905,51,56.61675675367907,,False,1.8776956231680821,content_completeness_B5; a34_department_links; event_evidence; a46_admissions_policy; a43_contact_link
855,165,,2128,Linkoping University,Western & Northern Europe,Sweden,0,36.258909571016986,-1.1002659602583527,38.17968707536976,859,4,67.67879683982196,,False,1.477374226472386,a34_department_links; a38_scholarship; a46_admissions_policy; footer_completeness_B6; a51_quick_links
856,166,,2170,University of Oulu,Western & Northern Europe,Finland,0,36.25804245620228,-1.100345929815034,44.43459178620365,740,-116,56.64835799685623,,False,1.8393079250802715,a37_programs_listing; a38_scholarship; content_completeness_B5; event_evidence; a46_admissions_policy
857,184,79.0,5024,University of Calcutta,South & Central Asia + Oceania,India,1,36.21198364114049,-1.104593698345026,39.95087444152878,822,-35,45.0,,False,1.3644789730121898,a03_nav_item_count; notice_evidence; a46_admissions_policy; content_completeness_B5; a72_alt_text_pct
858,115,12.0,4040,Wuhan University of Technology,Asia (East & Southeast),China,1,36.17683776743864,-1.107835022206039,36.77878164707797,895,37,49.91189785343026,-0.802661224116757,True,2.1446514951302142,content_completeness_B5; a37_programs_listing; a38_scholarship; notice_evidence; a66_broken_links
859,167,14.0,2115,Rotterdam University of Applied Sciences,Western & Northern Europe,Netherlands,1,36.15000708402907,-1.1103094786694203,39.57936323391513,830,-29,61.97359710708396,,False,1.287280071271804,a03_nav_item_count; a38_scholarship; footer_completeness_B6; a46_admissions_policy; a51_quick_links
860,116,,4158,Universiti Teknologi MARA,Asia (East & Southeast),Malaysia,0,36.14997403100686,-1.110312526980311,43.12891079288676,764,-96,45.0,,False,1.9057910879174913,a03_nav_item_count; a53_contrast_ratio; a38_scholarship; event_evidence; a72_alt_text_pct
861,168,15.0,2105,Erasmus University Rotterdam,Western & Northern Europe,Netherlands,1,36.08327273366009,-1.1164640458893225,35.00666741883568,924,63,62.76016671422947,-1.5845980447182673,True,1.722725160173573,a34_department_links; a38_scholarship; footer_completeness_B6; a46_admissions_policy; a66_broken_links
862,169,28.0,2053,University of Hamburg,Western & Northern Europe,Germany,1,36.079420225413585,-1.116819342986503,38.83317251016803,844,-18,73.06470247338898,-1.6115003854364756,True,2.142534745160538,a34_department_links; a53_contrast_ratio; a38_scholarship; content_completeness_B5; a46_admissions_policy
863,170,,2147,Inland Norway University of Applied Sciences,Western & Northern Europe,Norway,0,36.014044706498204,-1.1228485921434355,47.88898107091454,670,-193,61.68511994553273,,False,1.8515512719249299,a22_admission_notice; a03_nav_item_count; a38_scholarship; content_completeness_B5; footer_completeness_B6
864,117,,4126,National Yang Ming Chiao Tung University,Asia (East & Southeast),Taiwan,0,35.91962149494489,-1.1315567611659954,36.59878862089097,898,34,64.33926067560783,-1.6157148140073032,True,2.0084047151221203,a37_programs_listing; a38_scholarship; content_completeness_B5; event_evidence; a72_alt_text_pct
865,185,80.0,5304,Delhi Technological University,South & Central Asia + Oceania,India,1,35.87932370651136,-1.1352732197267852,36.90058090524681,893,28,45.0,,False,1.8144453130749856,a03_nav_item_count; a53_contrast_ratio; a66_broken_links; footer_completeness_B6; a46_admissions_policy
866,175,153.0,1104,University of Dayton,North America,United States,1,35.72616834725201,-1.1493979538170702,36.738770875398565,896,30,45.0,,False,1.2565020818683388,a03_nav_item_count; a38_scholarship; a46_admissions_policy; notice_evidence; event_evidence
867,171,16.0,2101,University of Amsterdam,Western & Northern Europe,Netherlands,1,35.66866904967664,-1.154700819433774,38.069403673316266,864,-3,58.43156482065812,,False,2.5815581719524916,a53_contrast_ratio; a38_scholarship; a46_admissions_policy; a40_career_link; a57_logo_prominence
868,176,154.0,1038,Emory University,North America,United States,1,35.618224696592314,-1.1593530436662027,35.19618466012901,920,52,62.48836665693595,,False,1.209885612194485,a38_scholarship; a39_library_link; a46_admissions_policy; notice_evidence; content_completeness_B5
869,177,155.0,1108,University of Illinois Chicago,North America,United States,1,35.6000601728225,-1.1610282646272319,37.80351479225629,870,1,66.08436119055207,,False,1.3799652471538995,a03_nav_item_count; notice_evidence; a46_admissions_policy; a15_stat_item_count; a72_alt_text_pct
870,178,156.0,1086,Washington State University,North America,United States,1,35.50213365156848,-1.1700595259542188,37.963944014979326,867,-3,65.06107388538562,-1.738469332386605,True,1.4745342830594095,a43_contact_link; notice_evidence; a46_admissions_policy; footer_completeness_B6; a51_quick_links
871,82,,6081,University of Chile,Latin America & Africa,Chile,0,35.47211549583456,-1.1728279466590041,37.73163919849115,871,0,56.48554775907625,,False,1.6889968584692054,a22_admission_notice; a38_scholarship; notice_evidence; content_completeness_B5; a46_admissions_policy
872,118,,4311,Universiti Malaysia Terengganu,Asia (East & Southeast),Malaysia,0,35.4441330768019,-1.1754086217979656,31.720646370569884,967,95,52.37443888792493,,False,1.5218589982217758,a34_department_links; a03_nav_item_count; a38_scholarship; content_completeness_B5; a39_library_link
873,172,29.0,2055,Goethe University Frankfurt,Western & Northern Europe,Germany,1,35.318504175537726,-1.186994731699652,37.41256543564165,880,7,69.38340012643835,,False,1.4881176934304732,a38_scholarship; a39_library_link; notice_evidence; content_completeness_B5; a46_admissions_policy
874,119,,4171,Diponegoro University,Asia (East & Southeast),Indonesia,0,35.31120402614617,-1.18766798707559,37.9908025987387,866,-8,64.43485612819227,-1.0359807401216787,True,1.399558676881896,a34_department_links; content_completeness_B5; a46_admissions_policy; a39_library_link; a72_alt_text_pct
875,173,,2175,University of Vaasa,Western & Northern Europe,Finland,0,35.16996371163211,-1.2006938576359616,40.44781264631806,813,-62,56.53078424507944,,False,2.859401696657633,content_completeness_B5; a34_department_links; a37_programs_listing; a38_scholarship; a46_admissions_policy
876,139,21.0,3301,University of L'Aquila,Eastern & Southern Europe,Italy,1,35.14175999136265,-1.2032949422541517,38.76092449515485,846,-30,45.0,,False,1.394335526021124,a03_nav_item_count; a46_admissions_policy; notice_evidence; a51_quick_links; event_evidence
877,120,13.0,4009,Sun Yat-sen University,Asia (East & Southeast),China,1,35.13670807943894,-1.2037608542073146,33.97848326003709,936,59,45.0,,False,1.6843391030125825,a03_nav_item_count; a43_contact_link; event_evidence; a46_admissions_policy; a40_career_link
878,83,,6153,Addis Ababa University,Latin America & Africa,Sub-Saharan Africa,0,35.12287263630172,-1.2050368262417217,36.92891805626286,892,14,60.50410177349878,,False,2.0287539364946214,a34_department_links; a03_nav_item_count; a38_scholarship; content_completeness_B5; a46_admissions_policy
879,174,35.0,2037,"Royal Holloway, University of London",Western & Northern Europe,United Kingdom,1,35.03204075259503,-1.21341378549722,35.89574217003538,912,33,65.79732592100467,,False,2.4628874155173337,a53_contrast_ratio; a22_admission_notice; notice_evidence; a46_admissions_policy; a15_stat_item_count
880,140,19.0,3064,University of Oviedo,Eastern & Southern Europe,Spain,1,35.01507945198831,-1.2149780393506524,39.24391560383907,839,-41,45.0,,False,1.648684733461436,a03_nav_item_count; a22_admission_notice; a39_library_link; a38_scholarship; footer_completeness_B6
881,186,20.0,5089,Riphah International University,South & Central Asia + Oceania,Pakistan,1,34.94809629865375,-1.2211555523933224,36.518990283436686,902,21,65.30376949004555,,False,1.4203011671692891,a38_scholarship; a39_library_link; notice_evidence; content_completeness_B5; a46_admissions_policy
882,179,157.0,1158,Harvey Mudd College,North America,United States,1,34.873118932851284,-1.2280703306934193,34.08415372108708,935,53,45.0,,False,1.445509525989492,a03_nav_item_count; a39_library_link; notice_evidence; a46_admissions_policy; a72_alt_text_pct
883,187,21.0,5074,University of Agriculture Faisalabad,South & Central Asia + Oceania,Pakistan,1,34.81316910998778,-1.233599195702137,41.415201187931224,791,-92,45.0,,False,1.7704485716003466,a03_nav_item_count; a43_contact_link; a53_contrast_ratio; a46_admissions_policy; a40_career_link
884,121,14.0,4005,Zhejiang University,Asia (East & Southeast),China,1,34.765266661205075,-1.2380169931243188,37.04686880267581,890,6,45.0,,False,1.3628123889036852,a03_nav_item_count; a39_library_link; a38_scholarship; a46_admissions_policy; content_completeness_B5
885,141,,3168,University of Szeged,Eastern & Southern Europe,Hungary,0,34.73385972381739,-1.2409134940455835,37.5332074486007,873,-12,45.0,,False,1.5445528441049925,a03_nav_item_count; footer_completeness_B6; event_evidence; a46_admissions_policy; a51_quick_links
886,122,17.0,4118,Dongguk University,Asia (East & Southeast),South Korea,1,34.72687742825828,-1.2415574353910845,37.50042515221002,874,-12,45.0,,False,1.7850608148436877,a03_nav_item_count; notice_evidence; a66_broken_links; a51_quick_links; a46_admissions_policy
887,175,36.0,2039,Heriot-Watt University,Western & Northern Europe,United Kingdom,1,34.653191375209865,-1.248353122531937,41.19040571468588,794,-93,56.86058362950064,,False,1.8244252157808658,a34_department_links; a22_admission_notice; content_completeness_B5; a46_admissions_policy; event_evidence
888,176,,2184,University of Innsbruck,Western & Northern Europe,Switzerland/Austria,0,34.54170644763284,-1.2586348062073593,31.39952894755541,972,84,65.25088318478097,,False,1.3830570429078135,a03_nav_item_count; a39_library_link; a38_scholarship; notice_evidence; a46_admissions_policy
889,177,17.0,2117,Fontys University of Applied Sciences,Western & Northern Europe,Netherlands,1,34.42399725583865,-1.2694905218814025,31.774727370764143,966,77,68.67630421694798,,False,1.6997141500693125,a34_department_links; a38_scholarship; notice_evidence; a53_contrast_ratio; content_completeness_B5
890,142,22.0,3018,University of Palermo,Eastern & Southern Europe,Italy,1,34.324757057818,-1.2786429368859293,35.75505793199512,913,23,55.86878836530349,,False,1.5193631338860227,a34_department_links; notice_evidence; content_completeness_B5; a46_admissions_policy; a39_library_link
891,180,158.0,1071,"University of Tennessee, Knoxville",North America,United States,1,34.32330785925551,-1.2787765890443528,37.33212310896546,882,-9,67.69333414654017,-1.2505479793165806,True,1.596942281059455,a34_department_links; notice_evidence; a46_admissions_policy; event_evidence; a53_contrast_ratio
892,143,,3108,ISCTE University Institute of Lisbon,Eastern & Southern Europe,Portugal,0,34.281611526189664,-1.2826220282111123,33.81865157638633,940,48,56.29802652224706,,False,1.578729104866456,a43_contact_link; notice_evidence; a46_admissions_policy; content_completeness_B5; a51_quick_links
893,84,,6322,University of Lima,Latin America & Africa,Peru & Andes,0,34.242184721392334,-1.2862581604136356,36.444824840904985,904,11,60.42210967962875,,False,1.5954969383094182,a43_contact_link; a03_nav_item_count; notice_evidence; a46_admissions_policy; event_evidence
894,123,15.0,4008,Wuhan University,Asia (East & Southeast),China,1,34.211203930615156,-1.2891153600163823,35.70778877457561,914,20,45.0,,False,1.7465925296317333,a03_nav_item_count; a37_programs_listing; a38_scholarship; content_completeness_B5; a46_admissions_policy
895,144,23.0,3098,Rzeszow University of Technology,Eastern & Southern Europe,Poland,1,34.18368282123786,-1.291653490929358,31.846171845176023,964,69,55.77302225369915,,False,1.6631951466515027,a22_admission_notice; a38_scholarship; notice_evidence; content_completeness_B5; a66_broken_links
896,124,,4129,National Central University,Asia (East & Southeast),Taiwan,0,34.18098027667893,-1.2919027327674928,36.99036883271175,891,-5,45.0,,False,1.2923142847138176,a03_nav_item_count; a39_library_link; a38_scholarship; a46_admissions_policy; a51_quick_links
897,85,,6138,University of Ilorin,Latin America & Africa,Sub-Saharan Africa,0,34.15218274518769,-1.2945585815522653,37.344517391373635,881,-16,68.54039257034587,,False,2.2895924806324444,a53_contrast_ratio; notice_evidence; a46_admissions_policy; a72_alt_text_pct; a40_career_link
898,178,,2142,University of Agder,Western & Northern Europe,Norway,0,34.14412958134113,-1.2953012835933053,47.46049158141122,680,-218,62.99910721894853,,False,1.850553163015316,a22_admission_notice; a03_nav_item_count; a38_scholarship; content_completeness_B5; a46_admissions_policy
899,125,16.0,4024,Jilin University,Asia (East & Southeast),China,1,34.05562123690849,-1.3034639547262528,36.285065327406734,909,10,42.57235976190477,,False,1.5586870312127332,a03_nav_item_count; a22_admission_notice; a38_scholarship; footer_completeness_B6; a46_admissions_policy
900,145,23.0,3023,University of Modena and Reggio Emilia,Eastern & Southern Europe,Italy,1,34.02337292189502,-1.3064380515951304,37.14378813331296,886,-14,64.97689450814605,,False,2.7905399737207315,a53_contrast_ratio; a38_scholarship; a43_contact_link; event_evidence; a46_admissions_policy
901,181,159.0,1025,University of Wisconsin-Madison,North America,United States,1,33.864147742441865,-1.3211225741030594,35.975422392905834,911,10,69.5110767883825,-1.5673923933432437,True,1.8058520906680906,a37_programs_listing; a38_scholarship; notice_evidence; a46_admissions_policy; a27_event_datetime
902,188,,5175,L.N. Gumilyov Eurasian National University,South & Central Asia + Oceania,Central Asia,0,33.769994530133886,-1.3298058424785673,36.730112899138454,897,-5,52.51021646571678,,False,2.780633813970053,content_completeness_B5; a37_programs_listing; a38_scholarship; a39_library_link; a46_admissions_policy
903,182,23.0,1150,Carleton College,North America,Canada,1,33.736183792707564,-1.3329240335614834,36.53024684356158,900,-3,45.0,-0.8714547670357483,True,1.291528324566553,a03_nav_item_count; a46_admissions_policy; notice_evidence; footer_completeness_B6; content_completeness_B5
904,126,17.0,4048,Guangxi University,Asia (East & Southeast),China,1,33.702147124091354,-1.3360630611204798,37.86980759802828,869,-35,45.0,,False,1.4573656984608225,a03_nav_item_count; footer_completeness_B6; a46_admissions_policy; a51_quick_links; event_evidence
905,146,,3191,Plovdiv University Paisii Hilendarski,Eastern & Southern Europe,Bulgaria & Slovakia,0,33.62268035553895,-1.343391874034668,34.52164575798105,928,23,52.49905454683053,,False,2.1404202350501436,content_completeness_B5; a43_contact_link; notice_evidence; a46_admissions_policy; footer_completeness_B6
906,127,18.0,4002,Peking University,Asia (East & Southeast),China,1,33.332472326477834,-1.3701562736689812,38.70212682395343,849,-57,45.0,,False,1.4421189145944755,a03_nav_item_count; a38_scholarship; footer_completeness_B6; a46_admissions_policy; a51_quick_links
907,86,,6089,University of La Frontera,Latin America & Africa,Chile,0,33.249848741605646,-1.377776223578338,37.42443393979062,877,-30,49.52981635161576,,False,2.0959649757682315,content_completeness_B5; a43_contact_link; a38_scholarship; notice_evidence; a39_library_link
908,183,160.0,1098,University of Arkansas,North America,United States,1,33.13428379506649,-1.3884341864985874,31.67301954116587,968,60,57.76199941937544,,False,1.8274860427839998,a34_department_links; a37_programs_listing; a03_nav_item_count; content_completeness_B5; notice_evidence
909,128,19.0,4025,Dalian University of Technology,Asia (East & Southeast),China,1,33.12973099121334,-1.3888540682715922,40.62945331281307,809,-100,45.0,,False,1.3646085181662064,a03_nav_item_count; a38_scholarship; footer_completeness_B6; a46_admissions_policy; a51_quick_links
910,179,,2138,Norwegian University of Science and Technology,Western & Northern Europe,Norway,0,33.07652915614029,-1.3937606009398325,38.049858584704424,865,-45,64.77184639356624,,False,1.3456757880510373,a03_nav_item_count; a38_scholarship; notice_evidence; a46_admissions_policy; footer_completeness_B6
911,180,22.0,2095,Paris-Est Creteil University,Western & Northern Europe,France,1,33.01088295785289,-1.3998148134684159,34.23480467805166,933,22,66.97625703437708,-1.5194861813738818,True,1.7062430202713605,a34_department_links; a38_scholarship; notice_evidence; a46_admissions_policy; event_evidence
912,129,,4138,University of Hong Kong,Asia (East & Southeast),Hong Kong,0,32.99160855299662,-1.4015923930755547,38.35557064647947,857,-55,45.0,,False,1.3645099106326528,a03_nav_item_count; a46_admissions_policy; notice_evidence; a53_contrast_ratio; a51_quick_links
913,181,,2194,University College Dublin,Western & Northern Europe,Belgium/Ireland/Iceland,0,32.89871120424105,-1.4101598395900636,32.8471793001396,948,35,58.31087338375668,,False,1.975883218641765,a22_admission_notice; a38_scholarship; a43_contact_link; notice_evidence; content_completeness_B5
914,87,18.0,6115,University of the Free State,Latin America & Africa,South Africa,1,32.78255235468169,-1.4208725751429938,36.523429627217965,901,-13,45.0,,False,1.3390777582966822,a03_nav_item_count; a46_admissions_policy; notice_evidence; event_evidence; a72_alt_text_pct
915,184,161.0,1149,Grinnell College,North America,United States,1,32.7400719301932,-1.4247903270443576,33.92372920234824,938,23,63.77222210675045,,False,1.7264099962339496,a34_department_links; notice_evidence; a43_contact_link; a46_admissions_policy; content_completeness_B5
916,130,20.0,4020,Xiamen University,Asia (East & Southeast),China,1,32.69036999361312,-1.4293740820063838,32.67680439662357,952,36,44.910555555555554,,False,1.7512953949596755,a03_nav_item_count; a43_contact_link; footer_completeness_B6; content_completeness_B5; a46_admissions_policy
917,182,18.0,2107,Wageningen University & Research,Western & Northern Europe,Netherlands,1,32.60471031443571,-1.4372740353380282,33.73203857949037,942,25,61.18614323766076,,False,1.6001867648080499,a34_department_links; a38_scholarship; notice_evidence; content_completeness_B5; a46_admissions_policy
918,147,,3118,National Technical University of Athens,Eastern & Southern Europe,Greece,0,32.53631511518237,-1.4435817741411452,36.59394663894468,899,-19,47.2016072136545,,False,2.0053443634977572,content_completeness_B5; a38_scholarship; notice_evidence; a46_admissions_policy; event_evidence
919,131,18.0,4099,Korea University,Asia (East & Southeast),South Korea,1,32.52395655705332,-1.4447215406380944,35.56632479200461,916,-3,40.308473345222026,,False,2.5836774589360996,content_completeness_B5; a22_admission_notice; a34_department_links; a38_scholarship; a43_contact_link
920,132,30.0,4087,Shizuoka University,Asia (East & Southeast),Japan,1,32.51623926346126,-1.4454332670863994,33.843085533631566,939,19,51.35536283241139,,False,1.8624609063253772,a37_programs_listing; a43_contact_link; notice_evidence; a46_admissions_policy; content_completeness_B5
921,189,,5161,University of Sri Jayewardenepura,South & Central Asia + Oceania,Sri Lanka,0,32.36644909665805,-1.4592476467180784,37.09456052648582,887,-34,45.0,,False,1.5554390090778714,a03_nav_item_count; a53_contrast_ratio; a38_scholarship; a46_admissions_policy; notice_evidence
922,148,,3155,Taras Shevchenko National University of Kyiv,Eastern & Southern Europe,Ukraine,0,32.33337727626048,-1.4622976912692875,41.39158641875891,792,-130,45.0,,False,1.6936620795283899,a03_nav_item_count; a43_contact_link; a38_scholarship; footer_completeness_B6; event_evidence
923,133,31.0,4086,Mie University,Asia (East & Southeast),Japan,1,32.31033687523964,-1.4644225894075353,39.14812978893173,842,-81,56.66274029362853,,False,2.158724310755254,content_completeness_B5; a37_programs_listing; a39_library_link; notice_evidence; a46_admissions_policy
924,149,20.0,3304,University of Burgos,Eastern & Southern Europe,Spain,1,32.30274425938272,-1.4651228174671174,34.864319902713426,926,2,50.33732966337581,,False,2.167086209365338,content_completeness_B5; a34_department_links; a22_admission_notice; a38_scholarship; notice_evidence
925,190,35.0,5120,Macquarie University,South & Central Asia + Oceania,Australia,1,32.25477480130392,-1.469546794813354,32.4858294236005,956,31,45.0,-1.4229791644709076,True,1.7668861841125962,a03_nav_item_count; a34_department_links; notice_evidence; content_completeness_B5; footer_completeness_B6
926,150,,3135,Palacky University Olomouc,Eastern & Southern Europe,Czechia,0,32.25423647621581,-1.469596441778112,37.307041336322214,883,-43,65.24579586240381,,False,1.3596538964614424,a38_scholarship; a03_nav_item_count; notice_evidence; a53_contrast_ratio; a46_admissions_policy
927,134,21.0,4304,Beijing Forestry University,Asia (East & Southeast),China,1,32.2459747552267,-1.4703583779758636,32.993850377495924,946,19,45.0,-1.67925881360397,True,1.53020154068765,a03_nav_item_count; a38_scholarship; a39_library_link; footer_completeness_B6; a46_admissions_policy
928,151,,3154,Gheorghe Asachi Technical University of Iasi,Eastern & Southern Europe,Romania,0,32.193573198579145,-1.4751911050651605,39.86024071724804,823,-105,45.0,,False,1.5876368316408356,a03_nav_item_count; a53_contrast_ratio; a46_admissions_policy; a40_career_link; a72_alt_text_pct
929,191,81.0,5317,Jamia Hamdard,South & Central Asia + Oceania,India,1,32.15561115213563,-1.4786921501094272,34.10654971231759,934,5,43.381265703160594,,False,1.444672957165246,a34_department_links; notice_evidence; content_completeness_B5; a46_admissions_policy; a66_broken_links
930,135,,4135,Chang Gung University,Asia (East & Southeast),Taiwan,0,32.08624679061288,-1.485089269783131,34.257569989578855,931,1,62.18883509045048,,False,1.7296905667931712,a34_department_links; a38_scholarship; notice_evidence; content_completeness_B5; a46_admissions_policy
931,185,162.0,1301,Montana State University,North America,United States,1,31.998307122658687,-1.4931994947980958,35.67666558947134,915,-16,45.0,,False,1.4946244357447116,a03_nav_item_count; notice_evidence; a46_admissions_policy; footer_completeness_B6; a15_stat_item_count
932,136,,4208,Duy Tan University,Asia (East & Southeast),Vietnam,0,31.997707328215604,-1.4932548107665233,35.07717387693965,921,-11,45.0,-1.2200965210037311,True,1.5911761539995442,a03_nav_item_count; a34_department_links; a38_scholarship; event_evidence; a39_library_link
933,183,37.0,2002,University of Cambridge,Western & Northern Europe,United Kingdom,1,31.9713533498611,-1.4956853031650827,37.48868053439059,875,-58,59.55363962949664,,False,1.1837920605916812,a38_scholarship; notice_evidence; a46_admissions_policy; footer_completeness_B6; a51_quick_links
934,88,6.0,6002,University of Campinas,Latin America & Africa,Brazil,1,31.9600190273366,-1.4967306096599151,38.24710918699384,858,-76,61.2763859593299,,False,2.379315710128248,content_completeness_B5; a38_scholarship; a43_contact_link; a53_contrast_ratio; a66_broken_links
935,186,24.0,1173,University of Waterloo,North America,Canada,1,31.937915152948253,-1.4987691367451585,32.76197699874357,950,15,60.3292967924256,,False,1.4393982426226535,a03_nav_item_count; a38_scholarship; a39_library_link; content_completeness_B5; notice_evidence
936,192,82.0,5048,All India Institute of Medical Sciences Delhi,South & Central Asia + Oceania,India,1,31.815474401156475,-1.5100612199555472,38.52033750985708,853,-83,45.0,,False,1.347055318544513,a03_nav_item_count; a38_scholarship; notice_evidence; a46_admissions_policy; footer_completeness_B6
937,137,22.0,4015,Nankai University,Asia (East & Southeast),China,1,31.78682612027467,-1.5127033041213003,33.281590555004655,945,8,45.0,,False,1.6158330648469645,a03_nav_item_count; footer_completeness_B6; a66_broken_links; a46_admissions_policy; a51_quick_links
938,138,,4187,King Mongkut's University of Technology Thonburi,Asia (East & Southeast),Thailand,0,31.630475620240965,-1.5271227096748439,32.833790850152795,949,11,45.0,,False,1.3640805275212227,a03_nav_item_count; notice_evidence; a46_admissions_policy; a15_stat_item_count; content_completeness_B5
939,152,24.0,3017,University of Catania,Eastern & Southern Europe,Italy,1,31.599067070297096,-1.5300193593139029,33.80969020557161,941,2,61.02811113949474,,False,1.6965841578116476,a34_department_links; content_completeness_B5; a46_admissions_policy; notice_evidence; event_evidence
940,89,19.0,6113,North-West University,Latin America & Africa,South Africa,1,31.52004061931189,-1.5373075639948433,36.31007180711394,908,-32,66.55617920031777,,False,1.6697544906531445,a22_admission_notice; a38_scholarship; notice_evidence; a46_admissions_policy; a72_alt_text_pct
941,139,23.0,4019,Central South University,Asia (East & Southeast),China,1,31.34605877851038,-1.5533530177729142,34.25144601564986,932,-9,45.0,,False,1.5241074894890727,a03_nav_item_count; notice_evidence; footer_completeness_B6; a46_admissions_policy; a51_quick_links
942,153,24.0,3100,Kazimierz Wielki University,Eastern & Southern Europe,Poland,1,31.346015201049337,-1.5533570366988758,35.50121174729769,917,-25,50.597722180384366,,False,2.3124923757091302,content_completeness_B5; a34_department_links; a22_admission_notice; event_evidence; a39_library_link
943,154,,3314,University of Zagreb Faculty,Eastern & Southern Europe,Balkans,0,31.276398524179584,-1.559777426124293,30.452835389211657,978,35,55.16516630773739,-1.8625031939913037,True,2.0046291305880732,content_completeness_B5; a34_department_links; a38_scholarship; a39_library_link; notice_evidence
944,187,163.0,1049,"University of Maryland, College Park",North America,United States,1,31.261261295142216,-1.5611734552025467,31.135471185001386,974,30,57.484538950374905,,False,1.335992618292713,a03_nav_item_count; a39_library_link; a38_scholarship; a46_admissions_policy; notice_evidence
945,140,24.0,4013,Tongji University,Asia (East & Southeast),China,1,31.10045355867178,-1.5760039288359202,39.415541662808046,834,-111,44.28194642857143,,False,1.8949238959433865,a03_nav_item_count; a22_admission_notice; a38_scholarship; a43_contact_link; content_completeness_B5
946,141,25.0,4038,Ocean University of China,Asia (East & Southeast),China,1,31.080971694579024,-1.5778006413455188,33.5205560652826,943,-3,45.0,,False,1.3553268686504611,a03_nav_item_count; a38_scholarship; a66_broken_links; a46_admissions_policy; a51_quick_links
947,142,26.0,4039,Beijing Jiaotong University,Asia (East & Southeast),China,1,31.07705337529311,-1.57816200785768,35.01174750170737,923,-24,44.100613655479,,False,1.293576357423837,a03_nav_item_count; a38_scholarship; notice_evidence; a46_admissions_policy; footer_completeness_B6
948,143,19.0,4101,Sungkyunkwan University,Asia (East & Southeast),South Korea,1,31.046128995363006,-1.5810140049770227,36.395208564066415,907,-41,45.0,,False,1.560503698678787,a03_nav_item_count; footer_completeness_B6; a46_admissions_policy; notice_evidence; a51_quick_links
949,193,83.0,5049,Christ University,South & Central Asia + Oceania,India,1,31.028083915843652,-1.5826782102068082,35.464108092425604,918,-31,57.04414562803961,,False,1.6742748594674925,a34_department_links; a22_admission_notice; a46_admissions_policy; notice_evidence; event_evidence
950,90,,6439,South Valley University,Latin America & Africa,Egypt & North Africa,0,31.02683105381289,-1.5827937552528442,36.42356810460719,906,-44,37.95666753707254,,False,2.0777098198956807,content_completeness_B5; a38_scholarship; a43_contact_link; a39_library_link; a46_admissions_policy
951,194,84.0,5033,Thapar Institute of Engineering and Technology,South & Central Asia + Oceania,India,1,30.918731954858668,-1.5927631813017382,38.69167890093061,850,-101,67.59628174972184,,False,1.4377244859764435,a34_department_links; a46_admissions_policy; notice_evidence; content_completeness_B5; event_evidence
952,144,27.0,4042,Northeastern University China,Asia (East & Southeast),China,1,30.593064279129585,-1.6227978424701082,34.355171292058564,929,-23,38.929039936700725,,False,1.5739081562867383,a03_nav_item_count; content_completeness_B5; a38_scholarship; a46_admissions_policy; footer_completeness_B6
953,155,,3125,Democritus University of Thrace,Eastern & Southern Europe,Greece,0,30.47745108501893,-1.6334602550166797,32.63735843419207,953,0,60.400644700082594,,False,1.6019195792764422,a22_admission_notice; a03_nav_item_count; a38_scholarship; a46_admissions_policy; notice_evidence
954,184,,2186,KU Leuven,Western & Northern Europe,Belgium/Ireland/Iceland,0,30.447969511680235,-1.6361791894763433,32.719211202855206,951,-3,57.14121875130972,,False,1.3780588897454231,a38_scholarship; a39_library_link; content_completeness_B5; notice_evidence; a46_admissions_policy
955,145,,4132,Taipei Medical University,Asia (East & Southeast),Taiwan,0,30.359891948106043,-1.6443021318978295,24.815978288388308,1037,82,54.79855139226271,,False,1.9758102323581745,a37_programs_listing; a38_scholarship; a39_library_link; notice_evidence; content_completeness_B5
956,195,22.0,5101,Islamic University of Technology,South & Central Asia + Oceania,Bangladesh,1,30.34445530322365,-1.6457257745654077,31.98822552398863,962,6,45.0,,False,1.6020564153133725,a03_nav_item_count; a66_broken_links; a46_admissions_policy; a51_quick_links; footer_completeness_B6
957,146,,4155,Universiti Teknologi PETRONAS,Asia (East & Southeast),Malaysia,0,30.206468362437548,-1.6584516031355672,37.43212782364015,876,-81,45.0,,False,1.4833889477271918,a03_nav_item_count; footer_completeness_B6; a46_admissions_policy; notice_evidence; a51_quick_links
958,91,,6099,University of Puerto Rico,Latin America & Africa,Peru & Andes,0,30.160831933701783,-1.6626604171388133,38.08077201775177,863,-95,40.7924652973707,,False,2.5122344747833396,content_completeness_B5; a37_programs_listing; a22_admission_notice; a39_library_link; footer_completeness_B6
959,156,,3193,Comenius University Bratislava,Eastern & Southern Europe,Bulgaria & Slovakia,0,30.155773008435986,-1.6631269758965839,31.214885547164165,973,14,45.0,,False,1.5667389898828037,a03_nav_item_count; a22_admission_notice; a39_library_link; a38_scholarship; event_evidence
960,188,164.0,1124,Fordham University,North America,United States,1,30.070885741885085,-1.6709556935691556,32.85441812150053,947,-13,63.94831260265183,,False,1.555953928717297,a03_nav_item_count; a43_contact_link; notice_evidence; a46_admissions_policy; footer_completeness_B6
961,196,,5162,University of Ruhuna,South & Central Asia + Oceania,Sri Lanka,0,30.06425666767826,-1.6715670591190714,37.42415512942934,878,-83,45.0,,False,1.2883815495965807,a03_nav_item_count; a38_scholarship; a46_admissions_policy; notice_evidence; footer_completeness_B6
962,189,165.0,1122,University of Maine,North America,United States,1,29.909397686075753,-1.6858489095695273,31.43521122926064,971,9,45.76890051174512,,False,1.5539528702643293,a34_department_links; a22_admission_notice; notice_evidence; a43_contact_link; a46_admissions_policy
963,185,,2136,University of Oslo,Western & Northern Europe,Norway,0,29.429908816917777,-1.7300697113022272,32.3322588065504,957,-6,57.12792843335578,,False,2.3835193590526327,a34_department_links; content_completeness_B5; a22_admission_notice; a38_scholarship; a03_nav_item_count
964,147,28.0,4029,Northwestern Polytechnical University,Asia (East & Southeast),China,1,29.231899954417457,-1.7483310541887065,31.92113102802439,963,-1,45.0,,False,1.5140388130556433,a03_nav_item_count; notice_evidence; footer_completeness_B6; a46_admissions_policy; a51_quick_links
965,92,,6078,Industrial University of Santander,Latin America & Africa,Colombia,0,29.186662062782595,-1.7525031131570483,32.13200577147313,959,-6,45.036193746798055,,False,2.108165462720195,content_completeness_B5; a34_department_links; a38_scholarship; a43_contact_link; notice_evidence
966,93,7.0,6031,Pontifical Catholic University of Rio Grande do Sul,Latin America & Africa,Brazil,1,29.02360795087149,-1.76754075848797,34.32429001927962,930,-36,53.2168658065556,,False,1.790609546929067,a34_department_links; a22_admission_notice; notice_evidence; a53_contrast_ratio; a46_admissions_policy
967,94,8.0,6021,Federal University of Espirito Santo,Latin America & Africa,Brazil,1,28.996072019209,-1.7700802563843663,32.61530532271746,954,-13,53.133489587424535,,False,1.7472704263342251,a34_department_links; notice_evidence; a46_admissions_policy; content_completeness_B5; event_evidence
968,148,,4154,Universiti Teknologi Malaysia,Asia (East & Southeast),Malaysia,0,28.98097296629266,-1.7714727646745743,31.541235831432175,970,2,45.0,,False,1.6403178741633766,a03_nav_item_count; a22_admission_notice; notice_evidence; a46_admissions_policy; event_evidence
969,186,,2159,VIA University College,Western & Northern Europe,Denmark,0,28.925477140717813,-1.7765908603334943,29.61403613682165,984,15,53.22470812973236,,False,1.8270714707738738,a34_department_links; a22_admission_notice; a38_scholarship; content_completeness_B5; notice_evidence
970,190,166.0,1141,Middlebury College,North America,United States,1,28.88879699892928,-1.7799736818792928,31.63491431279221,969,-1,59.756350237757786,-1.772002307101402,True,1.5199539912673874,a03_nav_item_count; a43_contact_link; notice_evidence; a46_admissions_policy; a39_library_link
971,187,38.0,2014,University of Birmingham,Western & Northern Europe,United Kingdom,1,28.85428595671636,-1.7831564584846524,31.793671029359757,965,-6,45.0,,False,1.7593329569113507,a03_nav_item_count; a22_admission_notice; a38_scholarship; a39_library_link; content_completeness_B5
972,95,,6317,National University of San Luis,Latin America & Africa,Argentina,0,28.850168877089274,-1.783536155644728,30.403364746855644,979,7,54.25657660827692,-2.221184691080139,True,2.3370985875896118,content_completeness_B5; a37_programs_listing; a22_admission_notice; notice_evidence; a46_admissions_policy
973,149,32.0,4083,Yamaguchi University,Asia (East & Southeast),Japan,1,28.839802890968084,-1.784492157434371,30.546972597498247,977,4,54.79240078620023,-1.4380325291048728,True,2.585806829956889,content_completeness_B5; a34_department_links; a37_programs_listing; a38_scholarship; a39_library_link
974,150,33.0,4305,Saitama University,Asia (East & Southeast),Japan,1,28.79086453963574,-1.7890054908412405,34.86489596890581,925,-49,45.0,,False,1.4581617053976432,a03_nav_item_count; a39_library_link; notice_evidence; a46_admissions_policy; content_completeness_B5
975,96,20.0,6329,University of Zululand,Latin America & Africa,South Africa,1,28.75286349303649,-1.7925101326700523,32.203867333556936,958,-17,64.65416847564097,,False,1.6273354408112446,a34_department_links; a38_scholarship; a53_contrast_ratio; notice_evidence; a46_admissions_policy
976,151,29.0,4001,Tsinghua University,Asia (East & Southeast),China,1,28.744354039719475,-1.793294915951145,29.46754269832322,986,10,45.0,,False,1.3445084657062554,a03_nav_item_count; a39_library_link; a38_scholarship; footer_completeness_B6; notice_evidence
977,97,9.0,6016,Pontifical Catholic University of Rio de Janeiro,Latin America & Africa,Brazil,1,28.419031195159253,-1.8232977751075605,30.18557542724934,981,4,44.80227924087283,,False,1.5682350846798243,a03_nav_item_count; a22_admission_notice; a66_broken_links; a38_scholarship; notice_evidence
978,188,19.0,2109,Radboud University,Western & Northern Europe,Netherlands,1,28.31632571451958,-1.8327697753736023,27.19026678552223,1011,33,61.28549750006543,,False,2.005370677966599,content_completeness_B5; a34_department_links; a38_scholarship; a03_nav_item_count; a39_library_link
979,189,30.0,2068,Ruhr University Bochum,Western & Northern Europe,Germany,1,28.031123990956587,-1.8590724691017195,27.337351699816928,1006,27,61.94282896110585,,False,1.6498033901338083,a34_department_links; a38_scholarship; a53_contrast_ratio; content_completeness_B5; a46_admissions_policy
980,157,,3166,Odesa I. I. Mechnikov National University,Eastern & Southern Europe,Ukraine,0,27.95517968563964,-1.8660764232791038,29.04202835661967,990,10,68.85994929648153,-2.458312860569682,True,1.8341750089071036,a43_contact_link; notice_evidence; a53_contrast_ratio; a46_admissions_policy; a51_quick_links
981,152,30.0,4054,Jiangnan University,Asia (East & Southeast),China,1,27.82571106438759,-1.8780166508823992,28.91239457988999,992,11,43.04470004504852,,False,1.340884573353621,a03_nav_item_count; a39_library_link; a38_scholarship; notice_evidence; a46_admissions_policy
982,158,21.0,3051,University of the Basque Country,Eastern & Southern Europe,Spain,1,27.800637376831755,-1.8803290686201901,29.02334587375526,991,9,56.709052002046064,,False,1.613783918147104,a34_department_links; a22_admission_notice; a03_nav_item_count; content_completeness_B5; a46_admissions_policy
983,197,85.0,5410,NIT Srinagar,South & Central Asia + Oceania,India,1,27.731052028375032,-1.8867465687865848,33.49997475520351,944,-39,45.0,,False,1.5215033047680824,a03_nav_item_count; a38_scholarship; a53_contrast_ratio; notice_evidence; a46_admissions_policy
984,153,31.0,4045,Yunnan University,Asia (East & Southeast),China,1,27.61053728973699,-1.897861025671767,32.511503779576316,955,-29,45.0,,False,1.652210526388244,a03_nav_item_count; a39_library_link; footer_completeness_B6; a46_admissions_policy; a51_quick_links
985,198,86.0,5047,Tata Institute of Fundamental Research,South & Central Asia + Oceania,India,1,27.45111056460119,-1.9125641357053824,29.91140169339447,983,-2,53.47420529371325,,False,1.6136287604558823,a34_department_links; a03_nav_item_count; a38_scholarship; event_evidence; a46_admissions_policy
986,154,32.0,4030,East China Normal University,Asia (East & Southeast),China,1,27.367337585866863,-1.9202900883217047,28.4607943659045,997,11,45.0,,False,1.5145565362211197,a03_nav_item_count; a39_library_link; notice_evidence; a46_admissions_policy; footer_completeness_B6
987,98,,6350,Felix Houphouet-Boigny University,Latin America & Africa,Sub-Saharan Africa,0,27.295731846437114,-1.9268939187960323,29.520393745488484,985,-2,57.08527847551486,,False,1.6613346169984622,a22_admission_notice; a43_contact_link; notice_evidence; a39_library_link; a46_admissions_policy
988,159,,3136,University of Chemistry and Technology Prague,Eastern & Southern Europe,Czechia,0,27.27998232370511,-1.9283464165846456,28.49102623777732,995,7,31.03782987428579,,False,2.387273559836168,content_completeness_B5; a34_department_links; a03_nav_item_count; a22_admission_notice; a38_scholarship
989,190,20.0,2103,Utrecht University,Western & Northern Europe,Netherlands,1,27.13398266293165,-1.9418112172659259,29.999225587442858,982,-7,53.84448555437042,-1.856335098069368,True,1.7560954934414563,a34_department_links; a22_admission_notice; a38_scholarship; notice_evidence; a46_admissions_policy
990,191,25.0,1402,University of Windsor,North America,Canada,1,27.080127768041976,-1.9467779782950894,29.402786446177664,987,-3,45.0,,False,1.4960627176363532,a03_nav_item_count; a22_admission_notice; a38_scholarship; notice_evidence; a46_admissions_policy
991,155,34.0,4069,Tokyo Medical and Dental University,Asia (East & Southeast),Japan,1,26.802304035528465,-1.9724002377099807,32.02900319681354,960,-31,61.78280805552343,-2.4123780914829727,True,1.7786693697876883,a34_department_links; notice_evidence; a46_admissions_policy; a51_quick_links; event_evidence
992,192,26.0,1168,University of Toronto,North America,Canada,1,26.593757329011307,-1.9916334319593025,30.269337862761304,980,-12,61.57887151905664,,False,2.3796107175985473,a34_department_links; a38_scholarship; a22_admission_notice; a53_contrast_ratio; content_completeness_B5
993,193,167.0,1120,University of Vermont,North America,United States,1,26.391967851311456,-2.0102434416155854,27.21820552420079,1010,17,65.9354799094662,,False,2.486356839718345,a53_contrast_ratio; a34_department_links; notice_evidence; a46_admissions_policy; a57_logo_prominence
994,99,,6069,Torcuato di Tella University,Latin America & Africa,Argentina,0,26.245826620031348,-2.0237212986193547,27.286149186627316,1009,15,34.19166100836586,,False,2.3454303975412465,content_completeness_B5; a34_department_links; a22_admission_notice; a38_scholarship; a46_admissions_policy
995,199,36.0,5142,Bond University,South & Central Asia + Oceania,Australia,1,25.688839237397694,-2.0750893911849055,27.332235417001392,1007,12,56.6880946295104,,False,1.679022308818371,a03_nav_item_count; a34_department_links; a46_admissions_policy; a38_scholarship; footer_completeness_B6
996,156,35.0,4076,Yokohama National University,Asia (East & Southeast),Japan,1,25.672755363683116,-2.0765727244515886,31.02035578245332,975,-21,50.45275422346297,,False,1.921370222557436,content_completeness_B5; a34_department_links; a38_scholarship; notice_evidence; a46_admissions_policy
997,100,10.0,6040,University of the State of Rio de Janeiro Norte,Latin America & Africa,Brazil,1,25.618274604823508,-2.081597205708074,27.36135012441143,1005,8,32.71095667727243,-1.8733349179805736,True,3.03112849158016,content_completeness_B5; a37_programs_listing; a38_scholarship; a22_admission_notice; a34_department_links
998,191,39.0,2026,University of Reading,Western & Northern Europe,United Kingdom,1,25.578727244629174,-2.085244456117195,30.890506891272423,976,-22,58.08823646355167,,False,1.5566505327840068,a22_admission_notice; a38_scholarship; a39_library_link; a46_admissions_policy; notice_evidence
999,200,87.0,5307,IIIT Bangalore,South & Central Asia + Oceania,India,1,25.57042960467205,-2.086009704937335,32.00423843521674,961,-38,72.58194363218546,,False,2.826419710087059,a53_contrast_ratio; a38_scholarship; notice_evidence; a46_admissions_policy; a48_footer_sitemap
1000,192,31.0,2065,Friedrich Schiller University Jena,Western & Northern Europe,Germany,1,25.52221879695254,-2.0904559407243752,28.63387079742381,994,-6,55.35034924360325,,False,2.8528021345784182,content_completeness_B5; a22_admission_notice; a34_department_links; a38_scholarship; a39_library_link
1001,101,11.0,6503,Federal University of Acre,Latin America & Africa,Brazil,1,25.387242738914328,-2.102904091005008,27.564117193380014,1003,2,36.97137190269431,,False,3.108120614013417,content_completeness_B5; a37_programs_listing; a34_department_links; a38_scholarship; a22_admission_notice
1002,193,,2163,University College Absalon,Western & Northern Europe,Denmark,0,25.34324337881562,-2.1069619265554085,27.324770760214303,1008,6,57.72570170991395,,False,2.1782527515516863,content_completeness_B5; a34_department_links; a38_scholarship; a46_admissions_policy; a39_library_link
1003,160,,3115,Polytechnic Institute of Lisbon,Eastern & Southern Europe,Portugal,0,25.24170403169319,-2.1163263803018615,25.96387853168974,1025,22,62.911270113833,-2.7475469912418427,True,2.0085534410445405,a34_department_links; a03_nav_item_count; a38_scholarship; a53_contrast_ratio; content_completeness_B5
1004,161,,3145,Alexandru Ioan Cuza University,Eastern & Southern Europe,Romania,0,25.19982076422977,-2.1201890594703476,26.545486226152516,1018,14,58.306042149666176,,False,1.6114824364413445,a03_nav_item_count; a53_contrast_ratio; a39_library_link; notice_evidence; a46_admissions_policy
1005,162,,3123,Athens University of Economics and Business,Eastern & Southern Europe,Greece,0,24.978259182914453,-2.1406225489403607,27.421548918528572,1004,-1,62.73642131502311,-2.156103753334705,True,1.9617799762688033,a03_nav_item_count; a22_admission_notice; a53_contrast_ratio; a38_scholarship; a46_admissions_policy
1006,194,168.0,1005,Princeton University,North America,United States,1,24.97637613786267,-2.1407962125376723,28.321933101061052,999,-7,68.73809424549219,-2.226107922285437,True,1.8041850269193684,a03_nav_item_count; a34_department_links; a46_admissions_policy; a53_contrast_ratio; a57_logo_prominence
1007,201,22.0,5087,University of Management and Technology,South & Central Asia + Oceania,Pakistan,1,24.903696874827922,-2.1474990485938714,23.15918204104161,1062,55,45.0,,False,2.796446000885489,a53_contrast_ratio; a03_nav_item_count; a39_library_link; notice_evidence; a26_event_captions
1008,194,,2137,University of Bergen,Western & Northern Europe,Norway,0,24.865835071675953,-2.1509908487129565,25.113532564140083,1030,22,31.277602588176126,,False,3.0852238544234316,content_completeness_B5; a37_programs_listing; a34_department_links; a22_admission_notice; a38_scholarship
1009,102,,6520,University of the West Indies,Latin America & Africa,Peru & Andes,0,24.857906575873255,-2.15172205325905,24.177616132817683,1043,34,45.0,,False,1.533952737557998,a03_nav_item_count; a34_department_links; a38_scholarship; a46_admissions_policy; a39_library_link
1010,195,169.0,1143,Bates College,North America,United States,1,24.785437713506948,-2.158405485139591,24.898229656037365,1035,25,45.0,,False,1.8092093044466524,a03_nav_item_count; a34_department_links; a43_contact_link; a46_admissions_policy; content_completeness_B5
1011,163,,3117,Aristotle University of Thessaloniki,Eastern & Southern Europe,Greece,0,24.718753694104755,-2.1645554105922966,29.392763668394473,988,-23,49.40269972122652,,False,2.4233051053325307,content_completeness_B5; a22_admission_notice; a03_nav_item_count; a38_scholarship; a39_library_link
1012,196,170.0,1045,University of Miami,North America,United States,1,24.49398718069478,-2.1852844745288738,26.422669750181257,1020,8,63.797152308464966,-2.5774590262896986,True,1.685391473627444,a43_contact_link; a38_scholarship; notice_evidence; a46_admissions_policy; footer_completeness_B6
1013,195,,2185,Graz University of Technology,Western & Northern Europe,Switzerland/Austria,0,24.473576801097234,-2.187166819266213,28.43004677979726,998,-15,45.0,,False,1.682634657177911,a03_nav_item_count; a22_admission_notice; notice_evidence; a46_admissions_policy; footer_completeness_B6
1014,196,32.0,2050,University of Freiburg,Western & Northern Europe,Germany,1,24.411194993130277,-2.192919973800704,26.356147488552757,1022,8,53.66533908604957,,False,2.2043430971786826,content_completeness_B5; a34_department_links; a38_scholarship; a46_admissions_policy; notice_evidence
1015,157,,4137,Asia University Taiwan,Asia (East & Southeast),Taiwan,0,24.385656707406174,-2.1952752390471777,25.24565650645676,1029,14,61.31069870559433,-2.5376615678919823,True,2.2267478197485215,a34_department_links; a37_programs_listing; a38_scholarship; event_evidence; a46_admissions_policy
1016,103,12.0,6028,Federal University of ABC,Latin America & Africa,Brazil,1,24.318318222546633,-2.201485522495849,28.194622165535662,1000,-16,43.82870225189619,,False,2.2354027437805675,content_completeness_B5; a22_admission_notice; a34_department_links; a38_scholarship; notice_evidence
1017,158,,4209,Can Tho University,Asia (East & Southeast),Vietnam,0,24.260065111160902,-2.206857908498104,24.026196738220253,1049,32,45.0,,False,1.6523280624158527,a03_nav_item_count; a34_department_links; a53_contrast_ratio; a38_scholarship; a46_admissions_policy
1018,164,25.0,3035,University of Sassari,Eastern & Southern Europe,Italy,1,24.22956288327261,-2.209670972697535,24.971703104674962,1033,15,57.35566797183353,,False,2.2637173079214103,content_completeness_B5; a34_department_links; a38_scholarship; notice_evidence; a46_admissions_policy
1019,202,,5329,Kabul University,South & Central Asia + Oceania,Central Asia,0,24.093148748545566,-2.222251749423167,28.720102892337277,993,-26,49.66265320635741,,False,1.813440350900047,a22_admission_notice; a38_scholarship; content_completeness_B5; a43_contact_link; a39_library_link
1020,159,36.0,4082,Kagoshima University,Asia (East & Southeast),Japan,1,24.047398206960388,-2.2264710874698554,24.469874675705768,1039,19,45.07867668883748,,False,2.309002175526511,content_completeness_B5; a37_programs_listing; a38_scholarship; a39_library_link; notice_evidence
1021,165,22.0,3068,University of the Balearic Islands,Eastern & Southern Europe,Spain,1,23.96468137637371,-2.2340996369537134,25.842244400458082,1027,6,46.44258216934654,,False,1.737755385516885,a34_department_links; a03_nav_item_count; a22_admission_notice; a38_scholarship; a46_admissions_policy
1022,104,,6351,University of Lome,Latin America & Africa,Sub-Saharan Africa,0,23.955104684437476,-2.234982846184641,26.075781951889894,1024,2,45.0,-2.381697096784454,True,1.663580687904719,a03_nav_item_count; a53_contrast_ratio; notice_evidence; a39_library_link; a66_broken_links
1023,160,33.0,4003,Fudan University,Asia (East & Southeast),China,1,23.799992844187265,-2.2492880164926485,25.044369016919703,1031,8,42.73424099997023,,False,1.5800658576109203,a34_department_links; a03_nav_item_count; a38_scholarship; a46_admissions_policy; notice_evidence
1024,166,26.0,3039,University of Udine,Eastern & Southern Europe,Italy,1,23.331716973222502,-2.292474700851984,27.11294665207152,1012,-12,42.26637110543293,,False,2.2280418778994227,content_completeness_B5; a34_department_links; a22_admission_notice; notice_evidence; a43_contact_link
1025,105,,6097,University of the Republic Uruguay,Latin America & Africa,Peru & Andes,0,23.298247134114643,-2.2955614526295864,22.4717058249024,1073,48,38.90517097742498,,False,3.219521996798469,content_completeness_B5; a34_department_links; a37_programs_listing; a22_admission_notice; a38_scholarship
1026,106,,6104,Higher University of San Andres Bolivia,Latin America & Africa,Peru & Andes,0,23.246528660361495,-2.3003311824833204,24.03460660851982,1048,22,48.5291973516819,-2.034054272838436,True,2.6271677082094604,content_completeness_B5; a34_department_links; a37_programs_listing; a38_scholarship; a03_nav_item_count
1027,107,,6516,University of Antofagasta,Latin America & Africa,Chile,0,23.171301234909173,-2.307269022503737,28.489184142673256,996,-31,45.24018884678772,,False,2.3260822963567946,content_completeness_B5; a22_admission_notice; a43_contact_link; a38_scholarship; a39_library_link
1028,108,,6131,University of Tunis El Manar,Latin America & Africa,Egypt & North Africa,0,22.997872314641846,-2.323263483253838,26.87267690571202,1017,-11,41.96514069201898,,False,2.536523781674886,content_completeness_B5; a34_department_links; a37_programs_listing; notice_evidence; a46_admissions_policy
1029,109,,6075,University of Valle,Latin America & Africa,Colombia,0,22.84444024992282,-2.3374137364709644,21.035042943041205,1092,63,29.936634716909104,,False,2.5862627170538777,content_completeness_B5; a37_programs_listing; a34_department_links; a22_admission_notice; a38_scholarship
1030,161,34.0,4300,Southwest Jiaotong University,Asia (East & Southeast),China,1,22.843173629198994,-2.337530550410769,24.30467661258321,1042,12,42.20186626984127,,False,1.8248649470343425,a03_nav_item_count; a43_contact_link; notice_evidence; a46_admissions_policy; footer_completeness_B6
1031,162,,4162,Universiti Malaysia Sarawak,Asia (East & Southeast),Malaysia,0,22.826771069105337,-2.339043274489399,24.92223219743714,1034,3,51.35888031488979,,False,2.2469982302915628,content_completeness_B5; a43_contact_link; a38_scholarship; notice_evidence; a39_library_link
1032,197,33.0,2072,Johannes Gutenberg University Mainz,Western & Northern Europe,Germany,1,22.758367202614018,-2.345351812627468,25.863333540649265,1026,-6,46.76680436072297,,False,2.3830432494554112,content_completeness_B5; a22_admission_notice; a38_scholarship; a39_library_link; a46_admissions_policy
1033,110,13.0,6033,Getulio Vargas Foundation,Latin America & Africa,Brazil,1,22.695271704183128,-2.3511707871768417,21.373030838012216,1088,55,43.11872145771304,,False,3.1967974664520664,content_completeness_B5; a37_programs_listing; a34_department_links; a38_scholarship; a22_admission_notice
1034,167,23.0,3049,University of Granada,Eastern & Southern Europe,Spain,1,22.67047582965133,-2.3534575836428058,24.16591132882539,1044,10,59.97816846617885,-2.4524152188684027,True,2.0812878583385768,a22_admission_notice; a38_scholarship; a53_contrast_ratio; a39_library_link; notice_evidence
1035,111,,6513,National University of Salta,Latin America & Africa,Argentina,0,22.64383569215745,-2.355914467032649,27.078313743436745,1014,-21,37.91073785817535,,False,2.937113064591502,content_completeness_B5; a37_programs_listing; a34_department_links; a38_scholarship; a22_admission_notice
1036,168,25.0,3087,Poznan University of Technology,Eastern & Southern Europe,Poland,1,22.541276506503827,-2.3653729752616726,23.339471836194676,1061,25,68.85222649895452,,False,2.705567226965769,a53_contrast_ratio; a03_nav_item_count; a46_admissions_policy; a72_alt_text_pct; a15_stat_item_count
1037,163,37.0,4094,Kanazawa Institute of Technology,Asia (East & Southeast),Japan,1,22.4501054927317,-2.3737812107455665,23.50174100785716,1057,20,35.34856893419446,-2.303435270202391,True,2.168649907173101,content_completeness_B5; a34_department_links; a37_programs_listing; a03_nav_item_count; a38_scholarship
1038,112,14.0,6414,State University of Goias,Latin America & Africa,Brazil,1,22.434743438242965,-2.375197974323304,21.596480016255356,1085,47,30.72571258988004,,False,3.0905090963414996,content_completeness_B5; a34_department_links; a37_programs_listing; a22_admission_notice; a38_scholarship
1039,113,15.0,6032,Federal University of Mato Grosso do Sul,Latin America & Africa,Brazil,1,22.376979634953553,-2.3805252339468135,21.702795210823577,1083,44,39.465471731677766,,False,2.9574169575420237,content_completeness_B5; a37_programs_listing; a34_department_links; a38_scholarship; a22_admission_notice
1040,114,16.0,6024,Rio de Janeiro State University,Latin America & Africa,Brazil,1,22.334162041896118,-2.384474081177802,25.035173314668356,1032,-8,44.450640669574895,,False,3.1086636241297625,content_completeness_B5; a37_programs_listing; a34_department_links; a22_admission_notice; a38_scholarship
1041,203,,5179,Tashkent State Technical University,South & Central Asia + Oceania,Central Asia,0,22.31430393143411,-2.386305492962331,18.650033387896446,1128,87,33.32253084862471,,False,2.173156955468626,content_completeness_B5; a03_nav_item_count; a22_admission_notice; a34_department_links; a38_scholarship
1042,169,,3105,University of Aveiro,Eastern & Southern Europe,Portugal,0,22.252053127688125,-2.3920465656487244,24.08256674084719,1047,5,33.95960943499353,,False,3.071650144278101,content_completeness_B5; a37_programs_listing; a34_department_links; a38_scholarship; a22_admission_notice
1043,164,35.0,4053,Capital Normal University,Asia (East & Southeast),China,1,22.14853258926764,-2.401593734517928,29.260154361439525,989,-54,40.46424498072104,,False,2.261451720770904,content_completeness_B5; a34_department_links; a38_scholarship; notice_evidence; a46_admissions_policy
1044,165,,4190,Naresuan University,Asia (East & Southeast),Thailand,0,22.073316019044942,-2.4085305734161335,23.963755097630216,1051,7,31.14916522967676,,False,2.480683948294984,content_completeness_B5; a37_programs_listing; a34_department_links; a38_scholarship; notice_evidence
1045,170,,3132,Czech Technical University in Prague,Eastern & Southern Europe,Czechia,0,22.0541469526604,-2.4102984381957278,26.886686281808114,1016,-29,57.446762465142,,False,2.518474279008985,a53_contrast_ratio; a38_scholarship; notice_evidence; a46_admissions_policy; a15_stat_item_count
1046,115,,6525,Aswan University,Latin America & Africa,Egypt & North Africa,0,21.923438095889715,-2.422353046366538,19.99916700354749,1107,61,34.26634495918214,,False,2.8545254648639045,content_completeness_B5; a37_programs_listing; a38_scholarship; a34_department_links; a22_admission_notice
1047,171,27.0,3006,University of Naples Federico II,Eastern & Southern Europe,Italy,1,21.839071099144846,-2.4301337822205102,24.108421899300577,1046,-1,43.81637304129056,,False,2.8368837717979125,content_completeness_B5; a34_department_links; a37_programs_listing; a22_admission_notice; a38_scholarship
1048,166,,4177,Andalas University,Asia (East & Southeast),Indonesia,0,21.82961567776997,-2.431005807288896,23.858030889241576,1053,5,30.5221786157959,,False,3.080750168209215,content_completeness_B5; a37_programs_listing; a34_department_links; a38_scholarship; a22_admission_notice
1049,167,,4313,Universitas Negeri Yogyakarta,Asia (East & Southeast),Indonesia,0,21.661060437373855,-2.4465507935148607,23.94391542097316,1052,3,45.0,,False,2.1068751953593594,content_completeness_B5; a03_nav_item_count; a53_contrast_ratio; a38_scholarship; a43_contact_link
1050,198,,2124,KTH Royal Institute of Technology,Western & Northern Europe,Sweden,0,21.606017129432864,-2.451627155790892,26.48688902691897,1019,-31,56.04388139741885,,False,2.0602322584953083,a34_department_links; content_completeness_B5; a38_scholarship; notice_evidence; a46_admissions_policy
1051,116,17.0,6003,Federal University of Rio de Janeiro,Latin America & Africa,Brazil,1,21.597453717597002,-2.452416915389721,27.0916983066813,1013,-38,47.18064852326543,,False,2.286886516640052,content_completeness_B5; a22_admission_notice; a38_scholarship; a39_library_link; notice_evidence
1052,172,24.0,3055,University of Salamanca,Eastern & Southern Europe,Spain,1,21.557944119031184,-2.456060683237316,19.245905979217493,1118,66,31.174606123846257,-2.086169111800084,True,2.591220743818009,content_completeness_B5; a34_department_links; a37_programs_listing; a38_scholarship; a22_admission_notice
1053,117,18.0,6034,Pontifical Catholic University of Sao Paulo,Latin America & Africa,Brazil,1,21.55778464432819,-2.4560753907721016,21.895715984565214,1079,26,22.19807729468599,,False,2.3847089981283194,content_completeness_B5; a37_programs_listing; a34_department_links; a03_nav_item_count; a22_admission_notice
1054,204,37.0,5147,Federation University Australia,South & Central Asia + Oceania,Australia,1,21.53433218376097,-2.458238291051118,25.77501890573634,1028,-26,53.83225094230496,,False,1.8699161054315883,a03_nav_item_count; a34_department_links; notice_evidence; a46_admissions_policy; event_evidence
1055,118,19.0,6006,Federal University of Rio Grande do Sul,Latin America & Africa,Brazil,1,21.388588444773923,-2.471679489377257,23.47977910461081,1058,3,33.519948209397135,-1.9351955839068096,True,2.6757374088059707,content_completeness_B5; a34_department_links; a37_programs_listing; a22_admission_notice; a38_scholarship
1056,173,28.0,3032,University of Ferrara,Eastern & Southern Europe,Italy,1,21.345282974390855,-2.475673331034341,27.699685585246115,1002,-54,46.79039106549793,,False,2.3801079188999523,content_completeness_B5; a34_department_links; a38_scholarship; notice_evidence; a46_admissions_policy
1057,119,20.0,6019,Federal University of Rio Grande do Norte,Latin America & Africa,Brazil,1,21.287482174173537,-2.481004002694957,22.544545963566048,1071,14,40.53101792426673,-2.60081379757302,True,2.359477279777978,content_completeness_B5; a22_admission_notice; a38_scholarship; a39_library_link; notice_evidence
1058,120,21.0,6022,Federal University of Uberlandia,Latin America & Africa,Brazil,1,21.222667176712445,-2.4869815578300023,22.58317701436737,1070,12,34.34877772573015,,False,3.176760517247813,content_completeness_B5; a37_programs_listing; a34_department_links; a38_scholarship; a22_admission_notice
1059,205,88.0,5418,Central University of Haryana,South & Central Asia + Oceania,India,1,21.21129066982113,-2.4880307547728533,22.005403694702377,1076,17,45.482147177328905,,False,2.616689208100888,content_completeness_B5; a34_department_links; a37_programs_listing; a38_scholarship; notice_evidence
1060,168,36.0,4032,Beijing Institute of Technology,Asia (East & Southeast),China,1,21.210296907755723,-2.4881224043565884,22.538777233380333,1072,12,45.0,-2.835123422076205,True,1.915369187879904,a03_nav_item_count; a43_contact_link; footer_completeness_B6; a51_quick_links; a46_admissions_policy
1061,174,25.0,3061,University of Murcia,Eastern & Southern Europe,Spain,1,21.1530961997552,-2.4933977325866326,23.644104720195763,1054,-7,35.290979263765486,,False,2.5014713194787834,content_completeness_B5; a34_department_links; a37_programs_listing; a22_admission_notice; a38_scholarship
1062,175,,3129,Technical University of Crete,Eastern & Southern Europe,Greece,0,20.790206260893495,-2.5268652123747986,22.96823421197999,1063,1,45.0,-2.55091202786212,True,2.349322501215711,content_completeness_B5; a37_programs_listing; a03_nav_item_count; a38_scholarship; a39_library_link
1063,176,,3148,West University of Timisoara,Eastern & Southern Europe,Romania,0,20.754907610378574,-2.5301206260585265,20.656779463996973,1098,35,50.23498879177956,,False,2.996252064524297,content_completeness_B5; a37_programs_listing; a34_department_links; a22_admission_notice; a38_scholarship
1064,169,37.0,4041,Jinan University,Asia (East & Southeast),China,1,20.702749150555917,-2.5349309335731744,22.604890309265937,1069,5,45.0,-2.779770925051324,True,1.715073776897927,a03_nav_item_count; a66_broken_links; notice_evidence; a46_admissions_policy; a51_quick_links
1065,121,22.0,6017,Federal University of Goias,Latin America & Africa,Brazil,1,20.687529368801734,-2.5363345760655407,20.311315327229263,1102,37,39.83890286192852,,False,3.1436569537129038,content_completeness_B5; a37_programs_listing; a34_department_links; a22_admission_notice; a38_scholarship
1066,177,,3202,Vilnius University,Eastern & Southern Europe,Baltics,0,20.57448130485152,-2.5467604197999045,18.847187710205482,1126,60,29.91246490007789,,False,2.8757926873862982,content_completeness_B5; a38_scholarship; a34_department_links; a37_programs_listing; a22_admission_notice
1067,122,5.0,6509,Anahuac University,Latin America & Africa,Mexico,1,20.515662956864407,-2.5521849346779053,24.140638918105875,1045,-22,42.863993121326175,,False,2.9897763541717284,content_completeness_B5; a37_programs_listing; a34_department_links; a22_admission_notice; a38_scholarship
1068,199,23.0,2091,Toulouse III - Paul Sabatier University,Western & Northern Europe,France,1,20.48434384734304,-2.5550733356850466,21.84425802776833,1080,12,72.22439845707468,-3.1571833748275213,True,2.8093306928421646,a53_contrast_ratio; a34_department_links; notice_evidence; a46_admissions_policy; a72_alt_text_pct
1069,200,40.0,2035,University of East Anglia,Western & Northern Europe,United Kingdom,1,20.484245633156295,-2.555082393476288,23.543320955452856,1056,-13,56.22775786912469,-2.953283723459285,True,1.7586923886024688,a03_nav_item_count; a34_department_links; a22_admission_notice; notice_evidence; a46_admissions_policy
1070,201,34.0,2041,Ludwig Maximilian University of Munich,Western & Northern Europe,Germany,1,20.443538846747344,-2.558836571824842,26.383692734286054,1021,-49,51.99247789849652,,False,2.2297767415479903,content_completeness_B5; a34_department_links; a38_scholarship; a46_admissions_policy; notice_evidence
1071,170,,4215,National University of Mongolia,Asia (East & Southeast),Other SE/E Asia,0,20.396822829204616,-2.563144950772462,21.366011097136713,1089,18,34.168561626662814,,False,3.017625547816366,content_completeness_B5; a37_programs_listing; a38_scholarship; a34_department_links; a22_admission_notice
1072,123,23.0,6037,Federal University of Alagoas,Latin America & Africa,Brazil,1,20.289778569592876,-2.573017094393287,26.135486244299535,1023,-49,35.08414103118257,,False,3.0614298653188534,content_completeness_B5; a37_programs_listing; a34_department_links; a38_scholarship; a22_admission_notice
1073,124,,6128,Mohammed V University in Rabat,Latin America & Africa,Egypt & North Africa,0,20.15371624636206,-2.5855654253471347,24.018979554039774,1050,-23,40.641193513615335,,False,2.1984063279265285,content_completeness_B5; a34_department_links; a38_scholarship; a53_contrast_ratio; a46_admissions_policy
1074,171,38.0,4073,Nagasaki University,Asia (East & Southeast),Japan,1,20.03912967007567,-2.5961331581916687,27.075925770930244,1015,-59,46.47200788652102,,False,3.039623683522944,content_completeness_B5; a37_programs_listing; a34_department_links; a38_scholarship; a43_contact_link
1075,172,,4160,Taylor's University,Asia (East & Southeast),Malaysia,0,20.03052494237682,-2.5969267281408586,22.1598278507814,1075,0,45.0,,False,1.8745695489756011,a03_nav_item_count; a34_department_links; a22_admission_notice; notice_evidence; a46_admissions_policy
1076,125,,6515,University of Bio-Bio,Latin America & Africa,Chile,0,20.00855157508061,-2.5989532192256504,22.647080107657615,1068,-8,35.71421554589446,,False,3.165608606097681,content_completeness_B5; a37_programs_listing; a34_department_links; a38_scholarship; a22_admission_notice
1077,173,,4130,National Sun Yat-sen University,Asia (East & Southeast),Taiwan,0,20.00476454631883,-2.59930247748544,20.46135063636146,1100,23,45.0,,False,1.8664159587110625,a03_nav_item_count; a34_department_links; a53_contrast_ratio; a38_scholarship; footer_completeness_B6
1078,126,24.0,6419,State University of Montes Claros,Latin America & Africa,Brazil,1,19.997046317065422,-2.600014290224997,18.652163732409665,1127,49,34.69123007199399,,False,2.6022918780386757,content_completeness_B5; a34_department_links; a37_programs_listing; a38_scholarship; a22_admission_notice
1079,178,,3147,Politehnica University of Timisoara,Eastern & Southern Europe,Romania,0,19.964808916220786,-2.602987380536002,22.355283311242413,1074,-5,45.1837000449363,,False,2.7847386628225896,content_completeness_B5; a34_department_links; a37_programs_listing; a38_scholarship; a03_nav_item_count
1080,197,171.0,1077,University of Missouri,North America,United States,1,19.920499934571364,-2.6070737708956733,22.747696433303442,1067,-13,63.24227799667559,-2.761828887049365,True,2.825553190517728,a53_contrast_ratio; a38_scholarship; a39_library_link; notice_evidence; a46_admissions_policy
1081,127,25.0,6001,University of Sao Paulo,Latin America & Africa,Brazil,1,19.877905710508806,-2.6110020179486995,19.53681706017845,1113,32,26.923633607930263,,False,2.8735172393923976,content_completeness_B5; a37_programs_listing; a34_department_links; a38_scholarship; a22_admission_notice
1082,198,172.0,1123,University of Rhode Island,North America,United States,1,19.803166152769823,-2.617894864429514,23.453115141561653,1060,-22,54.25097532255004,-2.9680204953051224,True,2.0837546805599625,a34_department_links; content_completeness_B5; notice_evidence; a03_nav_item_count; a38_scholarship
1083,174,,4210,Hue University,Asia (East & Southeast),Vietnam,0,19.64208869665033,-2.6327502129242064,22.779639586007935,1066,-17,42.45869611213932,,False,1.9175593853025883,a03_nav_item_count; content_completeness_B5; a34_department_links; a43_contact_link; notice_evidence
1084,128,26.0,6411,Federal University of Jequitinhonha and Mucuri Valleys,Latin America & Africa,Brazil,1,19.389227338426263,-2.6560703204535505,24.850624156881164,1036,-48,36.321168946149655,,False,3.0296649577541026,content_completeness_B5; a37_programs_listing; a34_department_links; a38_scholarship; a22_admission_notice
1085,129,6.0,6045,University of Guadalajara,Latin America & Africa,Mexico,1,19.325605768830798,-2.6619378118510983,21.948328723362238,1078,-7,41.71295646640058,,False,2.411929856272111,content_completeness_B5; a34_department_links; a22_admission_notice; a38_scholarship; notice_evidence
1086,175,38.0,4033,China Agricultural University,Asia (East & Southeast),China,1,19.254588369785065,-2.6684873827061804,23.637085997420385,1055,-31,19.36574622721333,,False,2.621992630894466,content_completeness_B5; a37_programs_listing; a34_department_links; a22_admission_notice; a38_scholarship
1087,176,,4133,National Taiwan Normal University,Asia (East & Southeast),Taiwan,0,19.067886270777215,-2.685705960726153,20.639294537391727,1099,12,43.77792568093244,-2.992939056692419,True,2.1295490349690183,content_completeness_B5; a03_nav_item_count; a34_department_links; a43_contact_link; a38_scholarship
1088,179,26.0,3062,University of Cordoba,Eastern & Southern Europe,Spain,1,18.92804698375762,-2.6986026216988983,24.359224222657147,1040,-48,44.148540758055006,,False,2.391392092637083,content_completeness_B5; a34_department_links; a22_admission_notice; a38_scholarship; a46_admissions_policy
1089,130,,6105,National University of Asuncion,Latin America & Africa,Peru & Andes,0,18.92522073605521,-2.6988632720441617,27.84485519375778,1001,-88,41.584751118795694,,False,3.1527007324511143,content_completeness_B5; a37_programs_listing; a34_department_links; a38_scholarship; a22_admission_notice
1090,131,,6094,National University of Engineering Peru,Latin America & Africa,Peru & Andes,0,18.914294883587033,-2.6998709074385023,18.515988841169637,1129,39,36.10472165651922,,False,3.015493936859537,content_completeness_B5; a34_department_links; a37_programs_listing; a22_admission_notice; a38_scholarship
1091,180,29.0,3028,University of Salerno,Eastern & Southern Europe,Italy,1,18.84048050563624,-2.706678429327627,18.05589961782279,1135,44,49.32376180324951,,False,2.8622705778990944,a53_contrast_ratio; content_completeness_B5; a22_admission_notice; a34_department_links; a38_scholarship
1092,177,39.0,4046,Fuzhou University,Asia (East & Southeast),China,1,18.64734009814137,-2.7244907795525695,21.762008099067042,1081,-11,26.379982894415527,-2.754934915417427,True,1.9732810232599123,content_completeness_B5; a03_nav_item_count; a22_admission_notice; a39_library_link; a38_scholarship
1093,178,40.0,4026,Renmin University of China,Asia (East & Southeast),China,1,18.625684041817063,-2.726488006672171,21.204378541881795,1090,-3,31.964932652143183,,False,2.3630015821450914,content_completeness_B5; a37_programs_listing; a34_department_links; a22_admission_notice; a38_scholarship
1094,181,27.0,3066,University of Cantabria,Eastern & Southern Europe,Spain,1,18.48003966992516,-2.7399200408802344,21.999506440405078,1077,-17,58.42107574707264,-3.308431937120142,True,1.8327911357051279,a53_contrast_ratio; a38_scholarship; a39_library_link; notice_evidence; content_completeness_B5
1095,132,,6321,Catholic University of the North,Latin America & Africa,Chile,0,18.43976616899317,-2.743634259529194,23.4738357696117,1059,-36,35.42775486299593,,False,2.800711991645447,content_completeness_B5; a37_programs_listing; a34_department_links; a22_admission_notice; a38_scholarship
1096,133,27.0,6302,Federal University of Ouro Preto,Latin America & Africa,Brazil,1,18.371320413595374,-2.749946660866489,21.733880166380022,1082,-14,46.12521687083815,,False,2.339205032454674,a53_contrast_ratio; a34_department_links; a22_admission_notice; notice_evidence; a46_admissions_policy
1097,179,20.0,4105,Ewha Womans University,Asia (East & Southeast),South Korea,1,18.23405423680939,-2.7626060170657647,17.894586080130033,1137,40,30.984550655163552,,False,2.9808207943649285,content_completeness_B5; a34_department_links; a37_programs_listing; a38_scholarship; a22_admission_notice
1098,134,,6436,Minia University,Latin America & Africa,Egypt & North Africa,0,18.210128203250044,-2.764812592555485,22.934393910991755,1064,-34,27.94303306130674,,False,3.1614398783877284,content_completeness_B5; a37_programs_listing; a34_department_links; a38_scholarship; a22_admission_notice
1099,182,28.0,3063,University of Valladolid,Eastern & Southern Europe,Spain,1,18.15678293395924,-2.769732353426741,21.66645336044574,1084,-15,28.324379739186792,,False,1.999780444365337,content_completeness_B5; a34_department_links; a03_nav_item_count; a38_scholarship; a46_admissions_policy
1100,202,,2139,UiT The Arctic University of Norway,Western & Northern Europe,Norway,0,18.117828736845485,-2.7733248994440216,17.663483914755393,1139,39,37.617362080647545,,False,2.692670509237197,content_completeness_B5; a34_department_links; a37_programs_listing; a22_admission_notice; a38_scholarship
1101,135,,6315,National University of Mar del Plata,Latin America & Africa,Argentina,0,18.079824669361628,-2.7768298198735426,18.296995269952724,1133,32,40.63715530159419,,False,2.8311025270806245,content_completeness_B5; a34_department_links; a37_programs_listing; a22_admission_notice; a38_scholarship
1102,206,23.0,5086,Bahria University,South & Central Asia + Oceania,Pakistan,1,18.033813720774607,-2.781073173923811,18.955509585366517,1124,22,45.0,-3.722129282620928,True,2.1609238121336336,a03_nav_item_count; a34_department_links; notice_evidence; a46_admissions_policy; a51_quick_links
1103,136,7.0,6041,National Autonomous University of Mexico,Latin America & Africa,Mexico,1,17.992478671725415,-2.78488529371676,21.03134281166191,1093,-10,37.6584696436079,,False,3.104069348790434,content_completeness_B5; a37_programs_listing; a34_department_links; a38_scholarship; a22_admission_notice
1104,203,,2140,Norwegian University of Life Sciences,Western & Northern Europe,Norway,0,17.9709614453964,-2.7868697172571935,20.237325556159714,1104,0,37.86535474896532,,False,3.063929623221123,content_completeness_B5; a37_programs_listing; a34_department_links; a22_admission_notice; a38_scholarship
1105,183,,3192,American University in Bulgaria,Eastern & Southern Europe,Bulgaria & Slovakia,0,17.93372856669736,-2.7903035148962902,21.478672805131087,1087,-18,22.89709589003124,,False,2.5655708447478855,content_completeness_B5; a37_programs_listing; a34_department_links; a22_admission_notice; a38_scholarship
1106,137,28.0,6305,Ceara State University,Latin America & Africa,Brazil,1,17.903327032505324,-2.7931072926320213,19.674466074952598,1110,4,27.14599796402191,,False,2.7808870081597643,content_completeness_B5; a34_department_links; a37_programs_listing; a22_admission_notice; a38_scholarship
1107,138,,6068,National University of the South,Latin America & Africa,Argentina,0,17.80929523001182,-2.8017793640023867,17.29852016331916,1144,37,30.028845253462528,,False,2.9916783955335724,content_completeness_B5; a37_programs_listing; a34_department_links; a38_scholarship; a22_admission_notice
1108,139,8.0,6052,University of Guanajuato,Latin America & Africa,Mexico,1,17.809263586442107,-2.8017822823266947,24.314952405842963,1041,-67,44.35938148015473,,False,1.9774074610219363,a03_nav_item_count; content_completeness_B5; a43_contact_link; notice_evidence; a46_admissions_policy
1109,140,,6518,University of Panama,Latin America & Africa,Peru & Andes,0,17.728526384557963,-2.809228260797981,24.778910619003746,1038,-71,39.615781481463415,,False,2.9638271440339468,content_completeness_B5; a37_programs_listing; a34_department_links; a22_admission_notice; a38_scholarship
1110,141,29.0,6015,Fluminense Federal University,Latin America & Africa,Brazil,1,17.71811581971053,-2.8101883738551456,19.626783491422138,1112,2,33.71983591330612,,False,2.690494859346265,content_completeness_B5; a37_programs_listing; a34_department_links; a22_admission_notice; a38_scholarship
1111,142,30.0,6014,Federal University of Vicosa,Latin America & Africa,Brazil,1,17.649377652709948,-2.8165277428163895,20.736295747490374,1097,-14,35.38050925376196,,False,3.0789826306098607,content_completeness_B5; a37_programs_listing; a34_department_links; a38_scholarship; a22_admission_notice
1112,143,31.0,6018,Federal University of Paraiba,Latin America & Africa,Brazil,1,17.55952597636628,-2.824814302568906,15.654145709973074,1160,48,29.333716904440585,-3.098706598382471,True,2.6631124963145427,content_completeness_B5; a34_department_links; a37_programs_listing; a22_admission_notice; a38_scholarship
1113,180,,4204,Vietnam National University Hanoi,Asia (East & Southeast),Vietnam,0,17.47249367815442,-2.8328408455214595,17.247557212773202,1145,32,39.811722604524135,,False,2.998552971180966,content_completeness_B5; a37_programs_listing; a38_scholarship; a34_department_links; a22_admission_notice
1114,184,,3146,Politehnica University of Bucharest,Eastern & Southern Europe,Romania,0,17.434233020072224,-2.836369429987219,20.329218085571835,1101,-13,51.8161565825816,,False,1.8367952628097677,a53_contrast_ratio; a22_admission_notice; a38_scholarship; a03_nav_item_count; a39_library_link
1115,185,,3186,Josip Juraj Strossmayer University of Osijek,Eastern & Southern Europe,Balkans,0,17.377706066464626,-2.8415826213015967,19.121943200175682,1119,4,47.71253973186276,,False,2.503161909294772,content_completeness_B5; a34_department_links; a53_contrast_ratio; a22_admission_notice; a38_scholarship
1116,186,29.0,3058,University of Malaga,Eastern & Southern Europe,Spain,1,17.370579576895118,-2.8422398609218966,21.037666081497033,1091,-25,35.80140662609212,,False,2.7282788609377673,content_completeness_B5; a34_department_links; a37_programs_listing; a22_admission_notice; a38_scholarship
1117,204,,2149,Volda University College,Western & Northern Europe,Norway,0,17.35370110560893,-2.843796475851474,20.27530820335178,1103,-14,35.821964067253795,,False,3.1756625558213103,content_completeness_B5; a37_programs_listing; a34_department_links; a38_scholarship; a22_admission_notice
1118,181,,4125,National Tsing Hua University,Asia (East & Southeast),Taiwan,0,17.295559696210418,-2.849158560151755,19.534384572971703,1114,-4,44.23929904761904,,False,1.72179063643681,a03_nav_item_count; content_completeness_B5; a34_department_links; a43_contact_link; notice_evidence
1119,144,,6093,Cayetano Heredia University,Latin America & Africa,Peru & Andes,0,17.234339868965236,-2.8548045511577054,21.51673301131178,1086,-33,42.9537180204582,,False,2.6160781816904155,content_completeness_B5; a34_department_links; a37_programs_listing; a22_admission_notice; a38_scholarship
1120,145,,6098,University of Costa Rica,Latin America & Africa,Peru & Andes,0,17.109127919702715,-2.866352207712541,22.888490737226235,1065,-55,52.35615097704275,,False,3.2118471713049916,content_completeness_B5; a37_programs_listing; a34_department_links; a22_admission_notice; a38_scholarship
1121,146,32.0,6026,State University of Londrina,Latin America & Africa,Brazil,1,16.921200811273224,-2.883683762075114,19.64168692932076,1111,-10,30.07213570378193,,False,2.5140171340052637,content_completeness_B5; a34_department_links; a37_programs_listing; a38_scholarship; a22_admission_notice
1122,147,33.0,6415,State University of Santa Cruz,Latin America & Africa,Brazil,1,16.639470016216144,-2.9096663498504944,21.019421039128794,1094,-28,39.69127595333978,,False,2.7342898076895565,content_completeness_B5; a34_department_links; a37_programs_listing; a22_admission_notice; a38_scholarship
1123,182,41.0,4043,Zhengzhou University,Asia (East & Southeast),China,1,16.58978878670983,-2.9142481951051997,17.561865437690543,1140,17,22.78452253341688,-2.2469668619659005,True,2.301173213041899,content_completeness_B5; a37_programs_listing; a34_department_links; a03_nav_item_count; a22_admission_notice
1124,148,,6437,Beni-Suef University,Latin America & Africa,Egypt & North Africa,0,16.566971805609132,-2.916352488368909,20.943747371405983,1095,-29,29.504892124238506,,False,2.992167052149364,content_completeness_B5; a37_programs_listing; a34_department_links; a38_scholarship; a22_admission_notice
1125,149,34.0,6012,Federal University of Bahia,Latin America & Africa,Brazil,1,16.336955256165798,-2.93756573623019,18.443880782708398,1131,6,35.301154085254936,,False,3.162885819714581,content_completeness_B5; a37_programs_listing; a34_department_links; a38_scholarship; a22_admission_notice
1126,150,35.0,6404,Federal University of the Semi-Arid Region,Latin America & Africa,Brazil,1,16.317609912034953,-2.939349858203163,18.072285998475976,1134,8,34.55492627373897,,False,2.649260664375573,content_completeness_B5; a34_department_links; a37_programs_listing; a38_scholarship; a22_admission_notice
1127,207,24.0,5071,University of Karachi,South & Central Asia + Oceania,Pakistan,1,16.144740376038396,-2.955292729807987,17.401548655872237,1143,16,29.020017671323323,-2.91443080517772,True,2.3553728975970483,content_completeness_B5; a34_department_links; a37_programs_listing; a22_admission_notice; a38_scholarship
1128,151,,6096,National Agrarian University La Molina,Latin America & Africa,Peru & Andes,0,16.122932325210126,-2.9573039746019423,19.68453692746691,1109,-19,33.09061972960085,,False,2.9587415230914336,content_completeness_B5; a37_programs_listing; a34_department_links; a22_admission_notice; a38_scholarship
1129,152,,6077,Externado University of Colombia,Latin America & Africa,Colombia,0,15.99012311673895,-2.9695522874488995,19.105181621450697,1121,-8,41.99029375894399,-3.064533808501246,True,2.4707120903266215,content_completeness_B5; a34_department_links; a22_admission_notice; a38_scholarship; notice_evidence
1130,153,36.0,6500,Federal University of Tocantins,Latin America & Africa,Brazil,1,15.989549695033821,-2.9696051711948273,19.250446645257608,1117,-13,24.757591485891428,,False,2.671224446652698,content_completeness_B5; a34_department_links; a37_programs_listing; a22_admission_notice; a38_scholarship
1131,187,26.0,3092,Cracow University of Technology,Eastern & Southern Europe,Poland,1,15.91648518196582,-2.976343536887758,19.27937869566347,1116,-15,39.82541793604448,,False,3.0942904023403393,content_completeness_B5; a37_programs_listing; a34_department_links; a38_scholarship; a22_admission_notice
1132,154,37.0,6029,Federal University of Pelotas,Latin America & Africa,Brazil,1,15.909875979914782,-2.9769530697305613,19.371366148541156,1115,-17,42.132397799413305,,False,2.3560703715912443,content_completeness_B5; a22_admission_notice; a43_contact_link; a38_scholarship; notice_evidence
1133,183,42.0,4034,University of Electronic Science and Technology of China,Asia (East & Southeast),China,1,15.88664240502191,-2.979095783305297,19.0876437962014,1122,-11,31.936138422145103,,False,2.6596407288109747,content_completeness_B5; a34_department_links; a37_programs_listing; a38_scholarship; a22_admission_notice
1134,155,38.0,6007,University of Brasilia,Latin America & Africa,Brazil,1,15.74351808806577,-2.992295405758181,20.760599900928042,1096,-38,38.93630363022736,,False,2.4196956904533886,content_completeness_B5; a22_admission_notice; a38_scholarship; a43_contact_link; notice_evidence
1135,156,9.0,6423,Autonomous University of Nayarit,Latin America & Africa,Mexico,1,15.626354880556951,-3.0031007680989443,18.449587447543497,1130,-5,32.728507607125394,,False,2.6920891715198465,content_completeness_B5; a34_department_links; a37_programs_listing; a22_admission_notice; a38_scholarship
1136,188,30.0,3033,University of Cagliari,Eastern & Southern Europe,Italy,1,15.621906385019361,-3.00351103005043,16.341128987695843,1156,20,45.40917262749775,-2.6479483269360764,True,3.6079890006936015,a53_contrast_ratio; content_completeness_B5; a37_programs_listing; a38_scholarship; a34_department_links
1137,157,10.0,6056,Autonomous University of Chihuahua,Latin America & Africa,Mexico,1,15.466126471378333,-3.017877813344387,18.891436408401468,1125,-12,27.91147234204481,,False,2.5383633435302615,content_completeness_B5; a37_programs_listing; a34_department_links; a22_admission_notice; a38_scholarship
1138,158,39.0,6025,State University of Maringa,Latin America & Africa,Brazil,1,15.127278286275862,-3.049128045361691,16.563363701348475,1152,14,43.996238942953816,,False,2.150596267380515,content_completeness_B5; a03_nav_item_count; a34_department_links; a43_contact_link; notice_evidence
1139,159,40.0,6023,Federal University of Juiz de Fora,Latin America & Africa,Brazil,1,15.037373786850491,-3.057419476716393,16.77498515094701,1150,11,32.51099195297981,-3.1172339454041675,True,2.7532406609903024,content_completeness_B5; a37_programs_listing; a34_department_links; a38_scholarship; a22_admission_notice
1140,189,30.0,3073,Rey Juan Carlos University,Eastern & Southern Europe,Spain,1,14.996224020045801,-3.061214508877228,16.081569654973205,1158,18,38.70656231677759,-2.8098911344480006,True,3.0613393158642515,a53_contrast_ratio; content_completeness_B5; a34_department_links; a22_admission_notice; a38_scholarship
1141,160,,6512,National University of the Northeast,Latin America & Africa,Argentina,0,14.988030559236092,-3.0619701497883653,14.386385936581107,1177,36,26.862980052013626,,False,2.2990731136859366,content_completeness_B5; a34_department_links; a37_programs_listing; a03_nav_item_count; a22_admission_notice
1142,161,21.0,6112,Rhodes University,Latin America & Africa,South Africa,1,14.979036768782285,-3.062799601002075,17.178725656896102,1147,5,45.0,-3.074606371853685,True,2.0523957059326237,a03_nav_item_count; a43_contact_link; a53_contrast_ratio; notice_evidence; a66_broken_links
1143,184,,4127,National Cheng Kung University,Asia (East & Southeast),Taiwan,0,14.963681288503075,-3.0642157582741505,14.5217437051804,1176,33,44.40360126984128,,False,1.7503469349563237,a03_nav_item_count; content_completeness_B5; a34_department_links; a43_contact_link; a46_admissions_policy
1144,190,31.0,3072,University of Extremadura,Eastern & Southern Europe,Spain,1,14.84655811664834,-3.0750174283316607,20.01372431981743,1106,-38,36.99524935425168,-2.987404002054712,True,3.1810756484047764,content_completeness_B5; a37_programs_listing; a34_department_links; a38_scholarship; a22_admission_notice
1145,191,27.0,3078,Warsaw University of Technology,Eastern & Southern Europe,Poland,1,14.840566830622329,-3.0755699739453792,15.313152465969024,1167,22,37.9372448117821,-2.901233556363396,True,2.8033990998666805,content_completeness_B5; a34_department_links; a37_programs_listing; a38_scholarship; a22_admission_notice
1146,162,11.0,6511,University of Quintana Roo,Latin America & Africa,Mexico,1,14.789208733896283,-3.0803064680723016,16.726372194998838,1151,5,32.700840577033446,-2.862692784790659,True,2.7824594484631175,content_completeness_B5; a37_programs_listing; a34_department_links; a22_admission_notice; a38_scholarship
1147,163,41.0,6413,CEFET Rio de Janeiro,Latin America & Africa,Brazil,1,14.747607708027523,-3.084143117544582,18.435253072960013,1132,-15,44.61443849911848,,False,2.407581359840813,content_completeness_B5; a34_department_links; a22_admission_notice; a38_scholarship; notice_evidence
1148,208,,5184,Kyrgyz National University,South & Central Asia + Oceania,Central Asia,0,14.734946610543382,-3.0853107856961866,19.112887629117534,1120,-28,27.1887253014549,,False,2.447816483726709,content_completeness_B5; a37_programs_listing; a38_scholarship; a34_department_links; a22_admission_notice
1149,185,,4205,Vietnam National University Ho Chi Minh City,Asia (East & Southeast),Vietnam,0,14.68636148996673,-3.0897915424402425,15.387695721892367,1165,16,19.278619087301596,,False,2.288502248387497,content_completeness_B5; a37_programs_listing; a34_department_links; a03_nav_item_count; a38_scholarship
1150,192,32.0,3050,Polytechnic University of Madrid,Eastern & Southern Europe,Spain,1,14.442231791022754,-3.1123063737709953,19.863674232449004,1108,-42,44.09056935018948,,False,2.320599477681706,content_completeness_B5; a34_department_links; a38_scholarship; a43_contact_link; notice_evidence
1151,164,12.0,6312,University of Sonora,Latin America & Africa,Mexico,1,14.279317573010621,-3.127331117404364,16.535396696853994,1154,3,29.05911641972676,,False,2.680237701442914,content_completeness_B5; a34_department_links; a37_programs_listing; a38_scholarship; a22_admission_notice
1152,186,43.0,4051,Beijing University of Chemical Technology,Asia (East & Southeast),China,1,14.220795471267962,-3.1327283110090614,18.024916687810006,1136,-16,28.88490397188881,,False,2.8045088702698493,content_completeness_B5; a37_programs_listing; a34_department_links; a38_scholarship; a43_contact_link
1153,165,42.0,6401,Federal University of Lavras,Latin America & Africa,Brazil,1,13.737717918967263,-3.1772800786013327,14.746912986884075,1172,19,38.53630260371367,,False,2.715526579153031,content_completeness_B5; a34_department_links; a37_programs_listing; a38_scholarship; a22_admission_notice
1154,166,,6072,University of the Andes,Latin America & Africa,Colombia,0,13.706392929259726,-3.1801690219079175,15.610877161565533,1162,8,44.19593331745864,,False,2.54827005511236,content_completeness_B5; a37_programs_listing; a34_department_links; a38_scholarship; a22_admission_notice
1155,193,,3189,Sofia University St. Kliment Ohridski,Eastern & Southern Europe,Bulgaria & Slovakia,0,13.657465736677644,-3.1846813262004225,14.696128147493058,1174,19,23.47978427910572,,False,2.0424813777727913,content_completeness_B5; a03_nav_item_count; a34_department_links; a22_admission_notice; a43_contact_link
1156,187,39.0,4061,Tokyo Institute of Technology,Asia (East & Southeast),Japan,1,13.64499153162484,-3.1858317582206315,17.880437692968417,1138,-18,69.97350791607224,-3.804832428798776,True,2.543609003415805,a37_programs_listing; content_completeness_B5; a38_scholarship; a39_library_link; notice_evidence
1157,167,,6073,University of Antioquia,Latin America & Africa,Colombia,0,13.634046959567527,-3.186841120026768,16.339525659721037,1157,0,31.164492840657942,-3.013229426950255,True,2.3862075978877506,content_completeness_B5; a34_department_links; a37_programs_listing; a03_nav_item_count; a22_admission_notice
1158,209,25.0,5088,University of Health Sciences Lahore,South & Central Asia + Oceania,Pakistan,1,13.406838603492067,-3.2077953826015584,14.704931330177429,1173,15,30.518344487549303,,False,2.0402510022493363,content_completeness_B5; a03_nav_item_count; a34_department_links; a43_contact_link; a38_scholarship
1159,168,43.0,6309,University of Fortaleza,Latin America & Africa,Brazil,1,13.379449173906693,-3.2103213693619885,11.81603725089184,1199,40,31.107968492323334,,False,2.3235457152520347,content_completeness_B5; a34_department_links; a37_programs_listing; a38_scholarship; a22_admission_notice
1160,194,33.0,3306,Pablo de Olavide University,Eastern & Southern Europe,Spain,1,13.249430332530107,-3.222312340948307,14.168109532108518,1180,20,39.46015267364765,,False,2.6741688328933244,content_completeness_B5; a34_department_links; a37_programs_listing; a38_scholarship; a22_admission_notice
1161,169,,6517,Ricardo Palma University,Latin America & Africa,Peru & Andes,0,13.219596479459263,-3.225063764362755,15.946068622548058,1159,-2,39.365915437221815,,False,2.981597726758942,content_completeness_B5; a37_programs_listing; a34_department_links; a38_scholarship; a22_admission_notice
1162,170,44.0,6504,State University of Ponta Grossa,Latin America & Africa,Brazil,1,13.173674312661142,-3.229298930523508,20.171769536484344,1105,-57,24.54874018048419,,False,2.5837916354138635,content_completeness_B5; a37_programs_listing; a34_department_links; a38_scholarship; a22_admission_notice
1163,171,,6091,National University of San Marcos,Latin America & Africa,Peru & Andes,0,13.119076849373583,-3.2343341748314463,16.965790853415875,1148,-15,26.33456423472281,,False,2.37709131610369,content_completeness_B5; a34_department_links; a37_programs_listing; a03_nav_item_count; a22_admission_notice
1164,188,,4186,Prince of Songkla University,Asia (East & Southeast),Thailand,0,12.893519102242381,-3.255136210200232,17.205248162765493,1146,-18,24.163284785916943,,False,2.5576436424320876,content_completeness_B5; a37_programs_listing; a34_department_links; a38_scholarship; a22_admission_notice
1165,189,44.0,4006,University of Science and Technology of China,Asia (East & Southeast),China,1,12.689399944739659,-3.2739610742885783,15.02030472932568,1168,3,16.38961541963884,-3.747667032636129,True,2.612395582201815,content_completeness_B5; a34_department_links; a37_programs_listing; a22_admission_notice; a38_scholarship
1166,172,,6070,University of San Andres,Latin America & Africa,Argentina,0,12.647137429893537,-3.2778587295000903,16.95305468105795,1149,-17,38.32701439961852,,False,2.0985005007967357,content_completeness_B5; a34_department_links; a03_nav_item_count; a22_admission_notice; a43_contact_link
1167,173,45.0,6009,Federal University of Parana,Latin America & Africa,Brazil,1,12.351919753762138,-3.3050851432166803,13.06277470890921,1191,24,29.28386668600524,,False,2.552624539438155,content_completeness_B5; a34_department_links; a37_programs_listing; a38_scholarship; a22_admission_notice
1168,195,31.0,3004,University of Padua,Eastern & Southern Europe,Italy,1,12.349425655297129,-3.3053151611395504,15.561797188231644,1164,-4,49.080973047871495,-3.001905351440272,True,2.7161603283380806,content_completeness_B5; a37_programs_listing; a34_department_links; a38_scholarship; notice_evidence
1169,174,46.0,6306,Amazonas State University,Latin America & Africa,Brazil,1,12.179985862063155,-3.320941725141729,11.245693791016187,1206,37,31.82365149353651,,False,2.483366395280839,content_completeness_B5; a34_department_links; a37_programs_listing; a38_scholarship; a22_admission_notice
1170,175,47.0,6039,Federal University of Maranhao,Latin America & Africa,Brazil,1,12.15878402423546,-3.322897062016584,17.48960342820895,1142,-28,17.680148236018788,,False,2.622775942404257,content_completeness_B5; a37_programs_listing; a34_department_links; a38_scholarship; a22_admission_notice
1171,199,27.0,1184,University of Guelph,North America,Canada,1,12.124675710613303,-3.326042697027405,14.907498910771505,1170,-1,27.474820173556715,,False,1.9927181274732684,content_completeness_B5; a03_nav_item_count; a34_department_links; a22_admission_notice; a53_contrast_ratio
1172,190,45.0,4052,Donghua University,Asia (East & Southeast),China,1,11.747015925368133,-3.3608723240739473,13.636935833459257,1184,12,14.386261461988306,,False,2.1757577063523126,content_completeness_B5; a34_department_links; a37_programs_listing; a03_nav_item_count; a22_admission_notice
1173,176,13.0,6424,University of Guadalajara CUCEA,Latin America & Africa,Mexico,1,11.441878509883209,-3.3890135845271523,14.237807397808536,1179,6,33.092875537773644,,False,2.6999595938897407,content_completeness_B5; a34_department_links; a37_programs_listing; a22_admission_notice; a38_scholarship
1174,205,,2169,Tampere University,Western & Northern Europe,Finland,0,11.226856504114076,-3.4088439624501725,14.809319735712924,1171,-3,35.76224693068606,-3.687082433899016,True,2.9209139884122295,content_completeness_B5; a34_department_links; a37_programs_listing; a38_scholarship; notice_evidence
1175,206,,2199,University of Iceland,Western & Northern Europe,Belgium/Ireland/Iceland,0,11.177802431199812,-3.413367968265641,11.59811810684927,1201,26,30.051113445367783,,False,2.6578146649059797,content_completeness_B5; a34_department_links; a37_programs_listing; a38_scholarship; a22_admission_notice
1176,177,48.0,6501,Federal University of Piaui,Latin America & Africa,Brazil,1,11.06897116437117,-3.4234049184063173,13.68150613195357,1182,6,35.76208136256658,,False,2.6827811537934316,content_completeness_B5; a34_department_links; a37_programs_listing; a38_scholarship; a22_admission_notice
1177,178,,6086,Austral University of Chile,Latin America & Africa,Chile,0,11.065732241956777,-3.4237036276259203,15.641722497593905,1161,-16,23.51490691007666,,False,2.5496022809602343,content_completeness_B5; a34_department_links; a37_programs_listing; a38_scholarship; a22_admission_notice
1178,179,49.0,6013,Federal University of Sao Carlos,Latin America & Africa,Brazil,1,10.946054501098905,-3.43474089249421,19.018247624127333,1123,-55,24.14649778252464,,False,2.5387500777754126,content_completeness_B5; a37_programs_listing; a34_department_links; a38_scholarship; a22_admission_notice
1179,191,40.0,4058,Osaka University,Asia (East & Southeast),Japan,1,10.898158512785386,-3.439158094100419,15.383235469163717,1166,-13,42.42239462926547,,False,2.857139573361955,content_completeness_B5; a34_department_links; a37_programs_listing; a38_scholarship; a22_admission_notice
1180,192,46.0,4011,Harbin Institute of Technology,Asia (East & Southeast),China,1,10.856525278044908,-3.4429977140319155,14.032731222910371,1181,1,13.766137625396826,,False,2.1188053085522656,content_completeness_B5; a34_department_links; a37_programs_listing; a03_nav_item_count; a22_admission_notice
1181,180,,6065,National University of the Littoral,Latin America & Africa,Argentina,0,10.839357512251155,-3.44458100911172,13.126634130029856,1189,8,25.030813422513923,,False,2.2325691500853275,content_completeness_B5; a34_department_links; a37_programs_listing; a38_scholarship; a22_admission_notice
1182,193,21.0,4107,Pusan National University,Asia (East & Southeast),South Korea,1,10.770173631826676,-3.4509614839384293,14.998286069886491,1169,-13,12.253634047619048,,False,2.1820550128795233,content_completeness_B5; a34_department_links; a37_programs_listing; a03_nav_item_count; a22_admission_notice
1183,181,50.0,6004,Sao Paulo State University,Latin America & Africa,Brazil,1,10.668720374614155,-3.4603179980535743,13.066776348440534,1190,7,27.89709824993439,-3.2222585226921026,True,2.2317670926060553,content_completeness_B5; a34_department_links; a37_programs_listing; a03_nav_item_count; a22_admission_notice
1184,182,,6080,Pontifical Bolivarian University,Latin America & Africa,Colombia,0,10.57807355301047,-3.4686778899794812,13.445468401459635,1186,2,32.05659752418719,,False,2.8214481976336128,content_completeness_B5; a34_department_links; a37_programs_listing; a22_admission_notice; a38_scholarship
1185,183,51.0,6038,Federal University of Sergipe,Latin America & Africa,Brazil,1,10.414051489811301,-3.4838048044983854,17.497221518253664,1141,-44,25.478857435164727,,False,2.6346846983538987,content_completeness_B5; a37_programs_listing; a34_department_links; a38_scholarship; a22_admission_notice
1186,194,47.0,4047,Hefei University of Technology,Asia (East & Southeast),China,1,10.395871837058213,-3.485481420728029,15.577147269758225,1163,-23,21.178630271512112,,False,2.1593243001335845,content_completeness_B5; a34_department_links; a37_programs_listing; a03_nav_item_count; a22_admission_notice
1187,195,41.0,4063,Hokkaido University,Asia (East & Southeast),Japan,1,10.358096791400527,-3.4889652196479197,16.55916487041971,1153,-34,21.641632714041517,,False,2.244551094229874,content_completeness_B5; a37_programs_listing; a34_department_links; a03_nav_item_count; a22_admission_notice
1188,184,14.0,6042,National Polytechnic Institute,Latin America & Africa,Mexico,1,10.343564283997372,-3.490305478348153,16.445241952888416,1155,-33,28.58814647892753,,False,2.65418281522599,content_completeness_B5; a34_department_links; a37_programs_listing; a38_scholarship; a22_admission_notice
1189,185,52.0,6405,Federal Technological University of Parana,Latin America & Africa,Brazil,1,10.320228557755277,-3.4924576128184532,11.852887073805642,1198,9,26.05926453913118,,False,2.3014969604995903,content_completeness_B5; a34_department_links; a37_programs_listing; a03_nav_item_count; a22_admission_notice
1190,186,53.0,6005,Federal University of Minas Gerais,Latin America & Africa,Brazil,1,10.196914737384633,-3.503830214670688,13.654785179388181,1183,-7,31.581451485646017,,False,2.761960985524623,content_completeness_B5; a34_department_links; a37_programs_listing; a22_admission_notice; a38_scholarship
1191,196,48.0,4012,Xi'an Jiaotong University,Asia (East & Southeast),China,1,10.08179503626737,-3.514447114886899,11.90836440847317,1196,5,16.306699642696486,,False,2.305959385615598,content_completeness_B5; a34_department_links; a37_programs_listing; a03_nav_item_count; a22_admission_notice
1192,187,,6333,Ferhat Abbas University of Setif,Latin America & Africa,Egypt & North Africa,0,9.953788005080089,-3.5262525475270037,13.463752719539828,1185,-7,28.59590380848861,-3.7191556558355647,True,2.705885405777655,content_completeness_B5; a34_department_links; a37_programs_listing; a38_scholarship; a22_admission_notice
1193,196,28.0,3099,University of Szczecin,Eastern & Southern Europe,Poland,1,9.442357450677152,-3.5734191672360542,12.170272684228825,1195,2,34.88614384005555,,False,2.478095984688598,content_completeness_B5; a37_programs_listing; a34_department_links; a38_scholarship; a53_contrast_ratio
1194,197,,3107,University of Beira Interior,Eastern & Southern Europe,Portugal,0,9.300543389551382,-3.5864979515068223,11.387149340281416,1204,10,37.42926098238421,-3.5770225718837474,True,2.728311375914273,content_completeness_B5; a37_programs_listing; a34_department_links; a38_scholarship; notice_evidence
1195,188,,6088,University of Valparaiso,Latin America & Africa,Chile,0,9.237966174234977,-3.59226912745998,14.342711815901833,1178,-17,27.65829515647163,,False,2.507513408110581,content_completeness_B5; a37_programs_listing; a34_department_links; a38_scholarship; a22_admission_notice
1196,189,,6059,University of Buenos Aires,Latin America & Africa,Argentina,0,9.132988305651578,-3.601950698423452,11.527559223164193,1202,6,27.12684151540361,,False,2.582263599314236,content_completeness_B5; a34_department_links; a37_programs_listing; a38_scholarship; a22_admission_notice
1197,190,15.0,6055,Autonomous University of Yucatan,Latin America & Africa,Mexico,1,9.085382274202852,-3.60634115879362,12.860558367559998,1192,-5,22.06109456039532,-2.6750626972412808,True,2.2824065752925273,content_completeness_B5; a34_department_links; a37_programs_listing; a03_nav_item_count; a22_admission_notice
1198,198,32.0,3300,University of Salento,Eastern & Southern Europe,Italy,1,9.082333226126769,-3.606622356875825,14.672792720097483,1175,-23,47.97739002148335,,False,2.4313737293550086,content_completeness_B5; a34_department_links; a37_programs_listing; a38_scholarship; a03_nav_item_count
1199,191,16.0,6422,Autonomous University of Ciudad Juarez,Latin America & Africa,Mexico,1,9.077827350413642,-3.6070379107069126,12.723761500857334,1193,-6,28.69878523626978,,False,2.6420576869741916,content_completeness_B5; a37_programs_listing; a34_department_links; a38_scholarship; a22_admission_notice
1200,197,49.0,4014,Beijing Normal University,Asia (East & Southeast),China,1,9.048437569208097,-3.6097483796484338,10.929875964842573,1210,10,9.951292456921376,-3.9026003114332815,True,2.171398148934317,content_completeness_B5; a34_department_links; a37_programs_listing; a03_nav_item_count; a22_admission_notice
1201,192,54.0,6403,Federal University of Alfenas,Latin America & Africa,Brazil,1,8.86369200906917,-3.626786516112887,13.321561741441375,1188,-13,13.260556200888692,,False,2.4797604793887205,content_completeness_B5; a37_programs_listing; a34_department_links; a38_scholarship; a22_admission_notice
1202,193,17.0,6310,Autonomous University of Queretaro,Latin America & Africa,Mexico,1,8.798437227327941,-3.632804630298847,11.191967042143519,1207,5,33.77913332450623,,False,2.6673760544158025,content_completeness_B5; a34_department_links; a37_programs_listing; a38_scholarship; a22_admission_notice
1203,198,50.0,4055,Nanjing Agricultural University,Asia (East & Southeast),China,1,8.73429222350801,-3.6387203953530927,8.582801881299423,1217,14,28.252168865024963,,False,2.530161332464421,content_completeness_B5; a34_department_links; a37_programs_listing; a38_scholarship; a22_admission_notice
1204,199,,3131,Charles University,Eastern & Southern Europe,Czechia,0,8.64764046652668,-3.6467118429376644,11.898692979165766,1197,-7,39.28125095417656,,False,2.6550031090649497,content_completeness_B5; a34_department_links; a37_programs_listing; a22_admission_notice; a38_scholarship
1205,194,,6066,National University of Cuyo,Latin America & Africa,Argentina,0,8.299545601282315,-3.6788148488889254,11.190355204594736,1208,3,34.04226115416113,-3.7246832228080007,True,2.69012647361976,content_completeness_B5; a34_department_links; a37_programs_listing; a38_scholarship; a22_admission_notice
1206,199,22.0,4115,Chonnam National University,Asia (East & Southeast),South Korea,1,8.153407087573443,-3.692292455265023,11.77257443425134,1200,-6,9.169435476190475,,False,2.188509109135424,content_completeness_B5; a34_department_links; a37_programs_listing; a03_nav_item_count; a22_admission_notice
1207,200,34.0,3045,University of Valencia,Eastern & Southern Europe,Spain,1,8.130743440173028,-3.6943826073471633,13.386966606797762,1187,-20,6.805015464344942,,False,2.1902994493886982,content_completeness_B5; a34_department_links; a37_programs_listing; a03_nav_item_count; a22_admission_notice
1208,195,,6087,Adolfo Ibanez University,Latin America & Africa,Chile,0,8.125429039809488,-3.694872727264268,10.954774363211177,1209,1,34.37007869808002,,False,2.6874404928712328,content_completeness_B5; a34_department_links; a37_programs_listing; a38_scholarship; a22_admission_notice
1209,196,,6061,National University of La Plata,Latin America & Africa,Argentina,0,7.9372406488518426,-3.712228378375727,10.821238328731612,1211,2,24.953768463429107,,False,2.4279562345433465,content_completeness_B5; a37_programs_listing; a34_department_links; a38_scholarship; a22_admission_notice
1210,197,55.0,6035,State University of Feira de Santana,Latin America & Africa,Brazil,1,7.730207938778423,-3.73132194449003,12.204422277923882,1194,-16,9.086914451046416,,False,2.182476116251088,content_completeness_B5; a34_department_links; a37_programs_listing; a03_nav_item_count; a22_admission_notice
1211,198,,6067,National University of Tucuman,Latin America & Africa,Argentina,0,7.082067896715597,-3.7910965798124634,11.503667516285793,1203,-8,26.564615164389984,,False,2.5816672063360437,content_completeness_B5; a34_department_links; a37_programs_listing; a38_scholarship; a22_admission_notice
1212,210,38.0,5111,University of Melbourne,South & Central Asia + Oceania,Australia,1,7.067006150249453,-3.7924856475199102,7.417626941085435,1220,8,14.006152231206949,,False,2.20335512284669,content_completeness_B5; a34_department_links; a37_programs_listing; a03_nav_item_count; a22_admission_notice
1213,211,89.0,5023,Savitribai Phule Pune University,South & Central Asia + Oceania,India,1,6.896319498887128,-3.8082272028589665,9.778223983648934,1212,-1,45.0,-3.874835866284899,True,2.847166659410255,a53_contrast_ratio; a03_nav_item_count; a37_programs_listing; a66_broken_links; notice_evidence
1214,212,90.0,5052,Visva-Bharati University,South & Central Asia + Oceania,India,1,6.123131566442314,-3.8795343644262426,8.044577262670677,1219,5,15.662310870609032,,False,2.2243089640347335,content_completeness_B5; a34_department_links; a37_programs_listing; a03_nav_item_count; a38_scholarship
1215,199,,6060,National University of Cordoba,Latin America & Africa,Argentina,0,6.0995176367307575,-3.881712156177151,9.526366165771705,1213,-2,23.04947089729153,,False,2.558586917766714,content_completeness_B5; a37_programs_listing; a34_department_links; a38_scholarship; a22_admission_notice
1216,207,,2143,Nord University,Western & Northern Europe,Norway,0,6.011914404076935,-3.889791353488094,8.870552548081251,1216,0,31.583058342650567,-4.606980868607817,True,2.725193617973418,content_completeness_B5; a34_department_links; a37_programs_listing; a38_scholarship; a22_admission_notice
1217,200,56.0,6301,Federal University of Campina Grande,Latin America & Africa,Brazil,1,5.792448606067469,-3.9100315596015918,8.513753529311263,1218,1,18.84003781429396,,False,2.462771371231412,content_completeness_B5; a34_department_links; a37_programs_listing; a38_scholarship; a22_admission_notice
1218,201,,6090,Diego Portales University,Latin America & Africa,Chile,0,5.479284447200285,-3.93891308547178,9.312585890092576,1215,-3,32.186912484246434,-4.071591334796595,True,2.4192617537765133,content_completeness_B5; a34_department_links; a37_programs_listing; a03_nav_item_count; a22_admission_notice
1219,202,18.0,6311,Autonomous University of Hidalgo,Latin America & Africa,Mexico,1,5.30895927732143,-3.954621303225673,9.449644515683682,1214,-5,36.45232508164297,-4.208196158751515,True,2.647291912851637,content_completeness_B5; a37_programs_listing; a34_department_links; a22_admission_notice; a38_scholarship
1220,203,19.0,6044,Autonomous Metropolitan University,Latin America & Africa,Mexico,1,4.391957752242961,-4.039191655610054,7.017723608554554,1221,1,17.081713037667,-4.073816477864593,True,2.226607803532946,content_completeness_B5; a34_department_links; a37_programs_listing; a03_nav_item_count; a22_admission_notice
1221,204,,6514,National University of Rio Cuarto,Latin America & Africa,Argentina,0,4.367157437819848,-4.041478861544446,11.371816706411732,1205,-16,24.99187711767341,,False,2.5649912871347738,content_completeness_B5; a34_department_links; a37_programs_listing; a38_scholarship; a22_admission_notice
1222,205,20.0,6046,Autonomous University of Puebla,Latin America & Africa,Mexico,1,3.422792979679141,-4.128572757050684,6.905149118608133,1222,0,24.875788141043337,-4.60628011433882,True,2.335525500529605,content_completeness_B5; a34_department_links; a37_programs_listing; a03_nav_item_count; a22_admission_notice
1223,200,23.0,4113,Inha University,Asia (East & Southeast),South Korea,1,2.896088866740509,-4.177147978809133,3.5955458359847157,1224,1,7.228825476190477,-4.060529432471653,True,2.5697641558010815,a53_contrast_ratio; content_completeness_B5; a37_programs_listing; a03_nav_item_count; a34_department_links
1224,206,,6526,University of Constantine 1,Latin America & Africa,Egypt & North Africa,0,2.575685892180914,-4.206697103562432,5.5810375122836415,1223,-1,43.756707178643,-4.643500247318809,True,3.4177388747549253,a53_contrast_ratio; content_completeness_B5; a03_nav_item_count; a38_scholarship; a39_library_link
1225,207,57.0,6011,Federal University of Ceara,Latin America & Africa,Brazil,1,2.4496847777003223,-4.218317540782028,3.162457133660487,1225,0,22.61243615658228,,False,2.5578247120919833,a53_contrast_ratio; content_completeness_B5; a03_nav_item_count; a37_programs_listing; a34_department_links
1226,201,,3177,University of Zagreb,Eastern & Southern Europe,Balkans,0,0.0,-4.444239416825846,0.0,1226,0,20.600390965439765,,False,2.4327224822695888,a53_contrast_ratio; content_completeness_B5; a03_nav_item_count; a37_programs_listing; a34_department_links
